[0.000000] (-) TimerEvent: {}
[0.000065] (-) JobUnselected: {'identifier': 'brace'}
[0.000133] (-) JobUnselected: {'identifier': 'realsense2_description'}
[0.000145] (-) JobUnselected: {'identifier': 'realsense2_ros_mqtt_bridge'}
[0.000155] (-) JobUnselected: {'identifier': 'realsense2_rviz_plugin'}
[0.000164] (-) JobUnselected: {'identifier': 'rtabmap_demos'}
[0.000173] (-) JobUnselected: {'identifier': 'rtabmap_launch'}
[0.000181] (-) JobUnselected: {'identifier': 'rtabmap_python'}
[0.000190] (-) JobUnselected: {'identifier': 'rtabmap_ros'}
[0.000209] (rtabmap) JobQueued: {'identifier': 'rtabmap', 'dependencies': OrderedDict()}
[0.000227] (rtabmap_msgs) JobQueued: {'identifier': 'rtabmap_msgs', 'dependencies': OrderedDict()}
[0.000240] (rtabmap_conversions) JobQueued: {'identifier': 'rtabmap_conversions', 'dependencies': OrderedDict([('rtabmap', '/home/brace/codeSpace/navi/install/rtabmap'), ('rtabmap_msgs', '/home/brace/codeSpace/navi/install/rtabmap_msgs')])}
[0.000487] (rtabmap_rviz_plugins) JobQueued: {'identifier': 'rtabmap_rviz_plugins', 'dependencies': OrderedDict([('rtabmap', '/home/brace/codeSpace/navi/install/rtabmap'), ('rtabmap_msgs', '/home/brace/codeSpace/navi/install/rtabmap_msgs'), ('rtabmap_conversions', '/home/brace/codeSpace/navi/install/rtabmap_conversions')])}
[0.000901] (rtabmap_sync) JobQueued: {'identifier': 'rtabmap_sync', 'dependencies': OrderedDict([('rtabmap', '/home/brace/codeSpace/navi/install/rtabmap'), ('rtabmap_msgs', '/home/brace/codeSpace/navi/install/rtabmap_msgs'), ('rtabmap_conversions', '/home/brace/codeSpace/navi/install/rtabmap_conversions')])}
[0.001223] (rtabmap_util) JobQueued: {'identifier': 'rtabmap_util', 'dependencies': OrderedDict([('rtabmap', '/home/brace/codeSpace/navi/install/rtabmap'), ('rtabmap_msgs', '/home/brace/codeSpace/navi/install/rtabmap_msgs'), ('rtabmap_conversions', '/home/brace/codeSpace/navi/install/rtabmap_conversions')])}
[0.001405] (rtabmap_odom) JobQueued: {'identifier': 'rtabmap_odom', 'dependencies': OrderedDict([('rtabmap', '/home/brace/codeSpace/navi/install/rtabmap'), ('rtabmap_msgs', '/home/brace/codeSpace/navi/install/rtabmap_msgs'), ('rtabmap_conversions', '/home/brace/codeSpace/navi/install/rtabmap_conversions'), ('rtabmap_sync', '/home/brace/codeSpace/navi/install/rtabmap_sync'), ('rtabmap_util', '/home/brace/codeSpace/navi/install/rtabmap_util')])}
[0.001471] (rtabmap_slam) JobQueued: {'identifier': 'rtabmap_slam', 'dependencies': OrderedDict([('rtabmap', '/home/brace/codeSpace/navi/install/rtabmap'), ('rtabmap_msgs', '/home/brace/codeSpace/navi/install/rtabmap_msgs'), ('rtabmap_conversions', '/home/brace/codeSpace/navi/install/rtabmap_conversions'), ('rtabmap_sync', '/home/brace/codeSpace/navi/install/rtabmap_sync'), ('rtabmap_util', '/home/brace/codeSpace/navi/install/rtabmap_util')])}
[0.001797] (rtabmap_viz) JobQueued: {'identifier': 'rtabmap_viz', 'dependencies': OrderedDict([('rtabmap', '/home/brace/codeSpace/navi/install/rtabmap'), ('rtabmap_msgs', '/home/brace/codeSpace/navi/install/rtabmap_msgs'), ('rtabmap_conversions', '/home/brace/codeSpace/navi/install/rtabmap_conversions'), ('rtabmap_sync', '/home/brace/codeSpace/navi/install/rtabmap_sync')])}
[0.001841] (rtabmap_examples) JobQueued: {'identifier': 'rtabmap_examples', 'dependencies': OrderedDict([('rtabmap', '/home/brace/codeSpace/navi/install/rtabmap'), ('rtabmap_msgs', '/home/brace/codeSpace/navi/install/rtabmap_msgs'), ('rtabmap_conversions', '/home/brace/codeSpace/navi/install/rtabmap_conversions'), ('rtabmap_rviz_plugins', '/home/brace/codeSpace/navi/install/rtabmap_rviz_plugins'), ('rtabmap_sync', '/home/brace/codeSpace/navi/install/rtabmap_sync'), ('rtabmap_util', '/home/brace/codeSpace/navi/install/rtabmap_util'), ('rtabmap_odom', '/home/brace/codeSpace/navi/install/rtabmap_odom'), ('rtabmap_slam', '/home/brace/codeSpace/navi/install/rtabmap_slam'), ('rtabmap_viz', '/home/brace/codeSpace/navi/install/rtabmap_viz')])}
[0.001997] (rtabmap) JobStarted: {'identifier': 'rtabmap'}
[0.006559] (rtabmap_msgs) JobStarted: {'identifier': 'rtabmap_msgs'}
[0.010060] (rtabmap) JobProgress: {'identifier': 'rtabmap', 'progress': 'cmake'}
[0.010674] (rtabmap) JobProgress: {'identifier': 'rtabmap', 'progress': 'build'}
[0.011553] (rtabmap) Command: {'cmd': ['/usr/bin/cmake', '--build', '/home/brace/codeSpace/navi/build/rtabmap', '--', '-j16', '-l16'], 'cwd': '/home/brace/codeSpace/navi/build/rtabmap', 'env': OrderedDict([('GJS_DEBUG_TOPICS', 'JS ERROR;JS LOG'), ('LESSOPEN', '| /usr/bin/lesspipe %s'), ('VSCODE_CWD', '/home/brace'), ('CURSOR_EXTENSION_HOST_ROLE', 'agent-exec'), ('VSCODE_ESM_ENTRYPOINT', 'vs/workbench/api/node/extensionHostProcess'), ('LANGUAGE', 'zh_CN:zh:en_US:en'), ('USER', 'brace'), ('LC_TIME', 'zh_CN.UTF-8'), ('VSCODE_NLS_CONFIG', '{"userLocale":"zh-cn","osLocale":"zh-cn","resolvedLanguage":"zh-cn","defaultMessagesFile":"/usr/share/cursor/resources/app/out/nls.messages.json","languagePack":{"translationsConfigFile":"/home/brace/.config/Cursor/clp/3bfb7f1471a52e527cfc1587dd57c7c1.zh-cn/tcf.json","messagesFile":"/home/brace/.config/Cursor/clp/3bfb7f1471a52e527cfc1587dd57c7c1.zh-cn/60faf7b51077ed1df1db718157bbfed740d2e160/nls.messages.json","corruptMarkerFile":"/home/brace/.config/Cursor/clp/3bfb7f1471a52e527cfc1587dd57c7c1.zh-cn/corrupted.info"},"locale":"zh-cn","availableLanguages":{"*":"zh-cn"},"_languagePackId":"3bfb7f1471a52e527cfc1587dd57c7c1.zh-cn","_languagePackSupport":true,"_translationsConfigFile":"/home/brace/.config/Cursor/clp/3bfb7f1471a52e527cfc1587dd57c7c1.zh-cn/tcf.json","_cacheRoot":"/home/brace/.config/Cursor/clp/3bfb7f1471a52e527cfc1587dd57c7c1.zh-cn","_resolvedLanguagePackCoreLocation":"/home/brace/.config/Cursor/clp/3bfb7f1471a52e527cfc1587dd57c7c1.zh-cn/60faf7b51077ed1df1db718157bbfed740d2e160","_corruptedFile":"/home/brace/.config/Cursor/clp/3bfb7f1471a52e527cfc1587dd57c7c1.zh-cn/corrupted.info"}'), ('CI', '1'), ('VSCODE_HANDLES_UNCAUGHT_ERRORS', 'true'), ('XDG_SESSION_TYPE', 'x11'), ('SHLVL', '1'), ('LD_LIBRARY_PATH', '/home/brace/codeSpace/navi/install/rtabmap_slam/lib:/home/brace/codeSpace/navi/install/rtabmap_odom/lib:/home/brace/codeSpace/navi/install/rtabmap_util/lib:/home/brace/codeSpace/navi/install/rtabmap_sync/lib:/home/brace/codeSpace/navi/install/rtabmap_rviz_plugins/lib:/home/brace/codeSpace/navi/install/rtabmap_conversions/lib:/home/brace/codeSpace/navi/install/rtabmap_msgs/lib:/home/brace/codeSpace/navi/install/rtabmap/lib:/opt/ros/humble/opt/rviz_ogre_vendor/lib:/opt/ros/humble/lib/x86_64-linux-gnu:/opt/ros/humble/lib'), ('HOME', '/home/brace'), ('CHROME_DESKTOP', 'cursor.desktop'), ('OLDPWD', '/home/brace/codeSpace/navi'), ('DESKTOP_SESSION', 'ubuntu'), ('VSCODE_IPC_HOOK', '/run/user/1000/vscode-f599d7de-2.6.-main.sock'), ('GIO_LAUNCHED_DESKTOP_FILE', '/usr/share/applications/cursor.desktop'), ('ROS_PYTHON_VERSION', '3'), ('GNOME_SHELL_SESSION_MODE', 'ubuntu'), ('GTK_MODULES', 'gail:atk-bridge'), ('LC_MONETARY', 'zh_CN.UTF-8'), ('CURSOR_WORKSPACE_LABEL', 'codeSpace'), ('MANAGERPID', '1029'), ('SYSTEMD_EXEC_PID', '1448'), ('NO_COLOR', '1'), ('DBUS_SESSION_BUS_ADDRESS', 'unix:path=/run/user/1000/bus'), ('GIO_LAUNCHED_DESKTOP_FILE_PID', '6638'), ('VSCODE_CRASH_REPORTER_PROCESS_TYPE', 'extensionHost'), ('MANDATORY_PATH', '/usr/share/gconf/ubuntu.mandatory.path'), ('COLCON_PREFIX_PATH', '/home/brace/codeSpace/navi/install'), ('ROS_DISTRO', 'humble'), ('GTK_IM_MODULE', 'ibus'), ('LOGNAME', 'brace'), ('FORCE_COLOR', '0'), ('JOURNAL_STREAM', '8:4428'), ('_', '/usr/bin/colcon'), ('ROS_VERSION', '2'), ('PKG_CONFIG_PATH', '/home/brace/codeSpace/navi/install/rtabmap/lib/x86_64-linux-gnu/pkgconfig:/home/brace/codeSpace/navi/install/rtabmap/lib/pkgconfig'), ('XDG_SESSION_CLASS', 'user'), ('DEFAULTS_PATH', '/usr/share/gconf/ubuntu.default.path'), ('USERNAME', 'brace'), ('TERM', 'dumb'), ('GNOME_DESKTOP_SESSION_ID', 'this-is-deprecated'), ('FC_FONTATIONS', '1'), ('ROS_LOCALHOST_ONLY', '0'), ('WINDOWPATH', '2'), ('PATH', '/home/brace/codeSpace/navi/install/rtabmap/bin:/opt/ros/humble/bin:/usr/local/sbin:/usr/local/bin:/usr/sbin:/usr/bin:/sbin:/bin:/usr/games:/usr/local/games:/snap/bin:/snap/bin'), ('SESSION_MANAGER', 'local/brace-NUC13:@/tmp/.ICE-unix/1410,unix/brace-NUC13:/tmp/.ICE-unix/1410'), ('INVOCATION_ID', '3e74fb9948ae4f5fbbb39ca9f088caee'), ('XDG_MENU_PREFIX', 'gnome-'), ('LC_ADDRESS', 'zh_CN.UTF-8'), ('VSCODE_PROCESS_TITLE', 'extension-host (agent-exec) codeSpace [1-3]'), ('XDG_RUNTIME_DIR', '/run/user/1000'), ('GDK_BACKEND', 'x11'), ('CURSOR_AGENT', '1'), ('DISPLAY', ':0'), ('LANG', 'zh_CN.UTF-8'), ('XDG_CURRENT_DESKTOP', 'ubuntu:GNOME'), ('LC_TELEPHONE', 'zh_CN.UTF-8'), ('XMODIFIERS', '@im=ibus'), ('XDG_SESSION_DESKTOP', 'ubuntu'), ('XAUTHORITY', '/run/user/1000/gdm/Xauthority'), ('LS_COLORS', ''), ('CURSOR_TRACE_ID', 'f1aa41e964ce4431a94f9bc384270429'), ('SSH_AGENT_LAUNCHER', 'gnome-keyring'), ('SSH_AUTH_SOCK', '/run/user/1000/keyring/ssh'), ('AMENT_PREFIX_PATH', '/home/brace/codeSpace/navi/install/rtabmap_ros:/home/brace/codeSpace/navi/install/rtabmap_launch:/home/brace/codeSpace/navi/install/rtabmap_examples:/home/brace/codeSpace/navi/install/rtabmap_demos:/home/brace/codeSpace/navi/install/rtabmap_viz:/home/brace/codeSpace/navi/install/rtabmap_slam:/home/brace/codeSpace/navi/install/rtabmap_odom:/home/brace/codeSpace/navi/install/rtabmap_util:/home/brace/codeSpace/navi/install/rtabmap_sync:/home/brace/codeSpace/navi/install/rtabmap_rviz_plugins:/home/brace/codeSpace/navi/install/rtabmap_python:/home/brace/codeSpace/navi/install/rtabmap_conversions:/home/brace/codeSpace/navi/install/rtabmap_msgs:/home/brace/codeSpace/navi/install/realsense2_rviz_plugin:/home/brace/codeSpace/navi/install/realsense2_ros_mqtt_bridge:/home/brace/codeSpace/navi/install/realsense2_description:/home/brace/codeSpace/navi/install/brace:/opt/ros/humble'), ('SHELL', '/bin/bash'), ('LC_NAME', 'zh_CN.UTF-8'), ('QT_ACCESSIBILITY', '1'), ('GDMSESSION', 'ubuntu'), ('LESSCLOSE', '/usr/bin/lesspipe %s %s'), ('LC_MEASUREMENT', 'zh_CN.UTF-8'), ('GPG_AGENT_INFO', '/run/user/1000/gnupg/S.gpg-agent:0:1'), ('GJS_DEBUG_OUTPUT', 'stderr'), ('LC_IDENTIFICATION', 'zh_CN.UTF-8'), ('QT_IM_MODULE', 'ibus'), ('PWD', '/home/brace/codeSpace/navi/build/rtabmap'), ('XDG_CONFIG_DIRS', '/etc/xdg/xdg-ubuntu:/etc/xdg'), ('VSCODE_CODE_CACHE_PATH', '/home/brace/.config/Cursor/CachedData/60faf7b51077ed1df1db718157bbfed740d2e160'), ('XDG_DATA_DIRS', '/usr/share/ubuntu:/usr/share/gnome:/usr/local/share/:/usr/share/:/var/lib/snapd/desktop'), ('PYTHONPATH', '/home/brace/codeSpace/navi/install/rtabmap_python/lib/python3.10/site-packages:/home/brace/codeSpace/navi/install/rtabmap_msgs/local/lib/python3.10/dist-packages:/home/brace/codeSpace/navi/install/realsense2_ros_mqtt_bridge/lib/python3.10/site-packages:/home/brace/codeSpace/navi/install/brace/lib/python3.10/site-packages:/opt/ros/humble/lib/python3.10/site-packages:/opt/ros/humble/local/lib/python3.10/dist-packages'), ('LC_NUMERIC', 'zh_CN.UTF-8'), ('LC_PAPER', 'zh_CN.UTF-8'), ('COLCON', '1'), ('_ZO_DOCTOR', '0'), ('CMAKE_PREFIX_PATH', '/home/brace/codeSpace/navi/install/rtabmap_ros:/home/brace/codeSpace/navi/install/rtabmap_launch:/home/brace/codeSpace/navi/install/rtabmap_examples:/home/brace/codeSpace/navi/install/rtabmap_demos:/home/brace/codeSpace/navi/install/rtabmap_viz:/home/brace/codeSpace/navi/install/rtabmap_slam:/home/brace/codeSpace/navi/install/rtabmap_odom:/home/brace/codeSpace/navi/install/rtabmap_util:/home/brace/codeSpace/navi/install/rtabmap_sync:/home/brace/codeSpace/navi/install/rtabmap_rviz_plugins:/home/brace/codeSpace/navi/install/rtabmap_conversions:/home/brace/codeSpace/navi/install/rtabmap_msgs:/home/brace/codeSpace/navi/install/rtabmap:/home/brace/codeSpace/navi/install/realsense2_rviz_plugin:/home/brace/codeSpace/navi/install/realsense2_description:/home/brace/codeSpace/navi/install/rtabmap_python:/home/brace/codeSpace/navi/install/realsense2_ros_mqtt_bridge:/home/brace/codeSpace/navi/install/brace:/opt/ros/humble'), ('VSCODE_PID', '9279')]), 'shell': False}
[0.013198] (rtabmap_msgs) JobProgress: {'identifier': 'rtabmap_msgs', 'progress': 'cmake'}
[0.013710] (rtabmap_msgs) Command: {'cmd': ['/usr/bin/cmake', '/home/brace/codeSpace/navi/src/rtabmap_ros/rtabmap_msgs', '-DAMENT_CMAKE_SYMLINK_INSTALL=1', '-DCMAKE_INSTALL_PREFIX=/home/brace/codeSpace/navi/install/rtabmap_msgs'], 'cwd': '/home/brace/codeSpace/navi/build/rtabmap_msgs', 'env': OrderedDict([('GJS_DEBUG_TOPICS', 'JS ERROR;JS LOG'), ('LESSOPEN', '| /usr/bin/lesspipe %s'), ('VSCODE_CWD', '/home/brace'), ('CURSOR_EXTENSION_HOST_ROLE', 'agent-exec'), ('VSCODE_ESM_ENTRYPOINT', 'vs/workbench/api/node/extensionHostProcess'), ('LANGUAGE', 'zh_CN:zh:en_US:en'), ('USER', 'brace'), ('LC_TIME', 'zh_CN.UTF-8'), ('VSCODE_NLS_CONFIG', '{"userLocale":"zh-cn","osLocale":"zh-cn","resolvedLanguage":"zh-cn","defaultMessagesFile":"/usr/share/cursor/resources/app/out/nls.messages.json","languagePack":{"translationsConfigFile":"/home/brace/.config/Cursor/clp/3bfb7f1471a52e527cfc1587dd57c7c1.zh-cn/tcf.json","messagesFile":"/home/brace/.config/Cursor/clp/3bfb7f1471a52e527cfc1587dd57c7c1.zh-cn/60faf7b51077ed1df1db718157bbfed740d2e160/nls.messages.json","corruptMarkerFile":"/home/brace/.config/Cursor/clp/3bfb7f1471a52e527cfc1587dd57c7c1.zh-cn/corrupted.info"},"locale":"zh-cn","availableLanguages":{"*":"zh-cn"},"_languagePackId":"3bfb7f1471a52e527cfc1587dd57c7c1.zh-cn","_languagePackSupport":true,"_translationsConfigFile":"/home/brace/.config/Cursor/clp/3bfb7f1471a52e527cfc1587dd57c7c1.zh-cn/tcf.json","_cacheRoot":"/home/brace/.config/Cursor/clp/3bfb7f1471a52e527cfc1587dd57c7c1.zh-cn","_resolvedLanguagePackCoreLocation":"/home/brace/.config/Cursor/clp/3bfb7f1471a52e527cfc1587dd57c7c1.zh-cn/60faf7b51077ed1df1db718157bbfed740d2e160","_corruptedFile":"/home/brace/.config/Cursor/clp/3bfb7f1471a52e527cfc1587dd57c7c1.zh-cn/corrupted.info"}'), ('CI', '1'), ('VSCODE_HANDLES_UNCAUGHT_ERRORS', 'true'), ('XDG_SESSION_TYPE', 'x11'), ('SHLVL', '1'), ('LD_LIBRARY_PATH', '/home/brace/codeSpace/navi/install/rtabmap_slam/lib:/home/brace/codeSpace/navi/install/rtabmap_odom/lib:/home/brace/codeSpace/navi/install/rtabmap_util/lib:/home/brace/codeSpace/navi/install/rtabmap_sync/lib:/home/brace/codeSpace/navi/install/rtabmap_rviz_plugins/lib:/home/brace/codeSpace/navi/install/rtabmap_conversions/lib:/home/brace/codeSpace/navi/install/rtabmap_msgs/lib:/home/brace/codeSpace/navi/install/rtabmap/lib:/opt/ros/humble/opt/rviz_ogre_vendor/lib:/opt/ros/humble/lib/x86_64-linux-gnu:/opt/ros/humble/lib'), ('HOME', '/home/brace'), ('CHROME_DESKTOP', 'cursor.desktop'), ('OLDPWD', '/home/brace/codeSpace/navi'), ('DESKTOP_SESSION', 'ubuntu'), ('VSCODE_IPC_HOOK', '/run/user/1000/vscode-f599d7de-2.6.-main.sock'), ('GIO_LAUNCHED_DESKTOP_FILE', '/usr/share/applications/cursor.desktop'), ('ROS_PYTHON_VERSION', '3'), ('GNOME_SHELL_SESSION_MODE', 'ubuntu'), ('GTK_MODULES', 'gail:atk-bridge'), ('LC_MONETARY', 'zh_CN.UTF-8'), ('CURSOR_WORKSPACE_LABEL', 'codeSpace'), ('MANAGERPID', '1029'), ('SYSTEMD_EXEC_PID', '1448'), ('NO_COLOR', '1'), ('DBUS_SESSION_BUS_ADDRESS', 'unix:path=/run/user/1000/bus'), ('GIO_LAUNCHED_DESKTOP_FILE_PID', '6638'), ('VSCODE_CRASH_REPORTER_PROCESS_TYPE', 'extensionHost'), ('MANDATORY_PATH', '/usr/share/gconf/ubuntu.mandatory.path'), ('COLCON_PREFIX_PATH', '/home/brace/codeSpace/navi/install'), ('ROS_DISTRO', 'humble'), ('GTK_IM_MODULE', 'ibus'), ('LOGNAME', 'brace'), ('FORCE_COLOR', '0'), ('JOURNAL_STREAM', '8:4428'), ('_', '/usr/bin/colcon'), ('ROS_VERSION', '2'), ('PKG_CONFIG_PATH', '/home/brace/codeSpace/navi/install/rtabmap/lib/x86_64-linux-gnu/pkgconfig:/home/brace/codeSpace/navi/install/rtabmap/lib/pkgconfig'), ('XDG_SESSION_CLASS', 'user'), ('DEFAULTS_PATH', '/usr/share/gconf/ubuntu.default.path'), ('USERNAME', 'brace'), ('TERM', 'dumb'), ('GNOME_DESKTOP_SESSION_ID', 'this-is-deprecated'), ('FC_FONTATIONS', '1'), ('ROS_LOCALHOST_ONLY', '0'), ('WINDOWPATH', '2'), ('PATH', '/home/brace/codeSpace/navi/install/rtabmap/bin:/opt/ros/humble/bin:/usr/local/sbin:/usr/local/bin:/usr/sbin:/usr/bin:/sbin:/bin:/usr/games:/usr/local/games:/snap/bin:/snap/bin'), ('SESSION_MANAGER', 'local/brace-NUC13:@/tmp/.ICE-unix/1410,unix/brace-NUC13:/tmp/.ICE-unix/1410'), ('INVOCATION_ID', '3e74fb9948ae4f5fbbb39ca9f088caee'), ('XDG_MENU_PREFIX', 'gnome-'), ('LC_ADDRESS', 'zh_CN.UTF-8'), ('VSCODE_PROCESS_TITLE', 'extension-host (agent-exec) codeSpace [1-3]'), ('XDG_RUNTIME_DIR', '/run/user/1000'), ('GDK_BACKEND', 'x11'), ('CURSOR_AGENT', '1'), ('DISPLAY', ':0'), ('LANG', 'zh_CN.UTF-8'), ('XDG_CURRENT_DESKTOP', 'ubuntu:GNOME'), ('LC_TELEPHONE', 'zh_CN.UTF-8'), ('XMODIFIERS', '@im=ibus'), ('XDG_SESSION_DESKTOP', 'ubuntu'), ('XAUTHORITY', '/run/user/1000/gdm/Xauthority'), ('LS_COLORS', ''), ('CURSOR_TRACE_ID', 'f1aa41e964ce4431a94f9bc384270429'), ('SSH_AGENT_LAUNCHER', 'gnome-keyring'), ('SSH_AUTH_SOCK', '/run/user/1000/keyring/ssh'), ('AMENT_PREFIX_PATH', '/home/brace/codeSpace/navi/install/rtabmap_ros:/home/brace/codeSpace/navi/install/rtabmap_launch:/home/brace/codeSpace/navi/install/rtabmap_examples:/home/brace/codeSpace/navi/install/rtabmap_demos:/home/brace/codeSpace/navi/install/rtabmap_viz:/home/brace/codeSpace/navi/install/rtabmap_slam:/home/brace/codeSpace/navi/install/rtabmap_odom:/home/brace/codeSpace/navi/install/rtabmap_util:/home/brace/codeSpace/navi/install/rtabmap_sync:/home/brace/codeSpace/navi/install/rtabmap_rviz_plugins:/home/brace/codeSpace/navi/install/rtabmap_python:/home/brace/codeSpace/navi/install/rtabmap_conversions:/home/brace/codeSpace/navi/install/rtabmap_msgs:/home/brace/codeSpace/navi/install/realsense2_rviz_plugin:/home/brace/codeSpace/navi/install/realsense2_ros_mqtt_bridge:/home/brace/codeSpace/navi/install/realsense2_description:/home/brace/codeSpace/navi/install/brace:/opt/ros/humble'), ('SHELL', '/bin/bash'), ('LC_NAME', 'zh_CN.UTF-8'), ('QT_ACCESSIBILITY', '1'), ('GDMSESSION', 'ubuntu'), ('LESSCLOSE', '/usr/bin/lesspipe %s %s'), ('LC_MEASUREMENT', 'zh_CN.UTF-8'), ('GPG_AGENT_INFO', '/run/user/1000/gnupg/S.gpg-agent:0:1'), ('GJS_DEBUG_OUTPUT', 'stderr'), ('LC_IDENTIFICATION', 'zh_CN.UTF-8'), ('QT_IM_MODULE', 'ibus'), ('PWD', '/home/brace/codeSpace/navi/build/rtabmap_msgs'), ('XDG_CONFIG_DIRS', '/etc/xdg/xdg-ubuntu:/etc/xdg'), ('VSCODE_CODE_CACHE_PATH', '/home/brace/.config/Cursor/CachedData/60faf7b51077ed1df1db718157bbfed740d2e160'), ('XDG_DATA_DIRS', '/usr/share/ubuntu:/usr/share/gnome:/usr/local/share/:/usr/share/:/var/lib/snapd/desktop'), ('PYTHONPATH', '/home/brace/codeSpace/navi/install/rtabmap_python/lib/python3.10/site-packages:/home/brace/codeSpace/navi/install/rtabmap_msgs/local/lib/python3.10/dist-packages:/home/brace/codeSpace/navi/install/realsense2_ros_mqtt_bridge/lib/python3.10/site-packages:/home/brace/codeSpace/navi/install/brace/lib/python3.10/site-packages:/opt/ros/humble/lib/python3.10/site-packages:/opt/ros/humble/local/lib/python3.10/dist-packages'), ('LC_NUMERIC', 'zh_CN.UTF-8'), ('LC_PAPER', 'zh_CN.UTF-8'), ('COLCON', '1'), ('_ZO_DOCTOR', '0'), ('CMAKE_PREFIX_PATH', '/home/brace/codeSpace/navi/install/rtabmap_ros:/home/brace/codeSpace/navi/install/rtabmap_launch:/home/brace/codeSpace/navi/install/rtabmap_examples:/home/brace/codeSpace/navi/install/rtabmap_demos:/home/brace/codeSpace/navi/install/rtabmap_viz:/home/brace/codeSpace/navi/install/rtabmap_slam:/home/brace/codeSpace/navi/install/rtabmap_odom:/home/brace/codeSpace/navi/install/rtabmap_util:/home/brace/codeSpace/navi/install/rtabmap_sync:/home/brace/codeSpace/navi/install/rtabmap_rviz_plugins:/home/brace/codeSpace/navi/install/rtabmap_conversions:/home/brace/codeSpace/navi/install/rtabmap_msgs:/home/brace/codeSpace/navi/install/rtabmap:/home/brace/codeSpace/navi/install/realsense2_rviz_plugin:/home/brace/codeSpace/navi/install/realsense2_description:/home/brace/codeSpace/navi/install/rtabmap_python:/home/brace/codeSpace/navi/install/realsense2_ros_mqtt_bridge:/home/brace/codeSpace/navi/install/brace:/opt/ros/humble'), ('VSCODE_PID', '9279')]), 'shell': False}
[0.038820] (rtabmap_msgs) StdoutLine: {'line': b'-- Found rosidl_default_generators: 1.2.0 (/opt/ros/humble/share/rosidl_default_generators/cmake)\n'}
[0.040378] (rtabmap_msgs) StdoutLine: {'line': b'-- Found ament_cmake_core: 1.3.12 (/opt/ros/humble/share/ament_cmake_core/cmake)\n'}
[0.094472] (rtabmap) StdoutLine: {'line': b'[  5%] Built target rtabmap_utilite\n'}
[0.099667] (-) TimerEvent: {}
[0.120121] (rtabmap) StdoutLine: {'line': b'[  6%] Built target res_tool\n'}
[0.175854] (rtabmap_msgs) StdoutLine: {'line': b'-- Override CMake install command with custom implementation using symlinks instead of copying resources\n'}
[0.182470] (rtabmap_msgs) StdoutLine: {'line': b'-- Using all available rosidl_typesupport_c: rosidl_typesupport_fastrtps_c;rosidl_typesupport_introspection_c\n'}
[0.189331] (rtabmap_msgs) StdoutLine: {'line': b'-- Found rosidl_adapter: 3.1.7 (/opt/ros/humble/share/rosidl_adapter/cmake)\n'}
[0.199783] (-) TimerEvent: {}
[0.255839] (rtabmap_msgs) StdoutLine: {'line': b'-- Using all available rosidl_typesupport_cpp: rosidl_typesupport_fastrtps_cpp;rosidl_typesupport_introspection_cpp\n'}
[0.279773] (rtabmap) StdoutLine: {'line': b'[ 57%] Built target rtabmap_core\n'}
[0.303573] (-) TimerEvent: {}
[0.308887] (rtabmap_msgs) StdoutLine: {'line': b'-- Found builtin_interfaces: 1.2.2 (/opt/ros/humble/share/builtin_interfaces/cmake)\n'}
[0.316523] (rtabmap) StdoutLine: {'line': b'[ 57%] Automatic MOC and UIC for target rtabmap_gui\n'}
[0.336390] (rtabmap) StdoutLine: {'line': b'[ 57%] Built target imagesJoiner\n'}
[0.336933] (rtabmap) StdoutLine: {'line': b'[ 57%] Built target consoleApp\n'}
[0.337084] (rtabmap) StdoutLine: {'line': b'[ 58%] Built target kitti_dataset\n'}
[0.337384] (rtabmap) StdoutLine: {'line': b'[ 58%] Built target recovery\n'}
[0.337518] (rtabmap) StdoutLine: {'line': b'[ 59%] Built target camera\n'}
[0.337626] (rtabmap) StdoutLine: {'line': b'[ 59%] Built target euroc_dataset\n'}
[0.337815] (rtabmap) StdoutLine: {'line': b'[ 60%] Built target reprocess\n'}
[0.337929] (rtabmap) StdoutLine: {'line': b'[ 61%] Built target stereoEval\n'}
[0.338036] (rtabmap) StdoutLine: {'line': b'[ 63%] Built target extractObject\n'}
[0.338150] (rtabmap) StdoutLine: {'line': b'[ 62%] Built target export\n'}
[0.338314] (rtabmap) StdoutLine: {'line': b'[ 64%] Built target info\n'}
[0.338458] (rtabmap) StdoutLine: {'line': b'[ 65%] Built target rgbd_dataset\n'}
[0.341410] (rtabmap) StdoutLine: {'line': b'[ 66%] Built target detectMoreLoopClosures\n'}
[0.341788] (rtabmap) StdoutLine: {'line': b'[ 67%] Built target cleanupLocalGrids\n'}
[0.343000] (rtabmap) StdoutLine: {'line': b'[ 68%] Built target globalBundleAdjustment\n'}
[0.343693] (rtabmap_msgs) StdoutLine: {'line': b'-- Found geometry_msgs: 4.9.0 (/opt/ros/humble/share/geometry_msgs/cmake)\n'}
[0.374438] (rtabmap) StdoutLine: {'line': b'[ 68%] Built target rtabmap_gui_autogen\n'}
[0.376442] (rtabmap) StdoutLine: {'line': b'[ 68%] Built target lidar_viewer\n'}
[0.395472] (rtabmap_msgs) StdoutLine: {'line': b'-- Found sensor_msgs: 4.9.0 (/opt/ros/humble/share/sensor_msgs/cmake)\n'}
[0.403643] (-) TimerEvent: {}
[0.428561] (rtabmap_msgs) StdoutLine: {'line': b'-- Found std_srvs: 4.9.0 (/opt/ros/humble/share/std_srvs/cmake)\n'}
[0.503783] (-) TimerEvent: {}
[0.506992] (rtabmap) StdoutLine: {'line': b'Consolidate compiler generated dependencies of target rtabmap_gui\n'}
[0.544513] (rtabmap) StdoutLine: {'line': b'[ 84%] Built target rtabmap_gui\n'}
[0.568270] (rtabmap) StdoutLine: {'line': b'Consolidate compiler generated dependencies of target databaseViewer\n'}
[0.568626] (rtabmap) StdoutLine: {'line': b'Consolidate compiler generated dependencies of target rtabmap_app\n'}
[0.570710] (rtabmap) StdoutLine: {'line': b'Consolidate compiler generated dependencies of target bow_mapping\n'}
[0.570795] (rtabmap) StdoutLine: {'line': b'Consolidate compiler generated dependencies of target calibration\n'}
[0.570849] (rtabmap) StdoutLine: {'line': b'Consolidate compiler generated dependencies of target epipolar_geometry\n'}
[0.570900] (rtabmap) StdoutLine: {'line': b'Consolidate compiler generated dependencies of target odometryViewer\n'}
[0.570948] (rtabmap) StdoutLine: {'line': b'Consolidate compiler generated dependencies of target dataRecorder\n'}
[0.570997] (rtabmap) StdoutLine: {'line': b'Consolidate compiler generated dependencies of target matcher\n'}
[0.576294] (rtabmap) StdoutLine: {'line': b'[ 86%] Automatic MOC and UIC for target noEventsExample\n'}
[0.576455] (rtabmap) StdoutLine: {'line': b'[ 86%] Automatic MOC and UIC for target rgbd_mapping\n'}
[0.576513] (rtabmap) StdoutLine: {'line': b'Consolidate compiler generated dependencies of target report\n'}
[0.576570] (rtabmap) StdoutLine: {'line': b'Consolidate compiler generated dependencies of target rgbd_camera\n'}
[0.576781] (rtabmap) StdoutLine: {'line': b'[ 88%] Automatic MOC and UIC for target wifi_mapping\n'}
[0.580682] (rtabmap) StdoutLine: {'line': b'[ 88%] Automatic MOC and UIC for target lidar_mapping\n'}
[0.586204] (rtabmap) StdoutLine: {'line': b'[ 88%] Linking CXX executable ../../bin/rtabmap-calibration\n'}
[0.586644] (rtabmap) StdoutLine: {'line': b'[ 88%] Built target bow_mapping\n'}
[0.588428] (rtabmap) StdoutLine: {'line': b'[ 88%] Linking CXX executable ../../bin/rtabmap-databaseViewer\n'}
[0.588652] (rtabmap) StdoutLine: {'line': b'[ 89%] Linking CXX executable ../../bin/rtabmap\n'}
[0.589731] (rtabmap) StdoutLine: {'line': b'[ 89%] Linking CXX executable ../../bin/rtabmap-dataRecorder\n'}
[0.593294] (rtabmap) StdoutLine: {'line': b'[ 89%] Linking CXX executable ../../bin/rtabmap-matcher\n'}
[0.593431] (rtabmap) StdoutLine: {'line': b'[ 91%] Linking CXX executable ../../bin/rtabmap-epipolar_geometry\n'}
[0.593491] (rtabmap) StdoutLine: {'line': b'[ 91%] Linking CXX executable ../../bin/rtabmap-odometryViewer\n'}
[0.594020] (rtabmap) StdoutLine: {'line': b'[ 91%] Linking CXX executable ../../bin/rtabmap-report\n'}
[0.600479] (rtabmap) StdoutLine: {'line': b'[ 91%] Linking CXX executable ../../bin/rtabmap-rgbd_camera\n'}
[0.600685] (rtabmap) StdoutLine: {'line': b'[ 91%] Built target rgbd_mapping_autogen\n'}
[0.600761] (rtabmap) StdoutLine: {'line': b'[ 91%] Built target noEventsExample_autogen\n'}
[0.600809] (rtabmap) StdoutLine: {'line': b'[ 91%] Built target wifi_mapping_autogen\n'}
[0.603862] (-) TimerEvent: {}
[0.606763] (rtabmap) StdoutLine: {'line': b'[ 91%] Built target lidar_mapping_autogen\n'}
[0.626526] (rtabmap) StdoutLine: {'line': b'Consolidate compiler generated dependencies of target noEventsExample\n'}
[0.636333] (rtabmap) StdoutLine: {'line': b'Consolidate compiler generated dependencies of target wifi_mapping\n'}
[0.643197] (rtabmap) StdoutLine: {'line': b'Consolidate compiler generated dependencies of target rgbd_mapping\n'}
[0.645280] (rtabmap) StdoutLine: {'line': b'Consolidate compiler generated dependencies of target lidar_mapping\n'}
[0.653507] (rtabmap) StdoutLine: {'line': b'[ 91%] Linking CXX executable ../../bin/rtabmap-noEventsExample\n'}
[0.698509] (rtabmap) StdoutLine: {'line': b'[ 91%] Linking CXX executable ../../bin/rtabmap-lidar_mapping\n'}
[0.704230] (-) TimerEvent: {}
[0.710443] (rtabmap) StdoutLine: {'line': b'[ 91%] Linking CXX executable ../../bin/rtabmap-rgbd_mapping\n'}
[0.780194] (rtabmap) StdoutLine: {'line': b'[ 91%] Linking CXX executable ../../bin/rtabmap-wifi_mapping\n'}
[0.804417] (-) TimerEvent: {}
[0.910423] (-) TimerEvent: {}
[1.012477] (-) TimerEvent: {}
[1.118169] (-) TimerEvent: {}
[1.219046] (-) TimerEvent: {}
[1.320441] (-) TimerEvent: {}
[1.422904] (-) TimerEvent: {}
[1.526710] (-) TimerEvent: {}
[1.627586] (-) TimerEvent: {}
[1.728338] (-) TimerEvent: {}
[1.831568] (-) TimerEvent: {}
[1.932228] (-) TimerEvent: {}
[2.032900] (-) TimerEvent: {}
[2.133505] (-) TimerEvent: {}
[2.186069] (rtabmap_msgs) StdoutLine: {'line': b'-- Found ament_cmake_ros: 0.10.0 (/opt/ros/humble/share/ament_cmake_ros/cmake)\n'}
[2.235492] (-) TimerEvent: {}
[2.335982] (-) TimerEvent: {}
[2.438398] (-) TimerEvent: {}
[2.538917] (-) TimerEvent: {}
[2.639529] (-) TimerEvent: {}
[2.740157] (-) TimerEvent: {}
[2.841539] (-) TimerEvent: {}
[2.945453] (-) TimerEvent: {}
[3.058458] (-) TimerEvent: {}
[3.067823] (rtabmap_msgs) StdoutLine: {'line': b'-- Using all available rosidl_typesupport_c: rosidl_typesupport_fastrtps_c;rosidl_typesupport_introspection_c\n'}
[3.162508] (-) TimerEvent: {}
[3.263013] (-) TimerEvent: {}
[3.363470] (-) TimerEvent: {}
[3.464555] (-) TimerEvent: {}
[3.569392] (-) TimerEvent: {}
[3.669749] (-) TimerEvent: {}
[3.770067] (-) TimerEvent: {}
[3.870427] (-) TimerEvent: {}
[3.972081] (-) TimerEvent: {}
[4.029197] (rtabmap_msgs) StdoutLine: {'line': b'-- Using all available rosidl_typesupport_cpp: rosidl_typesupport_fastrtps_cpp;rosidl_typesupport_introspection_cpp\n'}
[4.076594] (-) TimerEvent: {}
[4.092444] (rtabmap_msgs) StdoutLine: {'line': b'-- Found python_cmake_module: 0.10.0 (/opt/ros/humble/share/python_cmake_module/cmake)\n'}
[4.134362] (rtabmap_msgs) StdoutLine: {'line': b'-- Using PYTHON_EXECUTABLE: /usr/bin/python3\n'}
[4.136392] (rtabmap_msgs) StdoutLine: {'line': b'-- Using PYTHON_INCLUDE_DIRS: /usr/include/python3.10\n'}
[4.136956] (rtabmap_msgs) StdoutLine: {'line': b'-- Using PYTHON_LIBRARIES: /usr/lib/x86_64-linux-gnu/libpython3.10.so\n'}
[4.176699] (-) TimerEvent: {}
[4.277079] (-) TimerEvent: {}
[4.297005] (rtabmap_msgs) StdoutLine: {'line': b'-- Configuring done\n'}
[4.377363] (-) TimerEvent: {}
[4.478100] (-) TimerEvent: {}
[4.549676] (rtabmap_msgs) StdoutLine: {'line': b'-- Generating done\n'}
[4.578245] (-) TimerEvent: {}
[4.605653] (rtabmap_msgs) StdoutLine: {'line': b'-- Build files have been written to: /home/brace/codeSpace/navi/build/rtabmap_msgs\n'}
[4.639516] (rtabmap_msgs) CommandEnded: {'returncode': 0}
[4.640727] (rtabmap_msgs) JobProgress: {'identifier': 'rtabmap_msgs', 'progress': 'build'}
[4.641012] (rtabmap_msgs) Command: {'cmd': ['/usr/bin/cmake', '--build', '/home/brace/codeSpace/navi/build/rtabmap_msgs', '--', '-j16', '-l16'], 'cwd': '/home/brace/codeSpace/navi/build/rtabmap_msgs', 'env': OrderedDict([('GJS_DEBUG_TOPICS', 'JS ERROR;JS LOG'), ('LESSOPEN', '| /usr/bin/lesspipe %s'), ('VSCODE_CWD', '/home/brace'), ('CURSOR_EXTENSION_HOST_ROLE', 'agent-exec'), ('VSCODE_ESM_ENTRYPOINT', 'vs/workbench/api/node/extensionHostProcess'), ('LANGUAGE', 'zh_CN:zh:en_US:en'), ('USER', 'brace'), ('LC_TIME', 'zh_CN.UTF-8'), ('VSCODE_NLS_CONFIG', '{"userLocale":"zh-cn","osLocale":"zh-cn","resolvedLanguage":"zh-cn","defaultMessagesFile":"/usr/share/cursor/resources/app/out/nls.messages.json","languagePack":{"translationsConfigFile":"/home/brace/.config/Cursor/clp/3bfb7f1471a52e527cfc1587dd57c7c1.zh-cn/tcf.json","messagesFile":"/home/brace/.config/Cursor/clp/3bfb7f1471a52e527cfc1587dd57c7c1.zh-cn/60faf7b51077ed1df1db718157bbfed740d2e160/nls.messages.json","corruptMarkerFile":"/home/brace/.config/Cursor/clp/3bfb7f1471a52e527cfc1587dd57c7c1.zh-cn/corrupted.info"},"locale":"zh-cn","availableLanguages":{"*":"zh-cn"},"_languagePackId":"3bfb7f1471a52e527cfc1587dd57c7c1.zh-cn","_languagePackSupport":true,"_translationsConfigFile":"/home/brace/.config/Cursor/clp/3bfb7f1471a52e527cfc1587dd57c7c1.zh-cn/tcf.json","_cacheRoot":"/home/brace/.config/Cursor/clp/3bfb7f1471a52e527cfc1587dd57c7c1.zh-cn","_resolvedLanguagePackCoreLocation":"/home/brace/.config/Cursor/clp/3bfb7f1471a52e527cfc1587dd57c7c1.zh-cn/60faf7b51077ed1df1db718157bbfed740d2e160","_corruptedFile":"/home/brace/.config/Cursor/clp/3bfb7f1471a52e527cfc1587dd57c7c1.zh-cn/corrupted.info"}'), ('CI', '1'), ('VSCODE_HANDLES_UNCAUGHT_ERRORS', 'true'), ('XDG_SESSION_TYPE', 'x11'), ('SHLVL', '1'), ('LD_LIBRARY_PATH', '/home/brace/codeSpace/navi/install/rtabmap_slam/lib:/home/brace/codeSpace/navi/install/rtabmap_odom/lib:/home/brace/codeSpace/navi/install/rtabmap_util/lib:/home/brace/codeSpace/navi/install/rtabmap_sync/lib:/home/brace/codeSpace/navi/install/rtabmap_rviz_plugins/lib:/home/brace/codeSpace/navi/install/rtabmap_conversions/lib:/home/brace/codeSpace/navi/install/rtabmap_msgs/lib:/home/brace/codeSpace/navi/install/rtabmap/lib:/opt/ros/humble/opt/rviz_ogre_vendor/lib:/opt/ros/humble/lib/x86_64-linux-gnu:/opt/ros/humble/lib'), ('HOME', '/home/brace'), ('CHROME_DESKTOP', 'cursor.desktop'), ('OLDPWD', '/home/brace/codeSpace/navi'), ('DESKTOP_SESSION', 'ubuntu'), ('VSCODE_IPC_HOOK', '/run/user/1000/vscode-f599d7de-2.6.-main.sock'), ('GIO_LAUNCHED_DESKTOP_FILE', '/usr/share/applications/cursor.desktop'), ('ROS_PYTHON_VERSION', '3'), ('GNOME_SHELL_SESSION_MODE', 'ubuntu'), ('GTK_MODULES', 'gail:atk-bridge'), ('LC_MONETARY', 'zh_CN.UTF-8'), ('CURSOR_WORKSPACE_LABEL', 'codeSpace'), ('MANAGERPID', '1029'), ('SYSTEMD_EXEC_PID', '1448'), ('NO_COLOR', '1'), ('DBUS_SESSION_BUS_ADDRESS', 'unix:path=/run/user/1000/bus'), ('GIO_LAUNCHED_DESKTOP_FILE_PID', '6638'), ('VSCODE_CRASH_REPORTER_PROCESS_TYPE', 'extensionHost'), ('MANDATORY_PATH', '/usr/share/gconf/ubuntu.mandatory.path'), ('COLCON_PREFIX_PATH', '/home/brace/codeSpace/navi/install'), ('ROS_DISTRO', 'humble'), ('GTK_IM_MODULE', 'ibus'), ('LOGNAME', 'brace'), ('FORCE_COLOR', '0'), ('JOURNAL_STREAM', '8:4428'), ('_', '/usr/bin/colcon'), ('ROS_VERSION', '2'), ('PKG_CONFIG_PATH', '/home/brace/codeSpace/navi/install/rtabmap/lib/x86_64-linux-gnu/pkgconfig:/home/brace/codeSpace/navi/install/rtabmap/lib/pkgconfig'), ('XDG_SESSION_CLASS', 'user'), ('DEFAULTS_PATH', '/usr/share/gconf/ubuntu.default.path'), ('USERNAME', 'brace'), ('TERM', 'dumb'), ('GNOME_DESKTOP_SESSION_ID', 'this-is-deprecated'), ('FC_FONTATIONS', '1'), ('ROS_LOCALHOST_ONLY', '0'), ('WINDOWPATH', '2'), ('PATH', '/home/brace/codeSpace/navi/install/rtabmap/bin:/opt/ros/humble/bin:/usr/local/sbin:/usr/local/bin:/usr/sbin:/usr/bin:/sbin:/bin:/usr/games:/usr/local/games:/snap/bin:/snap/bin'), ('SESSION_MANAGER', 'local/brace-NUC13:@/tmp/.ICE-unix/1410,unix/brace-NUC13:/tmp/.ICE-unix/1410'), ('INVOCATION_ID', '3e74fb9948ae4f5fbbb39ca9f088caee'), ('XDG_MENU_PREFIX', 'gnome-'), ('LC_ADDRESS', 'zh_CN.UTF-8'), ('VSCODE_PROCESS_TITLE', 'extension-host (agent-exec) codeSpace [1-3]'), ('XDG_RUNTIME_DIR', '/run/user/1000'), ('GDK_BACKEND', 'x11'), ('CURSOR_AGENT', '1'), ('DISPLAY', ':0'), ('LANG', 'zh_CN.UTF-8'), ('XDG_CURRENT_DESKTOP', 'ubuntu:GNOME'), ('LC_TELEPHONE', 'zh_CN.UTF-8'), ('XMODIFIERS', '@im=ibus'), ('XDG_SESSION_DESKTOP', 'ubuntu'), ('XAUTHORITY', '/run/user/1000/gdm/Xauthority'), ('LS_COLORS', ''), ('CURSOR_TRACE_ID', 'f1aa41e964ce4431a94f9bc384270429'), ('SSH_AGENT_LAUNCHER', 'gnome-keyring'), ('SSH_AUTH_SOCK', '/run/user/1000/keyring/ssh'), ('AMENT_PREFIX_PATH', '/home/brace/codeSpace/navi/install/rtabmap_ros:/home/brace/codeSpace/navi/install/rtabmap_launch:/home/brace/codeSpace/navi/install/rtabmap_examples:/home/brace/codeSpace/navi/install/rtabmap_demos:/home/brace/codeSpace/navi/install/rtabmap_viz:/home/brace/codeSpace/navi/install/rtabmap_slam:/home/brace/codeSpace/navi/install/rtabmap_odom:/home/brace/codeSpace/navi/install/rtabmap_util:/home/brace/codeSpace/navi/install/rtabmap_sync:/home/brace/codeSpace/navi/install/rtabmap_rviz_plugins:/home/brace/codeSpace/navi/install/rtabmap_python:/home/brace/codeSpace/navi/install/rtabmap_conversions:/home/brace/codeSpace/navi/install/rtabmap_msgs:/home/brace/codeSpace/navi/install/realsense2_rviz_plugin:/home/brace/codeSpace/navi/install/realsense2_ros_mqtt_bridge:/home/brace/codeSpace/navi/install/realsense2_description:/home/brace/codeSpace/navi/install/brace:/opt/ros/humble'), ('SHELL', '/bin/bash'), ('LC_NAME', 'zh_CN.UTF-8'), ('QT_ACCESSIBILITY', '1'), ('GDMSESSION', 'ubuntu'), ('LESSCLOSE', '/usr/bin/lesspipe %s %s'), ('LC_MEASUREMENT', 'zh_CN.UTF-8'), ('GPG_AGENT_INFO', '/run/user/1000/gnupg/S.gpg-agent:0:1'), ('GJS_DEBUG_OUTPUT', 'stderr'), ('LC_IDENTIFICATION', 'zh_CN.UTF-8'), ('QT_IM_MODULE', 'ibus'), ('PWD', '/home/brace/codeSpace/navi/build/rtabmap_msgs'), ('XDG_CONFIG_DIRS', '/etc/xdg/xdg-ubuntu:/etc/xdg'), ('VSCODE_CODE_CACHE_PATH', '/home/brace/.config/Cursor/CachedData/60faf7b51077ed1df1db718157bbfed740d2e160'), ('XDG_DATA_DIRS', '/usr/share/ubuntu:/usr/share/gnome:/usr/local/share/:/usr/share/:/var/lib/snapd/desktop'), ('PYTHONPATH', '/home/brace/codeSpace/navi/install/rtabmap_python/lib/python3.10/site-packages:/home/brace/codeSpace/navi/install/rtabmap_msgs/local/lib/python3.10/dist-packages:/home/brace/codeSpace/navi/install/realsense2_ros_mqtt_bridge/lib/python3.10/site-packages:/home/brace/codeSpace/navi/install/brace/lib/python3.10/site-packages:/opt/ros/humble/lib/python3.10/site-packages:/opt/ros/humble/local/lib/python3.10/dist-packages'), ('LC_NUMERIC', 'zh_CN.UTF-8'), ('LC_PAPER', 'zh_CN.UTF-8'), ('COLCON', '1'), ('_ZO_DOCTOR', '0'), ('CMAKE_PREFIX_PATH', '/home/brace/codeSpace/navi/install/rtabmap_ros:/home/brace/codeSpace/navi/install/rtabmap_launch:/home/brace/codeSpace/navi/install/rtabmap_examples:/home/brace/codeSpace/navi/install/rtabmap_demos:/home/brace/codeSpace/navi/install/rtabmap_viz:/home/brace/codeSpace/navi/install/rtabmap_slam:/home/brace/codeSpace/navi/install/rtabmap_odom:/home/brace/codeSpace/navi/install/rtabmap_util:/home/brace/codeSpace/navi/install/rtabmap_sync:/home/brace/codeSpace/navi/install/rtabmap_rviz_plugins:/home/brace/codeSpace/navi/install/rtabmap_conversions:/home/brace/codeSpace/navi/install/rtabmap_msgs:/home/brace/codeSpace/navi/install/rtabmap:/home/brace/codeSpace/navi/install/realsense2_rviz_plugin:/home/brace/codeSpace/navi/install/realsense2_description:/home/brace/codeSpace/navi/install/rtabmap_python:/home/brace/codeSpace/navi/install/realsense2_ros_mqtt_bridge:/home/brace/codeSpace/navi/install/brace:/opt/ros/humble'), ('VSCODE_PID', '9279')]), 'shell': False}
[4.678856] (-) TimerEvent: {}
[4.783222] (-) TimerEvent: {}
[4.800698] (rtabmap_msgs) StdoutLine: {'line': b'[  0%] Built target rtabmap_msgs__cpp\n'}
[4.818792] (rtabmap_msgs) StdoutLine: {'line': b'[  0%] Built target ament_cmake_python_symlink_rtabmap_msgs\n'}
[4.825009] (rtabmap_msgs) StdoutLine: {'line': b'Consolidate compiler generated dependencies of target rtabmap_msgs__rosidl_generator_c\n'}
[4.883493] (-) TimerEvent: {}
[4.884040] (rtabmap_msgs) StdoutLine: {'line': b'Consolidate compiler generated dependencies of target rtabmap_msgs__rosidl_typesupport_fastrtps_cpp\n'}
[4.885566] (rtabmap_msgs) StdoutLine: {'line': b'[ 12%] Built target rtabmap_msgs__rosidl_generator_c\n'}
[4.900563] (rtabmap_msgs) StdoutLine: {'line': b'Consolidate compiler generated dependencies of target rtabmap_msgs__rosidl_typesupport_introspection_cpp\n'}
[4.930929] (rtabmap_msgs) StdoutLine: {'line': b'Consolidate compiler generated dependencies of target rtabmap_msgs__rosidl_typesupport_cpp\n'}
[4.941728] (rtabmap_msgs) StdoutLine: {'line': b'[ 24%] Built target rtabmap_msgs__rosidl_typesupport_fastrtps_cpp\n'}
[4.958466] (rtabmap_msgs) StdoutLine: {'line': b'Consolidate compiler generated dependencies of target rtabmap_msgs__rosidl_typesupport_c\n'}
[4.963764] (rtabmap_msgs) StdoutLine: {'line': b'[ 37%] Built target rtabmap_msgs__rosidl_typesupport_introspection_cpp\n'}
[4.966656] (rtabmap_msgs) StdoutLine: {'line': b'Consolidate compiler generated dependencies of target rtabmap_msgs__rosidl_typesupport_fastrtps_c\n'}
[4.978248] (rtabmap_msgs) StdoutLine: {'line': b'Consolidate compiler generated dependencies of target rtabmap_msgs__rosidl_typesupport_introspection_c\n'}
[4.983684] (-) TimerEvent: {}
[5.002012] (rtabmap_msgs) StdoutLine: {'line': b'[ 49%] Built target rtabmap_msgs__rosidl_typesupport_cpp\n'}
[5.008332] (rtabmap_msgs) StdoutLine: {'line': b'[ 62%] Built target rtabmap_msgs__rosidl_typesupport_c\n'}
[5.015776] (rtabmap_msgs) StdoutLine: {'line': b'[ 75%] Built target rtabmap_msgs__rosidl_typesupport_fastrtps_c\n'}
[5.029626] (rtabmap_msgs) StdoutLine: {'line': b'[ 88%] Built target rtabmap_msgs__rosidl_typesupport_introspection_c\n'}
[5.071346] (rtabmap) StderrLine: {'line': b"/usr/bin/ld: CMakeFiles/odometryViewer.dir/main.cpp.o: in function `main':\n"}
[5.071924] (rtabmap) StderrLine: {'line': b"main.cpp:(.text.startup+0x512): undefined reference to `rtabmap::OdometryViewer::OdometryViewer(int, int, float, float, int, QWidget*, std::map<std::__cxx11::basic_string<char, std::char_traits<char>, std::allocator<char> >, std::__cxx11::basic_string<char, std::char_traits<char>, std::allocator<char> >, std::less<std::__cxx11::basic_string<char, std::char_traits<char>, std::allocator<char> > >, std::allocator<std::pair<std::__cxx11::basic_string<char, std::char_traits<char>, std::allocator<char> > const, std::__cxx11::basic_string<char, std::char_traits<char>, std::allocator<char> > > > > const&)'\n"}
[5.072079] (rtabmap) StderrLine: {'line': b"/usr/bin/ld: main.cpp:(.text.startup+0xc8d): undefined reference to `rtabmap::OdometryViewer::~OdometryViewer()'\n"}
[5.072174] (rtabmap) StderrLine: {'line': b"/usr/bin/ld: CMakeFiles/odometryViewer.dir/main.cpp.o: in function `main.cold':\n"}
[5.072267] (rtabmap) StderrLine: {'line': b"main.cpp:(.text.unlikely+0x30): undefined reference to `rtabmap::OdometryViewer::~OdometryViewer()'\n"}
[5.088339] (-) TimerEvent: {}
[5.090338] (rtabmap_msgs) StdoutLine: {'line': b'[ 88%] Built target rtabmap_msgs\n'}
[5.140627] (rtabmap_msgs) StdoutLine: {'line': b'[ 88%] Built target rtabmap_msgs__py\n'}
[5.188525] (-) TimerEvent: {}
[5.195327] (rtabmap_msgs) StdoutLine: {'line': b'Consolidate compiler generated dependencies of target rtabmap_msgs__rosidl_generator_py\n'}
[5.239155] (rtabmap_msgs) StdoutLine: {'line': b'[100%] Built target rtabmap_msgs__rosidl_generator_py\n'}
[5.264415] (rtabmap_msgs) StdoutLine: {'line': b'Consolidate compiler generated dependencies of target rtabmap_msgs__rosidl_typesupport_fastrtps_c__pyext\n'}
[5.267773] (rtabmap_msgs) StdoutLine: {'line': b'Consolidate compiler generated dependencies of target rtabmap_msgs__rosidl_typesupport_introspection_c__pyext\n'}
[5.279888] (rtabmap_msgs) StdoutLine: {'line': b'running egg_info\n'}
[5.284264] (rtabmap_msgs) StdoutLine: {'line': b'Consolidate compiler generated dependencies of target rtabmap_msgs__rosidl_typesupport_c__pyext\n'}
[5.286309] (rtabmap_msgs) StdoutLine: {'line': b'writing rtabmap_msgs.egg-info/PKG-INFO\n'}
[5.286481] (rtabmap_msgs) StdoutLine: {'line': b'writing dependency_links to rtabmap_msgs.egg-info/dependency_links.txt\n'}
[5.286566] (rtabmap_msgs) StdoutLine: {'line': b'writing top-level names to rtabmap_msgs.egg-info/top_level.txt\n'}
[5.287070] (rtabmap) StderrLine: {'line': b"/usr/bin/ld: CMakeFiles/dataRecorder.dir/main.cpp.o: in function `main':\n"}
[5.287346] (rtabmap) StderrLine: {'line': b"main.cpp:(.text.startup+0x88d): undefined reference to `rtabmap::DataRecorder::DataRecorder(QWidget*)'\n"}
[5.287457] (rtabmap) StderrLine: {'line': b"/usr/bin/ld: main.cpp:(.text.startup+0x8b2): undefined reference to `rtabmap::DataRecorder::init(QString const&, bool)'\n"}
[5.287645] (rtabmap) StderrLine: {'line': b"/usr/bin/ld: main.cpp:(.text.startup+0xa00): undefined reference to `rtabmap::DataRecorder::~DataRecorder()'\n"}
[5.287727] (rtabmap) StderrLine: {'line': b"/usr/bin/ld: CMakeFiles/dataRecorder.dir/main.cpp.o: in function `main.cold':\n"}
[5.287806] (rtabmap) StderrLine: {'line': b"main.cpp:(.text.unlikely+0xc): undefined reference to `rtabmap::DataRecorder::~DataRecorder()'\n"}
[5.288570] (-) TimerEvent: {}
[5.294086] (rtabmap_msgs) StdoutLine: {'line': b'[100%] Built target rtabmap_msgs__rosidl_typesupport_fastrtps_c__pyext\n'}
[5.295320] (rtabmap) StderrLine: {'line': b"/usr/bin/ld: CMakeFiles/report.dir/main.cpp.o: in function `main':\n"}
[5.295725] (rtabmap) StderrLine: {'line': b"main.cpp:(.text.startup+0x7fc): undefined reference to `UPlot::UPlot(QWidget*)'\n"}
[5.295828] (rtabmap) StderrLine: {'line': b"/usr/bin/ld: main.cpp:(.text.startup+0x89f): undefined reference to `UPlot::setXLabel(QString const&)'\n"}
[5.295906] (rtabmap) StderrLine: {'line': b"/usr/bin/ld: main.cpp:(.text.startup+0x94a): undefined reference to `UPlot::setXLabel(QString const&)'\n"}
[5.295980] (rtabmap) StderrLine: {'line': b"/usr/bin/ld: main.cpp:(.text.startup+0x19a3): undefined reference to `UPlot::UPlot(QWidget*)'\n"}
[5.296052] (rtabmap) StderrLine: {'line': b"/usr/bin/ld: main.cpp:(.text.startup+0x1a3a): undefined reference to `UPlot::setXLabel(QString const&)'\n"}
[5.296125] (rtabmap) StderrLine: {'line': b"/usr/bin/ld: main.cpp:(.text.startup+0x4958): undefined reference to `UPlot::setXLabel(QString const&)'\n"}
[5.296197] (rtabmap) StderrLine: {'line': b"/usr/bin/ld: main.cpp:(.text.startup+0x685b): undefined reference to `UPlotCurve::addValue(double, double)'\n"}
[5.296274] (rtabmap) StderrLine: {'line': b"/usr/bin/ld: main.cpp:(.text.startup+0x6e55): undefined reference to `UPlot::addCurve(QString const&, QColor const&)'\n"}
[5.296355] (rtabmap) StderrLine: {'line': b"/usr/bin/ld: main.cpp:(.text.startup+0x7a4a): undefined reference to `UPlot::addCurve(QString const&, QColor const&)'\n"}
[5.296427] (rtabmap) StderrLine: {'line': b"/usr/bin/ld: main.cpp:(.text.startup+0x8744): undefined reference to `UPlot::getAllCurveDataAsText() const'\n"}
[5.296500] (rtabmap) StderrLine: {'line': b"/usr/bin/ld: main.cpp:(.text.startup+0x927b): undefined reference to `UPlot::frameData(bool, bool)'\n"}
[5.296590] (rtabmap_msgs) StdoutLine: {'line': b"reading manifest file 'rtabmap_msgs.egg-info/SOURCES.txt'\n"}
[5.300122] (rtabmap_msgs) StdoutLine: {'line': b'[100%] Built target rtabmap_msgs__rosidl_typesupport_introspection_c__pyext\n'}
[5.305958] (rtabmap_msgs) StdoutLine: {'line': b"writing manifest file 'rtabmap_msgs.egg-info/SOURCES.txt'\n"}
[5.316011] (rtabmap_msgs) StdoutLine: {'line': b'[100%] Built target rtabmap_msgs__rosidl_typesupport_c__pyext\n'}
[5.347322] (rtabmap) StderrLine: {'line': b"/usr/bin/ld: ../../bin/librtabmap_gui.so.0.23.4: undefined reference to `vtable for rtabmap::RecoveryState'\n"}
[5.347579] (rtabmap) StderrLine: {'line': b"/usr/bin/ld: ../../bin/librtabmap_gui.so.0.23.4: undefined reference to `vtable for rtabmap::GraphViewer'\n"}
[5.348397] (rtabmap) StderrLine: {'line': b"/usr/bin/ld: ../../bin/librtabmap_gui.so.0.23.4: undefined reference to `rtabmap::EditConstraintDialog::EditConstraintDialog(rtabmap::Transform const&, cv::Mat const&, QWidget*)'\n"}
[5.348520] (rtabmap) StderrLine: {'line': b"/usr/bin/ld: ../../bin/librtabmap_gui.so.0.23.4: undefined reference to `UPlot::addThreshold(QString const&, double, Qt::Orientation)'\n"}
[5.348600] (rtabmap) StderrLine: {'line': b"/usr/bin/ld: ../../bin/librtabmap_gui.so.0.23.4: undefined reference to `rtabmap::LinkRefiningDialog::isRangeByNodeId() const'\n"}
[5.349054] (rtabmap) StderrLine: {'line': b"/usr/bin/ld: ../../bin/librtabmap_gui.so.0.23.4: undefined reference to `rtabmap::CreateSimpleCalibrationDialog::CreateSimpleCalibrationDialog(QString const&, QString const&, QWidget*)'\n"}
[5.349462] (rtabmap) StderrLine: {'line': b"/usr/bin/ld: ../../bin/librtabmap_gui.so.0.23.4: undefined reference to `rtabmap::ImageView::setImageDepth(cv::Mat const&, cv::Mat const&)'\n"}
[5.350047] (rtabmap) StderrLine: {'line': b"/usr/bin/ld: ../../bin/librtabmap_gui.so.0.23.4: undefined reference to `rtabmap::ExportDialog::isUserDataExported() const'\n"}
[5.351283] (rtabmap) StderrLine: {'line': b"/usr/bin/ld: ../../bin/librtabmap_gui.so.0.23.4: undefined reference to `rtabmap::MainWindow::statsProcessed()'\n"}
[5.351618] (rtabmap) StderrLine: {'line': b"/usr/bin/ld: ../../bin/librtabmap_gui.so.0.23.4: undefined reference to `rtabmap::CloudViewerInteractorStyle::New()'\n"}
[5.352457] (rtabmap) StderrLine: {'line': b"/usr/bin/ld: ../../bin/librtabmap_gui.so.0.23.4: undefined reference to `rtabmap::ImageView::isImageDepthShown() const'\n"}
[5.358330] (rtabmap) StderrLine: {'line': b"/usr/bin/ld: ../../bin/librtabmap_gui.so.0.23.4: undefined reference to `rtabmap::ExportDialog::targetFramerate() const'\n"}
[5.358594] (rtabmap) StderrLine: {'line': b"/usr/bin/ld: ../../bin/librtabmap_gui.so.0.23.4: undefined reference to `QMultiComboBox::addItem(QString const&, QVariant const&)'\n"}
[5.358679] (rtabmap) StderrLine: {'line': b"/usr/bin/ld: ../../bin/librtabmap_gui.so.0.23.4: undefined reference to `rtabmap::PreferencesDialog::settingsChanged(std::map<std::__cxx11::basic_string<char, std::char_traits<char>, std::allocator<char> >, std::__cxx11::basic_string<char, std::char_traits<char>, std::allocator<char> >, std::less<std::__cxx11::basic_string<char, std::char_traits<char>, std::allocator<char> > >, std::allocator<std::pair<std::__cxx11::basic_string<char, std::char_traits<char>, std::allocator<char> > const, std::__cxx11::basic_string<char, std::char_traits<char>, std::allocator<char> > > > >)'\n"}
[5.358763] (rtabmap) StderrLine: {'line': b"/usr/bin/ld: ../../bin/librtabmap_gui.so.0.23.4: undefined reference to `rtabmap::EditConstraintDialog::getTransform() const'\n"}
[5.359025] (rtabmap) StderrLine: {'line': b"/usr/bin/ld: ../../bin/librtabmap_gui.so.0.23.4: undefined reference to `rtabmap::ExportBundlerDialog::exportBundler(std::map<int, rtabmap::Transform, std::less<int>, std::allocator<std::pair<int const, rtabmap::Transform> > >&, std::multimap<int, rtabmap::Link, std::less<int>, std::allocator<std::pair<int const, rtabmap::Link> > > const&, QMap<int, rtabmap::Signature> const&, std::map<std::__cxx11::basic_string<char, std::char_traits<char>, std::allocator<char> >, std::__cxx11::basic_string<char, std::char_traits<char>, std::allocator<char> >, std::less<std::__cxx11::basic_string<char, std::char_traits<char>, std::allocator<char> > >, std::allocator<std::pair<std::__cxx11::basic_string<char, std::char_traits<char>, std::allocator<char> > const, std::__cxx11::basic_string<char, std::char_traits<char>, std::allocator<char> > > > > const&)'\n"}
[5.359252] (rtabmap) StderrLine: {'line': b"/usr/bin/ld: ../../bin/librtabmap_gui.so.0.23.4: undefined reference to `rtabmap::EditDepthArea::EditDepthArea(QWidget*)'\n"}
[5.359354] (rtabmap) StderrLine: {'line': b"/usr/bin/ld: ../../bin/librtabmap_gui.so.0.23.4: undefined reference to `rtabmap::MainWindow::rtabmapGoalStatusEventReceived(int)'\n"}
[5.359433] (rtabmap) StderrLine: {'line': b"/usr/bin/ld: ../../bin/librtabmap_gui.so.0.23.4: undefined reference to `rtabmap::ImageView::setFeatureColor(int, QColor)'\n"}
[5.360218] (rtabmap) StderrLine: {'line': b"/usr/bin/ld: ../../bin/librtabmap_gui.so.0.23.4: undefined reference to `rtabmap::StatsToolBox::closeFigures()'\n"}
[5.360493] (rtabmap) StderrLine: {'line': b"/usr/bin/ld: ../../bin/librtabmap_gui.so.0.23.4: undefined reference to `rtabmap::GraphViewer::linkSelected(int, int)'\n"}
[5.361239] (rtabmap) StderrLine: {'line': b"/usr/bin/ld: ../../bin/librtabmap_gui.so.0.23.4: undefined reference to `rtabmap::ProgressDialog::clear()'\n"}
[5.361830] (rtabmap) StderrLine: {'line': b"/usr/bin/ld: ../../bin/librtabmap_gui.so.0.23.4: undefined reference to `rtabmap::ProgressDialog::resetProgress()'\n"}
[5.366474] (rtabmap) StderrLine: {'line': b"/usr/bin/ld: ../../bin/librtabmap_gui.so.0.23.4: undefined reference to `UPlot::removeCurves()'\n"}
[5.366761] (rtabmap) StderrLine: {'line': b"/usr/bin/ld: ../../bin/librtabmap_gui.so.0.23.4: undefined reference to `rtabmap::ImageView::setLinesShown(bool)'\n"}
[5.366844] (rtabmap) StderrLine: {'line': b"/usr/bin/ld: ../../bin/librtabmap_gui.so.0.23.4: undefined reference to `rtabmap::StatsToolBox::updateStat(QString const&, double, double, bool)'\n"}
[5.366920] (rtabmap) StderrLine: {'line': b"/usr/bin/ld: ../../bin/librtabmap_gui.so.0.23.4: undefined reference to `rtabmap::ProgressDialog::incrementStep(int)'\n"}
[5.367544] (rtabmap) StderrLine: {'line': b"/usr/bin/ld: ../../bin/librtabmap_gui.so.0.23.4: undefined reference to `rtabmap::MainWindow::rtabmapGlobalPathEventReceived(rtabmap::RtabmapGlobalPathEvent const&)'\n"}
[5.367658] (rtabmap) StderrLine: {'line': b"/usr/bin/ld: CMakeFiles/calibration.dir/main.cpp.o: in function `main':\n"}
[5.367734] (rtabmap) StderrLine: {'line': b"main.cpp:(.text.startup+0x33a): undefined reference to `rtabmap::CalibrationDialog::CalibrationDialog(bool, QString const&, bool, QWidget*)'\n"}
[5.367811] (rtabmap) StderrLine: {'line': b"/usr/bin/ld: main.cpp:(.text.startup+0x56f): undefined reference to `rtabmap::CalibrationDialog::setStereoMode(bool, QString const&, QString const&)'\n"}
[5.367884] (rtabmap) StderrLine: {'line': b"/usr/bin/ld: main.cpp:(.text.startup+0x6ce): undefined reference to `rtabmap::CalibrationDialog::~CalibrationDialog()'\n"}
[5.367971] (rtabmap) StderrLine: {'line': b"/usr/bin/ld: main.cpp:(.text.startup+0x963): undefined reference to `rtabmap::CalibrationDialog::setStereoMode(bool, QString const&, QString const&)'\n"}
[5.368160] (rtabmap) StderrLine: {'line': b"/usr/bin/ld: main.cpp:(.text.startup+0x97b): undefined reference to `rtabmap::CalibrationDialog::setFisheyeModel()'\n"}
[5.368248] (rtabmap) StderrLine: {'line': b"/usr/bin/ld: main.cpp:(.text.startup+0x9f9): undefined reference to `rtabmap::CalibrationDialog::setStereoMode(bool, QString const&, QString const&)'\n"}
[5.368337] (rtabmap) StderrLine: {'line': b"/usr/bin/ld: main.cpp:(.text.startup+0xa77): undefined reference to `rtabmap::CalibrationDialog::setStereoMode(bool, QString const&, QString const&)'\n"}
[5.368413] (rtabmap) StderrLine: {'line': b"/usr/bin/ld: main.cpp:(.text.startup+0xb3c): undefined reference to `rtabmap::CalibrationDialog::setSwitchedImages(bool)'\n"}
[5.368501] (rtabmap) StderrLine: {'line': b"/usr/bin/ld: main.cpp:(.text.startup+0xb71): undefined reference to `rtabmap::CalibrationDialog::setStereoMode(bool, QString const&, QString const&)'\n"}
[5.368757] (rtabmap) StderrLine: {'line': b"/usr/bin/ld: CMakeFiles/calibration.dir/main.cpp.o: in function `main.cold':\n"}
[5.368840] (rtabmap) StderrLine: {'line': b"main.cpp:(.text.unlikely+0x1d): undefined reference to `rtabmap::CalibrationDialog::~CalibrationDialog()'\n"}
[5.368917] (rtabmap) StderrLine: {'line': b"/usr/bin/ld: ../../bin/librtabmap_gui.so.0.23.4: undefined reference to `QMultiComboBox::setItemChecked(int, bool)'\n"}
[5.368992] (rtabmap) StderrLine: {'line': b"/usr/bin/ld: ../../bin/librtabmap_gui.so.0.23.4: undefined reference to `rtabmap::MainWindow::stateChanged(rtabmap::MainWindow::State)'\n"}
[5.369071] (rtabmap) StderrLine: {'line': b"/usr/bin/ld: ../../bin/librtabmap_gui.so.0.23.4: undefined reference to `rtabmap::DataRecorder::addData(rtabmap::SensorData const&, rtabmap::Transform const&, cv::Mat const&)'\n"}
[5.369160] (rtabmap) StderrLine: {'line': b"/usr/bin/ld: ../../bin/librtabmap_gui.so.0.23.4: undefined reference to `rtabmap::GraphViewer::staticMetaObject'\n"}
[5.369236] (rtabmap) StderrLine: {'line': b"/usr/bin/ld: ../../bin/librtabmap_gui.so.0.23.4: undefined reference to `rtabmap::PostProcessingDialog::iterations() const'\n"}
[5.369324] (rtabmap) StderrLine: {'line': b"/usr/bin/ld: ../../bin/librtabmap_gui.so.0.23.4: undefined reference to `rtabmap::ImageView::getDefaultMatchingFeatureColor() const'\n"}
[5.369495] (rtabmap) StderrLine: {'line': b"/usr/bin/ld: ../../bin/librtabmap_gui.so.0.23.4: undefined reference to `rtabmap::EditMapArea::EditMapArea(QWidget*)'\n"}
[5.369580] (rtabmap) StderrLine: {'line': b"/usr/bin/ld: ../../bin/librtabmap_gui.so.0.23.4: undefined reference to `rtabmap::MainWindow::noMoreImagesReceived()'\n"}
[5.369748] (rtabmap) StderrLine: {'line': b"/usr/bin/ld: ../../bin/librtabmap_gui.so.0.23.4: undefined reference to `rtabmap::ConsoleWidget::ConsoleWidget(QWidget*)'\n"}
[5.369966] (rtabmap) StderrLine: {'line': b"/usr/bin/ld: ../../bin/librtabmap_gui.so.0.23.4: undefined reference to `vtable for rtabmap::ParametersToolBox'\n"}
[5.370048] (rtabmap) StderrLine: {'line': b"/usr/bin/ld: ../../bin/librtabmap_gui.so.0.23.4: undefined reference to `rtabmap::EditMapArea::setMap(cv::Mat const&)'\n"}
[5.370124] (rtabmap) StderrLine: {'line': b"/usr/bin/ld: ../../bin/librtabmap_gui.so.0.23.4: undefined reference to `rtabmap::ExportBundlerDialog::staticMetaObject'\n"}
[5.372386] (rtabmap) StderrLine: {'line': b"/usr/bin/ld: ../../bin/librtabmap_gui.so.0.23.4: undefined reference to `rtabmap::PreferencesDialog::staticMetaObject'\n"}
[5.376306] (rtabmap) StderrLine: {'line': b"/usr/bin/ld: ../../bin/librtabmap_gui.so.0.23.4: undefined reference to `rtabmap::ImageView::ImageView(QWidget*)'\n"}
[5.376569] (rtabmap) StderrLine: {'line': b"/usr/bin/ld: ../../bin/librtabmap_gui.so.0.23.4: undefined reference to `rtabmap::MainWindow::staticMetaObject'\n"}
[5.376647] (rtabmap) StderrLine: {'line': b"/usr/bin/ld: ../../bin/librtabmap_gui.so.0.23.4: undefined reference to `rtabmap::CalibrationDialog::setSwitchedImages(bool)'\n"}
[5.376719] (rtabmap) StderrLine: {'line': b"/usr/bin/ld: ../../bin/librtabmap_gui.so.0.23.4: undefined reference to `rtabmap::CalibrationDialog::setSquareSize(double)'\n"}
[5.376901] (rtabmap) StderrLine: {'line': b"/usr/bin/ld: ../../bin/librtabmap_gui.so.0.23.4: undefined reference to `rtabmap::StatsToolBox::clear()'\n"}
[5.377382] (rtabmap) StderrLine: {'line': b"/usr/bin/ld: ../../bin/librtabmap_gui.so.0.23.4: undefined reference to `rtabmap::CalibrationDialog::setStereoMode(bool, QString const&, QString const&)'\n"}
[5.377857] (rtabmap) StderrLine: {'line': b"/usr/bin/ld: ../../bin/librtabmap_gui.so.0.23.4: undefined reference to `rtabmap::ImageView::setFeatures(std::vector<cv::KeyPoint, std::allocator<cv::KeyPoint> > const&, cv::Mat const&, QColor const&)'\n"}
[5.378180] (rtabmap) StderrLine: {'line': b"/usr/bin/ld: ../../bin/librtabmap_gui.so.0.23.4: undefined reference to `rtabmap::ImageView::getDefaultMatchingLineColor() const'\n"}
[5.378680] (rtabmap) StderrLine: {'line': b"/usr/bin/ld: ../../bin/librtabmap_gui.so.0.23.4: undefined reference to `rtabmap::GraphViewer::nodeSelected(int)'\n"}
[5.379659] (rtabmap) StderrLine: {'line': b"/usr/bin/ld: ../../bin/librtabmap_gui.so.0.23.4: undefined reference to `rtabmap::CalibrationDialog::stereoCalibration(rtabmap::CameraModel const&, rtabmap::CameraModel const&, bool, QTextStream*) const'\n"}
[5.383516] (rtabmap) StderrLine: {'line': b"/usr/bin/ld: ../../bin/librtabmap_gui.so.0.23.4: undefined reference to `vtable for rtabmap::ExportCloudsDialog'\n"}
[5.383737] (rtabmap) StderrLine: {'line': b"/usr/bin/ld: ../../bin/librtabmap_gui.so.0.23.4: undefined reference to `rtabmap::ExportBundlerDialog::setWorkingDirectory(QString const&)'\n"}
[5.383819] (rtabmap) StderrLine: {'line': b"/usr/bin/ld: ../../bin/librtabmap_gui.so.0.23.4: undefined reference to `rtabmap::ExportDialog::isRgbExported() const'\n"}
[5.384140] (rtabmap) StderrLine: {'line': b"/usr/bin/ld: ../../bin/librtabmap_gui.so.0.23.4: undefined reference to `rtabmap::PostProcessingDialog::sbaVariance() const'\n"}
[5.385361] (rtabmap) StderrLine: {'line': b"/usr/bin/ld: ../../bin/librtabmap_gui.so.0.23.4: undefined reference to `rtabmap::EditConstraintDialog::~EditConstraintDialog()'\n"}
[5.385607] (rtabmap) StderrLine: {'line': b"/usr/bin/ld: ../../bin/librtabmap_gui.so.0.23.4: undefined reference to `vtable for rtabmap::MultiSessionLocWidget'\n"}
[5.385798] (rtabmap) StderrLine: {'line': b"/usr/bin/ld: ../../bin/librtabmap_gui.so.0.23.4: undefined reference to `rtabmap::ParametersToolBox::staticMetaObject'\n"}
[5.385883] (rtabmap) StderrLine: {'line': b"/usr/bin/ld: ../../bin/librtabmap_gui.so.0.23.4: undefined reference to `vtable for rtabmap::TexturingState'\n"}
[5.385955] (rtabmap) StderrLine: {'line': b"/usr/bin/ld: ../../bin/librtabmap_gui.so.0.23.4: undefined reference to `rtabmap::CalibrationDialog::resetSettings()'\n"}
[5.386116] (rtabmap) StderrLine: {'line': b"/usr/bin/ld: ../../bin/librtabmap_gui.so.0.23.4: undefined reference to `rtabmap::ImageView::clearLines()'\n"}
[5.386556] (rtabmap) StderrLine: {'line': b"/usr/bin/ld: ../../bin/librtabmap_gui.so.0.23.4: undefined reference to `rtabmap::GraphViewer::mapShownRequested()'\n"}
[5.386642] (rtabmap) StderrLine: {'line': b"/usr/bin/ld: ../../bin/librtabmap_gui.so.0.23.4: undefined reference to `QMultiComboBox::itemText(int)'\n"}
[5.386720] (rtabmap) StderrLine: {'line': b"/usr/bin/ld: ../../bin/librtabmap_gui.so.0.23.4: undefined reference to `rtabmap::ImageView::clearFeatures()'\n"}
[5.386808] (rtabmap) StderrLine: {'line': b"/usr/bin/ld: ../../bin/librtabmap_gui.so.0.23.4: undefined reference to `rtabmap::PostProcessingDialog::staticMetaObject'\n"}
[5.390605] (-) TimerEvent: {}
[5.390685] (rtabmap) StderrLine: {'line': b"/usr/bin/ld: ../../bin/librtabmap_gui.so.0.23.4: undefined reference to `rtabmap::MapVisibilityWidget::clear()'\n"}
[5.390846] (rtabmap) StderrLine: {'line': b"/usr/bin/ld: ../../bin/librtabmap_gui.so.0.23.4: undefined reference to `rtabmap::ExportDialog::isDepth2dExported() const'\n"}
[5.390923] (rtabmap) StderrLine: {'line': b"/usr/bin/ld: ../../bin/librtabmap_gui.so.0.23.4: undefined reference to `rtabmap::PdfPlotCurve::PdfPlotCurve(QString const&, QMap<int, rtabmap::Signature> const*, QObject*)'\n"}
[5.391002] (rtabmap) StderrLine: {'line': b"/usr/bin/ld: ../../bin/librtabmap_gui.so.0.23.4: undefined reference to `vtable for rtabmap::MainWindow'\n"}
[5.391078] (rtabmap) StderrLine: {'line': b"/usr/bin/ld: ../../bin/librtabmap_gui.so.0.23.4: undefined reference to `rtabmap::CalibrationDialog::setBoardWidth(int)'\n"}
[5.391621] (rtabmap) StderrLine: {'line': b"/usr/bin/ld: ../../bin/librtabmap_gui.so.0.23.4: undefined reference to `rtabmap::ProgressDialog::ProgressDialog(QWidget*, QFlags<Qt::WindowType>)'\n"}
[5.391751] (rtabmap) StderrLine: {'line': b"/usr/bin/ld: ../../bin/librtabmap_gui.so.0.23.4: undefined reference to `rtabmap::PdfPlotCurve::setData(QMap<int, float> const&, QMap<int, int> const&)'\n"}
[5.391862] (rtabmap) StderrLine: {'line': b"/usr/bin/ld: ../../bin/librtabmap_gui.so.0.23.4: undefined reference to `rtabmap::MainWindow::imgRateChanged(double)'\n"}
[5.391961] (rtabmap) StderrLine: {'line': b"/usr/bin/ld: ../../bin/librtabmap_gui.so.0.23.4: undefined reference to `rtabmap::ImageView::isLinesShown() const'\n"}
[5.392036] (rtabmap) StderrLine: {'line': b"/usr/bin/ld: ../../bin/librtabmap_gui.so.0.23.4: undefined reference to `rtabmap::StatsToolBox::updateStat(QString const&, std::vector<double, std::allocator<double> > const&, std::vector<double, std::allocator<double> > const&, bool)'\n"}
[5.392116] (rtabmap) StderrLine: {'line': b"/usr/bin/ld: ../../bin/librtabmap_gui.so.0.23.4: undefined reference to `rtabmap::ImageView::viewScale() const'\n"}
[5.392189] (rtabmap) StderrLine: {'line': b"/usr/bin/ld: ../../bin/librtabmap_gui.so.0.23.4: undefined reference to `rtabmap::ProgressDialog::setValue(int)'\n"}
[5.392271] (rtabmap) StderrLine: {'line': b"/usr/bin/ld: ../../bin/librtabmap_gui.so.0.23.4: undefined reference to `rtabmap::ImageView::setAlpha(int)'\n"}
[5.392354] (rtabmap) StderrLine: {'line': b"/usr/bin/ld: ../../bin/librtabmap_gui.so.0.23.4: undefined reference to `rtabmap::ImageView::saveSettings(QSettings&, QString const&) const'\n"}
[5.392434] (rtabmap) StderrLine: {'line': b"/usr/bin/ld: ../../bin/librtabmap_gui.so.0.23.4: undefined reference to `rtabmap::MapVisibilityWidget::MapVisibilityWidget(QWidget*)'\n"}
[5.392525] (rtabmap) StderrLine: {'line': b"/usr/bin/ld: ../../bin/librtabmap_gui.so.0.23.4: undefined reference to `rtabmap::PostProcessingDialog::sbaRematchFeatures() const'\n"}
[5.392601] (rtabmap) StderrLine: {'line': b"/usr/bin/ld: ../../bin/librtabmap_gui.so.0.23.4: undefined reference to `rtabmap::ImageView::sceneRect() const'\n"}
[5.392680] (rtabmap) StderrLine: {'line': b"/usr/bin/ld: ../../bin/librtabmap_gui.so.0.23.4: undefined reference to `rtabmap::ParametersToolBox::parametersChanged(QStringList const&)'\n"}
[5.392756] (rtabmap) StderrLine: {'line': b"/usr/bin/ld: ../../bin/librtabmap_gui.so.0.23.4: undefined reference to `rtabmap::CalibrationDialog::boardWidth() const'\n"}
[5.392834] (rtabmap) StderrLine: {'line': b"/usr/bin/ld: ../../bin/librtabmap_gui.so.0.23.4: undefined reference to `rtabmap::ExportBundlerDialog::loadSettings(QSettings&, QString const&)'\n"}
[5.393153] (rtabmap) StderrLine: {'line': b"/usr/bin/ld: ../../bin/librtabmap_gui.so.0.23.4: undefined reference to `rtabmap::LinkRefiningDialog::isRangeByMapId() const'\n"}
[5.393268] (rtabmap) StderrLine: {'line': b"/usr/bin/ld: ../../bin/librtabmap_gui.so.0.23.4: undefined reference to `rtabmap::LoopClosureViewer::updateView(rtabmap::Transform const&, std::map<std::__cxx11::basic_string<char, std::char_traits<char>, std::allocator<char> >, std::__cxx11::basic_string<char, std::char_traits<char>, std::allocator<char> >, std::less<std::__cxx11::basic_string<char, std::char_traits<char>, std::allocator<char> > >, std::allocator<std::pair<std::__cxx11::basic_string<char, std::char_traits<char>, std::allocator<char> > const, std::__cxx11::basic_string<char, std::char_traits<char>, std::allocator<char> > > > > const&)'\n"}
[5.393364] (rtabmap) StderrLine: {'line': b"/usr/bin/ld: ../../bin/librtabmap_gui.so.0.23.4: undefined reference to `rtabmap::ExportDialog::~ExportDialog()'\n"}
[5.393617] (rtabmap) StderrLine: {'line': b"/usr/bin/ld: ../../bin/librtabmap_gui.so.0.23.4: undefined reference to `rtabmap::ImageView::getDefaultFeatureColor() const'\n"}
[5.394052] (rtabmap) StderrLine: {'line': b"/usr/bin/ld: ../../bin/librtabmap_gui.so.0.23.4: undefined reference to `rtabmap::ProgressDialog::~ProgressDialog()'\n"}
[5.394135] (rtabmap) StderrLine: {'line': b"/usr/bin/ld: ../../bin/librtabmap_gui.so.0.23.4: undefined reference to `rtabmap::StatsToolBox::updateStat(QString const&, double, bool)'\n"}
[5.394218] (rtabmap) StderrLine: {'line': b"/usr/bin/ld: CMakeFiles/epipolar_geometry.dir/main.cpp.o: in function `MainWidget::drawKeypoints(std::multimap<int, cv::KeyPoint, std::less<int>, std::allocator<std::pair<int const, cv::KeyPoint> > > const&, std::multimap<int, cv::KeyPoint, std::less<int>, std::allocator<std::pair<int const, cv::KeyPoint> > > const&, std::vector<unsigned char, std::allocator<unsigned char> > const&)':\n"}
[5.394316] (rtabmap) StderrLine: {'line': b"main.cpp:(.text._ZN10MainWidget13drawKeypointsERKSt8multimapIiN2cv8KeyPointESt4lessIiESaISt4pairIKiS2_EEESB_RKSt6vectorIhSaIhEE[_ZN10MainWidget13drawKeypointsERKSt8multimapIiN2cv8KeyPointESt4lessIiESaISt4pairIKiS2_EEESB_RKSt6vectorIhSaIhEE]+0x1e8): undefined reference to `rtabmap::ImageView::addFeature(int, cv::KeyPoint const&, float, QColor)'\n"}
[5.394396] (rtabmap) StderrLine: {'line': b"/usr/bin/ld: main.cpp:(.text._ZN10MainWidget13drawKeypointsERKSt8multimapIiN2cv8KeyPointESt4lessIiESaISt4pairIKiS2_EEESB_RKSt6vectorIhSaIhEE[_ZN10MainWidget13drawKeypointsERKSt8multimapIiN2cv8KeyPointESt4lessIiESaISt4pairIKiS2_EEESB_RKSt6vectorIhSaIhEE]+0x341): undefined reference to `rtabmap::ImageView::addLine(float, float, float, float, QColor, QString const&)'\n"}
[5.398689] (rtabmap) StderrLine: {'line': b"/usr/bin/ld: /usr/bin/ld: ../../bin/librtabmap_gui.so.0.23.4: undefined reference to `QMultiComboBox::clear()'\n"}
[5.398934] (rtabmap) StderrLine: {'line': b"CMakeFiles/epipolar_geometry.dir/main.cpp.o: in function `MainWidget::MainWidget(cv::Mat const&, cv::Mat const&, std::multimap<int, cv::KeyPoint, std::less<int>, std::allocator<std::pair<int const, cv::KeyPoint> > > const&, std::multimap<int, cv::KeyPoint, std::less<int>, std::allocator<std::pair<int const, cv::KeyPoint> > > const&, std::vector<unsigned char, std::allocator<unsigned char> > const&)':\n"}
[5.399030] (rtabmap) StderrLine: {'line': b"main.cpp:(.text._ZN10MainWidgetC2ERKN2cv3MatES3_RKSt8multimapIiNS0_8KeyPointESt4lessIiESaISt4pairIKiS5_EEESE_RKSt6vectorIhSaIhEE[_ZN10MainWidgetC5ERKN2cv3MatES3_RKSt8multimapIiNS0_8KeyPointESt4lessIiESaISt4pairIKiS5_EEESE_RKSt6vectorIhSaIhEE]+0x76): undefined reference to `rtabmap::ImageView::ImageView(QWidget*)'\n"}
[5.399115] (rtabmap) StderrLine: {'line': b"/usr/bin/ld: main.cpp:(.text._ZN10MainWidgetC2ERKN2cv3MatES3_RKSt8multimapIiNS0_8KeyPointESt4lessIiESaISt4pairIKiS5_EEESE_RKSt6vectorIhSaIhEE[_ZN10MainWidgetC5ERKN2cv3MatES3_RKSt8multimapIiNS0_8KeyPointESt4lessIiESaISt4pairIKiS5_EEESE_RKSt6vectorIhSaIhEE]+0x109): undefined reference to `rtabmap::ImageView::setSceneRect(QRectF const&)'\n"}
[5.399265] (rtabmap) StderrLine: {'line': b"/usr/bin/ld: main.cpp:(.text._ZN10MainWidgetC2ERKN2cv3MatES3_RKSt8multimapIiNS0_8KeyPointESt4lessIiESaISt4pairIKiS5_EEESE_RKSt6vectorIhSaIhEE[_ZN10MainWidgetC5ERKN2cv3MatES3_RKSt8multimapIiNS0_8KeyPointESt4lessIiESaISt4pairIKiS5_EEESE_RKSt6vectorIhSaIhEE]+0x117): undefined reference to `rtabmap::ImageView::setLinesShown(bool)'\n"}
[5.399366] (rtabmap) StderrLine: {'line': b"/usr/bin/ld: main.cpp:(/usr/bin/ld.text._ZN10MainWidgetC2ERKN2cv3MatES3_RKSt8multimapIiNS0_8KeyPointESt4lessIiESaISt4pairIKiS5_EEESE_RKSt6vectorIhSaIhEE: [_ZN10MainWidgetC5ERKN2cv3MatES3_RKSt8multimapIiNS0_8KeyPointESt4lessIiESaISt4pairIKiS5_EEESE_RKSt6vectorIhSaIhEE]../../bin/librtabmap_gui.so.0.23.4+0x: undefined reference to `122): undefined reference to `rtabmap::ImageView::setFeaturesShown(bool)'\n"}
[5.399471] (rtabmap) StderrLine: {'line': b"rtabmap::MainWindow::rtabmapEvent3DMapReceived(rtabmap::RtabmapEvent3DMap const&)'\n"}
[5.399561] (rtabmap) StderrLine: {'line': b"/usr/bin/ld: main.cpp:(.text._ZN10MainWidgetC2ERKN2cv3MatES3_RKSt8multimapIiNS0_8KeyPointESt4lessIiESaISt4pairIKiS5_EEESE_RKSt6vectorIhSaIhEE[_ZN10MainWidgetC5ERKN2cv3MatES3_RKSt8multimapIiNS0_8KeyPointESt4lessIiESaISt4pairIKiS5_EEESE_RKSt6vectorIhSaIhEE]+0x130): undefined reference to `rtabmap::ImageView::setImageDepthShown(bool)'\n"}
[5.399644] (rtabmap) StderrLine: {'line': b"/usr/bin/ld: main.cpp:(.text._ZN10MainWidgetC2ERKN2cv3MatES3_RKSt8multimapIiNS0_8KeyPointESt4lessIiESaISt4pairIKiS5_EEESE_RKSt6vectorIhSaIhEE[_ZN10MainWidgetC5ERKN2cv3MatES3_RKSt8multimapIiNS0_8KeyPointESt4lessIiESaISt4pairIKiS5_EEESE_RKSt6vectorIhSaIhEE]+0x185): undefined reference to `rtabmap::ImageView::setImage(QImage const&, std::vector<rtabmap::CameraModel, std::allocator<rtabmap::CameraModel> > const&, rtabmap::Transform const&)'\n"}
[5.399744] (rtabmap) StderrLine: {'line': b"/usr/bin/ld: main.cpp:(.text._ZN10MainWidgetC2ERKN2cv3MatES3_RKSt8multimapIiNS0_8KeyPointESt4lessIiESaISt4pairIKiS5_EEESE_RKSt6vectorIhSaIhEE[_ZN10MainWidgetC5ERKN2cv3MatES3_RKSt8multimapIiNS0_8KeyPointESt4lessIiESaISt4pairIKiS5_EEESE_RKSt6vectorIhSaIhEE]+0x28d): undefined reference to `rtabmap::ImageView::setImageDepth(cv::Mat const&, cv::Mat const&)'\n"}
[5.399853] (rtabmap) StderrLine: {'line': b"/usr/bin/ld: ../../bin/librtabmap_gui.so.0.23.4: undefined reference to `vtable for rtabmap::CloudViewer'\n"}
[5.399979] (rtabmap) StderrLine: {'line': b"/usr/bin/ld: ../../bin/librtabmap_gui.so.0.23.4: undefined reference to `rtabmap::ImageView::getDefaultBackgroundColor() const'\n"}
[5.400060] (rtabmap) StderrLine: {'line': b"/usr/bin/ld: ../../bin/librtabmap_gui.so.0.23.4: undefined reference to `rtabmap::ImageView::isFeaturesShown() const'\n"}
[5.400132] (rtabmap) StderrLine: {'line': b"/usr/bin/ld: ../../bin/librtabmap_gui.so.0.23.4: undefined reference to `rtabmap::PostProcessingDialog::clusterRadius() const'\n"}
[5.400205] (rtabmap) StderrLine: {'line': b"/usr/bin/ld: ../../bin/librtabmap_gui.so.0.23.4: undefined reference to `rtabmap::StatItem::staticMetaObject'\n"}
[5.400289] (rtabmap) StderrLine: {'line': b"/usr/bin/ld: ../../bin/librtabmap_gui.so.0.23.4: undefined reference to `qInitResources_GuiLib()'\n"}
[5.400629] (rtabmap) StderrLine: {'line': b"/usr/bin/ld: ../../bin/librtabmap_gui.so.0.23.4: undefined reference to `rtabmap::ProgressDialog::appendText(QString const&, QColor const&)'\n"}
[5.400709] (rtabmap) StderrLine: {'line': b"/usr/bin/ld: ../../bin/librtabmap_gui.so.0.23.4: undefined reference to `rtabmap::ConsoleWidget::appendMsg(QString const&, int)'\n"}
[5.400788] (rtabmap) StderrLine: {'line': b"/usr/bin/ld: ../../bin/librtabmap_gui.so.0.23.4: undefined reference to `rtabmap::MainWindow::timeLimitChanged(float)'\n"}
[5.400858] (rtabmap) StderrLine: {'line': b"/usr/bin/ld: ../../bin/librtabmap_gui.so.0.23.4: undefined reference to `rtabmap::ExportDialog::framesIgnored() const'\n"}
[5.400930] (rtabmap) StderrLine: {'line': b"/usr/bin/ld: ../../bin/librtabmap_gui.so.0.23.4: undefined reference to `rtabmap::MapVisibilityWidget::setMap(std::map<int, rtabmap::Transform, std::less<int>, std::allocator<std::pair<int const, rtabmap::Transform> > > const&, std::map<int, bool, std::less<int>, std::allocator<std::pair<int const, bool> > > const&)'\n"}
[5.401004] (rtabmap) StderrLine: {'line': b"/usr/bin/ld: ../../bin/librtabmap_gui.so.0.23.4: undefined reference to `rtabmap::StatsToolBox::updateStat(QString const&, bool)'\n"}
[5.401194] (rtabmap) StderrLine: {'line': b"/usr/bin/ld: ../../bin/librtabmap_gui.so.0.23.4: undefined reference to `rtabmap::MainWindow::loopClosureThrChanged(double)'\n"}
[5.401699] (rtabmap) StderrLine: {'line': b"/usr/bin/ld: ../../bin/librtabmap_gui.so.0.23.4: undefined reference to `rtabmap::CalibrationDialog::setBoardHeight(int)'\n"}
[5.401898] (rtabmap) StderrLine: {'line': b"/usr/bin/ld: ../../bin/librtabmap_gui.so.0.23.4: undefined reference to `rtabmap::MainWindow::rtabmapLabelErrorReceived(int, QString const&)'\n"}
[5.402697] (rtabmap) StderrLine: {'line': b"/usr/bin/ld: ../../bin/librtabmap_gui.so.0.23.4: undefined reference to `rtabmap::vtkImageMatSource::SetImage(cv::_InputArray const&)'\n"}
[5.403047] (rtabmap) StderrLine: {'line': b"/usr/bin/ld: ../../bin/librtabmap_gui.so.0.23.4: undefined reference to `UPlot::addCurve(UPlotCurve*, bool)'\n"}
[5.403481] (rtabmap) StderrLine: {'line': b"/usr/bin/ld: ../../bin/librtabmap_gui.so.0.23.4: undefined reference to `rtabmap::LinkRefiningDialog::LinkRefiningDialog(QWidget*)'\n"}
[5.403724] (rtabmap) StderrLine: {'line': b"/usr/bin/ld: ../../bin/librtabmap_gui.so.0.23.4: undefined reference to `rtabmap::OdometryViewer::OdometryViewer(int, int, float, float, int, QWidget*, std::map<std::__cxx11::basic_string<char, std::char_traits<char>, std::allocator<char> >, std::__cxx11::basic_string<char, std::char_traits<char>, std::allocator<char> >, std::less<std::__cxx11::basic_string<char, std::char_traits<char>, std::allocator<char> > >, std::allocator<std::pair<std::__cxx11::basic_string<char, std::char_traits<char>, std::allocator<char> > const, std::__cxx11::basic_string<char, std::char_traits<char>, std::allocator<char> > > > > const&)'\n"}
[5.403836] (rtabmap) StderrLine: {'line': b"/usr/bin/ld: ../../bin/librtabmap_gui.so.0.23.4: undefined reference to `rtabmap::PostProcessingDialog::sbaType() const'\n"}
[5.405276] (rtabmap) StderrLine: {'line': b"/usr/bin/ld: ../../bin/librtabmap_gui.so.0.23.4: undefined reference to `rtabmap::ProgressDialog::setAutoClose(bool, int)'\n"}
[5.405490] (rtabmap) StderrLine: {'line': b"/usr/bin/ld: ../../bin/librtabmap_gui.so.0.23.4: undefined reference to `QMultiComboBox::setCurrentIndex(int)'\n"}
[5.405941] (rtabmap) StderrLine: {'line': b"/usr/bin/ld: ../../bin/librtabmap_gui.so.0.23.4: undefined reference to `rtabmap::ImageView::setImageShown(bool)'\n"}
[5.409395] (rtabmap) StderrLine: {'line': b"/usr/bin/ld: ../../bin/librtabmap_gui.so.0.23.4: undefined reference to `rtabmap::ImageView::isImageShown() const'\n"}
[5.409591] (rtabmap) StderrLine: {'line': b"/usr/bin/ld: ../../bin/librtabmap_gui.so.0.23.4: undefined reference to `rtabmap::ImageView::staticMetaObject'\n"}
[5.409672] (rtabmap) StderrLine: {'line': b"/usr/bin/ld: ../../bin/librtabmap_gui.so.0.23.4: undefined reference to `rtabmap::PostProcessingDialog::intraSession() const'\n"}
[5.409956] (rtabmap) StderrLine: {'line': b"/usr/bin/ld: ../../bin/librtabmap_gui.so.0.23.4: undefined reference to `rtabmap::EditDepthArea::setColorMap(uCvQtDepthColorMap)'\n"}
[5.410068] (rtabmap) StderrLine: {'line': b"/usr/bin/ld: ../../bin/librtabmap_gui.so.0.23.4: undefined reference to `rtabmap::ExportDialog::isOdomExported() const'\n"}
[5.410144] (rtabmap) StderrLine: {'line': b"/usr/bin/ld: ../../bin/librtabmap_gui.so.0.23.4: undefined reference to `rtabmap::LinkRefiningDialog::getLinkType() const'\n"}
[5.410219] (rtabmap) StderrLine: {'line': b"/usr/bin/ld: ../../bin/librtabmap_gui.so.0.23.4: undefined reference to `rtabmap::MultiSessionLocSubView::clear()'\n"}
[5.412672] (rtabmap) StderrLine: {'line': b"/usr/bin/ld: ../../bin/librtabmap_gui.so.0.23.4: undefined reference to `rtabmap::PostProcessingDialog::isRefineNeighborLinks() const'\n"}
[5.412846] (rtabmap) StderrLine: {'line': b"/usr/bin/ld: ../../bin/librtabmap_gui.so.0.23.4: undefined reference to `rtabmap::MainWindow::odometryReceived(rtabmap::OdometryEvent const&, bool)'\n"}
[5.412932] (rtabmap) StderrLine: {'line': b"/usr/bin/ld: ../../bin/librtabmap_gui.so.0.23.4: undefined reference to `rtabmap::PostProcessingDialog::saveSettings(QSettings&, QString const&) const'\n"}
[5.413016] (rtabmap) StderrLine: {'line': b"/usr/bin/ld: ../../bin/librtabmap_gui.so.0.23.4: undefined reference to `rtabmap::EditMapArea::getModifiedMap() const'\n"}
[5.413209] (rtabmap) StderrLine: {'line': b"/usr/bin/ld: ../../bin/librtabmap_gui.so.0.23.4: undefined reference to `rtabmap::ImageView::setBackgroundColor(QColor const&)'\n"}
[5.413309] (rtabmap) StderrLine: {'line': b"/usr/bin/ld: ../../bin/librtabmap_gui.so.0.23.4: undefined reference to `rtabmap::ImageView::clear()'\n"}
[5.413389] (rtabmap) StderrLine: {'line': b"/usr/bin/ld: ../../bin/librtabmap_gui.so.0.23.4: undefined reference to `rtabmap::CalibrationDialog::boardHeight() const'\n"}
[5.413469] (rtabmap) StderrLine: {'line': b"/usr/bin/ld: ../../bin/librtabmap_gui.so.0.23.4: undefined reference to `rtabmap::DepthCalibrationDialog::staticMetaObject'\n"}
[5.413545] (rtabmap) StderrLine: {'line': b"/usr/bin/ld: ../../bin/librtabmap_gui.so.0.23.4: undefined reference to `rtabmap::PostProcessingDialog::clusterAngle() const'\n"}
[5.413725] (rtabmap) StderrLine: {'line': b"/usr/bin/ld: ../../bin/librtabmap_gui.so.0.23.4: undefined reference to `rtabmap::ImageView::setImageDepthShown(bool)'\n"}
[5.415520] (rtabmap) StderrLine: {'line': b"/usr/bin/ld: ../../bin/librtabmap_gui.so.0.23.4: undefined reference to `rtabmap::LinkRefiningDialog::setMinMax(int, int, int, int)'\n"}
[5.415861] (rtabmap_msgs) StdoutLine: {'line': b'[100%] Built target ament_cmake_python_build_rtabmap_msgs_egg\n'}
[5.416010] (rtabmap) StderrLine: {'line': b"/usr/bin/ld: ../../bin/librtabmap_gui.so.0.23.4: undefined reference to `rtabmap::CalibrationDialog::staticMetaObject'\n"}
[5.416092] (rtabmap) StderrLine: {'line': b"/usr/bin/ld: ../../bin/librtabmap_gui.so.0.23.4: undefined reference to `QMultiComboBox::itemData(int)'\n"}
[5.416169] (rtabmap) StderrLine: {'line': b"/usr/bin/ld: ../../bin/librtabmap_gui.so.0.23.4: undefined reference to `UPlot::showLegend(bool)'\n"}
[5.419307] (rtabmap) StderrLine: {'line': b"/usr/bin/ld: ../../bin/librtabmap_gui.so.0.23.4: undefined reference to `rtabmap::LoopClosureViewer::LoopClosureViewer(QWidget*)'\n"}
[5.419548] (rtabmap) StderrLine: {'line': b"/usr/bin/ld: ../../bin/librtabmap_gui.so.0.23.4: undefined reference to `rtabmap::CalibrationDialog::CalibrationDialog(bool, QString const&, bool, QWidget*)'\n"}
[5.419627] (rtabmap) StderrLine: {'line': b"/usr/bin/ld: ../../bin/librtabmap_gui.so.0.23.4: undefined reference to `rtabmap::ImageView::setFeatures(std::multimap<int, cv::KeyPoint, std::less<int>, std::allocator<std::pair<int const, cv::KeyPoint> > > const&, cv::Mat const&, QColor const&)'\n"}
[5.419702] (rtabmap) StderrLine: {'line': b"/usr/bin/ld: ../../bin/librtabmap_gui.so.0.23.4: undefined reference to `rtabmap::PostProcessingDialog::isSBA() const'\n"}
[5.419784] (rtabmap) StderrLine: {'line': b"/usr/bin/ld: ../../bin/librtabmap_gui.so.0.23.4: undefined reference to `rtabmap::ExportDialog::ExportDialog(QWidget*)'\n"}
[5.419856] (rtabmap) StderrLine: {'line': b"/usr/bin/ld: ../../bin/librtabmap_gui.so.0.23.4: undefined reference to `rtabmap::ImageView::setSceneRect(QRectF const&)'\n"}
[5.419949] (rtabmap) StderrLine: {'line': b"/usr/bin/ld: ../../bin/librtabmap_gui.so.0.23.4: undefined reference to `rtabmap::GraphViewer::configChanged()'\n"}
[5.420022] (rtabmap) StderrLine: {'line': b"/usr/bin/ld: ../../bin/librtabmap_gui.so.0.23.4: undefined reference to `rtabmap::EditDepthArea::setImage(cv::Mat const&, cv::Mat const&)'\n"}
[5.420366] (rtabmap) StderrLine: {'line': b"/usr/bin/ld: ../../bin/librtabmap_gui.so.0.23.4: undefined reference to `rtabmap::DatabaseViewer::staticMetaObject'\n"}
[5.420472] (rtabmap) StderrLine: {'line': b"/usr/bin/ld: ../../bin/librtabmap_gui.so.0.23.4: undefined reference to `rtabmap::ImageView::getDepthColorMap() const'\n"}
[5.420546] (rtabmap) StderrLine: {'line': b"/usr/bin/ld: ../../bin/librtabmap_gui.so.0.23.4: undefined reference to `UPlot::addCurve(QString const&, QColor const&)'\n"}
[5.420618] (rtabmap) StderrLine: {'line': b"/usr/bin/ld: ../../bin/librtabmap_gui.so.0.23.4: undefined reference to `rtabmap::CloudViewerInteractorStyle::setOrthoMode(bool)'\n"}
[5.420689] (rtabmap) StderrLine: {'line': b"/usr/bin/ld: ../../bin/librtabmap_gui.so.0.23.4: undefined reference to `QMultiComboBox::count()'\n"}
[5.420761] (rtabmap) StderrLine: {'line': b"/usr/bin/ld: ../../bin/librtabmap_gui.so.0.23.4: undefined reference to `rtabmap::PreferencesDialog::settingsChanged(QFlags<rtabmap::PreferencesDialog::PanelFlag>)'\n"}
[5.421336] (rtabmap) StderrLine: {'line': b"/usr/bin/ld: ../../bin/librtabmap_gui.so.0.23.4: undefined reference to `rtabmap::PostProcessingDialog::interSession() const'\n"}
[5.421821] (rtabmap) StderrLine: {'line': b"/usr/bin/ld: ../../bin/librtabmap_gui.so.0.23.4: undefined reference to `rtabmap::CameraViewer::CameraViewer(QWidget*, std::map<std::__cxx11::basic_string<char, std::char_traits<char>, std::allocator<char> >, std::__cxx11::basic_string<char, std::char_traits<char>, std::allocator<char> >, std::less<std::__cxx11::basic_string<char, std::char_traits<char>, std::allocator<char> > >, std::allocator<std::pair<std::__cxx11::basic_string<char, std::char_traits<char>, std::allocator<char> > const, std::__cxx11::basic_string<char, std::char_traits<char>, std::allocator<char> > > > > const&)'\n"}
[5.422030] (rtabmap) StderrLine: {'line': b"/usr/bin/ld: ../../bin/librtabmap_gui.so.0.23.4: undefined reference to `rtabmap::CameraViewer::setDecimation(int)'\n"}
[5.423183] (rtabmap) StderrLine: {'line': b"/usr/bin/ld: ../../bin/librtabmap_gui.so.0.23.4: undefined reference to `UPlot::UPlot(QWidget*)'\n"}
[5.424076] (rtabmap) StderrLine: {'line': b"/usr/bin/ld: ../../bin/librtabmap_gui.so.0.23.4: undefined reference to `rtabmap::StatsToolBox::addCurve(QString const&, bool, bool)'\n"}
[5.424429] (rtabmap) StderrLine: {'line': b"/usr/bin/ld: ../../bin/librtabmap_gui.so.0.23.4: undefined reference to `rtabmap::ExportDialog::outputPath() const'\n"}
[5.424654] (rtabmap) StderrLine: {'line': b"/usr/bin/ld: ../../bin/librtabmap_gui.so.0.23.4: undefined reference to `rtabmap::CloudViewer::configChanged()'\n"}
[5.424745] (rtabmap) StderrLine: {'line': b'collect2: error: ld returned 1 exit status\n'}
[5.424905] (rtabmap) StderrLine: {'line': b"/usr/bin/ld: ../../bin/librtabmap_gui.so.0.23.4: undefined reference to `rtabmap::AboutDialog::AboutDialog(QWidget*)'\n"}
[5.425126] (rtabmap) StderrLine: {'line': b"/usr/bin/ld: ../../bin/librtabmap_gui.so.0.23.4: undefined reference to `rtabmap::CloudViewer::staticMetaObject'\n"}
[5.425353] (rtabmap) StderrLine: {'line': b"/usr/bin/ld: ../../bin/librtabmap_gui.so.0.23.4: undefined reference to `rtabmap::CalibrationDialog::setProgressVisibility(bool)'\n"}
[5.425438] (rtabmap) StderrLine: {'line': b"/usr/bin/ld: ../../bin/librtabmap_gui.so.0.23.4: undefined reference to `rtabmap::ImageView::addLine(float, float, float, float, QColor, QString const&)'\n"}
[5.429325] (rtabmap) StderrLine: {'line': b"/usr/bin/ld: ../../bin/librtabmap_gui.so.0.23.4: undefined reference to `vtable for rtabmap::DepthCalibrationDialog'\n"}
[5.429641] (rtabmap) StderrLine: {'line': b"/usr/bin/ld: ../../bin/librtabmap_gui.so.0.23.4: undefined reference to `rtabmap::ProgressDialog::setMaximumSteps(int)'\n"}
[5.429804] (rtabmap) StderrLine: {'line': b"/usr/bin/ld: ../../bin/librtabmap_gui.so.0.23.4: undefined reference to `rtabmap::ExportDialog::sessionExported() const'\n"}
[5.429858] (rtabmap) StderrLine: {'line': b"/usr/bin/ld: ../../bin/librtabmap_gui.so.0.23.4: undefined reference to `rtabmap::ProgressDialog::setCancelButtonVisible(bool)'\n"}
[5.429908] (rtabmap) StderrLine: {'line': b"/usr/bin/ld: ../../bin/librtabmap_gui.so.0.23.4: undefined reference to `rtabmap::CalibrationDialog::setRationalModel()'\n"}
[5.429955] (rtabmap) StderrLine: {'line': b"/usr/bin/ld: ../../bin/librtabmap_gui.so.0.23.4: undefined reference to `rtabmap::ExportCloudsDialog::staticMetaObject'\n"}
[5.430001] (rtabmap) StderrLine: {'line': b"/usr/bin/ld: ../../bin/librtabmap_gui.so.0.23.4: undefined reference to `rtabmap::MainWindow::cameraInfoReceived(rtabmap::SensorCaptureInfo const&)'\n"}
[5.430051] (rtabmap) StderrLine: {'line': b"/usr/bin/ld: ../../bin/librtabmap_gui.so.0.23.4: undefined reference to `rtabmap::ImageView::setFeaturesShown(bool)'\n"}
[5.430099] (rtabmap) StderrLine: {'line': b"/usr/bin/ld: ../../bin/librtabmap_gui.so.0.23.4: undefined reference to `rtabmap::MainWindow::rtabmapEvent3DMapProcessed()'\n"}
[5.430147] (rtabmap) StderrLine: {'line': b"/usr/bin/ld: ../../bin/librtabmap_gui.so.0.23.4: undefined reference to `UPlotCurve::addValue(double, double)'\n"}
[5.430215] (rtabmap) StderrLine: {'line': b"/usr/bin/ld: ../../bin/librtabmap_gui.so.0.23.4: undefined reference to `rtabmap::EditConstraintDialog::setPoseGroupVisible(bool)'\n"}
[5.430282] (rtabmap) StderrLine: {'line': b"/usr/bin/ld: ../../bin/librtabmap_gui.so.0.23.4: undefined reference to `rtabmap::ImageView::setImage(QImage const&, std::vector<rtabmap::CameraModel, std::allocator<rtabmap::CameraModel> > const&, rtabmap::Transform const&)'\n"}
[5.430353] (rtabmap) StderrLine: {'line': b"/usr/bin/ld: ../../bin/librtabmap_gui.so.0.23.4: undefined reference to `rtabmap::LoopClosureViewer::setData(rtabmap::Signature const&, rtabmap::Signature const&)'\n"}
[5.430599] (rtabmap) StderrLine: {'line': b"/usr/bin/ld: ../../bin/librtabmap_gui.so.0.23.4: undefined reference to `rtabmap::CalibrationDialog::processImages(cv::Mat const&, cv::Mat const&, QString const&)'\n"}
[5.430833] (rtabmap) StderrLine: {'line': b"/usr/bin/ld: ../../bin/librtabmap_gui.so.0.23.4: undefined reference to `rtabmap::PostProcessingDialog::loadSettings(QSettings&, QString const&)'\n"}
[5.430916] (rtabmap) StderrLine: {'line': b"/usr/bin/ld: ../../bin/librtabmap_gui.so.0.23.4: undefined reference to `rtabmap::ExportBundlerDialog::saveSettings(QSettings&, QString const&) const'\n"}
[5.432140] (rtabmap) StderrLine: {'line': b"/usr/bin/ld: ../../bin/librtabmap_gui.so.0.23.4: undefined reference to `QMultiComboBox::SetDisplayText(QString)'\n"}
[5.435926] (rtabmap) StderrLine: {'line': b'gmake[2]: *** [tools/OdometryViewer/CMakeFiles/odometryViewer.dir/build.make:189\xef\xbc\x9abin/rtabmap-odometryViewer] \xe9\x94\x99\xe8\xaf\xaf 1\n'}
[5.436279] (rtabmap) StderrLine: {'line': b"/usr/bin/ld: ../../bin/librtabmap_gui.so.0.23.4: undefined reference to `rtabmap::MultiSessionLocSubView::MultiSessionLocSubView(rtabmap::ImageView*, int, QWidget*)'\n"}
[5.436368] (rtabmap) StderrLine: {'line': b'gmake[1]: *** [CMakeFiles/Makefile2:1522\xef\xbc\x9atools/OdometryViewer/CMakeFiles/odometryViewer.dir/all] \xe9\x94\x99\xe8\xaf\xaf 2\n'}
[5.436451] (rtabmap) StderrLine: {'line': b'gmake[1]: *** \xe6\xad\xa3\xe5\x9c\xa8\xe7\xad\x89\xe5\xbe\x85\xe6\x9c\xaa\xe5\xae\x8c\xe6\x88\x90\xe7\x9a\x84\xe4\xbb\xbb\xe5\x8a\xa1....\n'}
[5.436657] (rtabmap) StderrLine: {'line': b"/usr/bin/ld: ../../bin/librtabmap_gui.so.0.23.4: undefined reference to `rtabmap::ImageView::loadSettings(QSettings&, QString const&)'\n"}
[5.436734] (rtabmap) StderrLine: {'line': b"/usr/bin/ld: ../../bin/librtabmap_gui.so.0.23.4: undefined reference to `rtabmap::ImageView::setFeaturesColor(QColor)'\n"}
[5.436789] (rtabmap) StderrLine: {'line': b"/usr/bin/ld: ../../bin/librtabmap_gui.so.0.23.4: undefined reference to `vtable for rtabmap::PreferencesDialog'\n"}
[5.437473] (rtabmap) StderrLine: {'line': b"/usr/bin/ld: ../../bin/librtabmap_gui.so.0.23.4: undefined reference to `rtabmap::EditConstraintDialog::getCovariance() const'\n"}
[5.440317] (rtabmap) StderrLine: {'line': b"/usr/bin/ld: ../../bin/librtabmap_gui.so.0.23.4: undefined reference to `rtabmap::PostProcessingDialog::isDetectMoreLoopClosures() const'\n"}
[5.440824] (rtabmap) StderrLine: {'line': b"/usr/bin/ld: ../../bin/librtabmap_gui.so.0.23.4: undefined reference to `rtabmap::CloudViewerCellPicker::New()'\n"}
[5.440962] (rtabmap) StderrLine: {'line': b"/usr/bin/ld: ../../bin/librtabmap_gui.so.0.23.4: undefined reference to `rtabmap::EditDepthArea::getModifiedImage() const'\n"}
[5.441051] (rtabmap) StderrLine: {'line': b"/usr/bin/ld: ../../bin/librtabmap_gui.so.0.23.4: undefined reference to `UPlotCurve::UPlotCurve(QString const&, QVector<double> const&, QVector<double> const&, QObject*)'\n"}
[5.441136] (rtabmap) StderrLine: {'line': b"/usr/bin/ld: ../../bin/librtabmap_gui.so.0.23.4: undefined reference to `rtabmap::PostProcessingDialog::isRefineLoopClosureLinks() const'\n"}
[5.441215] (rtabmap) StderrLine: {'line': b"/usr/bin/ld: ../../bin/librtabmap_gui.so.0.23.4: undefined reference to `rtabmap::MainWindow::rtabmapEventInitReceived(int, QString const&)'\n"}
[5.441306] (rtabmap) StderrLine: {'line': b"/usr/bin/ld: ../../bin/librtabmap_gui.so.0.23.4: undefined reference to `rtabmap::CalibrationDialog::squareSize() const'\n"}
[5.441393] (rtabmap) StderrLine: {'line': b"/usr/bin/ld: ../../bin/librtabmap_gui.so.0.23.4: undefined reference to `rtabmap::vtkImageMatSource::New()'\n"}
[5.441471] (rtabmap) StderrLine: {'line': b"/usr/bin/ld: ../../bin/librtabmap_gui.so.0.23.4: undefined reference to `rtabmap::MapVisibilityWidget::getVisiblePoses() const'\n"}
[5.443355] (rtabmap) StderrLine: {'line': b"/usr/bin/ld: ../../bin/librtabmap_gui.so.0.23.4: undefined reference to `rtabmap::MainWindow::statsReceived(rtabmap::Statistics const&)'\n"}
[5.443519] (rtabmap) StderrLine: {'line': b"/usr/bin/ld: ../../bin/librtabmap_gui.so.0.23.4: undefined reference to `rtabmap::MainWindow::mappingModeChanged(bool)'\n"}
[5.443621] (rtabmap) StderrLine: {'line': b"/usr/bin/ld: ../../bin/librtabmap_gui.so.0.23.4: undefined reference to `vtable for rtabmap::DatabaseViewer'\n"}
[5.443701] (rtabmap) StderrLine: {'line': b"/usr/bin/ld: ../../bin/librtabmap_gui.so.0.23.4: undefined reference to `vtable for rtabmap::RecoveryState'\n"}
[5.443781] (rtabmap_msgs) CommandEnded: {'returncode': 0}
[5.445788] (rtabmap_msgs) JobProgress: {'identifier': 'rtabmap_msgs', 'progress': 'install'}
[5.464731] (rtabmap_msgs) Command: {'cmd': ['/usr/bin/cmake', '--install', '/home/brace/codeSpace/navi/build/rtabmap_msgs'], 'cwd': '/home/brace/codeSpace/navi/build/rtabmap_msgs', 'env': OrderedDict([('GJS_DEBUG_TOPICS', 'JS ERROR;JS LOG'), ('LESSOPEN', '| /usr/bin/lesspipe %s'), ('VSCODE_CWD', '/home/brace'), ('CURSOR_EXTENSION_HOST_ROLE', 'agent-exec'), ('VSCODE_ESM_ENTRYPOINT', 'vs/workbench/api/node/extensionHostProcess'), ('LANGUAGE', 'zh_CN:zh:en_US:en'), ('USER', 'brace'), ('LC_TIME', 'zh_CN.UTF-8'), ('VSCODE_NLS_CONFIG', '{"userLocale":"zh-cn","osLocale":"zh-cn","resolvedLanguage":"zh-cn","defaultMessagesFile":"/usr/share/cursor/resources/app/out/nls.messages.json","languagePack":{"translationsConfigFile":"/home/brace/.config/Cursor/clp/3bfb7f1471a52e527cfc1587dd57c7c1.zh-cn/tcf.json","messagesFile":"/home/brace/.config/Cursor/clp/3bfb7f1471a52e527cfc1587dd57c7c1.zh-cn/60faf7b51077ed1df1db718157bbfed740d2e160/nls.messages.json","corruptMarkerFile":"/home/brace/.config/Cursor/clp/3bfb7f1471a52e527cfc1587dd57c7c1.zh-cn/corrupted.info"},"locale":"zh-cn","availableLanguages":{"*":"zh-cn"},"_languagePackId":"3bfb7f1471a52e527cfc1587dd57c7c1.zh-cn","_languagePackSupport":true,"_translationsConfigFile":"/home/brace/.config/Cursor/clp/3bfb7f1471a52e527cfc1587dd57c7c1.zh-cn/tcf.json","_cacheRoot":"/home/brace/.config/Cursor/clp/3bfb7f1471a52e527cfc1587dd57c7c1.zh-cn","_resolvedLanguagePackCoreLocation":"/home/brace/.config/Cursor/clp/3bfb7f1471a52e527cfc1587dd57c7c1.zh-cn/60faf7b51077ed1df1db718157bbfed740d2e160","_corruptedFile":"/home/brace/.config/Cursor/clp/3bfb7f1471a52e527cfc1587dd57c7c1.zh-cn/corrupted.info"}'), ('CI', '1'), ('VSCODE_HANDLES_UNCAUGHT_ERRORS', 'true'), ('XDG_SESSION_TYPE', 'x11'), ('SHLVL', '1'), ('LD_LIBRARY_PATH', '/home/brace/codeSpace/navi/install/rtabmap_slam/lib:/home/brace/codeSpace/navi/install/rtabmap_odom/lib:/home/brace/codeSpace/navi/install/rtabmap_util/lib:/home/brace/codeSpace/navi/install/rtabmap_sync/lib:/home/brace/codeSpace/navi/install/rtabmap_rviz_plugins/lib:/home/brace/codeSpace/navi/install/rtabmap_conversions/lib:/home/brace/codeSpace/navi/install/rtabmap_msgs/lib:/home/brace/codeSpace/navi/install/rtabmap/lib:/opt/ros/humble/opt/rviz_ogre_vendor/lib:/opt/ros/humble/lib/x86_64-linux-gnu:/opt/ros/humble/lib'), ('HOME', '/home/brace'), ('CHROME_DESKTOP', 'cursor.desktop'), ('OLDPWD', '/home/brace/codeSpace/navi'), ('DESKTOP_SESSION', 'ubuntu'), ('VSCODE_IPC_HOOK', '/run/user/1000/vscode-f599d7de-2.6.-main.sock'), ('GIO_LAUNCHED_DESKTOP_FILE', '/usr/share/applications/cursor.desktop'), ('ROS_PYTHON_VERSION', '3'), ('GNOME_SHELL_SESSION_MODE', 'ubuntu'), ('GTK_MODULES', 'gail:atk-bridge'), ('LC_MONETARY', 'zh_CN.UTF-8'), ('CURSOR_WORKSPACE_LABEL', 'codeSpace'), ('MANAGERPID', '1029'), ('SYSTEMD_EXEC_PID', '1448'), ('NO_COLOR', '1'), ('DBUS_SESSION_BUS_ADDRESS', 'unix:path=/run/user/1000/bus'), ('GIO_LAUNCHED_DESKTOP_FILE_PID', '6638'), ('VSCODE_CRASH_REPORTER_PROCESS_TYPE', 'extensionHost'), ('MANDATORY_PATH', '/usr/share/gconf/ubuntu.mandatory.path'), ('COLCON_PREFIX_PATH', '/home/brace/codeSpace/navi/install'), ('ROS_DISTRO', 'humble'), ('GTK_IM_MODULE', 'ibus'), ('LOGNAME', 'brace'), ('FORCE_COLOR', '0'), ('JOURNAL_STREAM', '8:4428'), ('_', '/usr/bin/colcon'), ('ROS_VERSION', '2'), ('PKG_CONFIG_PATH', '/home/brace/codeSpace/navi/install/rtabmap/lib/x86_64-linux-gnu/pkgconfig:/home/brace/codeSpace/navi/install/rtabmap/lib/pkgconfig'), ('XDG_SESSION_CLASS', 'user'), ('DEFAULTS_PATH', '/usr/share/gconf/ubuntu.default.path'), ('USERNAME', 'brace'), ('TERM', 'dumb'), ('GNOME_DESKTOP_SESSION_ID', 'this-is-deprecated'), ('FC_FONTATIONS', '1'), ('ROS_LOCALHOST_ONLY', '0'), ('WINDOWPATH', '2'), ('PATH', '/home/brace/codeSpace/navi/install/rtabmap/bin:/opt/ros/humble/bin:/usr/local/sbin:/usr/local/bin:/usr/sbin:/usr/bin:/sbin:/bin:/usr/games:/usr/local/games:/snap/bin:/snap/bin'), ('SESSION_MANAGER', 'local/brace-NUC13:@/tmp/.ICE-unix/1410,unix/brace-NUC13:/tmp/.ICE-unix/1410'), ('INVOCATION_ID', '3e74fb9948ae4f5fbbb39ca9f088caee'), ('XDG_MENU_PREFIX', 'gnome-'), ('LC_ADDRESS', 'zh_CN.UTF-8'), ('VSCODE_PROCESS_TITLE', 'extension-host (agent-exec) codeSpace [1-3]'), ('XDG_RUNTIME_DIR', '/run/user/1000'), ('GDK_BACKEND', 'x11'), ('CURSOR_AGENT', '1'), ('DISPLAY', ':0'), ('LANG', 'zh_CN.UTF-8'), ('XDG_CURRENT_DESKTOP', 'ubuntu:GNOME'), ('LC_TELEPHONE', 'zh_CN.UTF-8'), ('XMODIFIERS', '@im=ibus'), ('XDG_SESSION_DESKTOP', 'ubuntu'), ('XAUTHORITY', '/run/user/1000/gdm/Xauthority'), ('LS_COLORS', ''), ('CURSOR_TRACE_ID', 'f1aa41e964ce4431a94f9bc384270429'), ('SSH_AGENT_LAUNCHER', 'gnome-keyring'), ('SSH_AUTH_SOCK', '/run/user/1000/keyring/ssh'), ('AMENT_PREFIX_PATH', '/home/brace/codeSpace/navi/install/rtabmap_ros:/home/brace/codeSpace/navi/install/rtabmap_launch:/home/brace/codeSpace/navi/install/rtabmap_examples:/home/brace/codeSpace/navi/install/rtabmap_demos:/home/brace/codeSpace/navi/install/rtabmap_viz:/home/brace/codeSpace/navi/install/rtabmap_slam:/home/brace/codeSpace/navi/install/rtabmap_odom:/home/brace/codeSpace/navi/install/rtabmap_util:/home/brace/codeSpace/navi/install/rtabmap_sync:/home/brace/codeSpace/navi/install/rtabmap_rviz_plugins:/home/brace/codeSpace/navi/install/rtabmap_python:/home/brace/codeSpace/navi/install/rtabmap_conversions:/home/brace/codeSpace/navi/install/rtabmap_msgs:/home/brace/codeSpace/navi/install/realsense2_rviz_plugin:/home/brace/codeSpace/navi/install/realsense2_ros_mqtt_bridge:/home/brace/codeSpace/navi/install/realsense2_description:/home/brace/codeSpace/navi/install/brace:/opt/ros/humble'), ('SHELL', '/bin/bash'), ('LC_NAME', 'zh_CN.UTF-8'), ('QT_ACCESSIBILITY', '1'), ('GDMSESSION', 'ubuntu'), ('LESSCLOSE', '/usr/bin/lesspipe %s %s'), ('LC_MEASUREMENT', 'zh_CN.UTF-8'), ('GPG_AGENT_INFO', '/run/user/1000/gnupg/S.gpg-agent:0:1'), ('GJS_DEBUG_OUTPUT', 'stderr'), ('LC_IDENTIFICATION', 'zh_CN.UTF-8'), ('QT_IM_MODULE', 'ibus'), ('PWD', '/home/brace/codeSpace/navi/build/rtabmap_msgs'), ('XDG_CONFIG_DIRS', '/etc/xdg/xdg-ubuntu:/etc/xdg'), ('VSCODE_CODE_CACHE_PATH', '/home/brace/.config/Cursor/CachedData/60faf7b51077ed1df1db718157bbfed740d2e160'), ('XDG_DATA_DIRS', '/usr/share/ubuntu:/usr/share/gnome:/usr/local/share/:/usr/share/:/var/lib/snapd/desktop'), ('PYTHONPATH', '/home/brace/codeSpace/navi/install/rtabmap_python/lib/python3.10/site-packages:/home/brace/codeSpace/navi/install/rtabmap_msgs/local/lib/python3.10/dist-packages:/home/brace/codeSpace/navi/install/realsense2_ros_mqtt_bridge/lib/python3.10/site-packages:/home/brace/codeSpace/navi/install/brace/lib/python3.10/site-packages:/opt/ros/humble/lib/python3.10/site-packages:/opt/ros/humble/local/lib/python3.10/dist-packages'), ('LC_NUMERIC', 'zh_CN.UTF-8'), ('LC_PAPER', 'zh_CN.UTF-8'), ('COLCON', '1'), ('_ZO_DOCTOR', '0'), ('CMAKE_PREFIX_PATH', '/home/brace/codeSpace/navi/install/rtabmap_ros:/home/brace/codeSpace/navi/install/rtabmap_launch:/home/brace/codeSpace/navi/install/rtabmap_examples:/home/brace/codeSpace/navi/install/rtabmap_demos:/home/brace/codeSpace/navi/install/rtabmap_viz:/home/brace/codeSpace/navi/install/rtabmap_slam:/home/brace/codeSpace/navi/install/rtabmap_odom:/home/brace/codeSpace/navi/install/rtabmap_util:/home/brace/codeSpace/navi/install/rtabmap_sync:/home/brace/codeSpace/navi/install/rtabmap_rviz_plugins:/home/brace/codeSpace/navi/install/rtabmap_conversions:/home/brace/codeSpace/navi/install/rtabmap_msgs:/home/brace/codeSpace/navi/install/rtabmap:/home/brace/codeSpace/navi/install/realsense2_rviz_plugin:/home/brace/codeSpace/navi/install/realsense2_description:/home/brace/codeSpace/navi/install/rtabmap_python:/home/brace/codeSpace/navi/install/realsense2_ros_mqtt_bridge:/home/brace/codeSpace/navi/install/brace:/opt/ros/humble'), ('VSCODE_PID', '9279')]), 'shell': False}
[5.469963] (rtabmap) StderrLine: {'line': b"/usr/bin/ld: ../../bin/librtabmap_gui.so.0.23.4: undefined reference to `vtable for rtabmap::GraphViewer'\n"}
[5.470832] (rtabmap) StderrLine: {'line': b"/usr/bin/ld: ../../bin/librtabmap_gui.so.0.23.4: undefined reference to `rtabmap::EditConstraintDialog::EditConstraintDialog(rtabmap::Transform const&, cv::Mat const&, QWidget*)'\n"}
[5.471000] (rtabmap) StderrLine: {'line': b"/usr/bin/ld: ../../bin/librtabmap_gui.so.0.23.4: undefined reference to `rtabmap::StatsToolBox::setWorkingDirectory(QString const&)'\n"}
[5.471091] (rtabmap) StderrLine: {'line': b"/usr/bin/ld: ../../bin/librtabmap_gui.so.0.23.4: undefined reference to `rtabmap::ExportBundlerDialog::ExportBundlerDialog(QWidget*)'\n"}
[5.471148] (rtabmap) StderrLine: {'line': b"/usr/bin/ld: ../../bin/librtabmap_gui.so.0.23.4: undefined reference to `rtabmap::CalibrationDialog::setFisheyeModel()'\n"}
[5.471207] (rtabmap) StderrLine: {'line': b"/usr/bin/ld: ../../bin/librtabmap_gui.so.0.23.4: undefined reference to `UPlot::addThreshold(QString const&, double, Qt::Orientation)'\n"}
[5.471269] (rtabmap) StderrLine: {'line': b"/usr/bin/ld: ../../bin/librtabmap_gui.so.0.23.4: undefined reference to `rtabmap::PostProcessingDialog::PostProcessingDialog(QWidget*)'\n"}
[5.471490] (rtabmap) StderrLine: {'line': b"/usr/bin/ld: ../../bin/librtabmap_gui.so.0.23.4: undefined reference to `rtabmap::MultiSessionLocSubView::updateView(int, QImage const&, std::multimap<int, cv::KeyPoint, std::less<int>, std::allocator<std::pair<int const, cv::KeyPoint> > > const&, float, QColor const&)'\n"}
[5.471558] (rtabmap) StderrLine: {'line': b"/usr/bin/ld: ../../bin/librtabmap_gui.so.0.23.4: undefined reference to `rtabmap::ProgressDialog::maximumSteps() const'\n"}
[5.471620] (rtabmap) StderrLine: {'line': b"/usr/bin/ld: ../../bin/librtabmap_gui.so.0.23.4: undefined reference to `rtabmap::LinkRefiningDialog::isRangeByNodeId() const'\n"}
[5.471690] (rtabmap) StderrLine: {'line': b"/usr/bin/ld: ../../bin/librtabmap_gui.so.0.23.4: undefined reference to `rtabmap::ImageView::addFeature(int, cv::KeyPoint const&, float, QColor)'\n"}
[5.471772] (rtabmap) StderrLine: {'line': b"/usr/bin/ld: ../../bin/librtabmap_gui.so.0.23.4: undefined reference to `QMultiComboBox::QMultiComboBox(QWidget*)'\n"}
[5.471833] (rtabmap) StderrLine: {'line': b"/usr/bin/ld: ../../bin/librtabmap_gui.so.0.23.4: undefined reference to `rtabmap::LinkRefiningDialog::getRangeNodeId(int&, int&) const'\n"}
[5.472431] (rtabmap) StderrLine: {'line': b"/usr/bin/ld: ../../bin/librtabmap_gui.so.0.23.4: undefined reference to `rtabmap::CalibrationDialog::loadSettings(QSettings&, QString const&)'\n"}
[5.474475] (rtabmap) StderrLine: {'line': b"/usr/bin/ld: ../../bin/librtabmap_gui.so.0.23.4: undefined reference to `rtabmap::MainWindow::odometryProcessed()'\n"}
[5.476611] (rtabmap) StderrLine: {'line': b"/usr/bin/ld: ../../bin/librtabmap_gui.so.0.23.4: undefined reference to `rtabmap::PostProcessingDialog::sbaIterations() const'\n"}
[5.477499] (rtabmap) StderrLine: {'line': b"/usr/bin/ld: ../../bin/librtabmap_gui.so.0.23.4: undefined reference to `rtabmap::CalibrationDialog::saveSettings(QSettings&, QString const&) const'\n"}
[5.477629] (rtabmap) StderrLine: {'line': b"/usr/bin/ld: ../../bin/librtabmap_gui.so.0.23.4: undefined reference to `rtabmap::StatsToolBox::StatsToolBox(QWidget*)'\n"}
[5.477686] (rtabmap) StderrLine: {'line': b"/usr/bin/ld: ../../bin/librtabmap_gui.so.0.23.4: undefined reference to `rtabmap::MainWindow::cameraInfoProcessed()'\n"}
[5.477734] (rtabmap) StderrLine: {'line': b"/usr/bin/ld: ../../bin/librtabmap_gui.so.0.23.4: undefined reference to `rtabmap::CreateSimpleCalibrationDialog::CreateSimpleCalibrationDialog(QString const&, QString const&, QWidget*)'\n"}
[5.477784] (rtabmap) StderrLine: {'line': b"/usr/bin/ld: ../../bin/librtabmap_gui.so.0.23.4: undefined reference to `rtabmap::LinkRefiningDialog::getIntraInterSessions(bool&, bool&) const'\n"}
[5.477832] (rtabmap) StderrLine: {'line': b"/usr/bin/ld: ../../bin/librtabmap_gui.so.0.23.4: undefined reference to `rtabmap::ImageView::setImageDepth(cv::Mat const&, cv::Mat const&)'\n"}
[5.477928] (rtabmap) StderrLine: {'line': b"/usr/bin/ld: ../../bin/librtabmap_gui.so.0.23.4: undefined reference to `rtabmap::CalibrationDialog::setCameraName(QString const&)'\n"}
[5.477979] (rtabmap) StderrLine: {'line': b"/usr/bin/ld: ../../bin/librtabmap_gui.so.0.23.4: undefined reference to `rtabmap::ExportDialog::isUserDataExported() const'\n"}
[5.478028] (rtabmap) StderrLine: {'line': b"/usr/bin/ld: ../../bin/librtabmap_gui.so.0.23.4: undefined reference to `rtabmap::StatsToolBox::addThreshold(QString const&, double)'\n"}
[5.478077] (rtabmap) StderrLine: {'line': b"/usr/bin/ld: ../../bin/librtabmap_gui.so.0.23.4: undefined reference to `rtabmap::StatsToolBox::getFiguresSetup(QList<int>&, QStringList&, QStringList&)'\n"}
[5.478125] (rtabmap) StderrLine: {'line': b"/usr/bin/ld: ../../bin/librtabmap_gui.so.0.23.4: undefined reference to `rtabmap::MainWindow::statsProcessed()'\n"}
[5.478173] (rtabmap) StderrLine: {'line': b"/usr/bin/ld: ../../bin/librtabmap_gui.so.0.23.4: undefined reference to `rtabmap::CloudViewerInteractorStyle::New()'\n"}
[5.478223] (rtabmap) StderrLine: {'line': b"/usr/bin/ld: ../../bin/librtabmap_gui.so.0.23.4: undefined reference to `rtabmap::ImageView::isImageDepthShown() const'\n"}
[5.481512] (rtabmap) StderrLine: {'line': b"/usr/bin/ld: ../../bin/librtabmap_gui.so.0.23.4: undefined reference to `rtabmap::ExportDialog::isDepthExported() const'\n"}
[5.481702] (rtabmap) StderrLine: {'line': b"/usr/bin/ld: ../../bin/librtabmap_gui.so.0.23.4: undefined reference to `rtabmap::MainWindow::detectionRateChanged(double)'\n"}
[5.481761] (rtabmap) StderrLine: {'line': b"/usr/bin/ld: ../../bin/librtabmap_gui.so.0.23.4: undefined reference to `UPlot::setFixedYAxis(double, double)'\n"}
[5.481820] (rtabmap) StderrLine: {'line': b"/usr/bin/ld: ../../bin/librtabmap_gui.so.0.23.4: undefined reference to `rtabmap::ExportDialog::targetFramerate() const'\n"}
[5.481896] (rtabmap) StderrLine: {'line': b"/usr/bin/ld: ../../bin/librtabmap_gui.so.0.23.4: undefined reference to `QMultiComboBox::addItem(QString const&, QVariant const&)'\n"}
[5.481956] (rtabmap) StderrLine: {'line': b"/usr/bin/ld: ../../bin/librtabmap_gui.so.0.23.4: undefined reference to `rtabmap::PreferencesDialog::settingsChanged(std::map<std::__cxx11::basic_string<char, std::char_traits<char>, std::allocator<char> >, std::__cxx11::basic_string<char, std::char_traits<char>, std::allocator<char> >, std::less<std::__cxx11::basic_string<char, std::char_traits<char>, std::allocator<char> > >, std::allocator<std::pair<std::__cxx11::basic_string<char, std::char_traits<char>, std::allocator<char> > const, std::__cxx11::basic_string<char, std::char_traits<char>, std::allocator<char> > > > >)'\n"}
[5.482031] (rtabmap) StderrLine: {'line': b"/usr/bin/ld: ../../bin/librtabmap_gui.so.0.23.4: undefined reference to `rtabmap::EditConstraintDialog::getTransform() const'\n"}
[5.482140] (rtabmap) StderrLine: {'line': b"/usr/bin/ld: ../../bin/librtabmap_gui.so.0.23.4: undefined reference to `rtabmap::ExportBundlerDialog::exportBundler(std::map<int, rtabmap::Transform, std::less<int>, std::allocator<std::pair<int const, rtabmap::Transform> > >&, std::multimap<int, rtabmap::Link, std::less<int>, std::allocator<std::pair<int const, rtabmap::Link> > > const&, QMap<int, rtabmap::Signature> const&, std::map<std::__cxx11::basic_string<char, std::char_traits<char>, std::allocator<char> >, std::__cxx11::basic_string<char, std::char_traits<char>, std::allocator<char> >, std::less<std::__cxx11::basic_string<char, std::char_traits<char>, std::allocator<char> > >, std::allocator<std::pair<std::__cxx11::basic_string<char, std::char_traits<char>, std::allocator<char> > const, std::__cxx11::basic_string<char, std::char_traits<char>, std::allocator<char> > > > > const&)'\n"}
[5.482214] (rtabmap) StderrLine: {'line': b"/usr/bin/ld: ../../bin/librtabmap_gui.so.0.23.4: undefined reference to `rtabmap::EditDepthArea::EditDepthArea(QWidget*)'\n"}
[5.482291] (rtabmap) StderrLine: {'line': b"/usr/bin/ld: ../../bin/librtabmap_gui.so.0.23.4: undefined reference to `rtabmap::MainWindow::rtabmapGoalStatusEventReceived(int)'\n"}
[5.482379] (rtabmap) StderrLine: {'line': b"/usr/bin/ld: ../../bin/librtabmap_gui.so.0.23.4: undefined reference to `rtabmap::ImageView::setFeatureColor(int, QColor)'\n"}
[5.482454] (rtabmap) StderrLine: {'line': b"/usr/bin/ld: ../../bin/librtabmap_gui.so.0.23.4: undefined reference to `rtabmap::StatsToolBox::closeFigures()'\n"}
[5.482525] (rtabmap) StderrLine: {'line': b"/usr/bin/ld: ../../bin/librtabmap_gui.so.0.23.4: undefined reference to `rtabmap::GraphViewer::linkSelected(int, int)'\n"}
[5.482607] (rtabmap) StderrLine: {'line': b"/usr/bin/ld: ../../bin/librtabmap_gui.so.0.23.4: undefined reference to `rtabmap::ProgressDialog::clear()'\n"}
[5.482685] (rtabmap) StderrLine: {'line': b"/usr/bin/ld: ../../bin/librtabmap_gui.so.0.23.4: undefined reference to `rtabmap::ProgressDialog::resetProgress()'\n"}
[5.482763] (rtabmap) StderrLine: {'line': b"/usr/bin/ld: ../../bin/librtabmap_gui.so.0.23.4: undefined reference to `UPlot::removeCurves()'\n"}
[5.482850] (rtabmap) StderrLine: {'line': b"/usr/bin/ld: ../../bin/librtabmap_gui.so.0.23.4: undefined reference to `rtabmap::ImageView::setLinesShown(bool)'\n"}
[5.482942] (rtabmap) StderrLine: {'line': b"/usr/bin/ld: ../../bin/librtabmap_gui.so.0.23.4: undefined reference to `rtabmap::StatsToolBox::updateStat(QString const&, double, double, bool)'\n"}
[5.483038] (rtabmap) StderrLine: {'line': b"/usr/bin/ld: ../../bin/librtabmap_gui.so.0.23.4: undefined reference to `rtabmap::ProgressDialog::incrementStep(int)'\n"}
[5.483134] (rtabmap) StderrLine: {'line': b"/usr/bin/ld: ../../bin/librtabmap_gui.so.0.23.4: undefined reference to `rtabmap::MainWindow::rtabmapGlobalPathEventReceived(rtabmap::RtabmapGlobalPathEvent const&)'\n"}
[5.483205] (rtabmap) StderrLine: {'line': b"/usr/bin/ld: ../../bin/librtabmap_gui.so.0.23.4: undefined reference to `rtabmap::DataRecorder::~DataRecorder()'\n"}
[5.483271] (rtabmap) StderrLine: {'line': b"/usr/bin/ld: ../../bin/librtabmap_gui.so.0.23.4: undefined reference to `QMultiComboBox::setItemChecked(int, bool)'\n"}
[5.483334] (rtabmap) StderrLine: {'line': b"/usr/bin/ld: ../../bin/librtabmap_gui.so.0.23.4: undefined reference to `rtabmap::MainWindow::stateChanged(rtabmap::MainWindow::State)'\n"}
[5.483401] (rtabmap) StderrLine: {'line': b"/usr/bin/ld: ../../bin/librtabmap_gui.so.0.23.4: undefined reference to `rtabmap::DataRecorder::addData(rtabmap::SensorData const&, rtabmap::Transform const&, cv::Mat const&)'\n"}
[5.483467] (rtabmap) StderrLine: {'line': b"/usr/bin/ld: ../../bin/librtabmap_gui.so.0.23.4: undefined reference to `rtabmap::GraphViewer::staticMetaObject'\n"}
[5.483523] (rtabmap) StderrLine: {'line': b"/usr/bin/ld: ../../bin/librtabmap_gui.so.0.23.4: undefined reference to `rtabmap::PostProcessingDialog::iterations() const'\n"}
[5.483583] (rtabmap) StderrLine: {'line': b"/usr/bin/ld: ../../bin/librtabmap_gui.so.0.23.4: undefined reference to `rtabmap::ImageView::getDefaultMatchingFeatureColor() const'\n"}
[5.483637] (rtabmap) StderrLine: {'line': b"/usr/bin/ld: ../../bin/librtabmap_gui.so.0.23.4: undefined reference to `rtabmap::EditMapArea::EditMapArea(QWidget*)'\n"}
[5.483693] (rtabmap) StderrLine: {'line': b"/usr/bin/ld: ../../bin/librtabmap_gui.so.0.23.4: undefined reference to `rtabmap::MainWindow::noMoreImagesReceived()'\n"}
[5.483743] (rtabmap) StderrLine: {'line': b"/usr/bin/ld: ../../bin/librtabmap_gui.so.0.23.4: undefined reference to `rtabmap::ConsoleWidget::ConsoleWidget(QWidget*)'\n"}
[5.483791] (rtabmap) StderrLine: {'line': b"/usr/bin/ld: ../../bin/librtabmap_gui.so.0.23.4: undefined reference to `vtable for rtabmap::ParametersToolBox'\n"}
[5.483842] (rtabmap) StderrLine: {'line': b"/usr/bin/ld: ../../bin/librtabmap_gui.so.0.23.4: undefined reference to `rtabmap::EditMapArea::setMap(cv::Mat const&)'\n"}
[5.483895] (rtabmap) StderrLine: {'line': b"/usr/bin/ld: ../../bin/librtabmap_gui.so.0.23.4: undefined reference to `rtabmap::ExportBundlerDialog::staticMetaObject'\n"}
[5.483954] (rtabmap) StderrLine: {'line': b"/usr/bin/ld: ../../bin/librtabmap_gui.so.0.23.4: undefined reference to `rtabmap::PreferencesDialog::staticMetaObject'\n"}
[5.487370] (rtabmap) StderrLine: {'line': b"/usr/bin/ld: ../../bin/librtabmap_gui.so.0.23.4: undefined reference to `rtabmap::ImageView::ImageView(QWidget*)'\n"}
[5.487481] (rtabmap) StderrLine: {'line': b"/usr/bin/ld: ../../bin/librtabmap_gui.so.0.23.4: undefined reference to `rtabmap::MainWindow::staticMetaObject'\n"}
[5.487530] (rtabmap) StderrLine: {'line': b"/usr/bin/ld: ../../bin/librtabmap_gui.so.0.23.4: undefined reference to `rtabmap::CalibrationDialog::setSwitchedImages(bool)'\n"}
[5.487592] (rtabmap) StderrLine: {'line': b"/usr/bin/ld: ../../bin/librtabmap_gui.so.0.23.4: undefined reference to `rtabmap::CalibrationDialog::setSquareSize(double)'\n"}
[5.487636] (rtabmap) StderrLine: {'line': b"/usr/bin/ld: ../../bin/librtabmap_gui.so.0.23.4: undefined reference to `rtabmap::StatsToolBox::clear()'\n"}
[5.487680] (rtabmap) StderrLine: {'line': b"/usr/bin/ld: ../../bin/librtabmap_gui.so.0.23.4: undefined reference to `rtabmap::CalibrationDialog::setStereoMode(bool, QString const&, QString const&)'\n"}
[5.487728] (rtabmap) StderrLine: {'line': b"/usr/bin/ld: ../../bin/librtabmap_gui.so.0.23.4: undefined reference to `rtabmap::ImageView::setFeatures(std::vector<cv::KeyPoint, std::allocator<cv::KeyPoint> > const&, cv::Mat const&, QColor const&)'\n"}
[5.487775] (rtabmap) StderrLine: {'line': b"/usr/bin/ld: ../../bin/librtabmap_gui.so.0.23.4: undefined reference to `rtabmap::ImageView::getDefaultMatchingLineColor() const'\n"}
[5.487819] (rtabmap) StderrLine: {'line': b"/usr/bin/ld: ../../bin/librtabmap_gui.so.0.23.4: undefined reference to `rtabmap::GraphViewer::nodeSelected(int)'\n"}
[5.487865] (rtabmap) StderrLine: {'line': b"/usr/bin/ld: ../../bin/librtabmap_gui.so.0.23.4: undefined reference to `rtabmap::CalibrationDialog::stereoCalibration(rtabmap::CameraModel const&, rtabmap::CameraModel const&, bool, QTextStream*) const'\n"}
[5.487909] (rtabmap) StderrLine: {'line': b"/usr/bin/ld: ../../bin/librtabmap_gui.so.0.23.4: undefined reference to `vtable for rtabmap::ExportCloudsDialog'\n"}
[5.487951] (rtabmap) StderrLine: {'line': b"/usr/bin/ld: ../../bin/librtabmap_gui.so.0.23.4: undefined reference to `rtabmap::ExportBundlerDialog::setWorkingDirectory(QString const&)'\n"}
[5.488005] (rtabmap) StderrLine: {'line': b"/usr/bin/ld: ../../bin/librtabmap_gui.so.0.23.4: undefined reference to `rtabmap::ExportDialog::isRgbExported() const'\n"}
[5.488045] (rtabmap) StderrLine: {'line': b"/usr/bin/ld: ../../bin/librtabmap_gui.so.0.23.4: undefined reference to `rtabmap::PostProcessingDialog::sbaVariance() const'\n"}
[5.488087] (rtabmap) StderrLine: {'line': b"/usr/bin/ld: ../../bin/librtabmap_gui.so.0.23.4: undefined reference to `rtabmap::EditConstraintDialog::~EditConstraintDialog()'\n"}
[5.488134] (rtabmap) StderrLine: {'line': b"/usr/bin/ld: ../../bin/librtabmap_gui.so.0.23.4: undefined reference to `rtabmap::DataRecorder::init(QString const&, bool)'\n"}
[5.488175] (rtabmap) StderrLine: {'line': b"/usr/bin/ld: ../../bin/librtabmap_gui.so.0.23.4: undefined reference to `vtable for rtabmap::MultiSessionLocWidget'\n"}
[5.488215] (rtabmap) StderrLine: {'line': b"/usr/bin/ld: ../../bin/librtabmap_gui.so.0.23.4: undefined reference to `rtabmap::ParametersToolBox::staticMetaObject'\n"}
[5.488260] (rtabmap) StderrLine: {'line': b"/usr/bin/ld: ../../bin/librtabmap_gui.so.0.23.4: undefined reference to `vtable for rtabmap::TexturingState'\n"}
[5.488306] (rtabmap) StderrLine: {'line': b"/usr/bin/ld: ../../bin/librtabmap_gui.so.0.23.4: undefined reference to `rtabmap::CalibrationDialog::resetSettings()'\n"}
[5.488346] (rtabmap) StderrLine: {'line': b"/usr/bin/ld: ../../bin/librtabmap_gui.so.0.23.4: undefined reference to `rtabmap::ImageView::clearLines()'\n"}
[5.488388] (rtabmap) StderrLine: {'line': b"/usr/bin/ld: ../../bin/librtabmap_gui.so.0.23.4: undefined reference to `rtabmap::GraphViewer::mapShownRequested()'\n"}
[5.488429] (rtabmap) StderrLine: {'line': b"/usr/bin/ld: ../../bin/librtabmap_gui.so.0.23.4: undefined reference to `QMultiComboBox::itemText(int)'\n"}
[5.488474] (rtabmap) StderrLine: {'line': b"/usr/bin/ld: ../../bin/librtabmap_gui.so.0.23.4: undefined reference to `rtabmap::ImageView::clearFeatures()'\n"}
[5.488513] (rtabmap) StderrLine: {'line': b"/usr/bin/ld: ../../bin/librtabmap_gui.so.0.23.4: undefined reference to `rtabmap::DataRecorder::DataRecorder(QWidget*)'\n"}
[5.488553] (rtabmap) StderrLine: {'line': b"/usr/bin/ld: ../../bin/librtabmap_gui.so.0.23.4: undefined reference to `rtabmap::PostProcessingDialog::staticMetaObject'\n"}
[5.488595] (rtabmap) StderrLine: {'line': b"/usr/bin/ld: ../../bin/librtabmap_gui.so.0.23.4: undefined reference to `rtabmap::MapVisibilityWidget::clear()'\n"}
[5.488638] (rtabmap) StderrLine: {'line': b"/usr/bin/ld: ../../bin/librtabmap_gui.so.0.23.4: undefined reference to `rtabmap::ExportDialog::isDepth2dExported() const'\n"}
[5.488682] (rtabmap) StderrLine: {'line': b"/usr/bin/ld: ../../bin/librtabmap_gui.so.0.23.4: undefined reference to `rtabmap::PdfPlotCurve::PdfPlotCurve(QString const&, QMap<int, rtabmap::Signature> const*, QObject*)'\n"}
[5.488725] (rtabmap) StderrLine: {'line': b"/usr/bin/ld: ../../bin/librtabmap_gui.so.0.23.4: undefined reference to `vtable for rtabmap::MainWindow'\n"}
[5.488768] (rtabmap) StderrLine: {'line': b"/usr/bin/ld: ../../bin/librtabmap_gui.so.0.23.4: undefined reference to `rtabmap::CalibrationDialog::setBoardWidth(int)'\n"}
[5.488812] (rtabmap) StderrLine: {'line': b"/usr/bin/ld: ../../bin/librtabmap_gui.so.0.23.4: undefined reference to `rtabmap::ProgressDialog::ProgressDialog(QWidget*, QFlags<Qt::WindowType>)'\n"}
[5.488856] (rtabmap) StderrLine: {'line': b"/usr/bin/ld: ../../bin/librtabmap_gui.so.0.23.4: undefined reference to `rtabmap::PdfPlotCurve::setData(QMap<int, float> const&, QMap<int, int> const&)'\n"}
[5.488898] (rtabmap) StderrLine: {'line': b"/usr/bin/ld: ../../bin/librtabmap_gui.so.0.23.4: undefined reference to `rtabmap::MainWindow::imgRateChanged(double)'\n"}
[5.488939] (rtabmap) StderrLine: {'line': b"/usr/bin/ld: ../../bin/librtabmap_gui.so.0.23.4: undefined reference to `rtabmap::ImageView::isLinesShown() const'\n"}
[5.488984] (rtabmap) StderrLine: {'line': b"/usr/bin/ld: ../../bin/librtabmap_gui.so.0.23.4: undefined reference to `rtabmap::StatsToolBox::updateStat(QString const&, std::vector<double, std::allocator<double> > const&, std::vector<double, std::allocator<double> > const&, bool)'\n"}
[5.489033] (rtabmap) StderrLine: {'line': b"/usr/bin/ld: ../../bin/librtabmap_gui.so.0.23.4: undefined reference to `rtabmap::ImageView::viewScale() const'\n"}
[5.489076] (rtabmap) StderrLine: {'line': b"/usr/bin/ld: ../../bin/librtabmap_gui.so.0.23.4: undefined reference to `rtabmap::ProgressDialog::setValue(int)'\n"}
[5.489120] (rtabmap) StderrLine: {'line': b"/usr/bin/ld: ../../bin/librtabmap_gui.so.0.23.4: undefined reference to `rtabmap::ImageView::setAlpha(int)'\n"}
[5.489163] (rtabmap) StderrLine: {'line': b"/usr/bin/ld: ../../bin/librtabmap_gui.so.0.23.4: undefined reference to `rtabmap::ImageView::saveSettings(QSettings&, QString const&) const'\n"}
[5.489208] (rtabmap) StderrLine: {'line': b"/usr/bin/ld: ../../bin/librtabmap_gui.so.0.23.4: undefined reference to `rtabmap::MapVisibilityWidget::MapVisibilityWidget(QWidget*)'\n"}
[5.489257] (rtabmap) StderrLine: {'line': b"/usr/bin/ld: ../../bin/librtabmap_gui.so.0.23.4: undefined reference to `rtabmap::PostProcessingDialog::sbaRematchFeatures() const'\n"}
[5.489524] (rtabmap) StderrLine: {'line': b"/usr/bin/ld: ../../bin/librtabmap_gui.so.0.23.4: undefined reference to `rtabmap::ImageView::sceneRect() const'\n"}
[5.489589] (rtabmap) StderrLine: {'line': b"/usr/bin/ld: ../../bin/librtabmap_gui.so.0.23.4: undefined reference to `rtabmap::ParametersToolBox::parametersChanged(QStringList const&)'\n"}
[5.489644] (rtabmap) StderrLine: {'line': b"/usr/bin/ld: ../../bin/librtabmap_gui.so.0.23.4: undefined reference to `rtabmap::CalibrationDialog::boardWidth() const'\n"}
[5.489766] (rtabmap) StderrLine: {'line': b"/usr/bin/ld: ../../bin/librtabmap_gui.so.0.23.4: undefined reference to `rtabmap::ExportBundlerDialog::loadSettings(QSettings&, QString const&)'\n"}
[5.489878] (rtabmap) StderrLine: {'line': b"/usr/bin/ld: ../../bin/librtabmap_gui.so.0.23.4: undefined reference to `rtabmap::LinkRefiningDialog::isRangeByMapId() const'\n"}
[5.489932] (rtabmap) StderrLine: {'line': b"/usr/bin/ld: ../../bin/librtabmap_gui.so.0.23.4: undefined reference to `rtabmap::LoopClosureViewer::updateView(rtabmap::Transform const&, std::map<std::__cxx11::basic_string<char, std::char_traits<char>, std::allocator<char> >, std::__cxx11::basic_string<char, std::char_traits<char>, std::allocator<char> >, std::less<std::__cxx11::basic_string<char, std::char_traits<char>, std::allocator<char> > >, std::allocator<std::pair<std::__cxx11::basic_string<char, std::char_traits<char>, std::allocator<char> > const, std::__cxx11::basic_string<char, std::char_traits<char>, std::allocator<char> > > > > const&)'\n"}
[5.489992] (rtabmap) StderrLine: {'line': b"/usr/bin/ld: ../../bin/librtabmap_gui.so.0.23.4: undefined reference to `rtabmap::ExportDialog::~ExportDialog()'\n"}
[5.490043] (rtabmap) StderrLine: {'line': b"/usr/bin/ld: ../../bin/librtabmap_gui.so.0.23.4: undefined reference to `rtabmap::ImageView::getDefaultFeatureColor() const'\n"}
[5.490093] (rtabmap) StderrLine: {'line': b"/usr/bin/ld: ../../bin/librtabmap_gui.so.0.23.4: undefined reference to `rtabmap::ProgressDialog::~ProgressDialog()'\n"}
[5.490146] (rtabmap) StderrLine: {'line': b"/usr/bin/ld: ../../bin/librtabmap_gui.so.0.23.4: undefined reference to `rtabmap::StatsToolBox::updateStat(QString const&, double, bool)'\n"}
[5.490208] (rtabmap) StderrLine: {'line': b"/usr/bin/ld: ../../bin/librtabmap_gui.so.0.23.4: undefined reference to `QMultiComboBox::clear()'\n"}
[5.490279] (rtabmap) StderrLine: {'line': b"/usr/bin/ld: ../../bin/librtabmap_gui.so.0.23.4: undefined reference to `rtabmap::MainWindow::rtabmapEvent3DMapReceived(rtabmap::RtabmapEvent3DMap const&)'\n"}
[5.490440] (rtabmap) StderrLine: {'line': b"/usr/bin/ld: ../../bin/librtabmap_gui.so.0.23.4: undefined reference to `vtable for rtabmap::CloudViewer'\n"}
[5.490494] (rtabmap) StderrLine: {'line': b"/usr/bin/ld: ../../bin/librtabmap_gui.so.0.23.4: undefined reference to `rtabmap::ImageView::getDefaultBackgroundColor() const'\n"}
[5.490549] (rtabmap) StderrLine: {'line': b"/usr/bin/ld: ../../bin/librtabmap_gui.so.0.23.4: undefined reference to `rtabmap::ImageView::isFeaturesShown() const'\n"}
[5.490599] (-) TimerEvent: {}
[5.490616] (rtabmap) StderrLine: {'line': b"/usr/bin/ld: ../../bin/librtabmap_gui.so.0.23.4: undefined reference to `rtabmap::PostProcessingDialog::clusterRadius() const'\n"}
[5.490677] (rtabmap) StderrLine: {'line': b"/usr/bin/ld: ../../bin/librtabmap_gui.so.0.23.4: undefined reference to `rtabmap::StatItem::staticMetaObject'\n"}
[5.490736] (rtabmap) StderrLine: {'line': b"/usr/bin/ld: ../../bin/librtabmap_gui.so.0.23.4: undefined reference to `qInitResources_GuiLib()'\n"}
[5.490786] (rtabmap) StderrLine: {'line': b"/usr/bin/ld: ../../bin/librtabmap_gui.so.0.23.4: undefined reference to `rtabmap::ProgressDialog::appendText(QString const&, QColor const&)'\n"}
[5.490846] (rtabmap) StderrLine: {'line': b"/usr/bin/ld: ../../bin/librtabmap_gui.so.0.23.4: undefined reference to `rtabmap::ConsoleWidget::appendMsg(QString const&, int)'\n"}
[5.490904] (rtabmap) StderrLine: {'line': b"/usr/bin/ld: ../../bin/librtabmap_gui.so.0.23.4: undefined reference to `rtabmap::MainWindow::timeLimitChanged(float)'\n"}
[5.490966] (rtabmap) StderrLine: {'line': b"/usr/bin/ld: ../../bin/librtabmap_gui.so.0.23.4: undefined reference to `rtabmap::ExportDialog::framesIgnored() const'\n"}
[5.491028] (rtabmap) StderrLine: {'line': b"/usr/bin/ld: ../../bin/librtabmap_gui.so.0.23.4: undefined reference to `rtabmap::MapVisibilityWidget::setMap(std::map<int, rtabmap::Transform, std::less<int>, std::allocator<std::pair<int const, rtabmap::Transform> > > const&, std::map<int, bool, std::less<int>, std::allocator<std::pair<int const, bool> > > const&)'\n"}
[5.491099] (rtabmap) StderrLine: {'line': b"/usr/bin/ld: ../../bin/librtabmap_gui.so.0.23.4: undefined reference to `rtabmap::StatsToolBox::updateStat(QString const&, bool)'\n"}
[5.491159] (rtabmap) StderrLine: {'line': b"/usr/bin/ld: ../../bin/librtabmap_gui.so.0.23.4: undefined reference to `rtabmap::MainWindow::loopClosureThrChanged(double)'\n"}
[5.491215] (rtabmap) StderrLine: {'line': b"/usr/bin/ld: ../../bin/librtabmap_gui.so.0.23.4: undefined reference to `rtabmap::CalibrationDialog::setBoardHeight(int)'\n"}
[5.491489] (rtabmap) StderrLine: {'line': b"/usr/bin/ld: ../../bin/librtabmap_gui.so.0.23.4: undefined reference to `rtabmap::MainWindow::rtabmapLabelErrorReceived(int, QString const&)'\n"}
[5.491547] (rtabmap) StderrLine: {'line': b"/usr/bin/ld: ../../bin/librtabmap_gui.so.0.23.4: undefined reference to `rtabmap::vtkImageMatSource::SetImage(cv::_InputArray const&)'\n"}
[5.491596] (rtabmap) StderrLine: {'line': b"/usr/bin/ld: ../../bin/librtabmap_gui.so.0.23.4: undefined reference to `UPlot::addCurve(UPlotCurve*, bool)'\n"}
[5.491646] (rtabmap) StderrLine: {'line': b"/usr/bin/ld: ../../bin/librtabmap_gui.so.0.23.4: undefined reference to `rtabmap::LinkRefiningDialog::LinkRefiningDialog(QWidget*)'\n"}
[5.491696] (rtabmap) StderrLine: {'line': b"/usr/bin/ld: ../../bin/librtabmap_gui.so.0.23.4: undefined reference to `rtabmap::OdometryViewer::OdometryViewer(int, int, float, float, int, QWidget*, std::map<std::__cxx11::basic_string<char, std::char_traits<char>, std::allocator<char> >, std::__cxx11::basic_string<char, std::char_traits<char>, std::allocator<char> >, std::less<std::__cxx11::basic_string<char, std::char_traits<char>, std::allocator<char> > >, std::allocator<std::pair<std::__cxx11::basic_string<char, std::char_traits<char>, std::allocator<char> > const, std::__cxx11::basic_string<char, std::char_traits<char>, std::allocator<char> > > > > const&)'\n"}
[5.491754] (rtabmap) StderrLine: {'line': b"/usr/bin/ld: ../../bin/librtabmap_gui.so.0.23.4: undefined reference to `rtabmap::PostProcessingDialog::sbaType() const'\n"}
[5.491808] (rtabmap_msgs) StdoutLine: {'line': b'-- Install configuration: "Release"\n'}
[5.494088] (rtabmap) StderrLine: {'line': b"/usr/bin/ld: ../../bin/librtabmap_gui.so.0.23.4: undefined reference to `rtabmap::ProgressDialog::setAutoClose(bool, int)'\n"}
[5.494214] (rtabmap) StderrLine: {'line': b"/usr/bin/ld: ../../bin/librtabmap_gui.so.0.23.4: undefined reference to `QMultiComboBox::setCurrentIndex(int)'\n"}
[5.494280] (rtabmap) StderrLine: {'line': b"/usr/bin/ld: ../../bin/librtabmap_gui.so.0.23.4: undefined reference to `rtabmap::ImageView::setImageShown(bool)'\n"}
[5.494338] (rtabmap) StderrLine: {'line': b"/usr/bin/ld: ../../bin/librtabmap_gui.so.0.23.4: undefined reference to `rtabmap::ImageView::isImageShown() const'\n"}
[5.494395] (rtabmap) StderrLine: {'line': b"/usr/bin/ld: ../../bin/librtabmap_gui.so.0.23.4: undefined reference to `rtabmap::ImageView::staticMetaObject'\n"}
[5.494446] (rtabmap) StderrLine: {'line': b"/usr/bin/ld: ../../bin/librtabmap_gui.so.0.23.4: undefined reference to `rtabmap::PostProcessingDialog::intraSession() const'\n"}
[5.494498] (rtabmap) StderrLine: {'line': b"/usr/bin/ld: ../../bin/librtabmap_gui.so.0.23.4: undefined reference to `rtabmap::EditDepthArea::setColorMap(uCvQtDepthColorMap)'\n"}
[5.494549] (rtabmap) StderrLine: {'line': b"/usr/bin/ld: ../../bin/librtabmap_gui.so.0.23.4: undefined reference to `rtabmap::ExportDialog::isOdomExported() const'\n"}
[5.494607] (rtabmap) StderrLine: {'line': b"/usr/bin/ld: ../../bin/librtabmap_gui.so.0.23.4: undefined reference to `rtabmap::LinkRefiningDialog::getLinkType() const'\n"}
[5.494656] (rtabmap) StderrLine: {'line': b"/usr/bin/ld: ../../bin/librtabmap_gui.so.0.23.4: undefined reference to `rtabmap::MultiSessionLocSubView::clear()'\n"}
[5.494704] (rtabmap_msgs) StdoutLine: {'line': b'-- Execute custom install script\n'}
[5.494763] (rtabmap_msgs) StdoutLine: {'line': b'-- Up-to-date symlink: /home/brace/codeSpace/navi/install/rtabmap_msgs/share/ament_index/resource_index/rosidl_interfaces/rtabmap_msgs\n'}
[5.494814] (rtabmap) StderrLine: {'line': b"/usr/bin/ld: ../../bin/librtabmap_gui.so.0.23.4: undefined reference to `rtabmap::PostProcessingDialog::isRefineNeighborLinks() const'\n"}
[5.494868] (rtabmap) StderrLine: {'line': b"/usr/bin/ld: ../../bin/librtabmap_gui.so.0.23.4: undefined reference to `rtabmap::MainWindow::odometryReceived(rtabmap::OdometryEvent const&, bool)'\n"}
[5.494919] (rtabmap) StderrLine: {'line': b"/usr/bin/ld: ../../bin/librtabmap_gui.so.0.23.4: undefined reference to `rtabmap::PostProcessingDialog::saveSettings(QSettings&, QString const&) const'\n"}
[5.494968] (rtabmap) StderrLine: {'line': b"/usr/bin/ld: ../../bin/librtabmap_gui.so.0.23.4: undefined reference to `rtabmap::EditMapArea::getModifiedMap() const'\n"}
[5.495025] (rtabmap_msgs) StdoutLine: {'line': b'-- Up-to-date symlink: /home/brace/codeSpace/navi/install/rtabmap_msgs/include/rtabmap_msgs/rtabmap_msgs/msg/camera_model.h\n'}
[5.495085] (rtabmap_msgs) StdoutLine: {'line': b'-- Up-to-date symlink: /home/brace/codeSpace/navi/install/rtabmap_msgs/include/rtabmap_msgs/rtabmap_msgs/msg/camera_models.h\n'}
[5.495132] (rtabmap_msgs) StdoutLine: {'line': b'-- Up-to-date symlink: /home/brace/codeSpace/navi/install/rtabmap_msgs/include/rtabmap_msgs/rtabmap_msgs/msg/detail/camera_model__functions.h\n'}
[5.495180] (rtabmap) StderrLine: {'line': b"/usr/bin/ld: ../../bin/librtabmap_gui.so.0.23.4: undefined reference to `rtabmap::ImageView::setBackgroundColor(QColor const&)'\n"}
[5.495229] (rtabmap) StderrLine: {'line': b"/usr/bin/ld: ../../bin/librtabmap_gui.so.0.23.4: undefined reference to `rtabmap::ImageView::clear()'\n"}
[5.495299] (rtabmap) StderrLine: {'line': b"/usr/bin/ld: ../../bin/librtabmap_gui.so.0.23.4: undefined reference to `rtabmap::CalibrationDialog::boardHeight() const'\n"}
[5.495415] (rtabmap) StderrLine: {'line': b"/usr/bin/ld: ../../bin/librtabmap_gui.so.0.23.4: undefined reference to `rtabmap::DepthCalibrationDialog::staticMetaObject'\n"}
[5.495474] (rtabmap) StderrLine: {'line': b"/usr/bin/ld: ../../bin/librtabmap_gui.so.0.23.4: undefined reference to `rtabmap::PostProcessingDialog::clusterAngle() const'\n"}
[5.495529] (rtabmap) StderrLine: {'line': b"/usr/bin/ld: ../../bin/librtabmap_gui.so.0.23.4: undefined reference to `rtabmap::ImageView::setImageDepthShown(bool)'\n"}
[5.495586] (rtabmap_msgs) StdoutLine: {'line': b'-- Up-to-date symlink: /home/brace/codeSpace/navi/install/rtabmap_msgs/include/rtabmap_msgs/rtabmap_msgs/msg/detail/camera_model__struct.h\n'}
[5.496380] (rtabmap_msgs) StdoutLine: {'line': b'-- Up-to-date symlink: /home/brace/codeSpace/navi/install/rtabmap_msgs/include/rtabmap_msgs/rtabmap_msgs/msg/detail/camera_model__type_support.h\n'}
[5.496528] (rtabmap_msgs) StdoutLine: {'line': b'-- Up-to-date symlink: /home/brace/codeSpace/navi/install/rtabmap_msgs/include/rtabmap_msgs/rtabmap_msgs/msg/detail/camera_models__functions.h\n'}
[5.496811] (rtabmap) StderrLine: {'line': b"/usr/bin/ld: ../../bin/librtabmap_gui.so.0.23.4: undefined reference to `rtabmap::LinkRefiningDialog::setMinMax(int, int, int, int)'\n"}
[5.497041] (rtabmap) StderrLine: {'line': b"/usr/bin/ld: ../../bin/librtabmap_gui.so.0.23.4: undefined reference to `rtabmap::CalibrationDialog::staticMetaObject'\n"}
[5.497180] (rtabmap) StderrLine: {'line': b"/usr/bin/ld: ../../bin/librtabmap_gui.so.0.23.4: undefined reference to `QMultiComboBox::itemData(int)'\n"}
[5.497402] (rtabmap) StderrLine: {'line': b"/usr/bin/ld: ../../bin/librtabmap_gui.so.0.23.4: undefined reference to `UPlot::showLegend(bool)'\n"}
[5.497545] (rtabmap_msgs) StdoutLine: {'line': b'-- Up-to-date symlink: /home/brace/codeSpace/navi/install/rtabmap_msgs/include/rtabmap_msgs/rtabmap_msgs/msg/detail/camera_models__struct.h\n'}
[5.497648] (rtabmap_msgs) StdoutLine: {'line': b'-- Up-to-date symlink: /home/brace/codeSpace/navi/install/rtabmap_msgs/include/rtabmap_msgs/rtabmap_msgs/msg/detail/camera_models__type_support.h\n'}
[5.497745] (rtabmap_msgs) StdoutLine: {'line': b'-- Up-to-date symlink: /home/brace/codeSpace/navi/install/rtabmap_msgs/include/rtabmap_msgs/rtabmap_msgs/msg/detail/env_sensor__functions.h\n'}
[5.497842] (rtabmap_msgs) StdoutLine: {'line': b'-- Up-to-date symlink: /home/brace/codeSpace/navi/install/rtabmap_msgs/include/rtabmap_msgs/rtabmap_msgs/msg/detail/env_sensor__struct.h\n'}
[5.497976] (rtabmap_msgs) StdoutLine: {'line': b'-- Up-to-date symlink: /home/brace/codeSpace/navi/install/rtabmap_msgs/include/rtabmap_msgs/rtabmap_msgs/msg/detail/env_sensor__type_support.h\n'}
[5.498330] (rtabmap_msgs) StdoutLine: {'line': b'-- Up-to-date symlink: /home/brace/codeSpace/navi/install/rtabmap_msgs/include/rtabmap_msgs/rtabmap_msgs/msg/detail/global_descriptor__functions.h\n'}
[5.498522] (rtabmap_msgs) StdoutLine: {'line': b'-- Up-to-date symlink: /home/brace/codeSpace/navi/install/rtabmap_msgs/include/rtabmap_msgs/rtabmap_msgs/msg/detail/global_descriptor__struct.h\n'}
[5.498622] (rtabmap_msgs) StdoutLine: {'line': b'-- Up-to-date symlink: /home/brace/codeSpace/navi/install/rtabmap_msgs/include/rtabmap_msgs/rtabmap_msgs/msg/detail/global_descriptor__type_support.h\n'}
[5.498714] (rtabmap_msgs) StdoutLine: {'line': b'-- Up-to-date symlink: /home/brace/codeSpace/navi/install/rtabmap_msgs/include/rtabmap_msgs/rtabmap_msgs/msg/detail/goal__functions.h\n'}
[5.498800] (rtabmap_msgs) StdoutLine: {'line': b'-- Up-to-date symlink: /home/brace/codeSpace/navi/install/rtabmap_msgs/include/rtabmap_msgs/rtabmap_msgs/msg/detail/goal__struct.h\n'}
[5.498880] (rtabmap_msgs) StdoutLine: {'line': b'-- Up-to-date symlink: /home/brace/codeSpace/navi/install/rtabmap_msgs/include/rtabmap_msgs/rtabmap_msgs/msg/detail/goal__type_support.h\n'}
[5.498963] (rtabmap_msgs) StdoutLine: {'line': b'-- Up-to-date symlink: /home/brace/codeSpace/navi/install/rtabmap_msgs/include/rtabmap_msgs/rtabmap_msgs/msg/detail/gps__functions.h\n'}
[5.499040] (rtabmap_msgs) StdoutLine: {'line': b'-- Up-to-date symlink: /home/brace/codeSpace/navi/install/rtabmap_msgs/include/rtabmap_msgs/rtabmap_msgs/msg/detail/gps__struct.h\n'}
[5.499128] (rtabmap_msgs) StdoutLine: {'line': b'-- Up-to-date symlink: /home/brace/codeSpace/navi/install/rtabmap_msgs/include/rtabmap_msgs/rtabmap_msgs/msg/detail/gps__type_support.h\n'}
[5.499218] (rtabmap_msgs) StdoutLine: {'line': b'-- Up-to-date symlink: /home/brace/codeSpace/navi/install/rtabmap_msgs/include/rtabmap_msgs/rtabmap_msgs/msg/detail/info__functions.h\n'}
[5.499330] (rtabmap_msgs) StdoutLine: {'line': b'-- Up-to-date symlink: /home/brace/codeSpace/navi/install/rtabmap_msgs/include/rtabmap_msgs/rtabmap_msgs/msg/detail/info__struct.h\n'}
[5.500435] (rtabmap_msgs) StdoutLine: {'line': b'-- Up-to-date symlink: /home/brace/codeSpace/navi/install/rtabmap_msgs/include/rtabmap_msgs/rtabmap_msgs/msg/detail/info__type_support.h\n'}
[5.500527] (rtabmap_msgs) StdoutLine: {'line': b'-- Up-to-date symlink: /home/brace/codeSpace/navi/install/rtabmap_msgs/include/rtabmap_msgs/rtabmap_msgs/msg/detail/key_point__functions.h\n'}
[5.500603] (rtabmap_msgs) StdoutLine: {'line': b'-- Up-to-date symlink: /home/brace/codeSpace/navi/install/rtabmap_msgs/include/rtabmap_msgs/rtabmap_msgs/msg/detail/key_point__struct.h\n'}
[5.500678] (rtabmap_msgs) StdoutLine: {'line': b'-- Up-to-date symlink: /home/brace/codeSpace/navi/install/rtabmap_msgs/include/rtabmap_msgs/rtabmap_msgs/msg/detail/key_point__type_support.h\n'}
[5.500754] (rtabmap_msgs) StdoutLine: {'line': b'-- Up-to-date symlink: /home/brace/codeSpace/navi/install/rtabmap_msgs/include/rtabmap_msgs/rtabmap_msgs/msg/detail/landmark_detection__functions.h\n'}
[5.500827] (rtabmap_msgs) StdoutLine: {'line': b'-- Up-to-date symlink: /home/brace/codeSpace/navi/install/rtabmap_msgs/include/rtabmap_msgs/rtabmap_msgs/msg/detail/landmark_detection__struct.h\n'}
[5.500900] (rtabmap_msgs) StdoutLine: {'line': b'-- Up-to-date symlink: /home/brace/codeSpace/navi/install/rtabmap_msgs/include/rtabmap_msgs/rtabmap_msgs/msg/detail/landmark_detection__type_support.h\n'}
[5.500973] (rtabmap_msgs) StdoutLine: {'line': b'-- Up-to-date symlink: /home/brace/codeSpace/navi/install/rtabmap_msgs/include/rtabmap_msgs/rtabmap_msgs/msg/detail/landmark_detections__functions.h\n'}
[5.501069] (rtabmap) StderrLine: {'line': b"/usr/bin/ld: ../../bin/librtabmap_gui.so.0.23.4: undefined reference to `rtabmap::LoopClosureViewer::LoopClosureViewer(QWidget*)'\n"}
[5.501169] (rtabmap) StderrLine: {'line': b"/usr/bin/ld: ../../bin/librtabmap_gui.so.0.23.4: undefined reference to `rtabmap::CalibrationDialog::CalibrationDialog(bool, QString const&, bool, QWidget*)'\n"}
[5.501245] (rtabmap) StderrLine: {'line': b"/usr/bin/ld: ../../bin/librtabmap_gui.so.0.23.4: undefined reference to `rtabmap::ImageView::setFeatures(std::multimap<int, cv::KeyPoint, std::less<int>, std::allocator<std::pair<int const, cv::KeyPoint> > > const&, cv::Mat const&, QColor const&)'\n"}
[5.501335] (rtabmap) StderrLine: {'line': b"/usr/bin/ld: ../../bin/librtabmap_gui.so.0.23.4: undefined reference to `rtabmap::PostProcessingDialog::isSBA() const'\n"}
[5.501409] (rtabmap) StderrLine: {'line': b"/usr/bin/ld: ../../bin/librtabmap_gui.so.0.23.4: undefined reference to `rtabmap::ExportDialog::ExportDialog(QWidget*)'\n"}
[5.501482] (rtabmap) StderrLine: {'line': b"/usr/bin/ld: ../../bin/librtabmap_gui.so.0.23.4: undefined reference to `rtabmap::ImageView::setSceneRect(QRectF const&)'\n"}
[5.501555] (rtabmap) StderrLine: {'line': b"/usr/bin/ld: ../../bin/librtabmap_gui.so.0.23.4: undefined reference to `rtabmap::GraphViewer::configChanged()'\n"}
[5.504233] (rtabmap) StderrLine: {'line': b"/usr/bin/ld: ../../bin/librtabmap_gui.so.0.23.4: undefined reference to `/usr/bin/ldrtabmap::EditDepthArea::setImage(cv::Mat const&, cv::Mat const&)'\n"}
[5.504511] (rtabmap) StderrLine: {'line': b": ../../bin/librtabmap_gui.so.0.23.4: undefined reference to `vtable for rtabmap::RecoveryState'\n"}
[5.504579] (rtabmap) StderrLine: {'line': b"/usr/bin/ld: ../../bin/librtabmap_gui.so.0.23.4: undefined reference to `vtable for rtabmap::GraphViewer'\n"}
[5.504634] (rtabmap) StderrLine: {'line': b"/usr/bin/ld: ../../bin/librtabmap_gui.so.0.23.4: undefined reference to `rtabmap::EditConstraintDialog::EditConstraintDialog(rtabmap::Transform const&, cv::Mat const&, QWidget*)'\n"}
[5.504809] (rtabmap) StderrLine: {'line': b"/usr/bin/ld: ../../bin/librtabmap_gui.so.0.23.4: undefined reference to `rtabmap::DatabaseViewer::staticMetaObject'\n"}
[5.504866] (rtabmap) StderrLine: {'line': b"/usr/bin/ld: ../../bin/librtabmap_gui.so.0.23.4: undefined reference to `rtabmap::ImageView::getDepthColorMap() const'\n"}
[5.504919] (rtabmap) StderrLine: {'line': b"/usr/bin/ld: ../../bin/librtabmap_gui.so.0.23.4: undefined reference to `UPlot::addCurve(QString const&, QColor const&)'\n"}
[5.504971] (rtabmap) StderrLine: {'line': b"/usr/bin/ld: ../../bin/librtabmap_gui.so.0.23.4: undefined reference to `UPlot::addThreshold(QString const&, double, Qt::Orientation)'\n"}
[5.505025] (rtabmap) StderrLine: {'line': b"/usr/bin/ld: ../../bin/librtabmap_gui.so.0.23.4: undefined reference to `rtabmap::CloudViewerInteractorStyle::setOrthoMode(bool)'\n"}
[5.505084] (rtabmap) StderrLine: {'line': b"/usr/bin/ld: ../../bin/librtabmap_gui.so.0.23.4: undefined reference to `QMultiComboBox::count()'\n"}
[5.505138] (rtabmap) StderrLine: {'line': b"/usr/bin/ld: ../../bin/librtabmap_gui.so.0.23.4: undefined reference to `rtabmap::LinkRefiningDialog::isRangeByNodeId() const'\n"}
[5.505191] (rtabmap) StderrLine: {'line': b"/usr/bin/ld: ../../bin/librtabmap_gui.so.0.23.4: undefined reference to `rtabmap::PreferencesDialog::settingsChanged(QFlags<rtabmap::PreferencesDialog::PanelFlag>)'\n"}
[5.505246] (rtabmap) StderrLine: {'line': b"/usr/bin/ld: ../../bin/librtabmap_gui.so.0.23.4: undefined reference to `rtabmap::PostProcessingDialog::interSession() const'\n"}
[5.505308] (rtabmap) StderrLine: {'line': b"/usr/bin/ld: ../../bin/librtabmap_gui.so.0.23.4: undefined reference to `rtabmap::CameraViewer::CameraViewer(QWidget*, std::map<std::__cxx11::basic_string<char, std::char_traits<char>, std::allocator<char> >, std::__cxx11::basic_string<char, std::char_traits<char>, std::allocator<char> >, std::less<std::__cxx11::basic_string<char, std::char_traits<char>, std::allocator<char> > >, std::allocator<std::pair<std::__cxx11::basic_string<char, std::char_traits<char>, std::allocator<char> > const, std::__cxx11::basic_string<char, std::char_traits<char>, std::allocator<char> > > > > const&)'\n"}
[5.505379] (rtabmap) StderrLine: {'line': b"/usr/bin/ld: ../../bin/librtabmap_gui.so.0.23.4: undefined reference to `rtabmap::CameraViewer::setDecimation(int)'\n"}
[5.505432] (rtabmap) StderrLine: {'line': b"/usr/bin/ld: ../../bin/librtabmap_gui.so.0.23.4: undefined reference to `rtabmap::CreateSimpleCalibrationDialog::CreateSimpleCalibrationDialog(QString const&, QString const&, QWidget*)'\n"}
[5.505488] (rtabmap) StderrLine: {'line': b"/usr/bin/ld: ../../bin/librtabmap_gui.so.0.23.4: undefined reference to `rtabmap::ImageView::setImageDepth(cv::Mat const&, cv::Mat const&)'\n"}
[5.505542] (rtabmap_msgs) StdoutLine: {'line': b'-- Up-to-date symlink: /home/brace/codeSpace/navi/install/rtabmap_msgs/include/rtabmap_msgs/rtabmap_msgs/msg/detail/landmark_detections__struct.h\n'}
[5.505608] (rtabmap) StderrLine: {'line': b"/usr/bin/ld: ../../bin/librtabmap_gui.so.0.23.4: undefined reference to `UPlot::UPlot(QWidget*)'\n"}
[5.505664] (rtabmap) StderrLine: {'line': b"/usr/bin/ld: ../../bin/librtabmap_gui.so.0.23.4: undefined reference to `rtabmap::ExportDialog::isUserDataExported() const'\n"}
[5.505721] (rtabmap) StderrLine: {'line': b"/usr/bin/ld: ../../bin/librtabmap_gui.so.0.23.4: undefined reference to `rtabmap::StatsToolBox::addCurve(QString const&, bool, bool)'\n"}
[5.505778] (rtabmap) StderrLine: {'line': b"/usr/bin/ld/usr/bin/ld: ../../bin/librtabmap_gui.so.0.23.4: undefined reference to `rtabmap::ExportDialog::outputPath() const'\n"}
[5.505833] (rtabmap) StderrLine: {'line': b": /usr/bin/ld../../bin/librtabmap_gui.so.0.23.4: : undefined reference to `../../bin/librtabmap_gui.so.0.23.4: undefined reference to `rtabmap::CloudViewer::configChanged()'\n"}
[5.505887] (rtabmap) StderrLine: {'line': b"rtabmap::MainWindow::statsProcessed()'\n"}
[5.505941] (rtabmap) StderrLine: {'line': b"/usr/bin/ld: ../../bin/librtabmap_gui.so.0.23.4: undefined reference to `rtabmap::CloudViewerInteractorStyle::New()'\n"}
[5.505995] (rtabmap) StderrLine: {'line': b"/usr/bin/ld: ../../bin/librtabmap_gui.so.0.23.4: undefined reference to `/usr/bin/ld: ../../bin/librtabmap_gui.so.0.23.4: undefined reference to `rtabmap::AboutDialog::AboutDialog(QWidget*)'\n"}
[5.506049] (rtabmap_msgs) StdoutLine: {'line': b'-- Up-to-date symlink: /home/brace/codeSpace/navi/install/rtabmap_msgs/include/rtabmap_msgs/rtabmap_msgs/msg/detail/landmark_detections__type_support.h\n'}
[5.506107] (rtabmap) StderrLine: {'line': b"rtabmap::ImageView::isImageDepthShown() const'\n"}
[5.506165] (rtabmap) StderrLine: {'line': b"/usr/bin/ld: ../../bin/librtabmap_gui.so.0.23.4: undefined reference to `rtabmap::CloudViewer::staticMetaObject'\n"}
[5.506223] (rtabmap) StderrLine: {'line': b"/usr/bin/ld: ../../bin/librtabmap_gui.so.0.23.4: undefined reference to `rtabmap::CalibrationDialog::setProgressVisibility(bool)'\n"}
[5.506847] (rtabmap) StderrLine: {'line': b"/usr/bin/ld: ../../bin/librtabmap_gui.so.0.23.4: undefined reference to `rtabmap::ImageView::addLine(float, float, float, float, QColor, QString const&)'\n"}
[5.506963] (rtabmap) StderrLine: {'line': b'collect2: error: ld returned 1 exit status\n'}
[5.507098] (rtabmap) StderrLine: {'line': b"/usr/bin/ld: ../../bin/librtabmap_gui.so.0.23.4: undefined reference to `vtable for rtabmap::DepthCalibrationDialog'\n"}
[5.507231] (rtabmap) StderrLine: {'line': b"/usr/bin/ld: ../../bin/librtabmap_gui.so.0.23.4: undefined reference to `rtabmap::ExportDialog::targetFramerate() const'\n"}
[5.507476] (rtabmap) StderrLine: {'line': b"/usr/bin/ld: ../../bin/librtabmap_gui.so.0.23.4: undefined reference to `QMultiComboBox::addItem(QString const&, QVariant const&)'\n"}
[5.507545] (rtabmap) StderrLine: {'line': b"/usr/bin/ld: ../../bin/librtabmap_gui.so.0.23.4: undefined reference to `rtabmap::ProgressDialog::setMaximumSteps(int)'\n"}
[5.507952] (rtabmap) StderrLine: {'line': b"/usr/bin/ld: ../../bin/librtabmap_gui.so.0.23.4: undefined reference to `rtabmap::ExportDialog::sessionExported() const'\n"}
[5.508200] (rtabmap) StderrLine: {'line': b"/usr/bin/ld: ../../bin/librtabmap_gui.so.0.23.4: undefined reference to `rtabmap::PreferencesDialog::settingsChanged(std::map<std::__cxx11::basic_string<char, std::char_traits<char>, std::allocator<char> >, std::__cxx11::basic_string<char, std::char_traits<char>, std::allocator<char> >, std::less<std::__cxx11::basic_string<char, std::char_traits<char>, std::allocator<char> > >, std::allocator<std::pair<std::__cxx11::basic_string<char, std::char_traits<char>, std::allocator<char> > const, std::__cxx11::basic_string<char, std::char_traits<char>, std::allocator<char> > > > >)'\n"}
[5.508392] (rtabmap) StderrLine: {'line': b"/usr/bin/ld: ../../bin/librtabmap_gui.so.0.23.4: undefined reference to `rtabmap::EditConstraintDialog::getTransform() const'\n"}
[5.508457] (rtabmap) StderrLine: {'line': b"/usr/bin/ld: ../../bin/librtabmap_gui.so.0.23.4: undefined reference to `rtabmap::ProgressDialog::setCancelButtonVisible(bool)'\n"}
[5.508518] (rtabmap) StderrLine: {'line': b"/usr/bin/ld: ../../bin/librtabmap_gui.so.0.23.4: undefined reference to `rtabmap::CalibrationDialog::setRationalModel()'\n"}
[5.508568] (rtabmap) StderrLine: {'line': b"/usr/bin/ld: ../../bin/librtabmap_gui.so.0.23.4: undefined reference to `rtabmap::ExportCloudsDialog::staticMetaObject'\n"}
[5.508619] (rtabmap) StderrLine: {'line': b"/usr/bin/ld: ../../bin/librtabmap_gui.so.0.23.4: undefined reference to `rtabmap::MainWindow::cameraInfoReceived(rtabmap::SensorCaptureInfo const&)'\n"}
[5.508672] (rtabmap_msgs) StdoutLine: {'line': b'-- Up-to-date symlink: /home/brace/codeSpace/navi/install/rtabmap_msgs/include/rtabmap_msgs/rtabmap_msgs/msg/detail/link__functions.h\n'}
[5.508745] (rtabmap_msgs) StdoutLine: {'line': b'-- Up-to-date symlink: /home/brace/codeSpace/navi/install/rtabmap_msgs/include/rtabmap_msgs/rtabmap_msgs/msg/detail/link__struct.h\n'}
[5.508803] (rtabmap) StderrLine: {'line': b"/usr/bin/ld: ../../bin/librtabmap_gui.so.0.23.4: undefined reference to `rtabmap::ImageView::setFeaturesShown(bool)'\n"}
[5.508858] (rtabmap) StderrLine: {'line': b"/usr/bin/ld: ../../bin/librtabmap_gui.so.0.23.4: undefined reference to `rtabmap::MainWindow::rtabmapEvent3DMapProcessed()'\n"}
[5.508907] (rtabmap_msgs) StdoutLine: {'line': b'-- Up-to-date symlink: /home/brace/codeSpace/navi/install/rtabmap_msgs/include/rtabmap_msgs/rtabmap_msgs/msg/detail/link__type_support.h\n'}
[5.508962] (rtabmap_msgs) StdoutLine: {'line': b'-- Up-to-date symlink: /home/brace/codeSpace/navi/install/rtabmap_msgs/include/rtabmap_msgs/rtabmap_msgs/msg/detail/map_data__functions.h\n'}
[5.509016] (rtabmap) StderrLine: {'line': b"/usr/bin/ld: ../../bin/librtabmap_gui.so.0.23.4: undefined reference to `UPlotCurve::addValue(double, double)'\n"}
[5.509078] (rtabmap_msgs) StdoutLine: {'line': b'-- Up-to-date symlink: /home/brace/codeSpace/navi/install/rtabmap_msgs/include/rtabmap_msgs/rtabmap_msgs/msg/detail/map_data__struct.h\n'}
[5.509130] (rtabmap) StderrLine: {'line': b"/usr/bin/ld: ../../bin/librtabmap_gui.so.0.23.4: undefined reference to `rtabmap::ExportBundlerDialog::exportBundler(std::map<int, rtabmap::Transform, std::less<int>, std::allocator<std::pair<int const, rtabmap::Transform> > >&, std::multimap<int, rtabmap::Link, std::less<int>, std::allocator<std::pair<int const, rtabmap::Link> > > const&, QMap<int, rtabmap::Signature> const&, std::map<std::__cxx11::basic_string<char, std::char_traits<char>, std::allocator<char> >, std::__cxx11::basic_string<char, std::char_traits<char>, std::allocator<char> >, std::less<std::__cxx11::basic_string<char, std::char_traits<char>, std::allocator<char> > >, std::allocator<std::pair<std::__cxx11::basic_string<char, std::char_traits<char>, std::allocator<char> > const, std::__cxx11::basic_string<char, std::char_traits<char>, std::allocator<char> > > > > const&)'\n"}
[5.509203] (rtabmap) StderrLine: {'line': b"/usr/bin/ld: ../../bin/librtabmap_gui.so.0.23.4: undefined reference to `rtabmap::EditDepthArea::EditDepthArea(QWidget*)'\n"}
[5.509272] (rtabmap_msgs) StdoutLine: {'line': b'-- Up-to-date symlink: /home/brace/codeSpace/navi/install/rtabmap_msgs/include/rtabmap_msgs/rtabmap_msgs/msg/detail/map_data__type_support.h\n'}
[5.509476] (rtabmap) StderrLine: {'line': b"/usr/bin/ld: ../../bin/librtabmap_gui.so.0.23.4: undefined reference to `rtabmap::EditConstraintDialog::setPoseGroupVisible(bool)'\n"}
[5.509533] (rtabmap_msgs) StdoutLine: {'line': b'-- Up-to-date symlink: /home/brace/codeSpace/navi/install/rtabmap_msgs/include/rtabmap_msgs/rtabmap_msgs/msg/detail/map_graph__functions.h\n'}
[5.509586] (rtabmap_msgs) StdoutLine: {'line': b'-- Up-to-date symlink: /home/brace/codeSpace/navi/install/rtabmap_msgs/include/rtabmap_msgs/rtabmap_msgs/msg/detail/map_graph__struct.h\n'}
[5.509630] (rtabmap) StderrLine: {'line': b"/usr/bin/ld: ../../bin/librtabmap_gui.so.0.23.4: undefined reference to `rtabmap::MainWindow::rtabmapGoalStatusEventReceived(int)'\n"}
[5.509675] (rtabmap_msgs) StdoutLine: {'line': b'-- Up-to-date symlink: /home/brace/codeSpace/navi/install/rtabmap_msgs/include/rtabmap_msgs/rtabmap_msgs/msg/detail/map_graph__type_support.h\n'}
[5.509723] (rtabmap) StderrLine: {'line': b"/usr/bin/ld: ../../bin/librtabmap_gui.so.0.23.4: undefined reference to `rtabmap::ImageView::setImage(QImage const&, std::vector<rtabmap::CameraModel, std::allocator<rtabmap::CameraModel> > const&, rtabmap::Transform const&)'\n"}
[5.509776] (rtabmap) StderrLine: {'line': b"/usr/bin/ld: ../../bin/librtabmap_gui.so.0.23.4: undefined reference to `rtabmap::LoopClosureViewer::setData(rtabmap::Signature const&, rtabmap::Signature const&)'\n"}
[5.509826] (rtabmap_msgs) StdoutLine: {'line': b'-- Up-to-date symlink: /home/brace/codeSpace/navi/install/rtabmap_msgs/include/rtabmap_msgs/rtabmap_msgs/msg/detail/node__functions.h\n'}
[5.509875] (rtabmap_msgs) StdoutLine: {'line': b'-- Up-to-date symlink: /home/brace/codeSpace/navi/install/rtabmap_msgs/include/rtabmap_msgs/rtabmap_msgs/msg/detail/node__struct.h\n'}
[5.509928] (rtabmap) StderrLine: {'line': b"/usr/bin/ld: ../../bin/librtabmap_gui.so.0.23.4: undefined reference to `rtabmap::ImageView::setFeatureColor(int, QColor)'\n"}
[5.509975] (rtabmap_msgs) StdoutLine: {'line': b'-- Up-to-date symlink: /home/brace/codeSpace/navi/install/rtabmap_msgs/include/rtabmap_msgs/rtabmap_msgs/msg/detail/node__type_support.h\n'}
[5.510022] (rtabmap_msgs) StdoutLine: {'line': b'-- Up-to-date symlink: /home/brace/codeSpace/navi/install/rtabmap_msgs/include/rtabmap_msgs/rtabmap_msgs/msg/detail/odom_info__functions.h\n'}
[5.510067] (rtabmap) StderrLine: {'line': b"/usr/bin/ld: ../../bin/librtabmap_gui.so.0.23.4: undefined reference to `rtabmap::CalibrationDialog::processImages(cv::Mat const&, cv::Mat const&, QString const&)'\n"}
[5.510115] (rtabmap_msgs) StdoutLine: {'line': b'-- Up-to-date symlink: /home/brace/codeSpace/navi/install/rtabmap_msgs/include/rtabmap_msgs/rtabmap_msgs/msg/detail/odom_info__struct.h\n'}
[5.510215] (rtabmap_msgs) StdoutLine: {'line': b'-- Up-to-date symlink: /home/brace/codeSpace/navi/install/rtabmap_msgs/include/rtabmap_msgs/rtabmap_msgs/msg/detail/odom_info__type_support.h\n'}
[5.510265] (rtabmap) StderrLine: {'line': b"/usr/bin/ld: ../../bin/librtabmap_gui.so.0.23.4: undefined reference to `rtabmap::PostProcessingDialog::loadSettings(QSettings&, QString const&)'\n"}
[5.510317] (rtabmap_msgs) StdoutLine: {'line': b'-- Up-to-date symlink: /home/brace/codeSpace/navi/install/rtabmap_msgs/include/rtabmap_msgs/rtabmap_msgs/msg/detail/path__functions.h\n'}
[5.510366] (rtabmap_msgs) StdoutLine: {'line': b'-- Up-to-date symlink: /home/brace/codeSpace/navi/install/rtabmap_msgs/include/rtabmap_msgs/rtabmap_msgs/msg/detail/path__struct.h\n'}
[5.510410] (rtabmap_msgs) StdoutLine: {'line': b'-- Up-to-date symlink: /home/brace/codeSpace/navi/install/rtabmap_msgs/include/rtabmap_msgs/rtabmap_msgs/msg/detail/path__type_support.h\n'}
[5.510457] (rtabmap_msgs) StdoutLine: {'line': b'-- Up-to-date symlink: /home/brace/codeSpace/navi/install/rtabmap_msgs/include/rtabmap_msgs/rtabmap_msgs/msg/detail/point2f__functions.h\n'}
[5.510503] (rtabmap_msgs) StdoutLine: {'line': b'-- Up-to-date symlink: /home/brace/codeSpace/navi/install/rtabmap_msgs/include/rtabmap_msgs/rtabmap_msgs/msg/detail/point2f__struct.h\n'}
[5.510553] (rtabmap) StderrLine: {'line': b"/usr/bin/ld: ../../bin/librtabmap_gui.so.0.23.4: undefined reference to `rtabmap::StatsToolBox::closeFigures()'\n"}
[5.510599] (rtabmap) StderrLine: {'line': b"/usr/bin/ld: ../../bin/librtabmap_gui.so.0.23.4: undefined reference to `rtabmap::GraphViewer::linkSelected(int, int)'\n"}
[5.510645] (rtabmap_msgs) StdoutLine: {'line': b'-- Up-to-date symlink: /home/brace/codeSpace/navi/install/rtabmap_msgs/include/rtabmap_msgs/rtabmap_msgs/msg/detail/point2f__type_support.h\n'}
[5.510692] (rtabmap_msgs) StdoutLine: {'line': b'-- Up-to-date symlink: /home/brace/codeSpace/navi/install/rtabmap_msgs/include/rtabmap_msgs/rtabmap_msgs/msg/detail/point3f__functions.h\n'}
[5.510736] (rtabmap) StderrLine: {'line': b"/usr/bin/ld: ../../bin/librtabmap_gui.so.0.23.4: undefined reference to `rtabmap::ExportBundlerDialog::saveSettings(QSettings&, QString const&) const'\n"}
[5.510782] (rtabmap_msgs) StdoutLine: {'line': b'-- Up-to-date symlink: /home/brace/codeSpace/navi/install/rtabmap_msgs/include/rtabmap_msgs/rtabmap_msgs/msg/detail/point3f__struct.h\n'}
[5.510827] (rtabmap_msgs) StdoutLine: {'line': b'-- Up-to-date symlink: /home/brace/codeSpace/navi/install/rtabmap_msgs/include/rtabmap_msgs/rtabmap_msgs/msg/detail/point3f__type_support.h\n'}
[5.510872] (rtabmap_msgs) StdoutLine: {'line': b'-- Up-to-date symlink: /home/brace/codeSpace/navi/install/rtabmap_msgs/include/rtabmap_msgs/rtabmap_msgs/msg/detail/rgbd_image__functions.h\n'}
[5.510917] (rtabmap_msgs) StdoutLine: {'line': b'-- Up-to-date symlink: /home/brace/codeSpace/navi/install/rtabmap_msgs/include/rtabmap_msgs/rtabmap_msgs/msg/detail/rgbd_image__struct.h\n'}
[5.510964] (rtabmap) StderrLine: {'line': b"/usr/bin/ld: ../../bin/librtabmap_gui.so.0.23.4: undefined reference to `rtabmap::ProgressDialog::clear()'\n"}
[5.511010] (rtabmap) StderrLine: {'line': b"/usr/bin/ld: ../../bin/librtabmap_gui.so.0.23.4: undefined reference to `rtabmap::ProgressDialog::resetProgress()'\n"}
[5.511054] (rtabmap) StderrLine: {'line': b"/usr/bin/ld: ../../bin/librtabmap_gui.so.0.23.4: undefined reference to `QMultiComboBox::SetDisplayText(QString)'\n"}
[5.511101] (rtabmap_msgs) StdoutLine: {'line': b'-- Up-to-date symlink: /home/brace/codeSpace/navi/install/rtabmap_msgs/include/rtabmap_msgs/rtabmap_msgs/msg/detail/rgbd_image__type_support.h\n'}
[5.511146] (rtabmap_msgs) StdoutLine: {'line': b'-- Up-to-date symlink: /home/brace/codeSpace/navi/install/rtabmap_msgs/include/rtabmap_msgs/rtabmap_msgs/msg/detail/rgbd_images__functions.h\n'}
[5.511198] (rtabmap_msgs) StdoutLine: {'line': b'-- Up-to-date symlink: /home/brace/codeSpace/navi/install/rtabmap_msgs/include/rtabmap_msgs/rtabmap_msgs/msg/detail/rgbd_images__struct.h\n'}
[5.511246] (rtabmap_msgs) StdoutLine: {'line': b'-- Up-to-date symlink: /home/brace/codeSpace/navi/install/rtabmap_msgs/include/rtabmap_msgs/rtabmap_msgs/msg/detail/rgbd_images__type_support.h\n'}
[5.511313] (rtabmap_msgs) StdoutLine: {'line': b'-- Up-to-date symlink: /home/brace/codeSpace/navi/install/rtabmap_msgs/include/rtabmap_msgs/rtabmap_msgs/msg/detail/scan_descriptor__functions.h\n'}
[5.511365] (rtabmap_msgs) StdoutLine: {'line': b'-- Up-to-date symlink: /home/brace/codeSpace/navi/install/rtabmap_msgs/include/rtabmap_msgs/rtabmap_msgs/msg/detail/scan_descriptor__struct.h\n'}
[5.511412] (rtabmap_msgs) StdoutLine: {'line': b'-- Up-to-date symlink: /home/brace/codeSpace/navi/install/rtabmap_msgs/include/rtabmap_msgs/rtabmap_msgs/msg/detail/scan_descriptor__type_support.h\n'}
[5.511458] (rtabmap_msgs) StdoutLine: {'line': b'-- Up-to-date symlink: /home/brace/codeSpace/navi/install/rtabmap_msgs/include/rtabmap_msgs/rtabmap_msgs/msg/detail/sensor_data__functions.h\n'}
[5.511507] (rtabmap_msgs) StdoutLine: {'line': b'-- Up-to-date symlink: /home/brace/codeSpace/navi/install/rtabmap_msgs/include/rtabmap_msgs/rtabmap_msgs/msg/detail/sensor_data__struct.h\n'}
[5.511560] (rtabmap_msgs) StdoutLine: {'line': b'-- Up-to-date symlink: /home/brace/codeSpace/navi/install/rtabmap_msgs/include/rtabmap_msgs/rtabmap_msgs/msg/detail/sensor_data__type_support.h\n'}
[5.511609] (rtabmap_msgs) StdoutLine: {'line': b'-- Up-to-date symlink: /home/brace/codeSpace/navi/install/rtabmap_msgs/include/rtabmap_msgs/rtabmap_msgs/msg/detail/user_data__functions.h\n'}
[5.511655] (rtabmap_msgs) StdoutLine: {'line': b'-- Up-to-date symlink: /home/brace/codeSpace/navi/install/rtabmap_msgs/include/rtabmap_msgs/rtabmap_msgs/msg/detail/user_data__struct.h\n'}
[5.511704] (rtabmap_msgs) StdoutLine: {'line': b'-- Up-to-date symlink: /home/brace/codeSpace/navi/install/rtabmap_msgs/include/rtabmap_msgs/rtabmap_msgs/msg/detail/user_data__type_support.h\n'}
[5.511751] (rtabmap_msgs) StdoutLine: {'line': b'-- Up-to-date symlink: /home/brace/codeSpace/navi/install/rtabmap_msgs/include/rtabmap_msgs/rtabmap_msgs/msg/env_sensor.h\n'}
[5.511855] (rtabmap) StderrLine: {'line': b"/usr/bin/ld: ../../bin/librtabmap_gui.so.0.23.4: undefined reference to `UPlot::removeCurves()'\n"}
[5.511916] (rtabmap) StderrLine: {'line': b"/usr/bin/ld: ../../bin/librtabmap_gui.so.0.23.4: undefined reference to `rtabmap::ImageView::setLinesShown(bool)'\n"}
[5.511966] (rtabmap) StderrLine: {'line': b"/usr/bin/ld: ../../bin/librtabmap_gui.so.0.23.4: undefined reference to `rtabmap::StatsToolBox::updateStat(QString const&, double, double, bool)'\n"}
[5.512015] (rtabmap) StderrLine: {'line': b"/usr/bin/ld: ../../bin/librtabmap_gui.so.0.23.4: undefined reference to `rtabmap::ProgressDialog::incrementStep(int)'\n"}
[5.512061] (rtabmap) StderrLine: {'line': b"/usr/bin/ld: ../../bin/librtabmap_gui.so.0.23.4: undefined reference to `rtabmap::MainWindow::rtabmapGlobalPathEventReceived(rtabmap::RtabmapGlobalPathEvent const&)'\n"}
[5.512110] (rtabmap) StderrLine: {'line': b"/usr/bin/ld: ../../bin/librtabmap_gui.so.0.23.4: undefined reference to `rtabmap::DataRecorder::~DataRecorder()'\n"}
[5.512153] (rtabmap) StderrLine: {'line': b"/usr/bin/ld: ../../bin/librtabmap_gui.so.0.23.4: undefined reference to `QMultiComboBox::setItemChecked(int, bool)'\n"}
[5.512199] (rtabmap) StderrLine: {'line': b"/usr/bin/ld: ../../bin/librtabmap_gui.so.0.23.4: undefined reference to `rtabmap::MainWindow::stateChanged(rtabmap::MainWindow::State)'\n"}
[5.512246] (rtabmap) StderrLine: {'line': b"/usr/bin/ld: ../../bin/librtabmap_gui.so.0.23.4: undefined reference to `rtabmap::DataRecorder::addData(rtabmap::SensorData const&, rtabmap::Transform const&, cv::Mat const&)'\n"}
[5.512776] (rtabmap) StderrLine: {'line': b"/usr/bin/ld: ../../bin/librtabmap_gui.so.0.23.4: undefined reference to `rtabmap::GraphViewer::staticMetaObject'\n"}
[5.513037] (rtabmap) StderrLine: {'line': b"/usr/bin/ld: ../../bin/librtabmap_gui.so.0.23.4: undefined reference to `rtabmap::PostProcessingDialog::iterations() const'\n"}
[5.513092] (rtabmap_msgs) StdoutLine: {'line': b'-- Up-to-date symlink: /home/brace/codeSpace/navi/install/rtabmap_msgs/include/rtabmap_msgs/rtabmap_msgs/msg/global_descriptor.h\n'}
[5.513156] (rtabmap) StderrLine: {'line': b"/usr/bin/ld: ../../bin/librtabmap_gui.so.0.23.4: undefined reference to `rtabmap::ImageView::getDefaultMatchingFeatureColor() const'\n"}
[5.513258] (rtabmap_msgs) StdoutLine: {'line': b'-- Up-to-date symlink: /home/brace/codeSpace/navi/install/rtabmap_msgs/include/rtabmap_msgs/rtabmap_msgs/msg/goal.h\n'}
[5.513445] (rtabmap) StderrLine: {'line': b"/usr/bin/ld: ../../bin/librtabmap_gui.so.0.23.4: undefined reference to `rtabmap::MultiSessionLocSubView::MultiSessionLocSubView(rtabmap::ImageView*, int, QWidget*)'\n"}
[5.513618] (rtabmap_msgs) StdoutLine: {'line': b'-- Up-to-date symlink: /home/brace/codeSpace/navi/install/rtabmap_msgs/include/rtabmap_msgs/rtabmap_msgs/msg/gps.h\n'}
[5.513864] (rtabmap_msgs) StdoutLine: {'line': b'-- Up-to-date symlink: /home/brace/codeSpace/navi/install/rtabmap_msgs/include/rtabmap_msgs/rtabmap_msgs/msg/info.h\n'}
[5.514041] (rtabmap) StderrLine: {'line': b"/usr/bin/ld: ../../bin/librtabmap_gui.so.0.23.4: undefined reference to `rtabmap::EditMapArea::EditMapArea(QWidget*)'\n"}
[5.514119] (rtabmap) StderrLine: {'line': b"/usr/bin/ld: ../../bin/librtabmap_gui.so.0.23.4: undefined reference to `rtabmap::ImageView::loadSettings(QSettings&, QString const&)'\n"}
[5.514304] (rtabmap_msgs) StdoutLine: {'line': b'-- Up-to-date symlink: /home/brace/codeSpace/navi/install/rtabmap_msgs/include/rtabmap_msgs/rtabmap_msgs/msg/key_point.h\n'}
[5.514562] (rtabmap_msgs) StdoutLine: {'line': b'-- Up-to-date symlink: /home/brace/codeSpace/navi/install/rtabmap_msgs/include/rtabmap_msgs/rtabmap_msgs/msg/landmark_detection.h\n'}
[5.514788] (rtabmap) StderrLine: {'line': b"/usr/bin/ld: ../../bin/librtabmap_gui.so.0.23.4: undefined reference to `rtabmap::MainWindow::noMoreImagesReceived()'\n"}
[5.514853] (rtabmap_msgs) StdoutLine: {'line': b'-- Up-to-date symlink: /home/brace/codeSpace/navi/install/rtabmap_msgs/include/rtabmap_msgs/rtabmap_msgs/msg/landmark_detections.h\n'}
[5.514911] (rtabmap) StderrLine: {'line': b"/usr/bin/ld: ../../bin/librtabmap_gui.so.0.23.4: undefined reference to `rtabmap::ImageView::setFeaturesColor(QColor)'\n"}
[5.514955] (rtabmap) StderrLine: {'line': b"/usr/bin/ld: ../../bin/librtabmap_gui.so.0.23.4: undefined reference to `vtable for rtabmap::PreferencesDialog'\n"}
[5.515010] (rtabmap_msgs) StdoutLine: {'line': b'-- Up-to-date symlink: /home/brace/codeSpace/navi/install/rtabmap_msgs/include/rtabmap_msgs/rtabmap_msgs/msg/link.h\n'}
[5.515061] (rtabmap) StderrLine: {'line': b'gmake[2]: *** [tools/Report/CMakeFiles/report.dir/build.make:189\xef\xbc\x9abin/rtabmap-report] \xe9\x94\x99\xe8\xaf\xaf 1\n'}
[5.515196] (rtabmap) StderrLine: {'line': b'collect2: error: ld returned 1 exit status\n'}
[5.515263] (rtabmap_msgs) StdoutLine: {'line': b'-- Up-to-date symlink: /home/brace/codeSpace/navi/install/rtabmap_msgs/include/rtabmap_msgs/rtabmap_msgs/msg/map_data.h\n'}
[5.515320] (rtabmap_msgs) StdoutLine: {'line': b'-- Up-to-date symlink: /home/brace/codeSpace/navi/install/rtabmap_msgs/include/rtabmap_msgs/rtabmap_msgs/msg/map_graph.h\n'}
[5.515366] (rtabmap_msgs) StdoutLine: {'line': b'-- Up-to-date symlink: /home/brace/codeSpace/navi/install/rtabmap_msgs/include/rtabmap_msgs/rtabmap_msgs/msg/node.h\n'}
[5.515420] (rtabmap_msgs) StdoutLine: {'line': b'-- Up-to-date symlink: /home/brace/codeSpace/navi/install/rtabmap_msgs/include/rtabmap_msgs/rtabmap_msgs/msg/odom_info.h\n'}
[5.515466] (rtabmap) StderrLine: {'line': b'gmake[1]: *** [CMakeFiles/Makefile2:1302\xef\xbc\x9atools/Report/CMakeFiles/report.dir/all] \xe9\x94\x99\xe8\xaf\xaf 2\n'}
[5.515519] (rtabmap_msgs) StdoutLine: {'line': b'-- Up-to-date symlink: /home/brace/codeSpace/navi/install/rtabmap_msgs/include/rtabmap_msgs/rtabmap_msgs/msg/path.h\n'}
[5.515568] (rtabmap) StderrLine: {'line': b"/usr/bin/ld: /usr/bin/ld: ../../bin/librtabmap_gui.so.0.23.4: undefined reference to `../../bin/librtabmap_gui.so.0.23.4: undefined reference to `rtabmap::ConsoleWidget::ConsoleWidget(QWidget*)'\n"}
[5.515623] (rtabmap) StderrLine: {'line': b"rtabmap::EditConstraintDialog::getCovariance() const'\n"}
[5.515679] (rtabmap_msgs) StdoutLine: {'line': b'-- Up-to-date symlink: /home/brace/codeSpace/navi/install/rtabmap_msgs/include/rtabmap_msgs/rtabmap_msgs/msg/point2f.h\n'}
[5.515735] (rtabmap_msgs) StdoutLine: {'line': b'-- Up-to-date symlink: /home/brace/codeSpace/navi/install/rtabmap_msgs/include/rtabmap_msgs/rtabmap_msgs/msg/point3f.h\n'}
[5.515789] (rtabmap) StderrLine: {'line': b"/usr/bin/ld: ../../bin/librtabmap_gui.so.0.23.4: undefined reference to `rtabmap::PostProcessingDialog::isDetectMoreLoopClosures() const'\n"}
[5.515848] (rtabmap) StderrLine: {'line': b"/usr/bin/ld: ../../bin/librtabmap_gui.so.0.23.4: undefined reference to `vtable for rtabmap::ParametersToolBox'\n"}
[5.515905] (rtabmap) StderrLine: {'line': b"/usr/bin/ld: ../../bin/librtabmap_gui.so.0.23.4: undefined reference to `rtabmap::CloudViewerCellPicker::New()'\n"}
[5.515962] (rtabmap) StderrLine: {'line': b"/usr/bin/ld: ../../bin/librtabmap_gui.so.0.23.4: undefined reference to `rtabmap::EditMapArea::setMap(cv::Mat const&)'\n"}
[5.516016] (rtabmap) StderrLine: {'line': b"/usr/bin/ld: ../../bin/librtabmap_gui.so.0.23.4: undefined reference to `rtabmap::EditDepthArea::getModifiedImage() const'\n"}
[5.516093] (rtabmap) StderrLine: {'line': b"/usr/bin/ld: ../../bin/librtabmap_gui.so.0.23.4: undefined reference to `rtabmap::ExportBundlerDialog::staticMetaObject'\n"}
[5.516149] (rtabmap) StderrLine: {'line': b"/usr/bin/ld: ../../bin/librtabmap_gui.so.0.23.4: undefined reference to `UPlotCurve::UPlotCurve(QString const&, QVector<double> const&, QVector<double> const&, QObject*)'\n"}
[5.516217] (rtabmap) StderrLine: {'line': b"/usr/bin/ld: ../../bin/librtabmap_gui.so.0.23.4: undefined reference to `rtabmap::PostProcessingDialog::isRefineLoopClosureLinks() const'\n"}
[5.516326] (rtabmap) StderrLine: {'line': b"/usr/bin/ld: ../../bin/librtabmap_gui.so.0.23.4: undefined reference to `rtabmap::MainWindow::rtabmapEventInitReceived(int, QString const&)'\n"}
[5.516403] (rtabmap) StderrLine: {'line': b"/usr/bin/ld: ../../bin/librtabmap_gui.so.0.23.4: undefined reference to `rtabmap::CalibrationDialog::squareSize() const'\n"}
[5.516471] (rtabmap) StderrLine: {'line': b"/usr/bin/ld: ../../bin/librtabmap_gui.so.0.23.4: undefined reference to `rtabmap::vtkImageMatSource::New()'\n"}
[5.516529] (rtabmap) StderrLine: {'line': b"/usr/bin/ld: ../../bin/librtabmap_gui.so.0.23.4: undefined reference to `rtabmap::MapVisibilityWidget::getVisiblePoses() const'\n"}
[5.516574] (rtabmap) StderrLine: {'line': b"/usr/bin/ld: ../../bin/librtabmap_gui.so.0.23.4: undefined reference to `rtabmap::PreferencesDialog::staticMetaObject'\n"}
[5.516617] (rtabmap) StderrLine: {'line': b"/usr/bin/ld: ../../bin/librtabmap_gui.so.0.23.4: undefined reference to `rtabmap::ImageView::ImageView(QWidget*)'\n"}
[5.516659] (rtabmap) StderrLine: {'line': b"/usr/bin/ld: ../../bin/librtabmap_gui.so.0.23.4: undefined reference to `rtabmap::MainWindow::staticMetaObject'\n"}
[5.516702] (rtabmap) StderrLine: {'line': b"/usr/bin/ld: ../../bin/librtabmap_gui.so.0.23.4: undefined reference to `rtabmap::CalibrationDialog::setSwitchedImages(bool)'\n"}
[5.516744] (rtabmap) StderrLine: {'line': b"/usr/bin/ld: ../../bin/librtabmap_gui.so.0.23.4: undefined reference to `rtabmap::CalibrationDialog::setSquareSize(double)'\n"}
[5.516788] (rtabmap) StderrLine: {'line': b"/usr/bin/ld: ../../bin/librtabmap_gui.so.0.23.4: undefined reference to `rtabmap::MainWindow::statsReceived(rtabmap::Statistics const&)'\n"}
[5.516830] (rtabmap) StderrLine: {'line': b"/usr/bin/ld: ../../bin/librtabmap_gui.so.0.23.4: undefined reference to `rtabmap::StatsToolBox::clear()'\n"}
[5.516875] (rtabmap) StderrLine: {'line': b"/usr/bin/ld: ../../bin/librtabmap_gui.so.0.23.4: undefined reference to `rtabmap::CalibrationDialog::setStereoMode(bool, QString const&, QString const&)'\n"}
[5.516919] (rtabmap) StderrLine: {'line': b"/usr/bin/ld: ../../bin/librtabmap_gui.so.0.23.4: undefined reference to `rtabmap::MainWindow::mappingModeChanged(bool)'\n"}
[5.516964] (rtabmap) StderrLine: {'line': b"/usr/bin/ld: ../../bin/librtabmap_gui.so.0.23.4: undefined reference to `rtabmap::ImageView::setFeatures(std::vector<cv::KeyPoint, std::allocator<cv::KeyPoint> > const&, cv::Mat const&, QColor const&)'\n"}
[5.517010] (rtabmap) StderrLine: {'line': b'gmake[2]: *** [tools/DataRecorder/CMakeFiles/dataRecorder.dir/build.make:189\xef\xbc\x9abin/rtabmap-dataRecorder] \xe9\x94\x99\xe8\xaf\xaf 1\n'}
[5.517054] (rtabmap) StderrLine: {'line': b"/usr/bin/ld: ../../bin/librtabmap_gui.so.0.23.4: undefined reference to `rtabmap::ImageView::getDefaultMatchingLineColor() const'\n"}
[5.517100] (rtabmap) StderrLine: {'line': b"/usr/bin/ld: ../../bin/librtabmap_gui.so.0.23.4: undefined reference to `vtable for rtabmap::DatabaseViewer'\n"}
[5.517145] (rtabmap) StderrLine: {'line': b"/usr/bin/ld: ../../bin/librtabmap_gui.so.0.23.4: undefined reference to `rtabmap::GraphViewer::nodeSelected(int)'\n"}
[5.517186] (rtabmap) StderrLine: {'line': b'gmake[1]: *** [CMakeFiles/Makefile2:1550\xef\xbc\x9atools/DataRecorder/CMakeFiles/dataRecorder.dir/all] \xe9\x94\x99\xe8\xaf\xaf 2\n'}
[5.517229] (rtabmap) StderrLine: {'line': b"/usr/bin/ld: ../../bin/librtabmap_gui.so.0.23.4: undefined reference to `rtabmap::CalibrationDialog::stereoCalibration(rtabmap::CameraModel const&, rtabmap::CameraModel const&, bool, QTextStream*) const'\n"}
[5.517340] (rtabmap) StderrLine: {'line': b"/usr/bin/ld: ../../bin/librtabmap_gui.so.0.23.4: undefined reference to `rtabmap::StatsToolBox::setWorkingDirectory(QString const&)'\n"}
[5.517391] (rtabmap) StderrLine: {'line': b"/usr/bin/ld: ../../bin/librtabmap_gui.so.0.23.4: undefined reference to `vtable for rtabmap::ExportCloudsDialog'\n"}
[5.517439] (rtabmap) StderrLine: {'line': b"/usr/bin/ld: ../../bin/librtabmap_gui.so.0.23.4: undefined reference to `rtabmap::ExportBundlerDialog::ExportBundlerDialog(QWidget*)'\n"}
[5.517488] (rtabmap_msgs) StdoutLine: {'line': b'-- Up-to-date symlink: /home/brace/codeSpace/navi/install/rtabmap_msgs/include/rtabmap_msgs/rtabmap_msgs/msg/rgbd_image.h\n'}
[5.517742] (rtabmap_msgs) StdoutLine: {'line': b'-- Up-to-date symlink: /home/brace/codeSpace/navi/install/rtabmap_msgs/include/rtabmap_msgs/rtabmap_msgs/msg/rgbd_images.h\n'}
[5.517801] (rtabmap_msgs) StdoutLine: {'line': b'-- Up-to-date symlink: /home/brace/codeSpace/navi/install/rtabmap_msgs/include/rtabmap_msgs/rtabmap_msgs/msg/rosidl_generator_c__visibility_control.h\n'}
[5.517854] (rtabmap_msgs) StdoutLine: {'line': b'-- Up-to-date symlink: /home/brace/codeSpace/navi/install/rtabmap_msgs/include/rtabmap_msgs/rtabmap_msgs/msg/scan_descriptor.h\n'}
[5.517998] (rtabmap_msgs) StdoutLine: {'line': b'-- Up-to-date symlink: /home/brace/codeSpace/navi/install/rtabmap_msgs/include/rtabmap_msgs/rtabmap_msgs/msg/sensor_data.h\n'}
[5.518050] (rtabmap_msgs) StdoutLine: {'line': b'-- Up-to-date symlink: /home/brace/codeSpace/navi/install/rtabmap_msgs/include/rtabmap_msgs/rtabmap_msgs/msg/user_data.h\n'}
[5.518103] (rtabmap_msgs) StdoutLine: {'line': b'-- Up-to-date symlink: /home/brace/codeSpace/navi/install/rtabmap_msgs/include/rtabmap_msgs/rtabmap_msgs/srv/add_link.h\n'}
[5.518153] (rtabmap_msgs) StdoutLine: {'line': b'-- Up-to-date symlink: /home/brace/codeSpace/navi/install/rtabmap_msgs/include/rtabmap_msgs/rtabmap_msgs/srv/cleanup_local_grids.h\n'}
[5.518204] (rtabmap_msgs) StdoutLine: {'line': b'-- Up-to-date symlink: /home/brace/codeSpace/navi/install/rtabmap_msgs/include/rtabmap_msgs/rtabmap_msgs/srv/detail/add_link__functions.h\n'}
[5.518261] (rtabmap_msgs) StdoutLine: {'line': b'-- Up-to-date symlink: /home/brace/codeSpace/navi/install/rtabmap_msgs/include/rtabmap_msgs/rtabmap_msgs/srv/detail/add_link__struct.h\n'}
[5.518366] (rtabmap_msgs) StdoutLine: {'line': b'-- Up-to-date symlink: /home/brace/codeSpace/navi/install/rtabmap_msgs/include/rtabmap_msgs/rtabmap_msgs/srv/detail/add_link__type_support.h\n'}
[5.518413] (rtabmap_msgs) StdoutLine: {'line': b'-- Up-to-date symlink: /home/brace/codeSpace/navi/install/rtabmap_msgs/include/rtabmap_msgs/rtabmap_msgs/srv/detail/cleanup_local_grids__functions.h\n'}
[5.518463] (rtabmap_msgs) StdoutLine: {'line': b'-- Up-to-date symlink: /home/brace/codeSpace/navi/install/rtabmap_msgs/include/rtabmap_msgs/rtabmap_msgs/srv/detail/cleanup_local_grids__struct.h\n'}
[5.518513] (rtabmap) StderrLine: {'line': b"/usr/bin/ld: ../../bin/librtabmap_gui.so.0.23.4: undefined reference to `rtabmap::CalibrationDialog::setFisheyeModel()'\n"}
[5.518573] (rtabmap_msgs) StdoutLine: {'line': b'-- Up-to-date symlink: /home/brace/codeSpace/navi/install/rtabmap_msgs/include/rtabmap_msgs/rtabmap_msgs/srv/detail/cleanup_local_grids__type_support.h\n'}
[5.518626] (rtabmap_msgs) StdoutLine: {'line': b'-- Up-to-date symlink: /home/brace/codeSpace/navi/install/rtabmap_msgs/include/rtabmap_msgs/rtabmap_msgs/srv/detail/detect_more_loop_closures__functions.h\n'}
[5.518675] (rtabmap) StderrLine: {'line': b"/usr/bin/ld: ../../bin/librtabmap_gui.so.0.23.4: undefined reference to `rtabmap::ExportBundlerDialog::setWorkingDirectory(QString const&)'\n"}
[5.518727] (rtabmap) StderrLine: {'line': b"/usr/bin/ld: ../../bin/librtabmap_gui.so.0.23.4: undefined reference to `rtabmap::PostProcessingDialog::PostProcessingDialog(QWidget*)'\n"}
[5.518776] (rtabmap) StderrLine: {'line': b"/usr/bin/ld: ../../bin/librtabmap_gui.so.0.23.4: undefined reference to `rtabmap::ExportDialog::isRgbExported() const'\n"}
[5.518837] (rtabmap_msgs) StdoutLine: {'line': b'-- Up-to-date symlink: /home/brace/codeSpace/navi/install/rtabmap_msgs/include/rtabmap_msgs/rtabmap_msgs/srv/detail/detect_more_loop_closures__struct.h\n'}
[5.518891] (rtabmap) StderrLine: {'line': b"/usr/bin/ld: ../../bin/librtabmap_gui.so.0.23.4: undefined reference to `rtabmap::MultiSessionLocSubView::updateView(int, QImage const&, std::multimap<int, cv::KeyPoint, std::less<int>, std::allocator<std::pair<int const, cv::KeyPoint> > > const&, float, QColor const&)'\n"}
[5.518974] (rtabmap) StderrLine: {'line': b"/usr/bin/ld: ../../bin/librtabmap_gui.so.0.23.4: undefined reference to `rtabmap::ProgressDialog::maximumSteps() const'\n"}
[5.519029] (rtabmap) StderrLine: {'line': b"/usr/bin/ld: ../../bin/librtabmap_gui.so.0.23.4: undefined reference to `rtabmap::ImageView::addFeature(int, cv::KeyPoint const&, float, QColor)'\n"}
[5.519088] (rtabmap_msgs) StdoutLine: {'line': b'-- Up-to-date symlink: /home/brace/codeSpace/navi/install/rtabmap_msgs/include/rtabmap_msgs/rtabmap_msgs/srv/detail/detect_more_loop_closures__type_support.h\n'}
[5.519144] (rtabmap_msgs) StdoutLine: {'line': b'-- Up-to-date symlink: /home/brace/codeSpace/navi/install/rtabmap_msgs/include/rtabmap_msgs/rtabmap_msgs/srv/detail/get_map2__functions.h\n'}
[5.519199] (rtabmap) StderrLine: {'line': b"/usr/bin/ld: ../../bin/librtabmap_gui.so.0.23.4: undefined reference to `QMultiComboBox::QMultiComboBox(QWidget*)'\n"}
[5.519276] (rtabmap) StderrLine: {'line': b"/usr/bin/ld: ../../bin/librtabmap_gui.so.0.23.4: undefined reference to `rtabmap::LinkRefiningDialog::getRangeNodeId(int&, int&) const'\n"}
[5.519335] (rtabmap_msgs) StdoutLine: {'line': b'-- Up-to-date symlink: /home/brace/codeSpace/navi/install/rtabmap_msgs/include/rtabmap_msgs/rtabmap_msgs/srv/detail/get_map2__struct.h\n'}
[5.519392] (rtabmap) StderrLine: {'line': b"/usr/bin/ld: ../../bin/librtabmap_gui.so.0.23.4: undefined reference to `rtabmap::PostProcessingDialog::sbaVariance() const'\n"}
[5.519449] (rtabmap_msgs) StdoutLine: {'line': b'-- Up-to-date symlink: /home/brace/codeSpace/navi/install/rtabmap_msgs/include/rtabmap_msgs/rtabmap_msgs/srv/detail/get_map2__type_support.h\n'}
[5.519501] (rtabmap) StderrLine: {'line': b"/usr/bin/ld: ../../bin/librtabmap_gui.so.0.23.4: undefined reference to `rtabmap::CalibrationDialog::loadSettings(QSettings&, QString const&)'\n"}
[5.519561] (rtabmap) StderrLine: {'line': b"/usr/bin/ld: ../../bin/librtabmap_gui.so.0.23.4: undefined reference to `rtabmap::EditConstraintDialog::~EditConstraintDialog()'\n"}
[5.519613] (rtabmap) StderrLine: {'line': b"/usr/bin/ld: ../../bin/librtabmap_gui.so.0.23.4: undefined reference to `rtabmap::MainWindow::odometryProcessed()'\n"}
[5.519658] (rtabmap_msgs) StdoutLine: {'line': b'-- Up-to-date symlink: /home/brace/codeSpace/navi/install/rtabmap_msgs/include/rtabmap_msgs/rtabmap_msgs/srv/detail/get_map__functions.h\n'}
[5.519702] (rtabmap) StderrLine: {'line': b"/usr/bin/ld: ../../bin/librtabmap_gui.so.0.23.4: undefined reference to `rtabmap::DataRecorder::init(QString const&, bool)'\n"}
[5.519748] (rtabmap) StderrLine: {'line': b"/usr/bin/ld: ../../bin/librtabmap_gui.so.0.23.4: undefined reference to `rtabmap::PostProcessingDialog::sbaIterations() const'\n"}
[5.519793] (rtabmap_msgs) StdoutLine: {'line': b'-- Up-to-date symlink: /home/brace/codeSpace/navi/install/rtabmap_msgs/include/rtabmap_msgs/rtabmap_msgs/srv/detail/get_map__struct.h\n'}
[5.519838] (rtabmap) StderrLine: {'line': b"/usr/bin/ld: ../../bin/librtabmap_gui.so.0.23.4: undefined reference to `vtable for rtabmap::MultiSessionLocWidget'\n"}
[5.519881] (rtabmap) StderrLine: {'line': b"/usr/bin/ld: ../../bin/librtabmap_gui.so.0.23.4: undefined reference to `rtabmap::ParametersToolBox::staticMetaObject'\n"}
[5.519926] (rtabmap_msgs) StdoutLine: {'line': b'-- Up-to-date symlink: /home/brace/codeSpace/navi/install/rtabmap_msgs/include/rtabmap_msgs/rtabmap_msgs/srv/detail/get_map__type_support.h\n'}
[5.519974] (rtabmap) StderrLine: {'line': b"/usr/bin/ld: ../../bin/librtabmap_gui.so.0.23.4: undefined reference to `vtable for rtabmap::TexturingState'\n"}
[5.520019] (rtabmap) StderrLine: {'line': b"/usr/bin/ld: ../../bin/librtabmap_gui.so.0.23.4: undefined reference to `rtabmap::CalibrationDialog::resetSettings()'\n"}
[5.520065] (rtabmap) StderrLine: {'line': b"/usr/bin/ld: ../../bin/librtabmap_gui.so.0.23.4: undefined reference to `rtabmap::CalibrationDialog::saveSettings(QSettings&, QString const&) const'\n"}
[5.520113] (rtabmap) StderrLine: {'line': b"/usr/bin/ld: ../../bin/librtabmap_gui.so.0.23.4: undefined reference to `rtabmap::ImageView::clearLines()'\n"}
[5.520167] (rtabmap) StderrLine: {'line': b"/usr/bin/ld: ../../bin/librtabmap_gui.so.0.23.4: undefined reference to `rtabmap::StatsToolBox::StatsToolBox(QWidget*)'\n"}
[5.520215] (rtabmap) StderrLine: {'line': b"/usr/bin/ld: ../../bin/librtabmap_gui.so.0.23.4: undefined reference to `rtabmap::GraphViewer::mapShownRequested()'\n"}
[5.520271] (rtabmap) StderrLine: {'line': b"/usr/bin/ld: ../../bin/librtabmap_gui.so.0.23.4: undefined reference to `rtabmap::MainWindow::cameraInfoProcessed()'\n"}
[5.520326] (rtabmap) StderrLine: {'line': b"/usr/bin/ld: ../../bin/librtabmap_gui.so.0.23.4: undefined reference to `rtabmap::LinkRefiningDialog::getIntraInterSessions(bool&, bool&) const'\n"}
[5.520377] (rtabmap) StderrLine: {'line': b"/usr/bin/ld: ../../bin/librtabmap_gui.so.0.23.4: undefined reference to `rtabmap::CalibrationDialog::setCameraName(QString const&)'\n"}
[5.520434] (rtabmap) StderrLine: {'line': b"/usr/bin/ld: ../../bin/librtabmap_gui.so.0.23.4: undefined reference to `QMultiComboBox::itemText(int)'\n"}
[5.520485] (rtabmap) StderrLine: {'line': b"/usr/bin/ld: ../../bin/librtabmap_gui.so.0.23.4: undefined reference to `rtabmap::ImageView::clearFeatures()'\n"}
[5.520531] (rtabmap) StderrLine: {'line': b"/usr/bin/ld: ../../bin/librtabmap_gui.so.0.23.4: undefined reference to `rtabmap::StatsToolBox::addThreshold(QString const&, double)'\n"}
[5.520576] (rtabmap) StderrLine: {'line': b"/usr/bin/ld: ../../bin/librtabmap_gui.so.0.23.4: undefined reference to `rtabmap::StatsToolBox::getFiguresSetup(QList<int>&, QStringList&, QStringList&)'\n"}
[5.520620] (rtabmap) StderrLine: {'line': b"/usr/bin/ld: ../../bin/librtabmap_gui.so.0.23.4: undefined reference to `rtabmap::DataRecorder::DataRecorder(QWidget*)'\n"}
[5.520663] (rtabmap) StderrLine: {'line': b"/usr/bin/ld: ../../bin/librtabmap_gui.so.0.23.4: undefined reference to `rtabmap::PostProcessingDialog::staticMetaObject'\n"}
[5.520707] (rtabmap) StderrLine: {'line': b"/usr/bin/ld: ../../bin/librtabmap_gui.so.0.23.4: undefined reference to `rtabmap::ExportDialog::isDepthExported() const'\n"}
[5.520749] (rtabmap) StderrLine: {'line': b"/usr/bin/ld: ../../bin/librtabmap_gui.so.0.23.4: undefined reference to `rtabmap::MainWindow::detectionRateChanged(double)'\n"}
[5.520825] (rtabmap) StderrLine: {'line': b"/usr/bin/ld: ../../bin/librtabmap_gui.so.0.23.4: undefined reference to `rtabmap::MapVisibilityWidget::clear()'\n"}
[5.520870] (rtabmap) StderrLine: {'line': b"/usr/bin/ld: ../../bin/librtabmap_gui.so.0.23.4: undefined reference to `rtabmap::ExportDialog::isDepth2dExported() const'\n"}
[5.520910] (rtabmap) StderrLine: {'line': b"/usr/bin/ld: ../../bin/librtabmap_gui.so.0.23.4: undefined reference to `rtabmap::PdfPlotCurve::PdfPlotCurve(QString const&, QMap<int, rtabmap::Signature> const*, QObject*)'\n"}
[5.520950] (rtabmap) StderrLine: {'line': b"/usr/bin/ld: ../../bin/librtabmap_gui.so.0.23.4: undefined reference to `vtable for rtabmap::MainWindow'\n"}
[5.520998] (rtabmap) StderrLine: {'line': b"/usr/bin/ld: ../../bin/librtabmap_gui.so.0.23.4: undefined reference to `rtabmap::CalibrationDialog::setBoardWidth(int)'\n"}
[5.521038] (rtabmap) StderrLine: {'line': b"/usr/bin/ld: ../../bin/librtabmap_gui.so.0.23.4: undefined reference to `UPlot::setFixedYAxis(double, double)'\n"}
[5.521079] (rtabmap) StderrLine: {'line': b"/usr/bin/ld: ../../bin/librtabmap_gui.so.0.23.4: undefined reference to `rtabmap::ProgressDialog::ProgressDialog(QWidget*, QFlags<Qt::WindowType>)'\n"}
[5.521120] (rtabmap) StderrLine: {'line': b"/usr/bin/ld: ../../bin/librtabmap_gui.so.0.23.4: undefined reference to `rtabmap::PdfPlotCurve::setData(QMap<int, float> const&, QMap<int, int> const&)'\n"}
[5.521732] (rtabmap) StderrLine: {'line': b"/usr/bin/ld: ../../bin/librtabmap_gui.so.0.23.4: undefined reference to `rtabmap::MainWindow::imgRateChanged(double)'\n"}
[5.521977] (rtabmap) StderrLine: {'line': b"/usr/bin/ld: ../../bin/librtabmap_gui.so.0.23.4: undefined reference to `rtabmap::ImageView::isLinesShown() const'\n"}
[5.522028] (rtabmap) StderrLine: {'line': b"/usr/bin/ld: ../../bin/librtabmap_gui.so.0.23.4: undefined reference to `rtabmap::StatsToolBox::updateStat(QString const&, std::vector<double, std::allocator<double> > const&, std::vector<double, std::allocator<double> > const&, bool)'\n"}
[5.522076] (rtabmap) StderrLine: {'line': b"/usr/bin/ld: ../../bin/librtabmap_gui.so.0.23.4: undefined reference to `rtabmap::ImageView::viewScale() const'\n"}
[5.522120] (rtabmap) StderrLine: {'line': b"/usr/bin/ld: ../../bin/librtabmap_gui.so.0.23.4: undefined reference to `rtabmap::ProgressDialog::setValue(int)'\n"}
[5.522164] (rtabmap) StderrLine: {'line': b"/usr/bin/ld: ../../bin/librtabmap_gui.so.0.23.4: undefined reference to `rtabmap::ImageView::setAlpha(int)'\n"}
[5.522207] (rtabmap) StderrLine: {'line': b"/usr/bin/ld: ../../bin/librtabmap_gui.so.0.23.4: undefined reference to `rtabmap::ImageView::saveSettings(QSettings&, QString const&) const'\n"}
[5.522250] (rtabmap) StderrLine: {'line': b"/usr/bin/ld: ../../bin/librtabmap_gui.so.0.23.4: undefined reference to `rtabmap::MapVisibilityWidget::MapVisibilityWidget(QWidget*)'\n"}
[5.522349] (rtabmap) StderrLine: {'line': b"/usr/bin/ld: ../../bin/librtabmap_gui.so.0.23.4: undefined reference to `rtabmap::PostProcessingDialog::sbaRematchFeatures() const'\n"}
[5.522629] (rtabmap) StderrLine: {'line': b"/usr/bin/ld: ../../bin/librtabmap_gui.so.0.23.4: undefined reference to `rtabmap::ImageView::sceneRect() const'\n"}
[5.522723] (rtabmap) StderrLine: {'line': b"/usr/bin/ld: ../../bin/librtabmap_gui.so.0.23.4: undefined reference to `rtabmap::ParametersToolBox::parametersChanged(QStringList const&)'\n"}
[5.522766] (rtabmap) StderrLine: {'line': b"/usr/bin/ld: ../../bin/librtabmap_gui.so.0.23.4: undefined reference to `rtabmap::CalibrationDialog::boardWidth() const'\n"}
[5.522810] (rtabmap) StderrLine: {'line': b"/usr/bin/ld: ../../bin/librtabmap_gui.so.0.23.4: undefined reference to `rtabmap::ExportBundlerDialog::loadSettings(QSettings&, QString const&)'\n"}
[5.522855] (rtabmap_msgs) StdoutLine: {'line': b'-- Up-to-date symlink: /home/brace/codeSpace/navi/install/rtabmap_msgs/include/rtabmap_msgs/rtabmap_msgs/srv/detail/get_node_data__functions.h\n'}
[5.522976] (rtabmap_msgs) StdoutLine: {'line': b'-- Up-to-date symlink: /home/brace/codeSpace/navi/install/rtabmap_msgs/include/rtabmap_msgs/rtabmap_msgs/srv/detail/get_node_data__struct.h\n'}
[5.523023] (rtabmap_msgs) StdoutLine: {'line': b'-- Up-to-date symlink: /home/brace/codeSpace/navi/install/rtabmap_msgs/include/rtabmap_msgs/rtabmap_msgs/srv/detail/get_node_data__type_support.h\n'}
[5.523071] (rtabmap_msgs) StdoutLine: {'line': b'-- Up-to-date symlink: /home/brace/codeSpace/navi/install/rtabmap_msgs/include/rtabmap_msgs/rtabmap_msgs/srv/detail/get_nodes_in_radius__functions.h\n'}
[5.523118] (rtabmap_msgs) StdoutLine: {'line': b'-- Up-to-date symlink: /home/brace/codeSpace/navi/install/rtabmap_msgs/include/rtabmap_msgs/rtabmap_msgs/srv/detail/get_nodes_in_radius__struct.h\n'}
[5.523162] (rtabmap_msgs) StdoutLine: {'line': b'-- Up-to-date symlink: /home/brace/codeSpace/navi/install/rtabmap_msgs/include/rtabmap_msgs/rtabmap_msgs/srv/detail/get_nodes_in_radius__type_support.h\n'}
[5.523207] (rtabmap_msgs) StdoutLine: {'line': b'-- Up-to-date symlink: /home/brace/codeSpace/navi/install/rtabmap_msgs/include/rtabmap_msgs/rtabmap_msgs/srv/detail/get_plan__functions.h\n'}
[5.523249] (rtabmap_msgs) StdoutLine: {'line': b'-- Up-to-date symlink: /home/brace/codeSpace/navi/install/rtabmap_msgs/include/rtabmap_msgs/rtabmap_msgs/srv/detail/get_plan__struct.h\n'}
[5.523458] (rtabmap_msgs) StdoutLine: {'line': b'-- Up-to-date symlink: /home/brace/codeSpace/navi/install/rtabmap_msgs/include/rtabmap_msgs/rtabmap_msgs/srv/detail/get_plan__type_support.h\n'}
[5.523505] (rtabmap_msgs) StdoutLine: {'line': b'-- Up-to-date symlink: /home/brace/codeSpace/navi/install/rtabmap_msgs/include/rtabmap_msgs/rtabmap_msgs/srv/detail/global_bundle_adjustment__functions.h\n'}
[5.523592] (rtabmap_msgs) StdoutLine: {'line': b'-- Up-to-date symlink: /home/brace/codeSpace/navi/install/rtabmap_msgs/include/rtabmap_msgs/rtabmap_msgs/srv/detail/global_bundle_adjustment__struct.h\n'}
[5.523637] (rtabmap_msgs) StdoutLine: {'line': b'-- Up-to-date symlink: /home/brace/codeSpace/navi/install/rtabmap_msgs/include/rtabmap_msgs/rtabmap_msgs/srv/detail/global_bundle_adjustment__type_support.h\n'}
[5.523748] (rtabmap_msgs) StdoutLine: {'line': b'-- Up-to-date symlink: /home/brace/codeSpace/navi/install/rtabmap_msgs/include/rtabmap_msgs/rtabmap_msgs/srv/detail/list_labels__functions.h\n'}
[5.523793] (rtabmap_msgs) StdoutLine: {'line': b'-- Up-to-date symlink: /home/brace/codeSpace/navi/install/rtabmap_msgs/include/rtabmap_msgs/rtabmap_msgs/srv/detail/list_labels__struct.h\n'}
[5.523835] (rtabmap_msgs) StdoutLine: {'line': b'-- Up-to-date symlink: /home/brace/codeSpace/navi/install/rtabmap_msgs/include/rtabmap_msgs/rtabmap_msgs/srv/detail/list_labels__type_support.h\n'}
[5.523879] (rtabmap_msgs) StdoutLine: {'line': b'-- Up-to-date symlink: /home/brace/codeSpace/navi/install/rtabmap_msgs/include/rtabmap_msgs/rtabmap_msgs/srv/detail/load_database__functions.h\n'}
[5.523921] (rtabmap_msgs) StdoutLine: {'line': b'-- Up-to-date symlink: /home/brace/codeSpace/navi/install/rtabmap_msgs/include/rtabmap_msgs/rtabmap_msgs/srv/detail/load_database__struct.h\n'}
[5.523965] (rtabmap_msgs) StdoutLine: {'line': b'-- Up-to-date symlink: /home/brace/codeSpace/navi/install/rtabmap_msgs/include/rtabmap_msgs/rtabmap_msgs/srv/detail/load_database__type_support.h\n'}
[5.524006] (rtabmap_msgs) StdoutLine: {'line': b'-- Up-to-date symlink: /home/brace/codeSpace/navi/install/rtabmap_msgs/include/rtabmap_msgs/rtabmap_msgs/srv/detail/publish_map__functions.h\n'}
[5.524049] (rtabmap_msgs) StdoutLine: {'line': b'-- Up-to-date symlink: /home/brace/codeSpace/navi/install/rtabmap_msgs/include/rtabmap_msgs/rtabmap_msgs/srv/detail/publish_map__struct.h\n'}
[5.524093] (rtabmap_msgs) StdoutLine: {'line': b'-- Up-to-date symlink: /home/brace/codeSpace/navi/install/rtabmap_msgs/include/rtabmap_msgs/rtabmap_msgs/srv/detail/publish_map__type_support.h\n'}
[5.524147] (rtabmap_msgs) StdoutLine: {'line': b'-- Up-to-date symlink: /home/brace/codeSpace/navi/install/rtabmap_msgs/include/rtabmap_msgs/rtabmap_msgs/srv/detail/remove_label__functions.h\n'}
[5.524187] (rtabmap) StderrLine: {'line': b"/usr/bin/ld: ../../bin/librtabmap_gui.so.0.23.4: undefined reference to `rtabmap::LinkRefiningDialog::isRangeByMapId() const'\n"}
[5.524407] (rtabmap_msgs) StdoutLine: {'line': b'-- Up-to-date symlink: /home/brace/codeSpace/navi/install/rtabmap_msgs/include/rtabmap_msgs/rtabmap_msgs/srv/detail/remove_label__struct.h\n'}
[5.524499] (rtabmap_msgs) StdoutLine: {'line': b'-- Up-to-date symlink: /home/brace/codeSpace/navi/install/rtabmap_msgs/include/rtabmap_msgs/rtabmap_msgs/srv/detail/remove_label__type_support.h\n'}
[5.524606] (rtabmap_msgs) StdoutLine: {'line': b'-- Up-to-date symlink: /home/brace/codeSpace/navi/install/rtabmap_msgs/include/rtabmap_msgs/rtabmap_msgs/srv/detail/reset_pose__functions.h\n'}
[5.524646] (rtabmap_msgs) StdoutLine: {'line': b'-- Up-to-date symlink: /home/brace/codeSpace/navi/install/rtabmap_msgs/include/rtabmap_msgs/rtabmap_msgs/srv/detail/reset_pose__struct.h\n'}
[5.524688] (rtabmap_msgs) StdoutLine: {'line': b'-- Up-to-date symlink: /home/brace/codeSpace/navi/install/rtabmap_msgs/include/rtabmap_msgs/rtabmap_msgs/srv/detail/reset_pose__type_support.h\n'}
[5.524832] (rtabmap) StderrLine: {'line': b"/usr/bin/ld: ../../bin/librtabmap_gui.so.0.23.4: undefined reference to `rtabmap::LoopClosureViewer::updateView(rtabmap::Transform const&, std::map<std::__cxx11::basic_string<char, std::char_traits<char>, std::allocator<char> >, std::__cxx11::basic_string<char, std::char_traits<char>, std::allocator<char> >, std::less<std::__cxx11::basic_string<char, std::char_traits<char>, std::allocator<char> > >, std::allocator<std::pair<std::__cxx11::basic_string<char, std::char_traits<char>, std::allocator<char> > const, std::__cxx11::basic_string<char, std::char_traits<char>, std::allocator<char> > > > > const&)'\n"}
[5.524886] (rtabmap) StderrLine: {'line': b"/usr/bin/ld: ../../bin/librtabmap_gui.so.0.23.4: undefined reference to `rtabmap::ExportDialog::~ExportDialog()'\n"}
[5.524926] (rtabmap) StderrLine: {'line': b"/usr/bin/ld: ../../bin/librtabmap_gui.so.0.23.4: undefined reference to `rtabmap::ImageView::getDefaultFeatureColor() const'\n"}
[5.524969] (rtabmap) StderrLine: {'line': b"/usr/bin/ld: ../../bin/librtabmap_gui.so.0.23.4: undefined reference to `rtabmap::ProgressDialog::~ProgressDialog()'\n"}
[5.525013] (rtabmap_msgs) StdoutLine: {'line': b'-- Up-to-date symlink: /home/brace/codeSpace/navi/install/rtabmap_msgs/include/rtabmap_msgs/rtabmap_msgs/srv/detail/set_goal__functions.h\n'}
[5.525058] (rtabmap_msgs) StdoutLine: {'line': b'-- Up-to-date symlink: /home/brace/codeSpace/navi/install/rtabmap_msgs/include/rtabmap_msgs/rtabmap_msgs/srv/detail/set_goal__struct.h\n'}
[5.525100] (rtabmap_msgs) StdoutLine: {'line': b'-- Up-to-date symlink: /home/brace/codeSpace/navi/install/rtabmap_msgs/include/rtabmap_msgs/rtabmap_msgs/srv/detail/set_goal__type_support.h\n'}
[5.525141] (rtabmap_msgs) StdoutLine: {'line': b'-- Up-to-date symlink: /home/brace/codeSpace/navi/install/rtabmap_msgs/include/rtabmap_msgs/rtabmap_msgs/srv/detail/set_label__functions.h\n'}
[5.525318] (rtabmap) StderrLine: {'line': b"/usr/bin/ld: ../../bin/librtabmap_gui.so.0.23.4: undefined reference to `rtabmap::StatsToolBox::updateStat(QString const&, double, bool)'\n"}
[5.525406] (rtabmap_msgs) StdoutLine: {'line': b'-- Up-to-date symlink: /home/brace/codeSpace/navi/install/rtabmap_msgs/include/rtabmap_msgs/rtabmap_msgs/srv/detail/set_label__struct.h\n'}
[5.525446] (rtabmap_msgs) StdoutLine: {'line': b'-- Up-to-date symlink: /home/brace/codeSpace/navi/install/rtabmap_msgs/include/rtabmap_msgs/rtabmap_msgs/srv/detail/set_label__type_support.h\n'}
[5.525487] (rtabmap_msgs) StdoutLine: {'line': b'-- Up-to-date symlink: /home/brace/codeSpace/navi/install/rtabmap_msgs/include/rtabmap_msgs/rtabmap_msgs/srv/detect_more_loop_closures.h\n'}
[5.525529] (rtabmap) StderrLine: {'line': b"/usr/bin/ld: ../../bin/librtabmap_gui.so.0.23.4: undefined reference to `QMultiComboBox::clear()'\n"}
[5.525573] (rtabmap_msgs) StdoutLine: {'line': b'-- Up-to-date symlink: /home/brace/codeSpace/navi/install/rtabmap_msgs/include/rtabmap_msgs/rtabmap_msgs/srv/get_map.h\n'}
[5.525615] (rtabmap) StderrLine: {'line': b"/usr/bin/ld: ../../bin/librtabmap_gui.so.0.23.4: undefined reference to `rtabmap::MainWindow::rtabmapEvent3DMapReceived(rtabmap::RtabmapEvent3DMap const&)'\n"}
[5.525657] (rtabmap_msgs) StdoutLine: {'line': b'-- Up-to-date symlink: /home/brace/codeSpace/navi/install/rtabmap_msgs/include/rtabmap_msgs/rtabmap_msgs/srv/get_map2.h\n'}
[5.525754] (rtabmap_msgs) StdoutLine: {'line': b'-- Up-to-date symlink: /home/brace/codeSpace/navi/install/rtabmap_msgs/include/rtabmap_msgs/rtabmap_msgs/srv/get_node_data.h\n'}
[5.525795] (rtabmap_msgs) StdoutLine: {'line': b'-- Up-to-date symlink: /home/brace/codeSpace/navi/install/rtabmap_msgs/include/rtabmap_msgs/rtabmap_msgs/srv/get_nodes_in_radius.h\n'}
[5.525839] (rtabmap_msgs) StdoutLine: {'line': b'-- Up-to-date symlink: /home/brace/codeSpace/navi/install/rtabmap_msgs/include/rtabmap_msgs/rtabmap_msgs/srv/get_plan.h\n'}
[5.525881] (rtabmap_msgs) StdoutLine: {'line': b'-- Up-to-date symlink: /home/brace/codeSpace/navi/install/rtabmap_msgs/include/rtabmap_msgs/rtabmap_msgs/srv/global_bundle_adjustment.h\n'}
[5.525974] (rtabmap_msgs) StdoutLine: {'line': b'-- Up-to-date symlink: /home/brace/codeSpace/navi/install/rtabmap_msgs/include/rtabmap_msgs/rtabmap_msgs/srv/list_labels.h\n'}
[5.526015] (rtabmap_msgs) StdoutLine: {'line': b'-- Up-to-date symlink: /home/brace/codeSpace/navi/install/rtabmap_msgs/include/rtabmap_msgs/rtabmap_msgs/srv/load_database.h\n'}
[5.526057] (rtabmap) StderrLine: {'line': b"/usr/bin/ld: ../../bin/librtabmap_gui.so.0.23.4: undefined reference to `vtable for rtabmap::CloudViewer'\n"}
[5.526102] (rtabmap) StderrLine: {'line': b"/usr/bin/ld: ../../bin/librtabmap_gui.so.0.23.4: undefined reference to `rtabmap::ImageView::getDefaultBackgroundColor() const'\n"}
[5.526141] (rtabmap) StderrLine: {'line': b"/usr/bin/ld: ../../bin/librtabmap_gui.so.0.23.4: undefined reference to `rtabmap::ImageView::isFeaturesShown() const'\n"}
[5.526179] (rtabmap_msgs) StdoutLine: {'line': b'-- Up-to-date symlink: /home/brace/codeSpace/navi/install/rtabmap_msgs/include/rtabmap_msgs/rtabmap_msgs/srv/publish_map.h\n'}
[5.526278] (rtabmap) StderrLine: {'line': b"/usr/bin/ld: ../../bin/librtabmap_gui.so.0.23.4: undefined reference to `rtabmap::PostProcessingDialog::clusterRadius() const'\n"}
[5.526322] (rtabmap_msgs) StdoutLine: {'line': b'-- Up-to-date symlink: /home/brace/codeSpace/navi/install/rtabmap_msgs/include/rtabmap_msgs/rtabmap_msgs/srv/remove_label.h\n'}
[5.526365] (rtabmap_msgs) StdoutLine: {'line': b'-- Up-to-date symlink: /home/brace/codeSpace/navi/install/rtabmap_msgs/include/rtabmap_msgs/rtabmap_msgs/srv/reset_pose.h\n'}
[5.526407] (rtabmap_msgs) StdoutLine: {'line': b'-- Up-to-date symlink: /home/brace/codeSpace/navi/install/rtabmap_msgs/include/rtabmap_msgs/rtabmap_msgs/srv/set_goal.h\n'}
[5.526562] (rtabmap) StderrLine: {'line': b"/usr/bin/ld: ../../bin/librtabmap_gui.so.0.23.4: undefined reference to `rtabmap::StatItem::staticMetaObject'\n"}
[5.526612] (rtabmap) StderrLine: {'line': b"/usr/bin/ld: ../../bin/librtabmap_gui.so.0.23.4: undefined reference to `qInitResources_GuiLib()'\n"}
[5.526707] (rtabmap_msgs) StdoutLine: {'line': b'-- Up-to-date symlink: /home/brace/codeSpace/navi/install/rtabmap_msgs/include/rtabmap_msgs/rtabmap_msgs/srv/set_label.h\n'}
[5.526748] (rtabmap) StderrLine: {'line': b"/usr/bin/ld: ../../bin/librtabmap_gui.so.0.23.4: undefined reference to `rtabmap::ProgressDialog::appendText(QString const&, QColor const&)'\n"}
[5.526787] (rtabmap_msgs) StdoutLine: {'line': b'-- Up-to-date symlink: /home/brace/codeSpace/navi/install/rtabmap_msgs/share/rtabmap_msgs/environment/library_path.sh\n'}
[5.526828] (rtabmap_msgs) StdoutLine: {'line': b'-- Up-to-date symlink: /home/brace/codeSpace/navi/install/rtabmap_msgs/share/rtabmap_msgs/environment/library_path.dsv\n'}
[5.526870] (rtabmap) StderrLine: {'line': b"/usr/bin/ld: ../../bin/librtabmap_gui.so.0.23.4: undefined reference to `rtabmap::ConsoleWidget::appendMsg(QString const&, int)'\n"}
[5.526912] (rtabmap) StderrLine: {'line': b"/usr/bin/ld: ../../bin/librtabmap_gui.so.0.23.4: undefined reference to `rtabmap::MainWindow::timeLimitChanged(float)'\n"}
[5.527005] (rtabmap) StderrLine: {'line': b"/usr/bin/ld: ../../bin/librtabmap_gui.so.0.23.4: undefined reference to `rtabmap::ExportDialog::framesIgnored() const'\n"}
[5.527045] (rtabmap) StderrLine: {'line': b"/usr/bin/ld: ../../bin/librtabmap_gui.so.0.23.4: undefined reference to `rtabmap::MapVisibilityWidget::setMap(std::map<int, rtabmap::Transform, std::less<int>, std::allocator<std::pair<int const, rtabmap::Transform> > > const&, std::map<int, bool, std::less<int>, std::allocator<std::pair<int const, bool> > > const&)'\n"}
[5.527088] (rtabmap) StderrLine: {'line': b"/usr/bin/ld: ../../bin/librtabmap_gui.so.0.23.4: undefined reference to `rtabmap::StatsToolBox::updateStat(QString const&, bool)'\n"}
[5.527171] (rtabmap) StderrLine: {'line': b"/usr/bin/ld: ../../bin/librtabmap_gui.so.0.23.4: undefined reference to `rtabmap::MainWindow::loopClosureThrChanged(double)'\n"}
[5.527210] (rtabmap) StderrLine: {'line': b"/usr/bin/ld: ../../bin/librtabmap_gui.so.0.23.4: undefined reference to `rtabmap::CalibrationDialog::setBoardHeight(int)'\n"}
[5.527249] (rtabmap) StderrLine: {'line': b"/usr/bin/ld: ../../bin/librtabmap_gui.so.0.23.4: undefined reference to `rtabmap::MainWindow::rtabmapLabelErrorReceived(int, QString const&)'\n"}
[5.527374] (rtabmap_msgs) StdoutLine: {'line': b'-- Up-to-date symlink: /home/brace/codeSpace/navi/install/rtabmap_msgs/include/rtabmap_msgs/rtabmap_msgs/msg/detail/camera_model__rosidl_typesupport_fastrtps_c.h\n'}
[5.527494] (rtabmap_msgs) StdoutLine: {'line': b'-- Up-to-date symlink: /home/brace/codeSpace/navi/install/rtabmap_msgs/include/rtabmap_msgs/rtabmap_msgs/msg/detail/camera_models__rosidl_typesupport_fastrtps_c.h\n'}
[5.527537] (rtabmap) StderrLine: {'line': b"/usr/bin/ld: ../../bin/librtabmap_gui.so.0.23.4: undefined reference to `rtabmap::vtkImageMatSource::SetImage(cv::_InputArray const&)'\n"}
[5.527580] (rtabmap_msgs) StdoutLine: {'line': b'-- Up-to-date symlink: /home/brace/codeSpace/navi/install/rtabmap_msgs/include/rtabmap_msgs/rtabmap_msgs/msg/detail/env_sensor__rosidl_typesupport_fastrtps_c.h\n'}
[5.527750] (rtabmap) StderrLine: {'line': b"/usr/bin/ld: ../../bin/librtabmap_gui.so.0.23.4: undefined reference to `UPlot::addCurve(UPlotCurve*, bool)'\n"}
[5.527829] (rtabmap_msgs) StdoutLine: {'line': b'-- Up-to-date symlink: /home/brace/codeSpace/navi/install/rtabmap_msgs/include/rtabmap_msgs/rtabmap_msgs/msg/detail/global_descriptor__rosidl_typesupport_fastrtps_c.h\n'}
[5.527902] (rtabmap) StderrLine: {'line': b"/usr/bin/ld: ../../bin/librtabmap_gui.so.0.23.4: undefined reference to `rtabmap::LinkRefiningDialog::LinkRefiningDialog(QWidget*)'\n"}
[5.527944] (rtabmap) StderrLine: {'line': b"/usr/bin/ld: ../../bin/librtabmap_gui.so.0.23.4: undefined reference to `rtabmap::OdometryViewer::OdometryViewer(int, int, float, float, int, QWidget*, std::map<std::__cxx11::basic_string<char, std::char_traits<char>, std::allocator<char> >, std::__cxx11::basic_string<char, std::char_traits<char>, std::allocator<char> >, std::less<std::__cxx11::basic_string<char, std::char_traits<char>, std::allocator<char> > >, std::allocator<std::pair<std::__cxx11::basic_string<char, std::char_traits<char>, std::allocator<char> > const, std::__cxx11::basic_string<char, std::char_traits<char>, std::allocator<char> > > > > const&)'\n"}
[5.527992] (rtabmap_msgs) StdoutLine: {'line': b'-- Up-to-date symlink: /home/brace/codeSpace/navi/install/rtabmap_msgs/include/rtabmap_msgs/rtabmap_msgs/msg/detail/goal__rosidl_typesupport_fastrtps_c.h\n'}
[5.528033] (rtabmap) StderrLine: {'line': b"/usr/bin/ld: ../../bin/librtabmap_gui.so.0.23.4: undefined reference to `rtabmap::PostProcessingDialog::sbaType() const'\n"}
[5.528074] (rtabmap_msgs) StdoutLine: {'line': b'-- Up-to-date symlink: /home/brace/codeSpace/navi/install/rtabmap_msgs/include/rtabmap_msgs/rtabmap_msgs/msg/detail/gps__rosidl_typesupport_fastrtps_c.h\n'}
[5.528116] (rtabmap) StderrLine: {'line': b"/usr/bin/ld: ../../bin/librtabmap_gui.so.0.23.4: undefined reference to `rtabmap::ProgressDialog::setAutoClose(bool, int)'\n"}
[5.528236] (rtabmap_msgs) StdoutLine: {'line': b'-- Up-to-date symlink: /home/brace/codeSpace/navi/install/rtabmap_msgs/include/rtabmap_msgs/rtabmap_msgs/msg/detail/info__rosidl_typesupport_fastrtps_c.h\n'}
[5.528348] (rtabmap_msgs) StdoutLine: {'line': b'-- Up-to-date symlink: /home/brace/codeSpace/navi/install/rtabmap_msgs/include/rtabmap_msgs/rtabmap_msgs/msg/detail/key_point__rosidl_typesupport_fastrtps_c.h\n'}
[5.528392] (rtabmap_msgs) StdoutLine: {'line': b'-- Up-to-date symlink: /home/brace/codeSpace/navi/install/rtabmap_msgs/include/rtabmap_msgs/rtabmap_msgs/msg/detail/landmark_detection__rosidl_typesupport_fastrtps_c.h\n'}
[5.528433] (rtabmap) StderrLine: {'line': b"/usr/bin/ld: ../../bin/librtabmap_gui.so.0.23.4: undefined reference to `QMultiComboBox::setCurrentIndex(int)'\n"}
[5.528476] (rtabmap_msgs) StdoutLine: {'line': b'-- Up-to-date symlink: /home/brace/codeSpace/navi/install/rtabmap_msgs/include/rtabmap_msgs/rtabmap_msgs/msg/detail/landmark_detections__rosidl_typesupport_fastrtps_c.h\n'}
[5.528516] (rtabmap) StderrLine: {'line': b"/usr/bin/ld: ../../bin/librtabmap_gui.so.0.23.4: undefined reference to `rtabmap::ImageView::setImageShown(bool)'\n"}
[5.528871] (rtabmap_msgs) StdoutLine: {'line': b'-- Up-to-date symlink: /home/brace/codeSpace/navi/install/rtabmap_msgs/include/rtabmap_msgs/rtabmap_msgs/msg/detail/link__rosidl_typesupport_fastrtps_c.h\n'}
[5.528982] (rtabmap_msgs) StdoutLine: {'line': b'-- Up-to-date symlink: /home/brace/codeSpace/navi/install/rtabmap_msgs/include/rtabmap_msgs/rtabmap_msgs/msg/detail/map_data__rosidl_typesupport_fastrtps_c.h\n'}
[5.529060] (rtabmap) StderrLine: {'line': b"/usr/bin/ld: ../../bin/librtabmap_gui.so.0.23.4: undefined reference to `rtabmap::ImageView::isImageShown() const'\n"}
[5.529102] (rtabmap) StderrLine: {'line': b"/usr/bin/ld: ../../bin/librtabmap_gui.so.0.23.4: undefined reference to `rtabmap::ImageView::staticMetaObject'\n"}
[5.529143] (rtabmap_msgs) StdoutLine: {'line': b'-- Up-to-date symlink: /home/brace/codeSpace/navi/install/rtabmap_msgs/include/rtabmap_msgs/rtabmap_msgs/msg/detail/map_graph__rosidl_typesupport_fastrtps_c.h\n'}
[5.529227] (rtabmap_msgs) StdoutLine: {'line': b'-- Up-to-date symlink: /home/brace/codeSpace/navi/install/rtabmap_msgs/include/rtabmap_msgs/rtabmap_msgs/msg/detail/node__rosidl_typesupport_fastrtps_c.h\n'}
[5.529312] (rtabmap_msgs) StdoutLine: {'line': b'-- Up-to-date symlink: /home/brace/codeSpace/navi/install/rtabmap_msgs/include/rtabmap_msgs/rtabmap_msgs/msg/detail/odom_info__rosidl_typesupport_fastrtps_c.h\n'}
[5.529425] (rtabmap) StderrLine: {'line': b"/usr/bin/ld: ../../bin/librtabmap_gui.so.0.23.4: undefined reference to `rtabmap::PostProcessingDialog::intraSession() const'\n"}
[5.529474] (rtabmap_msgs) StdoutLine: {'line': b'-- Up-to-date symlink: /home/brace/codeSpace/navi/install/rtabmap_msgs/include/rtabmap_msgs/rtabmap_msgs/msg/detail/path__rosidl_typesupport_fastrtps_c.h\n'}
[5.531802] (rtabmap) StderrLine: {'line': b"/usr/bin/ld: ../../bin/librtabmap_gui.so.0.23.4: undefined reference to `rtabmap::EditDepthArea::setColorMap(uCvQtDepthColorMap)'\n"}
[5.532113] (rtabmap) StderrLine: {'line': b"/usr/bin/ld: ../../bin/librtabmap_gui.so.0.23.4: undefined reference to `rtabmap::ExportDialog::isOdomExported() const'\n"}
[5.532377] (rtabmap) StderrLine: {'line': b"/usr/bin/ld: ../../bin/librtabmap_gui.so.0.23.4: undefined reference to `rtabmap::LinkRefiningDialog::getLinkType() const'\n"}
[5.532445] (rtabmap) StderrLine: {'line': b"/usr/bin/ld: ../../bin/librtabmap_gui.so.0.23.4: undefined reference to `rtabmap::MultiSessionLocSubView::clear()'\n"}
[5.532507] (rtabmap_msgs) StdoutLine: {'line': b'-- Up-to-date symlink: /home/brace/codeSpace/navi/install/rtabmap_msgs/include/rtabmap_msgs/rtabmap_msgs/msg/detail/point2f__rosidl_typesupport_fastrtps_c.h\n'}
[5.532627] (rtabmap_msgs) StdoutLine: {'line': b'-- Up-to-date symlink: /home/brace/codeSpace/navi/install/rtabmap_msgs/include/rtabmap_msgs/rtabmap_msgs/msg/detail/point3f__rosidl_typesupport_fastrtps_c.h\n'}
[5.532691] (rtabmap_msgs) StdoutLine: {'line': b'-- Up-to-date symlink: /home/brace/codeSpace/navi/install/rtabmap_msgs/include/rtabmap_msgs/rtabmap_msgs/msg/detail/rgbd_image__rosidl_typesupport_fastrtps_c.h\n'}
[5.532796] (rtabmap_msgs) StdoutLine: {'line': b'-- Up-to-date symlink: /home/brace/codeSpace/navi/install/rtabmap_msgs/include/rtabmap_msgs/rtabmap_msgs/msg/detail/rgbd_images__rosidl_typesupport_fastrtps_c.h\n'}
[5.532856] (rtabmap_msgs) StdoutLine: {'line': b'-- Up-to-date symlink: /home/brace/codeSpace/navi/install/rtabmap_msgs/include/rtabmap_msgs/rtabmap_msgs/msg/detail/scan_descriptor__rosidl_typesupport_fastrtps_c.h\n'}
[5.532928] (rtabmap_msgs) StdoutLine: {'line': b'-- Up-to-date symlink: /home/brace/codeSpace/navi/install/rtabmap_msgs/include/rtabmap_msgs/rtabmap_msgs/msg/detail/sensor_data__rosidl_typesupport_fastrtps_c.h\n'}
[5.533221] (rtabmap_msgs) StdoutLine: {'line': b'-- Up-to-date symlink: /home/brace/codeSpace/navi/install/rtabmap_msgs/include/rtabmap_msgs/rtabmap_msgs/msg/detail/user_data__rosidl_typesupport_fastrtps_c.h\n'}
[5.533316] (rtabmap_msgs) StdoutLine: {'line': b'-- Up-to-date symlink: /home/brace/codeSpace/navi/install/rtabmap_msgs/include/rtabmap_msgs/rtabmap_msgs/msg/rosidl_typesupport_fastrtps_c__visibility_control.h\n'}
[5.533374] (rtabmap_msgs) StdoutLine: {'line': b'-- Up-to-date symlink: /home/brace/codeSpace/navi/install/rtabmap_msgs/include/rtabmap_msgs/rtabmap_msgs/srv/detail/add_link__rosidl_typesupport_fastrtps_c.h\n'}
[5.533539] (rtabmap_msgs) StdoutLine: {'line': b'-- Up-to-date symlink: /home/brace/codeSpace/navi/install/rtabmap_msgs/include/rtabmap_msgs/rtabmap_msgs/srv/detail/cleanup_local_grids__rosidl_typesupport_fastrtps_c.h\n'}
[5.533679] (rtabmap_msgs) StdoutLine: {'line': b'-- Up-to-date symlink: /home/brace/codeSpace/navi/install/rtabmap_msgs/include/rtabmap_msgs/rtabmap_msgs/srv/detail/detect_more_loop_closures__rosidl_typesupport_fastrtps_c.h\n'}
[5.533730] (rtabmap_msgs) StdoutLine: {'line': b'-- Up-to-date symlink: /home/brace/codeSpace/navi/install/rtabmap_msgs/include/rtabmap_msgs/rtabmap_msgs/srv/detail/get_map2__rosidl_typesupport_fastrtps_c.h\n'}
[5.533776] (rtabmap_msgs) StdoutLine: {'line': b'-- Up-to-date symlink: /home/brace/codeSpace/navi/install/rtabmap_msgs/include/rtabmap_msgs/rtabmap_msgs/srv/detail/get_map__rosidl_typesupport_fastrtps_c.h\n'}
[5.533822] (rtabmap_msgs) StdoutLine: {'line': b'-- Up-to-date symlink: /home/brace/codeSpace/navi/install/rtabmap_msgs/include/rtabmap_msgs/rtabmap_msgs/srv/detail/get_node_data__rosidl_typesupport_fastrtps_c.h\n'}
[5.533867] (rtabmap_msgs) StdoutLine: {'line': b'-- Up-to-date symlink: /home/brace/codeSpace/navi/install/rtabmap_msgs/include/rtabmap_msgs/rtabmap_msgs/srv/detail/get_nodes_in_radius__rosidl_typesupport_fastrtps_c.h\n'}
[5.533913] (rtabmap) StderrLine: {'line': b"/usr/bin/ld: ../../bin/librtabmap_gui.so.0.23.4: undefined reference to `rtabmap::PostProcessingDialog::isRefineNeighborLinks() const'\n"}
[5.533971] (rtabmap) StderrLine: {'line': b"/usr/bin/ld: ../../bin/librtabmap_gui.so.0.23.4: undefined reference to `rtabmap::MainWindow::odometryReceived(rtabmap::OdometryEvent const&, bool)'\n"}
[5.534020] (rtabmap) StderrLine: {'line': b"/usr/bin/ld: ../../bin/librtabmap_gui.so.0.23.4: undefined reference to `rtabmap::PostProcessingDialog::saveSettings(QSettings&, QString const&) const'\n"}
[5.534401] (rtabmap) StderrLine: {'line': b"/usr/bin/ld: ../../bin/librtabmap_gui.so.0.23.4: undefined reference to `rtabmap::EditMapArea::getModifiedMap() const'\n"}
[5.534667] (rtabmap) StderrLine: {'line': b"/usr/bin/ld: ../../bin/librtabmap_gui.so.0.23.4: undefined reference to `rtabmap::ImageView::setBackgroundColor(QColor const&)'\n"}
[5.534884] (rtabmap) StderrLine: {'line': b"/usr/bin/ld: ../../bin/librtabmap_gui.so.0.23.4: undefined reference to `rtabmap::ImageView::clear()'\n"}
[5.534962] (rtabmap) StderrLine: {'line': b"/usr/bin/ld: ../../bin/librtabmap_gui.so.0.23.4: undefined reference to `rtabmap::CalibrationDialog::boardHeight() const'\n"}
[5.535023] (rtabmap) StderrLine: {'line': b"/usr/bin/ld: ../../bin/librtabmap_gui.so.0.23.4: undefined reference to `rtabmap::DepthCalibrationDialog::staticMetaObject'\n"}
[5.535073] (rtabmap) StderrLine: {'line': b"/usr/bin/ld: ../../bin/librtabmap_gui.so.0.23.4: undefined reference to `rtabmap::PostProcessingDialog::clusterAngle() const'\n"}
[5.535252] (rtabmap) StderrLine: {'line': b"/usr/bin/ld: ../../bin/librtabmap_gui.so.0.23.4: undefined reference to `rtabmap::ImageView::setImageDepthShown(bool)'\n"}
[5.538722] (rtabmap) StderrLine: {'line': b"/usr/bin/ld: ../../bin/librtabmap_gui.so.0.23.4: undefined reference to `rtabmap::LinkRefiningDialog::setMinMax(int, int, int, int)'\n"}
[5.539123] (rtabmap) StderrLine: {'line': b"/usr/bin/ld: ../../bin/librtabmap_gui.so.0.23.4: undefined reference to `rtabmap::CalibrationDialog::staticMetaObject'\n"}
[5.539214] (rtabmap) StderrLine: {'line': b"/usr/bin/ld: ../../bin/librtabmap_gui.so.0.23.4: undefined reference to `QMultiComboBox::itemData(int)'\n"}
[5.539281] (rtabmap) StderrLine: {'line': b"/usr/bin/ld: ../../bin/librtabmap_gui.so.0.23.4: undefined reference to `UPlot::showLegend(bool)'\n"}
[5.539334] (rtabmap) StderrLine: {'line': b"/usr/bin/ld: ../../bin/librtabmap_gui.so.0.23.4: undefined reference to `rtabmap::LoopClosureViewer::LoopClosureViewer(QWidget*)'\n"}
[5.539613] (rtabmap) StderrLine: {'line': b"/usr/bin/ld: ../../bin/librtabmap_gui.so.0.23.4: undefined reference to `rtabmap::CalibrationDialog::CalibrationDialog(bool, QString const&, bool, QWidget*)'\n"}
[5.539668] (rtabmap) StderrLine: {'line': b"/usr/bin/ld: ../../bin/librtabmap_gui.so.0.23.4: undefined reference to `rtabmap::ImageView::setFeatures(std::multimap<int, cv::KeyPoint, std::less<int>, std::allocator<std::pair<int const, cv::KeyPoint> > > const&, cv::Mat const&, QColor const&)'\n"}
[5.539721] (rtabmap) StderrLine: {'line': b"/usr/bin/ld: ../../bin/librtabmap_gui.so.0.23.4: undefined reference to `rtabmap::PostProcessingDialog::isSBA() const'\n"}
[5.539771] (rtabmap_msgs) StdoutLine: {'line': b'-- Up-to-date symlink: /home/brace/codeSpace/navi/install/rtabmap_msgs/include/rtabmap_msgs/rtabmap_msgs/srv/detail/get_plan__rosidl_typesupport_fastrtps_c.h\n'}
[5.539974] (rtabmap_msgs) StdoutLine: {'line': b'-- Up-to-date symlink: /home/brace/codeSpace/navi/install/rtabmap_msgs/include/rtabmap_msgs/rtabmap_msgs/srv/detail/global_bundle_adjustment__rosidl_typesupport_fastrtps_c.h\n'}
[5.540027] (rtabmap_msgs) StdoutLine: {'line': b'-- Up-to-date symlink: /home/brace/codeSpace/navi/install/rtabmap_msgs/include/rtabmap_msgs/rtabmap_msgs/srv/detail/list_labels__rosidl_typesupport_fastrtps_c.h\n'}
[5.540076] (rtabmap_msgs) StdoutLine: {'line': b'-- Up-to-date symlink: /home/brace/codeSpace/navi/install/rtabmap_msgs/include/rtabmap_msgs/rtabmap_msgs/srv/detail/load_database__rosidl_typesupport_fastrtps_c.h\n'}
[5.540197] (rtabmap_msgs) StdoutLine: {'line': b'-- Up-to-date symlink: /home/brace/codeSpace/navi/install/rtabmap_msgs/include/rtabmap_msgs/rtabmap_msgs/srv/detail/publish_map__rosidl_typesupport_fastrtps_c.h\n'}
[5.540245] (rtabmap_msgs) StdoutLine: {'line': b'-- Up-to-date symlink: /home/brace/codeSpace/navi/install/rtabmap_msgs/include/rtabmap_msgs/rtabmap_msgs/srv/detail/remove_label__rosidl_typesupport_fastrtps_c.h\n'}
[5.540357] (rtabmap_msgs) StdoutLine: {'line': b'-- Up-to-date symlink: /home/brace/codeSpace/navi/install/rtabmap_msgs/include/rtabmap_msgs/rtabmap_msgs/srv/detail/reset_pose__rosidl_typesupport_fastrtps_c.h\n'}
[5.540407] (rtabmap_msgs) StdoutLine: {'line': b'-- Up-to-date symlink: /home/brace/codeSpace/navi/install/rtabmap_msgs/include/rtabmap_msgs/rtabmap_msgs/srv/detail/set_goal__rosidl_typesupport_fastrtps_c.h\n'}
[5.540455] (rtabmap_msgs) StdoutLine: {'line': b'-- Up-to-date symlink: /home/brace/codeSpace/navi/install/rtabmap_msgs/include/rtabmap_msgs/rtabmap_msgs/srv/detail/set_label__rosidl_typesupport_fastrtps_c.h\n'}
[5.540503] (rtabmap_msgs) StdoutLine: {'line': b'-- Up-to-date symlink: /home/brace/codeSpace/navi/install/rtabmap_msgs/include/rtabmap_msgs/rtabmap_msgs/msg/detail/camera_model__rosidl_typesupport_introspection_c.h\n'}
[5.540562] (rtabmap_msgs) StdoutLine: {'line': b'-- Up-to-date symlink: /home/brace/codeSpace/navi/install/rtabmap_msgs/include/rtabmap_msgs/rtabmap_msgs/msg/detail/camera_models__rosidl_typesupport_introspection_c.h\n'}
[5.540607] (rtabmap_msgs) StdoutLine: {'line': b'-- Up-to-date symlink: /home/brace/codeSpace/navi/install/rtabmap_msgs/include/rtabmap_msgs/rtabmap_msgs/msg/detail/env_sensor__rosidl_typesupport_introspection_c.h\n'}
[5.540783] (rtabmap_msgs) StdoutLine: {'line': b'-- Up-to-date symlink: /home/brace/codeSpace/navi/install/rtabmap_msgs/include/rtabmap_msgs/rtabmap_msgs/msg/detail/global_descriptor__rosidl_typesupport_introspection_c.h\n'}
[5.540847] (rtabmap_msgs) StdoutLine: {'line': b'-- Up-to-date symlink: /home/brace/codeSpace/navi/install/rtabmap_msgs/include/rtabmap_msgs/rtabmap_msgs/msg/detail/goal__rosidl_typesupport_introspection_c.h\n'}
[5.540891] (rtabmap_msgs) StdoutLine: {'line': b'-- Up-to-date symlink: /home/brace/codeSpace/navi/install/rtabmap_msgs/include/rtabmap_msgs/rtabmap_msgs/msg/detail/gps__rosidl_typesupport_introspection_c.h\n'}
[5.540937] (rtabmap) StderrLine: {'line': b"/usr/bin/ld: ../../bin/librtabmap_gui.so.0.23.4: undefined reference to `rtabmap::ExportDialog::ExportDialog(QWidget*)'\n"}
[5.541064] (rtabmap_msgs) StdoutLine: {'line': b'-- Up-to-date symlink: /home/brace/codeSpace/navi/install/rtabmap_msgs/include/rtabmap_msgs/rtabmap_msgs/msg/detail/info__rosidl_typesupport_introspection_c.h\n'}
[5.541115] (rtabmap_msgs) StdoutLine: {'line': b'-- Up-to-date symlink: /home/brace/codeSpace/navi/install/rtabmap_msgs/include/rtabmap_msgs/rtabmap_msgs/msg/detail/key_point__rosidl_typesupport_introspection_c.h\n'}
[5.541163] (rtabmap_msgs) StdoutLine: {'line': b'-- Up-to-date symlink: /home/brace/codeSpace/navi/install/rtabmap_msgs/include/rtabmap_msgs/rtabmap_msgs/msg/detail/landmark_detection__rosidl_typesupport_introspection_c.h\n'}
[5.541209] (rtabmap) StderrLine: {'line': b"/usr/bin/ld: ../../bin/librtabmap_gui.so.0.23.4: undefined reference to `rtabmap::ImageView::setSceneRect(QRectF const&)'\n"}
[5.541356] (rtabmap) StderrLine: {'line': b"/usr/bin/ld: ../../bin/librtabmap_gui.so.0.23.4: undefined reference to `rtabmap::GraphViewer::configChanged()'\n"}
[5.541495] (rtabmap) StderrLine: {'line': b"/usr/bin/ld: ../../bin/librtabmap_gui.so.0.23.4: undefined reference to `rtabmap::EditDepthArea::setImage(cv::Mat const&, cv::Mat const&)'\n"}
[5.541544] (rtabmap_msgs) StdoutLine: {'line': b'-- Up-to-date symlink: /home/brace/codeSpace/navi/install/rtabmap_msgs/include/rtabmap_msgs/rtabmap_msgs/msg/detail/landmark_detections__rosidl_typesupport_introspection_c.h\n'}
[5.541695] (rtabmap_msgs) StdoutLine: {'line': b'-- Up-to-date symlink: /home/brace/codeSpace/navi/install/rtabmap_msgs/include/rtabmap_msgs/rtabmap_msgs/msg/detail/link__rosidl_typesupport_introspection_c.h\n'}
[5.541743] (rtabmap_msgs) StdoutLine: {'line': b'-- Up-to-date symlink: /home/brace/codeSpace/navi/install/rtabmap_msgs/include/rtabmap_msgs/rtabmap_msgs/msg/detail/map_data__rosidl_typesupport_introspection_c.h\n'}
[5.541791] (rtabmap_msgs) StdoutLine: {'line': b'-- Up-to-date symlink: /home/brace/codeSpace/navi/install/rtabmap_msgs/include/rtabmap_msgs/rtabmap_msgs/msg/detail/map_graph__rosidl_typesupport_introspection_c.h\n'}
[5.541837] (rtabmap) StderrLine: {'line': b"/usr/bin/ld: ../../bin/librtabmap_gui.so.0.23.4: undefined reference to `rtabmap::DatabaseViewer::staticMetaObject'\n"}
[5.541887] (rtabmap) StderrLine: {'line': b"/usr/bin/ld: ../../bin/librtabmap_gui.so.0.23.4: undefined reference to `rtabmap::ImageView::getDepthColorMap() const'\n"}
[5.541936] (rtabmap_msgs) StdoutLine: {'line': b'-- Up-to-date symlink: /home/brace/codeSpace/navi/install/rtabmap_msgs/include/rtabmap_msgs/rtabmap_msgs/msg/detail/node__rosidl_typesupport_introspection_c.h\n'}
[5.541984] (rtabmap_msgs) StdoutLine: {'line': b'-- Up-to-date symlink: /home/brace/codeSpace/navi/install/rtabmap_msgs/include/rtabmap_msgs/rtabmap_msgs/msg/detail/odom_info__rosidl_typesupport_introspection_c.h\n'}
[5.542032] (rtabmap_msgs) StdoutLine: {'line': b'-- Up-to-date symlink: /home/brace/codeSpace/navi/install/rtabmap_msgs/include/rtabmap_msgs/rtabmap_msgs/msg/detail/path__rosidl_typesupport_introspection_c.h\n'}
[5.542082] (rtabmap) StderrLine: {'line': b"/usr/bin/ld: ../../bin/librtabmap_gui.so.0.23.4: undefined reference to `UPlot::addCurve(QString const&, QColor const&)'\n"}
[5.542132] (rtabmap) StderrLine: {'line': b"/usr/bin/ld: ../../bin/librtabmap_gui.so.0.23.4: undefined reference to `rtabmap::CloudViewerInteractorStyle::setOrthoMode(bool)'\n"}
[5.542181] (rtabmap_msgs) StdoutLine: {'line': b'-- Up-to-date symlink: /home/brace/codeSpace/navi/install/rtabmap_msgs/include/rtabmap_msgs/rtabmap_msgs/msg/detail/point2f__rosidl_typesupport_introspection_c.h\n'}
[5.542229] (rtabmap_msgs) StdoutLine: {'line': b'-- Up-to-date symlink: /home/brace/codeSpace/navi/install/rtabmap_msgs/include/rtabmap_msgs/rtabmap_msgs/msg/detail/point3f__rosidl_typesupport_introspection_c.h\n'}
[5.542460] (rtabmap_msgs) StdoutLine: {'line': b'-- Up-to-date symlink: /home/brace/codeSpace/navi/install/rtabmap_msgs/include/rtabmap_msgs/rtabmap_msgs/msg/detail/rgbd_image__rosidl_typesupport_introspection_c.h\n'}
[5.542575] (rtabmap_msgs) StdoutLine: {'line': b'-- Up-to-date symlink: /home/brace/codeSpace/navi/install/rtabmap_msgs/include/rtabmap_msgs/rtabmap_msgs/msg/detail/rgbd_images__rosidl_typesupport_introspection_c.h\n'}
[5.542630] (rtabmap) StderrLine: {'line': b"/usr/bin/ld: ../../bin/librtabmap_gui.so.0.23.4: undefined reference to `QMultiComboBox::count()'\n"}
[5.542811] (rtabmap_msgs) StdoutLine: {'line': b'-- Up-to-date symlink: /home/brace/codeSpace/navi/install/rtabmap_msgs/include/rtabmap_msgs/rtabmap_msgs/msg/detail/scan_descriptor__rosidl_typesupport_introspection_c.h\n'}
[5.542867] (rtabmap) StderrLine: {'line': b"/usr/bin/ld: ../../bin/librtabmap_gui.so.0.23.4: undefined reference to `rtabmap::PreferencesDialog::settingsChanged(QFlags<rtabmap::PreferencesDialog::PanelFlag>)'\n"}
[5.542917] (rtabmap_msgs) StdoutLine: {'line': b'-- Up-to-date symlink: /home/brace/codeSpace/navi/install/rtabmap_msgs/include/rtabmap_msgs/rtabmap_msgs/msg/detail/sensor_data__rosidl_typesupport_introspection_c.h\n'}
[5.542964] (rtabmap_msgs) StdoutLine: {'line': b'-- Up-to-date symlink: /home/brace/codeSpace/navi/install/rtabmap_msgs/include/rtabmap_msgs/rtabmap_msgs/msg/detail/user_data__rosidl_typesupport_introspection_c.h\n'}
[5.543012] (rtabmap_msgs) StdoutLine: {'line': b'-- Up-to-date symlink: /home/brace/codeSpace/navi/install/rtabmap_msgs/include/rtabmap_msgs/rtabmap_msgs/msg/rosidl_typesupport_introspection_c__visibility_control.h\n'}
[5.543062] (rtabmap_msgs) StdoutLine: {'line': b'-- Up-to-date symlink: /home/brace/codeSpace/navi/install/rtabmap_msgs/include/rtabmap_msgs/rtabmap_msgs/srv/detail/add_link__rosidl_typesupport_introspection_c.h\n'}
[5.543109] (rtabmap) StderrLine: {'line': b"/usr/bin/ld: ../../bin/librtabmap_gui.so.0.23.4: undefined reference to `rtabmap::PostProcessingDialog::interSession() const'\n"}
[5.543156] (rtabmap_msgs) StdoutLine: {'line': b'-- Up-to-date symlink: /home/brace/codeSpace/navi/install/rtabmap_msgs/include/rtabmap_msgs/rtabmap_msgs/srv/detail/cleanup_local_grids__rosidl_typesupport_introspection_c.h\n'}
[5.543319] (rtabmap) StderrLine: {'line': b"/usr/bin/ld: ../../bin/librtabmap_gui.so.0.23.4: undefined reference to `rtabmap::CameraViewer::CameraViewer(QWidget*, std::map<std::__cxx11::basic_string<char, std::char_traits<char>, std::allocator<char> >, std::__cxx11::basic_string<char, std::char_traits<char>, std::allocator<char> >, std::less<std::__cxx11::basic_string<char, std::char_traits<char>, std::allocator<char> > >, std::allocator<std::pair<std::__cxx11::basic_string<char, std::char_traits<char>, std::allocator<char> > const, std::__cxx11::basic_string<char, std::char_traits<char>, std::allocator<char> > > > > const&)'\n"}
[5.543382] (rtabmap) StderrLine: {'line': b"/usr/bin/ld: ../../bin/librtabmap_gui.so.0.23.4: undefined reference to `rtabmap::CameraViewer::setDecimation(int)'\n"}
[5.543427] (rtabmap_msgs) StdoutLine: {'line': b'-- Up-to-date symlink: /home/brace/codeSpace/navi/install/rtabmap_msgs/include/rtabmap_msgs/rtabmap_msgs/srv/detail/detect_more_loop_closures__rosidl_typesupport_introspection_c.h\n'}
[5.543475] (rtabmap_msgs) StdoutLine: {'line': b'-- Up-to-date symlink: /home/brace/codeSpace/navi/install/rtabmap_msgs/include/rtabmap_msgs/rtabmap_msgs/srv/detail/get_map2__rosidl_typesupport_introspection_c.h\n'}
[5.543520] (rtabmap_msgs) StdoutLine: {'line': b'-- Up-to-date symlink: /home/brace/codeSpace/navi/install/rtabmap_msgs/include/rtabmap_msgs/rtabmap_msgs/srv/detail/get_map__rosidl_typesupport_introspection_c.h\n'}
[5.543571] (rtabmap_msgs) StdoutLine: {'line': b'-- Up-to-date symlink: /home/brace/codeSpace/navi/install/rtabmap_msgs/include/rtabmap_msgs/rtabmap_msgs/srv/detail/get_node_data__rosidl_typesupport_introspection_c.h\n'}
[5.543617] (rtabmap_msgs) StdoutLine: {'line': b'-- Up-to-date symlink: /home/brace/codeSpace/navi/install/rtabmap_msgs/include/rtabmap_msgs/rtabmap_msgs/srv/detail/get_nodes_in_radius__rosidl_typesupport_introspection_c.h\n'}
[5.543661] (rtabmap_msgs) StdoutLine: {'line': b'-- Up-to-date symlink: /home/brace/codeSpace/navi/install/rtabmap_msgs/include/rtabmap_msgs/rtabmap_msgs/srv/detail/get_plan__rosidl_typesupport_introspection_c.h\n'}
[5.543706] (rtabmap_msgs) StdoutLine: {'line': b'-- Up-to-date symlink: /home/brace/codeSpace/navi/install/rtabmap_msgs/include/rtabmap_msgs/rtabmap_msgs/srv/detail/global_bundle_adjustment__rosidl_typesupport_introspection_c.h\n'}
[5.543748] (rtabmap) StderrLine: {'line': b"/usr/bin/ld: ../../bin/librtabmap_gui.so.0.23.4: undefined reference to `UPlot::UPlot(QWidget*)'\n"}
[5.543794] (rtabmap) StderrLine: {'line': b"/usr/bin/ld: ../../bin/librtabmap_gui.so.0.23.4: undefined reference to `rtabmap::StatsToolBox::addCurve(QString const&, bool, bool)'\n"}
[5.543841] (rtabmap) StderrLine: {'line': b"/usr/bin/ld: ../../bin/librtabmap_gui.so.0.23.4: undefined reference to `rtabmap::ExportDialog::outputPath() const'\n"}
[5.543886] (rtabmap) StderrLine: {'line': b"/usr/bin/ld: ../../bin/librtabmap_gui.so.0.23.4: undefined reference to `rtabmap::CloudViewer::configChanged()'\n"}
[5.543994] (rtabmap_msgs) StdoutLine: {'line': b'-- Up-to-date symlink: /home/brace/codeSpace/navi/install/rtabmap_msgs/include/rtabmap_msgs/rtabmap_msgs/srv/detail/list_labels__rosidl_typesupport_introspection_c.h\n'}
[5.544043] (rtabmap) StderrLine: {'line': b"/usr/bin/ld: ../../bin/librtabmap_gui.so.0.23.4: undefined reference to `rtabmap::AboutDialog::AboutDialog(QWidget*)'\n"}
[5.544090] (rtabmap_msgs) StdoutLine: {'line': b'-- Up-to-date symlink: /home/brace/codeSpace/navi/install/rtabmap_msgs/include/rtabmap_msgs/rtabmap_msgs/srv/detail/load_database__rosidl_typesupport_introspection_c.h\n'}
[5.544137] (rtabmap_msgs) StdoutLine: {'line': b'-- Up-to-date symlink: /home/brace/codeSpace/navi/install/rtabmap_msgs/include/rtabmap_msgs/rtabmap_msgs/srv/detail/publish_map__rosidl_typesupport_introspection_c.h\n'}
[5.544183] (rtabmap) StderrLine: {'line': b"/usr/bin/ld: ../../bin/librtabmap_gui.so.0.23.4: undefined reference to `rtabmap::CloudViewer::staticMetaObject'\n"}
[5.544229] (rtabmap_msgs) StdoutLine: {'line': b'-- Up-to-date symlink: /home/brace/codeSpace/navi/install/rtabmap_msgs/include/rtabmap_msgs/rtabmap_msgs/srv/detail/remove_label__rosidl_typesupport_introspection_c.h\n'}
[5.544334] (rtabmap) StderrLine: {'line': b"/usr/bin/ld: ../../bin/librtabmap_gui.so.0.23.4: undefined reference to `rtabmap::CalibrationDialog::setProgressVisibility(bool)'\n"}
[5.544386] (rtabmap) StderrLine: {'line': b"/usr/bin/ld: ../../bin/librtabmap_gui.so.0.23.4: undefined reference to `rtabmap::ImageView::addLine(float, float, float, float, QColor, QString const&)'\n"}
[5.544433] (rtabmap_msgs) StdoutLine: {'line': b'-- Up-to-date symlink: /home/brace/codeSpace/navi/install/rtabmap_msgs/include/rtabmap_msgs/rtabmap_msgs/srv/detail/reset_pose__rosidl_typesupport_introspection_c.h\n'}
[5.544554] (rtabmap_msgs) StdoutLine: {'line': b'-- Up-to-date symlink: /home/brace/codeSpace/navi/install/rtabmap_msgs/include/rtabmap_msgs/rtabmap_msgs/srv/detail/set_goal__rosidl_typesupport_introspection_c.h\n'}
[5.544601] (rtabmap_msgs) StdoutLine: {'line': b'-- Up-to-date symlink: /home/brace/codeSpace/navi/install/rtabmap_msgs/include/rtabmap_msgs/rtabmap_msgs/srv/detail/set_label__rosidl_typesupport_introspection_c.h\n'}
[5.544643] (rtabmap) StderrLine: {'line': b"/usr/bin/ld: ../../bin/librtabmap_gui.so.0.23.4: undefined reference to `vtable for rtabmap::DepthCalibrationDialog'\n"}
[5.544687] (rtabmap) StderrLine: {'line': b"/usr/bin/ld: ../../bin/librtabmap_gui.so.0.23.4: undefined reference to `rtabmap::ProgressDialog::setMaximumSteps(int)'\n"}
[5.544732] (rtabmap) StderrLine: {'line': b"/usr/bin/ld: ../../bin/librtabmap_gui.so.0.23.4: undefined reference to `rtabmap::ExportDialog::sessionExported() const'\n"}
[5.544776] (rtabmap) StderrLine: {'line': b"/usr/bin/ld: ../../bin/librtabmap_gui.so.0.23.4: undefined reference to `rtabmap::ProgressDialog::setCancelButtonVisible(bool)'\n"}
[5.544822] (rtabmap) StderrLine: {'line': b"/usr/bin/ld: ../../bin/librtabmap_gui.so.0.23.4: undefined reference to `rtabmap::CalibrationDialog::setRationalModel()'\n"}
[5.544868] (rtabmap) StderrLine: {'line': b"/usr/bin/ld: ../../bin/librtabmap_gui.so.0.23.4: undefined reference to `rtabmap::ExportCloudsDialog::staticMetaObject'\n"}
[5.545004] (rtabmap) StderrLine: {'line': b"/usr/bin/ld: ../../bin/librtabmap_gui.so.0.23.4: undefined reference to `rtabmap::MainWindow::cameraInfoReceived(rtabmap::SensorCaptureInfo const&)'\n"}
[5.545049] (rtabmap) StderrLine: {'line': b"/usr/bin/ld: ../../bin/librtabmap_gui.so.0.23.4: undefined reference to `rtabmap::ImageView::setFeaturesShown(bool)'\n"}
[5.545165] (rtabmap) StderrLine: {'line': b"/usr/bin/ld: ../../bin/librtabmap_gui.so.0.23.4: undefined reference to `rtabmap::MainWindow::rtabmapEvent3DMapProcessed()'\n"}
[5.545209] (rtabmap) StderrLine: {'line': b"/usr/bin/ld: ../../bin/librtabmap_gui.so.0.23.4: undefined reference to `UPlotCurve::addValue(double, double)'\n"}
[5.545250] (rtabmap) StderrLine: {'line': b"/usr/bin/ld: ../../bin/librtabmap_gui.so.0.23.4: undefined reference to `rtabmap::EditConstraintDialog::setPoseGroupVisible(bool)'\n"}
[5.545299] (rtabmap) StderrLine: {'line': b"/usr/bin/ld: ../../bin/librtabmap_gui.so.0.23.4: undefined reference to `rtabmap::ImageView::setImage(QImage const&, std::vector<rtabmap::CameraModel, std::allocator<rtabmap::CameraModel> > const&, rtabmap::Transform const&)'\n"}
[5.545347] (rtabmap) StderrLine: {'line': b"/usr/bin/ld: ../../bin/librtabmap_gui.so.0.23.4: undefined reference to `rtabmap::LoopClosureViewer::setData(rtabmap::Signature const&, rtabmap::Signature const&)'\n"}
[5.545489] (rtabmap) StderrLine: {'line': b"/usr/bin/ld: ../../bin/librtabmap_gui.so.0.23.4: undefined reference to `rtabmap::CalibrationDialog::processImages(cv::Mat const&, cv::Mat const&, QString const&)'\n"}
[5.545605] (rtabmap) StderrLine: {'line': b"/usr/bin/ld: ../../bin/librtabmap_gui.so.0.23.4: undefined reference to `rtabmap::PostProcessingDialog::loadSettings(QSettings&, QString const&)'\n"}
[5.545651] (rtabmap_msgs) StdoutLine: {'line': b'-- Up-to-date symlink: /home/brace/codeSpace/navi/install/rtabmap_msgs/include/rtabmap_msgs/rtabmap_msgs/msg/camera_model.hpp\n'}
[5.545752] (rtabmap_msgs) StdoutLine: {'line': b'-- Up-to-date symlink: /home/brace/codeSpace/navi/install/rtabmap_msgs/include/rtabmap_msgs/rtabmap_msgs/msg/camera_models.hpp\n'}
[5.545804] (rtabmap_msgs) StdoutLine: {'line': b'-- Up-to-date symlink: /home/brace/codeSpace/navi/install/rtabmap_msgs/include/rtabmap_msgs/rtabmap_msgs/msg/detail/camera_model__builder.hpp\n'}
[5.545967] (rtabmap) StderrLine: {'line': b"/usr/bin/ld: ../../bin/librtabmap_gui.so.0.23.4: undefined reference to `rtabmap::ExportBundlerDialog::saveSettings(QSettings&, QString const&) const'\n"}
[5.546033] (rtabmap_msgs) StdoutLine: {'line': b'-- Up-to-date symlink: /home/brace/codeSpace/navi/install/rtabmap_msgs/include/rtabmap_msgs/rtabmap_msgs/msg/detail/camera_model__struct.hpp\n'}
[5.546136] (rtabmap_msgs) StdoutLine: {'line': b'-- Up-to-date symlink: /home/brace/codeSpace/navi/install/rtabmap_msgs/include/rtabmap_msgs/rtabmap_msgs/msg/detail/camera_model__traits.hpp\n'}
[5.546186] (rtabmap_msgs) StdoutLine: {'line': b'-- Up-to-date symlink: /home/brace/codeSpace/navi/install/rtabmap_msgs/include/rtabmap_msgs/rtabmap_msgs/msg/detail/camera_model__type_support.hpp\n'}
[5.548756] (rtabmap) StderrLine: {'line': b"/usr/bin/ld: ../../bin/librtabmap_gui.so.0.23.4: undefined reference to `QMultiComboBox::SetDisplayText(QString)'\n"}
[5.549061] (rtabmap_msgs) StdoutLine: {'line': b'-- Up-to-date symlink: /home/brace/codeSpace/navi/install/rtabmap_msgs/include/rtabmap_msgs/rtabmap_msgs/msg/detail/camera_models__builder.hpp\n'}
[5.549172] (rtabmap_msgs) StdoutLine: {'line': b'-- Up-to-date symlink: /home/brace/codeSpace/navi/install/rtabmap_msgs/include/rtabmap_msgs/rtabmap_msgs/msg/detail/camera_models__struct.hpp\n'}
[5.549233] (rtabmap_msgs) StdoutLine: {'line': b'-- Up-to-date symlink: /home/brace/codeSpace/navi/install/rtabmap_msgs/include/rtabmap_msgs/rtabmap_msgs/msg/detail/camera_models__traits.hpp\n'}
[5.549296] (rtabmap_msgs) StdoutLine: {'line': b'-- Up-to-date symlink: /home/brace/codeSpace/navi/install/rtabmap_msgs/include/rtabmap_msgs/rtabmap_msgs/msg/detail/camera_models__type_support.hpp\n'}
[5.549400] (rtabmap_msgs) StdoutLine: {'line': b'-- Up-to-date symlink: /home/brace/codeSpace/navi/install/rtabmap_msgs/include/rtabmap_msgs/rtabmap_msgs/msg/detail/env_sensor__builder.hpp\n'}
[5.549462] (rtabmap_msgs) StdoutLine: {'line': b'-- Up-to-date symlink: /home/brace/codeSpace/navi/install/rtabmap_msgs/include/rtabmap_msgs/rtabmap_msgs/msg/detail/env_sensor__struct.hpp\n'}
[5.549515] (rtabmap_msgs) StdoutLine: {'line': b'-- Up-to-date symlink: /home/brace/codeSpace/navi/install/rtabmap_msgs/include/rtabmap_msgs/rtabmap_msgs/msg/detail/env_sensor__traits.hpp\n'}
[5.549583] (rtabmap_msgs) StdoutLine: {'line': b'-- Up-to-date symlink: /home/brace/codeSpace/navi/install/rtabmap_msgs/include/rtabmap_msgs/rtabmap_msgs/msg/detail/env_sensor__type_support.hpp\n'}
[5.549640] (rtabmap_msgs) StdoutLine: {'line': b'-- Up-to-date symlink: /home/brace/codeSpace/navi/install/rtabmap_msgs/include/rtabmap_msgs/rtabmap_msgs/msg/detail/global_descriptor__builder.hpp\n'}
[5.549704] (rtabmap_msgs) StdoutLine: {'line': b'-- Up-to-date symlink: /home/brace/codeSpace/navi/install/rtabmap_msgs/include/rtabmap_msgs/rtabmap_msgs/msg/detail/global_descriptor__struct.hpp\n'}
[5.549773] (rtabmap_msgs) StdoutLine: {'line': b'-- Up-to-date symlink: /home/brace/codeSpace/navi/install/rtabmap_msgs/include/rtabmap_msgs/rtabmap_msgs/msg/detail/global_descriptor__traits.hpp\n'}
[5.549826] (rtabmap_msgs) StdoutLine: {'line': b'-- Up-to-date symlink: /home/brace/codeSpace/navi/install/rtabmap_msgs/include/rtabmap_msgs/rtabmap_msgs/msg/detail/global_descriptor__type_support.hpp\n'}
[5.549879] (rtabmap_msgs) StdoutLine: {'line': b'-- Up-to-date symlink: /home/brace/codeSpace/navi/install/rtabmap_msgs/include/rtabmap_msgs/rtabmap_msgs/msg/detail/goal__builder.hpp\n'}
[5.549936] (rtabmap_msgs) StdoutLine: {'line': b'-- Up-to-date symlink: /home/brace/codeSpace/navi/install/rtabmap_msgs/include/rtabmap_msgs/rtabmap_msgs/msg/detail/goal__struct.hpp\n'}
[5.549982] (rtabmap_msgs) StdoutLine: {'line': b'-- Up-to-date symlink: /home/brace/codeSpace/navi/install/rtabmap_msgs/include/rtabmap_msgs/rtabmap_msgs/msg/detail/goal__traits.hpp\n'}
[5.550026] (rtabmap_msgs) StdoutLine: {'line': b'-- Up-to-date symlink: /home/brace/codeSpace/navi/install/rtabmap_msgs/include/rtabmap_msgs/rtabmap_msgs/msg/detail/goal__type_support.hpp\n'}
[5.550603] (rtabmap) StderrLine: {'line': b"/usr/bin/ld: ../../bin/librtabmap_gui.so.0.23.4: undefined reference to `rtabmap::MultiSessionLocSubView::MultiSessionLocSubView(rtabmap::ImageView*, int, QWidget*)'\n"}
[5.550936] (rtabmap) StderrLine: {'line': b"/usr/bin/ld: ../../bin/librtabmap_gui.so.0.23.4: undefined reference to `rtabmap::ImageView::loadSettings(QSettings&, QString const&)'\n"}
[5.551320] (rtabmap) StderrLine: {'line': b"/usr/bin/ld: ../../bin/librtabmap_gui.so.0.23.4: undefined reference to `rtabmap::ImageView::setFeaturesColor(QColor)'\n"}
[5.551412] (rtabmap) StderrLine: {'line': b"/usr/bin/ld: ../../bin/librtabmap_gui.so.0.23.4: undefined reference to `vtable for rtabmap::PreferencesDialog'\n"}
[5.551819] (rtabmap) StderrLine: {'line': b"/usr/bin/ld: ../../bin/librtabmap_gui.so.0.23.4: undefined reference to `rtabmap::EditConstraintDialog::getCovariance() const'\n"}
[5.555805] (rtabmap) StderrLine: {'line': b"/usr/bin/ld: ../../bin/librtabmap_gui.so.0.23.4: undefined reference to `rtabmap::PostProcessingDialog::isDetectMoreLoopClosures() const'\n"}
[5.556904] (rtabmap) StderrLine: {'line': b"/usr/bin/ld: ../../bin/librtabmap_gui.so.0.23.4: undefined reference to `rtabmap::CloudViewerCellPicker::New()'\n"}
[5.557175] (rtabmap) StderrLine: {'line': b"/usr/bin/ld: ../../bin/librtabmap_gui.so.0.23.4: undefined reference to `rtabmap::EditDepthArea::getModifiedImage() const'\n"}
[5.557240] (rtabmap) StderrLine: {'line': b"/usr/bin/ld: ../../bin/librtabmap_gui.so.0.23.4: undefined reference to `UPlotCurve::UPlotCurve(QString const&, QVector<double> const&, QVector<double> const&, QObject*)'\n"}
[5.557357] (rtabmap) StderrLine: {'line': b"/usr/bin/ld: ../../bin/librtabmap_gui.so.0.23.4: undefined reference to `rtabmap::PostProcessingDialog::isRefineLoopClosureLinks() const'\n"}
[5.557559] (rtabmap) StderrLine: {'line': b"/usr/bin/ld: ../../bin/librtabmap_gui.so.0.23.4: undefined reference to `rtabmap::MainWindow::rtabmapEventInitReceived(int, QString const&)'\n"}
[5.557636] (rtabmap) StderrLine: {'line': b"/usr/bin/ld: ../../bin/librtabmap_gui.so.0.23.4: undefined reference to `rtabmap::CalibrationDialog::squareSize() const'\n"}
[5.557694] (rtabmap) StderrLine: {'line': b"/usr/bin/ld: ../../bin/librtabmap_gui.so.0.23.4: undefined reference to `rtabmap::vtkImageMatSource::New()'\n"}
[5.557753] (rtabmap) StderrLine: {'line': b"/usr/bin/ld: ../../bin/librtabmap_gui.so.0.23.4: undefined reference to `rtabmap::MapVisibilityWidget::getVisiblePoses() const'\n"}
[5.557804] (rtabmap) StderrLine: {'line': b"/usr/bin/ld: ../../bin/librtabmap_gui.so.0.23.4: undefined reference to `rtabmap::MainWindow::statsReceived(rtabmap::Statistics const&)'\n"}
[5.557857] (rtabmap) StderrLine: {'line': b"/usr/bin/ld: ../../bin/librtabmap_gui.so.0.23.4: undefined reference to `rtabmap::MainWindow::mappingModeChanged(bool)'\n"}
[5.557907] (rtabmap_msgs) StdoutLine: {'line': b'-- Up-to-date symlink: /home/brace/codeSpace/navi/install/rtabmap_msgs/include/rtabmap_msgs/rtabmap_msgs/msg/detail/gps__builder.hpp\n'}
[5.558211] (rtabmap_msgs) StdoutLine: {'line': b'-- Up-to-date symlink: /home/brace/codeSpace/navi/install/rtabmap_msgs/include/rtabmap_msgs/rtabmap_msgs/msg/detail/gps__struct.hpp\n'}
[5.558261] (rtabmap_msgs) StdoutLine: {'line': b'-- Up-to-date symlink: /home/brace/codeSpace/navi/install/rtabmap_msgs/include/rtabmap_msgs/rtabmap_msgs/msg/detail/gps__traits.hpp\n'}
[5.558352] (rtabmap_msgs) StdoutLine: {'line': b'-- Up-to-date symlink: /home/brace/codeSpace/navi/install/rtabmap_msgs/include/rtabmap_msgs/rtabmap_msgs/msg/detail/gps__type_support.hpp\n'}
[5.558404] (rtabmap_msgs) StdoutLine: {'line': b'-- Up-to-date symlink: /home/brace/codeSpace/navi/install/rtabmap_msgs/include/rtabmap_msgs/rtabmap_msgs/msg/detail/info__builder.hpp\n'}
[5.558448] (rtabmap_msgs) StdoutLine: {'line': b'-- Up-to-date symlink: /home/brace/codeSpace/navi/install/rtabmap_msgs/include/rtabmap_msgs/rtabmap_msgs/msg/detail/info__struct.hpp\n'}
[5.558491] (rtabmap_msgs) StdoutLine: {'line': b'-- Up-to-date symlink: /home/brace/codeSpace/navi/install/rtabmap_msgs/include/rtabmap_msgs/rtabmap_msgs/msg/detail/info__traits.hpp\n'}
[5.558534] (rtabmap_msgs) StdoutLine: {'line': b'-- Up-to-date symlink: /home/brace/codeSpace/navi/install/rtabmap_msgs/include/rtabmap_msgs/rtabmap_msgs/msg/detail/info__type_support.hpp\n'}
[5.558578] (rtabmap_msgs) StdoutLine: {'line': b'-- Up-to-date symlink: /home/brace/codeSpace/navi/install/rtabmap_msgs/include/rtabmap_msgs/rtabmap_msgs/msg/detail/key_point__builder.hpp\n'}
[5.558621] (rtabmap_msgs) StdoutLine: {'line': b'-- Up-to-date symlink: /home/brace/codeSpace/navi/install/rtabmap_msgs/include/rtabmap_msgs/rtabmap_msgs/msg/detail/key_point__struct.hpp\n'}
[5.558666] (rtabmap_msgs) StdoutLine: {'line': b'-- Up-to-date symlink: /home/brace/codeSpace/navi/install/rtabmap_msgs/include/rtabmap_msgs/rtabmap_msgs/msg/detail/key_point__traits.hpp\n'}
[5.558708] (rtabmap_msgs) StdoutLine: {'line': b'-- Up-to-date symlink: /home/brace/codeSpace/navi/install/rtabmap_msgs/include/rtabmap_msgs/rtabmap_msgs/msg/detail/key_point__type_support.hpp\n'}
[5.558751] (rtabmap_msgs) StdoutLine: {'line': b'-- Up-to-date symlink: /home/brace/codeSpace/navi/install/rtabmap_msgs/include/rtabmap_msgs/rtabmap_msgs/msg/detail/landmark_detection__builder.hpp\n'}
[5.558796] (rtabmap_msgs) StdoutLine: {'line': b'-- Up-to-date symlink: /home/brace/codeSpace/navi/install/rtabmap_msgs/include/rtabmap_msgs/rtabmap_msgs/msg/detail/landmark_detection__struct.hpp\n'}
[5.558841] (rtabmap_msgs) StdoutLine: {'line': b'-- Up-to-date symlink: /home/brace/codeSpace/navi/install/rtabmap_msgs/include/rtabmap_msgs/rtabmap_msgs/msg/detail/landmark_detection__traits.hpp\n'}
[5.558885] (rtabmap_msgs) StdoutLine: {'line': b'-- Up-to-date symlink: /home/brace/codeSpace/navi/install/rtabmap_msgs/include/rtabmap_msgs/rtabmap_msgs/msg/detail/landmark_detection__type_support.hpp\n'}
[5.558938] (rtabmap_msgs) StdoutLine: {'line': b'-- Up-to-date symlink: /home/brace/codeSpace/navi/install/rtabmap_msgs/include/rtabmap_msgs/rtabmap_msgs/msg/detail/landmark_detections__builder.hpp\n'}
[5.558991] (rtabmap_msgs) StdoutLine: {'line': b'-- Up-to-date symlink: /home/brace/codeSpace/navi/install/rtabmap_msgs/include/rtabmap_msgs/rtabmap_msgs/msg/detail/landmark_detections__struct.hpp\n'}
[5.559035] (rtabmap_msgs) StdoutLine: {'line': b'-- Up-to-date symlink: /home/brace/codeSpace/navi/install/rtabmap_msgs/include/rtabmap_msgs/rtabmap_msgs/msg/detail/landmark_detections__traits.hpp\n'}
[5.559080] (rtabmap_msgs) StdoutLine: {'line': b'-- Up-to-date symlink: /home/brace/codeSpace/navi/install/rtabmap_msgs/include/rtabmap_msgs/rtabmap_msgs/msg/detail/landmark_detections__type_support.hpp\n'}
[5.559131] (rtabmap_msgs) StdoutLine: {'line': b'-- Up-to-date symlink: /home/brace/codeSpace/navi/install/rtabmap_msgs/include/rtabmap_msgs/rtabmap_msgs/msg/detail/link__builder.hpp\n'}
[5.559540] (rtabmap_msgs) StdoutLine: {'line': b'-- Up-to-date symlink: /home/brace/codeSpace/navi/install/rtabmap_msgs/include/rtabmap_msgs/rtabmap_msgs/msg/detail/link__struct.hpp\n'}
[5.559596] (rtabmap_msgs) StdoutLine: {'line': b'-- Up-to-date symlink: /home/brace/codeSpace/navi/install/rtabmap_msgs/include/rtabmap_msgs/rtabmap_msgs/msg/detail/link__traits.hpp\n'}
[5.559764] (rtabmap_msgs) StdoutLine: {'line': b'-- Up-to-date symlink: /home/brace/codeSpace/navi/install/rtabmap_msgs/include/rtabmap_msgs/rtabmap_msgs/msg/detail/link__type_support.hpp\n'}
[5.559814] (rtabmap_msgs) StdoutLine: {'line': b'-- Up-to-date symlink: /home/brace/codeSpace/navi/install/rtabmap_msgs/include/rtabmap_msgs/rtabmap_msgs/msg/detail/map_data__builder.hpp\n'}
[5.559862] (rtabmap_msgs) StdoutLine: {'line': b'-- Up-to-date symlink: /home/brace/codeSpace/navi/install/rtabmap_msgs/include/rtabmap_msgs/rtabmap_msgs/msg/detail/map_data__struct.hpp\n'}
[5.559908] (rtabmap_msgs) StdoutLine: {'line': b'-- Up-to-date symlink: /home/brace/codeSpace/navi/install/rtabmap_msgs/include/rtabmap_msgs/rtabmap_msgs/msg/detail/map_data__traits.hpp\n'}
[5.559953] (rtabmap_msgs) StdoutLine: {'line': b'-- Up-to-date symlink: /home/brace/codeSpace/navi/install/rtabmap_msgs/include/rtabmap_msgs/rtabmap_msgs/msg/detail/map_data__type_support.hpp\n'}
[5.559999] (rtabmap_msgs) StdoutLine: {'line': b'-- Up-to-date symlink: /home/brace/codeSpace/navi/install/rtabmap_msgs/include/rtabmap_msgs/rtabmap_msgs/msg/detail/map_graph__builder.hpp\n'}
[5.560047] (rtabmap) StderrLine: {'line': b"/usr/bin/ld: ../../bin/librtabmap_gui.so.0.23.4: undefined reference to `vtable for rtabmap::DatabaseViewer'\n"}
[5.560241] (rtabmap_msgs) StdoutLine: {'line': b'-- Up-to-date symlink: /home/brace/codeSpace/navi/install/rtabmap_msgs/include/rtabmap_msgs/rtabmap_msgs/msg/detail/map_graph__struct.hpp\n'}
[5.560298] (rtabmap_msgs) StdoutLine: {'line': b'-- Up-to-date symlink: /home/brace/codeSpace/navi/install/rtabmap_msgs/include/rtabmap_msgs/rtabmap_msgs/msg/detail/map_graph__traits.hpp\n'}
[5.560349] (rtabmap_msgs) StdoutLine: {'line': b'-- Up-to-date symlink: /home/brace/codeSpace/navi/install/rtabmap_msgs/include/rtabmap_msgs/rtabmap_msgs/msg/detail/map_graph__type_support.hpp\n'}
[5.560403] (rtabmap_msgs) StdoutLine: {'line': b'-- Up-to-date symlink: /home/brace/codeSpace/navi/install/rtabmap_msgs/include/rtabmap_msgs/rtabmap_msgs/msg/detail/node__builder.hpp\n'}
[5.560452] (rtabmap_msgs) StdoutLine: {'line': b'-- Up-to-date symlink: /home/brace/codeSpace/navi/install/rtabmap_msgs/include/rtabmap_msgs/rtabmap_msgs/msg/detail/node__struct.hpp\n'}
[5.560499] (rtabmap_msgs) StdoutLine: {'line': b'-- Up-to-date symlink: /home/brace/codeSpace/navi/install/rtabmap_msgs/include/rtabmap_msgs/rtabmap_msgs/msg/detail/node__traits.hpp\n'}
[5.560547] (rtabmap) StderrLine: {'line': b"/usr/bin/ld: ../../bin/librtabmap_gui.so.0.23.4: undefined reference to `rtabmap::StatsToolBox::setWorkingDirectory(QString const&)'\n"}
[5.560697] (rtabmap_msgs) StdoutLine: {'line': b'-- Up-to-date symlink: /home/brace/codeSpace/navi/install/rtabmap_msgs/include/rtabmap_msgs/rtabmap_msgs/msg/detail/node__type_support.hpp\n'}
[5.560750] (rtabmap_msgs) StdoutLine: {'line': b'-- Up-to-date symlink: /home/brace/codeSpace/navi/install/rtabmap_msgs/include/rtabmap_msgs/rtabmap_msgs/msg/detail/odom_info__builder.hpp\n'}
[5.560801] (rtabmap) StderrLine: {'line': b"/usr/bin/ld: ../../bin/librtabmap_gui.so.0.23.4: undefined reference to `rtabmap::ExportBundlerDialog::ExportBundlerDialog(QWidget*)'\n"}
[5.560932] (rtabmap_msgs) StdoutLine: {'line': b'-- Up-to-date symlink: /home/brace/codeSpace/navi/install/rtabmap_msgs/include/rtabmap_msgs/rtabmap_msgs/msg/detail/odom_info__struct.hpp\n'}
[5.560983] (rtabmap) StderrLine: {'line': b"/usr/bin/ld: ../../bin/librtabmap_gui.so.0.23.4: undefined reference to `rtabmap::CalibrationDialog::setFisheyeModel()'\n"}
[5.561032] (rtabmap_msgs) StdoutLine: {'line': b'-- Up-to-date symlink: /home/brace/codeSpace/navi/install/rtabmap_msgs/include/rtabmap_msgs/rtabmap_msgs/msg/detail/odom_info__traits.hpp\n'}
[5.561082] (rtabmap_msgs) StdoutLine: {'line': b'-- Up-to-date symlink: /home/brace/codeSpace/navi/install/rtabmap_msgs/include/rtabmap_msgs/rtabmap_msgs/msg/detail/odom_info__type_support.hpp\n'}
[5.561132] (rtabmap) StderrLine: {'line': b"/usr/bin/ld: ../../bin/librtabmap_gui.so.0.23.4: undefined reference to `rtabmap::PostProcessingDialog::PostProcessingDialog(QWidget*)'\n"}
[5.561182] (rtabmap) StderrLine: {'line': b"/usr/bin/ld: ../../bin/librtabmap_gui.so.0.23.4: undefined reference to `rtabmap::MultiSessionLocSubView::updateView(int, QImage const&, std::multimap<int, cv::KeyPoint, std::less<int>, std::allocator<std::pair<int const, cv::KeyPoint> > > const&, float, QColor const&)'\n"}
[5.561238] (rtabmap) StderrLine: {'line': b"/usr/bin/ld: ../../bin/librtabmap_gui.so.0.23.4: undefined reference to `rtabmap::ProgressDialog::maximumSteps() const'\n"}
[5.561299] (rtabmap) StderrLine: {'line': b"/usr/bin/ld: ../../bin/librtabmap_gui.so.0.23.4: undefined reference to `rtabmap::ImageView::addFeature(int, cv::KeyPoint const&, float, QColor)'\n"}
[5.561374] (rtabmap_msgs) StdoutLine: {'line': b'-- Up-to-date symlink: /home/brace/codeSpace/navi/install/rtabmap_msgs/include/rtabmap_msgs/rtabmap_msgs/msg/detail/path__builder.hpp\n'}
[5.561435] (rtabmap_msgs) StdoutLine: {'line': b'-- Up-to-date symlink: /home/brace/codeSpace/navi/install/rtabmap_msgs/include/rtabmap_msgs/rtabmap_msgs/msg/detail/path__struct.hpp\n'}
[5.561484] (rtabmap_msgs) StdoutLine: {'line': b'-- Up-to-date symlink: /home/brace/codeSpace/navi/install/rtabmap_msgs/include/rtabmap_msgs/rtabmap_msgs/msg/detail/path__traits.hpp\n'}
[5.561539] (rtabmap_msgs) StdoutLine: {'line': b'-- Up-to-date symlink: /home/brace/codeSpace/navi/install/rtabmap_msgs/include/rtabmap_msgs/rtabmap_msgs/msg/detail/path__type_support.hpp\n'}
[5.561753] (rtabmap_msgs) StdoutLine: {'line': b'-- Up-to-date symlink: /home/brace/codeSpace/navi/install/rtabmap_msgs/include/rtabmap_msgs/rtabmap_msgs/msg/detail/point2f__builder.hpp\n'}
[5.561809] (rtabmap_msgs) StdoutLine: {'line': b'-- Up-to-date symlink: /home/brace/codeSpace/navi/install/rtabmap_msgs/include/rtabmap_msgs/rtabmap_msgs/msg/detail/point2f__struct.hpp\n'}
[5.561856] (rtabmap_msgs) StdoutLine: {'line': b'-- Up-to-date symlink: /home/brace/codeSpace/navi/install/rtabmap_msgs/include/rtabmap_msgs/rtabmap_msgs/msg/detail/point2f__traits.hpp\n'}
[5.562003] (rtabmap_msgs) StdoutLine: {'line': b'-- Up-to-date symlink: /home/brace/codeSpace/navi/install/rtabmap_msgs/include/rtabmap_msgs/rtabmap_msgs/msg/detail/point2f__type_support.hpp\n'}
[5.562103] (rtabmap_msgs) StdoutLine: {'line': b'-- Up-to-date symlink: /home/brace/codeSpace/navi/install/rtabmap_msgs/include/rtabmap_msgs/rtabmap_msgs/msg/detail/point3f__builder.hpp\n'}
[5.562147] (rtabmap_msgs) StdoutLine: {'line': b'-- Up-to-date symlink: /home/brace/codeSpace/navi/install/rtabmap_msgs/include/rtabmap_msgs/rtabmap_msgs/msg/detail/point3f__struct.hpp\n'}
[5.562195] (rtabmap) StderrLine: {'line': b"/usr/bin/ld: ../../bin/librtabmap_gui.so.0.23.4: undefined reference to `QMultiComboBox::QMultiComboBox(QWidget*)'\n"}
[5.562316] (rtabmap) StderrLine: {'line': b"/usr/bin/ld: ../../bin/librtabmap_gui.so.0.23.4: undefined reference to `rtabmap::LinkRefiningDialog::getRangeNodeId(int&, int&) const'\n"}
[5.562371] (rtabmap) StderrLine: {'line': b"/usr/bin/ld: ../../bin/librtabmap_gui.so.0.23.4: undefined reference to `rtabmap::CalibrationDialog::loadSettings(QSettings&, QString const&)'\n"}
[5.562424] (rtabmap) StderrLine: {'line': b"/usr/bin/ld: ../../bin/librtabmap_gui.so.0.23.4: undefined reference to `rtabmap::MainWindow::odometryProcessed()'\n"}
[5.562473] (rtabmap) StderrLine: {'line': b"/usr/bin/ld: ../../bin/librtabmap_gui.so.0.23.4: undefined reference to `rtabmap::PostProcessingDialog::sbaIterations() const'\n"}
[5.562521] (rtabmap) StderrLine: {'line': b'collect2: error: ld returned 1 exit status\n'}
[5.562567] (rtabmap) StderrLine: {'line': b"/usr/bin/ld: ../../bin/librtabmap_gui.so.0.23.4: undefined reference to `rtabmap::CalibrationDialog::saveSettings(QSettings&, QString const&) const'\n"}
[5.562613] (rtabmap) StderrLine: {'line': b"/usr/bin/ld: ../../bin/librtabmap_gui.so.0.23.4: undefined reference to `rtabmap::StatsToolBox::StatsToolBox(QWidget*)'\n"}
[5.562659] (rtabmap) StderrLine: {'line': b"/usr/bin/ld: ../../bin/librtabmap_gui.so.0.23.4: undefined reference to `rtabmap::MainWindow::cameraInfoProcessed()'\n"}
[5.562706] (rtabmap) StderrLine: {'line': b"/usr/bin/ld: ../../bin/librtabmap_gui.so.0.23.4: undefined reference to `rtabmap::LinkRefiningDialog::getIntraInterSessions(bool&, bool&) const'\n"}
[5.562752] (rtabmap_msgs) StdoutLine: {'line': b'-- Up-to-date symlink: /home/brace/codeSpace/navi/install/rtabmap_msgs/include/rtabmap_msgs/rtabmap_msgs/msg/detail/point3f__traits.hpp\n'}
[5.562959] (rtabmap) StderrLine: {'line': b"/usr/bin/ld: ../../bin/librtabmap_gui.so.0.23.4: undefined reference to `rtabmap::CalibrationDialog::setCameraName(QString const&)'\n"}
[5.563039] (rtabmap_msgs) StdoutLine: {'line': b'-- Up-to-date symlink: /home/brace/codeSpace/navi/install/rtabmap_msgs/include/rtabmap_msgs/rtabmap_msgs/msg/detail/point3f__type_support.hpp\n'}
[5.563094] (rtabmap_msgs) StdoutLine: {'line': b'-- Up-to-date symlink: /home/brace/codeSpace/navi/install/rtabmap_msgs/include/rtabmap_msgs/rtabmap_msgs/msg/detail/rgbd_image__builder.hpp\n'}
[5.563154] (rtabmap_msgs) StdoutLine: {'line': b'-- Up-to-date symlink: /home/brace/codeSpace/navi/install/rtabmap_msgs/include/rtabmap_msgs/rtabmap_msgs/msg/detail/rgbd_image__struct.hpp\n'}
[5.563202] (rtabmap) StderrLine: {'line': b"/usr/bin/ld: ../../bin/librtabmap_gui.so.0.23.4: undefined reference to `rtabmap::StatsToolBox::addThreshold(QString const&, double)'\n"}
[5.563251] (rtabmap) StderrLine: {'line': b"/usr/bin/ld: ../../bin/librtabmap_gui.so.0.23.4: undefined reference to `rtabmap::StatsToolBox::getFiguresSetup(QList<int>&, QStringList&, QStringList&)'\n"}
[5.563314] (rtabmap_msgs) StdoutLine: {'line': b'-- Up-to-date symlink: /home/brace/codeSpace/navi/install/rtabmap_msgs/include/rtabmap_msgs/rtabmap_msgs/msg/detail/rgbd_image__traits.hpp\n'}
[5.563364] (rtabmap) StderrLine: {'line': b"/usr/bin/ld: ../../bin/librtabmap_gui.so.0.23.4: undefined reference to `rtabmap::ExportDialog::isDepthExported() const'\n"}
[5.563412] (rtabmap) StderrLine: {'line': b"/usr/bin/ld: ../../bin/librtabmap_gui.so.0.23.4: undefined reference to `rtabmap::MainWindow::detectionRateChanged(double)'\n"}
[5.563459] (rtabmap) StderrLine: {'line': b"/usr/bin/ld: ../../bin/librtabmap_gui.so.0.23.4: undefined reference to `UPlot::setFixedYAxis(double, double)'\n"}
[5.563512] (rtabmap_msgs) StdoutLine: {'line': b'-- Up-to-date symlink: /home/brace/codeSpace/navi/install/rtabmap_msgs/include/rtabmap_msgs/rtabmap_msgs/msg/detail/rgbd_image__type_support.hpp\n'}
[5.563564] (rtabmap_msgs) StdoutLine: {'line': b'-- Up-to-date symlink: /home/brace/codeSpace/navi/install/rtabmap_msgs/include/rtabmap_msgs/rtabmap_msgs/msg/detail/rgbd_images__builder.hpp\n'}
[5.563618] (rtabmap_msgs) StdoutLine: {'line': b'-- Up-to-date symlink: /home/brace/codeSpace/navi/install/rtabmap_msgs/include/rtabmap_msgs/rtabmap_msgs/msg/detail/rgbd_images__struct.hpp\n'}
[5.563691] (rtabmap_msgs) StdoutLine: {'line': b'-- Up-to-date symlink: /home/brace/codeSpace/navi/install/rtabmap_msgs/include/rtabmap_msgs/rtabmap_msgs/msg/detail/rgbd_images__traits.hpp\n'}
[5.563762] (rtabmap_msgs) StdoutLine: {'line': b'-- Up-to-date symlink: /home/brace/codeSpace/navi/install/rtabmap_msgs/include/rtabmap_msgs/rtabmap_msgs/msg/detail/rgbd_images__type_support.hpp\n'}
[5.563843] (rtabmap_msgs) StdoutLine: {'line': b'-- Up-to-date symlink: /home/brace/codeSpace/navi/install/rtabmap_msgs/include/rtabmap_msgs/rtabmap_msgs/msg/detail/scan_descriptor__builder.hpp\n'}
[5.563919] (rtabmap_msgs) StdoutLine: {'line': b'-- Up-to-date symlink: /home/brace/codeSpace/navi/install/rtabmap_msgs/include/rtabmap_msgs/rtabmap_msgs/msg/detail/scan_descriptor__struct.hpp\n'}
[5.564007] (rtabmap_msgs) StdoutLine: {'line': b'-- Up-to-date symlink: /home/brace/codeSpace/navi/install/rtabmap_msgs/include/rtabmap_msgs/rtabmap_msgs/msg/detail/scan_descriptor__traits.hpp\n'}
[5.564100] (rtabmap_msgs) StdoutLine: {'line': b'-- Up-to-date symlink: /home/brace/codeSpace/navi/install/rtabmap_msgs/include/rtabmap_msgs/rtabmap_msgs/msg/detail/scan_descriptor__type_support.hpp\n'}
[5.564201] (rtabmap_msgs) StdoutLine: {'line': b'-- Up-to-date symlink: /home/brace/codeSpace/navi/install/rtabmap_msgs/include/rtabmap_msgs/rtabmap_msgs/msg/detail/sensor_data__builder.hpp\n'}
[5.564639] (rtabmap_msgs) StdoutLine: {'line': b'-- Up-to-date symlink: /home/brace/codeSpace/navi/install/rtabmap_msgs/include/rtabmap_msgs/rtabmap_msgs/msg/detail/sensor_data__struct.hpp\n'}
[5.564800] (rtabmap_msgs) StdoutLine: {'line': b'-- Up-to-date symlink: /home/brace/codeSpace/navi/install/rtabmap_msgs/include/rtabmap_msgs/rtabmap_msgs/msg/detail/sensor_data__traits.hpp\n'}
[5.564862] (rtabmap_msgs) StdoutLine: {'line': b'-- Up-to-date symlink: /home/brace/codeSpace/navi/install/rtabmap_msgs/include/rtabmap_msgs/rtabmap_msgs/msg/detail/sensor_data__type_support.hpp\n'}
[5.564912] (rtabmap_msgs) StdoutLine: {'line': b'-- Up-to-date symlink: /home/brace/codeSpace/navi/install/rtabmap_msgs/include/rtabmap_msgs/rtabmap_msgs/msg/detail/user_data__builder.hpp\n'}
[5.564963] (rtabmap_msgs) StdoutLine: {'line': b'-- Up-to-date symlink: /home/brace/codeSpace/navi/install/rtabmap_msgs/include/rtabmap_msgs/rtabmap_msgs/msg/detail/user_data__struct.hpp\n'}
[5.565145] (rtabmap) StderrLine: {'line': b'gmake[2]: *** [tools/Calibration/CMakeFiles/calibration.dir/build.make:189\xef\xbc\x9abin/rtabmap-calibration] \xe9\x94\x99\xe8\xaf\xaf 1\n'}
[5.565249] (rtabmap_msgs) StdoutLine: {'line': b'-- Up-to-date symlink: /home/brace/codeSpace/navi/install/rtabmap_msgs/include/rtabmap_msgs/rtabmap_msgs/msg/detail/user_data__traits.hpp\n'}
[5.565306] (rtabmap_msgs) StdoutLine: {'line': b'-- Up-to-date symlink: /home/brace/codeSpace/navi/install/rtabmap_msgs/include/rtabmap_msgs/rtabmap_msgs/msg/detail/user_data__type_support.hpp\n'}
[5.565401] (rtabmap) StderrLine: {'line': b'gmake[1]: *** [CMakeFiles/Makefile2:1578\xef\xbc\x9atools/Calibration/CMakeFiles/calibration.dir/all] \xe9\x94\x99\xe8\xaf\xaf 2\n'}
[5.565503] (rtabmap_msgs) StdoutLine: {'line': b'-- Up-to-date symlink: /home/brace/codeSpace/navi/install/rtabmap_msgs/include/rtabmap_msgs/rtabmap_msgs/msg/env_sensor.hpp\n'}
[5.565556] (rtabmap_msgs) StdoutLine: {'line': b'-- Up-to-date symlink: /home/brace/codeSpace/navi/install/rtabmap_msgs/include/rtabmap_msgs/rtabmap_msgs/msg/global_descriptor.hpp\n'}
[5.565644] (rtabmap_msgs) StdoutLine: {'line': b'-- Up-to-date symlink: /home/brace/codeSpace/navi/install/rtabmap_msgs/include/rtabmap_msgs/rtabmap_msgs/msg/goal.hpp\n'}
[5.565695] (rtabmap_msgs) StdoutLine: {'line': b'-- Up-to-date symlink: /home/brace/codeSpace/navi/install/rtabmap_msgs/include/rtabmap_msgs/rtabmap_msgs/msg/gps.hpp\n'}
[5.565750] (rtabmap_msgs) StdoutLine: {'line': b'-- Up-to-date symlink: /home/brace/codeSpace/navi/install/rtabmap_msgs/include/rtabmap_msgs/rtabmap_msgs/msg/info.hpp\n'}
[5.565877] (rtabmap_msgs) StdoutLine: {'line': b'-- Up-to-date symlink: /home/brace/codeSpace/navi/install/rtabmap_msgs/include/rtabmap_msgs/rtabmap_msgs/msg/key_point.hpp\n'}
[5.565949] (rtabmap_msgs) StdoutLine: {'line': b'-- Up-to-date symlink: /home/brace/codeSpace/navi/install/rtabmap_msgs/include/rtabmap_msgs/rtabmap_msgs/msg/landmark_detection.hpp\n'}
[5.566009] (rtabmap_msgs) StdoutLine: {'line': b'-- Up-to-date symlink: /home/brace/codeSpace/navi/install/rtabmap_msgs/include/rtabmap_msgs/rtabmap_msgs/msg/landmark_detections.hpp\n'}
[5.566071] (rtabmap_msgs) StdoutLine: {'line': b'-- Up-to-date symlink: /home/brace/codeSpace/navi/install/rtabmap_msgs/include/rtabmap_msgs/rtabmap_msgs/msg/link.hpp\n'}
[5.566137] (rtabmap_msgs) StdoutLine: {'line': b'-- Up-to-date symlink: /home/brace/codeSpace/navi/install/rtabmap_msgs/include/rtabmap_msgs/rtabmap_msgs/msg/map_data.hpp\n'}
[5.566201] (rtabmap_msgs) StdoutLine: {'line': b'-- Up-to-date symlink: /home/brace/codeSpace/navi/install/rtabmap_msgs/include/rtabmap_msgs/rtabmap_msgs/msg/map_graph.hpp\n'}
[5.566304] (rtabmap_msgs) StdoutLine: {'line': b'-- Up-to-date symlink: /home/brace/codeSpace/navi/install/rtabmap_msgs/include/rtabmap_msgs/rtabmap_msgs/msg/node.hpp\n'}
[5.566381] (rtabmap_msgs) StdoutLine: {'line': b'-- Up-to-date symlink: /home/brace/codeSpace/navi/install/rtabmap_msgs/include/rtabmap_msgs/rtabmap_msgs/msg/odom_info.hpp\n'}
[5.566455] (rtabmap_msgs) StdoutLine: {'line': b'-- Up-to-date symlink: /home/brace/codeSpace/navi/install/rtabmap_msgs/include/rtabmap_msgs/rtabmap_msgs/msg/path.hpp\n'}
[5.566528] (rtabmap_msgs) StdoutLine: {'line': b'-- Up-to-date symlink: /home/brace/codeSpace/navi/install/rtabmap_msgs/include/rtabmap_msgs/rtabmap_msgs/msg/point2f.hpp\n'}
[5.566600] (rtabmap_msgs) StdoutLine: {'line': b'-- Up-to-date symlink: /home/brace/codeSpace/navi/install/rtabmap_msgs/include/rtabmap_msgs/rtabmap_msgs/msg/point3f.hpp\n'}
[5.566654] (rtabmap_msgs) StdoutLine: {'line': b'-- Up-to-date symlink: /home/brace/codeSpace/navi/install/rtabmap_msgs/include/rtabmap_msgs/rtabmap_msgs/msg/rgbd_image.hpp\n'}
[5.566700] (rtabmap_msgs) StdoutLine: {'line': b'-- Up-to-date symlink: /home/brace/codeSpace/navi/install/rtabmap_msgs/include/rtabmap_msgs/rtabmap_msgs/msg/rgbd_images.hpp\n'}
[5.566746] (rtabmap_msgs) StdoutLine: {'line': b'-- Up-to-date symlink: /home/brace/codeSpace/navi/install/rtabmap_msgs/include/rtabmap_msgs/rtabmap_msgs/msg/rosidl_generator_cpp__visibility_control.hpp\n'}
[5.566794] (rtabmap_msgs) StdoutLine: {'line': b'-- Up-to-date symlink: /home/brace/codeSpace/navi/install/rtabmap_msgs/include/rtabmap_msgs/rtabmap_msgs/msg/scan_descriptor.hpp\n'}
[5.566841] (rtabmap_msgs) StdoutLine: {'line': b'-- Up-to-date symlink: /home/brace/codeSpace/navi/install/rtabmap_msgs/include/rtabmap_msgs/rtabmap_msgs/msg/sensor_data.hpp\n'}
[5.566887] (rtabmap_msgs) StdoutLine: {'line': b'-- Up-to-date symlink: /home/brace/codeSpace/navi/install/rtabmap_msgs/include/rtabmap_msgs/rtabmap_msgs/msg/user_data.hpp\n'}
[5.566931] (rtabmap_msgs) StdoutLine: {'line': b'-- Up-to-date symlink: /home/brace/codeSpace/navi/install/rtabmap_msgs/include/rtabmap_msgs/rtabmap_msgs/srv/add_link.hpp\n'}
[5.566976] (rtabmap_msgs) StdoutLine: {'line': b'-- Up-to-date symlink: /home/brace/codeSpace/navi/install/rtabmap_msgs/include/rtabmap_msgs/rtabmap_msgs/srv/cleanup_local_grids.hpp\n'}
[5.567022] (rtabmap_msgs) StdoutLine: {'line': b'-- Up-to-date symlink: /home/brace/codeSpace/navi/install/rtabmap_msgs/include/rtabmap_msgs/rtabmap_msgs/srv/detail/add_link__builder.hpp\n'}
[5.567068] (rtabmap_msgs) StdoutLine: {'line': b'-- Up-to-date symlink: /home/brace/codeSpace/navi/install/rtabmap_msgs/include/rtabmap_msgs/rtabmap_msgs/srv/detail/add_link__struct.hpp\n'}
[5.567114] (rtabmap_msgs) StdoutLine: {'line': b'-- Up-to-date symlink: /home/brace/codeSpace/navi/install/rtabmap_msgs/include/rtabmap_msgs/rtabmap_msgs/srv/detail/add_link__traits.hpp\n'}
[5.567159] (rtabmap_msgs) StdoutLine: {'line': b'-- Up-to-date symlink: /home/brace/codeSpace/navi/install/rtabmap_msgs/include/rtabmap_msgs/rtabmap_msgs/srv/detail/add_link__type_support.hpp\n'}
[5.567211] (rtabmap_msgs) StdoutLine: {'line': b'-- Up-to-date symlink: /home/brace/codeSpace/navi/install/rtabmap_msgs/include/rtabmap_msgs/rtabmap_msgs/srv/detail/cleanup_local_grids__builder.hpp\n'}
[5.568530] (rtabmap_msgs) StdoutLine: {'line': b'-- Up-to-date symlink: /home/brace/codeSpace/navi/install/rtabmap_msgs/include/rtabmap_msgs/rtabmap_msgs/srv/detail/cleanup_local_grids__struct.hpp\n'}
[5.568796] (rtabmap_msgs) StdoutLine: {'line': b'-- Up-to-date symlink: /home/brace/codeSpace/navi/install/rtabmap_msgs/include/rtabmap_msgs/rtabmap_msgs/srv/detail/cleanup_local_grids__traits.hpp\n'}
[5.568904] (rtabmap_msgs) StdoutLine: {'line': b'-- Up-to-date symlink: /home/brace/codeSpace/navi/install/rtabmap_msgs/include/rtabmap_msgs/rtabmap_msgs/srv/detail/cleanup_local_grids__type_support.hpp\n'}
[5.568958] (rtabmap_msgs) StdoutLine: {'line': b'-- Up-to-date symlink: /home/brace/codeSpace/navi/install/rtabmap_msgs/include/rtabmap_msgs/rtabmap_msgs/srv/detail/detect_more_loop_closures__builder.hpp\n'}
[5.569011] (rtabmap_msgs) StdoutLine: {'line': b'-- Up-to-date symlink: /home/brace/codeSpace/navi/install/rtabmap_msgs/include/rtabmap_msgs/rtabmap_msgs/srv/detail/detect_more_loop_closures__struct.hpp\n'}
[5.569062] (rtabmap_msgs) StdoutLine: {'line': b'-- Up-to-date symlink: /home/brace/codeSpace/navi/install/rtabmap_msgs/include/rtabmap_msgs/rtabmap_msgs/srv/detail/detect_more_loop_closures__traits.hpp\n'}
[5.569112] (rtabmap_msgs) StdoutLine: {'line': b'-- Up-to-date symlink: /home/brace/codeSpace/navi/install/rtabmap_msgs/include/rtabmap_msgs/rtabmap_msgs/srv/detail/detect_more_loop_closures__type_support.hpp\n'}
[5.569164] (rtabmap_msgs) StdoutLine: {'line': b'-- Up-to-date symlink: /home/brace/codeSpace/navi/install/rtabmap_msgs/include/rtabmap_msgs/rtabmap_msgs/srv/detail/get_map2__builder.hpp\n'}
[5.569214] (rtabmap_msgs) StdoutLine: {'line': b'-- Up-to-date symlink: /home/brace/codeSpace/navi/install/rtabmap_msgs/include/rtabmap_msgs/rtabmap_msgs/srv/detail/get_map2__struct.hpp\n'}
[5.569341] (rtabmap_msgs) StdoutLine: {'line': b'-- Up-to-date symlink: /home/brace/codeSpace/navi/install/rtabmap_msgs/include/rtabmap_msgs/rtabmap_msgs/srv/detail/get_map2__traits.hpp\n'}
[5.569413] (rtabmap_msgs) StdoutLine: {'line': b'-- Up-to-date symlink: /home/brace/codeSpace/navi/install/rtabmap_msgs/include/rtabmap_msgs/rtabmap_msgs/srv/detail/get_map2__type_support.hpp\n'}
[5.569470] (rtabmap_msgs) StdoutLine: {'line': b'-- Up-to-date symlink: /home/brace/codeSpace/navi/install/rtabmap_msgs/include/rtabmap_msgs/rtabmap_msgs/srv/detail/get_map__builder.hpp\n'}
[5.569617] (rtabmap_msgs) StdoutLine: {'line': b'-- Up-to-date symlink: /home/brace/codeSpace/navi/install/rtabmap_msgs/include/rtabmap_msgs/rtabmap_msgs/srv/detail/get_map__struct.hpp\n'}
[5.569663] (rtabmap_msgs) StdoutLine: {'line': b'-- Up-to-date symlink: /home/brace/codeSpace/navi/install/rtabmap_msgs/include/rtabmap_msgs/rtabmap_msgs/srv/detail/get_map__traits.hpp\n'}
[5.569772] (rtabmap_msgs) StdoutLine: {'line': b'-- Up-to-date symlink: /home/brace/codeSpace/navi/install/rtabmap_msgs/include/rtabmap_msgs/rtabmap_msgs/srv/detail/get_map__type_support.hpp\n'}
[5.569869] (rtabmap_msgs) StdoutLine: {'line': b'-- Up-to-date symlink: /home/brace/codeSpace/navi/install/rtabmap_msgs/include/rtabmap_msgs/rtabmap_msgs/srv/detail/get_node_data__builder.hpp\n'}
[5.569919] (rtabmap_msgs) StdoutLine: {'line': b'-- Up-to-date symlink: /home/brace/codeSpace/navi/install/rtabmap_msgs/include/rtabmap_msgs/rtabmap_msgs/srv/detail/get_node_data__struct.hpp\n'}
[5.570015] (rtabmap_msgs) StdoutLine: {'line': b'-- Up-to-date symlink: /home/brace/codeSpace/navi/install/rtabmap_msgs/include/rtabmap_msgs/rtabmap_msgs/srv/detail/get_node_data__traits.hpp\n'}
[5.570065] (rtabmap_msgs) StdoutLine: {'line': b'-- Up-to-date symlink: /home/brace/codeSpace/navi/install/rtabmap_msgs/include/rtabmap_msgs/rtabmap_msgs/srv/detail/get_node_data__type_support.hpp\n'}
[5.570166] (rtabmap_msgs) StdoutLine: {'line': b'-- Up-to-date symlink: /home/brace/codeSpace/navi/install/rtabmap_msgs/include/rtabmap_msgs/rtabmap_msgs/srv/detail/get_nodes_in_radius__builder.hpp\n'}
[5.570283] (rtabmap_msgs) StdoutLine: {'line': b'-- Up-to-date symlink: /home/brace/codeSpace/navi/install/rtabmap_msgs/include/rtabmap_msgs/rtabmap_msgs/srv/detail/get_nodes_in_radius__struct.hpp\n'}
[5.570340] (rtabmap_msgs) StdoutLine: {'line': b'-- Up-to-date symlink: /home/brace/codeSpace/navi/install/rtabmap_msgs/include/rtabmap_msgs/rtabmap_msgs/srv/detail/get_nodes_in_radius__traits.hpp\n'}
[5.570401] (rtabmap_msgs) StdoutLine: {'line': b'-- Up-to-date symlink: /home/brace/codeSpace/navi/install/rtabmap_msgs/include/rtabmap_msgs/rtabmap_msgs/srv/detail/get_nodes_in_radius__type_support.hpp\n'}
[5.570459] (rtabmap_msgs) StdoutLine: {'line': b'-- Up-to-date symlink: /home/brace/codeSpace/navi/install/rtabmap_msgs/include/rtabmap_msgs/rtabmap_msgs/srv/detail/get_plan__builder.hpp\n'}
[5.570516] (rtabmap_msgs) StdoutLine: {'line': b'-- Up-to-date symlink: /home/brace/codeSpace/navi/install/rtabmap_msgs/include/rtabmap_msgs/rtabmap_msgs/srv/detail/get_plan__struct.hpp\n'}
[5.570569] (rtabmap_msgs) StdoutLine: {'line': b'-- Up-to-date symlink: /home/brace/codeSpace/navi/install/rtabmap_msgs/include/rtabmap_msgs/rtabmap_msgs/srv/detail/get_plan__traits.hpp\n'}
[5.570623] (rtabmap_msgs) StdoutLine: {'line': b'-- Up-to-date symlink: /home/brace/codeSpace/navi/install/rtabmap_msgs/include/rtabmap_msgs/rtabmap_msgs/srv/detail/get_plan__type_support.hpp\n'}
[5.570780] (rtabmap_msgs) StdoutLine: {'line': b'-- Up-to-date symlink: /home/brace/codeSpace/navi/install/rtabmap_msgs/include/rtabmap_msgs/rtabmap_msgs/srv/detail/global_bundle_adjustment__builder.hpp\n'}
[5.570835] (rtabmap_msgs) StdoutLine: {'line': b'-- Up-to-date symlink: /home/brace/codeSpace/navi/install/rtabmap_msgs/include/rtabmap_msgs/rtabmap_msgs/srv/detail/global_bundle_adjustment__struct.hpp\n'}
[5.570948] (rtabmap_msgs) StdoutLine: {'line': b'-- Up-to-date symlink: /home/brace/codeSpace/navi/install/rtabmap_msgs/include/rtabmap_msgs/rtabmap_msgs/srv/detail/global_bundle_adjustment__traits.hpp\n'}
[5.571003] (rtabmap_msgs) StdoutLine: {'line': b'-- Up-to-date symlink: /home/brace/codeSpace/navi/install/rtabmap_msgs/include/rtabmap_msgs/rtabmap_msgs/srv/detail/global_bundle_adjustment__type_support.hpp\n'}
[5.571107] (rtabmap_msgs) StdoutLine: {'line': b'-- Up-to-date symlink: /home/brace/codeSpace/navi/install/rtabmap_msgs/include/rtabmap_msgs/rtabmap_msgs/srv/detail/list_labels__builder.hpp\n'}
[5.571160] (rtabmap_msgs) StdoutLine: {'line': b'-- Up-to-date symlink: /home/brace/codeSpace/navi/install/rtabmap_msgs/include/rtabmap_msgs/rtabmap_msgs/srv/detail/list_labels__struct.hpp\n'}
[5.571208] (rtabmap_msgs) StdoutLine: {'line': b'-- Up-to-date symlink: /home/brace/codeSpace/navi/install/rtabmap_msgs/include/rtabmap_msgs/rtabmap_msgs/srv/detail/list_labels__traits.hpp\n'}
[5.571715] (rtabmap_msgs) StdoutLine: {'line': b'-- Up-to-date symlink: /home/brace/codeSpace/navi/install/rtabmap_msgs/include/rtabmap_msgs/rtabmap_msgs/srv/detail/list_labels__type_support.hpp\n'}
[5.571904] (rtabmap_msgs) StdoutLine: {'line': b'-- Up-to-date symlink: /home/brace/codeSpace/navi/install/rtabmap_msgs/include/rtabmap_msgs/rtabmap_msgs/srv/detail/load_database__builder.hpp\n'}
[5.571996] (rtabmap_msgs) StdoutLine: {'line': b'-- Up-to-date symlink: /home/brace/codeSpace/navi/install/rtabmap_msgs/include/rtabmap_msgs/rtabmap_msgs/srv/detail/load_database__struct.hpp\n'}
[5.572082] (rtabmap_msgs) StdoutLine: {'line': b'-- Up-to-date symlink: /home/brace/codeSpace/navi/install/rtabmap_msgs/include/rtabmap_msgs/rtabmap_msgs/srv/detail/load_database__traits.hpp\n'}
[5.572128] (rtabmap_msgs) StdoutLine: {'line': b'-- Up-to-date symlink: /home/brace/codeSpace/navi/install/rtabmap_msgs/include/rtabmap_msgs/rtabmap_msgs/srv/detail/load_database__type_support.hpp\n'}
[5.572590] (rtabmap_msgs) StdoutLine: {'line': b'-- Up-to-date symlink: /home/brace/codeSpace/navi/install/rtabmap_msgs/include/rtabmap_msgs/rtabmap_msgs/srv/detail/publish_map__builder.hpp\n'}
[5.572752] (rtabmap_msgs) StdoutLine: {'line': b'-- Up-to-date symlink: /home/brace/codeSpace/navi/install/rtabmap_msgs/include/rtabmap_msgs/rtabmap_msgs/srv/detail/publish_map__struct.hpp\n'}
[5.572799] (rtabmap_msgs) StdoutLine: {'line': b'-- Up-to-date symlink: /home/brace/codeSpace/navi/install/rtabmap_msgs/include/rtabmap_msgs/rtabmap_msgs/srv/detail/publish_map__traits.hpp\n'}
[5.572845] (rtabmap_msgs) StdoutLine: {'line': b'-- Up-to-date symlink: /home/brace/codeSpace/navi/install/rtabmap_msgs/include/rtabmap_msgs/rtabmap_msgs/srv/detail/publish_map__type_support.hpp\n'}
[5.572891] (rtabmap_msgs) StdoutLine: {'line': b'-- Up-to-date symlink: /home/brace/codeSpace/navi/install/rtabmap_msgs/include/rtabmap_msgs/rtabmap_msgs/srv/detail/remove_label__builder.hpp\n'}
[5.572935] (rtabmap_msgs) StdoutLine: {'line': b'-- Up-to-date symlink: /home/brace/codeSpace/navi/install/rtabmap_msgs/include/rtabmap_msgs/rtabmap_msgs/srv/detail/remove_label__struct.hpp\n'}
[5.573025] (rtabmap_msgs) StdoutLine: {'line': b'-- Up-to-date symlink: /home/brace/codeSpace/navi/install/rtabmap_msgs/include/rtabmap_msgs/rtabmap_msgs/srv/detail/remove_label__traits.hpp\n'}
[5.573073] (rtabmap_msgs) StdoutLine: {'line': b'-- Up-to-date symlink: /home/brace/codeSpace/navi/install/rtabmap_msgs/include/rtabmap_msgs/rtabmap_msgs/srv/detail/remove_label__type_support.hpp\n'}
[5.573152] (rtabmap_msgs) StdoutLine: {'line': b'-- Up-to-date symlink: /home/brace/codeSpace/navi/install/rtabmap_msgs/include/rtabmap_msgs/rtabmap_msgs/srv/detail/reset_pose__builder.hpp\n'}
[5.573265] (rtabmap_msgs) StdoutLine: {'line': b'-- Up-to-date symlink: /home/brace/codeSpace/navi/install/rtabmap_msgs/include/rtabmap_msgs/rtabmap_msgs/srv/detail/reset_pose__struct.hpp\n'}
[5.575503] (rtabmap_msgs) StdoutLine: {'line': b'-- Up-to-date symlink: /home/brace/codeSpace/navi/install/rtabmap_msgs/include/rtabmap_msgs/rtabmap_msgs/srv/detail/reset_pose__traits.hpp\n'}
[5.575867] (rtabmap_msgs) StdoutLine: {'line': b'-- Up-to-date symlink: /home/brace/codeSpace/navi/install/rtabmap_msgs/include/rtabmap_msgs/rtabmap_msgs/srv/detail/reset_pose__type_support.hpp\n'}
[5.576050] (rtabmap_msgs) StdoutLine: {'line': b'-- Up-to-date symlink: /home/brace/codeSpace/navi/install/rtabmap_msgs/include/rtabmap_msgs/rtabmap_msgs/srv/detail/set_goal__builder.hpp\n'}
[5.576121] (rtabmap_msgs) StdoutLine: {'line': b'-- Up-to-date symlink: /home/brace/codeSpace/navi/install/rtabmap_msgs/include/rtabmap_msgs/rtabmap_msgs/srv/detail/set_goal__struct.hpp\n'}
[5.576171] (rtabmap_msgs) StdoutLine: {'line': b'-- Up-to-date symlink: /home/brace/codeSpace/navi/install/rtabmap_msgs/include/rtabmap_msgs/rtabmap_msgs/srv/detail/set_goal__traits.hpp\n'}
[5.576221] (rtabmap_msgs) StdoutLine: {'line': b'-- Up-to-date symlink: /home/brace/codeSpace/navi/install/rtabmap_msgs/include/rtabmap_msgs/rtabmap_msgs/srv/detail/set_goal__type_support.hpp\n'}
[5.576270] (rtabmap_msgs) StdoutLine: {'line': b'-- Up-to-date symlink: /home/brace/codeSpace/navi/install/rtabmap_msgs/include/rtabmap_msgs/rtabmap_msgs/srv/detail/set_label__builder.hpp\n'}
[5.576306] (rtabmap_msgs) StdoutLine: {'line': b'-- Up-to-date symlink: /home/brace/codeSpace/navi/install/rtabmap_msgs/include/rtabmap_msgs/rtabmap_msgs/srv/detail/set_label__struct.hpp\n'}
[5.576340] (rtabmap_msgs) StdoutLine: {'line': b'-- Up-to-date symlink: /home/brace/codeSpace/navi/install/rtabmap_msgs/include/rtabmap_msgs/rtabmap_msgs/srv/detail/set_label__traits.hpp\n'}
[5.576373] (rtabmap_msgs) StdoutLine: {'line': b'-- Up-to-date symlink: /home/brace/codeSpace/navi/install/rtabmap_msgs/include/rtabmap_msgs/rtabmap_msgs/srv/detail/set_label__type_support.hpp\n'}
[5.576400] (rtabmap_msgs) StdoutLine: {'line': b'-- Up-to-date symlink: /home/brace/codeSpace/navi/install/rtabmap_msgs/include/rtabmap_msgs/rtabmap_msgs/srv/detect_more_loop_closures.hpp\n'}
[5.576426] (rtabmap_msgs) StdoutLine: {'line': b'-- Up-to-date symlink: /home/brace/codeSpace/navi/install/rtabmap_msgs/include/rtabmap_msgs/rtabmap_msgs/srv/get_map.hpp\n'}
[5.576455] (rtabmap_msgs) StdoutLine: {'line': b'-- Up-to-date symlink: /home/brace/codeSpace/navi/install/rtabmap_msgs/include/rtabmap_msgs/rtabmap_msgs/srv/get_map2.hpp\n'}
[5.576483] (rtabmap_msgs) StdoutLine: {'line': b'-- Up-to-date symlink: /home/brace/codeSpace/navi/install/rtabmap_msgs/include/rtabmap_msgs/rtabmap_msgs/srv/get_node_data.hpp\n'}
[5.576508] (rtabmap_msgs) StdoutLine: {'line': b'-- Up-to-date symlink: /home/brace/codeSpace/navi/install/rtabmap_msgs/include/rtabmap_msgs/rtabmap_msgs/srv/get_nodes_in_radius.hpp\n'}
[5.576532] (rtabmap_msgs) StdoutLine: {'line': b'-- Up-to-date symlink: /home/brace/codeSpace/navi/install/rtabmap_msgs/include/rtabmap_msgs/rtabmap_msgs/srv/get_plan.hpp\n'}
[5.576557] (rtabmap_msgs) StdoutLine: {'line': b'-- Up-to-date symlink: /home/brace/codeSpace/navi/install/rtabmap_msgs/include/rtabmap_msgs/rtabmap_msgs/srv/global_bundle_adjustment.hpp\n'}
[5.576581] (rtabmap_msgs) StdoutLine: {'line': b'-- Up-to-date symlink: /home/brace/codeSpace/navi/install/rtabmap_msgs/include/rtabmap_msgs/rtabmap_msgs/srv/list_labels.hpp\n'}
[5.576607] (rtabmap_msgs) StdoutLine: {'line': b'-- Up-to-date symlink: /home/brace/codeSpace/navi/install/rtabmap_msgs/include/rtabmap_msgs/rtabmap_msgs/srv/load_database.hpp\n'}
[5.576632] (rtabmap) StderrLine: {'line': b'collect2: error: ld returned 1 exit status\n'}
[5.576674] (rtabmap_msgs) StdoutLine: {'line': b'-- Up-to-date symlink: /home/brace/codeSpace/navi/install/rtabmap_msgs/include/rtabmap_msgs/rtabmap_msgs/srv/publish_map.hpp\n'}
[5.576699] (rtabmap_msgs) StdoutLine: {'line': b'-- Up-to-date symlink: /home/brace/codeSpace/navi/install/rtabmap_msgs/include/rtabmap_msgs/rtabmap_msgs/srv/remove_label.hpp\n'}
[5.576724] (rtabmap_msgs) StdoutLine: {'line': b'-- Up-to-date symlink: /home/brace/codeSpace/navi/install/rtabmap_msgs/include/rtabmap_msgs/rtabmap_msgs/srv/reset_pose.hpp\n'}
[5.576753] (rtabmap_msgs) StdoutLine: {'line': b'-- Up-to-date symlink: /home/brace/codeSpace/navi/install/rtabmap_msgs/include/rtabmap_msgs/rtabmap_msgs/srv/set_goal.hpp\n'}
[5.576942] (rtabmap_msgs) StdoutLine: {'line': b'-- Up-to-date symlink: /home/brace/codeSpace/navi/install/rtabmap_msgs/include/rtabmap_msgs/rtabmap_msgs/srv/set_label.hpp\n'}
[5.578015] (rtabmap_msgs) StdoutLine: {'line': b'-- Up-to-date symlink: /home/brace/codeSpace/navi/install/rtabmap_msgs/include/rtabmap_msgs/rtabmap_msgs/msg/detail/camera_model__rosidl_typesupport_fastrtps_cpp.hpp\n'}
[5.578130] (rtabmap_msgs) StdoutLine: {'line': b'-- Up-to-date symlink: /home/brace/codeSpace/navi/install/rtabmap_msgs/include/rtabmap_msgs/rtabmap_msgs/msg/detail/camera_models__rosidl_typesupport_fastrtps_cpp.hpp\n'}
[5.578250] (rtabmap_msgs) StdoutLine: {'line': b'-- Up-to-date symlink: /home/brace/codeSpace/navi/install/rtabmap_msgs/include/rtabmap_msgs/rtabmap_msgs/msg/detail/env_sensor__rosidl_typesupport_fastrtps_cpp.hpp\n'}
[5.578356] (rtabmap_msgs) StdoutLine: {'line': b'-- Up-to-date symlink: /home/brace/codeSpace/navi/install/rtabmap_msgs/include/rtabmap_msgs/rtabmap_msgs/msg/detail/global_descriptor__rosidl_typesupport_fastrtps_cpp.hpp\n'}
[5.578464] (rtabmap_msgs) StdoutLine: {'line': b'-- Up-to-date symlink: /home/brace/codeSpace/navi/install/rtabmap_msgs/include/rtabmap_msgs/rtabmap_msgs/msg/detail/goal__rosidl_typesupport_fastrtps_cpp.hpp\n'}
[5.578591] (rtabmap) StderrLine: {'line': b'gmake[2]: *** [app/src/CMakeFiles/rtabmap_app.dir/build.make:189\xef\xbc\x9abin/rtabmap] \xe9\x94\x99\xe8\xaf\xaf 1\n'}
[5.578716] (rtabmap_msgs) StdoutLine: {'line': b'-- Up-to-date symlink: /home/brace/codeSpace/navi/install/rtabmap_msgs/include/rtabmap_msgs/rtabmap_msgs/msg/detail/gps__rosidl_typesupport_fastrtps_cpp.hpp\n'}
[5.578766] (rtabmap_msgs) StdoutLine: {'line': b'-- Up-to-date symlink: /home/brace/codeSpace/navi/install/rtabmap_msgs/include/rtabmap_msgs/rtabmap_msgs/msg/detail/info__rosidl_typesupport_fastrtps_cpp.hpp\n'}
[5.578813] (rtabmap) StderrLine: {'line': b'gmake[1]: *** [CMakeFiles/Makefile2:950\xef\xbc\x9aapp/src/CMakeFiles/rtabmap_app.dir/all] \xe9\x94\x99\xe8\xaf\xaf 2\n'}
[5.578910] (rtabmap_msgs) StdoutLine: {'line': b'-- Up-to-date symlink: /home/brace/codeSpace/navi/install/rtabmap_msgs/include/rtabmap_msgs/rtabmap_msgs/msg/detail/key_point__rosidl_typesupport_fastrtps_cpp.hpp\n'}
[5.578965] (rtabmap_msgs) StdoutLine: {'line': b'-- Up-to-date symlink: /home/brace/codeSpace/navi/install/rtabmap_msgs/include/rtabmap_msgs/rtabmap_msgs/msg/detail/landmark_detection__rosidl_typesupport_fastrtps_cpp.hpp\n'}
[5.579040] (rtabmap_msgs) StdoutLine: {'line': b'-- Up-to-date symlink: /home/brace/codeSpace/navi/install/rtabmap_msgs/include/rtabmap_msgs/rtabmap_msgs/msg/detail/landmark_detections__rosidl_typesupport_fastrtps_cpp.hpp\n'}
[5.579129] (rtabmap_msgs) StdoutLine: {'line': b'-- Up-to-date symlink: /home/brace/codeSpace/navi/install/rtabmap_msgs/include/rtabmap_msgs/rtabmap_msgs/msg/detail/link__rosidl_typesupport_fastrtps_cpp.hpp\n'}
[5.579241] (rtabmap_msgs) StdoutLine: {'line': b'-- Up-to-date symlink: /home/brace/codeSpace/navi/install/rtabmap_msgs/include/rtabmap_msgs/rtabmap_msgs/msg/detail/map_data__rosidl_typesupport_fastrtps_cpp.hpp\n'}
[5.579364] (rtabmap) StderrLine: {'line': b"/usr/bin/ld: CMakeFiles/rgbd_camera.dir/main.cpp.o: in function `main.cold':\n"}
[5.579444] (rtabmap_msgs) StdoutLine: {'line': b'-- Up-to-date symlink: /home/brace/codeSpace/navi/install/rtabmap_msgs/include/rtabmap_msgs/rtabmap_msgs/msg/detail/map_graph__rosidl_typesupport_fastrtps_cpp.hpp\n'}
[5.579662] (rtabmap) StderrLine: {'line': b"main.cpp:(.text.unlikely+0x9be): undefined reference to `rtabmap::CameraViewer::~CameraViewer()'\n"}
[5.579720] (rtabmap) StderrLine: {'line': b"/usr/bin/ld: CMakeFiles/rgbd_camera.dir/main.cpp.o: in function `main':\n"}
[5.579768] (rtabmap) StderrLine: {'line': b"main.cpp:(.text.startup+0x40ef): undefined reference to `rtabmap::CameraViewer::CameraViewer(QWidget*, std::map<std::__cxx11::basic_string<char, std::char_traits<char>, std::allocator<char> >, std::__cxx11::basic_string<char, std::char_traits<char>, std::allocator<char> >, std::less<std::__cxx11::basic_string<char, std::char_traits<char>, std::allocator<char> > >, std::allocator<std::pair<std::__cxx11::basic_string<char, std::char_traits<char>, std::allocator<char> > const, std::__cxx11::basic_string<char, std::char_traits<char>, std::allocator<char> > > > > const&)'\n"}
[5.579869] (rtabmap) StderrLine: {'line': b"/usr/bin/ld: main.cpp:(.text.startup+0x41cf): undefined reference to `rtabmap::CameraViewer::~CameraViewer()'\n"}
[5.579957] (rtabmap_msgs) StdoutLine: {'line': b'-- Up-to-date symlink: /home/brace/codeSpace/navi/install/rtabmap_msgs/include/rtabmap_msgs/rtabmap_msgs/msg/detail/node__rosidl_typesupport_fastrtps_cpp.hpp\n'}
[5.580015] (rtabmap_msgs) StdoutLine: {'line': b'-- Up-to-date symlink: /home/brace/codeSpace/navi/install/rtabmap_msgs/include/rtabmap_msgs/rtabmap_msgs/msg/detail/odom_info__rosidl_typesupport_fastrtps_cpp.hpp\n'}
[5.580067] (rtabmap_msgs) StdoutLine: {'line': b'-- Up-to-date symlink: /home/brace/codeSpace/navi/install/rtabmap_msgs/include/rtabmap_msgs/rtabmap_msgs/msg/detail/path__rosidl_typesupport_fastrtps_cpp.hpp\n'}
[5.580162] (rtabmap_msgs) StdoutLine: {'line': b'-- Up-to-date symlink: /home/brace/codeSpace/navi/install/rtabmap_msgs/include/rtabmap_msgs/rtabmap_msgs/msg/detail/point2f__rosidl_typesupport_fastrtps_cpp.hpp\n'}
[5.580261] (rtabmap_msgs) StdoutLine: {'line': b'-- Up-to-date symlink: /home/brace/codeSpace/navi/install/rtabmap_msgs/include/rtabmap_msgs/rtabmap_msgs/msg/detail/point3f__rosidl_typesupport_fastrtps_cpp.hpp\n'}
[5.580367] (rtabmap_msgs) StdoutLine: {'line': b'-- Up-to-date symlink: /home/brace/codeSpace/navi/install/rtabmap_msgs/include/rtabmap_msgs/rtabmap_msgs/msg/detail/rgbd_image__rosidl_typesupport_fastrtps_cpp.hpp\n'}
[5.580504] (rtabmap_msgs) StdoutLine: {'line': b'-- Up-to-date symlink: /home/brace/codeSpace/navi/install/rtabmap_msgs/include/rtabmap_msgs/rtabmap_msgs/msg/detail/rgbd_images__rosidl_typesupport_fastrtps_cpp.hpp\n'}
[5.580591] (rtabmap_msgs) StdoutLine: {'line': b'-- Up-to-date symlink: /home/brace/codeSpace/navi/install/rtabmap_msgs/include/rtabmap_msgs/rtabmap_msgs/msg/detail/scan_descriptor__rosidl_typesupport_fastrtps_cpp.hpp\n'}
[5.580677] (rtabmap_msgs) StdoutLine: {'line': b'-- Up-to-date symlink: /home/brace/codeSpace/navi/install/rtabmap_msgs/include/rtabmap_msgs/rtabmap_msgs/msg/detail/sensor_data__rosidl_typesupport_fastrtps_cpp.hpp\n'}
[5.582895] (rtabmap_msgs) StdoutLine: {'line': b'-- Up-to-date symlink: /home/brace/codeSpace/navi/install/rtabmap_msgs/include/rtabmap_msgs/rtabmap_msgs/msg/detail/user_data__rosidl_typesupport_fastrtps_cpp.hpp\n'}
[5.583439] (rtabmap_msgs) StdoutLine: {'line': b'-- Up-to-date symlink: /home/brace/codeSpace/navi/install/rtabmap_msgs/include/rtabmap_msgs/rtabmap_msgs/msg/rosidl_typesupport_fastrtps_cpp__visibility_control.h\n'}
[5.583496] (rtabmap_msgs) StdoutLine: {'line': b'-- Up-to-date symlink: /home/brace/codeSpace/navi/install/rtabmap_msgs/include/rtabmap_msgs/rtabmap_msgs/srv/detail/add_link__rosidl_typesupport_fastrtps_cpp.hpp\n'}
[5.583633] (rtabmap_msgs) StdoutLine: {'line': b'-- Up-to-date symlink: /home/brace/codeSpace/navi/install/rtabmap_msgs/include/rtabmap_msgs/rtabmap_msgs/srv/detail/cleanup_local_grids__rosidl_typesupport_fastrtps_cpp.hpp\n'}
[5.583691] (rtabmap_msgs) StdoutLine: {'line': b'-- Up-to-date symlink: /home/brace/codeSpace/navi/install/rtabmap_msgs/include/rtabmap_msgs/rtabmap_msgs/srv/detail/detect_more_loop_closures__rosidl_typesupport_fastrtps_cpp.hpp\n'}
[5.583738] (rtabmap_msgs) StdoutLine: {'line': b'-- Up-to-date symlink: /home/brace/codeSpace/navi/install/rtabmap_msgs/include/rtabmap_msgs/rtabmap_msgs/srv/detail/get_map2__rosidl_typesupport_fastrtps_cpp.hpp\n'}
[5.583792] (rtabmap_msgs) StdoutLine: {'line': b'-- Up-to-date symlink: /home/brace/codeSpace/navi/install/rtabmap_msgs/include/rtabmap_msgs/rtabmap_msgs/srv/detail/get_map__rosidl_typesupport_fastrtps_cpp.hpp\n'}
[5.583848] (rtabmap_msgs) StdoutLine: {'line': b'-- Up-to-date symlink: /home/brace/codeSpace/navi/install/rtabmap_msgs/include/rtabmap_msgs/rtabmap_msgs/srv/detail/get_node_data__rosidl_typesupport_fastrtps_cpp.hpp\n'}
[5.583901] (rtabmap_msgs) StdoutLine: {'line': b'-- Up-to-date symlink: /home/brace/codeSpace/navi/install/rtabmap_msgs/include/rtabmap_msgs/rtabmap_msgs/srv/detail/get_nodes_in_radius__rosidl_typesupport_fastrtps_cpp.hpp\n'}
[5.583958] (rtabmap_msgs) StdoutLine: {'line': b'-- Up-to-date symlink: /home/brace/codeSpace/navi/install/rtabmap_msgs/include/rtabmap_msgs/rtabmap_msgs/srv/detail/get_plan__rosidl_typesupport_fastrtps_cpp.hpp\n'}
[5.584103] (rtabmap_msgs) StdoutLine: {'line': b'-- Up-to-date symlink: /home/brace/codeSpace/navi/install/rtabmap_msgs/include/rtabmap_msgs/rtabmap_msgs/srv/detail/global_bundle_adjustment__rosidl_typesupport_fastrtps_cpp.hpp\n'}
[5.584158] (rtabmap_msgs) StdoutLine: {'line': b'-- Up-to-date symlink: /home/brace/codeSpace/navi/install/rtabmap_msgs/include/rtabmap_msgs/rtabmap_msgs/srv/detail/list_labels__rosidl_typesupport_fastrtps_cpp.hpp\n'}
[5.584205] (rtabmap_msgs) StdoutLine: {'line': b'-- Up-to-date symlink: /home/brace/codeSpace/navi/install/rtabmap_msgs/include/rtabmap_msgs/rtabmap_msgs/srv/detail/load_database__rosidl_typesupport_fastrtps_cpp.hpp\n'}
[5.584252] (rtabmap_msgs) StdoutLine: {'line': b'-- Up-to-date symlink: /home/brace/codeSpace/navi/install/rtabmap_msgs/include/rtabmap_msgs/rtabmap_msgs/srv/detail/publish_map__rosidl_typesupport_fastrtps_cpp.hpp\n'}
[5.584310] (rtabmap_msgs) StdoutLine: {'line': b'-- Up-to-date symlink: /home/brace/codeSpace/navi/install/rtabmap_msgs/include/rtabmap_msgs/rtabmap_msgs/srv/detail/remove_label__rosidl_typesupport_fastrtps_cpp.hpp\n'}
[5.584355] (rtabmap_msgs) StdoutLine: {'line': b'-- Up-to-date symlink: /home/brace/codeSpace/navi/install/rtabmap_msgs/include/rtabmap_msgs/rtabmap_msgs/srv/detail/reset_pose__rosidl_typesupport_fastrtps_cpp.hpp\n'}
[5.584405] (rtabmap_msgs) StdoutLine: {'line': b'-- Up-to-date symlink: /home/brace/codeSpace/navi/install/rtabmap_msgs/include/rtabmap_msgs/rtabmap_msgs/srv/detail/set_goal__rosidl_typesupport_fastrtps_cpp.hpp\n'}
[5.584451] (rtabmap_msgs) StdoutLine: {'line': b'-- Up-to-date symlink: /home/brace/codeSpace/navi/install/rtabmap_msgs/include/rtabmap_msgs/rtabmap_msgs/srv/detail/set_label__rosidl_typesupport_fastrtps_cpp.hpp\n'}
[5.585247] (rtabmap_msgs) StdoutLine: {'line': b'-- Up-to-date symlink: /home/brace/codeSpace/navi/install/rtabmap_msgs/include/rtabmap_msgs/rtabmap_msgs/msg/detail/camera_model__rosidl_typesupport_introspection_cpp.hpp\n'}
[5.585532] (rtabmap_msgs) StdoutLine: {'line': b'-- Up-to-date symlink: /home/brace/codeSpace/navi/install/rtabmap_msgs/include/rtabmap_msgs/rtabmap_msgs/msg/detail/camera_models__rosidl_typesupport_introspection_cpp.hpp\n'}
[5.585671] (rtabmap_msgs) StdoutLine: {'line': b'-- Up-to-date symlink: /home/brace/codeSpace/navi/install/rtabmap_msgs/include/rtabmap_msgs/rtabmap_msgs/msg/detail/env_sensor__rosidl_typesupport_introspection_cpp.hpp\n'}
[5.585877] (rtabmap_msgs) StdoutLine: {'line': b'-- Up-to-date symlink: /home/brace/codeSpace/navi/install/rtabmap_msgs/include/rtabmap_msgs/rtabmap_msgs/msg/detail/global_descriptor__rosidl_typesupport_introspection_cpp.hpp\n'}
[5.586071] (rtabmap_msgs) StdoutLine: {'line': b'-- Up-to-date symlink: /home/brace/codeSpace/navi/install/rtabmap_msgs/include/rtabmap_msgs/rtabmap_msgs/msg/detail/goal__rosidl_typesupport_introspection_cpp.hpp\n'}
[5.586286] (rtabmap_msgs) StdoutLine: {'line': b'-- Up-to-date symlink: /home/brace/codeSpace/navi/install/rtabmap_msgs/include/rtabmap_msgs/rtabmap_msgs/msg/detail/gps__rosidl_typesupport_introspection_cpp.hpp\n'}
[5.586482] (rtabmap_msgs) StdoutLine: {'line': b'-- Up-to-date symlink: /home/brace/codeSpace/navi/install/rtabmap_msgs/include/rtabmap_msgs/rtabmap_msgs/msg/detail/info__rosidl_typesupport_introspection_cpp.hpp\n'}
[5.586717] (rtabmap_msgs) StdoutLine: {'line': b'-- Up-to-date symlink: /home/brace/codeSpace/navi/install/rtabmap_msgs/include/rtabmap_msgs/rtabmap_msgs/msg/detail/key_point__rosidl_typesupport_introspection_cpp.hpp\n'}
[5.586871] (rtabmap_msgs) StdoutLine: {'line': b'-- Up-to-date symlink: /home/brace/codeSpace/navi/install/rtabmap_msgs/include/rtabmap_msgs/rtabmap_msgs/msg/detail/landmark_detection__rosidl_typesupport_introspection_cpp.hpp\n'}
[5.586962] (rtabmap_msgs) StdoutLine: {'line': b'-- Up-to-date symlink: /home/brace/codeSpace/navi/install/rtabmap_msgs/include/rtabmap_msgs/rtabmap_msgs/msg/detail/landmark_detections__rosidl_typesupport_introspection_cpp.hpp\n'}
[5.587195] (rtabmap_msgs) StdoutLine: {'line': b'-- Up-to-date symlink: /home/brace/codeSpace/navi/install/rtabmap_msgs/include/rtabmap_msgs/rtabmap_msgs/msg/detail/link__rosidl_typesupport_introspection_cpp.hpp\n'}
[5.587431] (rtabmap_msgs) StdoutLine: {'line': b'-- Up-to-date symlink: /home/brace/codeSpace/navi/install/rtabmap_msgs/include/rtabmap_msgs/rtabmap_msgs/msg/detail/map_data__rosidl_typesupport_introspection_cpp.hpp\n'}
[5.590566] (rtabmap_msgs) StdoutLine: {'line': b'-- Up-to-date symlink: /home/brace/codeSpace/navi/install/rtabmap_msgs/include/rtabmap_msgs/rtabmap_msgs/msg/detail/map_graph__rosidl_typesupport_introspection_cpp.hpp\n'}
[5.590671] (-) TimerEvent: {}
[5.590691] (rtabmap_msgs) StdoutLine: {'line': b'-- Up-to-date symlink: /home/brace/codeSpace/navi/install/rtabmap_msgs/include/rtabmap_msgs/rtabmap_msgs/msg/detail/node__rosidl_typesupport_introspection_cpp.hpp\n'}
[5.590821] (rtabmap_msgs) StdoutLine: {'line': b'-- Up-to-date symlink: /home/brace/codeSpace/navi/install/rtabmap_msgs/include/rtabmap_msgs/rtabmap_msgs/msg/detail/odom_info__rosidl_typesupport_introspection_cpp.hpp\n'}
[5.590891] (rtabmap_msgs) StdoutLine: {'line': b'-- Up-to-date symlink: /home/brace/codeSpace/navi/install/rtabmap_msgs/include/rtabmap_msgs/rtabmap_msgs/msg/detail/path__rosidl_typesupport_introspection_cpp.hpp\n'}
[5.590946] (rtabmap_msgs) StdoutLine: {'line': b'-- Up-to-date symlink: /home/brace/codeSpace/navi/install/rtabmap_msgs/include/rtabmap_msgs/rtabmap_msgs/msg/detail/point2f__rosidl_typesupport_introspection_cpp.hpp\n'}
[5.590998] (rtabmap_msgs) StdoutLine: {'line': b'-- Up-to-date symlink: /home/brace/codeSpace/navi/install/rtabmap_msgs/include/rtabmap_msgs/rtabmap_msgs/msg/detail/point3f__rosidl_typesupport_introspection_cpp.hpp\n'}
[5.591086] (rtabmap_msgs) StdoutLine: {'line': b'-- Up-to-date symlink: /home/brace/codeSpace/navi/install/rtabmap_msgs/include/rtabmap_msgs/rtabmap_msgs/msg/detail/rgbd_image__rosidl_typesupport_introspection_cpp.hpp\n'}
[5.591135] (rtabmap_msgs) StdoutLine: {'line': b'-- Up-to-date symlink: /home/brace/codeSpace/navi/install/rtabmap_msgs/include/rtabmap_msgs/rtabmap_msgs/msg/detail/rgbd_images__rosidl_typesupport_introspection_cpp.hpp\n'}
[5.591182] (rtabmap_msgs) StdoutLine: {'line': b'-- Up-to-date symlink: /home/brace/codeSpace/navi/install/rtabmap_msgs/include/rtabmap_msgs/rtabmap_msgs/msg/detail/scan_descriptor__rosidl_typesupport_introspection_cpp.hpp\n'}
[5.591229] (rtabmap_msgs) StdoutLine: {'line': b'-- Up-to-date symlink: /home/brace/codeSpace/navi/install/rtabmap_msgs/include/rtabmap_msgs/rtabmap_msgs/msg/detail/sensor_data__rosidl_typesupport_introspection_cpp.hpp\n'}
[5.591283] (rtabmap_msgs) StdoutLine: {'line': b'-- Up-to-date symlink: /home/brace/codeSpace/navi/install/rtabmap_msgs/include/rtabmap_msgs/rtabmap_msgs/msg/detail/user_data__rosidl_typesupport_introspection_cpp.hpp\n'}
[5.591372] (rtabmap_msgs) StdoutLine: {'line': b'-- Up-to-date symlink: /home/brace/codeSpace/navi/install/rtabmap_msgs/include/rtabmap_msgs/rtabmap_msgs/srv/detail/add_link__rosidl_typesupport_introspection_cpp.hpp\n'}
[5.591422] (rtabmap_msgs) StdoutLine: {'line': b'-- Up-to-date symlink: /home/brace/codeSpace/navi/install/rtabmap_msgs/include/rtabmap_msgs/rtabmap_msgs/srv/detail/cleanup_local_grids__rosidl_typesupport_introspection_cpp.hpp\n'}
[5.591506] (rtabmap_msgs) StdoutLine: {'line': b'-- Up-to-date symlink: /home/brace/codeSpace/navi/install/rtabmap_msgs/include/rtabmap_msgs/rtabmap_msgs/srv/detail/detect_more_loop_closures__rosidl_typesupport_introspection_cpp.hpp\n'}
[5.591634] (rtabmap_msgs) StdoutLine: {'line': b'-- Up-to-date symlink: /home/brace/codeSpace/navi/install/rtabmap_msgs/include/rtabmap_msgs/rtabmap_msgs/srv/detail/get_map2__rosidl_typesupport_introspection_cpp.hpp\n'}
[5.591689] (rtabmap_msgs) StdoutLine: {'line': b'-- Up-to-date symlink: /home/brace/codeSpace/navi/install/rtabmap_msgs/include/rtabmap_msgs/rtabmap_msgs/srv/detail/get_map__rosidl_typesupport_introspection_cpp.hpp\n'}
[5.591841] (rtabmap_msgs) StdoutLine: {'line': b'-- Up-to-date symlink: /home/brace/codeSpace/navi/install/rtabmap_msgs/include/rtabmap_msgs/rtabmap_msgs/srv/detail/get_node_data__rosidl_typesupport_introspection_cpp.hpp\n'}
[5.591897] (rtabmap_msgs) StdoutLine: {'line': b'-- Up-to-date symlink: /home/brace/codeSpace/navi/install/rtabmap_msgs/include/rtabmap_msgs/rtabmap_msgs/srv/detail/get_nodes_in_radius__rosidl_typesupport_introspection_cpp.hpp\n'}
[5.591947] (rtabmap_msgs) StdoutLine: {'line': b'-- Up-to-date symlink: /home/brace/codeSpace/navi/install/rtabmap_msgs/include/rtabmap_msgs/rtabmap_msgs/srv/detail/get_plan__rosidl_typesupport_introspection_cpp.hpp\n'}
[5.591995] (rtabmap_msgs) StdoutLine: {'line': b'-- Up-to-date symlink: /home/brace/codeSpace/navi/install/rtabmap_msgs/include/rtabmap_msgs/rtabmap_msgs/srv/detail/global_bundle_adjustment__rosidl_typesupport_introspection_cpp.hpp\n'}
[5.592050] (rtabmap_msgs) StdoutLine: {'line': b'-- Up-to-date symlink: /home/brace/codeSpace/navi/install/rtabmap_msgs/include/rtabmap_msgs/rtabmap_msgs/srv/detail/list_labels__rosidl_typesupport_introspection_cpp.hpp\n'}
[5.592098] (rtabmap_msgs) StdoutLine: {'line': b'-- Up-to-date symlink: /home/brace/codeSpace/navi/install/rtabmap_msgs/include/rtabmap_msgs/rtabmap_msgs/srv/detail/load_database__rosidl_typesupport_introspection_cpp.hpp\n'}
[5.592147] (rtabmap_msgs) StdoutLine: {'line': b'-- Up-to-date symlink: /home/brace/codeSpace/navi/install/rtabmap_msgs/include/rtabmap_msgs/rtabmap_msgs/srv/detail/publish_map__rosidl_typesupport_introspection_cpp.hpp\n'}
[5.592194] (rtabmap_msgs) StdoutLine: {'line': b'-- Up-to-date symlink: /home/brace/codeSpace/navi/install/rtabmap_msgs/include/rtabmap_msgs/rtabmap_msgs/srv/detail/remove_label__rosidl_typesupport_introspection_cpp.hpp\n'}
[5.592327] (rtabmap_msgs) StdoutLine: {'line': b'-- Up-to-date symlink: /home/brace/codeSpace/navi/install/rtabmap_msgs/include/rtabmap_msgs/rtabmap_msgs/srv/detail/reset_pose__rosidl_typesupport_introspection_cpp.hpp\n'}
[5.592377] (rtabmap_msgs) StdoutLine: {'line': b'-- Up-to-date symlink: /home/brace/codeSpace/navi/install/rtabmap_msgs/include/rtabmap_msgs/rtabmap_msgs/srv/detail/set_goal__rosidl_typesupport_introspection_cpp.hpp\n'}
[5.592428] (rtabmap_msgs) StdoutLine: {'line': b'-- Up-to-date symlink: /home/brace/codeSpace/navi/install/rtabmap_msgs/include/rtabmap_msgs/rtabmap_msgs/srv/detail/set_label__rosidl_typesupport_introspection_cpp.hpp\n'}
[5.592525] (rtabmap) StderrLine: {'line': b'collect2: error: ld returned 1 exit status\n'}
[5.592668] (rtabmap_msgs) StdoutLine: {'line': b'-- Up-to-date symlink: /home/brace/codeSpace/navi/install/rtabmap_msgs/share/rtabmap_msgs/environment/pythonpath.sh\n'}
[5.592723] (rtabmap_msgs) StdoutLine: {'line': b'-- Up-to-date symlink: /home/brace/codeSpace/navi/install/rtabmap_msgs/share/rtabmap_msgs/environment/pythonpath.dsv\n'}
[5.592772] (rtabmap_msgs) StdoutLine: {'line': b'-- Up-to-date symlink: /home/brace/codeSpace/navi/install/rtabmap_msgs/local/lib/python3.10/dist-packages/rtabmap_msgs-0.22.1-py3.10.egg-info/PKG-INFO\n'}
[5.592822] (rtabmap_msgs) StdoutLine: {'line': b'-- Up-to-date symlink: /home/brace/codeSpace/navi/install/rtabmap_msgs/local/lib/python3.10/dist-packages/rtabmap_msgs-0.22.1-py3.10.egg-info/SOURCES.txt\n'}
[5.592872] (rtabmap_msgs) StdoutLine: {'line': b'-- Up-to-date symlink: /home/brace/codeSpace/navi/install/rtabmap_msgs/local/lib/python3.10/dist-packages/rtabmap_msgs-0.22.1-py3.10.egg-info/dependency_links.txt\n'}
[5.592921] (rtabmap_msgs) StdoutLine: {'line': b'-- Up-to-date symlink: /home/brace/codeSpace/navi/install/rtabmap_msgs/local/lib/python3.10/dist-packages/rtabmap_msgs-0.22.1-py3.10.egg-info/top_level.txt\n'}
[5.592971] (rtabmap) StderrLine: {'line': b'gmake[2]: *** [tools/EpipolarGeometry/CMakeFiles/epipolar_geometry.dir/build.make:189\xef\xbc\x9abin/rtabmap-epipolar_geometry] \xe9\x94\x99\xe8\xaf\xaf 1\n'}
[5.593033] (rtabmap) StderrLine: {'line': b'gmake[1]: *** [CMakeFiles/Makefile2:1494\xef\xbc\x9atools/EpipolarGeometry/CMakeFiles/epipolar_geometry.dir/all] \xe9\x94\x99\xe8\xaf\xaf 2\n'}
[5.593546] (rtabmap_msgs) StdoutLine: {'line': b'-- Up-to-date symlink: /home/brace/codeSpace/navi/install/rtabmap_msgs/local/lib/python3.10/dist-packages/rtabmap_msgs/__init__.py\n'}
[5.593717] (rtabmap_msgs) StdoutLine: {'line': b'-- Up-to-date symlink: /home/brace/codeSpace/navi/install/rtabmap_msgs/local/lib/python3.10/dist-packages/rtabmap_msgs/_rtabmap_msgs_s.ep.rosidl_typesupport_c.c\n'}
[5.593811] (rtabmap_msgs) StdoutLine: {'line': b'-- Up-to-date symlink: /home/brace/codeSpace/navi/install/rtabmap_msgs/local/lib/python3.10/dist-packages/rtabmap_msgs/_rtabmap_msgs_s.ep.rosidl_typesupport_fastrtps_c.c\n'}
[5.593903] (rtabmap_msgs) StdoutLine: {'line': b'-- Up-to-date symlink: /home/brace/codeSpace/navi/install/rtabmap_msgs/local/lib/python3.10/dist-packages/rtabmap_msgs/_rtabmap_msgs_s.ep.rosidl_typesupport_introspection_c.c\n'}
[5.593989] (rtabmap_msgs) StdoutLine: {'line': b'-- Up-to-date symlink: /home/brace/codeSpace/navi/install/rtabmap_msgs/local/lib/python3.10/dist-packages/rtabmap_msgs/librtabmap_msgs__rosidl_generator_py.so\n'}
[5.594085] (rtabmap_msgs) StdoutLine: {'line': b'-- Up-to-date symlink: /home/brace/codeSpace/navi/install/rtabmap_msgs/local/lib/python3.10/dist-packages/rtabmap_msgs/msg/__init__.py\n'}
[5.594199] (rtabmap_msgs) StdoutLine: {'line': b'-- Up-to-date symlink: /home/brace/codeSpace/navi/install/rtabmap_msgs/local/lib/python3.10/dist-packages/rtabmap_msgs/msg/_camera_model.py\n'}
[5.594318] (rtabmap_msgs) StdoutLine: {'line': b'-- Up-to-date symlink: /home/brace/codeSpace/navi/install/rtabmap_msgs/local/lib/python3.10/dist-packages/rtabmap_msgs/msg/_camera_model_s.c\n'}
[5.594434] (rtabmap_msgs) StdoutLine: {'line': b'-- Up-to-date symlink: /home/brace/codeSpace/navi/install/rtabmap_msgs/local/lib/python3.10/dist-packages/rtabmap_msgs/msg/_camera_models.py\n'}
[5.594580] (rtabmap_msgs) StdoutLine: {'line': b'-- Up-to-date symlink: /home/brace/codeSpace/navi/install/rtabmap_msgs/local/lib/python3.10/dist-packages/rtabmap_msgs/msg/_camera_models_s.c\n'}
[5.594672] (rtabmap_msgs) StdoutLine: {'line': b'-- Up-to-date symlink: /home/brace/codeSpace/navi/install/rtabmap_msgs/local/lib/python3.10/dist-packages/rtabmap_msgs/msg/_env_sensor.py\n'}
[5.594778] (rtabmap_msgs) StdoutLine: {'line': b'-- Up-to-date symlink: /home/brace/codeSpace/navi/install/rtabmap_msgs/local/lib/python3.10/dist-packages/rtabmap_msgs/msg/_env_sensor_s.c\n'}
[5.594890] (rtabmap_msgs) StdoutLine: {'line': b'-- Up-to-date symlink: /home/brace/codeSpace/navi/install/rtabmap_msgs/local/lib/python3.10/dist-packages/rtabmap_msgs/msg/_global_descriptor.py\n'}
[5.595003] (rtabmap_msgs) StdoutLine: {'line': b'-- Up-to-date symlink: /home/brace/codeSpace/navi/install/rtabmap_msgs/local/lib/python3.10/dist-packages/rtabmap_msgs/msg/_global_descriptor_s.c\n'}
[5.595118] (rtabmap_msgs) StdoutLine: {'line': b'-- Up-to-date symlink: /home/brace/codeSpace/navi/install/rtabmap_msgs/local/lib/python3.10/dist-packages/rtabmap_msgs/msg/_goal.py\n'}
[5.595226] (rtabmap_msgs) StdoutLine: {'line': b'-- Up-to-date symlink: /home/brace/codeSpace/navi/install/rtabmap_msgs/local/lib/python3.10/dist-packages/rtabmap_msgs/msg/_goal_s.c\n'}
[5.595351] (rtabmap_msgs) StdoutLine: {'line': b'-- Up-to-date symlink: /home/brace/codeSpace/navi/install/rtabmap_msgs/local/lib/python3.10/dist-packages/rtabmap_msgs/msg/_gps.py\n'}
[5.595475] (rtabmap_msgs) StdoutLine: {'line': b'-- Up-to-date symlink: /home/brace/codeSpace/navi/install/rtabmap_msgs/local/lib/python3.10/dist-packages/rtabmap_msgs/msg/_gps_s.c\n'}
[5.595645] (rtabmap_msgs) StdoutLine: {'line': b'-- Up-to-date symlink: /home/brace/codeSpace/navi/install/rtabmap_msgs/local/lib/python3.10/dist-packages/rtabmap_msgs/msg/_info.py\n'}
[5.595741] (rtabmap_msgs) StdoutLine: {'line': b'-- Up-to-date symlink: /home/brace/codeSpace/navi/install/rtabmap_msgs/local/lib/python3.10/dist-packages/rtabmap_msgs/msg/_info_s.c\n'}
[5.595830] (rtabmap_msgs) StdoutLine: {'line': b'-- Up-to-date symlink: /home/brace/codeSpace/navi/install/rtabmap_msgs/local/lib/python3.10/dist-packages/rtabmap_msgs/msg/_key_point.py\n'}
[5.595932] (rtabmap_msgs) StdoutLine: {'line': b'-- Up-to-date symlink: /home/brace/codeSpace/navi/install/rtabmap_msgs/local/lib/python3.10/dist-packages/rtabmap_msgs/msg/_key_point_s.c\n'}
[5.596073] (rtabmap_msgs) StdoutLine: {'line': b'-- Up-to-date symlink: /home/brace/codeSpace/navi/install/rtabmap_msgs/local/lib/python3.10/dist-packages/rtabmap_msgs/msg/_landmark_detection.py\n'}
[5.596557] (rtabmap_msgs) StdoutLine: {'line': b'-- Up-to-date symlink: /home/brace/codeSpace/navi/install/rtabmap_msgs/local/lib/python3.10/dist-packages/rtabmap_msgs/msg/_landmark_detection_s.c\n'}
[5.596777] (rtabmap) StderrLine: {'line': b"/usr/bin/ld: CMakeFiles/matcher.dir/main.cpp.o: in function `main':\n"}
[5.596891] (rtabmap) StderrLine: {'line': b"main.cpp:(.text.startup+0x17c2): undefined reference to `rtabmap::CloudViewerInteractorStyle::New()'\n"}
[5.596943] (rtabmap) StderrLine: {'line': b"/usr/bin/ld: main.cpp:(.text.startup+0x214e): undefined reference to `rtabmap::ImageView::ImageView(QWidget*)'\n"}
[5.596990] (rtabmap) StderrLine: {'line': b"/usr/bin/ld: main.cpp:(.text.startup+0x216d): undefined reference to `rtabmap::ImageView::ImageView(QWidget*)'\n"}
[5.597049] (rtabmap) StderrLine: {'line': b"/usr/bin/ld: main.cpp:(.text.startup+0x224c): undefined reference to `rtabmap::ImageView::setImage(QImage const&, std::vector<rtabmap::CameraModel, std::allocator<rtabmap::CameraModel> > const&, rtabmap::Transform const&)'\n"}
[5.597102] (rtabmap) StderrLine: {'line': b"/usr/bin/ld: main.cpp:(.text.startup+0x2271): undefined reference to `rtabmap::ImageView::setAlpha(int)'\n"}
[5.597149] (rtabmap) StderrLine: {'line': b"/usr/bin/ld: main.cpp:(.text.startup+0x22b4): undefined reference to `rtabmap::ImageView::setImageDepth(QImage const&, QImage const&)'\n"}
[5.597199] (rtabmap) StderrLine: {'line': b"/usr/bin/ld: main.cpp:(.text.startup+0x22d1): undefined reference to `rtabmap::ImageView::setImageDepthShown(bool)'\n"}
[5.597249] (rtabmap) StderrLine: {'line': b"/usr/bin/ld: main.cpp:(.text.startup+0x2328): undefined reference to `rtabmap::ImageView::setImage(QImage const&, std::vector<rtabmap::CameraModel, std::allocator<rtabmap::CameraModel> > const&, rtabmap::Transform const&)'\n"}
[5.597314] (rtabmap) StderrLine: {'line': b"/usr/bin/ld: main.cpp:(.text.startup+0x234d): undefined reference to `rtabmap::ImageView::setAlpha(int)'\n"}
[5.597368] (rtabmap) StderrLine: {'line': b"/usr/bin/ld: main.cpp:(.text.startup+0x253b): undefined reference to `rtabmap::ImageView::setFeatures(std::multimap<int, cv::KeyPoint, std::less<int>, std::allocator<std::pair<int const, cv::KeyPoint> > > const&, cv::Mat const&, QColor const&)'\n"}
[5.597427] (rtabmap_msgs) StdoutLine: {'line': b'-- Up-to-date symlink: /home/brace/codeSpace/navi/install/rtabmap_msgs/local/lib/python3.10/dist-packages/rtabmap_msgs/msg/_landmark_detections.py\n'}
[5.597785] (rtabmap) StderrLine: {'line': b"/usr/bin/ld: main.cpp:(.text.startup+0x2577): undefined reference to `rtabmap::ImageView::setFeatures(std::multimap<int, cv::KeyPoint, std::less<int>, std::allocator<std::pair<int const, cv::KeyPoint> > > const&, cv::Mat const&, QColor const&)'\n"}
[5.597930] (rtabmap) StderrLine: {'line': b"/usr/bin/ld: main.cpp:(.text.startup+0x2de2): undefined reference to `rtabmap::ImageView::setImageDepth(QImage const&, QImage const&)'\n"}
[5.598012] (rtabmap) StderrLine: {'line': b"/usr/bin/ld: main.cpp:(.text.startup+0x2dff): undefined reference to `rtabmap::ImageView::setImageDepthShown(bool)'\n"}
[5.598075] (rtabmap) StderrLine: {'line': b"/usr/bin/ld: main.cpp:(.text.startup+0x301c): undefined reference to `rtabmap::ImageView::viewScale() const'\n"}
[5.598132] (rtabmap) StderrLine: {'line': b"/usr/bin/ld: main.cpp:(.text.startup+0x3030): undefined reference to `rtabmap::ImageView::viewScale() const'\n"}
[5.598187] (rtabmap) StderrLine: {'line': b"/usr/bin/ld: main.cpp:(.text.startup+0x3040): undefined reference to `rtabmap::ImageView::viewScale() const'\n"}
[5.598240] (rtabmap) StderrLine: {'line': b"/usr/bin/ld: main.cpp:(.text.startup+0x3050): undefined reference to `rtabmap::ImageView::viewScale() const'\n"}
[5.598306] (rtabmap) StderrLine: {'line': b"/usr/bin/ld: main.cpp:(.text.startup+0x3bae): undefined reference to `rtabmap::ImageView::getDefaultMatchingLineColor() const'\n"}
[5.598377] (rtabmap) StderrLine: {'line': b"/usr/bin/ld: main.cpp:(.text.startup+0x3bd8): undefined reference to `rtabmap::ImageView::getDefaultMatchingLineColor() const'\n"}
[5.598431] (rtabmap) StderrLine: {'line': b"/usr/bin/ld: main.cpp:(.text.startup+0x3c70): undefined reference to `rtabmap::ImageView::getDefaultMatchingLineColor() const'\n"}
[5.598482] (rtabmap) StderrLine: {'line': b"/usr/bin/ld: main.cpp:(.text.startup+0x3cb7): undefined reference to `rtabmap::ImageView::setFeatureColor(int, QColor)'\n"}
[5.598530] (rtabmap_msgs) StdoutLine: {'line': b'-- Up-to-date symlink: /home/brace/codeSpace/navi/install/rtabmap_msgs/local/lib/python3.10/dist-packages/rtabmap_msgs/msg/_landmark_detections_s.c\n'}
[5.598591] (rtabmap) StderrLine: {'line': b"/usr/bin/ld: main.cpp:(.text.startup+0x3cc6): undefined reference to `rtabmap::ImageView::getDefaultMatchingLineColor() const'\n"}
[5.598656] (rtabmap) StderrLine: {'line': b"/usr/bin/ld: main.cpp:(.text.startup+0x3d09): undefined reference to `rtabmap::ImageView::setFeatureColor(int, QColor)'\n"}
[5.598722] (rtabmap) StderrLine: {'line': b"/usr/bin/ld: main.cpp:(.text.startup+0x3f93): undefined reference to `rtabmap::ImageView::addLine(float, float, float, float, QColor, QString const&)'\n"}
[5.598787] (rtabmap) StderrLine: {'line': b"/usr/bin/ld: main.cpp:(.text.startup+0x418c): undefined reference to `rtabmap::ImageView::addLine(float, float, float, float, QColor, QString const&)'\n"}
[5.598850] (rtabmap) StderrLine: {'line': b"/usr/bin/ld: main.cpp:(.text.startup+0x41a5): undefined reference to `rtabmap::ImageView::getDefaultMatchingFeatureColor() const'\n"}
[5.598919] (rtabmap) StderrLine: {'line': b"/usr/bin/ld: main.cpp:(.text.startup+0x41c0): undefined reference to `rtabmap::ImageView::getDefaultMatchingFeatureColor() const'\n"}
[5.599041] (rtabmap) StderrLine: {'line': b"/usr/bin/ld: main.cpp:(.text.startup+0x41de): undefined reference to `rtabmap::ImageView::getDefaultMatchingFeatureColor() const'\n"}
[5.599142] (rtabmap) StderrLine: {'line': b"/usr/bin/ld: main.cpp:(.text.startup+0x4221): undefined reference to `rtabmap::ImageView::setFeatureColor(int, QColor)'\n"}
[5.599238] (rtabmap) StderrLine: {'line': b"/usr/bin/ld: main.cpp:(.text.startup+0x4230): undefined reference to `rtabmap::ImageView::getDefaultMatchingFeatureColor() const'\n"}
[5.599451] (rtabmap_msgs) StdoutLine: {'line': b'-- Up-to-date symlink: /home/brace/codeSpace/navi/install/rtabmap_msgs/local/lib/python3.10/dist-packages/rtabmap_msgs/msg/_link.py\n'}
[5.599561] (rtabmap_msgs) StdoutLine: {'line': b'-- Up-to-date symlink: /home/brace/codeSpace/navi/install/rtabmap_msgs/local/lib/python3.10/dist-packages/rtabmap_msgs/msg/_link_s.c\n'}
[5.599627] (rtabmap_msgs) StdoutLine: {'line': b'-- Up-to-date symlink: /home/brace/codeSpace/navi/install/rtabmap_msgs/local/lib/python3.10/dist-packages/rtabmap_msgs/msg/_map_data.py\n'}
[5.599697] (rtabmap_msgs) StdoutLine: {'line': b'-- Up-to-date symlink: /home/brace/codeSpace/navi/install/rtabmap_msgs/local/lib/python3.10/dist-packages/rtabmap_msgs/msg/_map_data_s.c\n'}
[5.599764] (rtabmap_msgs) StdoutLine: {'line': b'-- Up-to-date symlink: /home/brace/codeSpace/navi/install/rtabmap_msgs/local/lib/python3.10/dist-packages/rtabmap_msgs/msg/_map_graph.py\n'}
[5.599828] (rtabmap_msgs) StdoutLine: {'line': b'-- Up-to-date symlink: /home/brace/codeSpace/navi/install/rtabmap_msgs/local/lib/python3.10/dist-packages/rtabmap_msgs/msg/_map_graph_s.c\n'}
[5.599874] (rtabmap_msgs) StdoutLine: {'line': b'-- Up-to-date symlink: /home/brace/codeSpace/navi/install/rtabmap_msgs/local/lib/python3.10/dist-packages/rtabmap_msgs/msg/_node.py\n'}
[5.599921] (rtabmap_msgs) StdoutLine: {'line': b'-- Up-to-date symlink: /home/brace/codeSpace/navi/install/rtabmap_msgs/local/lib/python3.10/dist-packages/rtabmap_msgs/msg/_node_s.c\n'}
[5.599968] (rtabmap_msgs) StdoutLine: {'line': b'-- Up-to-date symlink: /home/brace/codeSpace/navi/install/rtabmap_msgs/local/lib/python3.10/dist-packages/rtabmap_msgs/msg/_odom_info.py\n'}
[5.600014] (rtabmap_msgs) StdoutLine: {'line': b'-- Up-to-date symlink: /home/brace/codeSpace/navi/install/rtabmap_msgs/local/lib/python3.10/dist-packages/rtabmap_msgs/msg/_odom_info_s.c\n'}
[5.600062] (rtabmap_msgs) StdoutLine: {'line': b'-- Up-to-date symlink: /home/brace/codeSpace/navi/install/rtabmap_msgs/local/lib/python3.10/dist-packages/rtabmap_msgs/msg/_path.py\n'}
[5.600107] (rtabmap_msgs) StdoutLine: {'line': b'-- Up-to-date symlink: /home/brace/codeSpace/navi/install/rtabmap_msgs/local/lib/python3.10/dist-packages/rtabmap_msgs/msg/_path_s.c\n'}
[5.600543] (rtabmap_msgs) StdoutLine: {'line': b'-- Up-to-date symlink: /home/brace/codeSpace/navi/install/rtabmap_msgs/local/lib/python3.10/dist-packages/rtabmap_msgs/msg/_point2f.py\n'}
[5.600654] (rtabmap_msgs) StdoutLine: {'line': b'-- Up-to-date symlink: /home/brace/codeSpace/navi/install/rtabmap_msgs/local/lib/python3.10/dist-packages/rtabmap_msgs/msg/_point2f_s.c\n'}
[5.600702] (rtabmap_msgs) StdoutLine: {'line': b'-- Up-to-date symlink: /home/brace/codeSpace/navi/install/rtabmap_msgs/local/lib/python3.10/dist-packages/rtabmap_msgs/msg/_point3f.py\n'}
[5.600748] (rtabmap_msgs) StdoutLine: {'line': b'-- Up-to-date symlink: /home/brace/codeSpace/navi/install/rtabmap_msgs/local/lib/python3.10/dist-packages/rtabmap_msgs/msg/_point3f_s.c\n'}
[5.600822] (rtabmap_msgs) StdoutLine: {'line': b'-- Up-to-date symlink: /home/brace/codeSpace/navi/install/rtabmap_msgs/local/lib/python3.10/dist-packages/rtabmap_msgs/msg/_rgbd_image.py\n'}
[5.600870] (rtabmap_msgs) StdoutLine: {'line': b'-- Up-to-date symlink: /home/brace/codeSpace/navi/install/rtabmap_msgs/local/lib/python3.10/dist-packages/rtabmap_msgs/msg/_rgbd_image_s.c\n'}
[5.601172] (rtabmap_msgs) StdoutLine: {'line': b'-- Up-to-date symlink: /home/brace/codeSpace/navi/install/rtabmap_msgs/local/lib/python3.10/dist-packages/rtabmap_msgs/msg/_rgbd_images.py\n'}
[5.601224] (rtabmap_msgs) StdoutLine: {'line': b'-- Up-to-date symlink: /home/brace/codeSpace/navi/install/rtabmap_msgs/local/lib/python3.10/dist-packages/rtabmap_msgs/msg/_rgbd_images_s.c\n'}
[5.601330] (rtabmap_msgs) StdoutLine: {'line': b'-- Up-to-date symlink: /home/brace/codeSpace/navi/install/rtabmap_msgs/local/lib/python3.10/dist-packages/rtabmap_msgs/msg/_scan_descriptor.py\n'}
[5.601414] (rtabmap_msgs) StdoutLine: {'line': b'-- Up-to-date symlink: /home/brace/codeSpace/navi/install/rtabmap_msgs/local/lib/python3.10/dist-packages/rtabmap_msgs/msg/_scan_descriptor_s.c\n'}
[5.601487] (rtabmap_msgs) StdoutLine: {'line': b'-- Up-to-date symlink: /home/brace/codeSpace/navi/install/rtabmap_msgs/local/lib/python3.10/dist-packages/rtabmap_msgs/msg/_sensor_data.py\n'}
[5.601532] (rtabmap_msgs) StdoutLine: {'line': b'-- Up-to-date symlink: /home/brace/codeSpace/navi/install/rtabmap_msgs/local/lib/python3.10/dist-packages/rtabmap_msgs/msg/_sensor_data_s.c\n'}
[5.601578] (rtabmap_msgs) StdoutLine: {'line': b'-- Up-to-date symlink: /home/brace/codeSpace/navi/install/rtabmap_msgs/local/lib/python3.10/dist-packages/rtabmap_msgs/msg/_user_data.py\n'}
[5.601625] (rtabmap_msgs) StdoutLine: {'line': b'-- Up-to-date symlink: /home/brace/codeSpace/navi/install/rtabmap_msgs/local/lib/python3.10/dist-packages/rtabmap_msgs/msg/_user_data_s.c\n'}
[5.601703] (rtabmap_msgs) StdoutLine: {'line': b'-- Up-to-date symlink: /home/brace/codeSpace/navi/install/rtabmap_msgs/local/lib/python3.10/dist-packages/rtabmap_msgs/rtabmap_msgs_s__rosidl_typesupport_c.cpython-310-x86_64-linux-gnu.so\n'}
[5.601748] (rtabmap_msgs) StdoutLine: {'line': b'-- Up-to-date symlink: /home/brace/codeSpace/navi/install/rtabmap_msgs/local/lib/python3.10/dist-packages/rtabmap_msgs/rtabmap_msgs_s__rosidl_typesupport_fastrtps_c.cpython-310-x86_64-linux-gnu.so\n'}
[5.601794] (rtabmap_msgs) StdoutLine: {'line': b'-- Up-to-date symlink: /home/brace/codeSpace/navi/install/rtabmap_msgs/local/lib/python3.10/dist-packages/rtabmap_msgs/rtabmap_msgs_s__rosidl_typesupport_introspection_c.cpython-310-x86_64-linux-gnu.so\n'}
[5.601869] (rtabmap_msgs) StdoutLine: {'line': b'-- Up-to-date symlink: /home/brace/codeSpace/navi/install/rtabmap_msgs/local/lib/python3.10/dist-packages/rtabmap_msgs/srv/__init__.py\n'}
[5.601912] (rtabmap_msgs) StdoutLine: {'line': b'-- Up-to-date symlink: /home/brace/codeSpace/navi/install/rtabmap_msgs/local/lib/python3.10/dist-packages/rtabmap_msgs/srv/_add_link.py\n'}
[5.601986] (rtabmap_msgs) StdoutLine: {'line': b'-- Up-to-date symlink: /home/brace/codeSpace/navi/install/rtabmap_msgs/local/lib/python3.10/dist-packages/rtabmap_msgs/srv/_add_link_s.c\n'}
[5.602099] (rtabmap_msgs) StdoutLine: {'line': b'-- Up-to-date symlink: /home/brace/codeSpace/navi/install/rtabmap_msgs/local/lib/python3.10/dist-packages/rtabmap_msgs/srv/_cleanup_local_grids.py\n'}
[5.602146] (rtabmap_msgs) StdoutLine: {'line': b'-- Up-to-date symlink: /home/brace/codeSpace/navi/install/rtabmap_msgs/local/lib/python3.10/dist-packages/rtabmap_msgs/srv/_cleanup_local_grids_s.c\n'}
[5.602193] (rtabmap_msgs) StdoutLine: {'line': b'-- Up-to-date symlink: /home/brace/codeSpace/navi/install/rtabmap_msgs/local/lib/python3.10/dist-packages/rtabmap_msgs/srv/_detect_more_loop_closures.py\n'}
[5.602291] (rtabmap_msgs) StdoutLine: {'line': b'-- Up-to-date symlink: /home/brace/codeSpace/navi/install/rtabmap_msgs/local/lib/python3.10/dist-packages/rtabmap_msgs/srv/_detect_more_loop_closures_s.c\n'}
[5.602389] (rtabmap_msgs) StdoutLine: {'line': b'-- Up-to-date symlink: /home/brace/codeSpace/navi/install/rtabmap_msgs/local/lib/python3.10/dist-packages/rtabmap_msgs/srv/_get_map.py\n'}
[5.602434] (rtabmap_msgs) StdoutLine: {'line': b'-- Up-to-date symlink: /home/brace/codeSpace/navi/install/rtabmap_msgs/local/lib/python3.10/dist-packages/rtabmap_msgs/srv/_get_map2.py\n'}
[5.602487] (rtabmap_msgs) StdoutLine: {'line': b'-- Up-to-date symlink: /home/brace/codeSpace/navi/install/rtabmap_msgs/local/lib/python3.10/dist-packages/rtabmap_msgs/srv/_get_map2_s.c\n'}
[5.602531] (rtabmap_msgs) StdoutLine: {'line': b'-- Up-to-date symlink: /home/brace/codeSpace/navi/install/rtabmap_msgs/local/lib/python3.10/dist-packages/rtabmap_msgs/srv/_get_map_s.c\n'}
[5.602622] (rtabmap_msgs) StdoutLine: {'line': b'-- Up-to-date symlink: /home/brace/codeSpace/navi/install/rtabmap_msgs/local/lib/python3.10/dist-packages/rtabmap_msgs/srv/_get_node_data.py\n'}
[5.602664] (rtabmap_msgs) StdoutLine: {'line': b'-- Up-to-date symlink: /home/brace/codeSpace/navi/install/rtabmap_msgs/local/lib/python3.10/dist-packages/rtabmap_msgs/srv/_get_node_data_s.c\n'}
[5.602711] (rtabmap_msgs) StdoutLine: {'line': b'-- Up-to-date symlink: /home/brace/codeSpace/navi/install/rtabmap_msgs/local/lib/python3.10/dist-packages/rtabmap_msgs/srv/_get_nodes_in_radius.py\n'}
[5.602756] (rtabmap_msgs) StdoutLine: {'line': b'-- Up-to-date symlink: /home/brace/codeSpace/navi/install/rtabmap_msgs/local/lib/python3.10/dist-packages/rtabmap_msgs/srv/_get_nodes_in_radius_s.c\n'}
[5.602837] (rtabmap_msgs) StdoutLine: {'line': b'-- Up-to-date symlink: /home/brace/codeSpace/navi/install/rtabmap_msgs/local/lib/python3.10/dist-packages/rtabmap_msgs/srv/_get_plan.py\n'}
[5.602913] (rtabmap_msgs) StdoutLine: {'line': b'-- Up-to-date symlink: /home/brace/codeSpace/navi/install/rtabmap_msgs/local/lib/python3.10/dist-packages/rtabmap_msgs/srv/_get_plan_s.c\n'}
[5.602969] (rtabmap_msgs) StdoutLine: {'line': b'-- Up-to-date symlink: /home/brace/codeSpace/navi/install/rtabmap_msgs/local/lib/python3.10/dist-packages/rtabmap_msgs/srv/_global_bundle_adjustment.py\n'}
[5.603014] (rtabmap_msgs) StdoutLine: {'line': b'-- Up-to-date symlink: /home/brace/codeSpace/navi/install/rtabmap_msgs/local/lib/python3.10/dist-packages/rtabmap_msgs/srv/_global_bundle_adjustment_s.c\n'}
[5.603087] (rtabmap_msgs) StdoutLine: {'line': b'-- Up-to-date symlink: /home/brace/codeSpace/navi/install/rtabmap_msgs/local/lib/python3.10/dist-packages/rtabmap_msgs/srv/_list_labels.py\n'}
[5.603161] (rtabmap_msgs) StdoutLine: {'line': b'-- Up-to-date symlink: /home/brace/codeSpace/navi/install/rtabmap_msgs/local/lib/python3.10/dist-packages/rtabmap_msgs/srv/_list_labels_s.c\n'}
[5.603203] (rtabmap_msgs) StdoutLine: {'line': b'-- Up-to-date symlink: /home/brace/codeSpace/navi/install/rtabmap_msgs/local/lib/python3.10/dist-packages/rtabmap_msgs/srv/_load_database.py\n'}
[5.603278] (rtabmap_msgs) StdoutLine: {'line': b'-- Up-to-date symlink: /home/brace/codeSpace/navi/install/rtabmap_msgs/local/lib/python3.10/dist-packages/rtabmap_msgs/srv/_load_database_s.c\n'}
[5.603322] (rtabmap_msgs) StdoutLine: {'line': b'-- Up-to-date symlink: /home/brace/codeSpace/navi/install/rtabmap_msgs/local/lib/python3.10/dist-packages/rtabmap_msgs/srv/_publish_map.py\n'}
[5.603367] (rtabmap_msgs) StdoutLine: {'line': b'-- Up-to-date symlink: /home/brace/codeSpace/navi/install/rtabmap_msgs/local/lib/python3.10/dist-packages/rtabmap_msgs/srv/_publish_map_s.c\n'}
[5.603442] (rtabmap_msgs) StdoutLine: {'line': b'-- Up-to-date symlink: /home/brace/codeSpace/navi/install/rtabmap_msgs/local/lib/python3.10/dist-packages/rtabmap_msgs/srv/_remove_label.py\n'}
[5.603526] (rtabmap_msgs) StdoutLine: {'line': b'-- Up-to-date symlink: /home/brace/codeSpace/navi/install/rtabmap_msgs/local/lib/python3.10/dist-packages/rtabmap_msgs/srv/_remove_label_s.c\n'}
[5.603567] (rtabmap_msgs) StdoutLine: {'line': b'-- Up-to-date symlink: /home/brace/codeSpace/navi/install/rtabmap_msgs/local/lib/python3.10/dist-packages/rtabmap_msgs/srv/_reset_pose.py\n'}
[5.603610] (rtabmap_msgs) StdoutLine: {'line': b'-- Up-to-date symlink: /home/brace/codeSpace/navi/install/rtabmap_msgs/local/lib/python3.10/dist-packages/rtabmap_msgs/srv/_reset_pose_s.c\n'}
[5.603709] (rtabmap_msgs) StdoutLine: {'line': b'-- Up-to-date symlink: /home/brace/codeSpace/navi/install/rtabmap_msgs/local/lib/python3.10/dist-packages/rtabmap_msgs/srv/_set_goal.py\n'}
[5.603763] (rtabmap_msgs) StdoutLine: {'line': b'-- Up-to-date symlink: /home/brace/codeSpace/navi/install/rtabmap_msgs/local/lib/python3.10/dist-packages/rtabmap_msgs/srv/_set_goal_s.c\n'}
[5.603847] (rtabmap_msgs) StdoutLine: {'line': b'-- Up-to-date symlink: /home/brace/codeSpace/navi/install/rtabmap_msgs/local/lib/python3.10/dist-packages/rtabmap_msgs/srv/_set_label.py\n'}
[5.603945] (rtabmap_msgs) StdoutLine: {'line': b'-- Up-to-date symlink: /home/brace/codeSpace/navi/install/rtabmap_msgs/local/lib/python3.10/dist-packages/rtabmap_msgs/srv/_set_label_s.c\n'}
[5.604480] (rtabmap_msgs) StdoutLine: {'line': b'-- Up-to-date symlink: /home/brace/codeSpace/navi/install/rtabmap_msgs/local/lib/python3.10/dist-packages/rtabmap_msgs/rtabmap_msgs_s__rosidl_typesupport_fastrtps_c.cpython-310-x86_64-linux-gnu.so\n'}
[5.604768] (rtabmap_msgs) StdoutLine: {'line': b'-- Up-to-date symlink: /home/brace/codeSpace/navi/install/rtabmap_msgs/local/lib/python3.10/dist-packages/rtabmap_msgs/rtabmap_msgs_s__rosidl_typesupport_introspection_c.cpython-310-x86_64-linux-gnu.so\n'}
[5.605098] (rtabmap_msgs) StdoutLine: {'line': b'-- Up-to-date symlink: /home/brace/codeSpace/navi/install/rtabmap_msgs/local/lib/python3.10/dist-packages/rtabmap_msgs/rtabmap_msgs_s__rosidl_typesupport_c.cpython-310-x86_64-linux-gnu.so\n'}
[5.605289] (rtabmap_msgs) StdoutLine: {'line': b'-- Up-to-date symlink: /home/brace/codeSpace/navi/install/rtabmap_msgs/share/rtabmap_msgs/msg/Info.idl\n'}
[5.605484] (rtabmap_msgs) StdoutLine: {'line': b'-- Up-to-date symlink: /home/brace/codeSpace/navi/install/rtabmap_msgs/share/rtabmap_msgs/msg/KeyPoint.idl\n'}
[5.605592] (rtabmap_msgs) StdoutLine: {'line': b'-- Up-to-date symlink: /home/brace/codeSpace/navi/install/rtabmap_msgs/share/rtabmap_msgs/msg/GlobalDescriptor.idl\n'}
[5.605889] (rtabmap_msgs) StdoutLine: {'line': b'-- Up-to-date symlink: /home/brace/codeSpace/navi/install/rtabmap_msgs/share/rtabmap_msgs/msg/ScanDescriptor.idl\n'}
[5.606042] (rtabmap_msgs) StdoutLine: {'line': b'-- Up-to-date symlink: /home/brace/codeSpace/navi/install/rtabmap_msgs/share/rtabmap_msgs/msg/MapData.idl\n'}
[5.606285] (rtabmap_msgs) StdoutLine: {'line': b'-- Up-to-date symlink: /home/brace/codeSpace/navi/install/rtabmap_msgs/share/rtabmap_msgs/msg/MapGraph.idl\n'}
[5.606362] (rtabmap) StderrLine: {'line': b'collect2: error: ld returned 1 exit status\n'}
[5.606446] (rtabmap_msgs) StdoutLine: {'line': b'-- Up-to-date symlink: /home/brace/codeSpace/navi/install/rtabmap_msgs/share/rtabmap_msgs/msg/Node.idl\n'}
[5.606479] (rtabmap_msgs) StdoutLine: {'line': b'-- Up-to-date symlink: /home/brace/codeSpace/navi/install/rtabmap_msgs/share/rtabmap_msgs/msg/SensorData.idl\n'}
[5.606560] (rtabmap_msgs) StdoutLine: {'line': b'-- Up-to-date symlink: /home/brace/codeSpace/navi/install/rtabmap_msgs/share/rtabmap_msgs/msg/Link.idl\n'}
[5.606718] (rtabmap_msgs) StdoutLine: {'line': b'-- Up-to-date symlink: /home/brace/codeSpace/navi/install/rtabmap_msgs/share/rtabmap_msgs/msg/LandmarkDetection.idl\n'}
[5.606867] (rtabmap_msgs) StdoutLine: {'line': b'-- Up-to-date symlink: /home/brace/codeSpace/navi/install/rtabmap_msgs/share/rtabmap_msgs/msg/LandmarkDetections.idl\n'}
[5.607016] (rtabmap_msgs) StdoutLine: {'line': b'-- Up-to-date symlink: /home/brace/codeSpace/navi/install/rtabmap_msgs/share/rtabmap_msgs/msg/OdomInfo.idl\n'}
[5.607165] (rtabmap_msgs) StdoutLine: {'line': b'-- Up-to-date symlink: /home/brace/codeSpace/navi/install/rtabmap_msgs/share/rtabmap_msgs/msg/Point2f.idl\n'}
[5.607335] (rtabmap_msgs) StdoutLine: {'line': b'-- Up-to-date symlink: /home/brace/codeSpace/navi/install/rtabmap_msgs/share/rtabmap_msgs/msg/Point3f.idl\n'}
[5.607531] (rtabmap_msgs) StdoutLine: {'line': b'-- Up-to-date symlink: /home/brace/codeSpace/navi/install/rtabmap_msgs/share/rtabmap_msgs/msg/Goal.idl\n'}
[5.607675] (rtabmap_msgs) StdoutLine: {'line': b'-- Up-to-date symlink: /home/brace/codeSpace/navi/install/rtabmap_msgs/share/rtabmap_msgs/msg/RGBDImage.idl\n'}
[5.607834] (rtabmap_msgs) StdoutLine: {'line': b'-- Up-to-date symlink: /home/brace/codeSpace/navi/install/rtabmap_msgs/share/rtabmap_msgs/msg/RGBDImages.idl\n'}
[5.608046] (rtabmap_msgs) StdoutLine: {'line': b'-- Up-to-date symlink: /home/brace/codeSpace/navi/install/rtabmap_msgs/share/rtabmap_msgs/msg/UserData.idl\n'}
[5.608194] (rtabmap_msgs) StdoutLine: {'line': b'-- Up-to-date symlink: /home/brace/codeSpace/navi/install/rtabmap_msgs/share/rtabmap_msgs/msg/GPS.idl\n'}
[5.608245] (rtabmap) StderrLine: {'line': b'gmake[2]: *** [tools/DatabaseViewer/CMakeFiles/databaseViewer.dir/build.make:189\xef\xbc\x9abin/rtabmap-databaseViewer] \xe9\x94\x99\xe8\xaf\xaf 1\n'}
[5.608371] (rtabmap_msgs) StdoutLine: {'line': b'-- Up-to-date symlink: /home/brace/codeSpace/navi/install/rtabmap_msgs/share/rtabmap_msgs/msg/Path.idl\n'}
[5.608648] (rtabmap) StderrLine: {'line': b'gmake[1]: *** [CMakeFiles/Makefile2:1466\xef\xbc\x9atools/DatabaseViewer/CMakeFiles/databaseViewer.dir/all] \xe9\x94\x99\xe8\xaf\xaf 2\n'}
[5.608722] (rtabmap_msgs) StdoutLine: {'line': b'-- Up-to-date symlink: /home/brace/codeSpace/navi/install/rtabmap_msgs/share/rtabmap_msgs/msg/EnvSensor.idl\n'}
[5.608875] (rtabmap_msgs) StdoutLine: {'line': b'-- Up-to-date symlink: /home/brace/codeSpace/navi/install/rtabmap_msgs/share/rtabmap_msgs/msg/CameraModel.idl\n'}
[5.608916] (rtabmap_msgs) StdoutLine: {'line': b'-- Up-to-date symlink: /home/brace/codeSpace/navi/install/rtabmap_msgs/share/rtabmap_msgs/msg/CameraModels.idl\n'}
[5.609028] (rtabmap_msgs) StdoutLine: {'line': b'-- Up-to-date symlink: /home/brace/codeSpace/navi/install/rtabmap_msgs/share/rtabmap_msgs/srv/GetMap.idl\n'}
[5.609160] (rtabmap_msgs) StdoutLine: {'line': b'-- Up-to-date symlink: /home/brace/codeSpace/navi/install/rtabmap_msgs/share/rtabmap_msgs/srv/GetMap2.idl\n'}
[5.609328] (rtabmap_msgs) StdoutLine: {'line': b'-- Up-to-date symlink: /home/brace/codeSpace/navi/install/rtabmap_msgs/share/rtabmap_msgs/srv/ListLabels.idl\n'}
[5.609482] (rtabmap_msgs) StdoutLine: {'line': b'-- Up-to-date symlink: /home/brace/codeSpace/navi/install/rtabmap_msgs/share/rtabmap_msgs/srv/PublishMap.idl\n'}
[5.609643] (rtabmap_msgs) StdoutLine: {'line': b'-- Up-to-date symlink: /home/brace/codeSpace/navi/install/rtabmap_msgs/share/rtabmap_msgs/srv/ResetPose.idl\n'}
[5.609797] (rtabmap_msgs) StdoutLine: {'line': b'-- Up-to-date symlink: /home/brace/codeSpace/navi/install/rtabmap_msgs/share/rtabmap_msgs/srv/SetGoal.idl\n'}
[5.609953] (rtabmap_msgs) StdoutLine: {'line': b'-- Up-to-date symlink: /home/brace/codeSpace/navi/install/rtabmap_msgs/share/rtabmap_msgs/srv/SetLabel.idl\n'}
[5.610109] (rtabmap_msgs) StdoutLine: {'line': b'-- Up-to-date symlink: /home/brace/codeSpace/navi/install/rtabmap_msgs/share/rtabmap_msgs/srv/RemoveLabel.idl\n'}
[5.610272] (rtabmap_msgs) StdoutLine: {'line': b'-- Up-to-date symlink: /home/brace/codeSpace/navi/install/rtabmap_msgs/share/rtabmap_msgs/srv/GetPlan.idl\n'}
[5.610448] (rtabmap_msgs) StdoutLine: {'line': b'-- Up-to-date symlink: /home/brace/codeSpace/navi/install/rtabmap_msgs/share/rtabmap_msgs/srv/AddLink.idl\n'}
[5.610604] (rtabmap_msgs) StdoutLine: {'line': b'-- Up-to-date symlink: /home/brace/codeSpace/navi/install/rtabmap_msgs/share/rtabmap_msgs/srv/GetNodeData.idl\n'}
[5.610764] (rtabmap_msgs) StdoutLine: {'line': b'-- Up-to-date symlink: /home/brace/codeSpace/navi/install/rtabmap_msgs/share/rtabmap_msgs/srv/GetNodesInRadius.idl\n'}
[5.610920] (rtabmap_msgs) StdoutLine: {'line': b'-- Up-to-date symlink: /home/brace/codeSpace/navi/install/rtabmap_msgs/share/rtabmap_msgs/srv/LoadDatabase.idl\n'}
[5.611086] (rtabmap_msgs) StdoutLine: {'line': b'-- Up-to-date symlink: /home/brace/codeSpace/navi/install/rtabmap_msgs/share/rtabmap_msgs/srv/DetectMoreLoopClosures.idl\n'}
[5.611242] (rtabmap_msgs) StdoutLine: {'line': b'-- Up-to-date symlink: /home/brace/codeSpace/navi/install/rtabmap_msgs/share/rtabmap_msgs/srv/GlobalBundleAdjustment.idl\n'}
[5.611411] (rtabmap_msgs) StdoutLine: {'line': b'-- Up-to-date symlink: /home/brace/codeSpace/navi/install/rtabmap_msgs/share/rtabmap_msgs/srv/CleanupLocalGrids.idl\n'}
[5.611561] (rtabmap_msgs) StdoutLine: {'line': b'-- Up-to-date symlink: /home/brace/codeSpace/navi/install/rtabmap_msgs/share/rtabmap_msgs/msg/Info.msg\n'}
[5.611745] (rtabmap_msgs) StdoutLine: {'line': b'-- Up-to-date symlink: /home/brace/codeSpace/navi/install/rtabmap_msgs/share/rtabmap_msgs/msg/KeyPoint.msg\n'}
[5.611869] (rtabmap_msgs) StdoutLine: {'line': b'-- Up-to-date symlink: /home/brace/codeSpace/navi/install/rtabmap_msgs/share/rtabmap_msgs/msg/GlobalDescriptor.msg\n'}
[5.612016] (rtabmap_msgs) StdoutLine: {'line': b'-- Up-to-date symlink: /home/brace/codeSpace/navi/install/rtabmap_msgs/share/rtabmap_msgs/msg/ScanDescriptor.msg\n'}
[5.612166] (rtabmap_msgs) StdoutLine: {'line': b'-- Up-to-date symlink: /home/brace/codeSpace/navi/install/rtabmap_msgs/share/rtabmap_msgs/msg/MapData.msg\n'}
[5.612352] (rtabmap_msgs) StdoutLine: {'line': b'-- Up-to-date symlink: /home/brace/codeSpace/navi/install/rtabmap_msgs/share/rtabmap_msgs/msg/MapGraph.msg\n'}
[5.612552] (rtabmap_msgs) StdoutLine: {'line': b'-- Up-to-date symlink: /home/brace/codeSpace/navi/install/rtabmap_msgs/share/rtabmap_msgs/msg/Node.msg\n'}
[5.612711] (rtabmap_msgs) StdoutLine: {'line': b'-- Up-to-date symlink: /home/brace/codeSpace/navi/install/rtabmap_msgs/share/rtabmap_msgs/msg/SensorData.msg\n'}
[5.612833] (rtabmap_msgs) StdoutLine: {'line': b'-- Up-to-date symlink: /home/brace/codeSpace/navi/install/rtabmap_msgs/share/rtabmap_msgs/msg/Link.msg\n'}
[5.612984] (rtabmap) StderrLine: {'line': b"/usr/bin/ld: CMakeFiles/lidar_mapping.dir/main.cpp.o: in function `MapBuilder::MapBuilder(rtabmap::SensorCaptureThread*)':\n"}
[5.613103] (rtabmap) StderrLine: {'line': b"main.cpp:(.text._ZN10MapBuilderC2EPN7rtabmap19SensorCaptureThreadE[_ZN10MapBuilderC5EPN7rtabmap19SensorCaptureThreadE]+0x108): undefined reference to `rtabmap::CloudViewerInteractorStyle::New()'\n"}
[5.613184] (rtabmap_msgs) StdoutLine: {'line': b'-- Up-to-date symlink: /home/brace/codeSpace/navi/install/rtabmap_msgs/share/rtabmap_msgs/msg/LandmarkDetection.msg\n'}
[5.613278] (rtabmap_msgs) StdoutLine: {'line': b'-- Up-to-date symlink: /home/brace/codeSpace/navi/install/rtabmap_msgs/share/rtabmap_msgs/msg/LandmarkDetections.msg\n'}
[5.613438] (rtabmap_msgs) StdoutLine: {'line': b'-- Up-to-date symlink: /home/brace/codeSpace/navi/install/rtabmap_msgs/share/rtabmap_msgs/msg/OdomInfo.msg\n'}
[5.613536] (rtabmap_msgs) StdoutLine: {'line': b'-- Up-to-date symlink: /home/brace/codeSpace/navi/install/rtabmap_msgs/share/rtabmap_msgs/msg/Point2f.msg\n'}
[5.613687] (rtabmap_msgs) StdoutLine: {'line': b'-- Up-to-date symlink: /home/brace/codeSpace/navi/install/rtabmap_msgs/share/rtabmap_msgs/msg/Point3f.msg\n'}
[5.613844] (rtabmap_msgs) StdoutLine: {'line': b'-- Up-to-date symlink: /home/brace/codeSpace/navi/install/rtabmap_msgs/share/rtabmap_msgs/msg/Goal.msg\n'}
[5.614077] (rtabmap_msgs) StdoutLine: {'line': b'-- Up-to-date symlink: /home/brace/codeSpace/navi/install/rtabmap_msgs/share/rtabmap_msgs/msg/RGBDImage.msg\n'}
[5.614230] (rtabmap_msgs) StdoutLine: {'line': b'-- Up-to-date symlink: /home/brace/codeSpace/navi/install/rtabmap_msgs/share/rtabmap_msgs/msg/RGBDImages.msg\n'}
[5.614410] (rtabmap_msgs) StdoutLine: {'line': b'-- Up-to-date symlink: /home/brace/codeSpace/navi/install/rtabmap_msgs/share/rtabmap_msgs/msg/UserData.msg\n'}
[5.614522] (rtabmap_msgs) StdoutLine: {'line': b'-- Up-to-date symlink: /home/brace/codeSpace/navi/install/rtabmap_msgs/share/rtabmap_msgs/msg/GPS.msg\n'}
[5.614809] (rtabmap_msgs) StdoutLine: {'line': b'-- Up-to-date symlink: /home/brace/codeSpace/navi/install/rtabmap_msgs/share/rtabmap_msgs/msg/Path.msg\n'}
[5.614892] (rtabmap_msgs) StdoutLine: {'line': b'-- Up-to-date symlink: /home/brace/codeSpace/navi/install/rtabmap_msgs/share/rtabmap_msgs/msg/EnvSensor.msg\n'}
[5.615066] (rtabmap_msgs) StdoutLine: {'line': b'-- Up-to-date symlink: /home/brace/codeSpace/navi/install/rtabmap_msgs/share/rtabmap_msgs/msg/CameraModel.msg\n'}
[5.615114] (rtabmap_msgs) StdoutLine: {'line': b'-- Up-to-date symlink: /home/brace/codeSpace/navi/install/rtabmap_msgs/share/rtabmap_msgs/msg/CameraModels.msg\n'}
[5.615249] (rtabmap_msgs) StdoutLine: {'line': b'-- Up-to-date symlink: /home/brace/codeSpace/navi/install/rtabmap_msgs/share/rtabmap_msgs/srv/GetMap.srv\n'}
[5.615444] (rtabmap_msgs) StdoutLine: {'line': b'-- Up-to-date symlink: /home/brace/codeSpace/navi/install/rtabmap_msgs/share/rtabmap_msgs/srv/GetMap_Request.msg\n'}
[5.615700] (rtabmap_msgs) StdoutLine: {'line': b'-- Up-to-date symlink: /home/brace/codeSpace/navi/install/rtabmap_msgs/share/rtabmap_msgs/srv/GetMap_Response.msg\n'}
[5.615765] (rtabmap_msgs) StdoutLine: {'line': b'-- Up-to-date symlink: /home/brace/codeSpace/navi/install/rtabmap_msgs/share/rtabmap_msgs/srv/GetMap2.srv\n'}
[5.616399] (rtabmap_msgs) StdoutLine: {'line': b'-- Up-to-date symlink: /home/brace/codeSpace/navi/install/rtabmap_msgs/share/rtabmap_msgs/srv/GetMap2_Request.msg\n'}
[5.616560] (rtabmap_msgs) StdoutLine: {'line': b'-- Up-to-date symlink: /home/brace/codeSpace/navi/install/rtabmap_msgs/share/rtabmap_msgs/srv/GetMap2_Response.msg\n'}
[5.616622] (rtabmap_msgs) StdoutLine: {'line': b'-- Up-to-date symlink: /home/brace/codeSpace/navi/install/rtabmap_msgs/share/rtabmap_msgs/srv/ListLabels.srv\n'}
[5.616674] (rtabmap_msgs) StdoutLine: {'line': b'-- Up-to-date symlink: /home/brace/codeSpace/navi/install/rtabmap_msgs/share/rtabmap_msgs/srv/ListLabels_Request.msg\n'}
[5.616869] (rtabmap_msgs) StdoutLine: {'line': b'-- Up-to-date symlink: /home/brace/codeSpace/navi/install/rtabmap_msgs/share/rtabmap_msgs/srv/ListLabels_Response.msg\n'}
[5.616928] (rtabmap_msgs) StdoutLine: {'line': b'-- Up-to-date symlink: /home/brace/codeSpace/navi/install/rtabmap_msgs/share/rtabmap_msgs/srv/PublishMap.srv\n'}
[5.617043] (rtabmap_msgs) StdoutLine: {'line': b'-- Up-to-date symlink: /home/brace/codeSpace/navi/install/rtabmap_msgs/share/rtabmap_msgs/srv/PublishMap_Request.msg\n'}
[5.617224] (rtabmap_msgs) StdoutLine: {'line': b'-- Up-to-date symlink: /home/brace/codeSpace/navi/install/rtabmap_msgs/share/rtabmap_msgs/srv/PublishMap_Response.msg\n'}
[5.619473] (rtabmap_msgs) StdoutLine: {'line': b'-- Up-to-date symlink: /home/brace/codeSpace/navi/install/rtabmap_msgs/share/rtabmap_msgs/srv/ResetPose.srv\n'}
[5.619582] (rtabmap_msgs) StdoutLine: {'line': b'-- Up-to-date symlink: /home/brace/codeSpace/navi/install/rtabmap_msgs/share/rtabmap_msgs/srv/ResetPose_Request.msg\n'}
[5.619716] (rtabmap_msgs) StdoutLine: {'line': b'-- Up-to-date symlink: /home/brace/codeSpace/navi/install/rtabmap_msgs/share/rtabmap_msgs/srv/ResetPose_Response.msg\n'}
[5.619765] (rtabmap_msgs) StdoutLine: {'line': b'-- Up-to-date symlink: /home/brace/codeSpace/navi/install/rtabmap_msgs/share/rtabmap_msgs/srv/SetGoal.srv\n'}
[5.619872] (rtabmap_msgs) StdoutLine: {'line': b'-- Up-to-date symlink: /home/brace/codeSpace/navi/install/rtabmap_msgs/share/rtabmap_msgs/srv/SetGoal_Request.msg\n'}
[5.619920] (rtabmap_msgs) StdoutLine: {'line': b'-- Up-to-date symlink: /home/brace/codeSpace/navi/install/rtabmap_msgs/share/rtabmap_msgs/srv/SetGoal_Response.msg\n'}
[5.620026] (rtabmap_msgs) StdoutLine: {'line': b'-- Up-to-date symlink: /home/brace/codeSpace/navi/install/rtabmap_msgs/share/rtabmap_msgs/srv/SetLabel.srv\n'}
[5.620131] (rtabmap_msgs) StdoutLine: {'line': b'-- Up-to-date symlink: /home/brace/codeSpace/navi/install/rtabmap_msgs/share/rtabmap_msgs/srv/SetLabel_Request.msg\n'}
[5.620181] (rtabmap_msgs) StdoutLine: {'line': b'-- Up-to-date symlink: /home/brace/codeSpace/navi/install/rtabmap_msgs/share/rtabmap_msgs/srv/SetLabel_Response.msg\n'}
[5.620226] (rtabmap_msgs) StdoutLine: {'line': b'-- Up-to-date symlink: /home/brace/codeSpace/navi/install/rtabmap_msgs/share/rtabmap_msgs/srv/RemoveLabel.srv\n'}
[5.620350] (rtabmap_msgs) StdoutLine: {'line': b'-- Up-to-date symlink: /home/brace/codeSpace/navi/install/rtabmap_msgs/share/rtabmap_msgs/srv/RemoveLabel_Request.msg\n'}
[5.620401] (rtabmap_msgs) StdoutLine: {'line': b'-- Up-to-date symlink: /home/brace/codeSpace/navi/install/rtabmap_msgs/share/rtabmap_msgs/srv/RemoveLabel_Response.msg\n'}
[5.620511] (rtabmap_msgs) StdoutLine: {'line': b'-- Up-to-date symlink: /home/brace/codeSpace/navi/install/rtabmap_msgs/share/rtabmap_msgs/srv/GetPlan.srv\n'}
[5.620563] (rtabmap_msgs) StdoutLine: {'line': b'-- Up-to-date symlink: /home/brace/codeSpace/navi/install/rtabmap_msgs/share/rtabmap_msgs/srv/GetPlan_Request.msg\n'}
[5.620613] (rtabmap_msgs) StdoutLine: {'line': b'-- Up-to-date symlink: /home/brace/codeSpace/navi/install/rtabmap_msgs/share/rtabmap_msgs/srv/GetPlan_Response.msg\n'}
[5.620665] (rtabmap_msgs) StdoutLine: {'line': b'-- Up-to-date symlink: /home/brace/codeSpace/navi/install/rtabmap_msgs/share/rtabmap_msgs/srv/AddLink.srv\n'}
[5.620717] (rtabmap_msgs) StdoutLine: {'line': b'-- Up-to-date symlink: /home/brace/codeSpace/navi/install/rtabmap_msgs/share/rtabmap_msgs/srv/AddLink_Request.msg\n'}
[5.620768] (rtabmap_msgs) StdoutLine: {'line': b'-- Up-to-date symlink: /home/brace/codeSpace/navi/install/rtabmap_msgs/share/rtabmap_msgs/srv/AddLink_Response.msg\n'}
[5.620819] (rtabmap_msgs) StdoutLine: {'line': b'-- Up-to-date symlink: /home/brace/codeSpace/navi/install/rtabmap_msgs/share/rtabmap_msgs/srv/GetNodeData.srv\n'}
[5.620870] (rtabmap_msgs) StdoutLine: {'line': b'-- Up-to-date symlink: /home/brace/codeSpace/navi/install/rtabmap_msgs/share/rtabmap_msgs/srv/GetNodeData_Request.msg\n'}
[5.621011] (rtabmap_msgs) StdoutLine: {'line': b'-- Up-to-date symlink: /home/brace/codeSpace/navi/install/rtabmap_msgs/share/rtabmap_msgs/srv/GetNodeData_Response.msg\n'}
[5.621074] (rtabmap_msgs) StdoutLine: {'line': b'-- Up-to-date symlink: /home/brace/codeSpace/navi/install/rtabmap_msgs/share/rtabmap_msgs/srv/GetNodesInRadius.srv\n'}
[5.621192] (rtabmap_msgs) StdoutLine: {'line': b'-- Up-to-date symlink: /home/brace/codeSpace/navi/install/rtabmap_msgs/share/rtabmap_msgs/srv/GetNodesInRadius_Request.msg\n'}
[5.621249] (rtabmap_msgs) StdoutLine: {'line': b'-- Up-to-date symlink: /home/brace/codeSpace/navi/install/rtabmap_msgs/share/rtabmap_msgs/srv/GetNodesInRadius_Response.msg\n'}
[5.621431] (rtabmap_msgs) StdoutLine: {'line': b'-- Up-to-date symlink: /home/brace/codeSpace/navi/install/rtabmap_msgs/share/rtabmap_msgs/srv/LoadDatabase.srv\n'}
[5.621485] (rtabmap_msgs) StdoutLine: {'line': b'-- Up-to-date symlink: /home/brace/codeSpace/navi/install/rtabmap_msgs/share/rtabmap_msgs/srv/LoadDatabase_Request.msg\n'}
[5.621614] (rtabmap_msgs) StdoutLine: {'line': b'-- Up-to-date symlink: /home/brace/codeSpace/navi/install/rtabmap_msgs/share/rtabmap_msgs/srv/LoadDatabase_Response.msg\n'}
[5.621742] (rtabmap_msgs) StdoutLine: {'line': b'-- Up-to-date symlink: /home/brace/codeSpace/navi/install/rtabmap_msgs/share/rtabmap_msgs/srv/DetectMoreLoopClosures.srv\n'}
[5.621894] (rtabmap_msgs) StdoutLine: {'line': b'-- Up-to-date symlink: /home/brace/codeSpace/navi/install/rtabmap_msgs/share/rtabmap_msgs/srv/DetectMoreLoopClosures_Request.msg\n'}
[5.622058] (rtabmap_msgs) StdoutLine: {'line': b'-- Up-to-date symlink: /home/brace/codeSpace/navi/install/rtabmap_msgs/share/rtabmap_msgs/srv/DetectMoreLoopClosures_Response.msg\n'}
[5.622211] (rtabmap_msgs) StdoutLine: {'line': b'-- Up-to-date symlink: /home/brace/codeSpace/navi/install/rtabmap_msgs/share/rtabmap_msgs/srv/GlobalBundleAdjustment.srv\n'}
[5.622473] (rtabmap_msgs) StdoutLine: {'line': b'-- Up-to-date symlink: /home/brace/codeSpace/navi/install/rtabmap_msgs/share/rtabmap_msgs/srv/GlobalBundleAdjustment_Request.msg\n'}
[5.622641] (rtabmap_msgs) StdoutLine: {'line': b'-- Up-to-date symlink: /home/brace/codeSpace/navi/install/rtabmap_msgs/share/rtabmap_msgs/srv/GlobalBundleAdjustment_Response.msg\n'}
[5.622786] (rtabmap_msgs) StdoutLine: {'line': b'-- Up-to-date symlink: /home/brace/codeSpace/navi/install/rtabmap_msgs/share/rtabmap_msgs/srv/CleanupLocalGrids.srv\n'}
[5.622936] (rtabmap_msgs) StdoutLine: {'line': b'-- Up-to-date symlink: /home/brace/codeSpace/navi/install/rtabmap_msgs/share/rtabmap_msgs/srv/CleanupLocalGrids_Request.msg\n'}
[5.623069] (rtabmap_msgs) StdoutLine: {'line': b'-- Up-to-date symlink: /home/brace/codeSpace/navi/install/rtabmap_msgs/share/rtabmap_msgs/srv/CleanupLocalGrids_Response.msg\n'}
[5.623210] (rtabmap_msgs) StdoutLine: {'line': b'-- Up-to-date symlink: /home/brace/codeSpace/navi/install/rtabmap_msgs/share/ament_index/resource_index/package_run_dependencies/rtabmap_msgs\n'}
[5.623370] (rtabmap_msgs) StdoutLine: {'line': b'-- Up-to-date symlink: /home/brace/codeSpace/navi/install/rtabmap_msgs/share/ament_index/resource_index/parent_prefix_path/rtabmap_msgs\n'}
[5.623507] (rtabmap_msgs) StdoutLine: {'line': b'-- Up-to-date symlink: /home/brace/codeSpace/navi/install/rtabmap_msgs/share/rtabmap_msgs/environment/ament_prefix_path.sh\n'}
[5.623652] (rtabmap_msgs) StdoutLine: {'line': b'-- Up-to-date symlink: /home/brace/codeSpace/navi/install/rtabmap_msgs/share/rtabmap_msgs/environment/ament_prefix_path.dsv\n'}
[5.623805] (rtabmap_msgs) StdoutLine: {'line': b'-- Up-to-date symlink: /home/brace/codeSpace/navi/install/rtabmap_msgs/share/rtabmap_msgs/environment/path.sh\n'}
[5.623951] (rtabmap_msgs) StdoutLine: {'line': b'-- Up-to-date symlink: /home/brace/codeSpace/navi/install/rtabmap_msgs/share/rtabmap_msgs/environment/path.dsv\n'}
[5.624099] (rtabmap_msgs) StdoutLine: {'line': b'-- Up-to-date symlink: /home/brace/codeSpace/navi/install/rtabmap_msgs/share/rtabmap_msgs/local_setup.bash\n'}
[5.624246] (rtabmap_msgs) StdoutLine: {'line': b'-- Up-to-date symlink: /home/brace/codeSpace/navi/install/rtabmap_msgs/share/rtabmap_msgs/local_setup.sh\n'}
[5.624412] (rtabmap_msgs) StdoutLine: {'line': b'-- Up-to-date symlink: /home/brace/codeSpace/navi/install/rtabmap_msgs/share/rtabmap_msgs/local_setup.zsh\n'}
[5.624556] (rtabmap_msgs) StdoutLine: {'line': b'-- Up-to-date symlink: /home/brace/codeSpace/navi/install/rtabmap_msgs/share/rtabmap_msgs/local_setup.dsv\n'}
[5.624699] (rtabmap_msgs) StdoutLine: {'line': b'-- Symlinking: /home/brace/codeSpace/navi/install/rtabmap_msgs/share/rtabmap_msgs/package.dsv\n'}
[5.629624] (rtabmap) StderrLine: {'line': b"/usr/bin/ld: ../../bin/librtabmap_gui.so.0.23.4: undefined reference to `vtable for rtabmap::RecoveryState'\n"}
[5.629992] (rtabmap) StderrLine: {'line': b"/usr/bin/ld: ../../bin/librtabmap_gui.so.0.23.4: undefined reference to `vtable for rtabmap::GraphViewer'\n"}
[5.630074] (rtabmap) StderrLine: {'line': b"/usr/bin/ld: ../../bin/librtabmap_gui.so.0.23.4: undefined reference to `rtabmap::EditConstraintDialog::EditConstraintDialog(rtabmap::Transform const&, cv::Mat const&, QWidget*)'\n"}
[5.630290] (rtabmap) StderrLine: {'line': b"/usr/bin/ld: ../../bin/librtabmap_gui.so.0.23.4: undefined reference to `UPlot::addThreshold(QString const&, double, Qt::Orientation)'\n"}
[5.631079] (rtabmap) StderrLine: {'line': b"/usr/bin/ld: ../../bin/librtabmap_gui.so.0.23.4: undefined reference to `rtabmap::LinkRefiningDialog::isRangeByNodeId() const'\n"}
[5.633292] (rtabmap) StderrLine: {'line': b"/usr/bin/ld: ../../bin/librtabmap_gui.so.0.23.4: undefined reference to `rtabmap::CreateSimpleCalibrationDialog::CreateSimpleCalibrationDialog(QString const&, QString const&, QWidget*)'\n"}
[5.633460] (rtabmap) StderrLine: {'line': b"/usr/bin/ld: ../../bin/librtabmap_gui.so.0.23.4: undefined reference to `rtabmap::ImageView::setImageDepth(cv::Mat const&, cv::Mat const&)'\n"}
[5.634426] (rtabmap) StderrLine: {'line': b"/usr/bin/ld: ../../bin/librtabmap_gui.so.0.23.4: undefined reference to `rtabmap::ExportDialog::isUserDataExported() const'\n"}
[5.634578] (rtabmap) StderrLine: {'line': b"/usr/bin/ld: ../../bin/librtabmap_gui.so.0.23.4: undefined reference to `rtabmap::MainWindow::statsProcessed()'\n"}
[5.634634] (rtabmap) StderrLine: {'line': b"/usr/bin/ld: ../../bin/librtabmap_gui.so.0.23.4: undefined reference to `rtabmap::ImageView::isImageDepthShown() const'\n"}
[5.634872] (rtabmap) StderrLine: {'line': b"/usr/bin/ld: ../../bin/librtabmap_gui.so.0.23.4: undefined reference to `rtabmap::ExportDialog::targetFramerate() const'\n"}
[5.635353] (rtabmap) StderrLine: {'line': b"/usr/bin/ld: ../../bin/librtabmap_gui.so.0.23.4: undefined reference to `QMultiComboBox::addItem(QString const&, QVariant const&)'\n"}
[5.635547] (rtabmap) StderrLine: {'line': b"/usr/bin/ld: ../../bin/librtabmap_gui.so.0.23.4: undefined reference to `rtabmap::PreferencesDialog::settingsChanged(std::map<std::__cxx11::basic_string<char, std::char_traits<char>, std::allocator<char> >, std::__cxx11::basic_string<char, std::char_traits<char>, std::allocator<char> >, std::less<std::__cxx11::basic_string<char, std::char_traits<char>, std::allocator<char> > >, std::allocator<std::pair<std::__cxx11::basic_string<char, std::char_traits<char>, std::allocator<char> > const, std::__cxx11::basic_string<char, std::char_traits<char>, std::allocator<char> > > > >)'\n"}
[5.635646] (rtabmap) StderrLine: {'line': b"/usr/bin/ld: ../../bin/librtabmap_gui.so.0.23.4: undefined reference to `rtabmap::EditConstraintDialog::getTransform() const'\n"}
[5.636918] (rtabmap) StderrLine: {'line': b"/usr/bin/ld: ../../bin/librtabmap_gui.so.0.23.4: undefined reference to `rtabmap::ExportBundlerDialog::exportBundler(std::map<int, rtabmap::Transform, std::less<int>, std::allocator<std::pair<int const, rtabmap::Transform> > >&, std::multimap<int, rtabmap::Link, std::less<int>, std::allocator<std::pair<int const, rtabmap::Link> > > const&, QMap<int, rtabmap::Signature> const&, std::map<std::__cxx11::basic_string<char, std::char_traits<char>, std::allocator<char> >, std::__cxx11::basic_string<char, std::char_traits<char>, std::allocator<char> >, std::less<std::__cxx11::basic_string<char, std::char_traits<char>, std::allocator<char> > >, std::allocator<std::pair<std::__cxx11::basic_string<char, std::char_traits<char>, std::allocator<char> > const, std::__cxx11::basic_string<char, std::char_traits<char>, std::allocator<char> > > > > const&)'\n"}
[5.637048] (rtabmap) StderrLine: {'line': b"/usr/bin/ld: ../../bin/librtabmap_gui.so.0.23.4: undefined reference to `rtabmap::EditDepthArea::EditDepthArea(QWidget*)'\n"}
[5.637174] (rtabmap) StderrLine: {'line': b"/usr/bin/ld: ../../bin/librtabmap_gui.so.0.23.4: undefined reference to `rtabmap::MainWindow::rtabmapGoalStatusEventReceived(int)'\n"}
[5.638209] (rtabmap) StderrLine: {'line': b"/usr/bin/ld: ../../bin/librtabmap_gui.so.0.23.4: undefined reference to `rtabmap::StatsToolBox::closeFigures()'\n"}
[5.638386] (rtabmap) StderrLine: {'line': b"/usr/bin/ld: ../../bin/librtabmap_gui.so.0.23.4: undefined reference to `rtabmap::GraphViewer::linkSelected(int, int)'\n"}
[5.638676] (rtabmap) StderrLine: {'line': b"/usr/bin/ld: ../../bin/librtabmap_gui.so.0.23.4: undefined reference to `rtabmap::ProgressDialog::clear()'\n"}
[5.638988] (rtabmap) StderrLine: {'line': b"/usr/bin/ld: ../../bin/librtabmap_gui.so.0.23.4: undefined reference to `rtabmap::ProgressDialog::resetProgress()'\n"}
[5.639374] (rtabmap_msgs) StdoutLine: {'line': b'-- Up-to-date symlink: /home/brace/codeSpace/navi/install/rtabmap_msgs/share/ament_index/resource_index/packages/rtabmap_msgs\n'}
[5.639730] (rtabmap_msgs) StdoutLine: {'line': b'-- Up-to-date symlink: /home/brace/codeSpace/navi/install/rtabmap_msgs/share/rtabmap_msgs/cmake/rosidl_cmake-extras.cmake\n'}
[5.639820] (rtabmap) StderrLine: {'line': b"/usr/bin/ld: ../../bin/librtabmap_gui.so.0.23.4: undefined reference to `UPlot::removeCurves()'\n"}
[5.640003] (rtabmap) StderrLine: {'line': b"/usr/bin/ld: ../../bin/librtabmap_gui.so.0.23.4: undefined reference to `rtabmap::ImageView::setLinesShown(bool)'\n"}
[5.640149] (rtabmap) StderrLine: {'line': b"/usr/bin/ld: ../../bin/librtabmap_gui.so.0.23.4: undefined reference to `rtabmap::StatsToolBox::updateStat(QString const&, double, double, bool)'\n"}
[5.640228] (rtabmap_msgs) StdoutLine: {'line': b'-- Up-to-date symlink: /home/brace/codeSpace/navi/install/rtabmap_msgs/share/rtabmap_msgs/cmake/ament_cmake_export_dependencies-extras.cmake\n'}
[5.640626] (rtabmap) StderrLine: {'line': b"/usr/bin/ld: ../../bin/librtabmap_gui.so.0.23.4: undefined reference to `rtabmap::ProgressDialog::incrementStep(int)'\n"}
[5.640841] (rtabmap_msgs) StdoutLine: {'line': b'-- Up-to-date symlink: /home/brace/codeSpace/navi/install/rtabmap_msgs/share/rtabmap_msgs/cmake/ament_cmake_export_include_directories-extras.cmake\n'}
[5.641015] (rtabmap) StderrLine: {'line': b"/usr/bin/ld: ../../bin/librtabmap_gui.so.0.23.4: undefined reference to `rtabmap::MainWindow::rtabmapGlobalPathEventReceived(rtabmap::RtabmapGlobalPathEvent const&)'\n"}
[5.641100] (rtabmap) StderrLine: {'line': b"/usr/bin/ld: ../../bin/librtabmap_gui.so.0.23.4: undefined reference to `rtabmap::DataRecorder::~DataRecorder()'\n"}
[5.641172] (rtabmap_msgs) StdoutLine: {'line': b'-- Up-to-date symlink: /home/brace/codeSpace/navi/install/rtabmap_msgs/share/rtabmap_msgs/cmake/ament_cmake_export_libraries-extras.cmake\n'}
[5.641242] (rtabmap_msgs) StdoutLine: {'line': b'-- Up-to-date symlink: /home/brace/codeSpace/navi/install/rtabmap_msgs/share/rtabmap_msgs/cmake/ament_cmake_export_targets-extras.cmake\n'}
[5.641322] (rtabmap_msgs) StdoutLine: {'line': b'-- Up-to-date symlink: /home/brace/codeSpace/navi/install/rtabmap_msgs/share/rtabmap_msgs/cmake/rosidl_cmake_export_typesupport_targets-extras.cmake\n'}
[5.641392] (rtabmap) StderrLine: {'line': b"/usr/bin/ld: ../../bin/librtabmap_gui.so.0.23.4: undefined reference to `QMultiComboBox::setItemChecked(int, bool)'\n"}
[5.641554] (rtabmap) StderrLine: {'line': b"/usr/bin/ld: ../../bin/librtabmap_gui.so.0.23.4: undefined reference to `rtabmap::MainWindow::stateChanged(rtabmap::MainWindow::State)'\n"}
[5.641692] (rtabmap) StderrLine: {'line': b"/usr/bin/ld: ../../bin/librtabmap_gui.so.0.23.4: undefined reference to `rtabmap::DataRecorder::addData(rtabmap::SensorData const&, rtabmap::Transform const&, cv::Mat const&)'\n"}
[5.641763] (rtabmap) StderrLine: {'line': b"/usr/bin/ld: ../../bin/librtabmap_gui.so.0.23.4: undefined reference to `rtabmap::GraphViewer::staticMetaObject'\n"}
[5.641837] (rtabmap_msgs) StdoutLine: {'line': b'-- Up-to-date symlink: /home/brace/codeSpace/navi/install/rtabmap_msgs/share/rtabmap_msgs/cmake/rosidl_cmake_export_typesupport_libraries-extras.cmake\n'}
[5.641906] (rtabmap) StderrLine: {'line': b"/usr/bin/ld: ../../bin/librtabmap_gui.so.0.23.4: undefined reference to `rtabmap::PostProcessingDialog::iterations() const'\n"}
[5.641973] (rtabmap_msgs) StdoutLine: {'line': b'-- Up-to-date symlink: /home/brace/codeSpace/navi/install/rtabmap_msgs/share/rtabmap_msgs/cmake/rtabmap_msgsConfig.cmake\n'}
[5.642041] (rtabmap_msgs) StdoutLine: {'line': b'-- Up-to-date symlink: /home/brace/codeSpace/navi/install/rtabmap_msgs/share/rtabmap_msgs/cmake/rtabmap_msgsConfig-version.cmake\n'}
[5.642110] (rtabmap) StderrLine: {'line': b"/usr/bin/ld: ../../bin/librtabmap_gui.so.0.23.4: undefined reference to `rtabmap::EditMapArea::EditMapArea(QWidget*)'\n"}
[5.642177] (rtabmap) StderrLine: {'line': b"/usr/bin/ld: ../../bin/librtabmap_gui.so.0.23.4: undefined reference to `rtabmap::MainWindow::noMoreImagesReceived()'\n"}
[5.642245] (rtabmap_msgs) StdoutLine: {'line': b'-- Up-to-date symlink: /home/brace/codeSpace/navi/install/rtabmap_msgs/share/rtabmap_msgs/package.xml\n'}
[5.642376] (rtabmap) StderrLine: {'line': b"/usr/bin/ld: ../../bin/librtabmap_gui.so.0.23.4: undefined reference to `rtabmap::ConsoleWidget::ConsoleWidget(QWidget*)'\n"}
[5.642451] (rtabmap) StderrLine: {'line': b"/usr/bin/ld: ../../bin/librtabmap_gui.so.0.23.4: undefined reference to `vtable for rtabmap::ParametersToolBox'\n"}
[5.642519] (rtabmap) StderrLine: {'line': b"/usr/bin/ld: ../../bin/librtabmap_gui.so.0.23.4: undefined reference to `rtabmap::EditMapArea::setMap(cv::Mat const&)'\n"}
[5.642588] (rtabmap) StderrLine: {'line': b"/usr/bin/ld: ../../bin/librtabmap_gui.so.0.23.4: undefined reference to `rtabmap::ExportBundlerDialog::staticMetaObject'\n"}
[5.642664] (rtabmap) StderrLine: {'line': b"/usr/bin/ld: ../../bin/librtabmap_gui.so.0.23.4: undefined reference to `rtabmap::PreferencesDialog::staticMetaObject'\n"}
[5.642965] (rtabmap_msgs) StdoutLine: {'line': b'-- Up-to-date: /home/brace/codeSpace/navi/install/rtabmap_msgs/lib/librtabmap_msgs__rosidl_generator_c.so\n'}
[5.643082] (rtabmap) StderrLine: {'line': b"/usr/bin/ld: ../../bin/librtabmap_gui.so.0.23.4: undefined reference to `rtabmap::MainWindow::staticMetaObject'\n"}
[5.643148] (rtabmap) StderrLine: {'line': b"/usr/bin/ld: ../../bin/librtabmap_gui.so.0.23.4: undefined reference to `rtabmap::CalibrationDialog::setSwitchedImages(bool)'\n"}
[5.643327] (rtabmap) StderrLine: {'line': b"/usr/bin/ld: ../../bin/librtabmap_gui.so.0.23.4: undefined reference to `rtabmap::CalibrationDialog::setSquareSize(double)'\n"}
[5.643461] (rtabmap) StderrLine: {'line': b"/usr/bin/ld: ../../bin/librtabmap_gui.so.0.23.4: undefined reference to `rtabmap::StatsToolBox::clear()'\n"}
[5.643515] (rtabmap_msgs) StdoutLine: {'line': b'-- Up-to-date: /home/brace/codeSpace/navi/install/rtabmap_msgs/lib/librtabmap_msgs__rosidl_typesupport_fastrtps_c.so\n'}
[5.643573] (rtabmap) StderrLine: {'line': b"/usr/bin/ld: ../../bin/librtabmap_gui.so.0.23.4: undefined reference to `rtabmap::CalibrationDialog::setStereoMode(bool, QString const&, QString const&)'\n"}
[5.643778] (rtabmap) StderrLine: {'line': b"/usr/bin/ld: ../../bin/librtabmap_gui.so.0.23.4: undefined reference to `rtabmap::ImageView::setFeatures(std::vector<cv::KeyPoint, std::allocator<cv::KeyPoint> > const&, cv::Mat const&, QColor const&)'\n"}
[5.643840] (rtabmap_msgs) StdoutLine: {'line': b'-- Up-to-date: /home/brace/codeSpace/navi/install/rtabmap_msgs/lib/librtabmap_msgs__rosidl_typesupport_introspection_c.so\n'}
[5.643893] (rtabmap) StderrLine: {'line': b"/usr/bin/ld: ../../bin/librtabmap_gui.so.0.23.4: undefined reference to `rtabmap::GraphViewer::nodeSelected(int)'\n"}
[5.644071] (rtabmap_msgs) StdoutLine: {'line': b'-- Up-to-date: /home/brace/codeSpace/navi/install/rtabmap_msgs/lib/librtabmap_msgs__rosidl_typesupport_c.so\n'}
[5.644187] (rtabmap) StderrLine: {'line': b"/usr/bin/ld: ../../bin/librtabmap_gui.so.0.23.4: undefined reference to `rtabmap::CalibrationDialog::stereoCalibration(rtabmap::CameraModel const&, rtabmap::CameraModel const&, bool, QTextStream*) const'\n"}
[5.644340] (rtabmap) StderrLine: {'line': b"/usr/bin/ld: ../../bin/librtabmap_gui.so.0.23.4: undefined reference to `vtable for rtabmap::ExportCloudsDialog'\n"}
[5.644561] (rtabmap) StderrLine: {'line': b"/usr/bin/ld: ../../bin/librtabmap_gui.so.0.23.4: undefined reference to `rtabmap::ExportBundlerDialog::setWorkingDirectory(QString const&)'\n"}
[5.644642] (rtabmap_msgs) StdoutLine: {'line': b'-- Up-to-date: /home/brace/codeSpace/navi/install/rtabmap_msgs/lib/librtabmap_msgs__rosidl_typesupport_fastrtps_cpp.so\n'}
[5.644695] (rtabmap) StderrLine: {'line': b"/usr/bin/ld: ../../bin/librtabmap_gui.so.0.23.4: undefined reference to `rtabmap::ExportDialog::isRgbExported() const'\n"}
[5.644859] (rtabmap) StderrLine: {'line': b"/usr/bin/ld: ../../bin/librtabmap_gui.so.0.23.4: undefined reference to `rtabmap::PostProcessingDialog::sbaVariance() const'\n"}
[5.645095] (rtabmap) StderrLine: {'line': b"/usr/bin/ld: ../../bin/librtabmap_gui.so.0.23.4: undefined reference to `rtabmap::EditConstraintDialog::~EditConstraintDialog()'\n"}
[5.645149] (rtabmap) StderrLine: {'line': b"/usr/bin/ld: ../../bin/librtabmap_gui.so.0.23.4: undefined reference to `rtabmap::DataRecorder::init(QString const&, bool)'\n"}
[5.645200] (rtabmap) StderrLine: {'line': b"/usr/bin/ld: ../../bin/librtabmap_gui.so.0.23.4: undefined reference to `vtable for rtabmap::MultiSessionLocWidget'\n"}
[5.645252] (rtabmap) StderrLine: {'line': b"/usr/bin/ld: ../../bin/librtabmap_gui.so.0.23.4: undefined reference to `rtabmap::ParametersToolBox::staticMetaObject'\n"}
[5.645450] (rtabmap) StderrLine: {'line': b"/usr/bin/ld: ../../bin/librtabmap_gui.so.0.23.4: undefined reference to `vtable for rtabmap::TexturingState'\n"}
[5.645512] (rtabmap) StderrLine: {'line': b"/usr/bin/ld: ../../bin/librtabmap_gui.so.0.23.4: undefined reference to `rtabmap::CalibrationDialog::resetSettings()'\n"}
[5.645564] (rtabmap) StderrLine: {'line': b"/usr/bin/ld: ../../bin/librtabmap_gui.so.0.23.4: undefined reference to `rtabmap::ImageView::clearLines()'\n"}
[5.645613] (rtabmap) StderrLine: {'line': b"/usr/bin/ld: ../../bin/librtabmap_gui.so.0.23.4: undefined reference to `rtabmap::GraphViewer::mapShownRequested()'\n"}
[5.645663] (rtabmap) StderrLine: {'line': b"/usr/bin/ld: ../../bin/librtabmap_gui.so.0.23.4: undefined reference to `QMultiComboBox::itemText(int)'\n"}
[5.645712] (rtabmap_msgs) StdoutLine: {'line': b'-- Up-to-date: /home/brace/codeSpace/navi/install/rtabmap_msgs/lib/librtabmap_msgs__rosidl_typesupport_introspection_cpp.so\n'}
[5.646144] (rtabmap) StderrLine: {'line': b"/usr/bin/ld: ../../bin/librtabmap_gui.so.0.23.4: undefined reference to `rtabmap::ImageView::clearFeatures()'\n"}
[5.646230] (rtabmap) StderrLine: {'line': b"/usr/bin/ld: ../../bin/librtabmap_gui.so.0.23.4: undefined reference to `rtabmap::DataRecorder::DataRecorder(QWidget*)'\n"}
[5.646310] (rtabmap) StderrLine: {'line': b"/usr/bin/ld: ../../bin/librtabmap_gui.so.0.23.4: undefined reference to `rtabmap::PostProcessingDialog::staticMetaObject'\n"}
[5.646382] (rtabmap_msgs) StdoutLine: {'line': b'-- Up-to-date: /home/brace/codeSpace/navi/install/rtabmap_msgs/lib/librtabmap_msgs__rosidl_typesupport_cpp.so\n'}
[5.646511] (rtabmap) StderrLine: {'line': b"/usr/bin/ld: ../../bin/librtabmap_gui.so.0.23.4: undefined reference to `rtabmap::MapVisibilityWidget::clear()'\n"}
[5.646658] (rtabmap) StderrLine: {'line': b"/usr/bin/ld: ../../bin/librtabmap_gui.so.0.23.4: undefined reference to `rtabmap::ExportDialog::isDepth2dExported() const'\n"}
[5.646705] (rtabmap) StderrLine: {'line': b"/usr/bin/ld: ../../bin/librtabmap_gui.so.0.23.4: undefined reference to `rtabmap::PdfPlotCurve::PdfPlotCurve(QString const&, QMap<int, rtabmap::Signature> const*, QObject*)'\n"}
[5.646738] (rtabmap) StderrLine: {'line': b"/usr/bin/ld: ../../bin/librtabmap_gui.so.0.23.4: undefined reference to `vtable for rtabmap::MainWindow'\n"}
[5.646766] (rtabmap) StderrLine: {'line': b"/usr/bin/ld: ../../bin/librtabmap_gui.so.0.23.4: undefined reference to `rtabmap::CalibrationDialog::setBoardWidth(int)'\n"}
[5.646793] (rtabmap) StderrLine: {'line': b"/usr/bin/ld: ../../bin/librtabmap_gui.so.0.23.4: undefined reference to `rtabmap::ProgressDialog::ProgressDialog(QWidget*, QFlags<Qt::WindowType>)'\n"}
[5.646820] (rtabmap) StderrLine: {'line': b"/usr/bin/ld: ../../bin/librtabmap_gui.so.0.23.4: undefined reference to `rtabmap::PdfPlotCurve::setData(QMap<int, float> const&, QMap<int, int> const&)'\n"}
[5.646948] (rtabmap) StderrLine: {'line': b"/usr/bin/ld: ../../bin/librtabmap_gui.so.0.23.4: undefined reference to `rtabmap::MainWindow::imgRateChanged(double)'\n"}
[5.647096] (rtabmap) StderrLine: {'line': b"/usr/bin/ld: ../../bin/librtabmap_gui.so.0.23.4: undefined reference to `rtabmap::ImageView::isLinesShown() const'\n"}
[5.647292] (rtabmap) StderrLine: {'line': b"/usr/bin/ld: ../../bin/librtabmap_gui.so.0.23.4: undefined reference to `rtabmap::StatsToolBox::updateStat(QString const&, std::vector<double, std::allocator<double> > const&, std::vector<double, std::allocator<double> > const&, bool)'\n"}
[5.647574] (rtabmap) StderrLine: {'line': b"/usr/bin/ld: ../../bin/librtabmap_gui.so.0.23.4: undefined reference to `rtabmap::ProgressDialog::setValue(int)'\n"}
[5.647770] (rtabmap) StderrLine: {'line': b"/usr/bin/ld: ../../bin/librtabmap_gui.so.0.23.4: undefined reference to `rtabmap::ImageView::saveSettings(QSettings&, QString const&) const'\n"}
[5.647963] (rtabmap) StderrLine: {'line': b"/usr/bin/ld: ../../bin/librtabmap_gui.so.0.23.4: undefined reference to `rtabmap::MapVisibilityWidget::MapVisibilityWidget(QWidget*)'\n"}
[5.648159] (rtabmap) StderrLine: {'line': b"/usr/bin/ld: ../../bin/librtabmap_gui.so.0.23.4: undefined reference to `rtabmap::PostProcessingDialog::sbaRematchFeatures() const'\n"}
[5.648948] (rtabmap) StderrLine: {'line': b"/usr/bin/ld: ../../bin/librtabmap_gui.so.0.23.4: undefined reference to `rtabmap::ImageView::sceneRect() const'\n"}
[5.649312] (rtabmap) StderrLine: {'line': b"/usr/bin/ld: ../../bin/librtabmap_gui.so.0.23.4: undefined reference to `rtabmap::ParametersToolBox::parametersChanged(QStringList const&)'\n"}
[5.649881] (rtabmap) StderrLine: {'line': b"/usr/bin/ld: ../../bin/librtabmap_gui.so.0.23.4: undefined reference to `rtabmap::CalibrationDialog::boardWidth() const'\n"}
[5.649957] (rtabmap) StderrLine: {'line': b"/usr/bin/ld: ../../bin/librtabmap_gui.so.0.23.4: undefined reference to `rtabmap::ExportBundlerDialog::loadSettings(QSettings&, QString const&)'\n"}
[5.650249] (rtabmap) StderrLine: {'line': b"/usr/bin/ld: ../../bin/librtabmap_gui.so.0.23.4: undefined reference to `rtabmap::LinkRefiningDialog::isRangeByMapId() const'\n"}
[5.650412] (rtabmap) StderrLine: {'line': b"/usr/bin/ld: ../../bin/librtabmap_gui.so.0.23.4: undefined reference to `rtabmap::LoopClosureViewer::updateView(rtabmap::Transform const&, std::map<std::__cxx11::basic_string<char, std::char_traits<char>, std::allocator<char> >, std::__cxx11::basic_string<char, std::char_traits<char>, std::allocator<char> >, std::less<std::__cxx11::basic_string<char, std::char_traits<char>, std::allocator<char> > >, std::allocator<std::pair<std::__cxx11::basic_string<char, std::char_traits<char>, std::allocator<char> > const, std::__cxx11::basic_string<char, std::char_traits<char>, std::allocator<char> > > > > const&)'\n"}
[5.650679] (rtabmap) StderrLine: {'line': b"/usr/bin/ld: ../../bin/librtabmap_gui.so.0.23.4: undefined reference to `rtabmap::ExportDialog::~ExportDialog()'\n"}
[5.650742] (rtabmap) StderrLine: {'line': b"/usr/bin/ld: ../../bin/librtabmap_gui.so.0.23.4: undefined reference to `rtabmap::ImageView::getDefaultFeatureColor() const'\n"}
[5.650799] (rtabmap) StderrLine: {'line': b"/usr/bin/ld: ../../bin/librtabmap_gui.so.0.23.4: undefined reference to `rtabmap::ProgressDialog::~ProgressDialog()'\n"}
[5.650935] (rtabmap) StderrLine: {'line': b"/usr/bin/ld: ../../bin/librtabmap_gui.so.0.23.4: undefined reference to `rtabmap::StatsToolBox::updateStat(QString const&, double, bool)'\n"}
[5.651478] (rtabmap) StderrLine: {'line': b"/usr/bin/ld: ../../bin/librtabmap_gui.so.0.23.4: undefined reference to `QMultiComboBox::clear()'\n"}
[5.651564] (rtabmap) StderrLine: {'line': b"/usr/bin/ld: ../../bin/librtabmap_gui.so.0.23.4: undefined reference to `rtabmap::MainWindow::rtabmapEvent3DMapReceived(rtabmap::RtabmapEvent3DMap const&)'\n"}
[5.652167] (rtabmap) StderrLine: {'line': b"/usr/bin/ld: ../../bin/librtabmap_gui.so.0.23.4: undefined reference to `vtable for rtabmap::CloudViewer'\n"}
[5.652282] (rtabmap) StderrLine: {'line': b"/usr/bin/ld: ../../bin/librtabmap_gui.so.0.23.4: undefined reference to `rtabmap::ImageView::getDefaultBackgroundColor() const'\n"}
[5.652429] (rtabmap) StderrLine: {'line': b"/usr/bin/ld: ../../bin/librtabmap_gui.so.0.23.4: undefined reference to `rtabmap::ImageView::isFeaturesShown() const'\n"}
[5.652494] (rtabmap) StderrLine: {'line': b"/usr/bin/ld: ../../bin/librtabmap_gui.so.0.23.4: undefined reference to `rtabmap::PostProcessingDialog::clusterRadius() const'\n"}
[5.652981] (rtabmap) StderrLine: {'line': b"/usr/bin/ld: ../../bin/librtabmap_gui.so.0.23.4: undefined reference to `rtabmap::StatItem::staticMetaObject'\n"}
[5.653057] (rtabmap) StderrLine: {'line': b"/usr/bin/ld: ../../bin/librtabmap_gui.so.0.23.4: undefined reference to `qInitResources_GuiLib()'\n"}
[5.653252] (rtabmap) StderrLine: {'line': b"/usr/bin/ld: ../../bin/librtabmap_gui.so.0.23.4: undefined reference to `rtabmap::ProgressDialog::appendText(QString const&, QColor const&)'\n"}
[5.653812] (rtabmap) StderrLine: {'line': b"/usr/bin/ld: ../../bin/librtabmap_gui.so.0.23.4: undefined reference to `rtabmap::ConsoleWidget::appendMsg(QString const&, int)'\n"}
[5.653997] (rtabmap) StderrLine: {'line': b"/usr/bin/ld: ../../bin/librtabmap_gui.so.0.23.4: undefined reference to `rtabmap::MainWindow::timeLimitChanged(float)'\n"}
[5.654330] (rtabmap) StderrLine: {'line': b"/usr/bin/ld: ../../bin/librtabmap_gui.so.0.23.4: undefined reference to `rtabmap::ExportDialog::framesIgnored() const'\n"}
[5.654538] (rtabmap) StderrLine: {'line': b"/usr/bin/ld: ../../bin/librtabmap_gui.so.0.23.4: undefined reference to `rtabmap::MapVisibilityWidget::setMap(std::map<int, rtabmap::Transform, std::less<int>, std::allocator<std::pair<int const, rtabmap::Transform> > > const&, std::map<int, bool, std::less<int>, std::allocator<std::pair<int const, bool> > > const&)'\n"}
[5.655160] (rtabmap) StderrLine: {'line': b"/usr/bin/ld: ../../bin/librtabmap_gui.so.0.23.4: undefined reference to `rtabmap::StatsToolBox::updateStat(QString const&, bool)'\n"}
[5.655398] (rtabmap) StderrLine: {'line': b"/usr/bin/ld: ../../bin/librtabmap_gui.so.0.23.4: undefined reference to `rtabmap::MainWindow::loopClosureThrChanged(double)'\n"}
[5.655894] (rtabmap) StderrLine: {'line': b"/usr/bin/ld: ../../bin/librtabmap_gui.so.0.23.4: undefined reference to `rtabmap::CalibrationDialog::setBoardHeight(int)'\n"}
[5.656002] (rtabmap) StderrLine: {'line': b"/usr/bin/ld: ../../bin/librtabmap_gui.so.0.23.4: undefined reference to `rtabmap::MainWindow::rtabmapLabelErrorReceived(int, QString const&)'\n"}
[5.656392] (rtabmap) StderrLine: {'line': b"/usr/bin/ld: ../../bin/librtabmap_gui.so.0.23.4: undefined reference to `rtabmap::vtkImageMatSource::SetImage(cv::_InputArray const&)'\n"}
[5.656517] (rtabmap) StderrLine: {'line': b"/usr/bin/ld: ../../bin/librtabmap_gui.so.0.23.4: undefined reference to `UPlot::addCurve(UPlotCurve*, bool)'\n"}
[5.656726] (rtabmap) StderrLine: {'line': b"/usr/bin/ld: ../../bin/librtabmap_gui.so.0.23.4: undefined reference to `rtabmap::LinkRefiningDialog::LinkRefiningDialog(QWidget*)'\n"}
[5.656790] (rtabmap) StderrLine: {'line': b"/usr/bin/ld: ../../bin/librtabmap_gui.so.0.23.4: undefined reference to `rtabmap::OdometryViewer::OdometryViewer(int, int, float, float, int, QWidget*, std::map<std::__cxx11::basic_string<char, std::char_traits<char>, std::allocator<char> >, std::__cxx11::basic_string<char, std::char_traits<char>, std::allocator<char> >, std::less<std::__cxx11::basic_string<char, std::char_traits<char>, std::allocator<char> > >, std::allocator<std::pair<std::__cxx11::basic_string<char, std::char_traits<char>, std::allocator<char> > const, std::__cxx11::basic_string<char, std::char_traits<char>, std::allocator<char> > > > > const&)'\n"}
[5.656851] (rtabmap) StderrLine: {'line': b"/usr/bin/ld: ../../bin/librtabmap_gui.so.0.23.4: undefined reference to `rtabmap::PostProcessingDialog::sbaType() const'\n"}
[5.656953] (rtabmap) StderrLine: {'line': b"/usr/bin/ld: ../../bin/librtabmap_gui.so.0.23.4: undefined reference to `rtabmap::ProgressDialog::setAutoClose(bool, int)'\n"}
[5.657252] (rtabmap) StderrLine: {'line': b"/usr/bin/ld: ../../bin/librtabmap_gui.so.0.23.4: undefined reference to `QMultiComboBox::setCurrentIndex(int)'\n"}
[5.657422] (rtabmap) StderrLine: {'line': b"/usr/bin/ld: ../../bin/librtabmap_gui.so.0.23.4: undefined reference to `rtabmap::ImageView::setImageShown(bool)'\n"}
[5.658024] (rtabmap) StderrLine: {'line': b"/usr/bin/ld: ../../bin/librtabmap_gui.so.0.23.4: undefined reference to `rtabmap::ImageView::isImageShown() const'\n"}
[5.658124] (rtabmap) StderrLine: {'line': b"/usr/bin/ld: ../../bin/librtabmap_gui.so.0.23.4: undefined reference to `rtabmap::ImageView::staticMetaObject'\n"}
[5.658421] (rtabmap) StderrLine: {'line': b"/usr/bin/ld: ../../bin/librtabmap_gui.so.0.23.4: undefined reference to `rtabmap::PostProcessingDialog::intraSession() const'\n"}
[5.658530] (rtabmap) StderrLine: {'line': b"/usr/bin/ld: ../../bin/librtabmap_gui.so.0.23.4: undefined reference to `rtabmap::EditDepthArea::setColorMap(uCvQtDepthColorMap)'\n"}
[5.658636] (rtabmap) StderrLine: {'line': b"/usr/bin/ld: ../../bin/librtabmap_gui.so.0.23.4: undefined reference to `rtabmap::ExportDialog::isOdomExported() const'\n"}
[5.658745] (rtabmap) StderrLine: {'line': b"/usr/bin/ld: ../../bin/librtabmap_gui.so.0.23.4: undefined reference to `rtabmap::LinkRefiningDialog::getLinkType() const'\n"}
[5.658841] (rtabmap) StderrLine: {'line': b"/usr/bin/ld: ../../bin/librtabmap_gui.so.0.23.4: undefined reference to `rtabmap::MultiSessionLocSubView::clear()'\n"}
[5.659333] (rtabmap) StderrLine: {'line': b"/usr/bin/ld: ../../bin/librtabmap_gui.so.0.23.4: undefined reference to `rtabmap::PostProcessingDialog::isRefineNeighborLinks() const'\n"}
[5.659509] (rtabmap) StderrLine: {'line': b"/usr/bin/ld: ../../bin/librtabmap_gui.so.0.23.4: undefined reference to `rtabmap::MainWindow::odometryReceived(rtabmap::OdometryEvent const&, bool)'\n"}
[5.659640] (rtabmap) StderrLine: {'line': b"/usr/bin/ld: ../../bin/librtabmap_gui.so.0.23.4: undefined reference to `rtabmap::PostProcessingDialog::saveSettings(QSettings&, QString const&) const'\n"}
[5.660059] (rtabmap) StderrLine: {'line': b"/usr/bin/ld: ../../bin/librtabmap_gui.so.0.23.4: undefined reference to `rtabmap::EditMapArea::getModifiedMap() const'\n"}
[5.660232] (rtabmap) StderrLine: {'line': b"/usr/bin/ld: ../../bin/librtabmap_gui.so.0.23.4: undefined reference to `rtabmap::ImageView::setBackgroundColor(QColor const&)'\n"}
[5.660381] (rtabmap) StderrLine: {'line': b"/usr/bin/ld: ../../bin/librtabmap_gui.so.0.23.4: undefined reference to `rtabmap::ImageView::clear()'\n"}
[5.660438] (rtabmap) StderrLine: {'line': b"/usr/bin/ld: ../../bin/librtabmap_gui.so.0.23.4: undefined reference to `rtabmap::CalibrationDialog::boardHeight() const'\n"}
[5.660487] (rtabmap) StderrLine: {'line': b"/usr/bin/ld: ../../bin/librtabmap_gui.so.0.23.4: undefined reference to `rtabmap::DepthCalibrationDialog::staticMetaObject'\n"}
[5.660530] (rtabmap) StderrLine: {'line': b"/usr/bin/ld: ../../bin/librtabmap_gui.so.0.23.4: undefined reference to `rtabmap::PostProcessingDialog::clusterAngle() const'\n"}
[5.660783] (rtabmap) StderrLine: {'line': b"/usr/bin/ld: ../../bin/librtabmap_gui.so.0.23.4: undefined reference to `rtabmap::LinkRefiningDialog::setMinMax(int, int, int, int)'\n"}
[5.660907] (rtabmap) StderrLine: {'line': b"/usr/bin/ld: ../../bin/librtabmap_gui.so.0.23.4: undefined reference to `rtabmap::CalibrationDialog::staticMetaObject'\n"}
[5.661017] (rtabmap) StderrLine: {'line': b"/usr/bin/ld: ../../bin/librtabmap_gui.so.0.23.4: undefined reference to `QMultiComboBox::itemData(int)'\n"}
[5.661070] (rtabmap) StderrLine: {'line': b"/usr/bin/ld: ../../bin/librtabmap_gui.so.0.23.4: undefined reference to `UPlot::showLegend(bool)'\n"}
[5.661306] (rtabmap) StderrLine: {'line': b"/usr/bin/ld: ../../bin/librtabmap_gui.so.0.23.4: undefined reference to `rtabmap::LoopClosureViewer::LoopClosureViewer(QWidget*)'\n"}
[5.661406] (rtabmap) StderrLine: {'line': b"/usr/bin/ld: ../../bin/librtabmap_gui.so.0.23.4: undefined reference to `rtabmap::CalibrationDialog::CalibrationDialog(bool, QString const&, bool, QWidget*)'\n"}
[5.661614] (rtabmap) StderrLine: {'line': b"/usr/bin/ld: ../../bin/librtabmap_gui.so.0.23.4: undefined reference to `rtabmap::PostProcessingDialog::isSBA() const'\n"}
[5.661818] (rtabmap) StderrLine: {'line': b"/usr/bin/ld: ../../bin/librtabmap_gui.so.0.23.4: undefined reference to `rtabmap::ExportDialog::ExportDialog(QWidget*)'\n"}
[5.661970] (rtabmap) StderrLine: {'line': b"/usr/bin/ld: ../../bin/librtabmap_gui.so.0.23.4: undefined reference to `rtabmap::ImageView::setSceneRect(QRectF const&)'\n"}
[5.662023] (rtabmap) StderrLine: {'line': b"/usr/bin/ld: ../../bin/librtabmap_gui.so.0.23.4: undefined reference to `rtabmap::GraphViewer::configChanged()'\n"}
[5.662069] (rtabmap) StderrLine: {'line': b"/usr/bin/ld: ../../bin/librtabmap_gui.so.0.23.4: undefined reference to `rtabmap::EditDepthArea::setImage(cv::Mat const&, cv::Mat const&)'\n"}
[5.662228] (rtabmap) StderrLine: {'line': b"/usr/bin/ld: ../../bin/librtabmap_gui.so.0.23.4: undefined reference to `rtabmap::DatabaseViewer::staticMetaObject'\n"}
[5.662328] (rtabmap) StderrLine: {'line': b"/usr/bin/ld: ../../bin/librtabmap_gui.so.0.23.4: undefined reference to `rtabmap::ImageView::getDepthColorMap() const'\n"}
[5.662414] (rtabmap) StderrLine: {'line': b"/usr/bin/ld: ../../bin/librtabmap_gui.so.0.23.4: undefined reference to `UPlot::addCurve(QString const&, QColor const&)'\n"}
[5.662494] (rtabmap) StderrLine: {'line': b"/usr/bin/ld: ../../bin/librtabmap_gui.so.0.23.4: undefined reference to `rtabmap::CloudViewerInteractorStyle::setOrthoMode(bool)'\n"}
[5.662622] (rtabmap) StderrLine: {'line': b"/usr/bin/ld: ../../bin/librtabmap_gui.so.0.23.4: undefined reference to `QMultiComboBox::count()'\n"}
[5.662777] (rtabmap) StderrLine: {'line': b"/usr/bin/ld: ../../bin/librtabmap_gui.so.0.23.4: undefined reference to `rtabmap::PreferencesDialog::settingsChanged(QFlags<rtabmap::PreferencesDialog::PanelFlag>)'\n"}
[5.663143] (rtabmap) StderrLine: {'line': b"/usr/bin/ld: ../../bin/librtabmap_gui.so.0.23.4: undefined reference to `rtabmap::PostProcessingDialog::interSession() const'\n"}
[5.663436] (rtabmap) StderrLine: {'line': b"/usr/bin/ld: ../../bin/librtabmap_gui.so.0.23.4: undefined reference to `rtabmap::CameraViewer::CameraViewer(QWidget*, std::map<std::__cxx11::basic_string<char, std::char_traits<char>, std::allocator<char> >, std::__cxx11::basic_string<char, std::char_traits<char>, std::allocator<char> >, std::less<std::__cxx11::basic_string<char, std::char_traits<char>, std::allocator<char> > >, std::allocator<std::pair<std::__cxx11::basic_string<char, std::char_traits<char>, std::allocator<char> > const, std::__cxx11::basic_string<char, std::char_traits<char>, std::allocator<char> > > > > const&)'\n"}
[5.663547] (rtabmap) StderrLine: {'line': b"/usr/bin/ld: ../../bin/librtabmap_gui.so.0.23.4: undefined reference to `rtabmap::CameraViewer::setDecimation(int)'\n"}
[5.664171] (rtabmap) StderrLine: {'line': b"/usr/bin/ld: ../../bin/librtabmap_gui.so.0.23.4: undefined reference to `UPlot::UPlot(QWidget*)'\n"}
[5.664489] (rtabmap) StderrLine: {'line': b"/usr/bin/ld: ../../bin/librtabmap_gui.so.0.23.4: undefined reference to `rtabmap::StatsToolBox::addCurve(QString const&, bool, bool)'\n"}
[5.664698] (rtabmap) StderrLine: {'line': b"/usr/bin/ld: ../../bin/librtabmap_gui.so.0.23.4: undefined reference to `rtabmap::ExportDialog::outputPath() const'\n"}
[5.664816] (rtabmap) StderrLine: {'line': b"/usr/bin/ld: ../../bin/librtabmap_gui.so.0.23.4: undefined reference to `rtabmap::CloudViewer::configChanged()'\n"}
[5.665198] (rtabmap) StderrLine: {'line': b"/usr/bin/ld: ../../bin/librtabmap_gui.so.0.23.4: undefined reference to `rtabmap::AboutDialog::AboutDialog(QWidget*)'\n"}
[5.665666] (rtabmap) StderrLine: {'line': b"/usr/bin/ld: ../../bin/librtabmap_gui.so.0.23.4: undefined reference to `rtabmap::CloudViewer::staticMetaObject'\n"}
[5.666221] (rtabmap) StderrLine: {'line': b"/usr/bin/ld: ../../bin/librtabmap_gui.so.0.23.4: undefined reference to `rtabmap::CalibrationDialog::setProgressVisibility(bool)'\n"}
[5.666792] (rtabmap) StderrLine: {'line': b"/usr/bin/ld: ../../bin/librtabmap_gui.so.0.23.4: undefined reference to `vtable for rtabmap::DepthCalibrationDialog'\n"}
[5.666878] (rtabmap) StderrLine: {'line': b"/usr/bin/ld: ../../bin/librtabmap_gui.so.0.23.4: undefined reference to `vtable for rtabmap::RecoveryState'\n"}
[5.667041] (rtabmap) StderrLine: {'line': b"/usr/bin/ld: ../../bin/librtabmap_gui.so.0.23.4: undefined reference to `vtable for rtabmap::GraphViewer'\n"}
[5.667261] (rtabmap) StderrLine: {'line': b"/usr/bin/ld: ../../bin/librtabmap_gui.so.0.23.4: undefined reference to `rtabmap::EditConstraintDialog::EditConstraintDialog(rtabmap::Transform const&, cv::Mat const&, QWidget*)'\n"}
[5.667485] (rtabmap) StderrLine: {'line': b"/usr/bin/ld: ../../bin/librtabmap_gui.so.0.23.4: undefined reference to `rtabmap::ProgressDialog::setMaximumSteps(int)'\n"}
[5.667544] (rtabmap) StderrLine: {'line': b"/usr/bin/ld: ../../bin/librtabmap_gui.so.0.23.4: undefined reference to `rtabmap::ExportDialog::sessionExported() const'\n"}
[5.667723] (rtabmap) StderrLine: {'line': b"/usr/bin/ld: ../../bin/librtabmap_gui.so.0.23.4/usr/bin/ld: undefined reference to `: ../../bin/librtabmap_gui.so.0.23.4: undefined reference to `rtabmap::ProgressDialog::setCancelButtonVisible(bool)'\n"}
[5.667807] (rtabmap) StderrLine: {'line': b"UPlot::addThreshold(QString const&, double, Qt::Orientation)'\n"}
[5.667854] (rtabmap) StderrLine: {'line': b"/usr/bin/ld: ../../bin/librtabmap_gui.so.0.23.4: undefined reference to `rtabmap::CalibrationDialog::setRationalModel()'\n"}
[5.670455] (rtabmap) StderrLine: {'line': b"/usr/bin/ld: ../../bin/librtabmap_gui.so.0.23.4: undefined reference to `rtabmap::ExportCloudsDialog::staticMetaObject'\n"}
[5.670749] (rtabmap) StderrLine: {'line': b"/usr/bin/ld: ../../bin/librtabmap_gui.so.0.23.4: undefined reference to `rtabmap::LinkRefiningDialog::isRangeByNodeId() const'\n"}
[5.670789] (rtabmap) StderrLine: {'line': b"/usr/bin/ld: ../../bin/librtabmap_gui.so.0.23.4: undefined reference to `rtabmap::MainWindow::cameraInfoReceived(rtabmap::SensorCaptureInfo const&)'\n"}
[5.670825] (rtabmap) StderrLine: {'line': b"/usr/bin/ld: ../../bin/librtabmap_gui.so.0.23.4: undefined reference to `rtabmap::ImageView::setFeaturesShown(bool)'\n"}
[5.670902] (rtabmap) StderrLine: {'line': b"/usr/bin/ld: ../../bin/librtabmap_gui.so.0.23.4: undefined reference to `rtabmap::MainWindow::rtabmapEvent3DMapProcessed()'\n"}
[5.670931] (rtabmap) StderrLine: {'line': b"/usr/bin/ld: ../../bin/librtabmap_gui.so.0.23.4: undefined reference to `UPlotCurve::addValue(double, double)'\n"}
[5.671003] (rtabmap) StderrLine: {'line': b"/usr/bin/ld: ../../bin/librtabmap_gui.so.0.23.4: undefined reference to `rtabmap::EditConstraintDialog::setPoseGroupVisible(bool)'\n"}
[5.671032] (rtabmap) StderrLine: {'line': b"/usr/bin/ld: ../../bin/librtabmap_gui.so.0.23.4: undefined reference to `rtabmap::LoopClosureViewer::setData(rtabmap::Signature const&, rtabmap::Signature const&)'\n"}
[5.671062] (rtabmap) StderrLine: {'line': b"/usr/bin/ld: ../../bin/librtabmap_gui.so.0.23.4: undefined reference to `rtabmap::CalibrationDialog::processImages(cv::Mat const&, cv::Mat const&, QString const&)'\n"}
[5.671090] (rtabmap) StderrLine: {'line': b"/usr/bin/ld: ../../bin/librtabmap_gui.so.0.23.4: undefined reference to `rtabmap::PostProcessingDialog::loadSettings(QSettings&, QString const&)'\n"}
[5.671119] (rtabmap) StderrLine: {'line': b"/usr/bin/ld: ../../bin/librtabmap_gui.so.0.23.4: undefined reference to `rtabmap::CreateSimpleCalibrationDialog::CreateSimpleCalibrationDialog(QString const&, QString const&, QWidget*)'\n"}
[5.671153] (rtabmap) StderrLine: {'line': b"/usr/bin/ld: ../../bin/librtabmap_gui.so.0.23.4: undefined reference to `rtabmap::ImageView::setImageDepth(cv::Mat const&, cv::Mat const&)'\n"}
[5.671185] (rtabmap) StderrLine: {'line': b"/usr/bin/ld: ../../bin/librtabmap_gui.so.0.23.4: undefined reference to `rtabmap::ExportBundlerDialog::saveSettings(QSettings&, QString const&) const'\n"}
[5.671216] (rtabmap) StderrLine: {'line': b"/usr/bin/ld: ../../bin/librtabmap_gui.so.0.23.4: undefined reference to `rtabmap::ExportDialog::isUserDataExported() const'\n"}
[5.671307] (rtabmap) StderrLine: {'line': b"/usr/bin/ld: ../../bin/librtabmap_gui.so.0.23.4: undefined reference to `QMultiComboBox::SetDisplayText(QString)'\n"}
[5.671596] (rtabmap) StderrLine: {'line': b"/usr/bin/ld: ../../bin/librtabmap_gui.so.0.23.4: undefined reference to `rtabmap::MainWindow::statsProcessed()'\n"}
[5.671879] (rtabmap) StderrLine: {'line': b"/usr/bin/ld: ../../bin/librtabmap_gui.so.0.23.4: undefined reference to `rtabmap::ImageView::isImageDepthShown() const'\n"}
[5.673213] (rtabmap) StderrLine: {'line': b"/usr/bin/ld: ../../bin/librtabmap_gui.so.0.23.4: undefined reference to `rtabmap::MultiSessionLocSubView::MultiSessionLocSubView(rtabmap::ImageView*, int, QWidget*)'\n"}
[5.673355] (rtabmap) StderrLine: {'line': b"/usr/bin/ld: ../../bin/librtabmap_gui.so.0.23.4: undefined reference to `rtabmap::ExportDialog::targetFramerate() const'\n"}
[5.673393] (rtabmap) StderrLine: {'line': b"/usr/bin/ld: ../../bin/librtabmap_gui.so.0.23.4: undefined reference to `rtabmap::ImageView::loadSettings(QSettings&, QString const&)'\n"}
[5.673561] (rtabmap) StderrLine: {'line': b"/usr/bin/ld: ../../bin/librtabmap_gui.so.0.23.4: undefined reference to `rtabmap::ImageView::setFeaturesColor(QColor)'\n"}
[5.673593] (rtabmap) StderrLine: {'line': b"/usr/bin/ld: ../../bin/librtabmap_gui.so.0.23.4: undefined reference to `vtable for rtabmap::PreferencesDialog'\n"}
[5.673760] (rtabmap) StderrLine: {'line': b"/usr/bin/ld: ../../bin/librtabmap_gui.so.0.23.4: undefined reference to `QMultiComboBox::addItem(QString const&, QVariant const&)'\n"}
[5.673843] (rtabmap) StderrLine: {'line': b"/usr/bin/ld: ../../bin/librtabmap_gui.so.0.23.4: undefined reference to `rtabmap::EditConstraintDialog::getCovariance() const'\n"}
[5.674110] (rtabmap) StderrLine: {'line': b"/usr/bin/ld: ../../bin/librtabmap_gui.so.0.23.4: undefined reference to `/usr/bin/ld: ../../bin/librtabmap_gui.so.0.23.4: undefined reference to `rtabmap::PostProcessingDialog::isDetectMoreLoopClosures() const'\n"}
[5.674147] (rtabmap) StderrLine: {'line': b"rtabmap::PreferencesDialog::settingsChanged(std::map<std::__cxx11::basic_string<char, std::char_traits<char>, std::allocator<char> >, std::__cxx11::basic_string<char, std::char_traits<char>, std::allocator<char> >, std::less<std::__cxx11::basic_string<char, std::char_traits<char>, std::allocator<char> > >, std::allocator<std::pair<std::__cxx11::basic_string<char, std::char_traits<char>, std::allocator<char> > const, std::__cxx11::basic_string<char, std::char_traits<char>, std::allocator<char> > > > >)'\n"}
[5.674184] (rtabmap) StderrLine: {'line': b"/usr/bin/ld: ../../bin/librtabmap_gui.so.0.23.4: undefined reference to `rtabmap::EditConstraintDialog::getTransform() const'\n"}
[5.674212] (rtabmap) StderrLine: {'line': b"/usr/bin/ld: ../../bin/librtabmap_gui.so.0.23.4: undefined reference to `rtabmap::CloudViewerCellPicker::New()'\n"}
[5.674327] (rtabmap) StderrLine: {'line': b"/usr/bin/ld: ../../bin/librtabmap_gui.so.0.23.4: undefined reference to `rtabmap::EditDepthArea::getModifiedImage() const'\n"}
[5.674358] (rtabmap) StderrLine: {'line': b"/usr/bin/ld: ../../bin/librtabmap_gui.so.0.23.4: undefined reference to `UPlotCurve::UPlotCurve(QString const&, QVector<double> const&, QVector<double> const&, QObject*)'\n"}
[5.674386] (rtabmap) StderrLine: {'line': b"/usr/bin/ld: ../../bin/librtabmap_gui.so.0.23.4: undefined reference to `rtabmap::PostProcessingDialog::isRefineLoopClosureLinks() const'\n"}
[5.674414] (rtabmap) StderrLine: {'line': b"/usr/bin/ld: ../../bin/librtabmap_gui.so.0.23.4: undefined reference to `rtabmap::MainWindow::rtabmapEventInitReceived(int, QString const&)'\n"}
[5.674440] (rtabmap) StderrLine: {'line': b"/usr/bin/ld: ../../bin/librtabmap_gui.so.0.23.4: undefined reference to `rtabmap::CalibrationDialog::squareSize() const'\n"}
[5.674468] (rtabmap) StderrLine: {'line': b"/usr/bin/ld: ../../bin/librtabmap_gui.so.0.23.4: undefined reference to `rtabmap::vtkImageMatSource::New()'\n"}
[5.674494] (rtabmap) StderrLine: {'line': b"/usr/bin/ld: ../../bin/librtabmap_gui.so.0.23.4: undefined reference to `rtabmap::MapVisibilityWidget::getVisiblePoses() const'\n"}
[5.675019] (rtabmap) StderrLine: {'line': b"/usr/bin/ld: ../../bin/librtabmap_gui.so.0.23.4: undefined reference to `rtabmap::MainWindow::statsReceived(rtabmap::Statistics const&)'\n"}
[5.675131] (rtabmap) StderrLine: {'line': b"/usr/bin/ld: ../../bin/librtabmap_gui.so.0.23.4: undefined reference to `rtabmap::ExportBundlerDialog::exportBundler(std::map<int, rtabmap::Transform, std::less<int>, std::allocator<std::pair<int const, rtabmap::Transform> > >&, std::multimap<int, rtabmap::Link, std::less<int>, std::allocator<std::pair<int const, rtabmap::Link> > > const&, QMap<int, rtabmap::Signature> const&, std::map<std::__cxx11::basic_string<char, std::char_traits<char>, std::allocator<char> >, std::__cxx11::basic_string<char, std::char_traits<char>, std::allocator<char> >, std::less<std::__cxx11::basic_string<char, std::char_traits<char>, std::allocator<char> > >, std::allocator<std::pair<std::__cxx11::basic_string<char, std::char_traits<char>, std::allocator<char> > const, std::__cxx11::basic_string<char, std::char_traits<char>, std::allocator<char> > > > > const&)'\n"}
[5.675166] (rtabmap) StderrLine: {'line': b"/usr/bin/ld: ../../bin/librtabmap_gui.so.0.23.4: undefined reference to `rtabmap::EditDepthArea::EditDepthArea(QWidget*)'\n"}
[5.675243] (rtabmap) StderrLine: {'line': b"/usr/bin/ld: ../../bin/librtabmap_gui.so.0.23.4: undefined reference to `rtabmap::MainWindow::mappingModeChanged(bool)'\n"}
[5.675336] (rtabmap) StderrLine: {'line': b"/usr/bin/ld: ../../bin/librtabmap_gui.so.0.23.4: undefined reference to `rtabmap::MainWindow::rtabmapGoalStatusEventReceived(int)'\n"}
[5.675425] (rtabmap) StderrLine: {'line': b"/usr/bin/ld: ../../bin/librtabmap_gui.so.0.23.4: undefined reference to `vtable for rtabmap::DatabaseViewer'\n"}
[5.675581] (rtabmap) StderrLine: {'line': b"/usr/bin/ld: ../../bin/librtabmap_gui.so.0.23.4: undefined reference to `rtabmap::ImageView::setFeatureColor(int, QColor)'\n"}
[5.675784] (rtabmap) StderrLine: {'line': b"/usr/bin/ld: ../../bin/librtabmap_gui.so.0.23.4: undefined reference to `rtabmap::StatsToolBox::setWorkingDirectory(QString const&)'\n"}
[5.675863] (rtabmap) StderrLine: {'line': b"/usr/bin/ld: ../../bin/librtabmap_gui.so.0.23.4: undefined reference to `rtabmap::ExportBundlerDialog::ExportBundlerDialog(QWidget*)'\n"}
[5.675941] (rtabmap) StderrLine: {'line': b"/usr/bin/ld: ../../bin/librtabmap_gui.so.0.23.4: undefined reference to `rtabmap::CalibrationDialog::setFisheyeModel()'\n"}
[5.676013] (rtabmap) StderrLine: {'line': b"/usr/bin/ld: ../../bin/librtabmap_gui.so.0.23.4: undefined reference to `rtabmap::PostProcessingDialog::PostProcessingDialog(QWidget*)'\n"}
[5.676112] (rtabmap) StderrLine: {'line': b"/usr/bin/ld: ../../bin/librtabmap_gui.so.0.23.4: undefined reference to `rtabmap::MultiSessionLocSubView::updateView(int, QImage const&, std::multimap<int, cv::KeyPoint, std::less<int>, std::allocator<std::pair<int const, cv::KeyPoint> > > const&, float, QColor const&)'\n"}
[5.676162] (rtabmap) StderrLine: {'line': b"/usr/bin/ld: ../../bin/librtabmap_gui.so.0.23.4: undefined reference to `rtabmap::ProgressDialog::maximumSteps() const'\n"}
[5.676240] (rtabmap) StderrLine: {'line': b"/usr/bin/ld: ../../bin/librtabmap_gui.so.0.23.4: undefined reference to `rtabmap::ImageView::addFeature(int, cv::KeyPoint const&, float, QColor)'\n"}
[5.676287] (rtabmap) StderrLine: {'line': b"/usr/bin/ld: ../../bin/librtabmap_gui.so.0.23.4: undefined reference to `rtabmap::StatsToolBox::closeFigures()'\n"}
[5.676397] (rtabmap) StderrLine: {'line': b"/usr/bin/ld: ../../bin/librtabmap_gui.so.0.23.4: undefined reference to `rtabmap::GraphViewer::linkSelected(int, int)'\n"}
[5.676502] (rtabmap) StderrLine: {'line': b"/usr/bin/ld: ../../bin/librtabmap_gui.so.0.23.4: undefined reference to `QMultiComboBox::QMultiComboBox(QWidget*)'\n"}
[5.676552] (rtabmap) StderrLine: {'line': b"/usr/bin/ld: ../../bin/librtabmap_gui.so.0.23.4: undefined reference to `rtabmap::LinkRefiningDialog::getRangeNodeId(int&, int&) const'\n"}
[5.676592] (rtabmap) StderrLine: {'line': b"/usr/bin/ld: ../../bin/librtabmap_gui.so.0.23.4: undefined reference to `rtabmap::CalibrationDialog::loadSettings(QSettings&, QString const&)'\n"}
[5.676718] (rtabmap) StderrLine: {'line': b"/usr/bin/ld: ../../bin/librtabmap_gui.so.0.23.4: undefined reference to `rtabmap::MainWindow::odometryProcessed()'\n"}
[5.676747] (rtabmap) StderrLine: {'line': b"/usr/bin/ld: ../../bin/librtabmap_gui.so.0.23.4: undefined reference to `rtabmap::PostProcessingDialog::sbaIterations() const'\n"}
[5.676777] (rtabmap) StderrLine: {'line': b"/usr/bin/ld: ../../bin/librtabmap_gui.so.0.23.4: undefined reference to `rtabmap::ProgressDialog::clear()'\n"}
[5.676808] (rtabmap) StderrLine: {'line': b"/usr/bin/ld: ../../bin/librtabmap_gui.so.0.23.4: undefined reference to `rtabmap::CalibrationDialog::saveSettings(QSettings&, QString const&) const'\n"}
[5.677006] (rtabmap) StderrLine: {'line': b"/usr/bin/ld: ../../bin/librtabmap_gui.so.0.23.4: undefined reference to `rtabmap::ProgressDialog::resetProgress()'\n"}
[5.677064] (rtabmap) StderrLine: {'line': b"/usr/bin/ld: ../../bin/librtabmap_gui.so.0.23.4: undefined reference to `rtabmap::StatsToolBox::StatsToolBox(QWidget*)'\n"}
[5.677098] (rtabmap) StderrLine: {'line': b"/usr/bin/ld: ../../bin/librtabmap_gui.so.0.23.4: undefined reference to `rtabmap::MainWindow::cameraInfoProcessed()'\n"}
[5.677129] (rtabmap) StderrLine: {'line': b"/usr/bin/ld: ../../bin/librtabmap_gui.so.0.23.4: undefined reference to `rtabmap::LinkRefiningDialog::getIntraInterSessions(bool&, bool&) const'\n"}
[5.677161] (rtabmap) StderrLine: {'line': b"/usr/bin/ld: ../../bin/librtabmap_gui.so.0.23.4: undefined reference to `rtabmap::CalibrationDialog::setCameraName(QString const&)'\n"}
[5.677341] (rtabmap) StderrLine: {'line': b"/usr/bin/ld: ../../bin/librtabmap_gui.so.0.23.4: undefined reference to `rtabmap::StatsToolBox::addThreshold(QString const&, double)'\n"}
[5.677379] (rtabmap) StderrLine: {'line': b"/usr/bin/ld: ../../bin/librtabmap_gui.so.0.23.4: undefined reference to `rtabmap::StatsToolBox::getFiguresSetup(QList<int>&, QStringList&, QStringList&)'\n"}
[5.677495] (rtabmap) StderrLine: {'line': b"/usr/bin/ld: ../../bin/librtabmap_gui.so.0.23.4: undefined reference to `UPlot::removeCurves()'\n"}
[5.677530] (rtabmap) StderrLine: {'line': b"/usr/bin/ld: ../../bin/librtabmap_gui.so.0.23.4: undefined reference to `rtabmap::ExportDialog::isDepthExported() const'\n"}
[5.677581] (rtabmap) StderrLine: {'line': b"/usr/bin/ld: ../../bin/librtabmap_gui.so.0.23.4: undefined reference to `rtabmap::MainWindow::detectionRateChanged(double)'\n"}
[5.677691] (rtabmap) StderrLine: {'line': b"/usr/bin/ld: ../../bin/librtabmap_gui.so.0.23.4: undefined reference to `rtabmap::ImageView::setLinesShown(bool)'\n"}
[5.677721] (rtabmap) StderrLine: {'line': b"/usr/bin/ld: ../../bin/librtabmap_gui.so.0.23.4: undefined reference to `rtabmap::StatsToolBox::updateStat(QString const&, double, double, bool)'\n"}
[5.677752] (rtabmap) StderrLine: {'line': b"/usr/bin/ld: ../../bin/librtabmap_gui.so.0.23.4: undefined reference to `UPlot::setFixedYAxis(double, double)'\n"}
[5.677905] (rtabmap) StderrLine: {'line': b"/usr/bin/ld: ../../bin/librtabmap_gui.so.0.23.4: undefined reference to `rtabmap::ProgressDialog::incrementStep(int)'\n"}
[5.677939] (rtabmap) StderrLine: {'line': b"/usr/bin/ld: ../../bin/librtabmap_gui.so.0.23.4: undefined reference to `rtabmap::MainWindow::rtabmapGlobalPathEventReceived(rtabmap::RtabmapGlobalPathEvent const&)'\n"}
[5.678140] (rtabmap) StderrLine: {'line': b"/usr/bin/ld: ../../bin/librtabmap_gui.so.0.23.4: undefined reference to `rtabmap::DataRecorder::~DataRecorder()'\n"}
[5.678518] (rtabmap) StderrLine: {'line': b"/usr/bin/ld: ../../bin/librtabmap_gui.so.0.23.4: undefined reference to `QMultiComboBox::setItemChecked(int, bool)'\n"}
[5.678651] (rtabmap) StderrLine: {'line': b"/usr/bin/ld: ../../bin/librtabmap_gui.so.0.23.4: undefined reference to `rtabmap::MainWindow::stateChanged(rtabmap::MainWindow::State)'\n"}
[5.678891] (rtabmap) StderrLine: {'line': b"/usr/bin/ld: ../../bin/librtabmap_gui.so.0.23.4: undefined reference to `rtabmap::DataRecorder::addData(rtabmap::SensorData const&, rtabmap::Transform const&, cv::Mat const&)'\n"}
[5.678995] (rtabmap) StderrLine: {'line': b"/usr/bin/ld: ../../bin/librtabmap_gui.so.0.23.4: undefined reference to `rtabmap::GraphViewer::staticMetaObject'\n"}
[5.679026] (rtabmap) StderrLine: {'line': b"/usr/bin/ld: ../../bin/librtabmap_gui.so.0.23.4: undefined reference to `rtabmap::PostProcessingDialog::iterations() const'\n"}
[5.679116] (rtabmap) StderrLine: {'line': b"/usr/bin/ld: ../../bin/librtabmap_gui.so.0.23.4: undefined reference to `rtabmap::ImageView::getDefaultMatchingFeatureColor() const'\n"}
[5.679524] (rtabmap) StderrLine: {'line': b"/usr/bin/ld: ../../bin/librtabmap_gui.so.0.23.4: undefined reference to `rtabmap::EditMapArea::EditMapArea(QWidget*)'\n"}
[5.679745] (rtabmap) StderrLine: {'line': b"/usr/bin/ld: ../../bin/librtabmap_gui.so.0.23.4: undefined reference to `rtabmap::MainWindow::noMoreImagesReceived()'\n"}
[5.681187] (rtabmap) StderrLine: {'line': b"/usr/bin/ld: ../../bin/librtabmap_gui.so.0.23.4: undefined reference to `rtabmap::ConsoleWidget::ConsoleWidget(QWidget*)'\n"}
[5.681426] (rtabmap) StderrLine: {'line': b"/usr/bin/ld: ../../bin/librtabmap_gui.so.0.23.4: undefined reference to `vtable for rtabmap::ParametersToolBox'\n"}
[5.681674] (rtabmap) StderrLine: {'line': b"/usr/bin/ld: ../../bin/librtabmap_gui.so.0.23.4: undefined reference to `rtabmap::EditMapArea::setMap(cv::Mat const&)'\n"}
[5.681806] (rtabmap) StderrLine: {'line': b"/usr/bin/ld: ../../bin/librtabmap_gui.so.0.23.4: undefined reference to `rtabmap::ExportBundlerDialog::staticMetaObject'\n"}
[5.685620] (rtabmap) StderrLine: {'line': b"/usr/bin/ld: ../../bin/librtabmap_gui.so.0.23.4: undefined reference to `rtabmap::PreferencesDialog::staticMetaObject'\n"}
[5.686027] (rtabmap) StderrLine: {'line': b"/usr/bin/ld: ../../bin/librtabmap_gui.so.0.23.4: undefined reference to `rtabmap::ImageView::ImageView(QWidget*)'\n"}
[5.686087] (rtabmap) StderrLine: {'line': b"/usr/bin/ld: ../../bin/librtabmap_gui.so.0.23.4: undefined reference to `rtabmap::MainWindow::staticMetaObject'\n"}
[5.686221] (rtabmap) StderrLine: {'line': b"/usr/bin/ld: ../../bin/librtabmap_gui.so.0.23.4: undefined reference to `rtabmap::CalibrationDialog::setSwitchedImages(bool)'\n"}
[5.686426] (rtabmap) StderrLine: {'line': b"/usr/bin/ld: ../../bin/librtabmap_gui.so.0.23.4: undefined reference to `rtabmap::CalibrationDialog::setSquareSize(double)'\n"}
[5.686626] (rtabmap) StderrLine: {'line': b"/usr/bin/ld: ../../bin/librtabmap_gui.so.0.23.4: undefined reference to `rtabmap::StatsToolBox::clear()'\n"}
[5.687561] (rtabmap) StderrLine: {'line': b"/usr/bin/ld: ../../bin/librtabmap_gui.so.0.23.4: undefined reference to `rtabmap::CalibrationDialog::setStereoMode(bool, QString const&, QString const&)'\n"}
[5.688007] (rtabmap) StderrLine: {'line': b"/usr/bin/ld: ../../bin/librtabmap_gui.so.0.23.4: undefined reference to `rtabmap::ImageView::setFeatures(std::vector<cv::KeyPoint, std::allocator<cv::KeyPoint> > const&, cv::Mat const&, QColor const&)'\n"}
[5.688183] (rtabmap) StderrLine: {'line': b"/usr/bin/ld: ../../bin/librtabmap_gui.so.0.23.4: undefined reference to `rtabmap::ImageView::getDefaultMatchingLineColor() const'\n"}
[5.688606] (rtabmap) StderrLine: {'line': b"/usr/bin/ld: ../../bin/librtabmap_gui.so.0.23.4: undefined reference to `rtabmap::GraphViewer::nodeSelected(int)'\n"}
[5.689353] (rtabmap) StderrLine: {'line': b"/usr/bin/ld: ../../bin/librtabmap_gui.so.0.23.4: undefined reference to `rtabmap::CalibrationDialog::stereoCalibration(rtabmap::CameraModel const&, rtabmap::CameraModel const&, bool, QTextStream*) const'\n"}
[5.689925] (rtabmap) StderrLine: {'line': b"/usr/bin/ld: ../../bin/librtabmap_gui.so.0.23.4: undefined reference to `vtable for rtabmap::ExportCloudsDialog'\n"}
[5.690073] (rtabmap) StderrLine: {'line': b"/usr/bin/ld: ../../bin/librtabmap_gui.so.0.23.4: undefined reference to `rtabmap::ExportBundlerDialog::setWorkingDirectory(QString const&)'\n"}
[5.690247] (rtabmap) StderrLine: {'line': b"/usr/bin/ld: ../../bin/librtabmap_gui.so.0.23.4: undefined reference to `rtabmap::ExportDialog::isRgbExported() const'\n"}
[5.690770] (-) TimerEvent: {}
[5.690848] (rtabmap) StderrLine: {'line': b"/usr/bin/ld: ../../bin/librtabmap_gui.so.0.23.4: undefined reference to `rtabmap::PostProcessingDialog::sbaVariance() const'\n"}
[5.690983] (rtabmap) StderrLine: {'line': b"/usr/bin/ld: ../../bin/librtabmap_gui.so.0.23.4: undefined reference to `rtabmap::EditConstraintDialog::~EditConstraintDialog()'\n"}
[5.691070] (rtabmap) StderrLine: {'line': b"/usr/bin/ld: ../../bin/librtabmap_gui.so.0.23.4: undefined reference to `rtabmap::DataRecorder::init(QString const&, bool)'\n"}
[5.691102] (rtabmap) StderrLine: {'line': b"/usr/bin/ld: ../../bin/librtabmap_gui.so.0.23.4: undefined reference to `vtable for rtabmap::MultiSessionLocWidget'\n"}
[5.691188] (rtabmap) StderrLine: {'line': b"/usr/bin/ld: ../../bin/librtabmap_gui.so.0.23.4: undefined reference to `rtabmap::ParametersToolBox::staticMetaObject'\n"}
[5.691321] (rtabmap) StderrLine: {'line': b"/usr/bin/ld: ../../bin/librtabmap_gui.so.0.23.4: undefined reference to `vtable for rtabmap::TexturingState'\n"}
[5.691400] (rtabmap) StderrLine: {'line': b"/usr/bin/ld: ../../bin/librtabmap_gui.so.0.23.4: undefined reference to `rtabmap::CalibrationDialog::resetSettings()'\n"}
[5.691430] (rtabmap) StderrLine: {'line': b"/usr/bin/ld: ../../bin/librtabmap_gui.so.0.23.4: undefined reference to `rtabmap::ImageView::clearLines()'\n"}
[5.691515] (rtabmap) StderrLine: {'line': b"/usr/bin/ld: ../../bin/librtabmap_gui.so.0.23.4: undefined reference to `rtabmap::GraphViewer::mapShownRequested()'\n"}
[5.691764] (rtabmap) StderrLine: {'line': b"/usr/bin/ld: ../../bin/librtabmap_gui.so.0.23.4: undefined reference to `QMultiComboBox::itemText(int)'\n"}
[5.691977] (rtabmap) StderrLine: {'line': b"/usr/bin/ld: ../../bin/librtabmap_gui.so.0.23.4: undefined reference to `rtabmap::ImageView::clearFeatures()'\n"}
[5.692209] (rtabmap) StderrLine: {'line': b"/usr/bin/ld: ../../bin/librtabmap_gui.so.0.23.4: undefined reference to `rtabmap::DataRecorder::DataRecorder(QWidget*)'\n"}
[5.692343] (rtabmap) StderrLine: {'line': b"/usr/bin/ld: ../../bin/librtabmap_gui.so.0.23.4: undefined reference to `rtabmap::PostProcessingDialog::staticMetaObject'\n"}
[5.692533] (rtabmap) StderrLine: {'line': b"/usr/bin/ld: ../../bin/librtabmap_gui.so.0.23.4: undefined reference to `rtabmap::MapVisibilityWidget::clear()'\n"}
[5.692731] (rtabmap) StderrLine: {'line': b"/usr/bin/ld: ../../bin/librtabmap_gui.so.0.23.4: undefined reference to `rtabmap::ExportDialog::isDepth2dExported() const'\n"}
[5.692795] (rtabmap) StderrLine: {'line': b"/usr/bin/ld: ../../bin/librtabmap_gui.so.0.23.4: undefined reference to `rtabmap::PdfPlotCurve::PdfPlotCurve(QString const&, QMap<int, rtabmap::Signature> const*, QObject*)'\n"}
[5.692894] (rtabmap) StderrLine: {'line': b"/usr/bin/ld: ../../bin/librtabmap_gui.so.0.23.4: undefined reference to `vtable for rtabmap::MainWindow'\n"}
[5.692926] (rtabmap) StderrLine: {'line': b"/usr/bin/ld: ../../bin/librtabmap_gui.so.0.23.4: undefined reference to `rtabmap::CalibrationDialog::setBoardWidth(int)'\n"}
[5.693245] (rtabmap) StderrLine: {'line': b"/usr/bin/ld: ../../bin/librtabmap_gui.so.0.23.4: undefined reference to `rtabmap::ProgressDialog::ProgressDialog(QWidget*, QFlags<Qt::WindowType>)'\n"}
[5.693285] (rtabmap) StderrLine: {'line': b"/usr/bin/ld: ../../bin/librtabmap_gui.so.0.23.4: undefined reference to `rtabmap::PdfPlotCurve::setData(QMap<int, float> const&, QMap<int, int> const&)'\n"}
[5.693573] (rtabmap) StderrLine: {'line': b"/usr/bin/ld: ../../bin/librtabmap_gui.so.0.23.4: undefined reference to `rtabmap::MainWindow::imgRateChanged(double)'\n"}
[5.693658] (rtabmap) StderrLine: {'line': b"/usr/bin/ld: ../../bin/librtabmap_gui.so.0.23.4: undefined reference to `rtabmap::ImageView::isLinesShown() const'\n"}
[5.693802] (rtabmap) StderrLine: {'line': b"/usr/bin/ld: ../../bin/librtabmap_gui.so.0.23.4: undefined reference to `rtabmap::StatsToolBox::updateStat(QString const&, std::vector<double, std::allocator<double> > const&, std::vector<double, std::allocator<double> > const&, bool)'\n"}
[5.693981] (rtabmap) StderrLine: {'line': b"/usr/bin/ld: ../../bin/librtabmap_gui.so.0.23.4: undefined reference to `rtabmap::ImageView::viewScale() const'\n"}
[5.694121] (rtabmap_msgs) StdoutLine: {'line': b"Listing '/home/brace/codeSpace/navi/install/rtabmap_msgs/local/lib/python3.10/dist-packages/rtabmap_msgs'...\n"}
[5.694171] (rtabmap_msgs) StdoutLine: {'line': b"Compiling '/home/brace/codeSpace/navi/install/rtabmap_msgs/local/lib/python3.10/dist-packages/rtabmap_msgs/__init__.py'...\n"}
[5.694208] (rtabmap_msgs) StdoutLine: {'line': b"Listing '/home/brace/codeSpace/navi/install/rtabmap_msgs/local/lib/python3.10/dist-packages/rtabmap_msgs/msg'...\n"}
[5.694238] (rtabmap_msgs) StdoutLine: {'line': b"Listing '/home/brace/codeSpace/navi/install/rtabmap_msgs/local/lib/python3.10/dist-packages/rtabmap_msgs/srv'...\n"}
[5.694277] (rtabmap) StderrLine: {'line': b"/usr/bin/ld: ../../bin/librtabmap_gui.so.0.23.4: undefined reference to `rtabmap::ProgressDialog::setValue(int)'\n"}
[5.694311] (rtabmap) StderrLine: {'line': b"/usr/bin/ld: ../../bin/librtabmap_gui.so.0.23.4: undefined reference to `rtabmap::ImageView::setAlpha(int)'\n"}
[5.694410] (rtabmap) StderrLine: {'line': b"/usr/bin/ld: ../../bin/librtabmap_gui.so.0.23.4: undefined reference to `rtabmap::ImageView::saveSettings(QSettings&, QString const&) const'\n"}
[5.694440] (rtabmap) StderrLine: {'line': b"/usr/bin/ld: ../../bin/librtabmap_gui.so.0.23.4: undefined reference to `rtabmap::MapVisibilityWidget::MapVisibilityWidget(QWidget*)'\n"}
[5.694468] (rtabmap) StderrLine: {'line': b"/usr/bin/ld: ../../bin/librtabmap_gui.so.0.23.4: undefined reference to `rtabmap::PostProcessingDialog::sbaRematchFeatures() const'\n"}
[5.694759] (rtabmap) StderrLine: {'line': b"/usr/bin/ld: ../../bin/librtabmap_gui.so.0.23.4: undefined reference to `rtabmap::ImageView::sceneRect() const'\n"}
[5.694880] (rtabmap) StderrLine: {'line': b"/usr/bin/ld: ../../bin/librtabmap_gui.so.0.23.4: undefined reference to `rtabmap::ParametersToolBox::parametersChanged(QStringList const&)'\n"}
[5.695187] (rtabmap) StderrLine: {'line': b"/usr/bin/ld: ../../bin/librtabmap_gui.so.0.23.4: undefined reference to `rtabmap::CalibrationDialog::boardWidth() const'\n"}
[5.695222] (rtabmap) StderrLine: {'line': b"/usr/bin/ld: ../../bin/librtabmap_gui.so.0.23.4: undefined reference to `rtabmap::ExportBundlerDialog::loadSettings(QSettings&, QString const&)'\n"}
[5.695631] (rtabmap) StderrLine: {'line': b"/usr/bin/ld: ../../bin/librtabmap_gui.so.0.23.4: undefined reference to `rtabmap::LinkRefiningDialog::isRangeByMapId() const'\n"}
[5.695742] (rtabmap) StderrLine: {'line': b"/usr/bin/ld: ../../bin/librtabmap_gui.so.0.23.4: undefined reference to `rtabmap::LoopClosureViewer::updateView(rtabmap::Transform const&, std::map<std::__cxx11::basic_string<char, std::char_traits<char>, std::allocator<char> >, std::__cxx11::basic_string<char, std::char_traits<char>, std::allocator<char> >, std::less<std::__cxx11::basic_string<char, std::char_traits<char>, std::allocator<char> > >, std::allocator<std::pair<std::__cxx11::basic_string<char, std::char_traits<char>, std::allocator<char> > const, std::__cxx11::basic_string<char, std::char_traits<char>, std::allocator<char> > > > > const&)'\n"}
[5.695865] (rtabmap) StderrLine: {'line': b"/usr/bin/ld: ../../bin/librtabmap_gui.so.0.23.4: undefined reference to `rtabmap::ExportDialog::~ExportDialog()'\n"}
[5.696039] (rtabmap) StderrLine: {'line': b"/usr/bin/ld: ../../bin/librtabmap_gui.so.0.23.4: undefined reference to `rtabmap::ImageView::getDefaultFeatureColor() const'\n"}
[5.696096] (rtabmap) StderrLine: {'line': b"/usr/bin/ld: ../../bin/librtabmap_gui.so.0.23.4: undefined reference to `rtabmap::ProgressDialog::~ProgressDialog()'\n"}
[5.697605] (rtabmap) StderrLine: {'line': b"/usr/bin/ld: ../../bin/librtabmap_gui.so.0.23.4: undefined reference to `rtabmap::StatsToolBox::updateStat(QString const&, double, bool)'\n"}
[5.698160] (rtabmap) StderrLine: {'line': b"/usr/bin/ld: ../../bin/librtabmap_gui.so.0.23.4: undefined reference to `QMultiComboBox::clear()'\n"}
[5.698250] (rtabmap) StderrLine: {'line': b"/usr/bin/ld: ../../bin/librtabmap_gui.so.0.23.4: undefined reference to `rtabmap::MainWindow::rtabmapEvent3DMapReceived(rtabmap::RtabmapEvent3DMap const&)'\n"}
[5.698330] (rtabmap) StderrLine: {'line': b"/usr/bin/ld: ../../bin/librtabmap_gui.so.0.23.4: undefined reference to `vtable for rtabmap::CloudViewer'\n"}
[5.698384] (rtabmap) StderrLine: {'line': b"/usr/bin/ld: ../../bin/librtabmap_gui.so.0.23.4: undefined reference to `rtabmap::ImageView::getDefaultBackgroundColor() const'\n"}
[5.698434] (rtabmap) StderrLine: {'line': b"/usr/bin/ld: ../../bin/librtabmap_gui.so.0.23.4: undefined reference to `rtabmap::ImageView::isFeaturesShown() const'\n"}
[5.698563] (rtabmap) StderrLine: {'line': b"/usr/bin/ld: ../../bin/librtabmap_gui.so.0.23.4: undefined reference to `rtabmap::PostProcessingDialog::clusterRadius() const'\n"}
[5.699732] (rtabmap) StderrLine: {'line': b"/usr/bin/ld: ../../bin/librtabmap_gui.so.0.23.4: undefined reference to `rtabmap::StatItem::staticMetaObject'\n"}
[5.699897] (rtabmap) StderrLine: {'line': b"/usr/bin/ld: ../../bin/librtabmap_gui.so.0.23.4: undefined reference to `qInitResources_GuiLib()'\n"}
[5.700017] (rtabmap) StderrLine: {'line': b"/usr/bin/ld: ../../bin/librtabmap_gui.so.0.23.4: undefined reference to `rtabmap::ProgressDialog::appendText(QString const&, QColor const&)'\n"}
[5.700560] (rtabmap) StderrLine: {'line': b"/usr/bin/ld: ../../bin/librtabmap_gui.so.0.23.4: undefined reference to `rtabmap::ConsoleWidget::appendMsg(QString const&, int)'\n"}
[5.700741] (rtabmap) StderrLine: {'line': b"/usr/bin/ld: ../../bin/librtabmap_gui.so.0.23.4: undefined reference to `rtabmap::MainWindow::timeLimitChanged(float)'\n"}
[5.701288] (rtabmap) StderrLine: {'line': b"/usr/bin/ld: ../../bin/librtabmap_gui.so.0.23.4: undefined reference to `rtabmap::ExportDialog::framesIgnored() const'\n"}
[5.701573] (rtabmap) StderrLine: {'line': b"/usr/bin/ld: ../../bin/librtabmap_gui.so.0.23.4: undefined reference to `rtabmap::MapVisibilityWidget::setMap(std::map<int, rtabmap::Transform, std::less<int>, std::allocator<std::pair<int const, rtabmap::Transform> > > const&, std::map<int, bool, std::less<int>, std::allocator<std::pair<int const, bool> > > const&)'\n"}
[5.702934] (rtabmap) StderrLine: {'line': b"/usr/bin/ld: ../../bin/librtabmap_gui.so.0.23.4: undefined reference to `rtabmap::StatsToolBox::updateStat(QString const&, bool)'\n"}
[5.703126] (rtabmap) StderrLine: {'line': b"/usr/bin/ld: ../../bin/librtabmap_gui.so.0.23.4: undefined reference to `rtabmap::MainWindow::loopClosureThrChanged(double)'\n"}
[5.703983] (rtabmap) StderrLine: {'line': b"/usr/bin/ld/usr/bin/ld: ../../bin/librtabmap_gui.so.0.23.4: : undefined reference to `rtabmap::CalibrationDialog::setBoardHeight(int)'\n"}
[5.704185] (rtabmap) StderrLine: {'line': b"CMakeFiles/noEventsExample.dir/main.cpp.o: in function `MapBuilder::MapBuilder()':\n"}
[5.704267] (rtabmap) StderrLine: {'line': b"main.cpp:/usr/bin/ld(: .text._ZN10MapBuilderC2Ev../../bin/librtabmap_gui.so.0.23.4: undefined reference to `[_ZN10MapBuilderC5Ev]+0xrtabmap::MainWindow::rtabmapLabelErrorReceived(int, QString const&)'\n"}
[5.704334] (rtabmap) StderrLine: {'line': b"de): undefined reference to `rtabmap::CloudViewerInteractorStyle::New()'\n"}
[5.704783] (rtabmap_msgs) StdoutLine: {'line': b'-- Up-to-date: /home/brace/codeSpace/navi/install/rtabmap_msgs/lib/librtabmap_msgs__rosidl_generator_py.so\n'}
[5.705106] (rtabmap_msgs) StdoutLine: {'line': b'-- Up-to-date: /home/brace/codeSpace/navi/install/rtabmap_msgs/share/rtabmap_msgs/cmake/export_rtabmap_msgs__rosidl_generator_cExport.cmake\n'}
[5.705212] (rtabmap) StderrLine: {'line': b"/usr/bin/ld: ../../bin/librtabmap_gui.so.0.23.4: undefined reference to `rtabmap::vtkImageMatSource::SetImage(cv::_InputArray const&)'\n"}
[5.705347] (rtabmap_msgs) StdoutLine: {'line': b'-- Up-to-date: /home/brace/codeSpace/navi/install/rtabmap_msgs/share/rtabmap_msgs/cmake/export_rtabmap_msgs__rosidl_generator_cExport-release.cmake\n'}
[5.705635] (rtabmap_msgs) StdoutLine: {'line': b'-- Up-to-date: /home/brace/codeSpace/navi/install/rtabmap_msgs/share/rtabmap_msgs/cmake/export_rtabmap_msgs__rosidl_typesupport_fastrtps_cExport.cmake\n'}
[5.705691] (rtabmap_msgs) StdoutLine: {'line': b'-- Up-to-date: /home/brace/codeSpace/navi/install/rtabmap_msgs/share/rtabmap_msgs/cmake/export_rtabmap_msgs__rosidl_typesupport_fastrtps_cExport-release.cmake\n'}
[5.705746] (rtabmap) StderrLine: {'line': b"/usr/bin/ld: ../../bin/librtabmap_gui.so.0.23.4: undefined reference to `UPlot::addCurve(UPlotCurve*, bool)'\n"}
[5.705945] (rtabmap_msgs) StdoutLine: {'line': b'-- Up-to-date: /home/brace/codeSpace/navi/install/rtabmap_msgs/share/rtabmap_msgs/cmake/rtabmap_msgs__rosidl_typesupport_introspection_cExport.cmake\n'}
[5.706011] (rtabmap_msgs) StdoutLine: {'line': b'-- Up-to-date: /home/brace/codeSpace/navi/install/rtabmap_msgs/share/rtabmap_msgs/cmake/rtabmap_msgs__rosidl_typesupport_introspection_cExport-release.cmake\n'}
[5.706460] (rtabmap_msgs) StdoutLine: {'line': b'-- Up-to-date: /home/brace/codeSpace/navi/install/rtabmap_msgs/share/rtabmap_msgs/cmake/rtabmap_msgs__rosidl_typesupport_cExport.cmake\n'}
[5.706515] (rtabmap_msgs) StdoutLine: {'line': b'-- Up-to-date: /home/brace/codeSpace/navi/install/rtabmap_msgs/share/rtabmap_msgs/cmake/rtabmap_msgs__rosidl_typesupport_cExport-release.cmake\n'}
[5.706629] (rtabmap_msgs) StdoutLine: {'line': b'-- Up-to-date: /home/brace/codeSpace/navi/install/rtabmap_msgs/share/rtabmap_msgs/cmake/export_rtabmap_msgs__rosidl_generator_cppExport.cmake\n'}
[5.706678] (rtabmap_msgs) StdoutLine: {'line': b'-- Up-to-date: /home/brace/codeSpace/navi/install/rtabmap_msgs/share/rtabmap_msgs/cmake/export_rtabmap_msgs__rosidl_typesupport_fastrtps_cppExport.cmake\n'}
[5.706726] (rtabmap) StderrLine: {'line': b"/usr/bin/ld: ../../bin/librtabmap_gui.so.0.23.4: undefined reference to `rtabmap::LinkRefiningDialog::LinkRefiningDialog(QWidget*)'\n"}
[5.706844] (rtabmap) StderrLine: {'line': b'collect2: error: ld returned 1 exit status\n'}
[5.706898] (rtabmap) StderrLine: {'line': b"/usr/bin/ld: ../../bin/librtabmap_gui.so.0.23.4: undefined reference to `rtabmap::OdometryViewer::OdometryViewer(int, int, float, float, int, QWidget*, std::map<std::__cxx11::basic_string<char, std::char_traits<char>, std::allocator<char> >, std::__cxx11::basic_string<char, std::char_traits<char>, std::allocator<char> >, std::less<std::__cxx11::basic_string<char, std::char_traits<char>, std::allocator<char> > >, std::allocator<std::pair<std::__cxx11::basic_string<char, std::char_traits<char>, std::allocator<char> > const, std::__cxx11::basic_string<char, std::char_traits<char>, std::allocator<char> > > > > const&)'\n"}
[5.706960] (rtabmap) StderrLine: {'line': b"/usr/bin/ld: ../../bin/librtabmap_gui.so.0.23.4: undefined reference to `rtabmap::PostProcessingDialog::sbaType() const'\n"}
[5.707009] (rtabmap_msgs) StdoutLine: {'line': b'-- Up-to-date: /home/brace/codeSpace/navi/install/rtabmap_msgs/share/rtabmap_msgs/cmake/export_rtabmap_msgs__rosidl_typesupport_fastrtps_cppExport-release.cmake\n'}
[5.707058] (rtabmap_msgs) StdoutLine: {'line': b'-- Up-to-date: /home/brace/codeSpace/navi/install/rtabmap_msgs/share/rtabmap_msgs/cmake/rtabmap_msgs__rosidl_typesupport_introspection_cppExport.cmake\n'}
[5.707106] (rtabmap_msgs) StdoutLine: {'line': b'-- Up-to-date: /home/brace/codeSpace/navi/install/rtabmap_msgs/share/rtabmap_msgs/cmake/rtabmap_msgs__rosidl_typesupport_introspection_cppExport-release.cmake\n'}
[5.707154] (rtabmap) StderrLine: {'line': b"/usr/bin/ld: ../../bin/librtabmap_gui.so.0.23.4: undefined reference to `rtabmap::ProgressDialog::setAutoClose(bool, int)'\n"}
[5.707206] (rtabmap_msgs) StdoutLine: {'line': b'-- Up-to-date: /home/brace/codeSpace/navi/install/rtabmap_msgs/share/rtabmap_msgs/cmake/rtabmap_msgs__rosidl_typesupport_cppExport.cmake\n'}
[5.707257] (rtabmap_msgs) StdoutLine: {'line': b'-- Up-to-date: /home/brace/codeSpace/navi/install/rtabmap_msgs/share/rtabmap_msgs/cmake/rtabmap_msgs__rosidl_typesupport_cppExport-release.cmake\n'}
[5.707310] (rtabmap_msgs) StdoutLine: {'line': b'-- Up-to-date: /home/brace/codeSpace/navi/install/rtabmap_msgs/share/rtabmap_msgs/cmake/export_rtabmap_msgs__rosidl_generator_pyExport.cmake\n'}
[5.707357] (rtabmap_msgs) StdoutLine: {'line': b'-- Up-to-date: /home/brace/codeSpace/navi/install/rtabmap_msgs/share/rtabmap_msgs/cmake/export_rtabmap_msgs__rosidl_generator_pyExport-release.cmake\n'}
[5.707404] (rtabmap) StderrLine: {'line': b"/usr/bin/ld: ../../bin/librtabmap_gui.so.0.23.4: undefined reference to `QMultiComboBox::setCurrentIndex(int)'\n"}
[5.707457] (rtabmap) StderrLine: {'line': b"/usr/bin/ld: ../../bin/librtabmap_gui.so.0.23.4: undefined reference to `rtabmap::ImageView::setImageShown(bool)'\n"}
[5.707606] (rtabmap) StderrLine: {'line': b'gmake[2]: *** [tools/CameraRGBD/CMakeFiles/rgbd_camera.dir/build.make:189\xef\xbc\x9abin/rtabmap-rgbd_camera] \xe9\x94\x99\xe8\xaf\xaf 1\n'}
[5.707741] (rtabmap) StderrLine: {'line': b"/usr/bin/ld: ../../bin/librtabmap_gui.so.0.23.4: undefined reference to `rtabmap::ImageView::isImageShown() const'\n"}
[5.707796] (rtabmap) StderrLine: {'line': b"/usr/bin/ld: ../../bin/librtabmap_gui.so.0.23.4: undefined reference to `rtabmap::ImageView::staticMetaObject'\n"}
[5.707896] (rtabmap) StderrLine: {'line': b'gmake[1]: *** [CMakeFiles/Makefile2:1411\xef\xbc\x9atools/CameraRGBD/CMakeFiles/rgbd_camera.dir/all] \xe9\x94\x99\xe8\xaf\xaf 2\n'}
[5.708596] (rtabmap) StderrLine: {'line': b"/usr/bin/ld: ../../bin/librtabmap_gui.so.0.23.4: undefined reference to `rtabmap::PostProcessingDialog::intraSession() const'\n"}
[5.708901] (rtabmap) StderrLine: {'line': b"/usr/bin/ld: ../../bin/librtabmap_gui.so.0.23.4: undefined reference to `rtabmap::EditDepthArea::setColorMap(uCvQtDepthColorMap)'\n"}
[5.708964] (rtabmap_msgs) CommandEnded: {'returncode': 0}
[5.738198] (rtabmap_msgs) JobEnded: {'identifier': 'rtabmap_msgs', 'rc': 0}
[5.739293] (rtabmap) StderrLine: {'line': b"/usr/bin/ld: ../../bin/librtabmap_gui.so.0.23.4: undefined reference to `rtabmap::ExportDialog::isOdomExported() const'\n"}
[5.739445] (rtabmap) StderrLine: {'line': b"/usr/bin/ld: ../../bin/librtabmap_gui.so.0.23.4: undefined reference to `rtabmap::LinkRefiningDialog::getLinkType() const'\n"}
[5.739526] (rtabmap) StderrLine: {'line': b"/usr/bin/ld: ../../bin/librtabmap_gui.so.0.23.4: undefined reference to `rtabmap::MultiSessionLocSubView::clear()'\n"}
[5.739617] (rtabmap) StderrLine: {'line': b"/usr/bin/ld: ../../bin/librtabmap_gui.so.0.23.4: undefined reference to `rtabmap::PostProcessingDialog::isRefineNeighborLinks() const'\n"}
[5.739674] (rtabmap) StderrLine: {'line': b"/usr/bin/ld: ../../bin/librtabmap_gui.so.0.23.4: undefined reference to `rtabmap::MainWindow::odometryReceived(rtabmap::OdometryEvent const&, bool)'\n"}
[5.739726] (rtabmap) StderrLine: {'line': b"/usr/bin/ld: ../../bin/librtabmap_gui.so.0.23.4: undefined reference to `rtabmap::PostProcessingDialog::saveSettings(QSettings&, QString const&) const'\n"}
[5.739776] (rtabmap) StderrLine: {'line': b"/usr/bin/ld: ../../bin/librtabmap_gui.so.0.23.4: undefined reference to `rtabmap::EditMapArea::getModifiedMap() const'\n"}
[5.739965] (rtabmap) StderrLine: {'line': b"/usr/bin/ld: ../../bin/librtabmap_gui.so.0.23.4: undefined reference to `rtabmap::ImageView::setBackgroundColor(QColor const&)'\n"}
[5.740056] (rtabmap) StderrLine: {'line': b"/usr/bin/ld: ../../bin/librtabmap_gui.so.0.23.4: undefined reference to `rtabmap::ImageView::clear()'\n"}
[5.740252] (rtabmap) StderrLine: {'line': b"/usr/bin/ld: ../../bin/librtabmap_gui.so.0.23.4: undefined reference to `rtabmap::CalibrationDialog::boardHeight() const'\n"}
[5.740357] (rtabmap) StderrLine: {'line': b"/usr/bin/ld: ../../bin/librtabmap_gui.so.0.23.4: undefined reference to `rtabmap::DepthCalibrationDialog::staticMetaObject'\n"}
[5.740413] (rtabmap) StderrLine: {'line': b"/usr/bin/ld: ../../bin/librtabmap_gui.so.0.23.4: undefined reference to `rtabmap::PostProcessingDialog::clusterAngle() const'\n"}
[5.740562] (rtabmap) StderrLine: {'line': b"/usr/bin/ld: ../../bin/librtabmap_gui.so.0.23.4: undefined reference to `rtabmap::ImageView::setImageDepthShown(bool)'\n"}
[5.740658] (rtabmap) StderrLine: {'line': b"/usr/bin/ld: ../../bin/librtabmap_gui.so.0.23.4: undefined reference to `rtabmap::LinkRefiningDialog::setMinMax(int, int, int, int)'\n"}
[5.740797] (rtabmap) StderrLine: {'line': b"/usr/bin/ld: ../../bin/librtabmap_gui.so.0.23.4: undefined reference to `rtabmap::CalibrationDialog::staticMetaObject'\n"}
[5.740873] (rtabmap) StderrLine: {'line': b"/usr/bin/ld: ../../bin/librtabmap_gui.so.0.23.4: undefined reference to `QMultiComboBox::itemData(int)'\n"}
[5.740945] (rtabmap) StderrLine: {'line': b"/usr/bin/ld: ../../bin/librtabmap_gui.so.0.23.4: undefined reference to `UPlot::showLegend(bool)'\n"}
[5.741104] (rtabmap) StderrLine: {'line': b"/usr/bin/ld: ../../bin/librtabmap_gui.so.0.23.4: undefined reference to `rtabmap::LoopClosureViewer::LoopClosureViewer(QWidget*)'\n"}
[5.741241] (rtabmap) StderrLine: {'line': b"/usr/bin/ld: ../../bin/librtabmap_gui.so.0.23.4: undefined reference to `rtabmap::CalibrationDialog::CalibrationDialog(bool, QString const&, bool, QWidget*)'\n"}
[5.741346] (rtabmap) StderrLine: {'line': b"/usr/bin/ld: ../../bin/librtabmap_gui.so.0.23.4: undefined reference to `rtabmap::ImageView::setFeatures(std::multimap<int, cv::KeyPoint, std::less<int>, std::allocator<std::pair<int const, cv::KeyPoint> > > const&, cv::Mat const&, QColor const&)'\n"}
[5.741473] (rtabmap) StderrLine: {'line': b"/usr/bin/ld: ../../bin/librtabmap_gui.so.0.23.4: undefined reference to `rtabmap::PostProcessingDialog::isSBA() const'\n"}
[5.741587] (rtabmap) StderrLine: {'line': b"/usr/bin/ld: ../../bin/librtabmap_gui.so.0.23.4: undefined reference to `rtabmap::ExportDialog::ExportDialog(QWidget*)'\n"}
[5.741752] (rtabmap) StderrLine: {'line': b"/usr/bin/ld: ../../bin/librtabmap_gui.so.0.23.4: undefined reference to `rtabmap::ImageView::setSceneRect(QRectF const&)'\n"}
[5.741832] (rtabmap) StderrLine: {'line': b"/usr/bin/ld: ../../bin/librtabmap_gui.so.0.23.4: undefined reference to `rtabmap::GraphViewer::configChanged()'\n"}
[5.741907] (rtabmap) StderrLine: {'line': b"/usr/bin/ld: ../../bin/librtabmap_gui.so.0.23.4: undefined reference to `rtabmap::EditDepthArea::setImage(cv::Mat const&, cv::Mat const&)'\n"}
[5.742022] (rtabmap) StderrLine: {'line': b"/usr/bin/ld: ../../bin/librtabmap_gui.so.0.23.4: undefined reference to `rtabmap::DatabaseViewer::staticMetaObject'\n"}
[5.742125] (rtabmap) StderrLine: {'line': b"/usr/bin/ld: ../../bin/librtabmap_gui.so.0.23.4: undefined reference to `rtabmap::ImageView::getDepthColorMap() const'\n"}
[5.742196] (rtabmap) StderrLine: {'line': b"/usr/bin/ld: ../../bin/librtabmap_gui.so.0.23.4: undefined reference to `UPlot::addCurve(QString const&, QColor const&)'\n"}
[5.742272] (rtabmap) StderrLine: {'line': b"/usr/bin/ld: ../../bin/librtabmap_gui.so.0.23.4: undefined reference to `rtabmap::CloudViewerInteractorStyle::setOrthoMode(bool)'\n"}
[5.742348] (rtabmap) StderrLine: {'line': b"/usr/bin/ld: ../../bin/librtabmap_gui.so.0.23.4: undefined reference to `QMultiComboBox::count()'\n"}
[5.742424] (rtabmap) StderrLine: {'line': b"/usr/bin/ld: ../../bin/librtabmap_gui.so.0.23.4: undefined reference to `rtabmap::PreferencesDialog::settingsChanged(QFlags<rtabmap::PreferencesDialog::PanelFlag>)'\n"}
[5.742528] (rtabmap) StderrLine: {'line': b'collect2: error: ld returned 1 exit status\n'}
[5.742627] (rtabmap) StderrLine: {'line': b"/usr/bin/ld: ../../bin/librtabmap_gui.so.0.23.4: undefined reference to `rtabmap::PostProcessingDialog::interSession() const'\n"}
[5.742755] (rtabmap) StderrLine: {'line': b"/usr/bin/ld: ../../bin/librtabmap_gui.so.0.23.4: undefined reference to `rtabmap::CameraViewer::CameraViewer(QWidget*, std::map<std::__cxx11::basic_string<char, std::char_traits<char>, std::allocator<char> >, std::__cxx11::basic_string<char, std::char_traits<char>, std::allocator<char> >, std::less<std::__cxx11::basic_string<char, std::char_traits<char>, std::allocator<char> > >, std::allocator<std::pair<std::__cxx11::basic_string<char, std::char_traits<char>, std::allocator<char> > const, std::__cxx11::basic_string<char, std::char_traits<char>, std::allocator<char> > > > > const&)'\n"}
[5.742839] (rtabmap) StderrLine: {'line': b"/usr/bin/ld: ../../bin/librtabmap_gui.so.0.23.4: undefined reference to `rtabmap::CameraViewer::setDecimation(int)'\n"}
[5.742910] (rtabmap) StderrLine: {'line': b"/usr/bin/ld: ../../bin/librtabmap_gui.so.0.23.4: undefined reference to `UPlot::UPlot(QWidget*)'\n"}
[5.742980] (rtabmap) StderrLine: {'line': b"/usr/bin/ld: ../../bin/librtabmap_gui.so.0.23.4: undefined reference to `rtabmap::StatsToolBox::addCurve(QString const&, bool, bool)'\n"}
[5.743050] (rtabmap) StderrLine: {'line': b"/usr/bin/ld: ../../bin/librtabmap_gui.so.0.23.4: undefined reference to `rtabmap::ExportDialog::outputPath() const'\n"}
[5.743120] (rtabmap) StderrLine: {'line': b"/usr/bin/ld: ../../bin/librtabmap_gui.so.0.23.4: undefined reference to `rtabmap::CloudViewer::configChanged()'\n"}
[5.743190] (rtabmap) StderrLine: {'line': b"/usr/bin/ld: ../../bin/librtabmap_gui.so.0.23.4: undefined reference to `rtabmap::AboutDialog::AboutDialog(QWidget*)'\n"}
[5.743272] (rtabmap) StderrLine: {'line': b'gmake[2]: *** [tools/Matcher/CMakeFiles/matcher.dir/build.make:189\xef\xbc\x9abin/rtabmap-matcher] \xe9\x94\x99\xe8\xaf\xaf 1\n'}
[5.743380] (rtabmap) StderrLine: {'line': b"/usr/bin/ld: ../../bin/librtabmap_gui.so.0.23.4: undefined reference to `rtabmap::CloudViewer::staticMetaObject'\n"}
[5.743451] (rtabmap) StderrLine: {'line': b"/usr/bin/ld: ../../bin/librtabmap_gui.so.0.23.4: undefined reference to `rtabmap::CalibrationDialog::setProgressVisibility(bool)'\n"}
[5.743520] (rtabmap) StderrLine: {'line': b"/usr/bin/ld: ../../bin/librtabmap_gui.so.0.23.4: undefined reference to `rtabmap::ImageView::addLine(float, float, float, float, QColor, QString const&)'\n"}
[5.743591] (rtabmap) StderrLine: {'line': b"/usr/bin/ld: ../../bin/librtabmap_gui.so.0.23.4: undefined reference to `vtable for rtabmap::DepthCalibrationDialog'\n"}
[5.743661] (rtabmap) StderrLine: {'line': b'gmake[1]: *** [CMakeFiles/Makefile2:1606\xef\xbc\x9atools/Matcher/CMakeFiles/matcher.dir/all] \xe9\x94\x99\xe8\xaf\xaf 2\n'}
[5.743734] (rtabmap) StderrLine: {'line': b"/usr/bin/ld: ../../bin/librtabmap_gui.so.0.23.4: undefined reference to `rtabmap::ProgressDialog::setMaximumSteps(int)'\n"}
[5.743856] (rtabmap) StderrLine: {'line': b"/usr/bin/ld: ../../bin/librtabmap_gui.so.0.23.4: undefined reference to `rtabmap::ExportDialog::sessionExported() const'\n"}
[5.743972] (rtabmap) StderrLine: {'line': b"/usr/bin/ld: ../../bin/librtabmap_gui.so.0.23.4: undefined reference to `rtabmap::ProgressDialog::setCancelButtonVisible(bool)'\n"}
[5.744109] (rtabmap) StderrLine: {'line': b"/usr/bin/ld: ../../bin/librtabmap_gui.so.0.23.4: undefined reference to `rtabmap::CalibrationDialog::setRationalModel()'\n"}
[5.744215] (rtabmap) StderrLine: {'line': b"/usr/bin/ld: ../../bin/librtabmap_gui.so.0.23.4: undefined reference to `rtabmap::ExportCloudsDialog::staticMetaObject'\n"}
[5.744269] (rtabmap) StderrLine: {'line': b"/usr/bin/ld: ../../bin/librtabmap_gui.so.0.23.4: undefined reference to `rtabmap::MainWindow::cameraInfoReceived(rtabmap::SensorCaptureInfo const&)'\n"}
[5.744361] (rtabmap) StderrLine: {'line': b"/usr/bin/ld: ../../bin/librtabmap_gui.so.0.23.4: undefined reference to `rtabmap::ImageView::setFeaturesShown(bool)'\n"}
[5.744393] (rtabmap) StderrLine: {'line': b"/usr/bin/ld: ../../bin/librtabmap_gui.so.0.23.4: undefined reference to `rtabmap::MainWindow::rtabmapEvent3DMapProcessed()'\n"}
[5.744470] (rtabmap) StderrLine: {'line': b"/usr/bin/ld: ../../bin/librtabmap_gui.so.0.23.4: undefined reference to `UPlotCurve::addValue(double, double)'\n"}
[5.744539] (rtabmap) StderrLine: {'line': b"/usr/bin/ld: ../../bin/librtabmap_gui.so.0.23.4: undefined reference to `rtabmap::EditConstraintDialog::setPoseGroupVisible(bool)'\n"}
[5.744571] (rtabmap) StderrLine: {'line': b"/usr/bin/ld: ../../bin/librtabmap_gui.so.0.23.4: undefined reference to `rtabmap::ImageView::setImage(QImage const&, std::vector<rtabmap::CameraModel, std::allocator<rtabmap::CameraModel> > const&, rtabmap::Transform const&)'\n"}
[5.744609] (rtabmap) StderrLine: {'line': b"/usr/bin/ld: ../../bin/librtabmap_gui.so.0.23.4: undefined reference to `rtabmap::LoopClosureViewer::setData(rtabmap::Signature const&, rtabmap::Signature const&)'\n"}
[5.744644] (rtabmap) StderrLine: {'line': b"/usr/bin/ld: ../../bin/librtabmap_gui.so.0.23.4: undefined reference to `rtabmap::CalibrationDialog::processImages(cv::Mat const&, cv::Mat const&, QString const&)'\n"}
[5.744680] (rtabmap) StderrLine: {'line': b"/usr/bin/ld: ../../bin/librtabmap_gui.so.0.23.4: undefined reference to `rtabmap::PostProcessingDialog::loadSettings(QSettings&, QString const&)'\n"}
[5.744716] (rtabmap) StderrLine: {'line': b"/usr/bin/ld: ../../bin/librtabmap_gui.so.0.23.4: undefined reference to `rtabmap::ExportBundlerDialog::saveSettings(QSettings&, QString const&) const'\n"}
[5.744786] (rtabmap) StderrLine: {'line': b"/usr/bin/ld: ../../bin/librtabmap_gui.so.0.23.4: undefined reference to `QMultiComboBox::SetDisplayText(QString)'\n"}
[5.744817] (rtabmap) StderrLine: {'line': b"/usr/bin/ld: ../../bin/librtabmap_gui.so.0.23.4: undefined reference to `rtabmap::MultiSessionLocSubView::MultiSessionLocSubView(rtabmap::ImageView*, int, QWidget*)'\n"}
[5.744851] (rtabmap) StderrLine: {'line': b"/usr/bin/ld: ../../bin/librtabmap_gui.so.0.23.4: undefined reference to `rtabmap::ImageView::loadSettings(QSettings&, QString const&)'\n"}
[5.744886] (rtabmap) StderrLine: {'line': b"/usr/bin/ld: ../../bin/librtabmap_gui.so.0.23.4: undefined reference to `rtabmap::ImageView::setFeaturesColor(QColor)'\n"}
[5.744921] (rtabmap) StderrLine: {'line': b"/usr/bin/ld: ../../bin/librtabmap_gui.so.0.23.4: undefined reference to `vtable for rtabmap::PreferencesDialog'\n"}
[5.744956] (rtabmap) StderrLine: {'line': b"/usr/bin/ld: ../../bin/librtabmap_gui.so.0.23.4: undefined reference to `rtabmap::EditConstraintDialog::getCovariance() const'\n"}
[5.744992] (rtabmap) StderrLine: {'line': b"/usr/bin/ld: ../../bin/librtabmap_gui.so.0.23.4: undefined reference to `rtabmap::PostProcessingDialog::isDetectMoreLoopClosures() const'\n"}
[5.745027] (rtabmap) StderrLine: {'line': b"/usr/bin/ld: ../../bin/librtabmap_gui.so.0.23.4: undefined reference to `rtabmap::CloudViewerCellPicker::New()'\n"}
[5.745097] (rtabmap) StderrLine: {'line': b"/usr/bin/ld: ../../bin/librtabmap_gui.so.0.23.4: undefined reference to `rtabmap::EditDepthArea::getModifiedImage() const'\n"}
[5.745134] (rtabmap) StderrLine: {'line': b"/usr/bin/ld: ../../bin/librtabmap_gui.so.0.23.4: undefined reference to `UPlotCurve::UPlotCurve(QString const&, QVector<double> const&, QVector<double> const&, QObject*)'\n"}
[5.745170] (rtabmap) StderrLine: {'line': b"/usr/bin/ld: ../../bin/librtabmap_gui.so.0.23.4: undefined reference to `rtabmap::PostProcessingDialog::isRefineLoopClosureLinks() const'\n"}
[5.745204] (rtabmap) StderrLine: {'line': b"/usr/bin/ld: ../../bin/librtabmap_gui.so.0.23.4: undefined reference to `rtabmap::MainWindow::rtabmapEventInitReceived(int, QString const&)'\n"}
[5.745239] (rtabmap) StderrLine: {'line': b"/usr/bin/ld: ../../bin/librtabmap_gui.so.0.23.4: undefined reference to `rtabmap::CalibrationDialog::squareSize() const'\n"}
[5.745318] (rtabmap) StderrLine: {'line': b"/usr/bin/ld: ../../bin/librtabmap_gui.so.0.23.4: undefined reference to `rtabmap::vtkImageMatSource::New()'\n"}
[5.745385] (rtabmap) StderrLine: {'line': b"/usr/bin/ld: ../../bin/librtabmap_gui.so.0.23.4: undefined reference to `rtabmap::MapVisibilityWidget::getVisiblePoses() const'\n"}
[5.745417] (rtabmap) StderrLine: {'line': b"/usr/bin/ld: ../../bin/librtabmap_gui.so.0.23.4: undefined reference to `rtabmap::MainWindow::statsReceived(rtabmap::Statistics const&)'\n"}
[5.745445] (rtabmap) StderrLine: {'line': b"/usr/bin/ld: ../../bin/librtabmap_gui.so.0.23.4: undefined reference to `rtabmap::MainWindow::mappingModeChanged(bool)'\n"}
[5.745472] (rtabmap) StderrLine: {'line': b"/usr/bin/ld: ../../bin/librtabmap_gui.so.0.23.4: undefined reference to `vtable for rtabmap::DatabaseViewer'\n"}
[5.745499] (rtabmap) StderrLine: {'line': b"/usr/bin/ld: ../../bin/librtabmap_gui.so.0.23.4: undefined reference to `rtabmap::StatsToolBox::setWorkingDirectory(QString const&)'\n"}
[5.745525] (rtabmap) StderrLine: {'line': b"/usr/bin/ld: ../../bin/librtabmap_gui.so.0.23.4: undefined reference to `rtabmap::ExportBundlerDialog::ExportBundlerDialog(QWidget*)'\n"}
[5.745552] (rtabmap) StderrLine: {'line': b"/usr/bin/ld: ../../bin/librtabmap_gui.so.0.23.4: undefined reference to `rtabmap::CalibrationDialog::setFisheyeModel()'\n"}
[5.745577] (rtabmap) StderrLine: {'line': b"/usr/bin/ld: ../../bin/librtabmap_gui.so.0.23.4: undefined reference to `rtabmap::PostProcessingDialog::PostProcessingDialog(QWidget*)'\n"}
[5.745603] (rtabmap) StderrLine: {'line': b"/usr/bin/ld: ../../bin/librtabmap_gui.so.0.23.4: undefined reference to `rtabmap::MultiSessionLocSubView::updateView(int, QImage const&, std::multimap<int, cv::KeyPoint, std::less<int>, std::allocator<std::pair<int const, cv::KeyPoint> > > const&, float, QColor const&)'\n"}
[5.745676] (rtabmap) StderrLine: {'line': b"/usr/bin/ld: ../../bin/librtabmap_gui.so.0.23.4: undefined reference to `rtabmap::ProgressDialog::maximumSteps() const'\n"}
[5.745718] (rtabmap) StderrLine: {'line': b"/usr/bin/ld: ../../bin/librtabmap_gui.so.0.23.4: undefined reference to `rtabmap::ImageView::addFeature(int, cv::KeyPoint const&, float, QColor)'\n"}
[5.745834] (rtabmap) StderrLine: {'line': b"/usr/bin/ld: ../../bin/librtabmap_gui.so.0.23.4: undefined reference to `QMultiComboBox::QMultiComboBox(QWidget*)'\n"}
[5.745866] (rtabmap) StderrLine: {'line': b"/usr/bin/ld: ../../bin/librtabmap_gui.so.0.23.4: undefined reference to `rtabmap::LinkRefiningDialog::getRangeNodeId(int&, int&) const'\n"}
[5.745905] (rtabmap) StderrLine: {'line': b"/usr/bin/ld: ../../bin/librtabmap_gui.so.0.23.4: undefined reference to `rtabmap::CalibrationDialog::loadSettings(QSettings&, QString const&)'\n"}
[5.745942] (rtabmap) StderrLine: {'line': b"/usr/bin/ld: ../../bin/librtabmap_gui.so.0.23.4: undefined reference to `rtabmap::MainWindow::odometryProcessed()'\n"}
[5.745976] (rtabmap) StderrLine: {'line': b"/usr/bin/ld: ../../bin/librtabmap_gui.so.0.23.4: undefined reference to `rtabmap::PostProcessingDialog::sbaIterations() const'\n"}
[5.746060] (rtabmap) StderrLine: {'line': b"/usr/bin/ld: ../../bin/librtabmap_gui.so.0.23.4: undefined reference to `rtabmap::CalibrationDialog::saveSettings(QSettings&, QString const&) const'\n"}
[5.746099] (rtabmap) StderrLine: {'line': b"/usr/bin/ld: ../../bin/librtabmap_gui.so.0.23.4: undefined reference to `rtabmap::StatsToolBox::StatsToolBox(QWidget*)'\n"}
[5.746170] (rtabmap) StderrLine: {'line': b"/usr/bin/ld: ../../bin/librtabmap_gui.so.0.23.4: undefined reference to `rtabmap::MainWindow::cameraInfoProcessed()'\n"}
[5.746208] (rtabmap) StderrLine: {'line': b"/usr/bin/ld: ../../bin/librtabmap_gui.so.0.23.4: undefined reference to `rtabmap::LinkRefiningDialog::getIntraInterSessions(bool&, bool&) const'\n"}
[5.746245] (rtabmap) StderrLine: {'line': b"/usr/bin/ld: ../../bin/librtabmap_gui.so.0.23.4: undefined reference to `rtabmap::CalibrationDialog::setCameraName(QString const&)'\n"}
[5.746320] (rtabmap) StderrLine: {'line': b"/usr/bin/ld: ../../bin/librtabmap_gui.so.0.23.4: undefined reference to `rtabmap::StatsToolBox::addThreshold(QString const&, double)'\n"}
[5.746354] (rtabmap) StderrLine: {'line': b"/usr/bin/ld: ../../bin/librtabmap_gui.so.0.23.4: undefined reference to `rtabmap::StatsToolBox::getFiguresSetup(QList<int>&, QStringList&, QStringList&)'\n"}
[5.746431] (rtabmap) StderrLine: {'line': b"/usr/bin/ld: ../../bin/librtabmap_gui.so.0.23.4: undefined reference to `rtabmap::ExportDialog::isDepthExported() const'\n"}
[5.746471] (rtabmap) StderrLine: {'line': b"/usr/bin/ld: ../../bin/librtabmap_gui.so.0.23.4: undefined reference to `rtabmap::MainWindow::detectionRateChanged(double)'\n"}
[5.746503] (rtabmap) StderrLine: {'line': b"/usr/bin/ld: ../../bin/librtabmap_gui.so.0.23.4: undefined reference to `UPlot::setFixedYAxis(double, double)'\n"}
[5.746538] (rtabmap) StderrLine: {'line': b"/usr/bin/ld: ../../bin/librtabmap_gui.so.0.23.4: undefined reference to `vtable for rtabmap::RecoveryState'\n"}
[5.746575] (rtabmap) StderrLine: {'line': b"/usr/bin/ld: ../../bin/librtabmap_gui.so.0.23.4: undefined reference to `vtable for rtabmap::GraphViewer'\n"}
[5.746619] (rtabmap) StderrLine: {'line': b"/usr/bin/ld: ../../bin/librtabmap_gui.so.0.23.4: undefined reference to `rtabmap::EditConstraintDialog::EditConstraintDialog(rtabmap::Transform const&, cv::Mat const&, QWidget*)'\n"}
[5.746722] (rtabmap) StderrLine: {'line': b"/usr/bin/ld: ../../bin/librtabmap_gui.so.0.23.4: undefined reference to `UPlot::addThreshold(QString const&, double, Qt::Orientation)'\n"}
[5.746764] (rtabmap) StderrLine: {'line': b"/usr/bin/ld: ../../bin/librtabmap_gui.so.0.23.4: undefined reference to `rtabmap::LinkRefiningDialog::isRangeByNodeId() const'\n"}
[5.746807] (rtabmap) StderrLine: {'line': b"/usr/bin/ld: ../../bin/librtabmap_gui.so.0.23.4: undefined reference to `rtabmap::CreateSimpleCalibrationDialog::CreateSimpleCalibrationDialog(QString const&, QString const&, QWidget*)'\n"}
[5.746854] (rtabmap) StderrLine: {'line': b"/usr/bin/ld: ../../bin/librtabmap_gui.so.0.23.4: undefined reference to `rtabmap::ImageView::setImageDepth(cv::Mat const&, cv::Mat const&)'\n"}
[5.746952] (rtabmap) StderrLine: {'line': b"/usr/bin/ld: ../../bin/librtabmap_gui.so.0.23.4: undefined reference to `rtabmap::ExportDialog::isUserDataExported() const'\n"}
[5.747167] (rtabmap) StderrLine: {'line': b"/usr/bin/ld: ../../bin/librtabmap_gui.so.0.23.4: undefined reference to `rtabmap::MainWindow::statsProcessed()'\n"}
[5.747236] (rtabmap) StderrLine: {'line': b"/usr/bin/ld: ../../bin/librtabmap_gui.so.0.23.4: undefined reference to `rtabmap::ImageView::isImageDepthShown() const'\n"}
[5.747299] (rtabmap) StderrLine: {'line': b"/usr/bin/ld: ../../bin/librtabmap_gui.so.0.23.4: undefined reference to `rtabmap::ExportDialog::targetFramerate() const'\n"}
[5.747336] (rtabmap) StderrLine: {'line': b"/usr/bin/ld: ../../bin/librtabmap_gui.so.0.23.4: undefined reference to `QMultiComboBox::addItem(QString const&, QVariant const&)'\n"}
[5.747369] (rtabmap) StderrLine: {'line': b"/usr/bin/ld: ../../bin/librtabmap_gui.so.0.23.4: undefined reference to `rtabmap::PreferencesDialog::settingsChanged(std::map<std::__cxx11::basic_string<char, std::char_traits<char>, std::allocator<char> >, std::__cxx11::basic_string<char, std::char_traits<char>, std::allocator<char> >, std::less<std::__cxx11::basic_string<char, std::char_traits<char>, std::allocator<char> > >, std::allocator<std::pair<std::__cxx11::basic_string<char, std::char_traits<char>, std::allocator<char> > const, std::__cxx11::basic_string<char, std::char_traits<char>, std::allocator<char> > > > >)'\n"}
[5.747428] (rtabmap) StderrLine: {'line': b"/usr/bin/ld: ../../bin/librtabmap_gui.so.0.23.4: undefined reference to `rtabmap::EditConstraintDialog::getTransform() const'\n"}
[5.747463] (rtabmap) StderrLine: {'line': b"/usr/bin/ld: ../../bin/librtabmap_gui.so.0.23.4: undefined reference to `rtabmap::ExportBundlerDialog::exportBundler(std::map<int, rtabmap::Transform, std::less<int>, std::allocator<std::pair<int const, rtabmap::Transform> > >&, std::multimap<int, rtabmap::Link, std::less<int>, std::allocator<std::pair<int const, rtabmap::Link> > > const&, QMap<int, rtabmap::Signature> const&, std::map<std::__cxx11::basic_string<char, std::char_traits<char>, std::allocator<char> >, std::__cxx11::basic_string<char, std::char_traits<char>, std::allocator<char> >, std::less<std::__cxx11::basic_string<char, std::char_traits<char>, std::allocator<char> > >, std::allocator<std::pair<std::__cxx11::basic_string<char, std::char_traits<char>, std::allocator<char> > const, std::__cxx11::basic_string<char, std::char_traits<char>, std::allocator<char> > > > > const&)'\n"}
[5.747597] (rtabmap) StderrLine: {'line': b"/usr/bin/ld: ../../bin/librtabmap_gui.so.0.23.4: undefined reference to `rtabmap::EditDepthArea::EditDepthArea(QWidget*)'\n"}
[5.747656] (rtabmap) StderrLine: {'line': b"/usr/bin/ld: ../../bin/librtabmap_gui.so.0.23.4: undefined reference to `rtabmap::MainWindow::rtabmapGoalStatusEventReceived(int)'\n"}
[5.747693] (rtabmap) StderrLine: {'line': b"/usr/bin/ld: ../../bin/librtabmap_gui.so.0.23.4: undefined reference to `rtabmap::ImageView::setFeatureColor(int, QColor)'\n"}
[5.747761] (rtabmap) StderrLine: {'line': b"/usr/bin/ld: ../../bin/librtabmap_gui.so.0.23.4: undefined reference to `rtabmap::StatsToolBox::closeFigures()'\n"}
[5.747790] (rtabmap) StderrLine: {'line': b"/usr/bin/ld: ../../bin/librtabmap_gui.so.0.23.4: undefined reference to `rtabmap::GraphViewer::linkSelected(int, int)'\n"}
[5.747822] (rtabmap) StderrLine: {'line': b"/usr/bin/ld: ../../bin/librtabmap_gui.so.0.23.4: undefined reference to `rtabmap::ProgressDialog::clear()'\n"}
[5.747859] (rtabmap) StderrLine: {'line': b"/usr/bin/ld: ../../bin/librtabmap_gui.so.0.23.4: undefined reference to `rtabmap::ProgressDialog::resetProgress()'\n"}
[5.747895] (rtabmap) StderrLine: {'line': b"/usr/bin/ld: ../../bin/librtabmap_gui.so.0.23.4: undefined reference to `UPlot::removeCurves()'\n"}
[5.747931] (rtabmap) StderrLine: {'line': b"/usr/bin/ld: ../../bin/librtabmap_gui.so.0.23.4: undefined reference to `rtabmap::ImageView::setLinesShown(bool)'\n"}
[5.747968] (rtabmap) StderrLine: {'line': b"/usr/bin/ld: ../../bin/librtabmap_gui.so.0.23.4: undefined reference to `rtabmap::StatsToolBox::updateStat(QString const&, double, double, bool)'\n"}
[5.748006] (rtabmap) StderrLine: {'line': b"/usr/bin/ld: ../../bin/librtabmap_gui.so.0.23.4: undefined reference to `rtabmap::ProgressDialog::incrementStep(int)'\n"}
[5.748057] (rtabmap) StderrLine: {'line': b"/usr/bin/ld: ../../bin/librtabmap_gui.so.0.23.4: undefined reference to `rtabmap::MainWindow::rtabmapGlobalPathEventReceived(rtabmap::RtabmapGlobalPathEvent const&)'\n"}
[5.748157] (rtabmap) StderrLine: {'line': b"/usr/bin/ld: ../../bin/librtabmap_gui.so.0.23.4: undefined reference to `rtabmap::DataRecorder::~DataRecorder()'\n"}
[5.748199] (rtabmap) StderrLine: {'line': b"/usr/bin/ld: ../../bin/librtabmap_gui.so.0.23.4: undefined reference to `QMultiComboBox::setItemChecked(int, bool)'\n"}
[5.748234] (rtabmap) StderrLine: {'line': b"/usr/bin/ld: ../../bin/librtabmap_gui.so.0.23.4: undefined reference to `rtabmap::MainWindow::stateChanged(rtabmap::MainWindow::State)'\n"}
[5.748279] (rtabmap) StderrLine: {'line': b"/usr/bin/ld: ../../bin/librtabmap_gui.so.0.23.4: undefined reference to `rtabmap::DataRecorder::addData(rtabmap::SensorData const&, rtabmap::Transform const&, cv::Mat const&)'\n"}
[5.748309] (rtabmap) StderrLine: {'line': b"/usr/bin/ld: ../../bin/librtabmap_gui.so.0.23.4: undefined reference to `rtabmap::GraphViewer::staticMetaObject'\n"}
[5.748341] (rtabmap) StderrLine: {'line': b"/usr/bin/ld: ../../bin/librtabmap_gui.so.0.23.4: undefined reference to `rtabmap::PostProcessingDialog::iterations() const'\n"}
[5.748379] (rtabmap) StderrLine: {'line': b"/usr/bin/ld: ../../bin/librtabmap_gui.so.0.23.4: undefined reference to `rtabmap::ImageView::getDefaultMatchingFeatureColor() const'\n"}
[5.748418] (rtabmap) StderrLine: {'line': b"/usr/bin/ld: ../../bin/librtabmap_gui.so.0.23.4: undefined reference to `rtabmap::EditMapArea::EditMapArea(QWidget*)'\n"}
[5.748454] (rtabmap) StderrLine: {'line': b"/usr/bin/ld: ../../bin/librtabmap_gui.so.0.23.4: undefined reference to `rtabmap::MainWindow::noMoreImagesReceived()'\n"}
[5.748493] (rtabmap) StderrLine: {'line': b"/usr/bin/ld: ../../bin/librtabmap_gui.so.0.23.4: undefined reference to `rtabmap::ConsoleWidget::ConsoleWidget(QWidget*)'\n"}
[5.748616] (rtabmap) StderrLine: {'line': b"/usr/bin/ld: ../../bin/librtabmap_gui.so.0.23.4: undefined reference to `vtable for rtabmap::ParametersToolBox'\n"}
[5.748661] (rtabmap) StderrLine: {'line': b"/usr/bin/ld: ../../bin/librtabmap_gui.so.0.23.4: undefined reference to `rtabmap::EditMapArea::setMap(cv::Mat const&)'\n"}
[5.748691] (rtabmap) StderrLine: {'line': b"/usr/bin/ld: ../../bin/librtabmap_gui.so.0.23.4: undefined reference to `rtabmap::ExportBundlerDialog::staticMetaObject'\n"}
[5.748728] (rtabmap) StderrLine: {'line': b"/usr/bin/ld: ../../bin/librtabmap_gui.so.0.23.4: undefined reference to `rtabmap::PreferencesDialog::staticMetaObject'\n"}
[5.748844] (rtabmap) StderrLine: {'line': b"/usr/bin/ld: ../../bin/librtabmap_gui.so.0.23.4: undefined reference to `rtabmap::ImageView::ImageView(QWidget*)'\n"}
[5.748878] (rtabmap) StderrLine: {'line': b"/usr/bin/ld: ../../bin/librtabmap_gui.so.0.23.4: undefined reference to `rtabmap::MainWindow::staticMetaObject'\n"}
[5.748912] (rtabmap) StderrLine: {'line': b"/usr/bin/ld: ../../bin/librtabmap_gui.so.0.23.4: undefined reference to `rtabmap::CalibrationDialog::setSwitchedImages(bool)'\n"}
[5.748944] (rtabmap) StderrLine: {'line': b"/usr/bin/ld: ../../bin/librtabmap_gui.so.0.23.4: undefined reference to `rtabmap::CalibrationDialog::setSquareSize(double)'\n"}
[5.748974] (rtabmap) StderrLine: {'line': b"/usr/bin/ld: /usr/bin/ld: ../../bin/librtabmap_gui.so.0.23.4: undefined reference to `rtabmap::StatsToolBox::clear()'\n"}
[5.749033] (rtabmap) StderrLine: {'line': b"CMakeFiles/wifi_mapping.dir/main.cpp.o: in function `MapBuilder::MapBuilder(rtabmap::SensorCaptureThread*)':\n"}
[5.749073] (rtabmap) StderrLine: {'line': b"main.cpp:(.text._ZN10MapBuilderC2EPN7rtabmap19SensorCaptureThreadE[_ZN10MapBuilderC5EPN7rtabmap19SensorCaptureThreadE]+0xf5): undefined reference to `rtabmap::CloudViewerInteractorStyle::New()'\n"}
[5.749172] (rtabmap) StderrLine: {'line': b"/usr/bin/ld: ../../bin/librtabmap_gui.so.0.23.4: undefined reference to `rtabmap::CalibrationDialog::setStereoMode(bool, QString const&, QString const&)'\n"}
[5.749372] (rtabmap) StderrLine: {'line': b"/usr/bin/ld: ../../bin/librtabmap_gui.so.0.23.4: undefined reference to `rtabmap::ImageView::setFeatures(std::vector<cv::KeyPoint, std::allocator<cv::KeyPoint> > const&, cv::Mat const&, QColor const&)'\n"}
[5.749496] (rtabmap) StderrLine: {'line': b"/usr/bin/ld: ../../bin/librtabmap_gui.so.0.23.4: undefined reference to `rtabmap::ImageView::getDefaultMatchingLineColor() const'\n"}
[5.749544] (rtabmap) StderrLine: {'line': b"/usr/bin/ld: ../../bin/librtabmap_gui.so.0.23.4: undefined reference to `rtabmap::GraphViewer::nodeSelected(int)'\n"}
[5.749591] (rtabmap) StderrLine: {'line': b"/usr/bin/ld: ../../bin/librtabmap_gui.so.0.23.4: undefined reference to `rtabmap::CalibrationDialog::stereoCalibration(rtabmap::CameraModel const&, rtabmap::CameraModel const&, bool, QTextStream*) const'\n"}
[5.749645] (rtabmap) StderrLine: {'line': b"/usr/bin/ld: ../../bin/librtabmap_gui.so.0.23.4: undefined reference to `vtable for rtabmap::ExportCloudsDialog'\n"}
[5.749692] (rtabmap) StderrLine: {'line': b"/usr/bin/ld: ../../bin/librtabmap_gui.so.0.23.4: undefined reference to `rtabmap::ExportBundlerDialog::setWorkingDirectory(QString const&)'\n"}
[5.749732] (rtabmap) StderrLine: {'line': b"/usr/bin/ld: ../../bin/librtabmap_gui.so.0.23.4: undefined reference to `rtabmap::ExportDialog::isRgbExported() const'\n"}
[5.749795] (rtabmap) StderrLine: {'line': b"/usr/bin/ld: ../../bin/librtabmap_gui.so.0.23.4: undefined reference to `rtabmap::PostProcessingDialog::sbaVariance() const'\n"}
[5.749841] (rtabmap) StderrLine: {'line': b"/usr/bin/ld: ../../bin/librtabmap_gui.so.0.23.4: undefined reference to `rtabmap::EditConstraintDialog::~EditConstraintDialog()'\n"}
[5.749888] (rtabmap) StderrLine: {'line': b"/usr/bin/ld: ../../bin/librtabmap_gui.so.0.23.4: undefined reference to `rtabmap::DataRecorder::init(QString const&, bool)'\n"}
[5.749935] (rtabmap) StderrLine: {'line': b"/usr/bin/ld: ../../bin/librtabmap_gui.so.0.23.4: undefined reference to `vtable for rtabmap::MultiSessionLocWidget'\n"}
[5.749973] (rtabmap) StderrLine: {'line': b"/usr/bin/ld: ../../bin/librtabmap_gui.so.0.23.4: undefined reference to `rtabmap::ParametersToolBox::staticMetaObject'\n"}
[5.750009] (rtabmap) StderrLine: {'line': b"/usr/bin/ld: ../../bin/librtabmap_gui.so.0.23.4: undefined reference to `vtable for rtabmap::TexturingState'\n"}
[5.750059] (rtabmap) StderrLine: {'line': b"/usr/bin/ld: ../../bin/librtabmap_gui.so.0.23.4: undefined reference to `rtabmap::CalibrationDialog::resetSettings()'\n"}
[5.750105] (rtabmap) StderrLine: {'line': b"/usr/bin/ld: ../../bin/librtabmap_gui.so.0.23.4: undefined reference to `rtabmap::ImageView::clearLines()'\n"}
[5.750155] (rtabmap) StderrLine: {'line': b"/usr/bin/ld: ../../bin/librtabmap_gui.so.0.23.4: undefined reference to `rtabmap::GraphViewer::mapShownRequested()'\n"}
[5.750206] (rtabmap) StderrLine: {'line': b"/usr/bin/ld: ../../bin/librtabmap_gui.so.0.23.4: undefined reference to `QMultiComboBox::itemText(int)'\n"}
[5.750259] (rtabmap) StderrLine: {'line': b"/usr/bin/ld: ../../bin/librtabmap_gui.so.0.23.4: undefined reference to `rtabmap::ImageView::clearFeatures()'\n"}
[5.750463] (rtabmap) StderrLine: {'line': b"/usr/bin/ld: ../../bin/librtabmap_gui.so.0.23.4: undefined reference to `rtabmap::DataRecorder::DataRecorder(QWidget*)'\n"}
[5.750497] (rtabmap) StderrLine: {'line': b"/usr/bin/ld: ../../bin/librtabmap_gui.so.0.23.4: undefined reference to `rtabmap::PostProcessingDialog::staticMetaObject'\n"}
[5.750528] (rtabmap) StderrLine: {'line': b"/usr/bin/ld: ../../bin/librtabmap_gui.so.0.23.4: undefined reference to `rtabmap::MapVisibilityWidget::clear()'\n"}
[5.750560] (rtabmap) StderrLine: {'line': b"/usr/bin/ld: ../../bin/librtabmap_gui.so.0.23.4: undefined reference to `rtabmap::ExportDialog::isDepth2dExported() const'\n"}
[5.750689] (rtabmap) StderrLine: {'line': b"/usr/bin/ld: ../../bin/librtabmap_gui.so.0.23.4: undefined reference to `rtabmap::PdfPlotCurve::PdfPlotCurve(QString const&, QMap<int, rtabmap::Signature> const*, QObject*)'\n"}
[5.750717] (rtabmap) StderrLine: {'line': b"/usr/bin/ld: ../../bin/librtabmap_gui.so.0.23.4: undefined reference to `vtable for rtabmap::MainWindow'\n"}
[5.750752] (rtabmap) StderrLine: {'line': b"/usr/bin/ld: ../../bin/librtabmap_gui.so.0.23.4: undefined reference to `rtabmap::CalibrationDialog::setBoardWidth(int)'\n"}
[5.750779] (rtabmap) StderrLine: {'line': b"/usr/bin/ld: ../../bin/librtabmap_gui.so.0.23.4: undefined reference to `rtabmap::ProgressDialog::ProgressDialog(QWidget*, QFlags<Qt::WindowType>)'\n"}
[5.750807] (rtabmap) StderrLine: {'line': b"/usr/bin/ld: ../../bin/librtabmap_gui.so.0.23.4: undefined reference to `rtabmap::PdfPlotCurve::setData(QMap<int, float> const&, QMap<int, int> const&)'\n"}
[5.750833] (rtabmap) StderrLine: {'line': b"/usr/bin/ld: ../../bin/librtabmap_gui.so.0.23.4: undefined reference to `rtabmap::MainWindow::imgRateChanged(double)'\n"}
[5.750864] (rtabmap) StderrLine: {'line': b"/usr/bin/ld: ../../bin/librtabmap_gui.so.0.23.4: undefined reference to `rtabmap::ImageView::isLinesShown() const'\n"}
[5.750892] (rtabmap) StderrLine: {'line': b"/usr/bin/ld: ../../bin/librtabmap_gui.so.0.23.4: undefined reference to `rtabmap::StatsToolBox::updateStat(QString const&, std::vector<double, std::allocator<double> > const&, std::vector<double, std::allocator<double> > const&, bool)'\n"}
[5.750969] (rtabmap) StderrLine: {'line': b"/usr/bin/ld: ../../bin/librtabmap_gui.so.0.23.4: undefined reference to `rtabmap::ImageView::viewScale() const'\n"}
[5.751001] (rtabmap) StderrLine: {'line': b"/usr/bin/ld: ../../bin/librtabmap_gui.so.0.23.4: undefined reference to `rtabmap::ProgressDialog::setValue(int)'\n"}
[5.751032] (rtabmap) StderrLine: {'line': b"/usr/bin/ld: ../../bin/librtabmap_gui.so.0.23.4: undefined reference to `rtabmap::ImageView::setAlpha(int)'\n"}
[5.751062] (rtabmap) StderrLine: {'line': b"/usr/bin/ld: ../../bin/librtabmap_gui.so.0.23.4: undefined reference to `rtabmap::ImageView::saveSettings(QSettings&, QString const&) const'\n"}
[5.751091] (rtabmap) StderrLine: {'line': b"/usr/bin/ld: ../../bin/librtabmap_gui.so.0.23.4: undefined reference to `rtabmap::MapVisibilityWidget::MapVisibilityWidget(QWidget*)'\n"}
[5.751119] (rtabmap) StderrLine: {'line': b"/usr/bin/ld: ../../bin/librtabmap_gui.so.0.23.4: undefined reference to `rtabmap::PostProcessingDialog::sbaRematchFeatures() const'\n"}
[5.751148] (rtabmap) StderrLine: {'line': b"/usr/bin/ld: ../../bin/librtabmap_gui.so.0.23.4: undefined reference to `rtabmap::ImageView::sceneRect() const'\n"}
[5.751176] (rtabmap) StderrLine: {'line': b"/usr/bin/ld: ../../bin/librtabmap_gui.so.0.23.4: undefined reference to `rtabmap::ParametersToolBox::parametersChanged(QStringList const&)'\n"}
[5.751203] (rtabmap) StderrLine: {'line': b"/usr/bin/ld: ../../bin/librtabmap_gui.so.0.23.4: undefined reference to `rtabmap::CalibrationDialog::boardWidth() const'\n"}
[5.751230] (rtabmap) StderrLine: {'line': b"/usr/bin/ld: ../../bin/librtabmap_gui.so.0.23.4: undefined reference to `rtabmap::ExportBundlerDialog::loadSettings(QSettings&, QString const&)'\n"}
[5.751260] (rtabmap) StderrLine: {'line': b"/usr/bin/ld: ../../bin/librtabmap_gui.so.0.23.4: undefined reference to `rtabmap::LinkRefiningDialog::isRangeByMapId() const'\n"}
[5.751294] (rtabmap) StderrLine: {'line': b"/usr/bin/ld: ../../bin/librtabmap_gui.so.0.23.4: undefined reference to `rtabmap::LoopClosureViewer::updateView(rtabmap::Transform const&, std::map<std::__cxx11::basic_string<char, std::char_traits<char>, std::allocator<char> >, std::__cxx11::basic_string<char, std::char_traits<char>, std::allocator<char> >, std::less<std::__cxx11::basic_string<char, std::char_traits<char>, std::allocator<char> > >, std::allocator<std::pair<std::__cxx11::basic_string<char, std::char_traits<char>, std::allocator<char> > const, std::__cxx11::basic_string<char, std::char_traits<char>, std::allocator<char> > > > > const&)'\n"}
[5.751335] (rtabmap) StderrLine: {'line': b"/usr/bin/ld: ../../bin/librtabmap_gui.so.0.23.4: undefined reference to `rtabmap::ExportDialog::~ExportDialog()'\n"}
[5.751369] (rtabmap) StderrLine: {'line': b"/usr/bin/ld: ../../bin/librtabmap_gui.so.0.23.4: undefined reference to `rtabmap::ImageView::getDefaultFeatureColor() const'\n"}
[5.751401] (rtabmap) StderrLine: {'line': b"/usr/bin/ld: ../../bin/librtabmap_gui.so.0.23.4: undefined reference to `rtabmap::ProgressDialog::~ProgressDialog()'\n"}
[5.751430] (rtabmap) StderrLine: {'line': b"/usr/bin/ld: ../../bin/librtabmap_gui.so.0.23.4: undefined reference to `rtabmap::StatsToolBox::updateStat(QString const&, double, bool)'\n"}
[5.751532] (rtabmap) StderrLine: {'line': b"/usr/bin/ld: ../../bin/librtabmap_gui.so.0.23.4: undefined reference to `QMultiComboBox::clear()'\n"}
[5.751567] (rtabmap) StderrLine: {'line': b"/usr/bin/ld: ../../bin/librtabmap_gui.so.0.23.4: undefined reference to `rtabmap::MainWindow::rtabmapEvent3DMapReceived(rtabmap::RtabmapEvent3DMap const&)'\n"}
[5.752127] (rtabmap) StderrLine: {'line': b"/usr/bin/ld: ../../bin/librtabmap_gui.so.0.23.4: undefined reference to `vtable for rtabmap::CloudViewer'\n"}
[5.752244] (rtabmap) StderrLine: {'line': b"/usr/bin/ld: ../../bin/librtabmap_gui.so.0.23.4: undefined reference to `rtabmap::ImageView::getDefaultBackgroundColor() const'\n"}
[5.752330] (rtabmap) StderrLine: {'line': b"/usr/bin/ld: ../../bin/librtabmap_gui.so.0.23.4: undefined reference to `rtabmap::ImageView::isFeaturesShown() const'\n"}
[5.752406] (rtabmap) StderrLine: {'line': b"/usr/bin/ld: ../../bin/librtabmap_gui.so.0.23.4: undefined reference to `rtabmap::PostProcessingDialog::clusterRadius() const'\n"}
[5.752826] (rtabmap) StderrLine: {'line': b"/usr/bin/ld: ../../bin/librtabmap_gui.so.0.23.4: undefined reference to `rtabmap::StatItem::staticMetaObject'\n"}
[5.752958] (rtabmap) StderrLine: {'line': b"/usr/bin/ld: ../../bin/librtabmap_gui.so.0.23.4: undefined reference to `qInitResources_GuiLib()'\n"}
[5.753125] (rtabmap) StderrLine: {'line': b"/usr/bin/ld: ../../bin/librtabmap_gui.so.0.23.4: undefined reference to `rtabmap::ProgressDialog::appendText(QString const&, QColor const&)'\n"}
[5.753647] (rtabmap) StderrLine: {'line': b"/usr/bin/ld: ../../bin/librtabmap_gui.so.0.23.4: undefined reference to `rtabmap::ConsoleWidget::appendMsg(QString const&, int)'\n"}
[5.753775] (rtabmap) StderrLine: {'line': b"/usr/bin/ld: ../../bin/librtabmap_gui.so.0.23.4: undefined reference to `rtabmap::MainWindow::timeLimitChanged(float)'\n"}
[5.754056] (rtabmap) StderrLine: {'line': b"/usr/bin/ld: ../../bin/librtabmap_gui.so.0.23.4: undefined reference to `rtabmap::ExportDialog::framesIgnored() const'\n"}
[5.754218] (rtabmap) StderrLine: {'line': b"/usr/bin/ld: ../../bin/librtabmap_gui.so.0.23.4: undefined reference to `rtabmap::MapVisibilityWidget::setMap(std::map<int, rtabmap::Transform, std::less<int>, std::allocator<std::pair<int const, rtabmap::Transform> > > const&, std::map<int, bool, std::less<int>, std::allocator<std::pair<int const, bool> > > const&)'\n"}
[5.754801] (rtabmap) StderrLine: {'line': b"/usr/bin/ld: ../../bin/librtabmap_gui.so.0.23.4: undefined reference to `rtabmap::StatsToolBox::updateStat(QString const&, bool)'\n"}
[5.754960] (rtabmap) StderrLine: {'line': b"/usr/bin/ld: ../../bin/librtabmap_gui.so.0.23.4: undefined reference to `rtabmap::MainWindow::loopClosureThrChanged(double)'\n"}
[5.755470] (rtabmap) StderrLine: {'line': b"/usr/bin/ld: ../../bin/librtabmap_gui.so.0.23.4: undefined reference to `rtabmap::CalibrationDialog::setBoardHeight(int)'\n"}
[5.755544] (rtabmap) StderrLine: {'line': b"/usr/bin/ld: ../../bin/librtabmap_gui.so.0.23.4: undefined reference to `rtabmap::MainWindow::rtabmapLabelErrorReceived(int, QString const&)'\n"}
[5.755868] (rtabmap) StderrLine: {'line': b"/usr/bin/ld: ../../bin/librtabmap_gui.so.0.23.4: undefined reference to `rtabmap::vtkImageMatSource::SetImage(cv::_InputArray const&)'\n"}
[5.755977] (rtabmap) StderrLine: {'line': b"/usr/bin/ld: ../../bin/librtabmap_gui.so.0.23.4: undefined reference to `UPlot::addCurve(UPlotCurve*, bool)'\n"}
[5.756161] (rtabmap) StderrLine: {'line': b"/usr/bin/ld: ../../bin/librtabmap_gui.so.0.23.4: undefined reference to `rtabmap::LinkRefiningDialog::LinkRefiningDialog(QWidget*)'\n"}
[5.756192] (rtabmap) StderrLine: {'line': b"/usr/bin/ld: ../../bin/librtabmap_gui.so.0.23.4: undefined reference to `rtabmap::OdometryViewer::OdometryViewer(int, int, float, float, int, QWidget*, std::map<std::__cxx11::basic_string<char, std::char_traits<char>, std::allocator<char> >, std::__cxx11::basic_string<char, std::char_traits<char>, std::allocator<char> >, std::less<std::__cxx11::basic_string<char, std::char_traits<char>, std::allocator<char> > >, std::allocator<std::pair<std::__cxx11::basic_string<char, std::char_traits<char>, std::allocator<char> > const, std::__cxx11::basic_string<char, std::char_traits<char>, std::allocator<char> > > > > const&)'\n"}
[5.756224] (rtabmap) StderrLine: {'line': b"/usr/bin/ld: ../../bin/librtabmap_gui.so.0.23.4: undefined reference to `rtabmap::PostProcessingDialog::sbaType() const'\n"}
[5.756313] (rtabmap) StderrLine: {'line': b"/usr/bin/ld: ../../bin/librtabmap_gui.so.0.23.4: undefined reference to `rtabmap::ProgressDialog::setAutoClose(bool, int)'\n"}
[5.756561] (rtabmap) StderrLine: {'line': b"/usr/bin/ld: ../../bin/librtabmap_gui.so.0.23.4: undefined reference to `QMultiComboBox::setCurrentIndex(int)'\n"}
[5.756695] (rtabmap) StderrLine: {'line': b"/usr/bin/ld: ../../bin/librtabmap_gui.so.0.23.4: undefined reference to `rtabmap::ImageView::setImageShown(bool)'\n"}
[5.757235] (rtabmap) StderrLine: {'line': b"/usr/bin/ld: ../../bin/librtabmap_gui.so.0.23.4: undefined reference to `rtabmap::ImageView::isImageShown() const'\n"}
[5.757271] (rtabmap) StderrLine: {'line': b"/usr/bin/ld: ../../bin/librtabmap_gui.so.0.23.4: undefined reference to `rtabmap::ImageView::staticMetaObject'\n"}
[5.757535] (rtabmap) StderrLine: {'line': b"/usr/bin/ld: ../../bin/librtabmap_gui.so.0.23.4: undefined reference to `rtabmap::PostProcessingDialog::intraSession() const'\n"}
[5.757611] (rtabmap) StderrLine: {'line': b"/usr/bin/ld: ../../bin/librtabmap_gui.so.0.23.4: undefined reference to `rtabmap::EditDepthArea::setColorMap(uCvQtDepthColorMap)'\n"}
[5.757706] (rtabmap) StderrLine: {'line': b"/usr/bin/ld: ../../bin/librtabmap_gui.so.0.23.4: undefined reference to `rtabmap::ExportDialog::isOdomExported() const'\n"}
[5.757800] (rtabmap) StderrLine: {'line': b"/usr/bin/ld: ../../bin/librtabmap_gui.so.0.23.4: undefined reference to `rtabmap::LinkRefiningDialog::getLinkType() const'\n"}
[5.757867] (rtabmap) StderrLine: {'line': b"/usr/bin/ld: ../../bin/librtabmap_gui.so.0.23.4: undefined reference to `rtabmap::MultiSessionLocSubView::clear()'\n"}
[5.758298] (rtabmap) StderrLine: {'line': b"/usr/bin/ld: ../../bin/librtabmap_gui.so.0.23.4: undefined reference to `rtabmap::PostProcessingDialog::isRefineNeighborLinks() const'\n"}
[5.758445] (rtabmap) StderrLine: {'line': b"/usr/bin/ld: ../../bin/librtabmap_gui.so.0.23.4: undefined reference to `rtabmap::MainWindow::odometryReceived(rtabmap::OdometryEvent const&, bool)'\n"}
[5.758553] (rtabmap) StderrLine: {'line': b"/usr/bin/ld: ../../bin/librtabmap_gui.so.0.23.4: undefined reference to `rtabmap::PostProcessingDialog::saveSettings(QSettings&, QString const&) const'\n"}
[5.758928] (rtabmap) StderrLine: {'line': b"/usr/bin/ld: ../../bin/librtabmap_gui.so.0.23.4: undefined reference to `rtabmap::EditMapArea::getModifiedMap() const'\n"}
[5.759033] (rtabmap) StderrLine: {'line': b"/usr/bin/ld: ../../bin/librtabmap_gui.so.0.23.4: undefined reference to `rtabmap::ImageView::setBackgroundColor(QColor const&)'\n"}
[5.759166] (rtabmap) StderrLine: {'line': b"/usr/bin/ld: ../../bin/librtabmap_gui.so.0.23.4: undefined reference to `rtabmap::ImageView::clear()'\n"}
[5.759195] (rtabmap) StderrLine: {'line': b"/usr/bin/ld: ../../bin/librtabmap_gui.so.0.23.4: undefined reference to `rtabmap::CalibrationDialog::boardHeight() const'\n"}
[5.759222] (rtabmap) StderrLine: {'line': b"/usr/bin/ld: ../../bin/librtabmap_gui.so.0.23.4: undefined reference to `rtabmap::DepthCalibrationDialog::staticMetaObject'\n"}
[5.759252] (rtabmap) StderrLine: {'line': b"/usr/bin/ld: ../../bin/librtabmap_gui.so.0.23.4: undefined reference to `rtabmap::PostProcessingDialog::clusterAngle() const'\n"}
[5.759351] (rtabmap) StderrLine: {'line': b"/usr/bin/ld: ../../bin/librtabmap_gui.so.0.23.4: undefined reference to `rtabmap::ImageView::setImageDepthShown(bool)'\n"}
[5.759482] (rtabmap) StderrLine: {'line': b"/usr/bin/ld: ../../bin/librtabmap_gui.so.0.23.4: undefined reference to `rtabmap::LinkRefiningDialog::setMinMax(int, int, int, int)'\n"}
[5.759584] (rtabmap) StderrLine: {'line': b"/usr/bin/ld: ../../bin/librtabmap_gui.so.0.23.4: undefined reference to `rtabmap::CalibrationDialog::staticMetaObject'\n"}
[5.759677] (rtabmap) StderrLine: {'line': b"/usr/bin/ld: ../../bin/librtabmap_gui.so.0.23.4: undefined reference to `QMultiComboBox::itemData(int)'\n"}
[5.759706] (rtabmap) StderrLine: {'line': b"/usr/bin/ld: ../../bin/librtabmap_gui.so.0.23.4: undefined reference to `UPlot::showLegend(bool)'\n"}
[5.759907] (rtabmap) StderrLine: {'line': b"/usr/bin/ld: ../../bin/librtabmap_gui.so.0.23.4: undefined reference to `rtabmap::LoopClosureViewer::LoopClosureViewer(QWidget*)'\n"}
[5.760049] (rtabmap) StderrLine: {'line': b"/usr/bin/ld: ../../bin/librtabmap_gui.so.0.23.4: undefined reference to `rtabmap::CalibrationDialog::CalibrationDialog(bool, QString const&, bool, QWidget*)'\n"}
[5.760145] (rtabmap) StderrLine: {'line': b"/usr/bin/ld: ../../bin/librtabmap_gui.so.0.23.4: undefined reference to `rtabmap::ImageView::setFeatures(std::multimap<int, cv::KeyPoint, std::less<int>, std::allocator<std::pair<int const, cv::KeyPoint> > > const&, cv::Mat const&, QColor const&)'\n"}
[5.760238] (rtabmap) StderrLine: {'line': b"/usr/bin/ld: ../../bin/librtabmap_gui.so.0.23.4: undefined reference to `rtabmap::PostProcessingDialog::isSBA() const'\n"}
[5.760340] (rtabmap) StderrLine: {'line': b"/usr/bin/ld: ../../bin/librtabmap_gui.so.0.23.4: undefined reference to `rtabmap::ExportDialog::ExportDialog(QWidget*)'\n"}
[5.760477] (rtabmap) StderrLine: {'line': b"/usr/bin/ld: ../../bin/librtabmap_gui.so.0.23.4: undefined reference to `rtabmap::ImageView::setSceneRect(QRectF const&)'\n"}
[5.760505] (rtabmap) StderrLine: {'line': b"/usr/bin/ld: ../../bin/librtabmap_gui.so.0.23.4: undefined reference to `rtabmap::GraphViewer::configChanged()'\n"}
[5.760531] (rtabmap) StderrLine: {'line': b"/usr/bin/ld: ../../bin/librtabmap_gui.so.0.23.4: undefined reference to `rtabmap::EditDepthArea::setImage(cv::Mat const&, cv::Mat const&)'\n"}
[5.760701] (rtabmap) StderrLine: {'line': b"/usr/bin/ld: ../../bin/librtabmap_gui.so.0.23.4: undefined reference to `rtabmap::DatabaseViewer::staticMetaObject'\n"}
[5.760732] (rtabmap) StderrLine: {'line': b"/usr/bin/ld: ../../bin/librtabmap_gui.so.0.23.4: undefined reference to `rtabmap::ImageView::getDepthColorMap() const'\n"}
[5.760762] (rtabmap) StderrLine: {'line': b"/usr/bin/ld: ../../bin/librtabmap_gui.so.0.23.4: undefined reference to `UPlot::addCurve(QString const&, QColor const&)'\n"}
[5.760883] (rtabmap) StderrLine: {'line': b"/usr/bin/ld: ../../bin/librtabmap_gui.so.0.23.4: undefined reference to `rtabmap::CloudViewerInteractorStyle::setOrthoMode(bool)'\n"}
[5.760912] (rtabmap) StderrLine: {'line': b"/usr/bin/ld: ../../bin/librtabmap_gui.so.0.23.4: undefined reference to `QMultiComboBox::count()'\n"}
[5.761018] (rtabmap) StderrLine: {'line': b"/usr/bin/ld: ../../bin/librtabmap_gui.so.0.23.4: undefined reference to `rtabmap::PreferencesDialog::settingsChanged(QFlags<rtabmap::PreferencesDialog::PanelFlag>)'\n"}
[5.761217] (rtabmap) StderrLine: {'line': b"/usr/bin/ld: ../../bin/librtabmap_gui.so.0.23.4: undefined reference to `rtabmap::PostProcessingDialog::interSession() const'\n"}
[5.761407] (rtabmap) StderrLine: {'line': b"/usr/bin/ld: ../../bin/librtabmap_gui.so.0.23.4: undefined reference to `rtabmap::CameraViewer::CameraViewer(QWidget*, std::map<std::__cxx11::basic_string<char, std::char_traits<char>, std::allocator<char> >, std::__cxx11::basic_string<char, std::char_traits<char>, std::allocator<char> >, std::less<std::__cxx11::basic_string<char, std::char_traits<char>, std::allocator<char> > >, std::allocator<std::pair<std::__cxx11::basic_string<char, std::char_traits<char>, std::allocator<char> > const, std::__cxx11::basic_string<char, std::char_traits<char>, std::allocator<char> > > > > const&)'\n"}
[5.761453] (rtabmap) StderrLine: {'line': b"/usr/bin/ld: ../../bin/librtabmap_gui.so.0.23.4: undefined reference to `rtabmap::CameraViewer::setDecimation(int)'\n"}
[5.761627] (rtabmap) StderrLine: {'line': b"/usr/bin/ld: ../../bin/librtabmap_gui.so.0.23.4: undefined reference to `UPlot::UPlot(QWidget*)'\n"}
[5.761747] (rtabmap) StderrLine: {'line': b"/usr/bin/ld: ../../bin/librtabmap_gui.so.0.23.4: undefined reference to `rtabmap::StatsToolBox::addCurve(QString const&, bool, bool)'\n"}
[5.761841] (rtabmap) StderrLine: {'line': b"/usr/bin/ld: ../../bin/librtabmap_gui.so.0.23.4: undefined reference to `rtabmap::ExportDialog::outputPath() const'\n"}
[5.761874] (rtabmap) StderrLine: {'line': b"/usr/bin/ld: ../../bin/librtabmap_gui.so.0.23.4: undefined reference to `rtabmap::CloudViewer::configChanged()'\n"}
[5.761973] (rtabmap) StderrLine: {'line': b"/usr/bin/ld: ../../bin/librtabmap_gui.so.0.23.4: undefined reference to `rtabmap::AboutDialog::AboutDialog(QWidget*)'\n"}
[5.762129] (rtabmap) StderrLine: {'line': b"/usr/bin/ld: ../../bin/librtabmap_gui.so.0.23.4: undefined reference to `rtabmap::CloudViewer::staticMetaObject'\n"}
[5.762160] (rtabmap) StderrLine: {'line': b"/usr/bin/ld: ../../bin/librtabmap_gui.so.0.23.4: undefined reference to `rtabmap::CalibrationDialog::setProgressVisibility(bool)'\n"}
[5.762186] (rtabmap) StderrLine: {'line': b"/usr/bin/ld: ../../bin/librtabmap_gui.so.0.23.4: undefined reference to `rtabmap::ImageView::addLine(float, float, float, float, QColor, QString const&)'\n"}
[5.762328] (rtabmap) StderrLine: {'line': b"/usr/bin/ld: ../../bin/librtabmap_gui.so.0.23.4: undefined reference to `vtable for rtabmap::DepthCalibrationDialog'\n"}
[5.762968] (rtabmap) StderrLine: {'line': b"/usr/bin/ld: ../../bin/librtabmap_gui.so.0.23.4: undefined reference to `rtabmap::ProgressDialog::setMaximumSteps(int)'\n"}
[5.763027] (rtabmap) StderrLine: {'line': b"/usr/bin/ld: ../../bin/librtabmap_gui.so.0.23.4: undefined reference to `rtabmap::ExportDialog::sessionExported() const'\n"}
[5.763136] (rtabmap) StderrLine: {'line': b"/usr/bin/ld: ../../bin/librtabmap_gui.so.0.23.4: undefined reference to `rtabmap::ProgressDialog::setCancelButtonVisible(bool)'\n"}
[5.763176] (rtabmap) StderrLine: {'line': b"/usr/bin/ld: ../../bin/librtabmap_gui.so.0.23.4: undefined reference to `rtabmap::CalibrationDialog::setRationalModel()'\n"}
[5.763651] (rtabmap) StderrLine: {'line': b"/usr/bin/ld: ../../bin/librtabmap_gui.so.0.23.4: undefined reference to `rtabmap::ExportCloudsDialog::staticMetaObject'\n"}
[5.763716] (rtabmap) StderrLine: {'line': b"/usr/bin/ld: ../../bin/librtabmap_gui.so.0.23.4: undefined reference to `rtabmap::MainWindow::cameraInfoReceived(rtabmap::SensorCaptureInfo const&)'\n"}
[5.764120] (rtabmap) StderrLine: {'line': b"/usr/bin/ld: ../../bin/librtabmap_gui.so.0.23.4: undefined reference to `rtabmap::ImageView::setFeaturesShown(bool)'\n"}
[5.764386] (rtabmap) StderrLine: {'line': b"/usr/bin/ld: ../../bin/librtabmap_gui.so.0.23.4: undefined reference to `rtabmap::MainWindow::rtabmapEvent3DMapProcessed()'\n"}
[5.764454] (rtabmap) StderrLine: {'line': b"/usr/bin/ld: ../../bin/librtabmap_gui.so.0.23.4: undefined reference to `UPlotCurve::addValue(double, double)'\n"}
[5.764508] (rtabmap) StderrLine: {'line': b"/usr/bin/ld: ../../bin/librtabmap_gui.so.0.23.4: undefined reference to `rtabmap::EditConstraintDialog::setPoseGroupVisible(bool)'\n"}
[5.764648] (rtabmap) StderrLine: {'line': b"/usr/bin/ld: ../../bin/librtabmap_gui.so.0.23.4: undefined reference to `rtabmap::ImageView::setImage(QImage const&, std::vector<rtabmap::CameraModel, std::allocator<rtabmap::CameraModel> > const&, rtabmap::Transform const&)'\n"}
[5.764712] (rtabmap) StderrLine: {'line': b"/usr/bin/ld: ../../bin/librtabmap_gui.so.0.23.4: undefined reference to `rtabmap::LoopClosureViewer::setData(rtabmap::Signature const&, rtabmap::Signature const&)'\n"}
[5.764966] (rtabmap) StderrLine: {'line': b"/usr/bin/ld: ../../bin/librtabmap_gui.so.0.23.4: undefined reference to `rtabmap::CalibrationDialog::processImages(cv::Mat const&, cv::Mat const&, QString const&)'\n"}
[5.765096] (rtabmap) StderrLine: {'line': b"/usr/bin/ld: ../../bin/librtabmap_gui.so.0.23.4: undefined reference to `rtabmap::PostProcessingDialog::loadSettings(QSettings&, QString const&)'\n"}
[5.765271] (rtabmap) StderrLine: {'line': b'collect2: error: ld returned 1 exit status\n'}
[5.766216] (rtabmap) StderrLine: {'line': b"/usr/bin/ld: ../../bin/librtabmap_gui.so.0.23.4: undefined reference to `rtabmap::ExportBundlerDialog::saveSettings(QSettings&, QString const&) const'\n"}
[5.766431] (rtabmap) StderrLine: {'line': b"/usr/bin/ld: ../../bin/librtabmap_gui.so.0.23.4: undefined reference to `QMultiComboBox::SetDisplayText(QString)'\n"}
[5.768415] (rtabmap) StderrLine: {'line': b'gmake[2]: *** [examples/LidarMapping/CMakeFiles/lidar_mapping.dir/build.make:205\xef\xbc\x9abin/rtabmap-lidar_mapping] \xe9\x94\x99\xe8\xaf\xaf 1\n'}
[5.768594] (rtabmap) StderrLine: {'line': b"/usr/bin/ld: ../../bin/librtabmap_gui.so.0.23.4: undefined reference to `rtabmap::MultiSessionLocSubView::MultiSessionLocSubView(rtabmap::ImageView*, int, QWidget*)'\n"}
[5.768951] (rtabmap) StderrLine: {'line': b"/usr/bin/ld: ../../bin/librtabmap_gui.so.0.23.4: undefined reference to `rtabmap::ImageView::loadSettings(QSettings&, QString const&)'\n"}
[5.769020] (rtabmap) StderrLine: {'line': b'gmake[1]: *** [CMakeFiles/Makefile2:1828\xef\xbc\x9aexamples/LidarMapping/CMakeFiles/lidar_mapping.dir/all] \xe9\x94\x99\xe8\xaf\xaf 2\n'}
[5.769236] (rtabmap) StderrLine: {'line': b"/usr/bin/ld: ../../bin/librtabmap_gui.so.0.23.4: undefined reference to `rtabmap::ImageView::setFeaturesColor(QColor)'\n"}
[5.769314] (rtabmap) StderrLine: {'line': b"/usr/bin/ld: ../../bin/librtabmap_gui.so.0.23.4: undefined reference to `vtable for rtabmap::PreferencesDialog'\n"}
[5.769703] (rtabmap) StderrLine: {'line': b"/usr/bin/ld: ../../bin/librtabmap_gui.so.0.23.4: undefined reference to `rtabmap::EditConstraintDialog::getCovariance() const'\n"}
[5.769833] (rtabmap) StderrLine: {'line': b"/usr/bin/ld: ../../bin/librtabmap_gui.so.0.23.4: undefined reference to `rtabmap::PostProcessingDialog::isDetectMoreLoopClosures() const'\n"}
[5.769920] (rtabmap) StderrLine: {'line': b"/usr/bin/ld: ../../bin/librtabmap_gui.so.0.23.4: undefined reference to `rtabmap::CloudViewerCellPicker::New()'\n"}
[5.770002] (rtabmap) StderrLine: {'line': b"/usr/bin/ld: ../../bin/librtabmap_gui.so.0.23.4: undefined reference to `rtabmap::EditDepthArea::getModifiedImage() const'\n"}
[5.770111] (rtabmap) StderrLine: {'line': b"/usr/bin/ld: ../../bin/librtabmap_gui.so.0.23.4: undefined reference to `UPlotCurve::UPlotCurve(QString const&, QVector<double> const&, QVector<double> const&, QObject*)'\n"}
[5.770225] (rtabmap) StderrLine: {'line': b"/usr/bin/ld: ../../bin/librtabmap_gui.so.0.23.4: undefined reference to `rtabmap::PostProcessingDialog::isRefineLoopClosureLinks() const'\n"}
[5.770338] (rtabmap) StderrLine: {'line': b"/usr/bin/ld: ../../bin/librtabmap_gui.so.0.23.4: undefined reference to `rtabmap::MainWindow::rtabmapEventInitReceived(int, QString const&)'\n"}
[5.770434] (rtabmap) StderrLine: {'line': b"/usr/bin/ld: ../../bin/librtabmap_gui.so.0.23.4: undefined reference to `rtabmap::CalibrationDialog::squareSize() const'\n"}
[5.770561] (rtabmap) StderrLine: {'line': b"/usr/bin/ld: ../../bin/librtabmap_gui.so.0.23.4: undefined reference to `rtabmap::vtkImageMatSource::New()'\n"}
[5.770628] (rtabmap) StderrLine: {'line': b"/usr/bin/ld: ../../bin/librtabmap_gui.so.0.23.4: undefined reference to `rtabmap::MapVisibilityWidget::getVisiblePoses() const'\n"}
[5.771712] (rtabmap) StderrLine: {'line': b"/usr/bin/ld: ../../bin/librtabmap_gui.so.0.23.4: undefined reference to `rtabmap::MainWindow::statsReceived(rtabmap::Statistics const&)'\n"}
[5.771874] (rtabmap) StderrLine: {'line': b"/usr/bin/ld: ../../bin/librtabmap_gui.so.0.23.4: undefined reference to `rtabmap::MainWindow::mappingModeChanged(bool)'\n"}
[5.772059] (rtabmap) StderrLine: {'line': b"/usr/bin/ld: ../../bin/librtabmap_gui.so.0.23.4: undefined reference to `vtable for rtabmap::DatabaseViewer'\n"}
[5.772371] (rtabmap) StderrLine: {'line': b"/usr/bin/ld: ../../bin/librtabmap_gui.so.0.23.4: undefined reference to `rtabmap::StatsToolBox::setWorkingDirectory(QString const&)'\n"}
[5.772434] (rtabmap) StderrLine: {'line': b"/usr/bin/ld: ../../bin/librtabmap_gui.so.0.23.4: undefined reference to `rtabmap::ExportBundlerDialog::ExportBundlerDialog(QWidget*)'\n"}
[5.772495] (rtabmap) StderrLine: {'line': b"/usr/bin/ld: ../../bin/librtabmap_gui.so.0.23.4: undefined reference to `rtabmap::CalibrationDialog::setFisheyeModel()'\n"}
[5.772571] (rtabmap) StderrLine: {'line': b"/usr/bin/ld: ../../bin/librtabmap_gui.so.0.23.4: undefined reference to `rtabmap::PostProcessingDialog::PostProcessingDialog(QWidget*)'\n"}
[5.772650] (rtabmap) StderrLine: {'line': b"/usr/bin/ld: ../../bin/librtabmap_gui.so.0.23.4: undefined reference to `/usr/bin/ldvtable for rtabmap::RecoveryState: ../../bin/librtabmap_gui.so.0.23.4'\n"}
[5.772686] (rtabmap) StderrLine: {'line': b": undefined reference to `rtabmap::MultiSessionLocSubView::updateView(int, QImage const&, std::multimap<int, cv::KeyPoint, std::less<int>, std::allocator<std::pair<int const, cv::KeyPoint> > > const&, float, QColor const&)'\n"}
[5.772722] (rtabmap) StderrLine: {'line': b"/usr/bin/ld: ../../bin/librtabmap_gui.so.0.23.4: undefined reference to `rtabmap::ProgressDialog::maximumSteps() const'\n"}
[5.772786] (rtabmap) StderrLine: {'line': b"/usr/bin/ld: ../../bin/librtabmap_gui.so.0.23.4: undefined reference to `rtabmap::ImageView::addFeature(int, cv::KeyPoint const&, float, QColor)'\n"}
[5.772819] (rtabmap) StderrLine: {'line': b"/usr/bin/ld: ../../bin/librtabmap_gui.so.0.23.4: undefined reference to `vtable for rtabmap::GraphViewer'\n"}
[5.772882] (rtabmap) StderrLine: {'line': b"/usr/bin/ld: ../../bin/librtabmap_gui.so.0.23.4/usr/bin/ld: undefined reference to `: ../../bin/librtabmap_gui.so.0.23.4: undefined reference to `QMultiComboBox::QMultiComboBox(QWidget*)'\n"}
[5.772917] (rtabmap) StderrLine: {'line': b"/usr/bin/ld: ../../bin/librtabmap_gui.so.0.23.4: undefined reference to `rtabmap::EditConstraintDialog::EditConstraintDialog(rtabmap::Transform const&, cv::Mat const&, QWidget*)'\n"}
[5.772950] (rtabmap) StderrLine: {'line': b"rtabmap::LinkRefiningDialog::getRangeNodeId(int&, int&) const'\n"}
[5.773032] (rtabmap) StderrLine: {'line': b"/usr/bin/ld: ../../bin/librtabmap_gui.so.0.23.4: undefined reference to `rtabmap::CalibrationDialog::loadSettings(QSettings&, QString const&)'\n"}
[5.773065] (rtabmap) StderrLine: {'line': b"/usr/bin/ld: ../../bin/librtabmap_gui.so.0.23.4: undefined reference to `rtabmap::MainWindow::odometryProcessed()'\n"}
[5.773098] (rtabmap) StderrLine: {'line': b"/usr/bin/ld: ../../bin/librtabmap_gui.so.0.23.4: undefined reference to `rtabmap::PostProcessingDialog::sbaIterations() const'\n"}
[5.773132] (rtabmap) StderrLine: {'line': b"/usr/bin/ld: ../../bin/librtabmap_gui.so.0.23.4: undefined reference to `UPlot::addThreshold(QString const&, double, Qt::Orientation)'\n"}
[5.773187] (rtabmap) StderrLine: {'line': b"/usr/bin/ld: ../../bin/librtabmap_gui.so.0.23.4: undefined reference to `rtabmap::CalibrationDialog::saveSettings(QSettings&, QString const&) const'\n"}
[5.773265] (rtabmap) StderrLine: {'line': b"/usr/bin/ld: ../../bin/librtabmap_gui.so.0.23.4: undefined reference to `rtabmap::StatsToolBox::StatsToolBox(QWidget*)'\n"}
[5.773381] (rtabmap) StderrLine: {'line': b"/usr/bin/ld: ../../bin/librtabmap_gui.so.0.23.4: undefined reference to `rtabmap::LinkRefiningDialog::isRangeByNodeId() const'\n"}
[5.773431] (rtabmap) StderrLine: {'line': b"/usr/bin/ld: ../../bin/librtabmap_gui.so.0.23.4: undefined reference to `rtabmap::MainWindow::cameraInfoProcessed()'\n"}
[5.773462] (rtabmap) StderrLine: {'line': b"/usr/bin/ld: ../../bin/librtabmap_gui.so.0.23.4: undefined reference to `rtabmap::LinkRefiningDialog::getIntraInterSessions(bool&, bool&) const'\n"}
[5.773543] (rtabmap) StderrLine: {'line': b"/usr/bin/ld: ../../bin/librtabmap_gui.so.0.23.4: undefined reference to `rtabmap::CalibrationDialog::setCameraName(QString const&)'\n"}
[5.773576] (rtabmap) StderrLine: {'line': b"/usr/bin/ld: ../../bin/librtabmap_gui.so.0.23.4: undefined reference to `rtabmap::StatsToolBox::addThreshold(QString const&, double)'\n"}
[5.773628] (rtabmap) StderrLine: {'line': b"/usr/bin/ld: ../../bin/librtabmap_gui.so.0.23.4: undefined reference to `rtabmap::StatsToolBox::getFiguresSetup(QList<int>&, QStringList&, QStringList&)'\n"}
[5.773731] (rtabmap) StderrLine: {'line': b"/usr/bin/ld: ../../bin/librtabmap_gui.so.0.23.4: undefined reference to `rtabmap::ExportDialog::isDepthExported() const'\n"}
[5.773780] (rtabmap) StderrLine: {'line': b"/usr/bin/ld: ../../bin/librtabmap_gui.so.0.23.4: undefined reference to `rtabmap::MainWindow::detectionRateChanged(double)'\n"}
[5.773876] (rtabmap) StderrLine: {'line': b"/usr/bin/ld: ../../bin/librtabmap_gui.so.0.23.4: undefined reference to `rtabmap::CreateSimpleCalibrationDialog::CreateSimpleCalibrationDialog(QString const&, QString const&, QWidget*)'\n"}
[5.773918] (rtabmap) StderrLine: {'line': b"/usr/bin/ld: ../../bin/librtabmap_gui.so.0.23.4: undefined reference to `rtabmap::ImageView::setImageDepth(cv::Mat const&, cv::Mat const&)'\n"}
[5.773996] (rtabmap) StderrLine: {'line': b"/usr/bin/ld: ../../bin/librtabmap_gui.so.0.23.4: undefined reference to `UPlot::setFixedYAxis(double, double)'\n"}
[5.774033] (rtabmap) StderrLine: {'line': b"/usr/bin/ld: ../../bin/librtabmap_gui.so.0.23.4: undefined reference to `rtabmap::ExportDialog::isUserDataExported() const'\n"}
[5.774106] (rtabmap) StderrLine: {'line': b"/usr/bin/ld: ../../bin/librtabmap_gui.so.0.23.4: undefined reference to `rtabmap::MainWindow::statsProcessed()'\n"}
[5.774178] (rtabmap) StderrLine: {'line': b"/usr/bin/ld: ../../bin/librtabmap_gui.so.0.23.4: undefined reference to `rtabmap::ImageView::isImageDepthShown() const'\n"}
[5.774762] (rtabmap) StderrLine: {'line': b"/usr/bin/ld: ../../bin/librtabmap_gui.so.0.23.4: undefined reference to `rtabmap::ExportDialog::targetFramerate() const'\n"}
[5.774969] (rtabmap) StderrLine: {'line': b"/usr/bin/ld: ../../bin/librtabmap_gui.so.0.23.4: undefined reference to `QMultiComboBox::addItem(QString const&, QVariant const&)'\n"}
[5.775064] (rtabmap) StderrLine: {'line': b"/usr/bin/ld: ../../bin/librtabmap_gui.so.0.23.4: undefined reference to `rtabmap::PreferencesDialog::settingsChanged(std::map<std::__cxx11::basic_string<char, std::char_traits<char>, std::allocator<char> >, std::__cxx11::basic_string<char, std::char_traits<char>, std::allocator<char> >, std::less<std::__cxx11::basic_string<char, std::char_traits<char>, std::allocator<char> > >, std::allocator<std::pair<std::__cxx11::basic_string<char, std::char_traits<char>, std::allocator<char> > const, std::__cxx11::basic_string<char, std::char_traits<char>, std::allocator<char> > > > >)'\n"}
[5.775108] (rtabmap) StderrLine: {'line': b"/usr/bin/ld: ../../bin/librtabmap_gui.so.0.23.4: undefined reference to `rtabmap::EditConstraintDialog::getTransform() const'\n"}
[5.775731] (rtabmap) StderrLine: {'line': b"/usr/bin/ld: ../../bin/librtabmap_gui.so.0.23.4: undefined reference to `rtabmap::ExportBundlerDialog::exportBundler(std::map<int, rtabmap::Transform, std::less<int>, std::allocator<std::pair<int const, rtabmap::Transform> > >&, std::multimap<int, rtabmap::Link, std::less<int>, std::allocator<std::pair<int const, rtabmap::Link> > > const&, QMap<int, rtabmap::Signature> const&, std::map<std::__cxx11::basic_string<char, std::char_traits<char>, std::allocator<char> >, std::__cxx11::basic_string<char, std::char_traits<char>, std::allocator<char> >, std::less<std::__cxx11::basic_string<char, std::char_traits<char>, std::allocator<char> > >, std::allocator<std::pair<std::__cxx11::basic_string<char, std::char_traits<char>, std::allocator<char> > const, std::__cxx11::basic_string<char, std::char_traits<char>, std::allocator<char> > > > > const&)'\n"}
[5.775792] (rtabmap) StderrLine: {'line': b"/usr/bin/ld: ../../bin/librtabmap_gui.so.0.23.4: undefined reference to `rtabmap::EditDepthArea::EditDepthArea(QWidget*)'\n"}
[5.775871] (rtabmap) StderrLine: {'line': b"/usr/bin/ld: ../../bin/librtabmap_gui.so.0.23.4: undefined reference to `rtabmap::MainWindow::rtabmapGoalStatusEventReceived(int)'\n"}
[5.775961] (rtabmap) StderrLine: {'line': b"/usr/bin/ld: ../../bin/librtabmap_gui.so.0.23.4: undefined reference to `rtabmap::ImageView::setFeatureColor(int, QColor)'\n"}
[5.776404] (rtabmap) StderrLine: {'line': b"/usr/bin/ld: ../../bin/librtabmap_gui.so.0.23.4: undefined reference to `rtabmap::StatsToolBox::closeFigures()'\n"}
[5.776450] (rtabmap) StderrLine: {'line': b"/usr/bin/ld: ../../bin/librtabmap_gui.so.0.23.4: undefined reference to `rtabmap::GraphViewer::linkSelected(int, int)'\n"}
[5.776517] (rtabmap) StderrLine: {'line': b"/usr/bin/ld: ../../bin/librtabmap_gui.so.0.23.4: undefined reference to `rtabmap::ProgressDialog::clear()'\n"}
[5.776623] (rtabmap) StderrLine: {'line': b"/usr/bin/ld: ../../bin/librtabmap_gui.so.0.23.4: undefined reference to `rtabmap::ProgressDialog::resetProgress()'\n"}
[5.776885] (rtabmap) StderrLine: {'line': b"/usr/bin/ld: ../../bin/librtabmap_gui.so.0.23.4: undefined reference to `UPlot::removeCurves()'\n"}
[5.776955] (rtabmap) StderrLine: {'line': b"/usr/bin/ld: ../../bin/librtabmap_gui.so.0.23.4: undefined reference to `rtabmap::ImageView::setLinesShown(bool)'\n"}
[5.776993] (rtabmap) StderrLine: {'line': b"/usr/bin/ld: ../../bin/librtabmap_gui.so.0.23.4: undefined reference to `rtabmap::StatsToolBox::updateStat(QString const&, double, double, bool)'\n"}
[5.777142] (rtabmap) StderrLine: {'line': b"/usr/bin/ld: ../../bin/librtabmap_gui.so.0.23.4: undefined reference to `rtabmap::ProgressDialog::incrementStep(int)'\n"}
[5.777217] (rtabmap) StderrLine: {'line': b"/usr/bin/ld: ../../bin/librtabmap_gui.so.0.23.4: undefined reference to `rtabmap::MainWindow::rtabmapGlobalPathEventReceived(rtabmap::RtabmapGlobalPathEvent const&)'\n"}
[5.777304] (rtabmap) StderrLine: {'line': b"/usr/bin/ld: ../../bin/librtabmap_gui.so.0.23.4: undefined reference to `rtabmap::DataRecorder::~DataRecorder()'\n"}
[5.777568] (rtabmap) StderrLine: {'line': b"/usr/bin/ld: ../../bin/librtabmap_gui.so.0.23.4: undefined reference to `QMultiComboBox::setItemChecked(int, bool)'\n"}
[5.777640] (rtabmap) StderrLine: {'line': b"/usr/bin/ld: ../../bin/librtabmap_gui.so.0.23.4: undefined reference to `rtabmap::MainWindow::stateChanged(rtabmap::MainWindow::State)'\n"}
[5.777756] (rtabmap) StderrLine: {'line': b"/usr/bin/ld: ../../bin/librtabmap_gui.so.0.23.4: undefined reference to `rtabmap::DataRecorder::addData(rtabmap::SensorData const&, rtabmap::Transform const&, cv::Mat const&)'\n"}
[5.777821] (rtabmap) StderrLine: {'line': b"/usr/bin/ld: ../../bin/librtabmap_gui.so.0.23.4: undefined reference to `rtabmap::GraphViewer::staticMetaObject'\n"}
[5.777861] (rtabmap) StderrLine: {'line': b"/usr/bin/ld: ../../bin/librtabmap_gui.so.0.23.4: undefined reference to `rtabmap::PostProcessingDialog::iterations() const'\n"}
[5.777933] (rtabmap) StderrLine: {'line': b"/usr/bin/ld: ../../bin/librtabmap_gui.so.0.23.4: undefined reference to `rtabmap::ImageView::getDefaultMatchingFeatureColor() const'\n"}
[5.778061] (rtabmap) StderrLine: {'line': b"/usr/bin/ld: ../../bin/librtabmap_gui.so.0.23.4: undefined reference to `rtabmap::EditMapArea::EditMapArea(QWidget*)'\n"}
[5.778146] (rtabmap) StderrLine: {'line': b"/usr/bin/ld: ../../bin/librtabmap_gui.so.0.23.4: undefined reference to `rtabmap::MainWindow::noMoreImagesReceived()'\n"}
[5.778550] (rtabmap) StderrLine: {'line': b"/usr/bin/ld: ../../bin/librtabmap_gui.so.0.23.4: undefined reference to `rtabmap::ConsoleWidget::ConsoleWidget(QWidget*)'\n"}
[5.778652] (rtabmap) StderrLine: {'line': b"/usr/bin/ld: ../../bin/librtabmap_gui.so.0.23.4: undefined reference to `vtable for rtabmap::ParametersToolBox'\n"}
[5.778743] (rtabmap) StderrLine: {'line': b"/usr/bin/ld: ../../bin/librtabmap_gui.so.0.23.4: undefined reference to `rtabmap::EditMapArea::setMap(cv::Mat const&)'\n"}
[5.778780] (rtabmap) StderrLine: {'line': b"/usr/bin/ld: ../../bin/librtabmap_gui.so.0.23.4: undefined reference to `rtabmap::ExportBundlerDialog::staticMetaObject'\n"}
[5.779346] (rtabmap) StderrLine: {'line': b"/usr/bin/ld: ../../bin/librtabmap_gui.so.0.23.4: undefined reference to `rtabmap::PreferencesDialog::staticMetaObject'\n"}
[5.780004] (rtabmap) StderrLine: {'line': b"/usr/bin/ld: ../../bin/librtabmap_gui.so.0.23.4: undefined reference to `rtabmap::ImageView::ImageView(QWidget*)'\n"}
[5.780129] (rtabmap) StderrLine: {'line': b"/usr/bin/ld: ../../bin/librtabmap_gui.so.0.23.4: undefined reference to `rtabmap::MainWindow::staticMetaObject'\n"}
[5.780174] (rtabmap) StderrLine: {'line': b"/usr/bin/ld: ../../bin/librtabmap_gui.so.0.23.4: undefined reference to `rtabmap::CalibrationDialog::setSwitchedImages(bool)'\n"}
[5.780325] (rtabmap) StderrLine: {'line': b"/usr/bin/ld: ../../bin/librtabmap_gui.so.0.23.4: undefined reference to `rtabmap::CalibrationDialog::setSquareSize(double)'\n"}
[5.780479] (rtabmap) StderrLine: {'line': b"/usr/bin/ld: ../../bin/librtabmap_gui.so.0.23.4: undefined reference to `rtabmap::StatsToolBox::clear()'\n"}
[5.780956] (rtabmap) StderrLine: {'line': b"/usr/bin/ld: ../../bin/librtabmap_gui.so.0.23.4: undefined reference to `rtabmap::CalibrationDialog::setStereoMode(bool, QString const&, QString const&)'\n"}
[5.781099] (rtabmap) StderrLine: {'line': b"/usr/bin/ld: ../../bin/librtabmap_gui.so.0.23.4: undefined reference to `rtabmap::ImageView::setFeatures(std::vector<cv::KeyPoint, std::allocator<cv::KeyPoint> > const&, cv::Mat const&, QColor const&)'\n"}
[5.781214] (rtabmap) StderrLine: {'line': b"/usr/bin/ld: ../../bin/librtabmap_gui.so.0.23.4: undefined reference to `rtabmap::ImageView::getDefaultMatchingLineColor() const'\n"}
[5.781608] (rtabmap) StderrLine: {'line': b"/usr/bin/ld: ../../bin/librtabmap_gui.so.0.23.4: undefined reference to `rtabmap::GraphViewer::nodeSelected(int)'\n"}
[5.782354] (rtabmap) StderrLine: {'line': b"/usr/bin/ld: ../../bin/librtabmap_gui.so.0.23.4: undefined reference to `rtabmap::CalibrationDialog::stereoCalibration(rtabmap::CameraModel const&, rtabmap::CameraModel const&, bool, QTextStream*) const'\n"}
[5.782953] (rtabmap) StderrLine: {'line': b"/usr/bin/ld: ../../bin/librtabmap_gui.so.0.23.4: undefined reference to `vtable for rtabmap::ExportCloudsDialog'\n"}
[5.783047] (rtabmap) StderrLine: {'line': b"/usr/bin/ld: ../../bin/librtabmap_gui.so.0.23.4: undefined reference to `rtabmap::ExportBundlerDialog::setWorkingDirectory(QString const&)'\n"}
[5.783175] (rtabmap) StderrLine: {'line': b"/usr/bin/ld: ../../bin/librtabmap_gui.so.0.23.4: undefined reference to `rtabmap::ExportDialog::isRgbExported() const'\n"}
[5.783707] (rtabmap) StderrLine: {'line': b"/usr/bin/ld: ../../bin/librtabmap_gui.so.0.23.4: undefined reference to `rtabmap::PostProcessingDialog::sbaVariance() const'\n"}
[5.783876] (rtabmap) StderrLine: {'line': b"/usr/bin/ld: ../../bin/librtabmap_gui.so.0.23.4: undefined reference to `rtabmap::EditConstraintDialog::~EditConstraintDialog()'\n"}
[5.783977] (rtabmap) StderrLine: {'line': b"/usr/bin/ld: ../../bin/librtabmap_gui.so.0.23.4: undefined reference to `rtabmap::DataRecorder::init(QString const&, bool)'\n"}
[5.784050] (rtabmap) StderrLine: {'line': b"/usr/bin/ld: ../../bin/librtabmap_gui.so.0.23.4: undefined reference to `vtable for rtabmap::MultiSessionLocWidget'\n"}
[5.784118] (rtabmap) StderrLine: {'line': b"/usr/bin/ld: ../../bin/librtabmap_gui.so.0.23.4: undefined reference to `rtabmap::ParametersToolBox::staticMetaObject'\n"}
[5.784307] (rtabmap) StderrLine: {'line': b"/usr/bin/ld: ../../bin/librtabmap_gui.so.0.23.4: undefined reference to `vtable for rtabmap::TexturingState'\n"}
[5.784393] (rtabmap) StderrLine: {'line': b"/usr/bin/ld: ../../bin/librtabmap_gui.so.0.23.4: undefined reference to `rtabmap::CalibrationDialog::resetSettings()'\n"}
[5.784504] (rtabmap) StderrLine: {'line': b"/usr/bin/ld: ../../bin/librtabmap_gui.so.0.23.4: undefined reference to `rtabmap::ImageView::clearLines()'\n"}
[5.784654] (rtabmap) StderrLine: {'line': b"/usr/bin/ld: ../../bin/librtabmap_gui.so.0.23.4: undefined reference to `rtabmap::GraphViewer::mapShownRequested()'\n"}
[5.785011] (rtabmap) StderrLine: {'line': b"/usr/bin/ld: ../../bin/librtabmap_gui.so.0.23.4: undefined reference to `QMultiComboBox::itemText(int)'\n"}
[5.785261] (rtabmap) StderrLine: {'line': b"/usr/bin/ld: ../../bin/librtabmap_gui.so.0.23.4: undefined reference to `rtabmap::ImageView::clearFeatures()'\n"}
[5.785413] (rtabmap) StderrLine: {'line': b"/usr/bin/ld: ../../bin/librtabmap_gui.so.0.23.4: undefined reference to `rtabmap::DataRecorder::DataRecorder(QWidget*)'\n"}
[5.785485] (rtabmap) StderrLine: {'line': b"/usr/bin/ld: ../../bin/librtabmap_gui.so.0.23.4: undefined reference to `rtabmap::PostProcessingDialog::staticMetaObject'\n"}
[5.785712] (rtabmap) StderrLine: {'line': b"/usr/bin/ld: ../../bin/librtabmap_gui.so.0.23.4: undefined reference to `rtabmap::MapVisibilityWidget::clear()'\n"}
[5.785881] (rtabmap) StderrLine: {'line': b"/usr/bin/ld: ../../bin/librtabmap_gui.so.0.23.4: undefined reference to `rtabmap::ExportDialog::isDepth2dExported() const'\n"}
[5.785954] (rtabmap) StderrLine: {'line': b"/usr/bin/ld: ../../bin/librtabmap_gui.so.0.23.4: undefined reference to `rtabmap::PdfPlotCurve::PdfPlotCurve(QString const&, QMap<int, rtabmap::Signature> const*, QObject*)'\n"}
[5.786027] (rtabmap) StderrLine: {'line': b"/usr/bin/ld: ../../bin/librtabmap_gui.so.0.23.4: undefined reference to `vtable for rtabmap::MainWindow'\n"}
[5.786096] (rtabmap) StderrLine: {'line': b"/usr/bin/ld: ../../bin/librtabmap_gui.so.0.23.4: undefined reference to `rtabmap::CalibrationDialog::setBoardWidth(int)'\n"}
[5.786438] (rtabmap) StderrLine: {'line': b"/usr/bin/ld: ../../bin/librtabmap_gui.so.0.23.4: undefined reference to `rtabmap::ProgressDialog::ProgressDialog(QWidget*, QFlags<Qt::WindowType>)'\n"}
[5.786518] (rtabmap) StderrLine: {'line': b"/usr/bin/ld: ../../bin/librtabmap_gui.so.0.23.4: undefined reference to `rtabmap::PdfPlotCurve::setData(QMap<int, float> const&, QMap<int, int> const&)'\n"}
[5.786820] (rtabmap) StderrLine: {'line': b"/usr/bin/ld: ../../bin/librtabmap_gui.so.0.23.4: undefined reference to `rtabmap::MainWindow::imgRateChanged(double)'\n"}
[5.786920] (rtabmap) StderrLine: {'line': b"/usr/bin/ld: ../../bin/librtabmap_gui.so.0.23.4: undefined reference to `rtabmap::ImageView::isLinesShown() const'\n"}
[5.787077] (rtabmap) StderrLine: {'line': b"/usr/bin/ld: ../../bin/librtabmap_gui.so.0.23.4: undefined reference to `rtabmap::StatsToolBox::updateStat(QString const&, std::vector<double, std::allocator<double> > const&, std::vector<double, std::allocator<double> > const&, bool)'\n"}
[5.787251] (rtabmap) StderrLine: {'line': b"/usr/bin/ld: ../../bin/librtabmap_gui.so.0.23.4: undefined reference to `rtabmap::ImageView::viewScale() const'\n"}
[5.787367] (rtabmap) StderrLine: {'line': b"/usr/bin/ld: ../../bin/librtabmap_gui.so.0.23.4: undefined reference to `rtabmap::ProgressDialog::setValue(int)'\n"}
[5.787409] (rtabmap) StderrLine: {'line': b"/usr/bin/ld: ../../bin/librtabmap_gui.so.0.23.4: undefined reference to `rtabmap::ImageView::setAlpha(int)'\n"}
[5.787495] (rtabmap) StderrLine: {'line': b"/usr/bin/ld: ../../bin/librtabmap_gui.so.0.23.4: undefined reference to `rtabmap::ImageView::saveSettings(QSettings&, QString const&) const'\n"}
[5.787579] (rtabmap) StderrLine: {'line': b"/usr/bin/ld: ../../bin/librtabmap_gui.so.0.23.4: undefined reference to `rtabmap::MapVisibilityWidget::MapVisibilityWidget(QWidget*)'\n"}
[5.787717] (rtabmap) StderrLine: {'line': b"/usr/bin/ld: ../../bin/librtabmap_gui.so.0.23.4: undefined reference to `rtabmap::PostProcessingDialog::sbaRematchFeatures() const'\n"}
[5.787960] (rtabmap) StderrLine: {'line': b"/usr/bin/ld: ../../bin/librtabmap_gui.so.0.23.4: undefined reference to `rtabmap::ImageView::sceneRect() const'\n"}
[5.788047] (rtabmap) StderrLine: {'line': b"/usr/bin/ld: ../../bin/librtabmap_gui.so.0.23.4: undefined reference to `rtabmap::ParametersToolBox::parametersChanged(QStringList const&)'\n"}
[5.788214] (rtabmap) StderrLine: {'line': b"/usr/bin/ld: ../../bin/librtabmap_gui.so.0.23.4: undefined reference to `rtabmap::CalibrationDialog::boardWidth() const'\n"}
[5.788285] (rtabmap) StderrLine: {'line': b"/usr/bin/ld: ../../bin/librtabmap_gui.so.0.23.4: undefined reference to `rtabmap::ExportBundlerDialog::loadSettings(QSettings&, QString const&)'\n"}
[5.788493] (rtabmap) StderrLine: {'line': b"/usr/bin/ld: ../../bin/librtabmap_gui.so.0.23.4: undefined reference to `rtabmap::LinkRefiningDialog::isRangeByMapId() const'\n"}
[5.788587] (rtabmap) StderrLine: {'line': b"/usr/bin/ld: ../../bin/librtabmap_gui.so.0.23.4: undefined reference to `rtabmap::LoopClosureViewer::updateView(rtabmap::Transform const&, std::map<std::__cxx11::basic_string<char, std::char_traits<char>, std::allocator<char> >, std::__cxx11::basic_string<char, std::char_traits<char>, std::allocator<char> >, std::less<std::__cxx11::basic_string<char, std::char_traits<char>, std::allocator<char> > >, std::allocator<std::pair<std::__cxx11::basic_string<char, std::char_traits<char>, std::allocator<char> > const, std::__cxx11::basic_string<char, std::char_traits<char>, std::allocator<char> > > > > const&)'\n"}
[5.788681] (rtabmap) StderrLine: {'line': b"/usr/bin/ld: ../../bin/librtabmap_gui.so.0.23.4: undefined reference to `rtabmap::ExportDialog::~ExportDialog()'\n"}
[5.788775] (rtabmap) StderrLine: {'line': b"/usr/bin/ld: ../../bin/librtabmap_gui.so.0.23.4: undefined reference to `rtabmap::ImageView::getDefaultFeatureColor() const'\n"}
[5.788805] (rtabmap) StderrLine: {'line': b"/usr/bin/ld: ../../bin/librtabmap_gui.so.0.23.4: undefined reference to `rtabmap::ProgressDialog::~ProgressDialog()'\n"}
[5.788896] (rtabmap) StderrLine: {'line': b"/usr/bin/ld: ../../bin/librtabmap_gui.so.0.23.4: undefined reference to `rtabmap::StatsToolBox::updateStat(QString const&, double, bool)'\n"}
[5.789099] (rtabmap) StderrLine: {'line': b"/usr/bin/ld: ../../bin/librtabmap_gui.so.0.23.4: undefined reference to `QMultiComboBox::clear()'\n"}
[5.789130] (rtabmap) StderrLine: {'line': b"/usr/bin/ld: ../../bin/librtabmap_gui.so.0.23.4: undefined reference to `rtabmap::MainWindow::rtabmapEvent3DMapReceived(rtabmap::RtabmapEvent3DMap const&)'\n"}
[5.789399] (rtabmap) StderrLine: {'line': b"/usr/bin/ld: ../../bin/librtabmap_gui.so.0.23.4: undefined reference to `vtable for rtabmap::CloudViewer'\n"}
[5.789445] (rtabmap) StderrLine: {'line': b"/usr/bin/ld: ../../bin/librtabmap_gui.so.0.23.4: undefined reference to `rtabmap::ImageView::getDefaultBackgroundColor() const'\n"}
[5.789520] (rtabmap) StderrLine: {'line': b"/usr/bin/ld: ../../bin/librtabmap_gui.so.0.23.4: undefined reference to `rtabmap::ImageView::isFeaturesShown() const'\n"}
[5.789552] (rtabmap) StderrLine: {'line': b"/usr/bin/ld: ../../bin/librtabmap_gui.so.0.23.4: undefined reference to `rtabmap::PostProcessingDialog::clusterRadius() const'\n"}
[5.789798] (rtabmap) StderrLine: {'line': b"/usr/bin/ld: ../../bin/librtabmap_gui.so.0.23.4: undefined reference to `rtabmap::StatItem::staticMetaObject'\n"}
[5.789828] (rtabmap) StderrLine: {'line': b"/usr/bin/ld: ../../bin/librtabmap_gui.so.0.23.4: undefined reference to `qInitResources_GuiLib()'\n"}
[5.789942] (rtabmap) StderrLine: {'line': b"/usr/bin/ld: ../../bin/librtabmap_gui.so.0.23.4: undefined reference to `rtabmap::ProgressDialog::appendText(QString const&, QColor const&)'\n"}
[5.790200] (rtabmap) StderrLine: {'line': b"/usr/bin/ld: ../../bin/librtabmap_gui.so.0.23.4: undefined reference to `rtabmap::ConsoleWidget::appendMsg(QString const&, int)'\n"}
[5.790291] (rtabmap) StderrLine: {'line': b"/usr/bin/ld: ../../bin/librtabmap_gui.so.0.23.4: undefined reference to `rtabmap::MainWindow::timeLimitChanged(float)'\n"}
[5.790446] (rtabmap) StderrLine: {'line': b"/usr/bin/ld: ../../bin/librtabmap_gui.so.0.23.4: undefined reference to `rtabmap::ExportDialog::framesIgnored() const'\n"}
[5.790546] (rtabmap) StderrLine: {'line': b"/usr/bin/ld: ../../bin/librtabmap_gui.so.0.23.4: undefined reference to `rtabmap::MapVisibilityWidget::setMap(std::map<int, rtabmap::Transform, std::less<int>, std::allocator<std::pair<int const, rtabmap::Transform> > > const&, std::map<int, bool, std::less<int>, std::allocator<std::pair<int const, bool> > > const&)'\n"}
[5.790829] (rtabmap) StderrLine: {'line': b"/usr/bin/ld: ../../bin/librtabmap_gui.so.0.23.4: undefined reference to `rtabmap::StatsToolBox::updateStat(QString const&, bool)'\n"}
[5.790860] (-) TimerEvent: {}
[5.790935] (rtabmap) StderrLine: {'line': b"/usr/bin/ld: ../../bin/librtabmap_gui.so.0.23.4: undefined reference to `rtabmap::MainWindow::loopClosureThrChanged(double)'\n"}
[5.791274] (rtabmap) StderrLine: {'line': b"/usr/bin/ld: ../../bin/librtabmap_gui.so.0.23.4: undefined reference to `rtabmap::CalibrationDialog::setBoardHeight(int)'\n"}
[5.791367] (rtabmap) StderrLine: {'line': b"/usr/bin/ld: ../../bin/librtabmap_gui.so.0.23.4: undefined reference to `rtabmap::MainWindow::rtabmapLabelErrorReceived(int, QString const&)'\n"}
[5.791634] (rtabmap) StderrLine: {'line': b"/usr/bin/ld: ../../bin/librtabmap_gui.so.0.23.4: undefined reference to `rtabmap::vtkImageMatSource::SetImage(cv::_InputArray const&)'\n"}
[5.791719] (rtabmap) StderrLine: {'line': b"/usr/bin/ld: ../../bin/librtabmap_gui.so.0.23.4: undefined reference to `UPlot::addCurve(UPlotCurve*, bool)'\n"}
[5.791895] (rtabmap) StderrLine: {'line': b"/usr/bin/ld: ../../bin/librtabmap_gui.so.0.23.4: undefined reference to `rtabmap::LinkRefiningDialog::LinkRefiningDialog(QWidget*)'\n"}
[5.791925] (rtabmap) StderrLine: {'line': b"/usr/bin/ld: ../../bin/librtabmap_gui.so.0.23.4: undefined reference to `rtabmap::OdometryViewer::OdometryViewer(int, int, float, float, int, QWidget*, std::map<std::__cxx11::basic_string<char, std::char_traits<char>, std::allocator<char> >, std::__cxx11::basic_string<char, std::char_traits<char>, std::allocator<char> >, std::less<std::__cxx11::basic_string<char, std::char_traits<char>, std::allocator<char> > >, std::allocator<std::pair<std::__cxx11::basic_string<char, std::char_traits<char>, std::allocator<char> > const, std::__cxx11::basic_string<char, std::char_traits<char>, std::allocator<char> > > > > const&)'\n"}
[5.791958] (rtabmap) StderrLine: {'line': b"/usr/bin/ld: ../../bin/librtabmap_gui.so.0.23.4: undefined reference to `rtabmap::PostProcessingDialog::sbaType() const'\n"}
[5.792039] (rtabmap) StderrLine: {'line': b"/usr/bin/ld: ../../bin/librtabmap_gui.so.0.23.4: undefined reference to `rtabmap::ProgressDialog::setAutoClose(bool, int)'\n"}
[5.792279] (rtabmap) StderrLine: {'line': b"/usr/bin/ld: ../../bin/librtabmap_gui.so.0.23.4: undefined reference to `QMultiComboBox::setCurrentIndex(int)'\n"}
[5.792404] (rtabmap) StderrLine: {'line': b"/usr/bin/ld: ../../bin/librtabmap_gui.so.0.23.4: undefined reference to `rtabmap::ImageView::setImageShown(bool)'\n"}
[5.792912] (rtabmap) StderrLine: {'line': b"/usr/bin/ld: ../../bin/librtabmap_gui.so.0.23.4: undefined reference to `rtabmap::ImageView::isImageShown() const'\n"}
[5.792943] (rtabmap) StderrLine: {'line': b"/usr/bin/ld: ../../bin/librtabmap_gui.so.0.23.4: undefined reference to `rtabmap::ImageView::staticMetaObject'\n"}
[5.793178] (rtabmap) StderrLine: {'line': b"/usr/bin/ld: ../../bin/librtabmap_gui.so.0.23.4: undefined reference to `rtabmap::PostProcessingDialog::intraSession() const'\n"}
[5.793244] (rtabmap) StderrLine: {'line': b"/usr/bin/ld: ../../bin/librtabmap_gui.so.0.23.4: undefined reference to `rtabmap::EditDepthArea::setColorMap(uCvQtDepthColorMap)'\n"}
[5.793345] (rtabmap) StderrLine: {'line': b"/usr/bin/ld: ../../bin/librtabmap_gui.so.0.23.4: undefined reference to `rtabmap::ExportDialog::isOdomExported() const'\n"}
[5.793435] (rtabmap) StderrLine: {'line': b"/usr/bin/ld: ../../bin/librtabmap_gui.so.0.23.4: undefined reference to `rtabmap::LinkRefiningDialog::getLinkType() const'\n"}
[5.793500] (rtabmap) StderrLine: {'line': b"/usr/bin/ld: ../../bin/librtabmap_gui.so.0.23.4: undefined reference to `rtabmap::MultiSessionLocSubView::clear()'\n"}
[5.793943] (rtabmap) StderrLine: {'line': b"/usr/bin/ld: ../../bin/librtabmap_gui.so.0.23.4: undefined reference to `rtabmap::PostProcessingDialog::isRefineNeighborLinks() const'\n"}
[5.794045] (rtabmap) StderrLine: {'line': b"/usr/bin/ld: ../../bin/librtabmap_gui.so.0.23.4: undefined reference to `rtabmap::MainWindow::odometryReceived(rtabmap::OdometryEvent const&, bool)'\n"}
[5.794149] (rtabmap) StderrLine: {'line': b"/usr/bin/ld: ../../bin/librtabmap_gui.so.0.23.4: undefined reference to `rtabmap::PostProcessingDialog::saveSettings(QSettings&, QString const&) const'\n"}
[5.794472] (rtabmap) StderrLine: {'line': b"/usr/bin/ld: ../../bin/librtabmap_gui.so.0.23.4: undefined reference to `rtabmap::EditMapArea::getModifiedMap() const'\n"}
[5.794597] (rtabmap) StderrLine: {'line': b"/usr/bin/ld: ../../bin/librtabmap_gui.so.0.23.4: undefined reference to `rtabmap::ImageView::setBackgroundColor(QColor const&)'\n"}
[5.794719] (rtabmap) StderrLine: {'line': b"/usr/bin/ld: ../../bin/librtabmap_gui.so.0.23.4: undefined reference to `rtabmap::ImageView::clear()'\n"}
[5.794752] (rtabmap) StderrLine: {'line': b"/usr/bin/ld: ../../bin/librtabmap_gui.so.0.23.4: undefined reference to `rtabmap::CalibrationDialog::boardHeight() const'\n"}
[5.794781] (rtabmap) StderrLine: {'line': b"/usr/bin/ld: ../../bin/librtabmap_gui.so.0.23.4: undefined reference to `rtabmap::DepthCalibrationDialog::staticMetaObject'\n"}
[5.794810] (rtabmap) StderrLine: {'line': b"/usr/bin/ld: ../../bin/librtabmap_gui.so.0.23.4: undefined reference to `rtabmap::PostProcessingDialog::clusterAngle() const'\n"}
[5.794889] (rtabmap) StderrLine: {'line': b"/usr/bin/ld: ../../bin/librtabmap_gui.so.0.23.4: undefined reference to `rtabmap::ImageView::setImageDepthShown(bool)'\n"}
[5.795011] (rtabmap) StderrLine: {'line': b"/usr/bin/ld: ../../bin/librtabmap_gui.so.0.23.4: undefined reference to `rtabmap::LinkRefiningDialog::setMinMax(int, int, int, int)'\n"}
[5.795101] (rtabmap) StderrLine: {'line': b"/usr/bin/ld: ../../bin/librtabmap_gui.so.0.23.4: undefined reference to `rtabmap::CalibrationDialog::staticMetaObject'\n"}
[5.795190] (rtabmap) StderrLine: {'line': b"/usr/bin/ld: ../../bin/librtabmap_gui.so.0.23.4: undefined reference to `QMultiComboBox::itemData(int)'\n"}
[5.795219] (rtabmap) StderrLine: {'line': b"/usr/bin/ld: ../../bin/librtabmap_gui.so.0.23.4: undefined reference to `UPlot::showLegend(bool)'\n"}
[5.795396] (rtabmap) StderrLine: {'line': b"/usr/bin/ld: ../../bin/librtabmap_gui.so.0.23.4: undefined reference to `rtabmap::LoopClosureViewer::LoopClosureViewer(QWidget*)'\n"}
[5.795466] (rtabmap) StderrLine: {'line': b"/usr/bin/ld: ../../bin/librtabmap_gui.so.0.23.4: undefined reference to `rtabmap::CalibrationDialog::CalibrationDialog(bool, QString const&, bool, QWidget*)'\n"}
[5.795596] (rtabmap) StderrLine: {'line': b"/usr/bin/ld: ../../bin/librtabmap_gui.so.0.23.4: undefined reference to `rtabmap::ImageView::setFeatures(std::multimap<int, cv::KeyPoint, std::less<int>, std::allocator<std::pair<int const, cv::KeyPoint> > > const&, cv::Mat const&, QColor const&)'\n"}
[5.795684] (rtabmap) StderrLine: {'line': b"/usr/bin/ld: ../../bin/librtabmap_gui.so.0.23.4: undefined reference to `rtabmap::PostProcessingDialog::isSBA() const'\n"}
[5.795816] (rtabmap) StderrLine: {'line': b"/usr/bin/ld: ../../bin/librtabmap_gui.so.0.23.4: undefined reference to `rtabmap::ExportDialog::ExportDialog(QWidget*)'\n"}
[5.795914] (rtabmap) StderrLine: {'line': b"/usr/bin/ld: ../../bin/librtabmap_gui.so.0.23.4: undefined reference to `rtabmap::ImageView::setSceneRect(QRectF const&)'\n"}
[5.795991] (rtabmap) StderrLine: {'line': b"/usr/bin/ld: ../../bin/librtabmap_gui.so.0.23.4: undefined reference to `rtabmap::GraphViewer::configChanged()'\n"}
[5.796024] (rtabmap) StderrLine: {'line': b"/usr/bin/ld: ../../bin/librtabmap_gui.so.0.23.4: undefined reference to `rtabmap::EditDepthArea::setImage(cv::Mat const&, cv::Mat const&)'\n"}
[5.796191] (rtabmap) StderrLine: {'line': b"/usr/bin/ld: ../../bin/librtabmap_gui.so.0.23.4: undefined reference to `rtabmap::DatabaseViewer::staticMetaObject'\n"}
[5.796301] (rtabmap) StderrLine: {'line': b"/usr/bin/ld: ../../bin/librtabmap_gui.so.0.23.4: undefined reference to `rtabmap::ImageView::getDepthColorMap() const'\n"}
[5.796391] (rtabmap) StderrLine: {'line': b"/usr/bin/ld: ../../bin/librtabmap_gui.so.0.23.4: undefined reference to `UPlot::addCurve(QString const&, QColor const&)'\n"}
[5.796463] (rtabmap) StderrLine: {'line': b"/usr/bin/ld: ../../bin/librtabmap_gui.so.0.23.4: undefined reference to `rtabmap::CloudViewerInteractorStyle::setOrthoMode(bool)'\n"}
[5.796636] (rtabmap) StderrLine: {'line': b"/usr/bin/ld: ../../bin/librtabmap_gui.so.0.23.4: undefined reference to `QMultiComboBox::count()'\n"}
[5.796832] (rtabmap) StderrLine: {'line': b"/usr/bin/ld: ../../bin/librtabmap_gui.so.0.23.4: undefined reference to `rtabmap::PreferencesDialog::settingsChanged(QFlags<rtabmap::PreferencesDialog::PanelFlag>)'\n"}
[5.797299] (rtabmap) StderrLine: {'line': b"/usr/bin/ld: ../../bin/librtabmap_gui.so.0.23.4: undefined reference to `rtabmap::PostProcessingDialog::interSession() const'\n"}
[5.797575] (rtabmap) StderrLine: {'line': b"/usr/bin/ld: ../../bin/librtabmap_gui.so.0.23.4: undefined reference to `rtabmap::CameraViewer::CameraViewer(QWidget*, std::map<std::__cxx11::basic_string<char, std::char_traits<char>, std::allocator<char> >, std::__cxx11::basic_string<char, std::char_traits<char>, std::allocator<char> >, std::less<std::__cxx11::basic_string<char, std::char_traits<char>, std::allocator<char> > >, std::allocator<std::pair<std::__cxx11::basic_string<char, std::char_traits<char>, std::allocator<char> > const, std::__cxx11::basic_string<char, std::char_traits<char>, std::allocator<char> > > > > const&)'\n"}
[5.797800] (rtabmap) StderrLine: {'line': b"/usr/bin/ld: ../../bin/librtabmap_gui.so.0.23.4: undefined reference to `rtabmap::CameraViewer::setDecimation(int)'\n"}
[5.798172] (rtabmap) StderrLine: {'line': b"/usr/bin/ld: ../../bin/librtabmap_gui.so.0.23.4: undefined reference to `UPlot::UPlot(QWidget*)'\n"}
[5.798510] (rtabmap) StderrLine: {'line': b"/usr/bin/ld: ../../bin/librtabmap_gui.so.0.23.4: undefined reference to `rtabmap::StatsToolBox::addCurve(QString const&, bool, bool)'\n"}
[5.798763] (rtabmap) StderrLine: {'line': b"/usr/bin/ld: ../../bin/librtabmap_gui.so.0.23.4: undefined reference to `rtabmap::ExportDialog::outputPath() const'\n"}
[5.798876] (rtabmap) StderrLine: {'line': b"/usr/bin/ld: ../../bin/librtabmap_gui.so.0.23.4: undefined reference to `rtabmap::CloudViewer::configChanged()'\n"}
[5.799316] (rtabmap) StderrLine: {'line': b"/usr/bin/ld: ../../bin/librtabmap_gui.so.0.23.4: undefined reference to `rtabmap::AboutDialog::AboutDialog(QWidget*)'\n"}
[5.799476] (rtabmap) StderrLine: {'line': b"/usr/bin/ld: ../../bin/librtabmap_gui.so.0.23.4: undefined reference to `rtabmap::CloudViewer::staticMetaObject'\n"}
[5.799608] (rtabmap) StderrLine: {'line': b"/usr/bin/ld: ../../bin/librtabmap_gui.so.0.23.4: undefined reference to `rtabmap::CalibrationDialog::setProgressVisibility(bool)'\n"}
[5.799684] (rtabmap) StderrLine: {'line': b"/usr/bin/ld: ../../bin/librtabmap_gui.so.0.23.4: undefined reference to `rtabmap::ImageView::addLine(float, float, float, float, QColor, QString const&)'\n"}
[5.799826] (rtabmap) StderrLine: {'line': b"/usr/bin/ld: ../../bin/librtabmap_gui.so.0.23.4: undefined reference to `vtable for rtabmap::DepthCalibrationDialog'\n"}
[5.800581] (rtabmap) StderrLine: {'line': b"/usr/bin/ld: ../../bin/librtabmap_gui.so.0.23.4: undefined reference to `rtabmap::ProgressDialog::setMaximumSteps(int)'\n"}
[5.800768] (rtabmap) StderrLine: {'line': b"/usr/bin/ld: ../../bin/librtabmap_gui.so.0.23.4: undefined reference to `rtabmap::ExportDialog::sessionExported() const'\n"}
[5.800927] (rtabmap) StderrLine: {'line': b"/usr/bin/ld: ../../bin/librtabmap_gui.so.0.23.4: undefined reference to `rtabmap::ProgressDialog::setCancelButtonVisible(bool)'\n"}
[5.801013] (rtabmap) StderrLine: {'line': b"/usr/bin/ld: ../../bin/librtabmap_gui.so.0.23.4: undefined reference to `rtabmap::CalibrationDialog::setRationalModel()'\n"}
[5.801280] (rtabmap) StderrLine: {'line': b"/usr/bin/ld: ../../bin/librtabmap_gui.so.0.23.4: undefined reference to `rtabmap::ExportCloudsDialog::staticMetaObject'\n"}
[5.801420] (rtabmap) StderrLine: {'line': b"/usr/bin/ld: ../../bin/librtabmap_gui.so.0.23.4: undefined reference to `rtabmap::MainWindow::cameraInfoReceived(rtabmap::SensorCaptureInfo const&)'\n"}
[5.801713] (rtabmap) StderrLine: {'line': b"/usr/bin/ld: ../../bin/librtabmap_gui.so.0.23.4: undefined reference to `rtabmap::ImageView::setFeaturesShown(bool)'\n"}
[5.801865] (rtabmap) StderrLine: {'line': b"/usr/bin/ld: ../../bin/librtabmap_gui.so.0.23.4: undefined reference to `rtabmap::MainWindow::rtabmapEvent3DMapProcessed()'\n"}
[5.801992] (rtabmap) StderrLine: {'line': b"/usr/bin/ld: ../../bin/librtabmap_gui.so.0.23.4: undefined reference to `UPlotCurve::addValue(double, double)'\n"}
[5.802071] (rtabmap) StderrLine: {'line': b"/usr/bin/ld: ../../bin/librtabmap_gui.so.0.23.4: undefined reference to `rtabmap::EditConstraintDialog::setPoseGroupVisible(bool)'\n"}
[5.802206] (rtabmap) StderrLine: {'line': b"/usr/bin/ld: ../../bin/librtabmap_gui.so.0.23.4: undefined reference to `rtabmap::ImageView::setImage(QImage const&, std::vector<rtabmap::CameraModel, std::allocator<rtabmap::CameraModel> > const&, rtabmap::Transform const&)'\n"}
[5.802327] (rtabmap) StderrLine: {'line': b"/usr/bin/ld: ../../bin/librtabmap_gui.so.0.23.4: undefined reference to `rtabmap::LoopClosureViewer::setData(rtabmap::Signature const&, rtabmap::Signature const&)'\n"}
[5.802622] (rtabmap) StderrLine: {'line': b"/usr/bin/ld: ../../bin/librtabmap_gui.so.0.23.4: undefined reference to `rtabmap::CalibrationDialog::processImages(cv::Mat const&, cv::Mat const&, QString const&)'\n"}
[5.802691] (rtabmap) StderrLine: {'line': b'collect2: error: ld returned 1 exit status\n'}
[5.802729] (rtabmap) StderrLine: {'line': b"/usr/bin/ld: ../../bin/librtabmap_gui.so.0.23.4: undefined reference to `rtabmap::PostProcessingDialog::loadSettings(QSettings&, QString const&)'\n"}
[5.802950] (rtabmap) StderrLine: {'line': b"/usr/bin/ld: ../../bin/librtabmap_gui.so.0.23.4: undefined reference to `rtabmap::ExportBundlerDialog::saveSettings(QSettings&, QString const&) const'\n"}
[5.803368] (rtabmap) StderrLine: {'line': b"/usr/bin/ld: ../../bin/librtabmap_gui.so.0.23.4: undefined reference to `QMultiComboBox::SetDisplayText(QString)'\n"}
[5.805147] (rtabmap) StderrLine: {'line': b'gmake[2]: *** [examples/NoEventsExample/CMakeFiles/noEventsExample.dir/build.make:205\xef\xbc\x9abin/rtabmap-noEventsExample] \xe9\x94\x99\xe8\xaf\xaf 1\n'}
[5.805316] (rtabmap) StderrLine: {'line': b"/usr/bin/ld: ../../bin/librtabmap_gui.so.0.23.4: undefined reference to `rtabmap::MultiSessionLocSubView::MultiSessionLocSubView(rtabmap::ImageView*, int, QWidget*)'\n"}
[5.805430] (rtabmap) StderrLine: {'line': b'gmake[1]: *** [CMakeFiles/Makefile2:1773\xef\xbc\x9aexamples/NoEventsExample/CMakeFiles/noEventsExample.dir/all] \xe9\x94\x99\xe8\xaf\xaf 2\n'}
[5.805504] (rtabmap) StderrLine: {'line': b"/usr/bin/ld: ../../bin/librtabmap_gui.so.0.23.4: undefined reference to `rtabmap::ImageView::loadSettings(QSettings&, QString const&)'\n"}
[5.805626] (rtabmap) StderrLine: {'line': b"/usr/bin/ld: ../../bin/librtabmap_gui.so.0.23.4: undefined reference to `rtabmap::ImageView::setFeaturesColor(QColor)'\n"}
[5.805816] (rtabmap) StderrLine: {'line': b"/usr/bin/ld: ../../bin/librtabmap_gui.so.0.23.4: undefined reference to `vtable for rtabmap::PreferencesDialog'\n"}
[5.805920] (rtabmap) StderrLine: {'line': b"/usr/bin/ld: ../../bin/librtabmap_gui.so.0.23.4: undefined reference to `rtabmap::EditConstraintDialog::getCovariance() const'\n"}
[5.806026] (rtabmap) StderrLine: {'line': b"/usr/bin/ld: ../../bin/librtabmap_gui.so.0.23.4: undefined reference to `rtabmap::PostProcessingDialog::isDetectMoreLoopClosures() const'\n"}
[5.806100] (rtabmap) StderrLine: {'line': b"/usr/bin/ld: ../../bin/librtabmap_gui.so.0.23.4: undefined reference to `rtabmap::CloudViewerCellPicker::New()'\n"}
[5.806173] (rtabmap) StderrLine: {'line': b"/usr/bin/ld: ../../bin/librtabmap_gui.so.0.23.4: undefined reference to `rtabmap::EditDepthArea::getModifiedImage() const'\n"}
[5.806245] (rtabmap) StderrLine: {'line': b"/usr/bin/ld: ../../bin/librtabmap_gui.so.0.23.4: undefined reference to `UPlotCurve::UPlotCurve(QString const&, QVector<double> const&, QVector<double> const&, QObject*)'\n"}
[5.806330] (rtabmap) StderrLine: {'line': b"/usr/bin/ld: ../../bin/librtabmap_gui.so.0.23.4: undefined reference to `rtabmap::PostProcessingDialog::isRefineLoopClosureLinks() const'\n"}
[5.806405] (rtabmap) StderrLine: {'line': b"/usr/bin/ld: ../../bin/librtabmap_gui.so.0.23.4: undefined reference to `rtabmap::MainWindow::rtabmapEventInitReceived(int, QString const&)'\n"}
[5.806507] (rtabmap) StderrLine: {'line': b"/usr/bin/ld: ../../bin/librtabmap_gui.so.0.23.4: undefined reference to `rtabmap::CalibrationDialog::squareSize() const'\n"}
[5.806579] (rtabmap) StderrLine: {'line': b"/usr/bin/ld: ../../bin/librtabmap_gui.so.0.23.4: undefined reference to `rtabmap::vtkImageMatSource::New()'\n"}
[5.806658] (rtabmap) StderrLine: {'line': b"/usr/bin/ld: ../../bin/librtabmap_gui.so.0.23.4: undefined reference to `rtabmap::MapVisibilityWidget::getVisiblePoses() const'\n"}
[5.806753] (rtabmap) StderrLine: {'line': b"/usr/bin/ld: ../../bin/librtabmap_gui.so.0.23.4: undefined reference to `rtabmap::MainWindow::statsReceived(rtabmap::Statistics const&)'\n"}
[5.806838] (rtabmap) StderrLine: {'line': b"/usr/bin/ld: ../../bin/librtabmap_gui.so.0.23.4: undefined reference to `rtabmap::MainWindow::mappingModeChanged(bool)'\n"}
[5.806929] (rtabmap) StderrLine: {'line': b"/usr/bin/ld: ../../bin/librtabmap_gui.so.0.23.4: undefined reference to `vtable for rtabmap::DatabaseViewer'\n"}
[5.807113] (rtabmap) StderrLine: {'line': b"/usr/bin/ld: ../../bin/librtabmap_gui.so.0.23.4: undefined reference to `rtabmap::StatsToolBox::setWorkingDirectory(QString const&)'\n"}
[5.807219] (rtabmap) StderrLine: {'line': b"/usr/bin/ld: ../../bin/librtabmap_gui.so.0.23.4: undefined reference to `rtabmap::ExportBundlerDialog::ExportBundlerDialog(QWidget*)'\n"}
[5.807345] (rtabmap) StderrLine: {'line': b"/usr/bin/ld: ../../bin/librtabmap_gui.so.0.23.4: undefined reference to `rtabmap::CalibrationDialog::setFisheyeModel()'\n"}
[5.807469] (rtabmap) StderrLine: {'line': b"/usr/bin/ld: ../../bin/librtabmap_gui.so.0.23.4: undefined reference to `rtabmap::PostProcessingDialog::PostProcessingDialog(QWidget*)'\n"}
[5.807542] (rtabmap) StderrLine: {'line': b"/usr/bin/ld: ../../bin/librtabmap_gui.so.0.23.4: undefined reference to `rtabmap::MultiSessionLocSubView::updateView(int, QImage const&, std::multimap<int, cv::KeyPoint, std::less<int>, std::allocator<std::pair<int const, cv::KeyPoint> > > const&, float, QColor const&)'\n"}
[5.807656] (rtabmap) StderrLine: {'line': b"/usr/bin/ld: ../../bin/librtabmap_gui.so.0.23.4: undefined reference to `rtabmap::ProgressDialog::maximumSteps() const'\n"}
[5.807780] (rtabmap) StderrLine: {'line': b"/usr/bin/ld: ../../bin/librtabmap_gui.so.0.23.4: undefined reference to `rtabmap::ImageView::addFeature(int, cv::KeyPoint const&, float, QColor)'\n"}
[5.807879] (rtabmap) StderrLine: {'line': b"/usr/bin/ld: ../../bin/librtabmap_gui.so.0.23.4: undefined reference to `QMultiComboBox::QMultiComboBox(QWidget*)'\n"}
[5.808017] (rtabmap) StderrLine: {'line': b"/usr/bin/ld: ../../bin/librtabmap_gui.so.0.23.4: undefined reference to `rtabmap::LinkRefiningDialog::getRangeNodeId(int&, int&) const'\n"}
[5.808118] (rtabmap) StderrLine: {'line': b"/usr/bin/ld: ../../bin/librtabmap_gui.so.0.23.4: undefined reference to `rtabmap::CalibrationDialog::loadSettings(QSettings&, QString const&)'\n"}
[5.808224] (rtabmap) StderrLine: {'line': b"/usr/bin/ld: ../../bin/librtabmap_gui.so.0.23.4: undefined reference to `rtabmap::MainWindow::odometryProcessed()'\n"}
[5.808307] (rtabmap) StderrLine: {'line': b"/usr/bin/ld: ../../bin/librtabmap_gui.so.0.23.4: undefined reference to `rtabmap::PostProcessingDialog::sbaIterations() const'\n"}
[5.808436] (rtabmap) StderrLine: {'line': b"/usr/bin/ld: ../../bin/librtabmap_gui.so.0.23.4: undefined reference to `rtabmap::CalibrationDialog::saveSettings(QSettings&, QString const&) const'\n"}
[5.808510] (rtabmap) StderrLine: {'line': b"/usr/bin/ld: ../../bin/librtabmap_gui.so.0.23.4: undefined reference to `rtabmap::StatsToolBox::StatsToolBox(QWidget*)'\n"}
[5.808611] (rtabmap) StderrLine: {'line': b"/usr/bin/ld: ../../bin/librtabmap_gui.so.0.23.4: undefined reference to `rtabmap::MainWindow::cameraInfoProcessed()'\n"}
[5.808685] (rtabmap) StderrLine: {'line': b"/usr/bin/ld: ../../bin/librtabmap_gui.so.0.23.4: undefined reference to `rtabmap::LinkRefiningDialog::getIntraInterSessions(bool&, bool&) const'\n"}
[5.808755] (rtabmap) StderrLine: {'line': b"/usr/bin/ld: ../../bin/librtabmap_gui.so.0.23.4: undefined reference to `rtabmap::CalibrationDialog::setCameraName(QString const&)'\n"}
[5.808827] (rtabmap) StderrLine: {'line': b"/usr/bin/ld: ../../bin/librtabmap_gui.so.0.23.4: undefined reference to `rtabmap::StatsToolBox::addThreshold(QString const&, double)'\n"}
[5.808898] (rtabmap) StderrLine: {'line': b"/usr/bin/ld: ../../bin/librtabmap_gui.so.0.23.4: undefined reference to `rtabmap::StatsToolBox::getFiguresSetup(QList<int>&, QStringList&, QStringList&)'\n"}
[5.808968] (rtabmap) StderrLine: {'line': b"/usr/bin/ld: ../../bin/librtabmap_gui.so.0.23.4: undefined reference to `rtabmap::ExportDialog::isDepthExported() const'\n"}
[5.809047] (rtabmap) StderrLine: {'line': b"/usr/bin/ld: ../../bin/librtabmap_gui.so.0.23.4: undefined reference to `rtabmap::MainWindow::detectionRateChanged(double)'\n"}
[5.809118] (rtabmap) StderrLine: {'line': b"/usr/bin/ld: ../../bin/librtabmap_gui.so.0.23.4: undefined reference to `UPlot::setFixedYAxis(double, double)'\n"}
[5.835475] (rtabmap) StderrLine: {'line': b'collect2: error: ld returned 1 exit status\n'}
[5.837771] (rtabmap) StderrLine: {'line': b'gmake[2]: *** [examples/WifiMapping/CMakeFiles/wifi_mapping.dir/build.make:205\xef\xbc\x9abin/rtabmap-wifi_mapping] \xe9\x94\x99\xe8\xaf\xaf 1\n'}
[5.837920] (rtabmap) StderrLine: {'line': b'gmake[1]: *** [CMakeFiles/Makefile2:1718\xef\xbc\x9aexamples/WifiMapping/CMakeFiles/wifi_mapping.dir/all] \xe9\x94\x99\xe8\xaf\xaf 2\n'}
[5.891015] (-) TimerEvent: {}
[5.897992] (rtabmap) StderrLine: {'line': b"/usr/bin/ld: CMakeFiles/rgbd_mapping.dir/main.cpp.o: in function `MapBuilder::MapBuilder(rtabmap::SensorCaptureThread*)':\n"}
[5.898356] (rtabmap) StderrLine: {'line': b"main.cpp:(.text._ZN10MapBuilderC2EPN7rtabmap19SensorCaptureThreadE[_ZN10MapBuilderC5EPN7rtabmap19SensorCaptureThreadE]+0x1ec): undefined reference to `rtabmap::CloudViewerInteractorStyle::New()'\n"}
[5.922191] (rtabmap) StderrLine: {'line': b"/usr/bin/ld: ../../bin/librtabmap_gui.so.0.23.4: undefined reference to `vtable for rtabmap::RecoveryState'\n"}
[5.922359] (rtabmap) StderrLine: {'line': b"/usr/bin/ld: ../../bin/librtabmap_gui.so.0.23.4: undefined reference to `vtable for rtabmap::GraphViewer'\n"}
[5.922407] (rtabmap) StderrLine: {'line': b"/usr/bin/ld: ../../bin/librtabmap_gui.so.0.23.4: undefined reference to `rtabmap::EditConstraintDialog::EditConstraintDialog(rtabmap::Transform const&, cv::Mat const&, QWidget*)'\n"}
[5.922451] (rtabmap) StderrLine: {'line': b"/usr/bin/ld: ../../bin/librtabmap_gui.so.0.23.4: undefined reference to `UPlot::addThreshold(QString const&, double, Qt::Orientation)'\n"}
[5.922605] (rtabmap) StderrLine: {'line': b"/usr/bin/ld: ../../bin/librtabmap_gui.so.0.23.4: undefined reference to `rtabmap::LinkRefiningDialog::isRangeByNodeId() const'\n"}
[5.923050] (rtabmap) StderrLine: {'line': b"/usr/bin/ld: ../../bin/librtabmap_gui.so.0.23.4: undefined reference to `rtabmap::CreateSimpleCalibrationDialog::CreateSimpleCalibrationDialog(QString const&, QString const&, QWidget*)'\n"}
[5.923091] (rtabmap) StderrLine: {'line': b"/usr/bin/ld: ../../bin/librtabmap_gui.so.0.23.4: undefined reference to `rtabmap::ImageView::setImageDepth(cv::Mat const&, cv::Mat const&)'\n"}
[5.923136] (rtabmap) StderrLine: {'line': b"/usr/bin/ld: ../../bin/librtabmap_gui.so.0.23.4: undefined reference to `rtabmap::ExportDialog::isUserDataExported() const'\n"}
[5.923275] (rtabmap) StderrLine: {'line': b"/usr/bin/ld: ../../bin/librtabmap_gui.so.0.23.4: undefined reference to `rtabmap::MainWindow::statsProcessed()'\n"}
[5.923319] (rtabmap) StderrLine: {'line': b"/usr/bin/ld: ../../bin/librtabmap_gui.so.0.23.4: undefined reference to `rtabmap::ImageView::isImageDepthShown() const'\n"}
[5.923818] (rtabmap) StderrLine: {'line': b"/usr/bin/ld: ../../bin/librtabmap_gui.so.0.23.4: undefined reference to `rtabmap::ExportDialog::targetFramerate() const'\n"}
[5.923913] (rtabmap) StderrLine: {'line': b"/usr/bin/ld: ../../bin/librtabmap_gui.so.0.23.4: undefined reference to `QMultiComboBox::addItem(QString const&, QVariant const&)'\n"}
[5.923999] (rtabmap) StderrLine: {'line': b"/usr/bin/ld: ../../bin/librtabmap_gui.so.0.23.4: undefined reference to `rtabmap::PreferencesDialog::settingsChanged(std::map<std::__cxx11::basic_string<char, std::char_traits<char>, std::allocator<char> >, std::__cxx11::basic_string<char, std::char_traits<char>, std::allocator<char> >, std::less<std::__cxx11::basic_string<char, std::char_traits<char>, std::allocator<char> > >, std::allocator<std::pair<std::__cxx11::basic_string<char, std::char_traits<char>, std::allocator<char> > const, std::__cxx11::basic_string<char, std::char_traits<char>, std::allocator<char> > > > >)'\n"}
[5.924045] (rtabmap) StderrLine: {'line': b"/usr/bin/ld: ../../bin/librtabmap_gui.so.0.23.4: undefined reference to `rtabmap::EditConstraintDialog::getTransform() const'\n"}
[5.924532] (rtabmap) StderrLine: {'line': b"/usr/bin/ld: ../../bin/librtabmap_gui.so.0.23.4: undefined reference to `rtabmap::ExportBundlerDialog::exportBundler(std::map<int, rtabmap::Transform, std::less<int>, std::allocator<std::pair<int const, rtabmap::Transform> > >&, std::multimap<int, rtabmap::Link, std::less<int>, std::allocator<std::pair<int const, rtabmap::Link> > > const&, QMap<int, rtabmap::Signature> const&, std::map<std::__cxx11::basic_string<char, std::char_traits<char>, std::allocator<char> >, std::__cxx11::basic_string<char, std::char_traits<char>, std::allocator<char> >, std::less<std::__cxx11::basic_string<char, std::char_traits<char>, std::allocator<char> > >, std::allocator<std::pair<std::__cxx11::basic_string<char, std::char_traits<char>, std::allocator<char> > const, std::__cxx11::basic_string<char, std::char_traits<char>, std::allocator<char> > > > > const&)'\n"}
[5.924581] (rtabmap) StderrLine: {'line': b"/usr/bin/ld: ../../bin/librtabmap_gui.so.0.23.4: undefined reference to `rtabmap::EditDepthArea::EditDepthArea(QWidget*)'\n"}
[5.924644] (rtabmap) StderrLine: {'line': b"/usr/bin/ld: ../../bin/librtabmap_gui.so.0.23.4: undefined reference to `rtabmap::MainWindow::rtabmapGoalStatusEventReceived(int)'\n"}
[5.924740] (rtabmap) StderrLine: {'line': b"/usr/bin/ld: ../../bin/librtabmap_gui.so.0.23.4: undefined reference to `rtabmap::ImageView::setFeatureColor(int, QColor)'\n"}
[5.925047] (rtabmap) StderrLine: {'line': b"/usr/bin/ld: ../../bin/librtabmap_gui.so.0.23.4: undefined reference to `rtabmap::StatsToolBox::closeFigures()'\n"}
[5.925081] (rtabmap) StderrLine: {'line': b"/usr/bin/ld: ../../bin/librtabmap_gui.so.0.23.4: undefined reference to `rtabmap::GraphViewer::linkSelected(int, int)'\n"}
[5.925175] (rtabmap) StderrLine: {'line': b"/usr/bin/ld: ../../bin/librtabmap_gui.so.0.23.4: undefined reference to `rtabmap::ProgressDialog::clear()'\n"}
[5.925332] (rtabmap) StderrLine: {'line': b"/usr/bin/ld: ../../bin/librtabmap_gui.so.0.23.4: undefined reference to `rtabmap::ProgressDialog::resetProgress()'\n"}
[5.925524] (rtabmap) StderrLine: {'line': b"/usr/bin/ld: ../../bin/librtabmap_gui.so.0.23.4: undefined reference to `UPlot::removeCurves()'\n"}
[5.925650] (rtabmap) StderrLine: {'line': b"/usr/bin/ld: ../../bin/librtabmap_gui.so.0.23.4: undefined reference to `rtabmap::ImageView::setLinesShown(bool)'\n"}
[5.925790] (rtabmap) StderrLine: {'line': b"/usr/bin/ld: ../../bin/librtabmap_gui.so.0.23.4: undefined reference to `rtabmap::StatsToolBox::updateStat(QString const&, double, double, bool)'\n"}
[5.925908] (rtabmap) StderrLine: {'line': b"/usr/bin/ld: ../../bin/librtabmap_gui.so.0.23.4: undefined reference to `rtabmap::ProgressDialog::incrementStep(int)'\n"}
[5.925989] (rtabmap) StderrLine: {'line': b"/usr/bin/ld: ../../bin/librtabmap_gui.so.0.23.4: undefined reference to `rtabmap::MainWindow::rtabmapGlobalPathEventReceived(rtabmap::RtabmapGlobalPathEvent const&)'\n"}
[5.926106] (rtabmap) StderrLine: {'line': b"/usr/bin/ld: ../../bin/librtabmap_gui.so.0.23.4: undefined reference to `rtabmap::DataRecorder::~DataRecorder()'\n"}
[5.926265] (rtabmap) StderrLine: {'line': b"/usr/bin/ld: ../../bin/librtabmap_gui.so.0.23.4: undefined reference to `QMultiComboBox::setItemChecked(int, bool)'\n"}
[5.926379] (rtabmap) StderrLine: {'line': b"/usr/bin/ld: ../../bin/librtabmap_gui.so.0.23.4: undefined reference to `rtabmap::MainWindow::stateChanged(rtabmap::MainWindow::State)'\n"}
[5.926492] (rtabmap) StderrLine: {'line': b"/usr/bin/ld: ../../bin/librtabmap_gui.so.0.23.4: undefined reference to `rtabmap::DataRecorder::addData(rtabmap::SensorData const&, rtabmap::Transform const&, cv::Mat const&)'\n"}
[5.926587] (rtabmap) StderrLine: {'line': b"/usr/bin/ld: ../../bin/librtabmap_gui.so.0.23.4: undefined reference to `rtabmap::GraphViewer::staticMetaObject'\n"}
[5.926679] (rtabmap) StderrLine: {'line': b"/usr/bin/ld: ../../bin/librtabmap_gui.so.0.23.4: undefined reference to `rtabmap::PostProcessingDialog::iterations() const'\n"}
[5.926764] (rtabmap) StderrLine: {'line': b"/usr/bin/ld: ../../bin/librtabmap_gui.so.0.23.4: undefined reference to `rtabmap::ImageView::getDefaultMatchingFeatureColor() const'\n"}
[5.926842] (rtabmap) StderrLine: {'line': b"/usr/bin/ld: ../../bin/librtabmap_gui.so.0.23.4: undefined reference to `rtabmap::EditMapArea::EditMapArea(QWidget*)'\n"}
[5.927142] (rtabmap) StderrLine: {'line': b"/usr/bin/ld: ../../bin/librtabmap_gui.so.0.23.4: undefined reference to `rtabmap::MainWindow::noMoreImagesReceived()'\n"}
[5.927218] (rtabmap) StderrLine: {'line': b"/usr/bin/ld: ../../bin/librtabmap_gui.so.0.23.4: undefined reference to `rtabmap::ConsoleWidget::ConsoleWidget(QWidget*)'\n"}
[5.927302] (rtabmap) StderrLine: {'line': b"/usr/bin/ld: ../../bin/librtabmap_gui.so.0.23.4: undefined reference to `vtable for rtabmap::ParametersToolBox'\n"}
[5.927381] (rtabmap) StderrLine: {'line': b"/usr/bin/ld: ../../bin/librtabmap_gui.so.0.23.4: undefined reference to `rtabmap::EditMapArea::setMap(cv::Mat const&)'\n"}
[5.927456] (rtabmap) StderrLine: {'line': b"/usr/bin/ld: ../../bin/librtabmap_gui.so.0.23.4: undefined reference to `rtabmap::ExportBundlerDialog::staticMetaObject'\n"}
[5.927565] (rtabmap) StderrLine: {'line': b"/usr/bin/ld: ../../bin/librtabmap_gui.so.0.23.4: undefined reference to `rtabmap::PreferencesDialog::staticMetaObject'\n"}
[5.928027] (rtabmap) StderrLine: {'line': b"/usr/bin/ld: ../../bin/librtabmap_gui.so.0.23.4: undefined reference to `rtabmap::ImageView::ImageView(QWidget*)'\n"}
[5.928140] (rtabmap) StderrLine: {'line': b"/usr/bin/ld: ../../bin/librtabmap_gui.so.0.23.4: undefined reference to `rtabmap::MainWindow::staticMetaObject'\n"}
[5.928246] (rtabmap) StderrLine: {'line': b"/usr/bin/ld: ../../bin/librtabmap_gui.so.0.23.4: undefined reference to `rtabmap::CalibrationDialog::setSwitchedImages(bool)'\n"}
[5.928361] (rtabmap) StderrLine: {'line': b"/usr/bin/ld: ../../bin/librtabmap_gui.so.0.23.4: undefined reference to `rtabmap::CalibrationDialog::setSquareSize(double)'\n"}
[5.928405] (rtabmap) StderrLine: {'line': b"/usr/bin/ld: ../../bin/librtabmap_gui.so.0.23.4: undefined reference to `rtabmap::StatsToolBox::clear()'\n"}
[5.928540] (rtabmap) StderrLine: {'line': b"/usr/bin/ld: ../../bin/librtabmap_gui.so.0.23.4: undefined reference to `rtabmap::CalibrationDialog::setStereoMode(bool, QString const&, QString const&)'\n"}
[5.928639] (rtabmap) StderrLine: {'line': b"/usr/bin/ld: ../../bin/librtabmap_gui.so.0.23.4: undefined reference to `rtabmap::ImageView::setFeatures(std::vector<cv::KeyPoint, std::allocator<cv::KeyPoint> > const&, cv::Mat const&, QColor const&)'\n"}
[5.928694] (rtabmap) StderrLine: {'line': b"/usr/bin/ld: ../../bin/librtabmap_gui.so.0.23.4: undefined reference to `rtabmap::ImageView::getDefaultMatchingLineColor() const'\n"}
[5.928790] (rtabmap) StderrLine: {'line': b"/usr/bin/ld: ../../bin/librtabmap_gui.so.0.23.4: undefined reference to `rtabmap::GraphViewer::nodeSelected(int)'\n"}
[5.928999] (rtabmap) StderrLine: {'line': b"/usr/bin/ld: ../../bin/librtabmap_gui.so.0.23.4: undefined reference to `rtabmap::CalibrationDialog::stereoCalibration(rtabmap::CameraModel const&, rtabmap::CameraModel const&, bool, QTextStream*) const'\n"}
[5.929223] (rtabmap) StderrLine: {'line': b"/usr/bin/ld: ../../bin/librtabmap_gui.so.0.23.4: undefined reference to `vtable for rtabmap::ExportCloudsDialog'\n"}
[5.929323] (rtabmap) StderrLine: {'line': b"/usr/bin/ld: ../../bin/librtabmap_gui.so.0.23.4: undefined reference to `rtabmap::ExportBundlerDialog::setWorkingDirectory(QString const&)'\n"}
[5.929406] (rtabmap) StderrLine: {'line': b"/usr/bin/ld: ../../bin/librtabmap_gui.so.0.23.4: undefined reference to `rtabmap::ExportDialog::isRgbExported() const'\n"}
[5.929682] (rtabmap) StderrLine: {'line': b"/usr/bin/ld: ../../bin/librtabmap_gui.so.0.23.4: undefined reference to `rtabmap::PostProcessingDialog::sbaVariance() const'\n"}
[5.929744] (rtabmap) StderrLine: {'line': b"/usr/bin/ld: ../../bin/librtabmap_gui.so.0.23.4: undefined reference to `rtabmap::EditConstraintDialog::~EditConstraintDialog()'\n"}
[5.929830] (rtabmap) StderrLine: {'line': b"/usr/bin/ld: ../../bin/librtabmap_gui.so.0.23.4: undefined reference to `rtabmap::DataRecorder::init(QString const&, bool)'\n"}
[5.929900] (rtabmap) StderrLine: {'line': b"/usr/bin/ld: ../../bin/librtabmap_gui.so.0.23.4: undefined reference to `vtable for rtabmap::MultiSessionLocWidget'\n"}
[5.930009] (rtabmap) StderrLine: {'line': b"/usr/bin/ld: ../../bin/librtabmap_gui.so.0.23.4: undefined reference to `rtabmap::ParametersToolBox::staticMetaObject'\n"}
[5.930053] (rtabmap) StderrLine: {'line': b"/usr/bin/ld: ../../bin/librtabmap_gui.so.0.23.4: undefined reference to `vtable for rtabmap::TexturingState'\n"}
[5.930098] (rtabmap) StderrLine: {'line': b"/usr/bin/ld: ../../bin/librtabmap_gui.so.0.23.4: undefined reference to `rtabmap::CalibrationDialog::resetSettings()'\n"}
[5.930278] (rtabmap) StderrLine: {'line': b"/usr/bin/ld: ../../bin/librtabmap_gui.so.0.23.4: undefined reference to `rtabmap::ImageView::clearLines()'\n"}
[5.930352] (rtabmap) StderrLine: {'line': b"/usr/bin/ld: ../../bin/librtabmap_gui.so.0.23.4: undefined reference to `rtabmap::GraphViewer::mapShownRequested()'\n"}
[5.930437] (rtabmap) StderrLine: {'line': b"/usr/bin/ld: ../../bin/librtabmap_gui.so.0.23.4: undefined reference to `QMultiComboBox::itemText(int)'\n"}
[5.930619] (rtabmap) StderrLine: {'line': b"/usr/bin/ld: ../../bin/librtabmap_gui.so.0.23.4: undefined reference to `rtabmap::ImageView::clearFeatures()'\n"}
[5.930835] (rtabmap) StderrLine: {'line': b"/usr/bin/ld: ../../bin/librtabmap_gui.so.0.23.4: undefined reference to `rtabmap::DataRecorder::DataRecorder(QWidget*)'\n"}
[5.930963] (rtabmap) StderrLine: {'line': b"/usr/bin/ld: ../../bin/librtabmap_gui.so.0.23.4: undefined reference to `rtabmap::PostProcessingDialog::staticMetaObject'\n"}
[5.931088] (rtabmap) StderrLine: {'line': b"/usr/bin/ld: ../../bin/librtabmap_gui.so.0.23.4: undefined reference to `rtabmap::MapVisibilityWidget::clear()'\n"}
[5.931236] (rtabmap) StderrLine: {'line': b"/usr/bin/ld: ../../bin/librtabmap_gui.so.0.23.4: undefined reference to `rtabmap::ExportDialog::isDepth2dExported() const'\n"}
[5.931304] (rtabmap) StderrLine: {'line': b"/usr/bin/ld: ../../bin/librtabmap_gui.so.0.23.4: undefined reference to `rtabmap::PdfPlotCurve::PdfPlotCurve(QString const&, QMap<int, rtabmap::Signature> const*, QObject*)'\n"}
[5.931487] (rtabmap) StderrLine: {'line': b"/usr/bin/ld: ../../bin/librtabmap_gui.so.0.23.4: undefined reference to `vtable for rtabmap::MainWindow'\n"}
[5.931550] (rtabmap) StderrLine: {'line': b"/usr/bin/ld: ../../bin/librtabmap_gui.so.0.23.4: undefined reference to `rtabmap::CalibrationDialog::setBoardWidth(int)'\n"}
[5.931902] (rtabmap) StderrLine: {'line': b"/usr/bin/ld: ../../bin/librtabmap_gui.so.0.23.4: undefined reference to `rtabmap::ProgressDialog::ProgressDialog(QWidget*, QFlags<Qt::WindowType>)'\n"}
[5.931989] (rtabmap) StderrLine: {'line': b"/usr/bin/ld: ../../bin/librtabmap_gui.so.0.23.4: undefined reference to `rtabmap::PdfPlotCurve::setData(QMap<int, float> const&, QMap<int, int> const&)'\n"}
[5.932463] (rtabmap) StderrLine: {'line': b"/usr/bin/ld: ../../bin/librtabmap_gui.so.0.23.4: undefined reference to `rtabmap::MainWindow::imgRateChanged(double)'\n"}
[5.932595] (rtabmap) StderrLine: {'line': b"/usr/bin/ld: ../../bin/librtabmap_gui.so.0.23.4: undefined reference to `rtabmap::ImageView::isLinesShown() const'\n"}
[5.932680] (rtabmap) StderrLine: {'line': b"/usr/bin/ld: ../../bin/librtabmap_gui.so.0.23.4: undefined reference to `rtabmap::StatsToolBox::updateStat(QString const&, std::vector<double, std::allocator<double> > const&, std::vector<double, std::allocator<double> > const&, bool)'\n"}
[5.932787] (rtabmap) StderrLine: {'line': b"/usr/bin/ld: ../../bin/librtabmap_gui.so.0.23.4: undefined reference to `rtabmap::ImageView::viewScale() const'\n"}
[5.932836] (rtabmap) StderrLine: {'line': b"/usr/bin/ld: ../../bin/librtabmap_gui.so.0.23.4: undefined reference to `rtabmap::ProgressDialog::setValue(int)'\n"}
[5.932945] (rtabmap) StderrLine: {'line': b"/usr/bin/ld: ../../bin/librtabmap_gui.so.0.23.4: undefined reference to `rtabmap::ImageView::setAlpha(int)'\n"}
[5.932981] (rtabmap) StderrLine: {'line': b"/usr/bin/ld: ../../bin/librtabmap_gui.so.0.23.4: undefined reference to `rtabmap::ImageView::saveSettings(QSettings&, QString const&) const'\n"}
[5.933013] (rtabmap) StderrLine: {'line': b"/usr/bin/ld: ../../bin/librtabmap_gui.so.0.23.4: undefined reference to `rtabmap::MapVisibilityWidget::MapVisibilityWidget(QWidget*)'\n"}
[5.933044] (rtabmap) StderrLine: {'line': b"/usr/bin/ld: ../../bin/librtabmap_gui.so.0.23.4: undefined reference to `rtabmap::PostProcessingDialog::sbaRematchFeatures() const'\n"}
[5.933117] (rtabmap) StderrLine: {'line': b"/usr/bin/ld: ../../bin/librtabmap_gui.so.0.23.4: undefined reference to `rtabmap::ImageView::sceneRect() const'\n"}
[5.933199] (rtabmap) StderrLine: {'line': b"/usr/bin/ld: ../../bin/librtabmap_gui.so.0.23.4: undefined reference to `rtabmap::ParametersToolBox::parametersChanged(QStringList const&)'\n"}
[5.933340] (rtabmap) StderrLine: {'line': b"/usr/bin/ld: ../../bin/librtabmap_gui.so.0.23.4: undefined reference to `rtabmap::CalibrationDialog::boardWidth() const'\n"}
[5.933418] (rtabmap) StderrLine: {'line': b"/usr/bin/ld: ../../bin/librtabmap_gui.so.0.23.4: undefined reference to `rtabmap::ExportBundlerDialog::loadSettings(QSettings&, QString const&)'\n"}
[5.933811] (rtabmap) StderrLine: {'line': b"/usr/bin/ld: ../../bin/librtabmap_gui.so.0.23.4: undefined reference to `rtabmap::LinkRefiningDialog::isRangeByMapId() const'\n"}
[5.933917] (rtabmap) StderrLine: {'line': b"/usr/bin/ld: ../../bin/librtabmap_gui.so.0.23.4: undefined reference to `rtabmap::LoopClosureViewer::updateView(rtabmap::Transform const&, std::map<std::__cxx11::basic_string<char, std::char_traits<char>, std::allocator<char> >, std::__cxx11::basic_string<char, std::char_traits<char>, std::allocator<char> >, std::less<std::__cxx11::basic_string<char, std::char_traits<char>, std::allocator<char> > >, std::allocator<std::pair<std::__cxx11::basic_string<char, std::char_traits<char>, std::allocator<char> > const, std::__cxx11::basic_string<char, std::char_traits<char>, std::allocator<char> > > > > const&)'\n"}
[5.934034] (rtabmap) StderrLine: {'line': b"/usr/bin/ld: ../../bin/librtabmap_gui.so.0.23.4: undefined reference to `rtabmap::ExportDialog::~ExportDialog()'\n"}
[5.934170] (rtabmap) StderrLine: {'line': b"/usr/bin/ld: ../../bin/librtabmap_gui.so.0.23.4: undefined reference to `rtabmap::ImageView::getDefaultFeatureColor() const'\n"}
[5.934225] (rtabmap) StderrLine: {'line': b"/usr/bin/ld: ../../bin/librtabmap_gui.so.0.23.4: undefined reference to `rtabmap::ProgressDialog::~ProgressDialog()'\n"}
[5.934385] (rtabmap) StderrLine: {'line': b"/usr/bin/ld: ../../bin/librtabmap_gui.so.0.23.4: undefined reference to `rtabmap::StatsToolBox::updateStat(QString const&, double, bool)'\n"}
[5.934705] (rtabmap) StderrLine: {'line': b"/usr/bin/ld: ../../bin/librtabmap_gui.so.0.23.4: undefined reference to `QMultiComboBox::clear()'\n"}
[5.934776] (rtabmap) StderrLine: {'line': b"/usr/bin/ld: ../../bin/librtabmap_gui.so.0.23.4: undefined reference to `rtabmap::MainWindow::rtabmapEvent3DMapReceived(rtabmap::RtabmapEvent3DMap const&)'\n"}
[5.935054] (rtabmap) StderrLine: {'line': b"/usr/bin/ld: ../../bin/librtabmap_gui.so.0.23.4: undefined reference to `vtable for rtabmap::CloudViewer'\n"}
[5.935135] (rtabmap) StderrLine: {'line': b"/usr/bin/ld: ../../bin/librtabmap_gui.so.0.23.4: undefined reference to `rtabmap::ImageView::getDefaultBackgroundColor() const'\n"}
[5.935177] (rtabmap) StderrLine: {'line': b"/usr/bin/ld: ../../bin/librtabmap_gui.so.0.23.4: undefined reference to `rtabmap::ImageView::isFeaturesShown() const'\n"}
[5.935260] (rtabmap) StderrLine: {'line': b"/usr/bin/ld: ../../bin/librtabmap_gui.so.0.23.4: undefined reference to `rtabmap::PostProcessingDialog::clusterRadius() const'\n"}
[5.935559] (rtabmap) StderrLine: {'line': b"/usr/bin/ld: ../../bin/librtabmap_gui.so.0.23.4: undefined reference to `rtabmap::StatItem::staticMetaObject'\n"}
[5.935604] (rtabmap) StderrLine: {'line': b"/usr/bin/ld: ../../bin/librtabmap_gui.so.0.23.4: undefined reference to `qInitResources_GuiLib()'\n"}
[5.935754] (rtabmap) StderrLine: {'line': b"/usr/bin/ld: ../../bin/librtabmap_gui.so.0.23.4: undefined reference to `rtabmap::ProgressDialog::appendText(QString const&, QColor const&)'\n"}
[5.936161] (rtabmap) StderrLine: {'line': b"/usr/bin/ld: ../../bin/librtabmap_gui.so.0.23.4: undefined reference to `rtabmap::ConsoleWidget::appendMsg(QString const&, int)'\n"}
[5.936242] (rtabmap) StderrLine: {'line': b"/usr/bin/ld: ../../bin/librtabmap_gui.so.0.23.4: undefined reference to `rtabmap::MainWindow::timeLimitChanged(float)'\n"}
[5.936471] (rtabmap) StderrLine: {'line': b"/usr/bin/ld: ../../bin/librtabmap_gui.so.0.23.4: undefined reference to `rtabmap::ExportDialog::framesIgnored() const'\n"}
[5.936586] (rtabmap) StderrLine: {'line': b"/usr/bin/ld: ../../bin/librtabmap_gui.so.0.23.4: undefined reference to `rtabmap::MapVisibilityWidget::setMap(std::map<int, rtabmap::Transform, std::less<int>, std::allocator<std::pair<int const, rtabmap::Transform> > > const&, std::map<int, bool, std::less<int>, std::allocator<std::pair<int const, bool> > > const&)'\n"}
[5.937026] (rtabmap) StderrLine: {'line': b"/usr/bin/ld: ../../bin/librtabmap_gui.so.0.23.4: undefined reference to `rtabmap::StatsToolBox::updateStat(QString const&, bool)'\n"}
[5.937140] (rtabmap) StderrLine: {'line': b"/usr/bin/ld: ../../bin/librtabmap_gui.so.0.23.4: undefined reference to `rtabmap::MainWindow::loopClosureThrChanged(double)'\n"}
[5.937431] (rtabmap) StderrLine: {'line': b"/usr/bin/ld: ../../bin/librtabmap_gui.so.0.23.4: undefined reference to `rtabmap::CalibrationDialog::setBoardHeight(int)'\n"}
[5.937507] (rtabmap) StderrLine: {'line': b"/usr/bin/ld: ../../bin/librtabmap_gui.so.0.23.4: undefined reference to `rtabmap::MainWindow::rtabmapLabelErrorReceived(int, QString const&)'\n"}
[5.937743] (rtabmap) StderrLine: {'line': b"/usr/bin/ld: ../../bin/librtabmap_gui.so.0.23.4: undefined reference to `rtabmap::vtkImageMatSource::SetImage(cv::_InputArray const&)'\n"}
[5.937815] (rtabmap) StderrLine: {'line': b"/usr/bin/ld: ../../bin/librtabmap_gui.so.0.23.4: undefined reference to `UPlot::addCurve(UPlotCurve*, bool)'\n"}
[5.937937] (rtabmap) StderrLine: {'line': b"/usr/bin/ld: ../../bin/librtabmap_gui.so.0.23.4: undefined reference to `rtabmap::LinkRefiningDialog::LinkRefiningDialog(QWidget*)'\n"}
[5.937981] (rtabmap) StderrLine: {'line': b"/usr/bin/ld: ../../bin/librtabmap_gui.so.0.23.4: undefined reference to `rtabmap::OdometryViewer::OdometryViewer(int, int, float, float, int, QWidget*, std::map<std::__cxx11::basic_string<char, std::char_traits<char>, std::allocator<char> >, std::__cxx11::basic_string<char, std::char_traits<char>, std::allocator<char> >, std::less<std::__cxx11::basic_string<char, std::char_traits<char>, std::allocator<char> > >, std::allocator<std::pair<std::__cxx11::basic_string<char, std::char_traits<char>, std::allocator<char> > const, std::__cxx11::basic_string<char, std::char_traits<char>, std::allocator<char> > > > > const&)'\n"}
[5.938019] (rtabmap) StderrLine: {'line': b"/usr/bin/ld: ../../bin/librtabmap_gui.so.0.23.4: undefined reference to `rtabmap::PostProcessingDialog::sbaType() const'\n"}
[5.938096] (rtabmap) StderrLine: {'line': b"/usr/bin/ld: ../../bin/librtabmap_gui.so.0.23.4: undefined reference to `rtabmap::ProgressDialog::setAutoClose(bool, int)'\n"}
[5.938252] (rtabmap) StderrLine: {'line': b"/usr/bin/ld: ../../bin/librtabmap_gui.so.0.23.4: undefined reference to `QMultiComboBox::setCurrentIndex(int)'\n"}
[5.938354] (rtabmap) StderrLine: {'line': b"/usr/bin/ld: ../../bin/librtabmap_gui.so.0.23.4: undefined reference to `rtabmap::ImageView::setImageShown(bool)'\n"}
[5.938798] (rtabmap) StderrLine: {'line': b"/usr/bin/ld: ../../bin/librtabmap_gui.so.0.23.4: undefined reference to `rtabmap::ImageView::isImageShown() const'\n"}
[5.938839] (rtabmap) StderrLine: {'line': b"/usr/bin/ld: ../../bin/librtabmap_gui.so.0.23.4: undefined reference to `rtabmap::ImageView::staticMetaObject'\n"}
[5.938994] (rtabmap) StderrLine: {'line': b"/usr/bin/ld: ../../bin/librtabmap_gui.so.0.23.4: undefined reference to `rtabmap::PostProcessingDialog::intraSession() const'\n"}
[5.939073] (rtabmap) StderrLine: {'line': b"/usr/bin/ld: ../../bin/librtabmap_gui.so.0.23.4: undefined reference to `rtabmap::EditDepthArea::setColorMap(uCvQtDepthColorMap)'\n"}
[5.939151] (rtabmap) StderrLine: {'line': b"/usr/bin/ld: ../../bin/librtabmap_gui.so.0.23.4: undefined reference to `rtabmap::ExportDialog::isOdomExported() const'\n"}
[5.939231] (rtabmap) StderrLine: {'line': b"/usr/bin/ld: ../../bin/librtabmap_gui.so.0.23.4: undefined reference to `rtabmap::LinkRefiningDialog::getLinkType() const'\n"}
[5.939273] (rtabmap) StderrLine: {'line': b"/usr/bin/ld: ../../bin/librtabmap_gui.so.0.23.4: undefined reference to `rtabmap::MultiSessionLocSubView::clear()'\n"}
[5.939577] (rtabmap) StderrLine: {'line': b"/usr/bin/ld: ../../bin/librtabmap_gui.so.0.23.4: undefined reference to `rtabmap::PostProcessingDialog::isRefineNeighborLinks() const'\n"}
[5.939686] (rtabmap) StderrLine: {'line': b"/usr/bin/ld: ../../bin/librtabmap_gui.so.0.23.4: undefined reference to `rtabmap::MainWindow::odometryReceived(rtabmap::OdometryEvent const&, bool)'\n"}
[5.939764] (rtabmap) StderrLine: {'line': b"/usr/bin/ld: ../../bin/librtabmap_gui.so.0.23.4: undefined reference to `rtabmap::PostProcessingDialog::saveSettings(QSettings&, QString const&) const'\n"}
[5.940045] (rtabmap) StderrLine: {'line': b"/usr/bin/ld: ../../bin/librtabmap_gui.so.0.23.4: undefined reference to `rtabmap::EditMapArea::getModifiedMap() const'\n"}
[5.940147] (rtabmap) StderrLine: {'line': b"/usr/bin/ld: ../../bin/librtabmap_gui.so.0.23.4: undefined reference to `rtabmap::ImageView::setBackgroundColor(QColor const&)'\n"}
[5.940236] (rtabmap) StderrLine: {'line': b"/usr/bin/ld: ../../bin/librtabmap_gui.so.0.23.4: undefined reference to `rtabmap::ImageView::clear()'\n"}
[5.940280] (rtabmap) StderrLine: {'line': b"/usr/bin/ld: ../../bin/librtabmap_gui.so.0.23.4: undefined reference to `rtabmap::CalibrationDialog::boardHeight() const'\n"}
[5.940328] (rtabmap) StderrLine: {'line': b"/usr/bin/ld: ../../bin/librtabmap_gui.so.0.23.4: undefined reference to `rtabmap::DepthCalibrationDialog::staticMetaObject'\n"}
[5.940396] (rtabmap) StderrLine: {'line': b"/usr/bin/ld: ../../bin/librtabmap_gui.so.0.23.4: undefined reference to `rtabmap::PostProcessingDialog::clusterAngle() const'\n"}
[5.940431] (rtabmap) StderrLine: {'line': b"/usr/bin/ld: ../../bin/librtabmap_gui.so.0.23.4: undefined reference to `rtabmap::ImageView::setImageDepthShown(bool)'\n"}
[5.940494] (rtabmap) StderrLine: {'line': b"/usr/bin/ld: ../../bin/librtabmap_gui.so.0.23.4: undefined reference to `rtabmap::LinkRefiningDialog::setMinMax(int, int, int, int)'\n"}
[5.940562] (rtabmap) StderrLine: {'line': b"/usr/bin/ld: ../../bin/librtabmap_gui.so.0.23.4: undefined reference to `rtabmap::CalibrationDialog::staticMetaObject'\n"}
[5.940638] (rtabmap) StderrLine: {'line': b"/usr/bin/ld: ../../bin/librtabmap_gui.so.0.23.4: undefined reference to `QMultiComboBox::itemData(int)'\n"}
[5.940674] (rtabmap) StderrLine: {'line': b"/usr/bin/ld: ../../bin/librtabmap_gui.so.0.23.4: undefined reference to `UPlot::showLegend(bool)'\n"}
[5.940807] (rtabmap) StderrLine: {'line': b"/usr/bin/ld: ../../bin/librtabmap_gui.so.0.23.4: undefined reference to `rtabmap::LoopClosureViewer::LoopClosureViewer(QWidget*)'\n"}
[5.940884] (rtabmap) StderrLine: {'line': b"/usr/bin/ld: ../../bin/librtabmap_gui.so.0.23.4: undefined reference to `rtabmap::CalibrationDialog::CalibrationDialog(bool, QString const&, bool, QWidget*)'\n"}
[5.940960] (rtabmap) StderrLine: {'line': b"/usr/bin/ld: ../../bin/librtabmap_gui.so.0.23.4: undefined reference to `rtabmap::ImageView::setFeatures(std::multimap<int, cv::KeyPoint, std::less<int>, std::allocator<std::pair<int const, cv::KeyPoint> > > const&, cv::Mat const&, QColor const&)'\n"}
[5.941031] (rtabmap) StderrLine: {'line': b"/usr/bin/ld: ../../bin/librtabmap_gui.so.0.23.4: undefined reference to `rtabmap::PostProcessingDialog::isSBA() const'\n"}
[5.941138] (rtabmap) StderrLine: {'line': b"/usr/bin/ld: ../../bin/librtabmap_gui.so.0.23.4: undefined reference to `rtabmap::ExportDialog::ExportDialog(QWidget*)'\n"}
[5.941239] (rtabmap) StderrLine: {'line': b"/usr/bin/ld: ../../bin/librtabmap_gui.so.0.23.4: undefined reference to `rtabmap::ImageView::setSceneRect(QRectF const&)'\n"}
[5.941286] (rtabmap) StderrLine: {'line': b"/usr/bin/ld: ../../bin/librtabmap_gui.so.0.23.4: undefined reference to `rtabmap::GraphViewer::configChanged()'\n"}
[5.941318] (rtabmap) StderrLine: {'line': b"/usr/bin/ld: ../../bin/librtabmap_gui.so.0.23.4: undefined reference to `rtabmap::EditDepthArea::setImage(cv::Mat const&, cv::Mat const&)'\n"}
[5.941410] (rtabmap) StderrLine: {'line': b"/usr/bin/ld: ../../bin/librtabmap_gui.so.0.23.4: undefined reference to `rtabmap::DatabaseViewer::staticMetaObject'\n"}
[5.941455] (rtabmap) StderrLine: {'line': b"/usr/bin/ld: ../../bin/librtabmap_gui.so.0.23.4: undefined reference to `rtabmap::ImageView::getDepthColorMap() const'\n"}
[5.941529] (rtabmap) StderrLine: {'line': b"/usr/bin/ld: ../../bin/librtabmap_gui.so.0.23.4: undefined reference to `UPlot::addCurve(QString const&, QColor const&)'\n"}
[5.941573] (rtabmap) StderrLine: {'line': b"/usr/bin/ld: ../../bin/librtabmap_gui.so.0.23.4: undefined reference to `rtabmap::CloudViewerInteractorStyle::setOrthoMode(bool)'\n"}
[5.941646] (rtabmap) StderrLine: {'line': b"/usr/bin/ld: ../../bin/librtabmap_gui.so.0.23.4: undefined reference to `QMultiComboBox::count()'\n"}
[5.941722] (rtabmap) StderrLine: {'line': b"/usr/bin/ld: ../../bin/librtabmap_gui.so.0.23.4: undefined reference to `rtabmap::PreferencesDialog::settingsChanged(QFlags<rtabmap::PreferencesDialog::PanelFlag>)'\n"}
[5.941881] (rtabmap) StderrLine: {'line': b"/usr/bin/ld: ../../bin/librtabmap_gui.so.0.23.4: undefined reference to `rtabmap::PostProcessingDialog::interSession() const'\n"}
[5.942035] (rtabmap) StderrLine: {'line': b"/usr/bin/ld: ../../bin/librtabmap_gui.so.0.23.4: undefined reference to `rtabmap::CameraViewer::CameraViewer(QWidget*, std::map<std::__cxx11::basic_string<char, std::char_traits<char>, std::allocator<char> >, std::__cxx11::basic_string<char, std::char_traits<char>, std::allocator<char> >, std::less<std::__cxx11::basic_string<char, std::char_traits<char>, std::allocator<char> > >, std::allocator<std::pair<std::__cxx11::basic_string<char, std::char_traits<char>, std::allocator<char> > const, std::__cxx11::basic_string<char, std::char_traits<char>, std::allocator<char> > > > > const&)'\n"}
[5.942077] (rtabmap) StderrLine: {'line': b"/usr/bin/ld: ../../bin/librtabmap_gui.so.0.23.4: undefined reference to `rtabmap::CameraViewer::setDecimation(int)'\n"}
[5.942240] (rtabmap) StderrLine: {'line': b"/usr/bin/ld: ../../bin/librtabmap_gui.so.0.23.4: undefined reference to `UPlot::UPlot(QWidget*)'\n"}
[5.942351] (rtabmap) StderrLine: {'line': b"/usr/bin/ld: ../../bin/librtabmap_gui.so.0.23.4: undefined reference to `rtabmap::StatsToolBox::addCurve(QString const&, bool, bool)'\n"}
[5.942426] (rtabmap) StderrLine: {'line': b"/usr/bin/ld: ../../bin/librtabmap_gui.so.0.23.4: undefined reference to `rtabmap::ExportDialog::outputPath() const'\n"}
[5.942460] (rtabmap) StderrLine: {'line': b"/usr/bin/ld: ../../bin/librtabmap_gui.so.0.23.4: undefined reference to `rtabmap::CloudViewer::configChanged()'\n"}
[5.942542] (rtabmap) StderrLine: {'line': b"/usr/bin/ld: ../../bin/librtabmap_gui.so.0.23.4: undefined reference to `rtabmap::AboutDialog::AboutDialog(QWidget*)'\n"}
[5.942610] (rtabmap) StderrLine: {'line': b"/usr/bin/ld: ../../bin/librtabmap_gui.so.0.23.4: undefined reference to `rtabmap::CloudViewer::staticMetaObject'\n"}
[5.942683] (rtabmap) StderrLine: {'line': b"/usr/bin/ld: ../../bin/librtabmap_gui.so.0.23.4: undefined reference to `rtabmap::CalibrationDialog::setProgressVisibility(bool)'\n"}
[5.942722] (rtabmap) StderrLine: {'line': b"/usr/bin/ld: ../../bin/librtabmap_gui.so.0.23.4: undefined reference to `rtabmap::ImageView::addLine(float, float, float, float, QColor, QString const&)'\n"}
[5.942848] (rtabmap) StderrLine: {'line': b"/usr/bin/ld: ../../bin/librtabmap_gui.so.0.23.4: undefined reference to `vtable for rtabmap::DepthCalibrationDialog'\n"}
[5.943345] (rtabmap) StderrLine: {'line': b"/usr/bin/ld: ../../bin/librtabmap_gui.so.0.23.4: undefined reference to `rtabmap::ProgressDialog::setMaximumSteps(int)'\n"}
[5.943708] (rtabmap) StderrLine: {'line': b"/usr/bin/ld: ../../bin/librtabmap_gui.so.0.23.4: undefined reference to `rtabmap::ExportDialog::sessionExported() const'\n"}
[5.943754] (rtabmap) StderrLine: {'line': b"/usr/bin/ld: ../../bin/librtabmap_gui.so.0.23.4: undefined reference to `rtabmap::ProgressDialog::setCancelButtonVisible(bool)'\n"}
[5.943794] (rtabmap) StderrLine: {'line': b"/usr/bin/ld: ../../bin/librtabmap_gui.so.0.23.4: undefined reference to `rtabmap::CalibrationDialog::setRationalModel()'\n"}
[5.943837] (rtabmap) StderrLine: {'line': b"/usr/bin/ld: ../../bin/librtabmap_gui.so.0.23.4: undefined reference to `rtabmap::ExportCloudsDialog::staticMetaObject'\n"}
[5.943875] (rtabmap) StderrLine: {'line': b"/usr/bin/ld: ../../bin/librtabmap_gui.so.0.23.4: undefined reference to `rtabmap::MainWindow::cameraInfoReceived(rtabmap::SensorCaptureInfo const&)'\n"}
[5.943954] (rtabmap) StderrLine: {'line': b"/usr/bin/ld: ../../bin/librtabmap_gui.so.0.23.4: undefined reference to `rtabmap::ImageView::setFeaturesShown(bool)'\n"}
[5.944027] (rtabmap) StderrLine: {'line': b"/usr/bin/ld: ../../bin/librtabmap_gui.so.0.23.4: undefined reference to `rtabmap::MainWindow::rtabmapEvent3DMapProcessed()'\n"}
[5.944064] (rtabmap) StderrLine: {'line': b"/usr/bin/ld: ../../bin/librtabmap_gui.so.0.23.4: undefined reference to `UPlotCurve::addValue(double, double)'\n"}
[5.944099] (rtabmap) StderrLine: {'line': b"/usr/bin/ld: ../../bin/librtabmap_gui.so.0.23.4: undefined reference to `rtabmap::EditConstraintDialog::setPoseGroupVisible(bool)'\n"}
[5.944136] (rtabmap) StderrLine: {'line': b"/usr/bin/ld: ../../bin/librtabmap_gui.so.0.23.4: undefined reference to `rtabmap::ImageView::setImage(QImage const&, std::vector<rtabmap::CameraModel, std::allocator<rtabmap::CameraModel> > const&, rtabmap::Transform const&)'\n"}
[5.944174] (rtabmap) StderrLine: {'line': b"/usr/bin/ld: ../../bin/librtabmap_gui.so.0.23.4: undefined reference to `rtabmap::LoopClosureViewer::setData(rtabmap::Signature const&, rtabmap::Signature const&)'\n"}
[5.944240] (rtabmap) StderrLine: {'line': b"/usr/bin/ld: ../../bin/librtabmap_gui.so.0.23.4: undefined reference to `rtabmap::CalibrationDialog::processImages(cv::Mat const&, cv::Mat const&, QString const&)'\n"}
[5.944289] (rtabmap) StderrLine: {'line': b"/usr/bin/ld: ../../bin/librtabmap_gui.so.0.23.4: undefined reference to `rtabmap::PostProcessingDialog::loadSettings(QSettings&, QString const&)'\n"}
[5.944388] (rtabmap) StderrLine: {'line': b"/usr/bin/ld: ../../bin/librtabmap_gui.so.0.23.4: undefined reference to `rtabmap::ExportBundlerDialog::saveSettings(QSettings&, QString const&) const'\n"}
[5.944539] (rtabmap) StderrLine: {'line': b"/usr/bin/ld: ../../bin/librtabmap_gui.so.0.23.4: undefined reference to `QMultiComboBox::SetDisplayText(QString)'\n"}
[5.945439] (rtabmap) StderrLine: {'line': b"/usr/bin/ld: ../../bin/librtabmap_gui.so.0.23.4: undefined reference to `rtabmap::MultiSessionLocSubView::MultiSessionLocSubView(rtabmap::ImageView*, int, QWidget*)'\n"}
[5.945576] (rtabmap) StderrLine: {'line': b"/usr/bin/ld: ../../bin/librtabmap_gui.so.0.23.4: undefined reference to `rtabmap::ImageView::loadSettings(QSettings&, QString const&)'\n"}
[5.945717] (rtabmap) StderrLine: {'line': b"/usr/bin/ld: ../../bin/librtabmap_gui.so.0.23.4: undefined reference to `rtabmap::ImageView::setFeaturesColor(QColor)'\n"}
[5.945754] (rtabmap) StderrLine: {'line': b"/usr/bin/ld: ../../bin/librtabmap_gui.so.0.23.4: undefined reference to `vtable for rtabmap::PreferencesDialog'\n"}
[5.945911] (rtabmap) StderrLine: {'line': b"/usr/bin/ld: ../../bin/librtabmap_gui.so.0.23.4: undefined reference to `rtabmap::EditConstraintDialog::getCovariance() const'\n"}
[5.945970] (rtabmap) StderrLine: {'line': b"/usr/bin/ld: ../../bin/librtabmap_gui.so.0.23.4: undefined reference to `rtabmap::PostProcessingDialog::isDetectMoreLoopClosures() const'\n"}
[5.946065] (rtabmap) StderrLine: {'line': b"/usr/bin/ld: ../../bin/librtabmap_gui.so.0.23.4: undefined reference to `rtabmap::CloudViewerCellPicker::New()'\n"}
[5.946104] (rtabmap) StderrLine: {'line': b"/usr/bin/ld: ../../bin/librtabmap_gui.so.0.23.4: undefined reference to `rtabmap::EditDepthArea::getModifiedImage() const'\n"}
[5.946141] (rtabmap) StderrLine: {'line': b"/usr/bin/ld: ../../bin/librtabmap_gui.so.0.23.4: undefined reference to `UPlotCurve::UPlotCurve(QString const&, QVector<double> const&, QVector<double> const&, QObject*)'\n"}
[5.946212] (rtabmap) StderrLine: {'line': b"/usr/bin/ld: ../../bin/librtabmap_gui.so.0.23.4: undefined reference to `rtabmap::PostProcessingDialog::isRefineLoopClosureLinks() const'\n"}
[5.946250] (rtabmap) StderrLine: {'line': b"/usr/bin/ld: ../../bin/librtabmap_gui.so.0.23.4: undefined reference to `rtabmap::MainWindow::rtabmapEventInitReceived(int, QString const&)'\n"}
[5.946331] (rtabmap) StderrLine: {'line': b"/usr/bin/ld: ../../bin/librtabmap_gui.so.0.23.4: undefined reference to `rtabmap::CalibrationDialog::squareSize() const'\n"}
[5.946367] (rtabmap) StderrLine: {'line': b"/usr/bin/ld: ../../bin/librtabmap_gui.so.0.23.4: undefined reference to `rtabmap::vtkImageMatSource::New()'\n"}
[5.946406] (rtabmap) StderrLine: {'line': b"/usr/bin/ld: ../../bin/librtabmap_gui.so.0.23.4: undefined reference to `rtabmap::MapVisibilityWidget::getVisiblePoses() const'\n"}
[5.947244] (rtabmap) StderrLine: {'line': b"/usr/bin/ld: ../../bin/librtabmap_gui.so.0.23.4: undefined reference to `rtabmap::MainWindow::statsReceived(rtabmap::Statistics const&)'\n"}
[5.947704] (rtabmap) StderrLine: {'line': b"/usr/bin/ld: ../../bin/librtabmap_gui.so.0.23.4: undefined reference to `rtabmap::MainWindow::mappingModeChanged(bool)'\n"}
[5.947942] (rtabmap) StderrLine: {'line': b"/usr/bin/ld: ../../bin/librtabmap_gui.so.0.23.4: undefined reference to `vtable for rtabmap::DatabaseViewer'\n"}
[5.948438] (rtabmap) StderrLine: {'line': b"/usr/bin/ld: ../../bin/librtabmap_gui.so.0.23.4: undefined reference to `rtabmap::StatsToolBox::setWorkingDirectory(QString const&)'\n"}
[5.948861] (rtabmap) StderrLine: {'line': b"/usr/bin/ld: ../../bin/librtabmap_gui.so.0.23.4: undefined reference to `rtabmap::ExportBundlerDialog::ExportBundlerDialog(QWidget*)'\n"}
[5.949143] (rtabmap) StderrLine: {'line': b"/usr/bin/ld: ../../bin/librtabmap_gui.so.0.23.4: undefined reference to `rtabmap::CalibrationDialog::setFisheyeModel()'\n"}
[5.949331] (rtabmap) StderrLine: {'line': b"/usr/bin/ld: ../../bin/librtabmap_gui.so.0.23.4: undefined reference to `rtabmap::PostProcessingDialog::PostProcessingDialog(QWidget*)'\n"}
[5.949459] (rtabmap) StderrLine: {'line': b"/usr/bin/ld: ../../bin/librtabmap_gui.so.0.23.4: undefined reference to `rtabmap::MultiSessionLocSubView::updateView(int, QImage const&, std::multimap<int, cv::KeyPoint, std::less<int>, std::allocator<std::pair<int const, cv::KeyPoint> > > const&, float, QColor const&)'\n"}
[5.949609] (rtabmap) StderrLine: {'line': b"/usr/bin/ld: ../../bin/librtabmap_gui.so.0.23.4: undefined reference to `rtabmap::ProgressDialog::maximumSteps() const'\n"}
[5.949724] (rtabmap) StderrLine: {'line': b"/usr/bin/ld: ../../bin/librtabmap_gui.so.0.23.4: undefined reference to `rtabmap::ImageView::addFeature(int, cv::KeyPoint const&, float, QColor)'\n"}
[5.949893] (rtabmap) StderrLine: {'line': b"/usr/bin/ld: ../../bin/librtabmap_gui.so.0.23.4: undefined reference to `QMultiComboBox::QMultiComboBox(QWidget*)'\n"}
[5.949982] (rtabmap) StderrLine: {'line': b"/usr/bin/ld: ../../bin/librtabmap_gui.so.0.23.4: undefined reference to `rtabmap::LinkRefiningDialog::getRangeNodeId(int&, int&) const'\n"}
[5.950062] (rtabmap) StderrLine: {'line': b"/usr/bin/ld: ../../bin/librtabmap_gui.so.0.23.4: undefined reference to `rtabmap::CalibrationDialog::loadSettings(QSettings&, QString const&)'\n"}
[5.950212] (rtabmap) StderrLine: {'line': b"/usr/bin/ld: ../../bin/librtabmap_gui.so.0.23.4: undefined reference to `rtabmap::MainWindow::odometryProcessed()'\n"}
[5.950380] (rtabmap) StderrLine: {'line': b"/usr/bin/ld: ../../bin/librtabmap_gui.so.0.23.4: undefined reference to `rtabmap::PostProcessingDialog::sbaIterations() const'\n"}
[5.950431] (rtabmap) StderrLine: {'line': b"/usr/bin/ld: ../../bin/librtabmap_gui.so.0.23.4: undefined reference to `rtabmap::CalibrationDialog::saveSettings(QSettings&, QString const&) const'\n"}
[5.950468] (rtabmap) StderrLine: {'line': b"/usr/bin/ld: ../../bin/librtabmap_gui.so.0.23.4: undefined reference to `rtabmap::StatsToolBox::StatsToolBox(QWidget*)'\n"}
[5.950499] (rtabmap) StderrLine: {'line': b"/usr/bin/ld: ../../bin/librtabmap_gui.so.0.23.4: undefined reference to `rtabmap::MainWindow::cameraInfoProcessed()'\n"}
[5.950530] (rtabmap) StderrLine: {'line': b"/usr/bin/ld: ../../bin/librtabmap_gui.so.0.23.4: undefined reference to `rtabmap::LinkRefiningDialog::getIntraInterSessions(bool&, bool&) const'\n"}
[5.950561] (rtabmap) StderrLine: {'line': b"/usr/bin/ld: ../../bin/librtabmap_gui.so.0.23.4: undefined reference to `rtabmap::CalibrationDialog::setCameraName(QString const&)'\n"}
[5.950592] (rtabmap) StderrLine: {'line': b"/usr/bin/ld: ../../bin/librtabmap_gui.so.0.23.4: undefined reference to `rtabmap::StatsToolBox::addThreshold(QString const&, double)'\n"}
[5.950622] (rtabmap) StderrLine: {'line': b"/usr/bin/ld: ../../bin/librtabmap_gui.so.0.23.4: undefined reference to `rtabmap::StatsToolBox::getFiguresSetup(QList<int>&, QStringList&, QStringList&)'\n"}
[5.950704] (rtabmap) StderrLine: {'line': b"/usr/bin/ld: ../../bin/librtabmap_gui.so.0.23.4: undefined reference to `rtabmap::ExportDialog::isDepthExported() const'\n"}
[5.950738] (rtabmap) StderrLine: {'line': b"/usr/bin/ld: ../../bin/librtabmap_gui.so.0.23.4: undefined reference to `rtabmap::MainWindow::detectionRateChanged(double)'\n"}
[5.950948] (rtabmap) StderrLine: {'line': b"/usr/bin/ld: ../../bin/librtabmap_gui.so.0.23.4: undefined reference to `UPlot::setFixedYAxis(double, double)'\n"}
[5.977463] (rtabmap) StderrLine: {'line': b'collect2: error: ld returned 1 exit status\n'}
[5.978784] (rtabmap) StderrLine: {'line': b'gmake[2]: *** [examples/RGBDMapping/CMakeFiles/rgbd_mapping.dir/build.make:205\xef\xbc\x9abin/rtabmap-rgbd_mapping] \xe9\x94\x99\xe8\xaf\xaf 1\n'}
[5.979057] (rtabmap) StderrLine: {'line': b'gmake[1]: *** [CMakeFiles/Makefile2:1663\xef\xbc\x9aexamples/RGBDMapping/CMakeFiles/rgbd_mapping.dir/all] \xe9\x94\x99\xe8\xaf\xaf 2\n'}
[5.979219] (rtabmap) StderrLine: {'line': b'gmake: *** [Makefile:156\xef\xbc\x9aall] \xe9\x94\x99\xe8\xaf\xaf 2\n'}
[5.981824] (rtabmap) CommandEnded: {'returncode': 2}
[5.991176] (-) TimerEvent: {}
[5.993550] (rtabmap) JobEnded: {'identifier': 'rtabmap', 'rc': 2}
[6.004377] (rtabmap_conversions) JobSkipped: {'identifier': 'rtabmap_conversions'}
[6.004451] (rtabmap_rviz_plugins) JobSkipped: {'identifier': 'rtabmap_rviz_plugins'}
[6.004478] (rtabmap_sync) JobSkipped: {'identifier': 'rtabmap_sync'}
[6.004500] (rtabmap_util) JobSkipped: {'identifier': 'rtabmap_util'}
[6.004521] (rtabmap_odom) JobSkipped: {'identifier': 'rtabmap_odom'}
[6.004540] (rtabmap_slam) JobSkipped: {'identifier': 'rtabmap_slam'}
[6.004559] (rtabmap_viz) JobSkipped: {'identifier': 'rtabmap_viz'}
[6.004578] (rtabmap_examples) JobSkipped: {'identifier': 'rtabmap_examples'}
[6.004598] (-) EventReactorShutdown: {}
