[0.064s] DEBUG:colcon:Command line arguments: ['/usr/bin/colcon', 'build']
[0.064s] DEBUG:colcon:Parsed command line arguments: Namespace(log_base=None, log_level=None, verb_name='build', build_base='build', install_base='install', merge_install=False, symlink_install=False, test_result_base=None, continue_on_error=False, executor='parallel', parallel_workers=16, event_handlers=None, ignore_user_meta=False, metas=['./colcon.meta'], base_paths=['.'], packages_ignore=None, packages_ignore_regex=None, paths=None, packages_up_to=None, packages_up_to_regex=None, packages_above=None, packages_above_and_dependencies=None, packages_above_depth=None, packages_select_by_dep=None, packages_skip_by_dep=None, packages_skip_up_to=None, packages_select_build_failed=False, packages_skip_build_finished=False, packages_select_test_failures=False, packages_skip_test_passed=False, packages_select=None, packages_skip=None, packages_select_regex=None, packages_skip_regex=None, packages_start=None, packages_end=None, allow_overriding=[], cmake_args=None, cmake_target=None, cmake_target_skip_unavailable=False, cmake_clean_cache=False, cmake_clean_first=False, cmake_force_configure=False, ament_cmake_args=None, catkin_cmake_args=None, catkin_skip_building_tests=False, verb_parser=<colcon_defaults.argument_parser.defaults.DefaultArgumentsDecorator object at 0x7c062463fc40>, verb_extension=<colcon_core.verb.build.BuildVerb object at 0x7c062477d150>, main=<bound method BuildVerb.main of <colcon_core.verb.build.BuildVerb object at 0x7c062477d150>>)
[0.156s] Level 1:colcon.colcon_core.package_discovery:discover_packages(colcon_meta) check parameters
[0.156s] Level 1:colcon.colcon_core.package_discovery:discover_packages(recursive) check parameters
[0.156s] Level 1:colcon.colcon_core.package_discovery:discover_packages(ignore) check parameters
[0.156s] Level 1:colcon.colcon_core.package_discovery:discover_packages(path) check parameters
[0.157s] Level 1:colcon.colcon_core.package_discovery:discover_packages(colcon_meta) discover
[0.157s] Level 1:colcon.colcon_core.package_discovery:discover_packages(recursive) discover
[0.157s] INFO:colcon.colcon_core.package_discovery:Crawling recursively for packages in '/home/brace/codeSpace/navi'
[0.157s] Level 1:colcon.colcon_core.package_identification:_identify(.) by extensions ['ignore', 'ignore_ament_install']
[0.157s] Level 1:colcon.colcon_core.package_identification:_identify(.) by extension 'ignore'
[0.157s] Level 1:colcon.colcon_core.package_identification:_identify(.) by extension 'ignore_ament_install'
[0.157s] Level 1:colcon.colcon_core.package_identification:_identify(.) by extensions ['colcon_pkg']
[0.157s] Level 1:colcon.colcon_core.package_identification:_identify(.) by extension 'colcon_pkg'
[0.157s] Level 1:colcon.colcon_core.package_identification:_identify(.) by extensions ['colcon_meta']
[0.157s] Level 1:colcon.colcon_core.package_identification:_identify(.) by extension 'colcon_meta'
[0.157s] Level 1:colcon.colcon_core.package_identification:_identify(.) by extensions ['ros']
[0.157s] Level 1:colcon.colcon_core.package_identification:_identify(.) by extension 'ros'
[0.164s] Level 1:colcon.colcon_core.package_identification:_identify(.) by extensions ['cmake', 'python']
[0.164s] Level 1:colcon.colcon_core.package_identification:_identify(.) by extension 'cmake'
[0.164s] Level 1:colcon.colcon_core.package_identification:_identify(.) by extension 'python'
[0.164s] Level 1:colcon.colcon_core.package_identification:_identify(.) by extensions ['python_setup_py']
[0.164s] Level 1:colcon.colcon_core.package_identification:_identify(.) by extension 'python_setup_py'
[0.164s] Level 1:colcon.colcon_core.package_identification:_identify(build) by extensions ['ignore', 'ignore_ament_install']
[0.164s] Level 1:colcon.colcon_core.package_identification:_identify(build) by extension 'ignore'
[0.164s] Level 1:colcon.colcon_core.package_identification:_identify(build) ignored
[0.164s] Level 1:colcon.colcon_core.package_identification:_identify(install) by extensions ['ignore', 'ignore_ament_install']
[0.164s] Level 1:colcon.colcon_core.package_identification:_identify(install) by extension 'ignore'
[0.164s] Level 1:colcon.colcon_core.package_identification:_identify(install) ignored
[0.164s] Level 1:colcon.colcon_core.package_identification:_identify(log) by extensions ['ignore', 'ignore_ament_install']
[0.164s] Level 1:colcon.colcon_core.package_identification:_identify(log) by extension 'ignore'
[0.165s] Level 1:colcon.colcon_core.package_identification:_identify(log) ignored
[0.165s] Level 1:colcon.colcon_core.package_identification:_identify(src) by extensions ['ignore', 'ignore_ament_install']
[0.165s] Level 1:colcon.colcon_core.package_identification:_identify(src) by extension 'ignore'
[0.165s] Level 1:colcon.colcon_core.package_identification:_identify(src) by extension 'ignore_ament_install'
[0.165s] Level 1:colcon.colcon_core.package_identification:_identify(src) by extensions ['colcon_pkg']
[0.165s] Level 1:colcon.colcon_core.package_identification:_identify(src) by extension 'colcon_pkg'
[0.165s] Level 1:colcon.colcon_core.package_identification:_identify(src) by extensions ['colcon_meta']
[0.165s] Level 1:colcon.colcon_core.package_identification:_identify(src) by extension 'colcon_meta'
[0.165s] Level 1:colcon.colcon_core.package_identification:_identify(src) by extensions ['ros']
[0.165s] Level 1:colcon.colcon_core.package_identification:_identify(src) by extension 'ros'
[0.165s] Level 1:colcon.colcon_core.package_identification:_identify(src) by extensions ['cmake', 'python']
[0.165s] Level 1:colcon.colcon_core.package_identification:_identify(src) by extension 'cmake'
[0.165s] Level 1:colcon.colcon_core.package_identification:_identify(src) by extension 'python'
[0.165s] Level 1:colcon.colcon_core.package_identification:_identify(src) by extensions ['python_setup_py']
[0.165s] Level 1:colcon.colcon_core.package_identification:_identify(src) by extension 'python_setup_py'
[0.165s] Level 1:colcon.colcon_core.package_identification:_identify(src/realsense-ros) by extensions ['ignore', 'ignore_ament_install']
[0.165s] Level 1:colcon.colcon_core.package_identification:_identify(src/realsense-ros) by extension 'ignore'
[0.165s] Level 1:colcon.colcon_core.package_identification:_identify(src/realsense-ros) by extension 'ignore_ament_install'
[0.165s] Level 1:colcon.colcon_core.package_identification:_identify(src/realsense-ros) by extensions ['colcon_pkg']
[0.165s] Level 1:colcon.colcon_core.package_identification:_identify(src/realsense-ros) by extension 'colcon_pkg'
[0.165s] Level 1:colcon.colcon_core.package_identification:_identify(src/realsense-ros) by extensions ['colcon_meta']
[0.165s] Level 1:colcon.colcon_core.package_identification:_identify(src/realsense-ros) by extension 'colcon_meta'
[0.165s] Level 1:colcon.colcon_core.package_identification:_identify(src/realsense-ros) by extensions ['ros']
[0.165s] Level 1:colcon.colcon_core.package_identification:_identify(src/realsense-ros) by extension 'ros'
[0.165s] Level 1:colcon.colcon_core.package_identification:_identify(src/realsense-ros) by extensions ['cmake', 'python']
[0.165s] Level 1:colcon.colcon_core.package_identification:_identify(src/realsense-ros) by extension 'cmake'
[0.165s] Level 1:colcon.colcon_core.package_identification:_identify(src/realsense-ros) by extension 'python'
[0.165s] Level 1:colcon.colcon_core.package_identification:_identify(src/realsense-ros) by extensions ['python_setup_py']
[0.165s] Level 1:colcon.colcon_core.package_identification:_identify(src/realsense-ros) by extension 'python_setup_py'
[0.165s] Level 1:colcon.colcon_core.package_identification:_identify(src/realsense-ros/realsense2_camera) by extensions ['ignore', 'ignore_ament_install']
[0.165s] Level 1:colcon.colcon_core.package_identification:_identify(src/realsense-ros/realsense2_camera) by extension 'ignore'
[0.165s] Level 1:colcon.colcon_core.package_identification:_identify(src/realsense-ros/realsense2_camera) by extension 'ignore_ament_install'
[0.165s] Level 1:colcon.colcon_core.package_identification:_identify(src/realsense-ros/realsense2_camera) by extensions ['colcon_pkg']
[0.165s] Level 1:colcon.colcon_core.package_identification:_identify(src/realsense-ros/realsense2_camera) by extension 'colcon_pkg'
[0.165s] Level 1:colcon.colcon_core.package_identification:_identify(src/realsense-ros/realsense2_camera) by extensions ['colcon_meta']
[0.165s] Level 1:colcon.colcon_core.package_identification:_identify(src/realsense-ros/realsense2_camera) by extension 'colcon_meta'
[0.166s] Level 1:colcon.colcon_core.package_identification:_identify(src/realsense-ros/realsense2_camera) by extensions ['ros']
[0.166s] Level 1:colcon.colcon_core.package_identification:_identify(src/realsense-ros/realsense2_camera) by extension 'ros'
[0.170s] DEBUG:colcon.colcon_core.package_identification:Package 'src/realsense-ros/realsense2_camera' with type 'ros.ament_cmake' and name 'realsense2_camera'
[0.170s] Level 1:colcon.colcon_core.package_identification:_identify(src/realsense-ros/realsense2_camera_msgs) by extensions ['ignore', 'ignore_ament_install']
[0.170s] Level 1:colcon.colcon_core.package_identification:_identify(src/realsense-ros/realsense2_camera_msgs) by extension 'ignore'
[0.170s] Level 1:colcon.colcon_core.package_identification:_identify(src/realsense-ros/realsense2_camera_msgs) by extension 'ignore_ament_install'
[0.170s] Level 1:colcon.colcon_core.package_identification:_identify(src/realsense-ros/realsense2_camera_msgs) by extensions ['colcon_pkg']
[0.170s] Level 1:colcon.colcon_core.package_identification:_identify(src/realsense-ros/realsense2_camera_msgs) by extension 'colcon_pkg'
[0.170s] Level 1:colcon.colcon_core.package_identification:_identify(src/realsense-ros/realsense2_camera_msgs) by extensions ['colcon_meta']
[0.170s] Level 1:colcon.colcon_core.package_identification:_identify(src/realsense-ros/realsense2_camera_msgs) by extension 'colcon_meta'
[0.170s] Level 1:colcon.colcon_core.package_identification:_identify(src/realsense-ros/realsense2_camera_msgs) by extensions ['ros']
[0.170s] Level 1:colcon.colcon_core.package_identification:_identify(src/realsense-ros/realsense2_camera_msgs) by extension 'ros'
[0.171s] DEBUG:colcon.colcon_core.package_identification:Package 'src/realsense-ros/realsense2_camera_msgs' with type 'ros.ament_cmake' and name 'realsense2_camera_msgs'
[0.171s] Level 1:colcon.colcon_core.package_identification:_identify(src/realsense-ros/realsense2_description) by extensions ['ignore', 'ignore_ament_install']
[0.171s] Level 1:colcon.colcon_core.package_identification:_identify(src/realsense-ros/realsense2_description) by extension 'ignore'
[0.171s] Level 1:colcon.colcon_core.package_identification:_identify(src/realsense-ros/realsense2_description) by extension 'ignore_ament_install'
[0.171s] Level 1:colcon.colcon_core.package_identification:_identify(src/realsense-ros/realsense2_description) by extensions ['colcon_pkg']
[0.171s] Level 1:colcon.colcon_core.package_identification:_identify(src/realsense-ros/realsense2_description) by extension 'colcon_pkg'
[0.171s] Level 1:colcon.colcon_core.package_identification:_identify(src/realsense-ros/realsense2_description) by extensions ['colcon_meta']
[0.171s] Level 1:colcon.colcon_core.package_identification:_identify(src/realsense-ros/realsense2_description) by extension 'colcon_meta'
[0.171s] Level 1:colcon.colcon_core.package_identification:_identify(src/realsense-ros/realsense2_description) by extensions ['ros']
[0.171s] Level 1:colcon.colcon_core.package_identification:_identify(src/realsense-ros/realsense2_description) by extension 'ros'
[0.172s] DEBUG:colcon.colcon_core.package_identification:Package 'src/realsense-ros/realsense2_description' with type 'ros.ament_cmake' and name 'realsense2_description'
[0.172s] Level 1:colcon.colcon_core.package_identification:_identify(src/realsense-ros/realsense2_rgbd_plugin) by extensions ['ignore', 'ignore_ament_install']
[0.172s] Level 1:colcon.colcon_core.package_identification:_identify(src/realsense-ros/realsense2_rgbd_plugin) by extension 'ignore'
[0.172s] Level 1:colcon.colcon_core.package_identification:_identify(src/realsense-ros/realsense2_rgbd_plugin) by extension 'ignore_ament_install'
[0.172s] Level 1:colcon.colcon_core.package_identification:_identify(src/realsense-ros/realsense2_rgbd_plugin) by extensions ['colcon_pkg']
[0.172s] Level 1:colcon.colcon_core.package_identification:_identify(src/realsense-ros/realsense2_rgbd_plugin) by extension 'colcon_pkg'
[0.172s] Level 1:colcon.colcon_core.package_identification:_identify(src/realsense-ros/realsense2_rgbd_plugin) by extensions ['colcon_meta']
[0.172s] Level 1:colcon.colcon_core.package_identification:_identify(src/realsense-ros/realsense2_rgbd_plugin) by extension 'colcon_meta'
[0.172s] Level 1:colcon.colcon_core.package_identification:_identify(src/realsense-ros/realsense2_rgbd_plugin) by extensions ['ros']
[0.172s] Level 1:colcon.colcon_core.package_identification:_identify(src/realsense-ros/realsense2_rgbd_plugin) by extension 'ros'
[0.172s] DEBUG:colcon.colcon_core.package_identification:Package 'src/realsense-ros/realsense2_rgbd_plugin' with type 'ros.ament_cmake' and name 'realsense2_rviz_plugin'
[0.173s] Level 1:colcon.colcon_core.package_identification:_identify(src/realsense-ros/realsense2_ros_mqtt_bridge) by extensions ['ignore', 'ignore_ament_install']
[0.173s] Level 1:colcon.colcon_core.package_identification:_identify(src/realsense-ros/realsense2_ros_mqtt_bridge) by extension 'ignore'
[0.173s] Level 1:colcon.colcon_core.package_identification:_identify(src/realsense-ros/realsense2_ros_mqtt_bridge) by extension 'ignore_ament_install'
[0.173s] Level 1:colcon.colcon_core.package_identification:_identify(src/realsense-ros/realsense2_ros_mqtt_bridge) by extensions ['colcon_pkg']
[0.173s] Level 1:colcon.colcon_core.package_identification:_identify(src/realsense-ros/realsense2_ros_mqtt_bridge) by extension 'colcon_pkg'
[0.173s] Level 1:colcon.colcon_core.package_identification:_identify(src/realsense-ros/realsense2_ros_mqtt_bridge) by extensions ['colcon_meta']
[0.173s] Level 1:colcon.colcon_core.package_identification:_identify(src/realsense-ros/realsense2_ros_mqtt_bridge) by extension 'colcon_meta'
[0.173s] Level 1:colcon.colcon_core.package_identification:_identify(src/realsense-ros/realsense2_ros_mqtt_bridge) by extensions ['ros']
[0.173s] Level 1:colcon.colcon_core.package_identification:_identify(src/realsense-ros/realsense2_ros_mqtt_bridge) by extension 'ros'
[0.173s] DEBUG:colcon.colcon_core.package_identification:Package 'src/realsense-ros/realsense2_ros_mqtt_bridge' with type 'ros.ament_python' and name 'realsense2_ros_mqtt_bridge'
[0.173s] Level 1:colcon.colcon_core.package_identification:_identify(src/realsense-ros/res) by extensions ['ignore', 'ignore_ament_install']
[0.173s] Level 1:colcon.colcon_core.package_identification:_identify(src/realsense-ros/res) by extension 'ignore'
[0.173s] Level 1:colcon.colcon_core.package_identification:_identify(src/realsense-ros/res) by extension 'ignore_ament_install'
[0.173s] Level 1:colcon.colcon_core.package_identification:_identify(src/realsense-ros/res) by extensions ['colcon_pkg']
[0.173s] Level 1:colcon.colcon_core.package_identification:_identify(src/realsense-ros/res) by extension 'colcon_pkg'
[0.173s] Level 1:colcon.colcon_core.package_identification:_identify(src/realsense-ros/res) by extensions ['colcon_meta']
[0.173s] Level 1:colcon.colcon_core.package_identification:_identify(src/realsense-ros/res) by extension 'colcon_meta'
[0.173s] Level 1:colcon.colcon_core.package_identification:_identify(src/realsense-ros/res) by extensions ['ros']
[0.173s] Level 1:colcon.colcon_core.package_identification:_identify(src/realsense-ros/res) by extension 'ros'
[0.173s] Level 1:colcon.colcon_core.package_identification:_identify(src/realsense-ros/res) by extensions ['cmake', 'python']
[0.173s] Level 1:colcon.colcon_core.package_identification:_identify(src/realsense-ros/res) by extension 'cmake'
[0.173s] Level 1:colcon.colcon_core.package_identification:_identify(src/realsense-ros/res) by extension 'python'
[0.173s] Level 1:colcon.colcon_core.package_identification:_identify(src/realsense-ros/res) by extensions ['python_setup_py']
[0.173s] Level 1:colcon.colcon_core.package_identification:_identify(src/realsense-ros/res) by extension 'python_setup_py'
[0.173s] Level 1:colcon.colcon_core.package_identification:_identify(src/realsense-ros/scripts) by extensions ['ignore', 'ignore_ament_install']
[0.174s] Level 1:colcon.colcon_core.package_identification:_identify(src/realsense-ros/scripts) by extension 'ignore'
[0.174s] Level 1:colcon.colcon_core.package_identification:_identify(src/realsense-ros/scripts) by extension 'ignore_ament_install'
[0.174s] Level 1:colcon.colcon_core.package_identification:_identify(src/realsense-ros/scripts) by extensions ['colcon_pkg']
[0.174s] Level 1:colcon.colcon_core.package_identification:_identify(src/realsense-ros/scripts) by extension 'colcon_pkg'
[0.174s] Level 1:colcon.colcon_core.package_identification:_identify(src/realsense-ros/scripts) by extensions ['colcon_meta']
[0.174s] Level 1:colcon.colcon_core.package_identification:_identify(src/realsense-ros/scripts) by extension 'colcon_meta'
[0.174s] Level 1:colcon.colcon_core.package_identification:_identify(src/realsense-ros/scripts) by extensions ['ros']
[0.174s] Level 1:colcon.colcon_core.package_identification:_identify(src/realsense-ros/scripts) by extension 'ros'
[0.174s] Level 1:colcon.colcon_core.package_identification:_identify(src/realsense-ros/scripts) by extensions ['cmake', 'python']
[0.174s] Level 1:colcon.colcon_core.package_identification:_identify(src/realsense-ros/scripts) by extension 'cmake'
[0.174s] Level 1:colcon.colcon_core.package_identification:_identify(src/realsense-ros/scripts) by extension 'python'
[0.174s] Level 1:colcon.colcon_core.package_identification:_identify(src/realsense-ros/scripts) by extensions ['python_setup_py']
[0.174s] Level 1:colcon.colcon_core.package_identification:_identify(src/realsense-ros/scripts) by extension 'python_setup_py'
[0.174s] Level 1:colcon.colcon_core.package_identification:_identify(src/rtabmap) by extensions ['ignore', 'ignore_ament_install']
[0.174s] Level 1:colcon.colcon_core.package_identification:_identify(src/rtabmap) by extension 'ignore'
[0.174s] Level 1:colcon.colcon_core.package_identification:_identify(src/rtabmap) by extension 'ignore_ament_install'
[0.174s] Level 1:colcon.colcon_core.package_identification:_identify(src/rtabmap) by extensions ['colcon_pkg']
[0.174s] Level 1:colcon.colcon_core.package_identification:_identify(src/rtabmap) by extension 'colcon_pkg'
[0.174s] Level 1:colcon.colcon_core.package_identification:_identify(src/rtabmap) by extensions ['colcon_meta']
[0.174s] Level 1:colcon.colcon_core.package_identification:_identify(src/rtabmap) by extension 'colcon_meta'
[0.174s] Level 1:colcon.colcon_core.package_identification:_identify(src/rtabmap) by extensions ['ros']
[0.174s] Level 1:colcon.colcon_core.package_identification:_identify(src/rtabmap) by extension 'ros'
[0.175s] DEBUG:colcon.colcon_core.package_identification:Package 'src/rtabmap' with type 'ros.cmake' and name 'rtabmap'
[0.175s] Level 1:colcon.colcon_core.package_identification:_identify(src/rtabmap_ros) by extensions ['ignore', 'ignore_ament_install']
[0.175s] Level 1:colcon.colcon_core.package_identification:_identify(src/rtabmap_ros) by extension 'ignore'
[0.175s] Level 1:colcon.colcon_core.package_identification:_identify(src/rtabmap_ros) by extension 'ignore_ament_install'
[0.175s] Level 1:colcon.colcon_core.package_identification:_identify(src/rtabmap_ros) by extensions ['colcon_pkg']
[0.175s] Level 1:colcon.colcon_core.package_identification:_identify(src/rtabmap_ros) by extension 'colcon_pkg'
[0.175s] Level 1:colcon.colcon_core.package_identification:_identify(src/rtabmap_ros) by extensions ['colcon_meta']
[0.175s] Level 1:colcon.colcon_core.package_identification:_identify(src/rtabmap_ros) by extension 'colcon_meta'
[0.175s] Level 1:colcon.colcon_core.package_identification:_identify(src/rtabmap_ros) by extensions ['ros']
[0.175s] Level 1:colcon.colcon_core.package_identification:_identify(src/rtabmap_ros) by extension 'ros'
[0.175s] Level 1:colcon.colcon_core.package_identification:_identify(src/rtabmap_ros) by extensions ['cmake', 'python']
[0.175s] Level 1:colcon.colcon_core.package_identification:_identify(src/rtabmap_ros) by extension 'cmake'
[0.175s] Level 1:colcon.colcon_core.package_identification:_identify(src/rtabmap_ros) by extension 'python'
[0.175s] Level 1:colcon.colcon_core.package_identification:_identify(src/rtabmap_ros) by extensions ['python_setup_py']
[0.175s] Level 1:colcon.colcon_core.package_identification:_identify(src/rtabmap_ros) by extension 'python_setup_py'
[0.175s] Level 1:colcon.colcon_core.package_identification:_identify(src/rtabmap_ros/docker) by extensions ['ignore', 'ignore_ament_install']
[0.175s] Level 1:colcon.colcon_core.package_identification:_identify(src/rtabmap_ros/docker) by extension 'ignore'
[0.175s] Level 1:colcon.colcon_core.package_identification:_identify(src/rtabmap_ros/docker) by extension 'ignore_ament_install'
[0.175s] Level 1:colcon.colcon_core.package_identification:_identify(src/rtabmap_ros/docker) by extensions ['colcon_pkg']
[0.175s] Level 1:colcon.colcon_core.package_identification:_identify(src/rtabmap_ros/docker) by extension 'colcon_pkg'
[0.175s] Level 1:colcon.colcon_core.package_identification:_identify(src/rtabmap_ros/docker) by extensions ['colcon_meta']
[0.175s] Level 1:colcon.colcon_core.package_identification:_identify(src/rtabmap_ros/docker) by extension 'colcon_meta'
[0.175s] Level 1:colcon.colcon_core.package_identification:_identify(src/rtabmap_ros/docker) by extensions ['ros']
[0.175s] Level 1:colcon.colcon_core.package_identification:_identify(src/rtabmap_ros/docker) by extension 'ros'
[0.176s] Level 1:colcon.colcon_core.package_identification:_identify(src/rtabmap_ros/docker) by extensions ['cmake', 'python']
[0.176s] Level 1:colcon.colcon_core.package_identification:_identify(src/rtabmap_ros/docker) by extension 'cmake'
[0.176s] Level 1:colcon.colcon_core.package_identification:_identify(src/rtabmap_ros/docker) by extension 'python'
[0.176s] Level 1:colcon.colcon_core.package_identification:_identify(src/rtabmap_ros/docker) by extensions ['python_setup_py']
[0.176s] Level 1:colcon.colcon_core.package_identification:_identify(src/rtabmap_ros/docker) by extension 'python_setup_py'
[0.176s] Level 1:colcon.colcon_core.package_identification:_identify(src/rtabmap_ros/docker/foxy) by extensions ['ignore', 'ignore_ament_install']
[0.176s] Level 1:colcon.colcon_core.package_identification:_identify(src/rtabmap_ros/docker/foxy) by extension 'ignore'
[0.176s] Level 1:colcon.colcon_core.package_identification:_identify(src/rtabmap_ros/docker/foxy) by extension 'ignore_ament_install'
[0.176s] Level 1:colcon.colcon_core.package_identification:_identify(src/rtabmap_ros/docker/foxy) by extensions ['colcon_pkg']
[0.176s] Level 1:colcon.colcon_core.package_identification:_identify(src/rtabmap_ros/docker/foxy) by extension 'colcon_pkg'
[0.176s] Level 1:colcon.colcon_core.package_identification:_identify(src/rtabmap_ros/docker/foxy) by extensions ['colcon_meta']
[0.176s] Level 1:colcon.colcon_core.package_identification:_identify(src/rtabmap_ros/docker/foxy) by extension 'colcon_meta'
[0.176s] Level 1:colcon.colcon_core.package_identification:_identify(src/rtabmap_ros/docker/foxy) by extensions ['ros']
[0.176s] Level 1:colcon.colcon_core.package_identification:_identify(src/rtabmap_ros/docker/foxy) by extension 'ros'
[0.176s] Level 1:colcon.colcon_core.package_identification:_identify(src/rtabmap_ros/docker/foxy) by extensions ['cmake', 'python']
[0.176s] Level 1:colcon.colcon_core.package_identification:_identify(src/rtabmap_ros/docker/foxy) by extension 'cmake'
[0.176s] Level 1:colcon.colcon_core.package_identification:_identify(src/rtabmap_ros/docker/foxy) by extension 'python'
[0.176s] Level 1:colcon.colcon_core.package_identification:_identify(src/rtabmap_ros/docker/foxy) by extensions ['python_setup_py']
[0.176s] Level 1:colcon.colcon_core.package_identification:_identify(src/rtabmap_ros/docker/foxy) by extension 'python_setup_py'
[0.176s] Level 1:colcon.colcon_core.package_identification:_identify(src/rtabmap_ros/docker/foxy/latest) by extensions ['ignore', 'ignore_ament_install']
[0.176s] Level 1:colcon.colcon_core.package_identification:_identify(src/rtabmap_ros/docker/foxy/latest) by extension 'ignore'
[0.176s] Level 1:colcon.colcon_core.package_identification:_identify(src/rtabmap_ros/docker/foxy/latest) by extension 'ignore_ament_install'
[0.176s] Level 1:colcon.colcon_core.package_identification:_identify(src/rtabmap_ros/docker/foxy/latest) by extensions ['colcon_pkg']
[0.176s] Level 1:colcon.colcon_core.package_identification:_identify(src/rtabmap_ros/docker/foxy/latest) by extension 'colcon_pkg'
[0.176s] Level 1:colcon.colcon_core.package_identification:_identify(src/rtabmap_ros/docker/foxy/latest) by extensions ['colcon_meta']
[0.176s] Level 1:colcon.colcon_core.package_identification:_identify(src/rtabmap_ros/docker/foxy/latest) by extension 'colcon_meta'
[0.176s] Level 1:colcon.colcon_core.package_identification:_identify(src/rtabmap_ros/docker/foxy/latest) by extensions ['ros']
[0.176s] Level 1:colcon.colcon_core.package_identification:_identify(src/rtabmap_ros/docker/foxy/latest) by extension 'ros'
[0.176s] Level 1:colcon.colcon_core.package_identification:_identify(src/rtabmap_ros/docker/foxy/latest) by extensions ['cmake', 'python']
[0.176s] Level 1:colcon.colcon_core.package_identification:_identify(src/rtabmap_ros/docker/foxy/latest) by extension 'cmake'
[0.176s] Level 1:colcon.colcon_core.package_identification:_identify(src/rtabmap_ros/docker/foxy/latest) by extension 'python'
[0.176s] Level 1:colcon.colcon_core.package_identification:_identify(src/rtabmap_ros/docker/foxy/latest) by extensions ['python_setup_py']
[0.176s] Level 1:colcon.colcon_core.package_identification:_identify(src/rtabmap_ros/docker/foxy/latest) by extension 'python_setup_py'
[0.176s] Level 1:colcon.colcon_core.package_identification:_identify(src/rtabmap_ros/docker/foxy/latest/hooks) by extensions ['ignore', 'ignore_ament_install']
[0.176s] Level 1:colcon.colcon_core.package_identification:_identify(src/rtabmap_ros/docker/foxy/latest/hooks) by extension 'ignore'
[0.176s] Level 1:colcon.colcon_core.package_identification:_identify(src/rtabmap_ros/docker/foxy/latest/hooks) by extension 'ignore_ament_install'
[0.176s] Level 1:colcon.colcon_core.package_identification:_identify(src/rtabmap_ros/docker/foxy/latest/hooks) by extensions ['colcon_pkg']
[0.177s] Level 1:colcon.colcon_core.package_identification:_identify(src/rtabmap_ros/docker/foxy/latest/hooks) by extension 'colcon_pkg'
[0.177s] Level 1:colcon.colcon_core.package_identification:_identify(src/rtabmap_ros/docker/foxy/latest/hooks) by extensions ['colcon_meta']
[0.177s] Level 1:colcon.colcon_core.package_identification:_identify(src/rtabmap_ros/docker/foxy/latest/hooks) by extension 'colcon_meta'
[0.177s] Level 1:colcon.colcon_core.package_identification:_identify(src/rtabmap_ros/docker/foxy/latest/hooks) by extensions ['ros']
[0.177s] Level 1:colcon.colcon_core.package_identification:_identify(src/rtabmap_ros/docker/foxy/latest/hooks) by extension 'ros'
[0.177s] Level 1:colcon.colcon_core.package_identification:_identify(src/rtabmap_ros/docker/foxy/latest/hooks) by extensions ['cmake', 'python']
[0.177s] Level 1:colcon.colcon_core.package_identification:_identify(src/rtabmap_ros/docker/foxy/latest/hooks) by extension 'cmake'
[0.177s] Level 1:colcon.colcon_core.package_identification:_identify(src/rtabmap_ros/docker/foxy/latest/hooks) by extension 'python'
[0.177s] Level 1:colcon.colcon_core.package_identification:_identify(src/rtabmap_ros/docker/foxy/latest/hooks) by extensions ['python_setup_py']
[0.177s] Level 1:colcon.colcon_core.package_identification:_identify(src/rtabmap_ros/docker/foxy/latest/hooks) by extension 'python_setup_py'
[0.177s] Level 1:colcon.colcon_core.package_identification:_identify(src/rtabmap_ros/docker/humble) by extensions ['ignore', 'ignore_ament_install']
[0.177s] Level 1:colcon.colcon_core.package_identification:_identify(src/rtabmap_ros/docker/humble) by extension 'ignore'
[0.177s] Level 1:colcon.colcon_core.package_identification:_identify(src/rtabmap_ros/docker/humble) by extension 'ignore_ament_install'
[0.177s] Level 1:colcon.colcon_core.package_identification:_identify(src/rtabmap_ros/docker/humble) by extensions ['colcon_pkg']
[0.177s] Level 1:colcon.colcon_core.package_identification:_identify(src/rtabmap_ros/docker/humble) by extension 'colcon_pkg'
[0.177s] Level 1:colcon.colcon_core.package_identification:_identify(src/rtabmap_ros/docker/humble) by extensions ['colcon_meta']
[0.177s] Level 1:colcon.colcon_core.package_identification:_identify(src/rtabmap_ros/docker/humble) by extension 'colcon_meta'
[0.177s] Level 1:colcon.colcon_core.package_identification:_identify(src/rtabmap_ros/docker/humble) by extensions ['ros']
[0.177s] Level 1:colcon.colcon_core.package_identification:_identify(src/rtabmap_ros/docker/humble) by extension 'ros'
[0.177s] Level 1:colcon.colcon_core.package_identification:_identify(src/rtabmap_ros/docker/humble) by extensions ['cmake', 'python']
[0.177s] Level 1:colcon.colcon_core.package_identification:_identify(src/rtabmap_ros/docker/humble) by extension 'cmake'
[0.177s] Level 1:colcon.colcon_core.package_identification:_identify(src/rtabmap_ros/docker/humble) by extension 'python'
[0.177s] Level 1:colcon.colcon_core.package_identification:_identify(src/rtabmap_ros/docker/humble) by extensions ['python_setup_py']
[0.177s] Level 1:colcon.colcon_core.package_identification:_identify(src/rtabmap_ros/docker/humble) by extension 'python_setup_py'
[0.177s] Level 1:colcon.colcon_core.package_identification:_identify(src/rtabmap_ros/docker/humble/latest) by extensions ['ignore', 'ignore_ament_install']
[0.177s] Level 1:colcon.colcon_core.package_identification:_identify(src/rtabmap_ros/docker/humble/latest) by extension 'ignore'
[0.177s] Level 1:colcon.colcon_core.package_identification:_identify(src/rtabmap_ros/docker/humble/latest) by extension 'ignore_ament_install'
[0.177s] Level 1:colcon.colcon_core.package_identification:_identify(src/rtabmap_ros/docker/humble/latest) by extensions ['colcon_pkg']
[0.177s] Level 1:colcon.colcon_core.package_identification:_identify(src/rtabmap_ros/docker/humble/latest) by extension 'colcon_pkg'
[0.177s] Level 1:colcon.colcon_core.package_identification:_identify(src/rtabmap_ros/docker/humble/latest) by extensions ['colcon_meta']
[0.177s] Level 1:colcon.colcon_core.package_identification:_identify(src/rtabmap_ros/docker/humble/latest) by extension 'colcon_meta'
[0.177s] Level 1:colcon.colcon_core.package_identification:_identify(src/rtabmap_ros/docker/humble/latest) by extensions ['ros']
[0.177s] Level 1:colcon.colcon_core.package_identification:_identify(src/rtabmap_ros/docker/humble/latest) by extension 'ros'
[0.177s] Level 1:colcon.colcon_core.package_identification:_identify(src/rtabmap_ros/docker/humble/latest) by extensions ['cmake', 'python']
[0.177s] Level 1:colcon.colcon_core.package_identification:_identify(src/rtabmap_ros/docker/humble/latest) by extension 'cmake'
[0.177s] Level 1:colcon.colcon_core.package_identification:_identify(src/rtabmap_ros/docker/humble/latest) by extension 'python'
[0.177s] Level 1:colcon.colcon_core.package_identification:_identify(src/rtabmap_ros/docker/humble/latest) by extensions ['python_setup_py']
[0.177s] Level 1:colcon.colcon_core.package_identification:_identify(src/rtabmap_ros/docker/humble/latest) by extension 'python_setup_py'
[0.177s] Level 1:colcon.colcon_core.package_identification:_identify(src/rtabmap_ros/docker/indigo) by extensions ['ignore', 'ignore_ament_install']
[0.178s] Level 1:colcon.colcon_core.package_identification:_identify(src/rtabmap_ros/docker/indigo) by extension 'ignore'
[0.178s] Level 1:colcon.colcon_core.package_identification:_identify(src/rtabmap_ros/docker/indigo) by extension 'ignore_ament_install'
[0.178s] Level 1:colcon.colcon_core.package_identification:_identify(src/rtabmap_ros/docker/indigo) by extensions ['colcon_pkg']
[0.178s] Level 1:colcon.colcon_core.package_identification:_identify(src/rtabmap_ros/docker/indigo) by extension 'colcon_pkg'
[0.178s] Level 1:colcon.colcon_core.package_identification:_identify(src/rtabmap_ros/docker/indigo) by extensions ['colcon_meta']
[0.178s] Level 1:colcon.colcon_core.package_identification:_identify(src/rtabmap_ros/docker/indigo) by extension 'colcon_meta'
[0.178s] Level 1:colcon.colcon_core.package_identification:_identify(src/rtabmap_ros/docker/indigo) by extensions ['ros']
[0.178s] Level 1:colcon.colcon_core.package_identification:_identify(src/rtabmap_ros/docker/indigo) by extension 'ros'
[0.178s] Level 1:colcon.colcon_core.package_identification:_identify(src/rtabmap_ros/docker/indigo) by extensions ['cmake', 'python']
[0.178s] Level 1:colcon.colcon_core.package_identification:_identify(src/rtabmap_ros/docker/indigo) by extension 'cmake'
[0.178s] Level 1:colcon.colcon_core.package_identification:_identify(src/rtabmap_ros/docker/indigo) by extension 'python'
[0.178s] Level 1:colcon.colcon_core.package_identification:_identify(src/rtabmap_ros/docker/indigo) by extensions ['python_setup_py']
[0.178s] Level 1:colcon.colcon_core.package_identification:_identify(src/rtabmap_ros/docker/indigo) by extension 'python_setup_py'
[0.178s] Level 1:colcon.colcon_core.package_identification:_identify(src/rtabmap_ros/docker/indigo/latest) by extensions ['ignore', 'ignore_ament_install']
[0.178s] Level 1:colcon.colcon_core.package_identification:_identify(src/rtabmap_ros/docker/indigo/latest) by extension 'ignore'
[0.178s] Level 1:colcon.colcon_core.package_identification:_identify(src/rtabmap_ros/docker/indigo/latest) by extension 'ignore_ament_install'
[0.178s] Level 1:colcon.colcon_core.package_identification:_identify(src/rtabmap_ros/docker/indigo/latest) by extensions ['colcon_pkg']
[0.178s] Level 1:colcon.colcon_core.package_identification:_identify(src/rtabmap_ros/docker/indigo/latest) by extension 'colcon_pkg'
[0.178s] Level 1:colcon.colcon_core.package_identification:_identify(src/rtabmap_ros/docker/indigo/latest) by extensions ['colcon_meta']
[0.178s] Level 1:colcon.colcon_core.package_identification:_identify(src/rtabmap_ros/docker/indigo/latest) by extension 'colcon_meta'
[0.178s] Level 1:colcon.colcon_core.package_identification:_identify(src/rtabmap_ros/docker/indigo/latest) by extensions ['ros']
[0.178s] Level 1:colcon.colcon_core.package_identification:_identify(src/rtabmap_ros/docker/indigo/latest) by extension 'ros'
[0.178s] Level 1:colcon.colcon_core.package_identification:_identify(src/rtabmap_ros/docker/indigo/latest) by extensions ['cmake', 'python']
[0.178s] Level 1:colcon.colcon_core.package_identification:_identify(src/rtabmap_ros/docker/indigo/latest) by extension 'cmake'
[0.178s] Level 1:colcon.colcon_core.package_identification:_identify(src/rtabmap_ros/docker/indigo/latest) by extension 'python'
[0.178s] Level 1:colcon.colcon_core.package_identification:_identify(src/rtabmap_ros/docker/indigo/latest) by extensions ['python_setup_py']
[0.178s] Level 1:colcon.colcon_core.package_identification:_identify(src/rtabmap_ros/docker/indigo/latest) by extension 'python_setup_py'
[0.178s] Level 1:colcon.colcon_core.package_identification:_identify(src/rtabmap_ros/docker/indigo/latest/hooks) by extensions ['ignore', 'ignore_ament_install']
[0.178s] Level 1:colcon.colcon_core.package_identification:_identify(src/rtabmap_ros/docker/indigo/latest/hooks) by extension 'ignore'
[0.178s] Level 1:colcon.colcon_core.package_identification:_identify(src/rtabmap_ros/docker/indigo/latest/hooks) by extension 'ignore_ament_install'
[0.178s] Level 1:colcon.colcon_core.package_identification:_identify(src/rtabmap_ros/docker/indigo/latest/hooks) by extensions ['colcon_pkg']
[0.178s] Level 1:colcon.colcon_core.package_identification:_identify(src/rtabmap_ros/docker/indigo/latest/hooks) by extension 'colcon_pkg'
[0.178s] Level 1:colcon.colcon_core.package_identification:_identify(src/rtabmap_ros/docker/indigo/latest/hooks) by extensions ['colcon_meta']
[0.178s] Level 1:colcon.colcon_core.package_identification:_identify(src/rtabmap_ros/docker/indigo/latest/hooks) by extension 'colcon_meta'
[0.178s] Level 1:colcon.colcon_core.package_identification:_identify(src/rtabmap_ros/docker/indigo/latest/hooks) by extensions ['ros']
[0.178s] Level 1:colcon.colcon_core.package_identification:_identify(src/rtabmap_ros/docker/indigo/latest/hooks) by extension 'ros'
[0.178s] Level 1:colcon.colcon_core.package_identification:_identify(src/rtabmap_ros/docker/indigo/latest/hooks) by extensions ['cmake', 'python']
[0.178s] Level 1:colcon.colcon_core.package_identification:_identify(src/rtabmap_ros/docker/indigo/latest/hooks) by extension 'cmake'
[0.178s] Level 1:colcon.colcon_core.package_identification:_identify(src/rtabmap_ros/docker/indigo/latest/hooks) by extension 'python'
[0.178s] Level 1:colcon.colcon_core.package_identification:_identify(src/rtabmap_ros/docker/indigo/latest/hooks) by extensions ['python_setup_py']
[0.178s] Level 1:colcon.colcon_core.package_identification:_identify(src/rtabmap_ros/docker/indigo/latest/hooks) by extension 'python_setup_py'
[0.179s] Level 1:colcon.colcon_core.package_identification:_identify(src/rtabmap_ros/docker/iron) by extensions ['ignore', 'ignore_ament_install']
[0.179s] Level 1:colcon.colcon_core.package_identification:_identify(src/rtabmap_ros/docker/iron) by extension 'ignore'
[0.179s] Level 1:colcon.colcon_core.package_identification:_identify(src/rtabmap_ros/docker/iron) by extension 'ignore_ament_install'
[0.179s] Level 1:colcon.colcon_core.package_identification:_identify(src/rtabmap_ros/docker/iron) by extensions ['colcon_pkg']
[0.179s] Level 1:colcon.colcon_core.package_identification:_identify(src/rtabmap_ros/docker/iron) by extension 'colcon_pkg'
[0.179s] Level 1:colcon.colcon_core.package_identification:_identify(src/rtabmap_ros/docker/iron) by extensions ['colcon_meta']
[0.179s] Level 1:colcon.colcon_core.package_identification:_identify(src/rtabmap_ros/docker/iron) by extension 'colcon_meta'
[0.179s] Level 1:colcon.colcon_core.package_identification:_identify(src/rtabmap_ros/docker/iron) by extensions ['ros']
[0.179s] Level 1:colcon.colcon_core.package_identification:_identify(src/rtabmap_ros/docker/iron) by extension 'ros'
[0.179s] Level 1:colcon.colcon_core.package_identification:_identify(src/rtabmap_ros/docker/iron) by extensions ['cmake', 'python']
[0.179s] Level 1:colcon.colcon_core.package_identification:_identify(src/rtabmap_ros/docker/iron) by extension 'cmake'
[0.179s] Level 1:colcon.colcon_core.package_identification:_identify(src/rtabmap_ros/docker/iron) by extension 'python'
[0.179s] Level 1:colcon.colcon_core.package_identification:_identify(src/rtabmap_ros/docker/iron) by extensions ['python_setup_py']
[0.179s] Level 1:colcon.colcon_core.package_identification:_identify(src/rtabmap_ros/docker/iron) by extension 'python_setup_py'
[0.179s] Level 1:colcon.colcon_core.package_identification:_identify(src/rtabmap_ros/docker/iron/latest) by extensions ['ignore', 'ignore_ament_install']
[0.179s] Level 1:colcon.colcon_core.package_identification:_identify(src/rtabmap_ros/docker/iron/latest) by extension 'ignore'
[0.179s] Level 1:colcon.colcon_core.package_identification:_identify(src/rtabmap_ros/docker/iron/latest) by extension 'ignore_ament_install'
[0.179s] Level 1:colcon.colcon_core.package_identification:_identify(src/rtabmap_ros/docker/iron/latest) by extensions ['colcon_pkg']
[0.179s] Level 1:colcon.colcon_core.package_identification:_identify(src/rtabmap_ros/docker/iron/latest) by extension 'colcon_pkg'
[0.179s] Level 1:colcon.colcon_core.package_identification:_identify(src/rtabmap_ros/docker/iron/latest) by extensions ['colcon_meta']
[0.179s] Level 1:colcon.colcon_core.package_identification:_identify(src/rtabmap_ros/docker/iron/latest) by extension 'colcon_meta'
[0.179s] Level 1:colcon.colcon_core.package_identification:_identify(src/rtabmap_ros/docker/iron/latest) by extensions ['ros']
[0.179s] Level 1:colcon.colcon_core.package_identification:_identify(src/rtabmap_ros/docker/iron/latest) by extension 'ros'
[0.179s] Level 1:colcon.colcon_core.package_identification:_identify(src/rtabmap_ros/docker/iron/latest) by extensions ['cmake', 'python']
[0.179s] Level 1:colcon.colcon_core.package_identification:_identify(src/rtabmap_ros/docker/iron/latest) by extension 'cmake'
[0.179s] Level 1:colcon.colcon_core.package_identification:_identify(src/rtabmap_ros/docker/iron/latest) by extension 'python'
[0.179s] Level 1:colcon.colcon_core.package_identification:_identify(src/rtabmap_ros/docker/iron/latest) by extensions ['python_setup_py']
[0.179s] Level 1:colcon.colcon_core.package_identification:_identify(src/rtabmap_ros/docker/iron/latest) by extension 'python_setup_py'
[0.179s] Level 1:colcon.colcon_core.package_identification:_identify(src/rtabmap_ros/docker/jazzy) by extensions ['ignore', 'ignore_ament_install']
[0.179s] Level 1:colcon.colcon_core.package_identification:_identify(src/rtabmap_ros/docker/jazzy) by extension 'ignore'
[0.179s] Level 1:colcon.colcon_core.package_identification:_identify(src/rtabmap_ros/docker/jazzy) by extension 'ignore_ament_install'
[0.179s] Level 1:colcon.colcon_core.package_identification:_identify(src/rtabmap_ros/docker/jazzy) by extensions ['colcon_pkg']
[0.179s] Level 1:colcon.colcon_core.package_identification:_identify(src/rtabmap_ros/docker/jazzy) by extension 'colcon_pkg'
[0.179s] Level 1:colcon.colcon_core.package_identification:_identify(src/rtabmap_ros/docker/jazzy) by extensions ['colcon_meta']
[0.179s] Level 1:colcon.colcon_core.package_identification:_identify(src/rtabmap_ros/docker/jazzy) by extension 'colcon_meta'
[0.179s] Level 1:colcon.colcon_core.package_identification:_identify(src/rtabmap_ros/docker/jazzy) by extensions ['ros']
[0.179s] Level 1:colcon.colcon_core.package_identification:_identify(src/rtabmap_ros/docker/jazzy) by extension 'ros'
[0.179s] Level 1:colcon.colcon_core.package_identification:_identify(src/rtabmap_ros/docker/jazzy) by extensions ['cmake', 'python']
[0.179s] Level 1:colcon.colcon_core.package_identification:_identify(src/rtabmap_ros/docker/jazzy) by extension 'cmake'
[0.180s] Level 1:colcon.colcon_core.package_identification:_identify(src/rtabmap_ros/docker/jazzy) by extension 'python'
[0.180s] Level 1:colcon.colcon_core.package_identification:_identify(src/rtabmap_ros/docker/jazzy) by extensions ['python_setup_py']
[0.180s] Level 1:colcon.colcon_core.package_identification:_identify(src/rtabmap_ros/docker/jazzy) by extension 'python_setup_py'
[0.180s] Level 1:colcon.colcon_core.package_identification:_identify(src/rtabmap_ros/docker/jazzy/latest) by extensions ['ignore', 'ignore_ament_install']
[0.180s] Level 1:colcon.colcon_core.package_identification:_identify(src/rtabmap_ros/docker/jazzy/latest) by extension 'ignore'
[0.180s] Level 1:colcon.colcon_core.package_identification:_identify(src/rtabmap_ros/docker/jazzy/latest) by extension 'ignore_ament_install'
[0.180s] Level 1:colcon.colcon_core.package_identification:_identify(src/rtabmap_ros/docker/jazzy/latest) by extensions ['colcon_pkg']
[0.180s] Level 1:colcon.colcon_core.package_identification:_identify(src/rtabmap_ros/docker/jazzy/latest) by extension 'colcon_pkg'
[0.180s] Level 1:colcon.colcon_core.package_identification:_identify(src/rtabmap_ros/docker/jazzy/latest) by extensions ['colcon_meta']
[0.180s] Level 1:colcon.colcon_core.package_identification:_identify(src/rtabmap_ros/docker/jazzy/latest) by extension 'colcon_meta'
[0.180s] Level 1:colcon.colcon_core.package_identification:_identify(src/rtabmap_ros/docker/jazzy/latest) by extensions ['ros']
[0.180s] Level 1:colcon.colcon_core.package_identification:_identify(src/rtabmap_ros/docker/jazzy/latest) by extension 'ros'
[0.180s] Level 1:colcon.colcon_core.package_identification:_identify(src/rtabmap_ros/docker/jazzy/latest) by extensions ['cmake', 'python']
[0.180s] Level 1:colcon.colcon_core.package_identification:_identify(src/rtabmap_ros/docker/jazzy/latest) by extension 'cmake'
[0.180s] Level 1:colcon.colcon_core.package_identification:_identify(src/rtabmap_ros/docker/jazzy/latest) by extension 'python'
[0.180s] Level 1:colcon.colcon_core.package_identification:_identify(src/rtabmap_ros/docker/jazzy/latest) by extensions ['python_setup_py']
[0.180s] Level 1:colcon.colcon_core.package_identification:_identify(src/rtabmap_ros/docker/jazzy/latest) by extension 'python_setup_py'
[0.180s] Level 1:colcon.colcon_core.package_identification:_identify(src/rtabmap_ros/docker/kilted) by extensions ['ignore', 'ignore_ament_install']
[0.180s] Level 1:colcon.colcon_core.package_identification:_identify(src/rtabmap_ros/docker/kilted) by extension 'ignore'
[0.180s] Level 1:colcon.colcon_core.package_identification:_identify(src/rtabmap_ros/docker/kilted) by extension 'ignore_ament_install'
[0.180s] Level 1:colcon.colcon_core.package_identification:_identify(src/rtabmap_ros/docker/kilted) by extensions ['colcon_pkg']
[0.180s] Level 1:colcon.colcon_core.package_identification:_identify(src/rtabmap_ros/docker/kilted) by extension 'colcon_pkg'
[0.180s] Level 1:colcon.colcon_core.package_identification:_identify(src/rtabmap_ros/docker/kilted) by extensions ['colcon_meta']
[0.180s] Level 1:colcon.colcon_core.package_identification:_identify(src/rtabmap_ros/docker/kilted) by extension 'colcon_meta'
[0.180s] Level 1:colcon.colcon_core.package_identification:_identify(src/rtabmap_ros/docker/kilted) by extensions ['ros']
[0.180s] Level 1:colcon.colcon_core.package_identification:_identify(src/rtabmap_ros/docker/kilted) by extension 'ros'
[0.180s] Level 1:colcon.colcon_core.package_identification:_identify(src/rtabmap_ros/docker/kilted) by extensions ['cmake', 'python']
[0.180s] Level 1:colcon.colcon_core.package_identification:_identify(src/rtabmap_ros/docker/kilted) by extension 'cmake'
[0.180s] Level 1:colcon.colcon_core.package_identification:_identify(src/rtabmap_ros/docker/kilted) by extension 'python'
[0.180s] Level 1:colcon.colcon_core.package_identification:_identify(src/rtabmap_ros/docker/kilted) by extensions ['python_setup_py']
[0.180s] Level 1:colcon.colcon_core.package_identification:_identify(src/rtabmap_ros/docker/kilted) by extension 'python_setup_py'
[0.180s] Level 1:colcon.colcon_core.package_identification:_identify(src/rtabmap_ros/docker/kilted/latest) by extensions ['ignore', 'ignore_ament_install']
[0.180s] Level 1:colcon.colcon_core.package_identification:_identify(src/rtabmap_ros/docker/kilted/latest) by extension 'ignore'
[0.180s] Level 1:colcon.colcon_core.package_identification:_identify(src/rtabmap_ros/docker/kilted/latest) by extension 'ignore_ament_install'
[0.180s] Level 1:colcon.colcon_core.package_identification:_identify(src/rtabmap_ros/docker/kilted/latest) by extensions ['colcon_pkg']
[0.180s] Level 1:colcon.colcon_core.package_identification:_identify(src/rtabmap_ros/docker/kilted/latest) by extension 'colcon_pkg'
[0.180s] Level 1:colcon.colcon_core.package_identification:_identify(src/rtabmap_ros/docker/kilted/latest) by extensions ['colcon_meta']
[0.180s] Level 1:colcon.colcon_core.package_identification:_identify(src/rtabmap_ros/docker/kilted/latest) by extension 'colcon_meta'
[0.180s] Level 1:colcon.colcon_core.package_identification:_identify(src/rtabmap_ros/docker/kilted/latest) by extensions ['ros']
[0.180s] Level 1:colcon.colcon_core.package_identification:_identify(src/rtabmap_ros/docker/kilted/latest) by extension 'ros'
[0.181s] Level 1:colcon.colcon_core.package_identification:_identify(src/rtabmap_ros/docker/kilted/latest) by extensions ['cmake', 'python']
[0.181s] Level 1:colcon.colcon_core.package_identification:_identify(src/rtabmap_ros/docker/kilted/latest) by extension 'cmake'
[0.181s] Level 1:colcon.colcon_core.package_identification:_identify(src/rtabmap_ros/docker/kilted/latest) by extension 'python'
[0.181s] Level 1:colcon.colcon_core.package_identification:_identify(src/rtabmap_ros/docker/kilted/latest) by extensions ['python_setup_py']
[0.181s] Level 1:colcon.colcon_core.package_identification:_identify(src/rtabmap_ros/docker/kilted/latest) by extension 'python_setup_py'
[0.181s] Level 1:colcon.colcon_core.package_identification:_identify(src/rtabmap_ros/docker/kinetic) by extensions ['ignore', 'ignore_ament_install']
[0.181s] Level 1:colcon.colcon_core.package_identification:_identify(src/rtabmap_ros/docker/kinetic) by extension 'ignore'
[0.181s] Level 1:colcon.colcon_core.package_identification:_identify(src/rtabmap_ros/docker/kinetic) by extension 'ignore_ament_install'
[0.181s] Level 1:colcon.colcon_core.package_identification:_identify(src/rtabmap_ros/docker/kinetic) by extensions ['colcon_pkg']
[0.181s] Level 1:colcon.colcon_core.package_identification:_identify(src/rtabmap_ros/docker/kinetic) by extension 'colcon_pkg'
[0.181s] Level 1:colcon.colcon_core.package_identification:_identify(src/rtabmap_ros/docker/kinetic) by extensions ['colcon_meta']
[0.181s] Level 1:colcon.colcon_core.package_identification:_identify(src/rtabmap_ros/docker/kinetic) by extension 'colcon_meta'
[0.181s] Level 1:colcon.colcon_core.package_identification:_identify(src/rtabmap_ros/docker/kinetic) by extensions ['ros']
[0.181s] Level 1:colcon.colcon_core.package_identification:_identify(src/rtabmap_ros/docker/kinetic) by extension 'ros'
[0.181s] Level 1:colcon.colcon_core.package_identification:_identify(src/rtabmap_ros/docker/kinetic) by extensions ['cmake', 'python']
[0.181s] Level 1:colcon.colcon_core.package_identification:_identify(src/rtabmap_ros/docker/kinetic) by extension 'cmake'
[0.181s] Level 1:colcon.colcon_core.package_identification:_identify(src/rtabmap_ros/docker/kinetic) by extension 'python'
[0.181s] Level 1:colcon.colcon_core.package_identification:_identify(src/rtabmap_ros/docker/kinetic) by extensions ['python_setup_py']
[0.181s] Level 1:colcon.colcon_core.package_identification:_identify(src/rtabmap_ros/docker/kinetic) by extension 'python_setup_py'
[0.181s] Level 1:colcon.colcon_core.package_identification:_identify(src/rtabmap_ros/docker/kinetic/latest) by extensions ['ignore', 'ignore_ament_install']
[0.181s] Level 1:colcon.colcon_core.package_identification:_identify(src/rtabmap_ros/docker/kinetic/latest) by extension 'ignore'
[0.181s] Level 1:colcon.colcon_core.package_identification:_identify(src/rtabmap_ros/docker/kinetic/latest) by extension 'ignore_ament_install'
[0.181s] Level 1:colcon.colcon_core.package_identification:_identify(src/rtabmap_ros/docker/kinetic/latest) by extensions ['colcon_pkg']
[0.181s] Level 1:colcon.colcon_core.package_identification:_identify(src/rtabmap_ros/docker/kinetic/latest) by extension 'colcon_pkg'
[0.181s] Level 1:colcon.colcon_core.package_identification:_identify(src/rtabmap_ros/docker/kinetic/latest) by extensions ['colcon_meta']
[0.181s] Level 1:colcon.colcon_core.package_identification:_identify(src/rtabmap_ros/docker/kinetic/latest) by extension 'colcon_meta'
[0.181s] Level 1:colcon.colcon_core.package_identification:_identify(src/rtabmap_ros/docker/kinetic/latest) by extensions ['ros']
[0.181s] Level 1:colcon.colcon_core.package_identification:_identify(src/rtabmap_ros/docker/kinetic/latest) by extension 'ros'
[0.181s] Level 1:colcon.colcon_core.package_identification:_identify(src/rtabmap_ros/docker/kinetic/latest) by extensions ['cmake', 'python']
[0.181s] Level 1:colcon.colcon_core.package_identification:_identify(src/rtabmap_ros/docker/kinetic/latest) by extension 'cmake'
[0.181s] Level 1:colcon.colcon_core.package_identification:_identify(src/rtabmap_ros/docker/kinetic/latest) by extension 'python'
[0.181s] Level 1:colcon.colcon_core.package_identification:_identify(src/rtabmap_ros/docker/kinetic/latest) by extensions ['python_setup_py']
[0.181s] Level 1:colcon.colcon_core.package_identification:_identify(src/rtabmap_ros/docker/kinetic/latest) by extension 'python_setup_py'
[0.181s] Level 1:colcon.colcon_core.package_identification:_identify(src/rtabmap_ros/docker/kinetic/latest/hooks) by extensions ['ignore', 'ignore_ament_install']
[0.181s] Level 1:colcon.colcon_core.package_identification:_identify(src/rtabmap_ros/docker/kinetic/latest/hooks) by extension 'ignore'
[0.181s] Level 1:colcon.colcon_core.package_identification:_identify(src/rtabmap_ros/docker/kinetic/latest/hooks) by extension 'ignore_ament_install'
[0.181s] Level 1:colcon.colcon_core.package_identification:_identify(src/rtabmap_ros/docker/kinetic/latest/hooks) by extensions ['colcon_pkg']
[0.181s] Level 1:colcon.colcon_core.package_identification:_identify(src/rtabmap_ros/docker/kinetic/latest/hooks) by extension 'colcon_pkg'
[0.182s] Level 1:colcon.colcon_core.package_identification:_identify(src/rtabmap_ros/docker/kinetic/latest/hooks) by extensions ['colcon_meta']
[0.182s] Level 1:colcon.colcon_core.package_identification:_identify(src/rtabmap_ros/docker/kinetic/latest/hooks) by extension 'colcon_meta'
[0.182s] Level 1:colcon.colcon_core.package_identification:_identify(src/rtabmap_ros/docker/kinetic/latest/hooks) by extensions ['ros']
[0.182s] Level 1:colcon.colcon_core.package_identification:_identify(src/rtabmap_ros/docker/kinetic/latest/hooks) by extension 'ros'
[0.182s] Level 1:colcon.colcon_core.package_identification:_identify(src/rtabmap_ros/docker/kinetic/latest/hooks) by extensions ['cmake', 'python']
[0.182s] Level 1:colcon.colcon_core.package_identification:_identify(src/rtabmap_ros/docker/kinetic/latest/hooks) by extension 'cmake'
[0.182s] Level 1:colcon.colcon_core.package_identification:_identify(src/rtabmap_ros/docker/kinetic/latest/hooks) by extension 'python'
[0.182s] Level 1:colcon.colcon_core.package_identification:_identify(src/rtabmap_ros/docker/kinetic/latest/hooks) by extensions ['python_setup_py']
[0.182s] Level 1:colcon.colcon_core.package_identification:_identify(src/rtabmap_ros/docker/kinetic/latest/hooks) by extension 'python_setup_py'
[0.182s] Level 1:colcon.colcon_core.package_identification:_identify(src/rtabmap_ros/docker/melodic) by extensions ['ignore', 'ignore_ament_install']
[0.182s] Level 1:colcon.colcon_core.package_identification:_identify(src/rtabmap_ros/docker/melodic) by extension 'ignore'
[0.182s] Level 1:colcon.colcon_core.package_identification:_identify(src/rtabmap_ros/docker/melodic) by extension 'ignore_ament_install'
[0.182s] Level 1:colcon.colcon_core.package_identification:_identify(src/rtabmap_ros/docker/melodic) by extensions ['colcon_pkg']
[0.182s] Level 1:colcon.colcon_core.package_identification:_identify(src/rtabmap_ros/docker/melodic) by extension 'colcon_pkg'
[0.182s] Level 1:colcon.colcon_core.package_identification:_identify(src/rtabmap_ros/docker/melodic) by extensions ['colcon_meta']
[0.182s] Level 1:colcon.colcon_core.package_identification:_identify(src/rtabmap_ros/docker/melodic) by extension 'colcon_meta'
[0.182s] Level 1:colcon.colcon_core.package_identification:_identify(src/rtabmap_ros/docker/melodic) by extensions ['ros']
[0.182s] Level 1:colcon.colcon_core.package_identification:_identify(src/rtabmap_ros/docker/melodic) by extension 'ros'
[0.182s] Level 1:colcon.colcon_core.package_identification:_identify(src/rtabmap_ros/docker/melodic) by extensions ['cmake', 'python']
[0.182s] Level 1:colcon.colcon_core.package_identification:_identify(src/rtabmap_ros/docker/melodic) by extension 'cmake'
[0.182s] Level 1:colcon.colcon_core.package_identification:_identify(src/rtabmap_ros/docker/melodic) by extension 'python'
[0.182s] Level 1:colcon.colcon_core.package_identification:_identify(src/rtabmap_ros/docker/melodic) by extensions ['python_setup_py']
[0.182s] Level 1:colcon.colcon_core.package_identification:_identify(src/rtabmap_ros/docker/melodic) by extension 'python_setup_py'
[0.182s] Level 1:colcon.colcon_core.package_identification:_identify(src/rtabmap_ros/docker/melodic/latest) by extensions ['ignore', 'ignore_ament_install']
[0.182s] Level 1:colcon.colcon_core.package_identification:_identify(src/rtabmap_ros/docker/melodic/latest) by extension 'ignore'
[0.182s] Level 1:colcon.colcon_core.package_identification:_identify(src/rtabmap_ros/docker/melodic/latest) by extension 'ignore_ament_install'
[0.182s] Level 1:colcon.colcon_core.package_identification:_identify(src/rtabmap_ros/docker/melodic/latest) by extensions ['colcon_pkg']
[0.182s] Level 1:colcon.colcon_core.package_identification:_identify(src/rtabmap_ros/docker/melodic/latest) by extension 'colcon_pkg'
[0.182s] Level 1:colcon.colcon_core.package_identification:_identify(src/rtabmap_ros/docker/melodic/latest) by extensions ['colcon_meta']
[0.182s] Level 1:colcon.colcon_core.package_identification:_identify(src/rtabmap_ros/docker/melodic/latest) by extension 'colcon_meta'
[0.182s] Level 1:colcon.colcon_core.package_identification:_identify(src/rtabmap_ros/docker/melodic/latest) by extensions ['ros']
[0.182s] Level 1:colcon.colcon_core.package_identification:_identify(src/rtabmap_ros/docker/melodic/latest) by extension 'ros'
[0.182s] Level 1:colcon.colcon_core.package_identification:_identify(src/rtabmap_ros/docker/melodic/latest) by extensions ['cmake', 'python']
[0.182s] Level 1:colcon.colcon_core.package_identification:_identify(src/rtabmap_ros/docker/melodic/latest) by extension 'cmake'
[0.182s] Level 1:colcon.colcon_core.package_identification:_identify(src/rtabmap_ros/docker/melodic/latest) by extension 'python'
[0.182s] Level 1:colcon.colcon_core.package_identification:_identify(src/rtabmap_ros/docker/melodic/latest) by extensions ['python_setup_py']
[0.182s] Level 1:colcon.colcon_core.package_identification:_identify(src/rtabmap_ros/docker/melodic/latest) by extension 'python_setup_py'
[0.182s] Level 1:colcon.colcon_core.package_identification:_identify(src/rtabmap_ros/docker/melodic/latest/hooks) by extensions ['ignore', 'ignore_ament_install']
[0.182s] Level 1:colcon.colcon_core.package_identification:_identify(src/rtabmap_ros/docker/melodic/latest/hooks) by extension 'ignore'
[0.183s] Level 1:colcon.colcon_core.package_identification:_identify(src/rtabmap_ros/docker/melodic/latest/hooks) by extension 'ignore_ament_install'
[0.183s] Level 1:colcon.colcon_core.package_identification:_identify(src/rtabmap_ros/docker/melodic/latest/hooks) by extensions ['colcon_pkg']
[0.183s] Level 1:colcon.colcon_core.package_identification:_identify(src/rtabmap_ros/docker/melodic/latest/hooks) by extension 'colcon_pkg'
[0.183s] Level 1:colcon.colcon_core.package_identification:_identify(src/rtabmap_ros/docker/melodic/latest/hooks) by extensions ['colcon_meta']
[0.183s] Level 1:colcon.colcon_core.package_identification:_identify(src/rtabmap_ros/docker/melodic/latest/hooks) by extension 'colcon_meta'
[0.183s] Level 1:colcon.colcon_core.package_identification:_identify(src/rtabmap_ros/docker/melodic/latest/hooks) by extensions ['ros']
[0.183s] Level 1:colcon.colcon_core.package_identification:_identify(src/rtabmap_ros/docker/melodic/latest/hooks) by extension 'ros'
[0.183s] Level 1:colcon.colcon_core.package_identification:_identify(src/rtabmap_ros/docker/melodic/latest/hooks) by extensions ['cmake', 'python']
[0.183s] Level 1:colcon.colcon_core.package_identification:_identify(src/rtabmap_ros/docker/melodic/latest/hooks) by extension 'cmake'
[0.183s] Level 1:colcon.colcon_core.package_identification:_identify(src/rtabmap_ros/docker/melodic/latest/hooks) by extension 'python'
[0.183s] Level 1:colcon.colcon_core.package_identification:_identify(src/rtabmap_ros/docker/melodic/latest/hooks) by extensions ['python_setup_py']
[0.183s] Level 1:colcon.colcon_core.package_identification:_identify(src/rtabmap_ros/docker/melodic/latest/hooks) by extension 'python_setup_py'
[0.183s] Level 1:colcon.colcon_core.package_identification:_identify(src/rtabmap_ros/docker/noetic) by extensions ['ignore', 'ignore_ament_install']
[0.183s] Level 1:colcon.colcon_core.package_identification:_identify(src/rtabmap_ros/docker/noetic) by extension 'ignore'
[0.183s] Level 1:colcon.colcon_core.package_identification:_identify(src/rtabmap_ros/docker/noetic) by extension 'ignore_ament_install'
[0.183s] Level 1:colcon.colcon_core.package_identification:_identify(src/rtabmap_ros/docker/noetic) by extensions ['colcon_pkg']
[0.183s] Level 1:colcon.colcon_core.package_identification:_identify(src/rtabmap_ros/docker/noetic) by extension 'colcon_pkg'
[0.183s] Level 1:colcon.colcon_core.package_identification:_identify(src/rtabmap_ros/docker/noetic) by extensions ['colcon_meta']
[0.183s] Level 1:colcon.colcon_core.package_identification:_identify(src/rtabmap_ros/docker/noetic) by extension 'colcon_meta'
[0.183s] Level 1:colcon.colcon_core.package_identification:_identify(src/rtabmap_ros/docker/noetic) by extensions ['ros']
[0.183s] Level 1:colcon.colcon_core.package_identification:_identify(src/rtabmap_ros/docker/noetic) by extension 'ros'
[0.183s] Level 1:colcon.colcon_core.package_identification:_identify(src/rtabmap_ros/docker/noetic) by extensions ['cmake', 'python']
[0.183s] Level 1:colcon.colcon_core.package_identification:_identify(src/rtabmap_ros/docker/noetic) by extension 'cmake'
[0.183s] Level 1:colcon.colcon_core.package_identification:_identify(src/rtabmap_ros/docker/noetic) by extension 'python'
[0.183s] Level 1:colcon.colcon_core.package_identification:_identify(src/rtabmap_ros/docker/noetic) by extensions ['python_setup_py']
[0.183s] Level 1:colcon.colcon_core.package_identification:_identify(src/rtabmap_ros/docker/noetic) by extension 'python_setup_py'
[0.183s] Level 1:colcon.colcon_core.package_identification:_identify(src/rtabmap_ros/docker/noetic/latest) by extensions ['ignore', 'ignore_ament_install']
[0.183s] Level 1:colcon.colcon_core.package_identification:_identify(src/rtabmap_ros/docker/noetic/latest) by extension 'ignore'
[0.183s] Level 1:colcon.colcon_core.package_identification:_identify(src/rtabmap_ros/docker/noetic/latest) by extension 'ignore_ament_install'
[0.183s] Level 1:colcon.colcon_core.package_identification:_identify(src/rtabmap_ros/docker/noetic/latest) by extensions ['colcon_pkg']
[0.183s] Level 1:colcon.colcon_core.package_identification:_identify(src/rtabmap_ros/docker/noetic/latest) by extension 'colcon_pkg'
[0.183s] Level 1:colcon.colcon_core.package_identification:_identify(src/rtabmap_ros/docker/noetic/latest) by extensions ['colcon_meta']
[0.183s] Level 1:colcon.colcon_core.package_identification:_identify(src/rtabmap_ros/docker/noetic/latest) by extension 'colcon_meta'
[0.183s] Level 1:colcon.colcon_core.package_identification:_identify(src/rtabmap_ros/docker/noetic/latest) by extensions ['ros']
[0.183s] Level 1:colcon.colcon_core.package_identification:_identify(src/rtabmap_ros/docker/noetic/latest) by extension 'ros'
[0.183s] Level 1:colcon.colcon_core.package_identification:_identify(src/rtabmap_ros/docker/noetic/latest) by extensions ['cmake', 'python']
[0.183s] Level 1:colcon.colcon_core.package_identification:_identify(src/rtabmap_ros/docker/noetic/latest) by extension 'cmake'
[0.183s] Level 1:colcon.colcon_core.package_identification:_identify(src/rtabmap_ros/docker/noetic/latest) by extension 'python'
[0.183s] Level 1:colcon.colcon_core.package_identification:_identify(src/rtabmap_ros/docker/noetic/latest) by extensions ['python_setup_py']
[0.183s] Level 1:colcon.colcon_core.package_identification:_identify(src/rtabmap_ros/docker/noetic/latest) by extension 'python_setup_py'
[0.184s] Level 1:colcon.colcon_core.package_identification:_identify(src/rtabmap_ros/docker/noetic/latest/hooks) by extensions ['ignore', 'ignore_ament_install']
[0.184s] Level 1:colcon.colcon_core.package_identification:_identify(src/rtabmap_ros/docker/noetic/latest/hooks) by extension 'ignore'
[0.184s] Level 1:colcon.colcon_core.package_identification:_identify(src/rtabmap_ros/docker/noetic/latest/hooks) by extension 'ignore_ament_install'
[0.184s] Level 1:colcon.colcon_core.package_identification:_identify(src/rtabmap_ros/docker/noetic/latest/hooks) by extensions ['colcon_pkg']
[0.184s] Level 1:colcon.colcon_core.package_identification:_identify(src/rtabmap_ros/docker/noetic/latest/hooks) by extension 'colcon_pkg'
[0.184s] Level 1:colcon.colcon_core.package_identification:_identify(src/rtabmap_ros/docker/noetic/latest/hooks) by extensions ['colcon_meta']
[0.184s] Level 1:colcon.colcon_core.package_identification:_identify(src/rtabmap_ros/docker/noetic/latest/hooks) by extension 'colcon_meta'
[0.184s] Level 1:colcon.colcon_core.package_identification:_identify(src/rtabmap_ros/docker/noetic/latest/hooks) by extensions ['ros']
[0.184s] Level 1:colcon.colcon_core.package_identification:_identify(src/rtabmap_ros/docker/noetic/latest/hooks) by extension 'ros'
[0.184s] Level 1:colcon.colcon_core.package_identification:_identify(src/rtabmap_ros/docker/noetic/latest/hooks) by extensions ['cmake', 'python']
[0.184s] Level 1:colcon.colcon_core.package_identification:_identify(src/rtabmap_ros/docker/noetic/latest/hooks) by extension 'cmake'
[0.184s] Level 1:colcon.colcon_core.package_identification:_identify(src/rtabmap_ros/docker/noetic/latest/hooks) by extension 'python'
[0.184s] Level 1:colcon.colcon_core.package_identification:_identify(src/rtabmap_ros/docker/noetic/latest/hooks) by extensions ['python_setup_py']
[0.184s] Level 1:colcon.colcon_core.package_identification:_identify(src/rtabmap_ros/docker/noetic/latest/hooks) by extension 'python_setup_py'
[0.184s] Level 1:colcon.colcon_core.package_identification:_identify(src/rtabmap_ros/docker/noetic/superpoint) by extensions ['ignore', 'ignore_ament_install']
[0.184s] Level 1:colcon.colcon_core.package_identification:_identify(src/rtabmap_ros/docker/noetic/superpoint) by extension 'ignore'
[0.184s] Level 1:colcon.colcon_core.package_identification:_identify(src/rtabmap_ros/docker/noetic/superpoint) by extension 'ignore_ament_install'
[0.184s] Level 1:colcon.colcon_core.package_identification:_identify(src/rtabmap_ros/docker/noetic/superpoint) by extensions ['colcon_pkg']
[0.184s] Level 1:colcon.colcon_core.package_identification:_identify(src/rtabmap_ros/docker/noetic/superpoint) by extension 'colcon_pkg'
[0.184s] Level 1:colcon.colcon_core.package_identification:_identify(src/rtabmap_ros/docker/noetic/superpoint) by extensions ['colcon_meta']
[0.184s] Level 1:colcon.colcon_core.package_identification:_identify(src/rtabmap_ros/docker/noetic/superpoint) by extension 'colcon_meta'
[0.184s] Level 1:colcon.colcon_core.package_identification:_identify(src/rtabmap_ros/docker/noetic/superpoint) by extensions ['ros']
[0.184s] Level 1:colcon.colcon_core.package_identification:_identify(src/rtabmap_ros/docker/noetic/superpoint) by extension 'ros'
[0.184s] Level 1:colcon.colcon_core.package_identification:_identify(src/rtabmap_ros/docker/noetic/superpoint) by extensions ['cmake', 'python']
[0.184s] Level 1:colcon.colcon_core.package_identification:_identify(src/rtabmap_ros/docker/noetic/superpoint) by extension 'cmake'
[0.184s] Level 1:colcon.colcon_core.package_identification:_identify(src/rtabmap_ros/docker/noetic/superpoint) by extension 'python'
[0.184s] Level 1:colcon.colcon_core.package_identification:_identify(src/rtabmap_ros/docker/noetic/superpoint) by extensions ['python_setup_py']
[0.184s] Level 1:colcon.colcon_core.package_identification:_identify(src/rtabmap_ros/docker/noetic/superpoint) by extension 'python_setup_py'
[0.184s] Level 1:colcon.colcon_core.package_identification:_identify(src/rtabmap_ros/rtabmap_conversions) by extensions ['ignore', 'ignore_ament_install']
[0.184s] Level 1:colcon.colcon_core.package_identification:_identify(src/rtabmap_ros/rtabmap_conversions) by extension 'ignore'
[0.184s] Level 1:colcon.colcon_core.package_identification:_identify(src/rtabmap_ros/rtabmap_conversions) by extension 'ignore_ament_install'
[0.184s] Level 1:colcon.colcon_core.package_identification:_identify(src/rtabmap_ros/rtabmap_conversions) by extensions ['colcon_pkg']
[0.184s] Level 1:colcon.colcon_core.package_identification:_identify(src/rtabmap_ros/rtabmap_conversions) by extension 'colcon_pkg'
[0.184s] Level 1:colcon.colcon_core.package_identification:_identify(src/rtabmap_ros/rtabmap_conversions) by extensions ['colcon_meta']
[0.184s] Level 1:colcon.colcon_core.package_identification:_identify(src/rtabmap_ros/rtabmap_conversions) by extension 'colcon_meta'
[0.184s] Level 1:colcon.colcon_core.package_identification:_identify(src/rtabmap_ros/rtabmap_conversions) by extensions ['ros']
[0.184s] Level 1:colcon.colcon_core.package_identification:_identify(src/rtabmap_ros/rtabmap_conversions) by extension 'ros'
[0.185s] DEBUG:colcon.colcon_core.package_identification:Package 'src/rtabmap_ros/rtabmap_conversions' with type 'ros.ament_cmake' and name 'rtabmap_conversions'
[0.185s] Level 1:colcon.colcon_core.package_identification:_identify(src/rtabmap_ros/rtabmap_demos) by extensions ['ignore', 'ignore_ament_install']
[0.185s] Level 1:colcon.colcon_core.package_identification:_identify(src/rtabmap_ros/rtabmap_demos) by extension 'ignore'
[0.185s] Level 1:colcon.colcon_core.package_identification:_identify(src/rtabmap_ros/rtabmap_demos) by extension 'ignore_ament_install'
[0.185s] Level 1:colcon.colcon_core.package_identification:_identify(src/rtabmap_ros/rtabmap_demos) by extensions ['colcon_pkg']
[0.185s] Level 1:colcon.colcon_core.package_identification:_identify(src/rtabmap_ros/rtabmap_demos) by extension 'colcon_pkg'
[0.186s] Level 1:colcon.colcon_core.package_identification:_identify(src/rtabmap_ros/rtabmap_demos) by extensions ['colcon_meta']
[0.186s] Level 1:colcon.colcon_core.package_identification:_identify(src/rtabmap_ros/rtabmap_demos) by extension 'colcon_meta'
[0.186s] Level 1:colcon.colcon_core.package_identification:_identify(src/rtabmap_ros/rtabmap_demos) by extensions ['ros']
[0.186s] Level 1:colcon.colcon_core.package_identification:_identify(src/rtabmap_ros/rtabmap_demos) by extension 'ros'
[0.186s] DEBUG:colcon.colcon_core.package_identification:Package 'src/rtabmap_ros/rtabmap_demos' with type 'ros.ament_cmake' and name 'rtabmap_demos'
[0.186s] Level 1:colcon.colcon_core.package_identification:_identify(src/rtabmap_ros/rtabmap_examples) by extensions ['ignore', 'ignore_ament_install']
[0.186s] Level 1:colcon.colcon_core.package_identification:_identify(src/rtabmap_ros/rtabmap_examples) by extension 'ignore'
[0.186s] Level 1:colcon.colcon_core.package_identification:_identify(src/rtabmap_ros/rtabmap_examples) by extension 'ignore_ament_install'
[0.186s] Level 1:colcon.colcon_core.package_identification:_identify(src/rtabmap_ros/rtabmap_examples) by extensions ['colcon_pkg']
[0.186s] Level 1:colcon.colcon_core.package_identification:_identify(src/rtabmap_ros/rtabmap_examples) by extension 'colcon_pkg'
[0.186s] Level 1:colcon.colcon_core.package_identification:_identify(src/rtabmap_ros/rtabmap_examples) by extensions ['colcon_meta']
[0.186s] Level 1:colcon.colcon_core.package_identification:_identify(src/rtabmap_ros/rtabmap_examples) by extension 'colcon_meta'
[0.186s] Level 1:colcon.colcon_core.package_identification:_identify(src/rtabmap_ros/rtabmap_examples) by extensions ['ros']
[0.186s] Level 1:colcon.colcon_core.package_identification:_identify(src/rtabmap_ros/rtabmap_examples) by extension 'ros'
[0.187s] DEBUG:colcon.colcon_core.package_identification:Package 'src/rtabmap_ros/rtabmap_examples' with type 'ros.ament_cmake' and name 'rtabmap_examples'
[0.187s] Level 1:colcon.colcon_core.package_identification:_identify(src/rtabmap_ros/rtabmap_launch) by extensions ['ignore', 'ignore_ament_install']
[0.187s] Level 1:colcon.colcon_core.package_identification:_identify(src/rtabmap_ros/rtabmap_launch) by extension 'ignore'
[0.187s] Level 1:colcon.colcon_core.package_identification:_identify(src/rtabmap_ros/rtabmap_launch) by extension 'ignore_ament_install'
[0.187s] Level 1:colcon.colcon_core.package_identification:_identify(src/rtabmap_ros/rtabmap_launch) by extensions ['colcon_pkg']
[0.187s] Level 1:colcon.colcon_core.package_identification:_identify(src/rtabmap_ros/rtabmap_launch) by extension 'colcon_pkg'
[0.187s] Level 1:colcon.colcon_core.package_identification:_identify(src/rtabmap_ros/rtabmap_launch) by extensions ['colcon_meta']
[0.187s] Level 1:colcon.colcon_core.package_identification:_identify(src/rtabmap_ros/rtabmap_launch) by extension 'colcon_meta'
[0.187s] Level 1:colcon.colcon_core.package_identification:_identify(src/rtabmap_ros/rtabmap_launch) by extensions ['ros']
[0.187s] Level 1:colcon.colcon_core.package_identification:_identify(src/rtabmap_ros/rtabmap_launch) by extension 'ros'
[0.188s] DEBUG:colcon.colcon_core.package_identification:Package 'src/rtabmap_ros/rtabmap_launch' with type 'ros.ament_cmake' and name 'rtabmap_launch'
[0.188s] Level 1:colcon.colcon_core.package_identification:_identify(src/rtabmap_ros/rtabmap_msgs) by extensions ['ignore', 'ignore_ament_install']
[0.188s] Level 1:colcon.colcon_core.package_identification:_identify(src/rtabmap_ros/rtabmap_msgs) by extension 'ignore'
[0.188s] Level 1:colcon.colcon_core.package_identification:_identify(src/rtabmap_ros/rtabmap_msgs) by extension 'ignore_ament_install'
[0.188s] Level 1:colcon.colcon_core.package_identification:_identify(src/rtabmap_ros/rtabmap_msgs) by extensions ['colcon_pkg']
[0.188s] Level 1:colcon.colcon_core.package_identification:_identify(src/rtabmap_ros/rtabmap_msgs) by extension 'colcon_pkg'
[0.188s] Level 1:colcon.colcon_core.package_identification:_identify(src/rtabmap_ros/rtabmap_msgs) by extensions ['colcon_meta']
[0.188s] Level 1:colcon.colcon_core.package_identification:_identify(src/rtabmap_ros/rtabmap_msgs) by extension 'colcon_meta'
[0.188s] Level 1:colcon.colcon_core.package_identification:_identify(src/rtabmap_ros/rtabmap_msgs) by extensions ['ros']
[0.188s] Level 1:colcon.colcon_core.package_identification:_identify(src/rtabmap_ros/rtabmap_msgs) by extension 'ros'
[0.189s] DEBUG:colcon.colcon_core.package_identification:Package 'src/rtabmap_ros/rtabmap_msgs' with type 'ros.ament_cmake' and name 'rtabmap_msgs'
[0.189s] Level 1:colcon.colcon_core.package_identification:_identify(src/rtabmap_ros/rtabmap_odom) by extensions ['ignore', 'ignore_ament_install']
[0.189s] Level 1:colcon.colcon_core.package_identification:_identify(src/rtabmap_ros/rtabmap_odom) by extension 'ignore'
[0.189s] Level 1:colcon.colcon_core.package_identification:_identify(src/rtabmap_ros/rtabmap_odom) by extension 'ignore_ament_install'
[0.189s] Level 1:colcon.colcon_core.package_identification:_identify(src/rtabmap_ros/rtabmap_odom) by extensions ['colcon_pkg']
[0.189s] Level 1:colcon.colcon_core.package_identification:_identify(src/rtabmap_ros/rtabmap_odom) by extension 'colcon_pkg'
[0.189s] Level 1:colcon.colcon_core.package_identification:_identify(src/rtabmap_ros/rtabmap_odom) by extensions ['colcon_meta']
[0.189s] Level 1:colcon.colcon_core.package_identification:_identify(src/rtabmap_ros/rtabmap_odom) by extension 'colcon_meta'
[0.189s] Level 1:colcon.colcon_core.package_identification:_identify(src/rtabmap_ros/rtabmap_odom) by extensions ['ros']
[0.189s] Level 1:colcon.colcon_core.package_identification:_identify(src/rtabmap_ros/rtabmap_odom) by extension 'ros'
[0.190s] DEBUG:colcon.colcon_core.package_identification:Package 'src/rtabmap_ros/rtabmap_odom' with type 'ros.ament_cmake' and name 'rtabmap_odom'
[0.190s] Level 1:colcon.colcon_core.package_identification:_identify(src/rtabmap_ros/rtabmap_python) by extensions ['ignore', 'ignore_ament_install']
[0.190s] Level 1:colcon.colcon_core.package_identification:_identify(src/rtabmap_ros/rtabmap_python) by extension 'ignore'
[0.190s] Level 1:colcon.colcon_core.package_identification:_identify(src/rtabmap_ros/rtabmap_python) by extension 'ignore_ament_install'
[0.190s] Level 1:colcon.colcon_core.package_identification:_identify(src/rtabmap_ros/rtabmap_python) by extensions ['colcon_pkg']
[0.190s] Level 1:colcon.colcon_core.package_identification:_identify(src/rtabmap_ros/rtabmap_python) by extension 'colcon_pkg'
[0.190s] Level 1:colcon.colcon_core.package_identification:_identify(src/rtabmap_ros/rtabmap_python) by extensions ['colcon_meta']
[0.190s] Level 1:colcon.colcon_core.package_identification:_identify(src/rtabmap_ros/rtabmap_python) by extension 'colcon_meta'
[0.190s] Level 1:colcon.colcon_core.package_identification:_identify(src/rtabmap_ros/rtabmap_python) by extensions ['ros']
[0.190s] Level 1:colcon.colcon_core.package_identification:_identify(src/rtabmap_ros/rtabmap_python) by extension 'ros'
[0.190s] DEBUG:colcon.colcon_core.package_identification:Package 'src/rtabmap_ros/rtabmap_python' with type 'ros.ament_python' and name 'rtabmap_python'
[0.190s] Level 1:colcon.colcon_core.package_identification:_identify(src/rtabmap_ros/rtabmap_ros) by extensions ['ignore', 'ignore_ament_install']
[0.190s] Level 1:colcon.colcon_core.package_identification:_identify(src/rtabmap_ros/rtabmap_ros) by extension 'ignore'
[0.190s] Level 1:colcon.colcon_core.package_identification:_identify(src/rtabmap_ros/rtabmap_ros) by extension 'ignore_ament_install'
[0.190s] Level 1:colcon.colcon_core.package_identification:_identify(src/rtabmap_ros/rtabmap_ros) by extensions ['colcon_pkg']
[0.190s] Level 1:colcon.colcon_core.package_identification:_identify(src/rtabmap_ros/rtabmap_ros) by extension 'colcon_pkg'
[0.191s] Level 1:colcon.colcon_core.package_identification:_identify(src/rtabmap_ros/rtabmap_ros) by extensions ['colcon_meta']
[0.191s] Level 1:colcon.colcon_core.package_identification:_identify(src/rtabmap_ros/rtabmap_ros) by extension 'colcon_meta'
[0.191s] Level 1:colcon.colcon_core.package_identification:_identify(src/rtabmap_ros/rtabmap_ros) by extensions ['ros']
[0.191s] Level 1:colcon.colcon_core.package_identification:_identify(src/rtabmap_ros/rtabmap_ros) by extension 'ros'
[0.195s] DEBUG:colcon.colcon_core.package_identification:Package 'src/rtabmap_ros/rtabmap_ros' with type 'ros.ament_cmake' and name 'rtabmap_ros'
[0.196s] Level 1:colcon.colcon_core.package_identification:_identify(src/rtabmap_ros/rtabmap_rviz_plugins) by extensions ['ignore', 'ignore_ament_install']
[0.196s] Level 1:colcon.colcon_core.package_identification:_identify(src/rtabmap_ros/rtabmap_rviz_plugins) by extension 'ignore'
[0.196s] Level 1:colcon.colcon_core.package_identification:_identify(src/rtabmap_ros/rtabmap_rviz_plugins) by extension 'ignore_ament_install'
[0.196s] Level 1:colcon.colcon_core.package_identification:_identify(src/rtabmap_ros/rtabmap_rviz_plugins) by extensions ['colcon_pkg']
[0.196s] Level 1:colcon.colcon_core.package_identification:_identify(src/rtabmap_ros/rtabmap_rviz_plugins) by extension 'colcon_pkg'
[0.196s] Level 1:colcon.colcon_core.package_identification:_identify(src/rtabmap_ros/rtabmap_rviz_plugins) by extensions ['colcon_meta']
[0.196s] Level 1:colcon.colcon_core.package_identification:_identify(src/rtabmap_ros/rtabmap_rviz_plugins) by extension 'colcon_meta'
[0.196s] Level 1:colcon.colcon_core.package_identification:_identify(src/rtabmap_ros/rtabmap_rviz_plugins) by extensions ['ros']
[0.196s] Level 1:colcon.colcon_core.package_identification:_identify(src/rtabmap_ros/rtabmap_rviz_plugins) by extension 'ros'
[0.197s] DEBUG:colcon.colcon_core.package_identification:Package 'src/rtabmap_ros/rtabmap_rviz_plugins' with type 'ros.ament_cmake' and name 'rtabmap_rviz_plugins'
[0.197s] Level 1:colcon.colcon_core.package_identification:_identify(src/rtabmap_ros/rtabmap_slam) by extensions ['ignore', 'ignore_ament_install']
[0.197s] Level 1:colcon.colcon_core.package_identification:_identify(src/rtabmap_ros/rtabmap_slam) by extension 'ignore'
[0.197s] Level 1:colcon.colcon_core.package_identification:_identify(src/rtabmap_ros/rtabmap_slam) by extension 'ignore_ament_install'
[0.197s] Level 1:colcon.colcon_core.package_identification:_identify(src/rtabmap_ros/rtabmap_slam) by extensions ['colcon_pkg']
[0.197s] Level 1:colcon.colcon_core.package_identification:_identify(src/rtabmap_ros/rtabmap_slam) by extension 'colcon_pkg'
[0.197s] Level 1:colcon.colcon_core.package_identification:_identify(src/rtabmap_ros/rtabmap_slam) by extensions ['colcon_meta']
[0.197s] Level 1:colcon.colcon_core.package_identification:_identify(src/rtabmap_ros/rtabmap_slam) by extension 'colcon_meta'
[0.197s] Level 1:colcon.colcon_core.package_identification:_identify(src/rtabmap_ros/rtabmap_slam) by extensions ['ros']
[0.197s] Level 1:colcon.colcon_core.package_identification:_identify(src/rtabmap_ros/rtabmap_slam) by extension 'ros'
[0.198s] DEBUG:colcon.colcon_core.package_identification:Package 'src/rtabmap_ros/rtabmap_slam' with type 'ros.ament_cmake' and name 'rtabmap_slam'
[0.198s] Level 1:colcon.colcon_core.package_identification:_identify(src/rtabmap_ros/rtabmap_sync) by extensions ['ignore', 'ignore_ament_install']
[0.198s] Level 1:colcon.colcon_core.package_identification:_identify(src/rtabmap_ros/rtabmap_sync) by extension 'ignore'
[0.198s] Level 1:colcon.colcon_core.package_identification:_identify(src/rtabmap_ros/rtabmap_sync) by extension 'ignore_ament_install'
[0.198s] Level 1:colcon.colcon_core.package_identification:_identify(src/rtabmap_ros/rtabmap_sync) by extensions ['colcon_pkg']
[0.198s] Level 1:colcon.colcon_core.package_identification:_identify(src/rtabmap_ros/rtabmap_sync) by extension 'colcon_pkg'
[0.198s] Level 1:colcon.colcon_core.package_identification:_identify(src/rtabmap_ros/rtabmap_sync) by extensions ['colcon_meta']
[0.198s] Level 1:colcon.colcon_core.package_identification:_identify(src/rtabmap_ros/rtabmap_sync) by extension 'colcon_meta'
[0.198s] Level 1:colcon.colcon_core.package_identification:_identify(src/rtabmap_ros/rtabmap_sync) by extensions ['ros']
[0.198s] Level 1:colcon.colcon_core.package_identification:_identify(src/rtabmap_ros/rtabmap_sync) by extension 'ros'
[0.199s] DEBUG:colcon.colcon_core.package_identification:Package 'src/rtabmap_ros/rtabmap_sync' with type 'ros.ament_cmake' and name 'rtabmap_sync'
[0.199s] Level 1:colcon.colcon_core.package_identification:_identify(src/rtabmap_ros/rtabmap_util) by extensions ['ignore', 'ignore_ament_install']
[0.199s] Level 1:colcon.colcon_core.package_identification:_identify(src/rtabmap_ros/rtabmap_util) by extension 'ignore'
[0.199s] Level 1:colcon.colcon_core.package_identification:_identify(src/rtabmap_ros/rtabmap_util) by extension 'ignore_ament_install'
[0.199s] Level 1:colcon.colcon_core.package_identification:_identify(src/rtabmap_ros/rtabmap_util) by extensions ['colcon_pkg']
[0.199s] Level 1:colcon.colcon_core.package_identification:_identify(src/rtabmap_ros/rtabmap_util) by extension 'colcon_pkg'
[0.199s] Level 1:colcon.colcon_core.package_identification:_identify(src/rtabmap_ros/rtabmap_util) by extensions ['colcon_meta']
[0.199s] Level 1:colcon.colcon_core.package_identification:_identify(src/rtabmap_ros/rtabmap_util) by extension 'colcon_meta'
[0.199s] Level 1:colcon.colcon_core.package_identification:_identify(src/rtabmap_ros/rtabmap_util) by extensions ['ros']
[0.199s] Level 1:colcon.colcon_core.package_identification:_identify(src/rtabmap_ros/rtabmap_util) by extension 'ros'
[0.200s] DEBUG:colcon.colcon_core.package_identification:Package 'src/rtabmap_ros/rtabmap_util' with type 'ros.ament_cmake' and name 'rtabmap_util'
[0.200s] Level 1:colcon.colcon_core.package_identification:_identify(src/rtabmap_ros/rtabmap_viz) by extensions ['ignore', 'ignore_ament_install']
[0.200s] Level 1:colcon.colcon_core.package_identification:_identify(src/rtabmap_ros/rtabmap_viz) by extension 'ignore'
[0.200s] Level 1:colcon.colcon_core.package_identification:_identify(src/rtabmap_ros/rtabmap_viz) by extension 'ignore_ament_install'
[0.200s] Level 1:colcon.colcon_core.package_identification:_identify(src/rtabmap_ros/rtabmap_viz) by extensions ['colcon_pkg']
[0.200s] Level 1:colcon.colcon_core.package_identification:_identify(src/rtabmap_ros/rtabmap_viz) by extension 'colcon_pkg'
[0.200s] Level 1:colcon.colcon_core.package_identification:_identify(src/rtabmap_ros/rtabmap_viz) by extensions ['colcon_meta']
[0.200s] Level 1:colcon.colcon_core.package_identification:_identify(src/rtabmap_ros/rtabmap_viz) by extension 'colcon_meta'
[0.201s] Level 1:colcon.colcon_core.package_identification:_identify(src/rtabmap_ros/rtabmap_viz) by extensions ['ros']
[0.201s] Level 1:colcon.colcon_core.package_identification:_identify(src/rtabmap_ros/rtabmap_viz) by extension 'ros'
[0.201s] DEBUG:colcon.colcon_core.package_identification:Package 'src/rtabmap_ros/rtabmap_viz' with type 'ros.ament_cmake' and name 'rtabmap_viz'
[0.201s] Level 1:colcon.colcon_core.package_discovery:discover_packages(recursive) using defaults
[0.201s] Level 1:colcon.colcon_core.package_discovery:discover_packages(ignore) discover
[0.201s] Level 1:colcon.colcon_core.package_discovery:discover_packages(ignore) using defaults
[0.201s] Level 1:colcon.colcon_core.package_discovery:discover_packages(path) discover
[0.201s] Level 1:colcon.colcon_core.package_discovery:discover_packages(path) using defaults
[0.219s] Level 1:colcon.colcon_core.package_discovery:discover_packages(prefix_path) check parameters
[0.219s] Level 1:colcon.colcon_core.package_discovery:discover_packages(prefix_path) discover
[0.220s] DEBUG:colcon.colcon_installed_package_information.package_discovery:Found 379 installed packages in /opt/ros/humble
[0.222s] Level 1:colcon.colcon_core.package_discovery:discover_packages(prefix_path) using defaults
[0.248s] Level 5:colcon.colcon_core.verb:set package 'realsense2_camera_msgs' build argument 'cmake_args' from command line to 'None'
[0.248s] Level 5:colcon.colcon_core.verb:set package 'realsense2_camera_msgs' build argument 'cmake_target' from command line to 'None'
[0.248s] Level 5:colcon.colcon_core.verb:set package 'realsense2_camera_msgs' build argument 'cmake_target_skip_unavailable' from command line to 'False'
[0.248s] Level 5:colcon.colcon_core.verb:set package 'realsense2_camera_msgs' build argument 'cmake_clean_cache' from command line to 'False'
[0.248s] Level 5:colcon.colcon_core.verb:set package 'realsense2_camera_msgs' build argument 'cmake_clean_first' from command line to 'False'
[0.248s] Level 5:colcon.colcon_core.verb:set package 'realsense2_camera_msgs' build argument 'cmake_force_configure' from command line to 'False'
[0.248s] Level 5:colcon.colcon_core.verb:set package 'realsense2_camera_msgs' build argument 'ament_cmake_args' from command line to 'None'
[0.248s] Level 5:colcon.colcon_core.verb:set package 'realsense2_camera_msgs' build argument 'catkin_cmake_args' from command line to 'None'
[0.248s] Level 5:colcon.colcon_core.verb:set package 'realsense2_camera_msgs' build argument 'catkin_skip_building_tests' from command line to 'False'
[0.248s] DEBUG:colcon.colcon_core.verb:Building package 'realsense2_camera_msgs' with the following arguments: {'ament_cmake_args': None, 'build_base': '/home/brace/codeSpace/navi/build/realsense2_camera_msgs', 'catkin_cmake_args': None, 'catkin_skip_building_tests': False, 'cmake_args': None, 'cmake_clean_cache': False, 'cmake_clean_first': False, 'cmake_force_configure': False, 'cmake_target': None, 'cmake_target_skip_unavailable': False, 'install_base': '/home/brace/codeSpace/navi/install/realsense2_camera_msgs', 'merge_install': False, 'path': '/home/brace/codeSpace/navi/src/realsense-ros/realsense2_camera_msgs', 'symlink_install': False, 'test_result_base': None}
[0.249s] Level 5:colcon.colcon_core.verb:set package 'realsense2_ros_mqtt_bridge' build argument 'cmake_args' from command line to 'None'
[0.249s] Level 5:colcon.colcon_core.verb:set package 'realsense2_ros_mqtt_bridge' build argument 'cmake_target' from command line to 'None'
[0.249s] Level 5:colcon.colcon_core.verb:set package 'realsense2_ros_mqtt_bridge' build argument 'cmake_target_skip_unavailable' from command line to 'False'
[0.249s] Level 5:colcon.colcon_core.verb:set package 'realsense2_ros_mqtt_bridge' build argument 'cmake_clean_cache' from command line to 'False'
[0.249s] Level 5:colcon.colcon_core.verb:set package 'realsense2_ros_mqtt_bridge' build argument 'cmake_clean_first' from command line to 'False'
[0.249s] Level 5:colcon.colcon_core.verb:set package 'realsense2_ros_mqtt_bridge' build argument 'cmake_force_configure' from command line to 'False'
[0.249s] Level 5:colcon.colcon_core.verb:set package 'realsense2_ros_mqtt_bridge' build argument 'ament_cmake_args' from command line to 'None'
[0.249s] Level 5:colcon.colcon_core.verb:set package 'realsense2_ros_mqtt_bridge' build argument 'catkin_cmake_args' from command line to 'None'
[0.249s] Level 5:colcon.colcon_core.verb:set package 'realsense2_ros_mqtt_bridge' build argument 'catkin_skip_building_tests' from command line to 'False'
[0.249s] DEBUG:colcon.colcon_core.verb:Building package 'realsense2_ros_mqtt_bridge' with the following arguments: {'ament_cmake_args': None, 'build_base': '/home/brace/codeSpace/navi/build/realsense2_ros_mqtt_bridge', 'catkin_cmake_args': None, 'catkin_skip_building_tests': False, 'cmake_args': None, 'cmake_clean_cache': False, 'cmake_clean_first': False, 'cmake_force_configure': False, 'cmake_target': None, 'cmake_target_skip_unavailable': False, 'install_base': '/home/brace/codeSpace/navi/install/realsense2_ros_mqtt_bridge', 'merge_install': False, 'path': '/home/brace/codeSpace/navi/src/realsense-ros/realsense2_ros_mqtt_bridge', 'symlink_install': False, 'test_result_base': None}
[0.249s] Level 5:colcon.colcon_core.verb:set package 'rtabmap' build argument 'cmake_args' from command line to 'None'
[0.249s] Level 5:colcon.colcon_core.verb:set package 'rtabmap' build argument 'cmake_target' from command line to 'None'
[0.249s] Level 5:colcon.colcon_core.verb:set package 'rtabmap' build argument 'cmake_target_skip_unavailable' from command line to 'False'
[0.249s] Level 5:colcon.colcon_core.verb:set package 'rtabmap' build argument 'cmake_clean_cache' from command line to 'False'
[0.249s] Level 5:colcon.colcon_core.verb:set package 'rtabmap' build argument 'cmake_clean_first' from command line to 'False'
[0.249s] Level 5:colcon.colcon_core.verb:set package 'rtabmap' build argument 'cmake_force_configure' from command line to 'False'
[0.249s] Level 5:colcon.colcon_core.verb:set package 'rtabmap' build argument 'ament_cmake_args' from command line to 'None'
[0.249s] Level 5:colcon.colcon_core.verb:set package 'rtabmap' build argument 'catkin_cmake_args' from command line to 'None'
[0.249s] Level 5:colcon.colcon_core.verb:set package 'rtabmap' build argument 'catkin_skip_building_tests' from command line to 'False'
[0.249s] DEBUG:colcon.colcon_core.verb:Building package 'rtabmap' with the following arguments: {'ament_cmake_args': None, 'build_base': '/home/brace/codeSpace/navi/build/rtabmap', 'catkin_cmake_args': None, 'catkin_skip_building_tests': False, 'cmake_args': None, 'cmake_clean_cache': False, 'cmake_clean_first': False, 'cmake_force_configure': False, 'cmake_target': None, 'cmake_target_skip_unavailable': False, 'install_base': '/home/brace/codeSpace/navi/install/rtabmap', 'merge_install': False, 'path': '/home/brace/codeSpace/navi/src/rtabmap', 'symlink_install': False, 'test_result_base': None}
[0.249s] Level 5:colcon.colcon_core.verb:set package 'rtabmap_msgs' build argument 'cmake_args' from command line to 'None'
[0.249s] Level 5:colcon.colcon_core.verb:set package 'rtabmap_msgs' build argument 'cmake_target' from command line to 'None'
[0.249s] Level 5:colcon.colcon_core.verb:set package 'rtabmap_msgs' build argument 'cmake_target_skip_unavailable' from command line to 'False'
[0.249s] Level 5:colcon.colcon_core.verb:set package 'rtabmap_msgs' build argument 'cmake_clean_cache' from command line to 'False'
[0.249s] Level 5:colcon.colcon_core.verb:set package 'rtabmap_msgs' build argument 'cmake_clean_first' from command line to 'False'
[0.249s] Level 5:colcon.colcon_core.verb:set package 'rtabmap_msgs' build argument 'cmake_force_configure' from command line to 'False'
[0.249s] Level 5:colcon.colcon_core.verb:set package 'rtabmap_msgs' build argument 'ament_cmake_args' from command line to 'None'
[0.249s] Level 5:colcon.colcon_core.verb:set package 'rtabmap_msgs' build argument 'catkin_cmake_args' from command line to 'None'
[0.249s] Level 5:colcon.colcon_core.verb:set package 'rtabmap_msgs' build argument 'catkin_skip_building_tests' from command line to 'False'
[0.249s] DEBUG:colcon.colcon_core.verb:Building package 'rtabmap_msgs' with the following arguments: {'ament_cmake_args': None, 'build_base': '/home/brace/codeSpace/navi/build/rtabmap_msgs', 'catkin_cmake_args': None, 'catkin_skip_building_tests': False, 'cmake_args': None, 'cmake_clean_cache': False, 'cmake_clean_first': False, 'cmake_force_configure': False, 'cmake_target': None, 'cmake_target_skip_unavailable': False, 'install_base': '/home/brace/codeSpace/navi/install/rtabmap_msgs', 'merge_install': False, 'path': '/home/brace/codeSpace/navi/src/rtabmap_ros/rtabmap_msgs', 'symlink_install': False, 'test_result_base': None}
[0.250s] Level 5:colcon.colcon_core.verb:set package 'rtabmap_python' build argument 'cmake_args' from command line to 'None'
[0.250s] Level 5:colcon.colcon_core.verb:set package 'rtabmap_python' build argument 'cmake_target' from command line to 'None'
[0.250s] Level 5:colcon.colcon_core.verb:set package 'rtabmap_python' build argument 'cmake_target_skip_unavailable' from command line to 'False'
[0.250s] Level 5:colcon.colcon_core.verb:set package 'rtabmap_python' build argument 'cmake_clean_cache' from command line to 'False'
[0.250s] Level 5:colcon.colcon_core.verb:set package 'rtabmap_python' build argument 'cmake_clean_first' from command line to 'False'
[0.250s] Level 5:colcon.colcon_core.verb:set package 'rtabmap_python' build argument 'cmake_force_configure' from command line to 'False'
[0.250s] Level 5:colcon.colcon_core.verb:set package 'rtabmap_python' build argument 'ament_cmake_args' from command line to 'None'
[0.250s] Level 5:colcon.colcon_core.verb:set package 'rtabmap_python' build argument 'catkin_cmake_args' from command line to 'None'
[0.250s] Level 5:colcon.colcon_core.verb:set package 'rtabmap_python' build argument 'catkin_skip_building_tests' from command line to 'False'
[0.250s] DEBUG:colcon.colcon_core.verb:Building package 'rtabmap_python' with the following arguments: {'ament_cmake_args': None, 'build_base': '/home/brace/codeSpace/navi/build/rtabmap_python', 'catkin_cmake_args': None, 'catkin_skip_building_tests': False, 'cmake_args': None, 'cmake_clean_cache': False, 'cmake_clean_first': False, 'cmake_force_configure': False, 'cmake_target': None, 'cmake_target_skip_unavailable': False, 'install_base': '/home/brace/codeSpace/navi/install/rtabmap_python', 'merge_install': False, 'path': '/home/brace/codeSpace/navi/src/rtabmap_ros/rtabmap_python', 'symlink_install': False, 'test_result_base': None}
[0.250s] Level 5:colcon.colcon_core.verb:set package 'realsense2_camera' build argument 'cmake_args' from command line to 'None'
[0.250s] Level 5:colcon.colcon_core.verb:set package 'realsense2_camera' build argument 'cmake_target' from command line to 'None'
[0.250s] Level 5:colcon.colcon_core.verb:set package 'realsense2_camera' build argument 'cmake_target_skip_unavailable' from command line to 'False'
[0.250s] Level 5:colcon.colcon_core.verb:set package 'realsense2_camera' build argument 'cmake_clean_cache' from command line to 'False'
[0.250s] Level 5:colcon.colcon_core.verb:set package 'realsense2_camera' build argument 'cmake_clean_first' from command line to 'False'
[0.250s] Level 5:colcon.colcon_core.verb:set package 'realsense2_camera' build argument 'cmake_force_configure' from command line to 'False'
[0.250s] Level 5:colcon.colcon_core.verb:set package 'realsense2_camera' build argument 'ament_cmake_args' from command line to 'None'
[0.250s] Level 5:colcon.colcon_core.verb:set package 'realsense2_camera' build argument 'catkin_cmake_args' from command line to 'None'
[0.250s] Level 5:colcon.colcon_core.verb:set package 'realsense2_camera' build argument 'catkin_skip_building_tests' from command line to 'False'
[0.250s] DEBUG:colcon.colcon_core.verb:Building package 'realsense2_camera' with the following arguments: {'ament_cmake_args': None, 'build_base': '/home/brace/codeSpace/navi/build/realsense2_camera', 'catkin_cmake_args': None, 'catkin_skip_building_tests': False, 'cmake_args': None, 'cmake_clean_cache': False, 'cmake_clean_first': False, 'cmake_force_configure': False, 'cmake_target': None, 'cmake_target_skip_unavailable': False, 'install_base': '/home/brace/codeSpace/navi/install/realsense2_camera', 'merge_install': False, 'path': '/home/brace/codeSpace/navi/src/realsense-ros/realsense2_camera', 'symlink_install': False, 'test_result_base': None}
[0.250s] Level 5:colcon.colcon_core.verb:set package 'realsense2_description' build argument 'cmake_args' from command line to 'None'
[0.250s] Level 5:colcon.colcon_core.verb:set package 'realsense2_description' build argument 'cmake_target' from command line to 'None'
[0.250s] Level 5:colcon.colcon_core.verb:set package 'realsense2_description' build argument 'cmake_target_skip_unavailable' from command line to 'False'
[0.250s] Level 5:colcon.colcon_core.verb:set package 'realsense2_description' build argument 'cmake_clean_cache' from command line to 'False'
[0.250s] Level 5:colcon.colcon_core.verb:set package 'realsense2_description' build argument 'cmake_clean_first' from command line to 'False'
[0.250s] Level 5:colcon.colcon_core.verb:set package 'realsense2_description' build argument 'cmake_force_configure' from command line to 'False'
[0.250s] Level 5:colcon.colcon_core.verb:set package 'realsense2_description' build argument 'ament_cmake_args' from command line to 'None'
[0.250s] Level 5:colcon.colcon_core.verb:set package 'realsense2_description' build argument 'catkin_cmake_args' from command line to 'None'
[0.250s] Level 5:colcon.colcon_core.verb:set package 'realsense2_description' build argument 'catkin_skip_building_tests' from command line to 'False'
[0.250s] DEBUG:colcon.colcon_core.verb:Building package 'realsense2_description' with the following arguments: {'ament_cmake_args': None, 'build_base': '/home/brace/codeSpace/navi/build/realsense2_description', 'catkin_cmake_args': None, 'catkin_skip_building_tests': False, 'cmake_args': None, 'cmake_clean_cache': False, 'cmake_clean_first': False, 'cmake_force_configure': False, 'cmake_target': None, 'cmake_target_skip_unavailable': False, 'install_base': '/home/brace/codeSpace/navi/install/realsense2_description', 'merge_install': False, 'path': '/home/brace/codeSpace/navi/src/realsense-ros/realsense2_description', 'symlink_install': False, 'test_result_base': None}
[0.250s] Level 5:colcon.colcon_core.verb:set package 'realsense2_rviz_plugin' build argument 'cmake_args' from command line to 'None'
[0.250s] Level 5:colcon.colcon_core.verb:set package 'realsense2_rviz_plugin' build argument 'cmake_target' from command line to 'None'
[0.250s] Level 5:colcon.colcon_core.verb:set package 'realsense2_rviz_plugin' build argument 'cmake_target_skip_unavailable' from command line to 'False'
[0.250s] Level 5:colcon.colcon_core.verb:set package 'realsense2_rviz_plugin' build argument 'cmake_clean_cache' from command line to 'False'
[0.250s] Level 5:colcon.colcon_core.verb:set package 'realsense2_rviz_plugin' build argument 'cmake_clean_first' from command line to 'False'
[0.251s] Level 5:colcon.colcon_core.verb:set package 'realsense2_rviz_plugin' build argument 'cmake_force_configure' from command line to 'False'
[0.251s] Level 5:colcon.colcon_core.verb:set package 'realsense2_rviz_plugin' build argument 'ament_cmake_args' from command line to 'None'
[0.251s] Level 5:colcon.colcon_core.verb:set package 'realsense2_rviz_plugin' build argument 'catkin_cmake_args' from command line to 'None'
[0.251s] Level 5:colcon.colcon_core.verb:set package 'realsense2_rviz_plugin' build argument 'catkin_skip_building_tests' from command line to 'False'
[0.251s] DEBUG:colcon.colcon_core.verb:Building package 'realsense2_rviz_plugin' with the following arguments: {'ament_cmake_args': None, 'build_base': '/home/brace/codeSpace/navi/build/realsense2_rviz_plugin', 'catkin_cmake_args': None, 'catkin_skip_building_tests': False, 'cmake_args': None, 'cmake_clean_cache': False, 'cmake_clean_first': False, 'cmake_force_configure': False, 'cmake_target': None, 'cmake_target_skip_unavailable': False, 'install_base': '/home/brace/codeSpace/navi/install/realsense2_rviz_plugin', 'merge_install': False, 'path': '/home/brace/codeSpace/navi/src/realsense-ros/realsense2_rgbd_plugin', 'symlink_install': False, 'test_result_base': None}
[0.251s] Level 5:colcon.colcon_core.verb:set package 'rtabmap_conversions' build argument 'cmake_args' from command line to 'None'
[0.251s] Level 5:colcon.colcon_core.verb:set package 'rtabmap_conversions' build argument 'cmake_target' from command line to 'None'
[0.251s] Level 5:colcon.colcon_core.verb:set package 'rtabmap_conversions' build argument 'cmake_target_skip_unavailable' from command line to 'False'
[0.251s] Level 5:colcon.colcon_core.verb:set package 'rtabmap_conversions' build argument 'cmake_clean_cache' from command line to 'False'
[0.251s] Level 5:colcon.colcon_core.verb:set package 'rtabmap_conversions' build argument 'cmake_clean_first' from command line to 'False'
[0.251s] Level 5:colcon.colcon_core.verb:set package 'rtabmap_conversions' build argument 'cmake_force_configure' from command line to 'False'
[0.251s] Level 5:colcon.colcon_core.verb:set package 'rtabmap_conversions' build argument 'ament_cmake_args' from command line to 'None'
[0.251s] Level 5:colcon.colcon_core.verb:set package 'rtabmap_conversions' build argument 'catkin_cmake_args' from command line to 'None'
[0.251s] Level 5:colcon.colcon_core.verb:set package 'rtabmap_conversions' build argument 'catkin_skip_building_tests' from command line to 'False'
[0.251s] DEBUG:colcon.colcon_core.verb:Building package 'rtabmap_conversions' with the following arguments: {'ament_cmake_args': None, 'build_base': '/home/brace/codeSpace/navi/build/rtabmap_conversions', 'catkin_cmake_args': None, 'catkin_skip_building_tests': False, 'cmake_args': None, 'cmake_clean_cache': False, 'cmake_clean_first': False, 'cmake_force_configure': False, 'cmake_target': None, 'cmake_target_skip_unavailable': False, 'install_base': '/home/brace/codeSpace/navi/install/rtabmap_conversions', 'merge_install': False, 'path': '/home/brace/codeSpace/navi/src/rtabmap_ros/rtabmap_conversions', 'symlink_install': False, 'test_result_base': None}
[0.251s] Level 5:colcon.colcon_core.verb:set package 'rtabmap_rviz_plugins' build argument 'cmake_args' from command line to 'None'
[0.251s] Level 5:colcon.colcon_core.verb:set package 'rtabmap_rviz_plugins' build argument 'cmake_target' from command line to 'None'
[0.251s] Level 5:colcon.colcon_core.verb:set package 'rtabmap_rviz_plugins' build argument 'cmake_target_skip_unavailable' from command line to 'False'
[0.251s] Level 5:colcon.colcon_core.verb:set package 'rtabmap_rviz_plugins' build argument 'cmake_clean_cache' from command line to 'False'
[0.251s] Level 5:colcon.colcon_core.verb:set package 'rtabmap_rviz_plugins' build argument 'cmake_clean_first' from command line to 'False'
[0.251s] Level 5:colcon.colcon_core.verb:set package 'rtabmap_rviz_plugins' build argument 'cmake_force_configure' from command line to 'False'
[0.251s] Level 5:colcon.colcon_core.verb:set package 'rtabmap_rviz_plugins' build argument 'ament_cmake_args' from command line to 'None'
[0.251s] Level 5:colcon.colcon_core.verb:set package 'rtabmap_rviz_plugins' build argument 'catkin_cmake_args' from command line to 'None'
[0.251s] Level 5:colcon.colcon_core.verb:set package 'rtabmap_rviz_plugins' build argument 'catkin_skip_building_tests' from command line to 'False'
[0.251s] DEBUG:colcon.colcon_core.verb:Building package 'rtabmap_rviz_plugins' with the following arguments: {'ament_cmake_args': None, 'build_base': '/home/brace/codeSpace/navi/build/rtabmap_rviz_plugins', 'catkin_cmake_args': None, 'catkin_skip_building_tests': False, 'cmake_args': None, 'cmake_clean_cache': False, 'cmake_clean_first': False, 'cmake_force_configure': False, 'cmake_target': None, 'cmake_target_skip_unavailable': False, 'install_base': '/home/brace/codeSpace/navi/install/rtabmap_rviz_plugins', 'merge_install': False, 'path': '/home/brace/codeSpace/navi/src/rtabmap_ros/rtabmap_rviz_plugins', 'symlink_install': False, 'test_result_base': None}
[0.251s] Level 5:colcon.colcon_core.verb:set package 'rtabmap_sync' build argument 'cmake_args' from command line to 'None'
[0.251s] Level 5:colcon.colcon_core.verb:set package 'rtabmap_sync' build argument 'cmake_target' from command line to 'None'
[0.251s] Level 5:colcon.colcon_core.verb:set package 'rtabmap_sync' build argument 'cmake_target_skip_unavailable' from command line to 'False'
[0.251s] Level 5:colcon.colcon_core.verb:set package 'rtabmap_sync' build argument 'cmake_clean_cache' from command line to 'False'
[0.251s] Level 5:colcon.colcon_core.verb:set package 'rtabmap_sync' build argument 'cmake_clean_first' from command line to 'False'
[0.251s] Level 5:colcon.colcon_core.verb:set package 'rtabmap_sync' build argument 'cmake_force_configure' from command line to 'False'
[0.251s] Level 5:colcon.colcon_core.verb:set package 'rtabmap_sync' build argument 'ament_cmake_args' from command line to 'None'
[0.251s] Level 5:colcon.colcon_core.verb:set package 'rtabmap_sync' build argument 'catkin_cmake_args' from command line to 'None'
[0.251s] Level 5:colcon.colcon_core.verb:set package 'rtabmap_sync' build argument 'catkin_skip_building_tests' from command line to 'False'
[0.251s] DEBUG:colcon.colcon_core.verb:Building package 'rtabmap_sync' with the following arguments: {'ament_cmake_args': None, 'build_base': '/home/brace/codeSpace/navi/build/rtabmap_sync', 'catkin_cmake_args': None, 'catkin_skip_building_tests': False, 'cmake_args': None, 'cmake_clean_cache': False, 'cmake_clean_first': False, 'cmake_force_configure': False, 'cmake_target': None, 'cmake_target_skip_unavailable': False, 'install_base': '/home/brace/codeSpace/navi/install/rtabmap_sync', 'merge_install': False, 'path': '/home/brace/codeSpace/navi/src/rtabmap_ros/rtabmap_sync', 'symlink_install': False, 'test_result_base': None}
[0.252s] Level 5:colcon.colcon_core.verb:set package 'rtabmap_util' build argument 'cmake_args' from command line to 'None'
[0.252s] Level 5:colcon.colcon_core.verb:set package 'rtabmap_util' build argument 'cmake_target' from command line to 'None'
[0.252s] Level 5:colcon.colcon_core.verb:set package 'rtabmap_util' build argument 'cmake_target_skip_unavailable' from command line to 'False'
[0.252s] Level 5:colcon.colcon_core.verb:set package 'rtabmap_util' build argument 'cmake_clean_cache' from command line to 'False'
[0.252s] Level 5:colcon.colcon_core.verb:set package 'rtabmap_util' build argument 'cmake_clean_first' from command line to 'False'
[0.252s] Level 5:colcon.colcon_core.verb:set package 'rtabmap_util' build argument 'cmake_force_configure' from command line to 'False'
[0.252s] Level 5:colcon.colcon_core.verb:set package 'rtabmap_util' build argument 'ament_cmake_args' from command line to 'None'
[0.252s] Level 5:colcon.colcon_core.verb:set package 'rtabmap_util' build argument 'catkin_cmake_args' from command line to 'None'
[0.252s] Level 5:colcon.colcon_core.verb:set package 'rtabmap_util' build argument 'catkin_skip_building_tests' from command line to 'False'
[0.252s] DEBUG:colcon.colcon_core.verb:Building package 'rtabmap_util' with the following arguments: {'ament_cmake_args': None, 'build_base': '/home/brace/codeSpace/navi/build/rtabmap_util', 'catkin_cmake_args': None, 'catkin_skip_building_tests': False, 'cmake_args': None, 'cmake_clean_cache': False, 'cmake_clean_first': False, 'cmake_force_configure': False, 'cmake_target': None, 'cmake_target_skip_unavailable': False, 'install_base': '/home/brace/codeSpace/navi/install/rtabmap_util', 'merge_install': False, 'path': '/home/brace/codeSpace/navi/src/rtabmap_ros/rtabmap_util', 'symlink_install': False, 'test_result_base': None}
[0.252s] Level 5:colcon.colcon_core.verb:set package 'rtabmap_odom' build argument 'cmake_args' from command line to 'None'
[0.252s] Level 5:colcon.colcon_core.verb:set package 'rtabmap_odom' build argument 'cmake_target' from command line to 'None'
[0.252s] Level 5:colcon.colcon_core.verb:set package 'rtabmap_odom' build argument 'cmake_target_skip_unavailable' from command line to 'False'
[0.252s] Level 5:colcon.colcon_core.verb:set package 'rtabmap_odom' build argument 'cmake_clean_cache' from command line to 'False'
[0.252s] Level 5:colcon.colcon_core.verb:set package 'rtabmap_odom' build argument 'cmake_clean_first' from command line to 'False'
[0.252s] Level 5:colcon.colcon_core.verb:set package 'rtabmap_odom' build argument 'cmake_force_configure' from command line to 'False'
[0.252s] Level 5:colcon.colcon_core.verb:set package 'rtabmap_odom' build argument 'ament_cmake_args' from command line to 'None'
[0.252s] Level 5:colcon.colcon_core.verb:set package 'rtabmap_odom' build argument 'catkin_cmake_args' from command line to 'None'
[0.252s] Level 5:colcon.colcon_core.verb:set package 'rtabmap_odom' build argument 'catkin_skip_building_tests' from command line to 'False'
[0.252s] DEBUG:colcon.colcon_core.verb:Building package 'rtabmap_odom' with the following arguments: {'ament_cmake_args': None, 'build_base': '/home/brace/codeSpace/navi/build/rtabmap_odom', 'catkin_cmake_args': None, 'catkin_skip_building_tests': False, 'cmake_args': None, 'cmake_clean_cache': False, 'cmake_clean_first': False, 'cmake_force_configure': False, 'cmake_target': None, 'cmake_target_skip_unavailable': False, 'install_base': '/home/brace/codeSpace/navi/install/rtabmap_odom', 'merge_install': False, 'path': '/home/brace/codeSpace/navi/src/rtabmap_ros/rtabmap_odom', 'symlink_install': False, 'test_result_base': None}
[0.252s] Level 5:colcon.colcon_core.verb:set package 'rtabmap_slam' build argument 'cmake_args' from command line to 'None'
[0.252s] Level 5:colcon.colcon_core.verb:set package 'rtabmap_slam' build argument 'cmake_target' from command line to 'None'
[0.252s] Level 5:colcon.colcon_core.verb:set package 'rtabmap_slam' build argument 'cmake_target_skip_unavailable' from command line to 'False'
[0.252s] Level 5:colcon.colcon_core.verb:set package 'rtabmap_slam' build argument 'cmake_clean_cache' from command line to 'False'
[0.252s] Level 5:colcon.colcon_core.verb:set package 'rtabmap_slam' build argument 'cmake_clean_first' from command line to 'False'
[0.252s] Level 5:colcon.colcon_core.verb:set package 'rtabmap_slam' build argument 'cmake_force_configure' from command line to 'False'
[0.252s] Level 5:colcon.colcon_core.verb:set package 'rtabmap_slam' build argument 'ament_cmake_args' from command line to 'None'
[0.252s] Level 5:colcon.colcon_core.verb:set package 'rtabmap_slam' build argument 'catkin_cmake_args' from command line to 'None'
[0.252s] Level 5:colcon.colcon_core.verb:set package 'rtabmap_slam' build argument 'catkin_skip_building_tests' from command line to 'False'
[0.252s] DEBUG:colcon.colcon_core.verb:Building package 'rtabmap_slam' with the following arguments: {'ament_cmake_args': None, 'build_base': '/home/brace/codeSpace/navi/build/rtabmap_slam', 'catkin_cmake_args': None, 'catkin_skip_building_tests': False, 'cmake_args': None, 'cmake_clean_cache': False, 'cmake_clean_first': False, 'cmake_force_configure': False, 'cmake_target': None, 'cmake_target_skip_unavailable': False, 'install_base': '/home/brace/codeSpace/navi/install/rtabmap_slam', 'merge_install': False, 'path': '/home/brace/codeSpace/navi/src/rtabmap_ros/rtabmap_slam', 'symlink_install': False, 'test_result_base': None}
[0.253s] Level 5:colcon.colcon_core.verb:set package 'rtabmap_viz' build argument 'cmake_args' from command line to 'None'
[0.253s] Level 5:colcon.colcon_core.verb:set package 'rtabmap_viz' build argument 'cmake_target' from command line to 'None'
[0.253s] Level 5:colcon.colcon_core.verb:set package 'rtabmap_viz' build argument 'cmake_target_skip_unavailable' from command line to 'False'
[0.253s] Level 5:colcon.colcon_core.verb:set package 'rtabmap_viz' build argument 'cmake_clean_cache' from command line to 'False'
[0.253s] Level 5:colcon.colcon_core.verb:set package 'rtabmap_viz' build argument 'cmake_clean_first' from command line to 'False'
[0.253s] Level 5:colcon.colcon_core.verb:set package 'rtabmap_viz' build argument 'cmake_force_configure' from command line to 'False'
[0.253s] Level 5:colcon.colcon_core.verb:set package 'rtabmap_viz' build argument 'ament_cmake_args' from command line to 'None'
[0.253s] Level 5:colcon.colcon_core.verb:set package 'rtabmap_viz' build argument 'catkin_cmake_args' from command line to 'None'
[0.253s] Level 5:colcon.colcon_core.verb:set package 'rtabmap_viz' build argument 'catkin_skip_building_tests' from command line to 'False'
[0.253s] DEBUG:colcon.colcon_core.verb:Building package 'rtabmap_viz' with the following arguments: {'ament_cmake_args': None, 'build_base': '/home/brace/codeSpace/navi/build/rtabmap_viz', 'catkin_cmake_args': None, 'catkin_skip_building_tests': False, 'cmake_args': None, 'cmake_clean_cache': False, 'cmake_clean_first': False, 'cmake_force_configure': False, 'cmake_target': None, 'cmake_target_skip_unavailable': False, 'install_base': '/home/brace/codeSpace/navi/install/rtabmap_viz', 'merge_install': False, 'path': '/home/brace/codeSpace/navi/src/rtabmap_ros/rtabmap_viz', 'symlink_install': False, 'test_result_base': None}
[0.253s] Level 5:colcon.colcon_core.verb:set package 'rtabmap_demos' build argument 'cmake_args' from command line to 'None'
[0.253s] Level 5:colcon.colcon_core.verb:set package 'rtabmap_demos' build argument 'cmake_target' from command line to 'None'
[0.253s] Level 5:colcon.colcon_core.verb:set package 'rtabmap_demos' build argument 'cmake_target_skip_unavailable' from command line to 'False'
[0.253s] Level 5:colcon.colcon_core.verb:set package 'rtabmap_demos' build argument 'cmake_clean_cache' from command line to 'False'
[0.253s] Level 5:colcon.colcon_core.verb:set package 'rtabmap_demos' build argument 'cmake_clean_first' from command line to 'False'
[0.253s] Level 5:colcon.colcon_core.verb:set package 'rtabmap_demos' build argument 'cmake_force_configure' from command line to 'False'
[0.253s] Level 5:colcon.colcon_core.verb:set package 'rtabmap_demos' build argument 'ament_cmake_args' from command line to 'None'
[0.253s] Level 5:colcon.colcon_core.verb:set package 'rtabmap_demos' build argument 'catkin_cmake_args' from command line to 'None'
[0.253s] Level 5:colcon.colcon_core.verb:set package 'rtabmap_demos' build argument 'catkin_skip_building_tests' from command line to 'False'
[0.253s] DEBUG:colcon.colcon_core.verb:Building package 'rtabmap_demos' with the following arguments: {'ament_cmake_args': None, 'build_base': '/home/brace/codeSpace/navi/build/rtabmap_demos', 'catkin_cmake_args': None, 'catkin_skip_building_tests': False, 'cmake_args': None, 'cmake_clean_cache': False, 'cmake_clean_first': False, 'cmake_force_configure': False, 'cmake_target': None, 'cmake_target_skip_unavailable': False, 'install_base': '/home/brace/codeSpace/navi/install/rtabmap_demos', 'merge_install': False, 'path': '/home/brace/codeSpace/navi/src/rtabmap_ros/rtabmap_demos', 'symlink_install': False, 'test_result_base': None}
[0.253s] Level 5:colcon.colcon_core.verb:set package 'rtabmap_examples' build argument 'cmake_args' from command line to 'None'
[0.253s] Level 5:colcon.colcon_core.verb:set package 'rtabmap_examples' build argument 'cmake_target' from command line to 'None'
[0.253s] Level 5:colcon.colcon_core.verb:set package 'rtabmap_examples' build argument 'cmake_target_skip_unavailable' from command line to 'False'
[0.253s] Level 5:colcon.colcon_core.verb:set package 'rtabmap_examples' build argument 'cmake_clean_cache' from command line to 'False'
[0.253s] Level 5:colcon.colcon_core.verb:set package 'rtabmap_examples' build argument 'cmake_clean_first' from command line to 'False'
[0.253s] Level 5:colcon.colcon_core.verb:set package 'rtabmap_examples' build argument 'cmake_force_configure' from command line to 'False'
[0.253s] Level 5:colcon.colcon_core.verb:set package 'rtabmap_examples' build argument 'ament_cmake_args' from command line to 'None'
[0.253s] Level 5:colcon.colcon_core.verb:set package 'rtabmap_examples' build argument 'catkin_cmake_args' from command line to 'None'
[0.253s] Level 5:colcon.colcon_core.verb:set package 'rtabmap_examples' build argument 'catkin_skip_building_tests' from command line to 'False'
[0.253s] DEBUG:colcon.colcon_core.verb:Building package 'rtabmap_examples' with the following arguments: {'ament_cmake_args': None, 'build_base': '/home/brace/codeSpace/navi/build/rtabmap_examples', 'catkin_cmake_args': None, 'catkin_skip_building_tests': False, 'cmake_args': None, 'cmake_clean_cache': False, 'cmake_clean_first': False, 'cmake_force_configure': False, 'cmake_target': None, 'cmake_target_skip_unavailable': False, 'install_base': '/home/brace/codeSpace/navi/install/rtabmap_examples', 'merge_install': False, 'path': '/home/brace/codeSpace/navi/src/rtabmap_ros/rtabmap_examples', 'symlink_install': False, 'test_result_base': None}
[0.253s] Level 5:colcon.colcon_core.verb:set package 'rtabmap_launch' build argument 'cmake_args' from command line to 'None'
[0.253s] Level 5:colcon.colcon_core.verb:set package 'rtabmap_launch' build argument 'cmake_target' from command line to 'None'
[0.253s] Level 5:colcon.colcon_core.verb:set package 'rtabmap_launch' build argument 'cmake_target_skip_unavailable' from command line to 'False'
[0.253s] Level 5:colcon.colcon_core.verb:set package 'rtabmap_launch' build argument 'cmake_clean_cache' from command line to 'False'
[0.253s] Level 5:colcon.colcon_core.verb:set package 'rtabmap_launch' build argument 'cmake_clean_first' from command line to 'False'
[0.254s] Level 5:colcon.colcon_core.verb:set package 'rtabmap_launch' build argument 'cmake_force_configure' from command line to 'False'
[0.254s] Level 5:colcon.colcon_core.verb:set package 'rtabmap_launch' build argument 'ament_cmake_args' from command line to 'None'
[0.254s] Level 5:colcon.colcon_core.verb:set package 'rtabmap_launch' build argument 'catkin_cmake_args' from command line to 'None'
[0.254s] Level 5:colcon.colcon_core.verb:set package 'rtabmap_launch' build argument 'catkin_skip_building_tests' from command line to 'False'
[0.254s] DEBUG:colcon.colcon_core.verb:Building package 'rtabmap_launch' with the following arguments: {'ament_cmake_args': None, 'build_base': '/home/brace/codeSpace/navi/build/rtabmap_launch', 'catkin_cmake_args': None, 'catkin_skip_building_tests': False, 'cmake_args': None, 'cmake_clean_cache': False, 'cmake_clean_first': False, 'cmake_force_configure': False, 'cmake_target': None, 'cmake_target_skip_unavailable': False, 'install_base': '/home/brace/codeSpace/navi/install/rtabmap_launch', 'merge_install': False, 'path': '/home/brace/codeSpace/navi/src/rtabmap_ros/rtabmap_launch', 'symlink_install': False, 'test_result_base': None}
[0.254s] Level 5:colcon.colcon_core.verb:set package 'rtabmap_ros' build argument 'cmake_args' from command line to 'None'
[0.254s] Level 5:colcon.colcon_core.verb:set package 'rtabmap_ros' build argument 'cmake_target' from command line to 'None'
[0.254s] Level 5:colcon.colcon_core.verb:set package 'rtabmap_ros' build argument 'cmake_target_skip_unavailable' from command line to 'False'
[0.254s] Level 5:colcon.colcon_core.verb:set package 'rtabmap_ros' build argument 'cmake_clean_cache' from command line to 'False'
[0.254s] Level 5:colcon.colcon_core.verb:set package 'rtabmap_ros' build argument 'cmake_clean_first' from command line to 'False'
[0.254s] Level 5:colcon.colcon_core.verb:set package 'rtabmap_ros' build argument 'cmake_force_configure' from command line to 'False'
[0.254s] Level 5:colcon.colcon_core.verb:set package 'rtabmap_ros' build argument 'ament_cmake_args' from command line to 'None'
[0.254s] Level 5:colcon.colcon_core.verb:set package 'rtabmap_ros' build argument 'catkin_cmake_args' from command line to 'None'
[0.254s] Level 5:colcon.colcon_core.verb:set package 'rtabmap_ros' build argument 'catkin_skip_building_tests' from command line to 'False'
[0.254s] DEBUG:colcon.colcon_core.verb:Building package 'rtabmap_ros' with the following arguments: {'ament_cmake_args': None, 'build_base': '/home/brace/codeSpace/navi/build/rtabmap_ros', 'catkin_cmake_args': None, 'catkin_skip_building_tests': False, 'cmake_args': None, 'cmake_clean_cache': False, 'cmake_clean_first': False, 'cmake_force_configure': False, 'cmake_target': None, 'cmake_target_skip_unavailable': False, 'install_base': '/home/brace/codeSpace/navi/install/rtabmap_ros', 'merge_install': False, 'path': '/home/brace/codeSpace/navi/src/rtabmap_ros/rtabmap_ros', 'symlink_install': False, 'test_result_base': None}
[0.254s] INFO:colcon.colcon_core.executor:Executing jobs using 'parallel' executor
[0.255s] DEBUG:colcon.colcon_parallel_executor.executor.parallel:run_until_complete
[0.255s] INFO:colcon.colcon_ros.task.cmake.build:Building ROS package in '/home/brace/codeSpace/navi/src/rtabmap' with build type 'cmake'
[0.255s] INFO:colcon.colcon_cmake.task.cmake.build:Building CMake package in '/home/brace/codeSpace/navi/src/rtabmap'
[0.257s] INFO:colcon.colcon_core.plugin_system:Skipping extension 'colcon_core.shell.bat': Not used on non-Windows systems
[0.257s] INFO:colcon.colcon_core.shell:Skip shell extension 'powershell' for command environment: Not usable outside of PowerShell
[0.257s] DEBUG:colcon.colcon_core.shell:Skip shell extension 'dsv' for command environment
[0.259s] INFO:colcon.colcon_ros.task.ament_cmake.build:Building ROS package in '/home/brace/codeSpace/navi/src/rtabmap_ros/rtabmap_msgs' with build type 'ament_cmake'
[0.259s] INFO:colcon.colcon_cmake.task.cmake.build:Building CMake package in '/home/brace/codeSpace/navi/src/rtabmap_ros/rtabmap_msgs'
[0.259s] INFO:colcon.colcon_core.shell:Skip shell extension 'powershell' for command environment: Not usable outside of PowerShell
[0.259s] DEBUG:colcon.colcon_core.shell:Skip shell extension 'dsv' for command environment
[0.261s] INFO:colcon.colcon_ros.task.ament_cmake.build:Building ROS package in '/home/brace/codeSpace/navi/src/realsense-ros/realsense2_camera_msgs' with build type 'ament_cmake'
[0.261s] INFO:colcon.colcon_cmake.task.cmake.build:Building CMake package in '/home/brace/codeSpace/navi/src/realsense-ros/realsense2_camera_msgs'
[0.261s] INFO:colcon.colcon_core.shell:Skip shell extension 'powershell' for command environment: Not usable outside of PowerShell
[0.261s] DEBUG:colcon.colcon_core.shell:Skip shell extension 'dsv' for command environment
[0.263s] INFO:colcon.colcon_ros.task.ament_python.build:Building ROS package in '/home/brace/codeSpace/navi/src/rtabmap_ros/rtabmap_python' with build type 'ament_python'
[0.263s] Level 1:colcon.colcon_core.shell:create_environment_hook('rtabmap_python', 'ament_prefix_path')
[0.263s] INFO:colcon.colcon_core.shell:Creating environment hook '/home/brace/codeSpace/navi/install/rtabmap_python/share/rtabmap_python/hook/ament_prefix_path.ps1'
[0.264s] INFO:colcon.colcon_core.shell:Creating environment descriptor '/home/brace/codeSpace/navi/install/rtabmap_python/share/rtabmap_python/hook/ament_prefix_path.dsv'
[0.264s] INFO:colcon.colcon_core.shell:Creating environment hook '/home/brace/codeSpace/navi/install/rtabmap_python/share/rtabmap_python/hook/ament_prefix_path.sh'
[0.265s] INFO:colcon.colcon_core.shell:Skip shell extension 'powershell' for command environment: Not usable outside of PowerShell
[0.265s] DEBUG:colcon.colcon_core.shell:Skip shell extension 'dsv' for command environment
[0.266s] INFO:colcon.colcon_ros.task.ament_python.build:Building ROS package in '/home/brace/codeSpace/navi/src/realsense-ros/realsense2_ros_mqtt_bridge' with build type 'ament_python'
[0.266s] Level 1:colcon.colcon_core.shell:create_environment_hook('realsense2_ros_mqtt_bridge', 'ament_prefix_path')
[0.267s] INFO:colcon.colcon_core.shell:Creating environment hook '/home/brace/codeSpace/navi/install/realsense2_ros_mqtt_bridge/share/realsense2_ros_mqtt_bridge/hook/ament_prefix_path.ps1'
[0.267s] INFO:colcon.colcon_core.shell:Creating environment descriptor '/home/brace/codeSpace/navi/install/realsense2_ros_mqtt_bridge/share/realsense2_ros_mqtt_bridge/hook/ament_prefix_path.dsv'
[0.267s] INFO:colcon.colcon_core.shell:Creating environment hook '/home/brace/codeSpace/navi/install/realsense2_ros_mqtt_bridge/share/realsense2_ros_mqtt_bridge/hook/ament_prefix_path.sh'
[0.267s] INFO:colcon.colcon_core.shell:Skip shell extension 'powershell' for command environment: Not usable outside of PowerShell
[0.268s] DEBUG:colcon.colcon_core.shell:Skip shell extension 'dsv' for command environment
[0.272s] DEBUG:colcon.colcon_core.event_handler.log_command:Invoking command in '/home/brace/codeSpace/navi/build/rtabmap': CMAKE_PREFIX_PATH=/opt/ros/humble /usr/bin/cmake /home/brace/codeSpace/navi/src/rtabmap -DCMAKE_INSTALL_PREFIX=/home/brace/codeSpace/navi/install/rtabmap
[0.274s] DEBUG:colcon.colcon_core.event_handler.log_command:Invoking command in '/home/brace/codeSpace/navi/build/rtabmap_msgs': CMAKE_PREFIX_PATH=/opt/ros/humble /usr/bin/cmake /home/brace/codeSpace/navi/src/rtabmap_ros/rtabmap_msgs -DCMAKE_INSTALL_PREFIX=/home/brace/codeSpace/navi/install/rtabmap_msgs
[0.275s] DEBUG:colcon.colcon_core.event_handler.log_command:Invoking command in '/home/brace/codeSpace/navi/build/realsense2_camera_msgs': CMAKE_PREFIX_PATH=/opt/ros/humble /usr/bin/cmake /home/brace/codeSpace/navi/src/realsense-ros/realsense2_camera_msgs -DCMAKE_INSTALL_PREFIX=/home/brace/codeSpace/navi/install/realsense2_camera_msgs
[0.424s] INFO:colcon.colcon_core.task.python.build:Building Python package in '/home/brace/codeSpace/navi/src/rtabmap_ros/rtabmap_python'
[0.425s] INFO:colcon.colcon_core.shell:Skip shell extension 'powershell' for command environment: Not usable outside of PowerShell
[0.425s] DEBUG:colcon.colcon_core.shell:Skip shell extension 'dsv' for command environment
[0.579s] INFO:colcon.colcon_core.task.python.build:Building Python package in '/home/brace/codeSpace/navi/src/realsense-ros/realsense2_ros_mqtt_bridge'
[0.579s] INFO:colcon.colcon_core.shell:Skip shell extension 'powershell' for command environment: Not usable outside of PowerShell
[0.579s] DEBUG:colcon.colcon_core.shell:Skip shell extension 'dsv' for command environment
[0.795s] DEBUG:colcon.colcon_core.event_handler.log_command:Invoking command in '/home/brace/codeSpace/navi/src/realsense-ros/realsense2_ros_mqtt_bridge': PYTHONPATH=/home/brace/codeSpace/navi/build/realsense2_ros_mqtt_bridge/prefix_override:/usr/lib/python3/dist-packages/colcon_core/task/python/colcon_distutils_commands:/home/brace/codeSpace/navi/install/realsense2_ros_mqtt_bridge/lib/python3.10/site-packages:${PYTHONPATH} /usr/bin/python3 -W ignore:setup.py install is deprecated -W ignore:easy_install command is deprecated setup.py egg_info --egg-base ../../../build/realsense2_ros_mqtt_bridge build --build-base /home/brace/codeSpace/navi/build/realsense2_ros_mqtt_bridge/build install --record /home/brace/codeSpace/navi/build/realsense2_ros_mqtt_bridge/install.log --single-version-externally-managed install_data
[0.797s] DEBUG:colcon.colcon_core.event_handler.log_command:Invoking command in '/home/brace/codeSpace/navi/build/rtabmap_python': PYTHONPATH=/home/brace/codeSpace/navi/build/rtabmap_python/prefix_override:/usr/lib/python3/dist-packages/colcon_core/task/python/colcon_distutils_commands:/home/brace/codeSpace/navi/install/rtabmap_python/lib/python3.10/site-packages:${PYTHONPATH} /usr/bin/python3 -W ignore:setup.py install is deprecated -W ignore:easy_install command is deprecated setup.py develop --uninstall --editable --build-directory /home/brace/codeSpace/navi/build/rtabmap_python/build
[0.974s] DEBUG:colcon.colcon_core.event_handler.log_command:Invoked command in '/home/brace/codeSpace/navi/src/realsense-ros/realsense2_ros_mqtt_bridge' returned '0': PYTHONPATH=/home/brace/codeSpace/navi/build/realsense2_ros_mqtt_bridge/prefix_override:/usr/lib/python3/dist-packages/colcon_core/task/python/colcon_distutils_commands:/home/brace/codeSpace/navi/install/realsense2_ros_mqtt_bridge/lib/python3.10/site-packages:${PYTHONPATH} /usr/bin/python3 -W ignore:setup.py install is deprecated -W ignore:easy_install command is deprecated setup.py egg_info --egg-base ../../../build/realsense2_ros_mqtt_bridge build --build-base /home/brace/codeSpace/navi/build/realsense2_ros_mqtt_bridge/build install --record /home/brace/codeSpace/navi/build/realsense2_ros_mqtt_bridge/install.log --single-version-externally-managed install_data
[0.977s] Level 1:colcon.colcon_core.environment:checking '/home/brace/codeSpace/navi/install/realsense2_ros_mqtt_bridge' for CMake module files
[0.978s] Level 1:colcon.colcon_core.environment:checking '/home/brace/codeSpace/navi/install/realsense2_ros_mqtt_bridge' for CMake config files
[0.979s] Level 1:colcon.colcon_core.environment:checking '/home/brace/codeSpace/navi/install/realsense2_ros_mqtt_bridge/lib'
[0.979s] Level 1:colcon.colcon_core.environment:checking '/home/brace/codeSpace/navi/install/realsense2_ros_mqtt_bridge/bin'
[0.979s] Level 1:colcon.colcon_core.environment:checking '/home/brace/codeSpace/navi/install/realsense2_ros_mqtt_bridge/lib/pkgconfig/realsense2_ros_mqtt_bridge.pc'
[0.979s] Level 1:colcon.colcon_core.environment:checking '/home/brace/codeSpace/navi/install/realsense2_ros_mqtt_bridge/lib/python3.10/site-packages'
[0.979s] Level 1:colcon.colcon_core.shell:create_environment_hook('realsense2_ros_mqtt_bridge', 'pythonpath')
[0.980s] INFO:colcon.colcon_core.shell:Creating environment hook '/home/brace/codeSpace/navi/install/realsense2_ros_mqtt_bridge/share/realsense2_ros_mqtt_bridge/hook/pythonpath.ps1'
[0.980s] INFO:colcon.colcon_core.shell:Creating environment descriptor '/home/brace/codeSpace/navi/install/realsense2_ros_mqtt_bridge/share/realsense2_ros_mqtt_bridge/hook/pythonpath.dsv'
[0.981s] INFO:colcon.colcon_core.shell:Creating environment hook '/home/brace/codeSpace/navi/install/realsense2_ros_mqtt_bridge/share/realsense2_ros_mqtt_bridge/hook/pythonpath.sh'
[0.981s] Level 1:colcon.colcon_core.environment:checking '/home/brace/codeSpace/navi/install/realsense2_ros_mqtt_bridge/bin'
[0.982s] Level 1:colcon.colcon_core.environment:create_environment_scripts_only(realsense2_ros_mqtt_bridge)
[0.982s] INFO:colcon.colcon_core.shell:Creating package script '/home/brace/codeSpace/navi/install/realsense2_ros_mqtt_bridge/share/realsense2_ros_mqtt_bridge/package.ps1'
[0.983s] INFO:colcon.colcon_core.shell:Creating package descriptor '/home/brace/codeSpace/navi/install/realsense2_ros_mqtt_bridge/share/realsense2_ros_mqtt_bridge/package.dsv'
[0.984s] INFO:colcon.colcon_core.shell:Creating package script '/home/brace/codeSpace/navi/install/realsense2_ros_mqtt_bridge/share/realsense2_ros_mqtt_bridge/package.sh'
[0.984s] INFO:colcon.colcon_core.shell:Creating package script '/home/brace/codeSpace/navi/install/realsense2_ros_mqtt_bridge/share/realsense2_ros_mqtt_bridge/package.bash'
[0.985s] INFO:colcon.colcon_core.shell:Creating package script '/home/brace/codeSpace/navi/install/realsense2_ros_mqtt_bridge/share/realsense2_ros_mqtt_bridge/package.zsh'
[0.986s] Level 1:colcon.colcon_core.environment:create_file_with_runtime_dependencies(/home/brace/codeSpace/navi/install/realsense2_ros_mqtt_bridge/share/colcon-core/packages/realsense2_ros_mqtt_bridge)
[1.050s] DEBUG:colcon.colcon_core.event_handler.log_command:Invoked command in '/home/brace/codeSpace/navi/build/rtabmap_python' returned '0': PYTHONPATH=/home/brace/codeSpace/navi/build/rtabmap_python/prefix_override:/usr/lib/python3/dist-packages/colcon_core/task/python/colcon_distutils_commands:/home/brace/codeSpace/navi/install/rtabmap_python/lib/python3.10/site-packages:${PYTHONPATH} /usr/bin/python3 -W ignore:setup.py install is deprecated -W ignore:easy_install command is deprecated setup.py develop --uninstall --editable --build-directory /home/brace/codeSpace/navi/build/rtabmap_python/build
[1.051s] DEBUG:colcon.colcon_core.event_handler.log_command:Invoking command in '/home/brace/codeSpace/navi/src/rtabmap_ros/rtabmap_python': PYTHONPATH=/home/brace/codeSpace/navi/build/rtabmap_python/prefix_override:/usr/lib/python3/dist-packages/colcon_core/task/python/colcon_distutils_commands:/home/brace/codeSpace/navi/install/rtabmap_python/lib/python3.10/site-packages:${PYTHONPATH} /usr/bin/python3 -W ignore:setup.py install is deprecated -W ignore:easy_install command is deprecated setup.py egg_info --egg-base ../../../build/rtabmap_python build --build-base /home/brace/codeSpace/navi/build/rtabmap_python/build install --record /home/brace/codeSpace/navi/build/rtabmap_python/install.log --single-version-externally-managed install_data --force
[1.229s] Level 1:colcon.colcon_core.environment:checking '/home/brace/codeSpace/navi/install/rtabmap_python' for CMake module files
[1.230s] DEBUG:colcon.colcon_core.event_handler.log_command:Invoked command in '/home/brace/codeSpace/navi/src/rtabmap_ros/rtabmap_python' returned '0': PYTHONPATH=/home/brace/codeSpace/navi/build/rtabmap_python/prefix_override:/usr/lib/python3/dist-packages/colcon_core/task/python/colcon_distutils_commands:/home/brace/codeSpace/navi/install/rtabmap_python/lib/python3.10/site-packages:${PYTHONPATH} /usr/bin/python3 -W ignore:setup.py install is deprecated -W ignore:easy_install command is deprecated setup.py egg_info --egg-base ../../../build/rtabmap_python build --build-base /home/brace/codeSpace/navi/build/rtabmap_python/build install --record /home/brace/codeSpace/navi/build/rtabmap_python/install.log --single-version-externally-managed install_data --force
[1.230s] Level 1:colcon.colcon_core.environment:checking '/home/brace/codeSpace/navi/install/rtabmap_python' for CMake config files
[1.230s] Level 1:colcon.colcon_core.environment:checking '/home/brace/codeSpace/navi/install/rtabmap_python/lib'
[1.230s] Level 1:colcon.colcon_core.environment:checking '/home/brace/codeSpace/navi/install/rtabmap_python/bin'
[1.230s] Level 1:colcon.colcon_core.environment:checking '/home/brace/codeSpace/navi/install/rtabmap_python/lib/pkgconfig/rtabmap_python.pc'
[1.230s] Level 1:colcon.colcon_core.environment:checking '/home/brace/codeSpace/navi/install/rtabmap_python/lib/python3.10/site-packages'
[1.230s] Level 1:colcon.colcon_core.shell:create_environment_hook('rtabmap_python', 'pythonpath')
[1.231s] INFO:colcon.colcon_core.shell:Creating environment hook '/home/brace/codeSpace/navi/install/rtabmap_python/share/rtabmap_python/hook/pythonpath.ps1'
[1.231s] INFO:colcon.colcon_core.shell:Creating environment descriptor '/home/brace/codeSpace/navi/install/rtabmap_python/share/rtabmap_python/hook/pythonpath.dsv'
[1.231s] INFO:colcon.colcon_core.shell:Creating environment hook '/home/brace/codeSpace/navi/install/rtabmap_python/share/rtabmap_python/hook/pythonpath.sh'
[1.232s] Level 1:colcon.colcon_core.environment:checking '/home/brace/codeSpace/navi/install/rtabmap_python/bin'
[1.232s] Level 1:colcon.colcon_core.environment:create_environment_scripts_only(rtabmap_python)
[1.232s] INFO:colcon.colcon_core.shell:Creating package script '/home/brace/codeSpace/navi/install/rtabmap_python/share/rtabmap_python/package.ps1'
[1.233s] INFO:colcon.colcon_core.shell:Creating package descriptor '/home/brace/codeSpace/navi/install/rtabmap_python/share/rtabmap_python/package.dsv'
[1.233s] INFO:colcon.colcon_core.shell:Creating package script '/home/brace/codeSpace/navi/install/rtabmap_python/share/rtabmap_python/package.sh'
[1.233s] INFO:colcon.colcon_core.shell:Creating package script '/home/brace/codeSpace/navi/install/rtabmap_python/share/rtabmap_python/package.bash'
[1.233s] INFO:colcon.colcon_core.shell:Creating package script '/home/brace/codeSpace/navi/install/rtabmap_python/share/rtabmap_python/package.zsh'
[1.233s] Level 1:colcon.colcon_core.environment:create_file_with_runtime_dependencies(/home/brace/codeSpace/navi/install/rtabmap_python/share/colcon-core/packages/rtabmap_python)
[1.508s] DEBUG:colcon.colcon_core.event_handler.log_command:Invoked command in '/home/brace/codeSpace/navi/build/rtabmap_msgs' returned '0': CMAKE_PREFIX_PATH=/opt/ros/humble /usr/bin/cmake /home/brace/codeSpace/navi/src/rtabmap_ros/rtabmap_msgs -DCMAKE_INSTALL_PREFIX=/home/brace/codeSpace/navi/install/rtabmap_msgs
[1.510s] DEBUG:colcon.colcon_core.event_handler.log_command:Invoking command in '/home/brace/codeSpace/navi/build/rtabmap_msgs': CMAKE_PREFIX_PATH=/opt/ros/humble /usr/bin/cmake --build /home/brace/codeSpace/navi/build/rtabmap_msgs -- -j16 -l16
[1.724s] DEBUG:colcon.colcon_core.event_handler.log_command:Invoked command in '/home/brace/codeSpace/navi/build/realsense2_camera_msgs' returned '0': CMAKE_PREFIX_PATH=/opt/ros/humble /usr/bin/cmake /home/brace/codeSpace/navi/src/realsense-ros/realsense2_camera_msgs -DCMAKE_INSTALL_PREFIX=/home/brace/codeSpace/navi/install/realsense2_camera_msgs
[1.726s] DEBUG:colcon.colcon_core.event_handler.log_command:Invoking command in '/home/brace/codeSpace/navi/build/realsense2_camera_msgs': CMAKE_PREFIX_PATH=/opt/ros/humble /usr/bin/cmake --build /home/brace/codeSpace/navi/build/realsense2_camera_msgs -- -j16 -l16
[1.780s] DEBUG:colcon.colcon_core.event_handler.log_command:Invoked command in '/home/brace/codeSpace/navi/build/rtabmap_msgs' returned '0': CMAKE_PREFIX_PATH=/opt/ros/humble /usr/bin/cmake --build /home/brace/codeSpace/navi/build/rtabmap_msgs -- -j16 -l16
[1.788s] DEBUG:colcon.colcon_core.event_handler.log_command:Invoking command in '/home/brace/codeSpace/navi/build/rtabmap_msgs': CMAKE_PREFIX_PATH=/opt/ros/humble /usr/bin/cmake --install /home/brace/codeSpace/navi/build/rtabmap_msgs
[1.883s] Level 1:colcon.colcon_core.environment:create_environment_scripts_only(rtabmap_msgs)
[1.884s] Level 1:colcon.colcon_core.environment:checking '/home/brace/codeSpace/navi/install/rtabmap_msgs' for CMake module files
[1.884s] DEBUG:colcon.colcon_core.event_handler.log_command:Invoked command in '/home/brace/codeSpace/navi/build/rtabmap_msgs' returned '0': CMAKE_PREFIX_PATH=/opt/ros/humble /usr/bin/cmake --install /home/brace/codeSpace/navi/build/rtabmap_msgs
[1.884s] Level 1:colcon.colcon_core.environment:checking '/home/brace/codeSpace/navi/install/rtabmap_msgs' for CMake config files
[1.886s] Level 1:colcon.colcon_core.shell:create_environment_hook('rtabmap_msgs', 'cmake_prefix_path')
[1.887s] INFO:colcon.colcon_core.shell:Creating environment hook '/home/brace/codeSpace/navi/install/rtabmap_msgs/share/rtabmap_msgs/hook/cmake_prefix_path.ps1'
[1.887s] INFO:colcon.colcon_core.shell:Creating environment descriptor '/home/brace/codeSpace/navi/install/rtabmap_msgs/share/rtabmap_msgs/hook/cmake_prefix_path.dsv'
[1.887s] INFO:colcon.colcon_core.shell:Creating environment hook '/home/brace/codeSpace/navi/install/rtabmap_msgs/share/rtabmap_msgs/hook/cmake_prefix_path.sh'
[1.888s] Level 1:colcon.colcon_core.environment:checking '/home/brace/codeSpace/navi/install/rtabmap_msgs/lib'
[1.888s] Level 1:colcon.colcon_core.shell:create_environment_hook('rtabmap_msgs', 'ld_library_path_lib')
[1.888s] INFO:colcon.colcon_core.shell:Creating environment hook '/home/brace/codeSpace/navi/install/rtabmap_msgs/share/rtabmap_msgs/hook/ld_library_path_lib.ps1'
[1.888s] INFO:colcon.colcon_core.shell:Creating environment descriptor '/home/brace/codeSpace/navi/install/rtabmap_msgs/share/rtabmap_msgs/hook/ld_library_path_lib.dsv'
[1.888s] INFO:colcon.colcon_core.shell:Creating environment hook '/home/brace/codeSpace/navi/install/rtabmap_msgs/share/rtabmap_msgs/hook/ld_library_path_lib.sh'
[1.888s] Level 1:colcon.colcon_core.environment:checking '/home/brace/codeSpace/navi/install/rtabmap_msgs/bin'
[1.888s] Level 1:colcon.colcon_core.environment:checking '/home/brace/codeSpace/navi/install/rtabmap_msgs/lib/pkgconfig/rtabmap_msgs.pc'
[1.889s] Level 1:colcon.colcon_core.environment:checking '/home/brace/codeSpace/navi/install/rtabmap_msgs/lib/python3.10/site-packages'
[1.889s] Level 1:colcon.colcon_core.environment:checking '/home/brace/codeSpace/navi/install/rtabmap_msgs/bin'
[1.889s] INFO:colcon.colcon_core.shell:Creating package script '/home/brace/codeSpace/navi/install/rtabmap_msgs/share/rtabmap_msgs/package.ps1'
[1.889s] INFO:colcon.colcon_core.shell:Creating package descriptor '/home/brace/codeSpace/navi/install/rtabmap_msgs/share/rtabmap_msgs/package.dsv'
[1.889s] INFO:colcon.colcon_core.shell:Creating package script '/home/brace/codeSpace/navi/install/rtabmap_msgs/share/rtabmap_msgs/package.sh'
[1.890s] INFO:colcon.colcon_core.shell:Creating package script '/home/brace/codeSpace/navi/install/rtabmap_msgs/share/rtabmap_msgs/package.bash'
[1.890s] INFO:colcon.colcon_core.shell:Creating package script '/home/brace/codeSpace/navi/install/rtabmap_msgs/share/rtabmap_msgs/package.zsh'
[1.890s] Level 1:colcon.colcon_core.environment:create_file_with_runtime_dependencies(/home/brace/codeSpace/navi/install/rtabmap_msgs/share/colcon-core/packages/rtabmap_msgs)
[1.890s] Level 1:colcon.colcon_core.environment:create_environment_scripts_only(rtabmap_msgs)
[1.891s] Level 1:colcon.colcon_core.environment:checking '/home/brace/codeSpace/navi/install/rtabmap_msgs' for CMake module files
[1.891s] Level 1:colcon.colcon_core.environment:checking '/home/brace/codeSpace/navi/install/rtabmap_msgs' for CMake config files
[1.893s] Level 1:colcon.colcon_core.shell:create_environment_hook('rtabmap_msgs', 'cmake_prefix_path')
[1.893s] INFO:colcon.colcon_core.shell:Creating environment hook '/home/brace/codeSpace/navi/install/rtabmap_msgs/share/rtabmap_msgs/hook/cmake_prefix_path.ps1'
[1.893s] INFO:colcon.colcon_core.shell:Creating environment descriptor '/home/brace/codeSpace/navi/install/rtabmap_msgs/share/rtabmap_msgs/hook/cmake_prefix_path.dsv'
[1.893s] INFO:colcon.colcon_core.shell:Creating environment hook '/home/brace/codeSpace/navi/install/rtabmap_msgs/share/rtabmap_msgs/hook/cmake_prefix_path.sh'
[1.894s] Level 1:colcon.colcon_core.environment:checking '/home/brace/codeSpace/navi/install/rtabmap_msgs/lib'
[1.894s] Level 1:colcon.colcon_core.shell:create_environment_hook('rtabmap_msgs', 'ld_library_path_lib')
[1.894s] INFO:colcon.colcon_core.shell:Creating environment hook '/home/brace/codeSpace/navi/install/rtabmap_msgs/share/rtabmap_msgs/hook/ld_library_path_lib.ps1'
[1.894s] INFO:colcon.colcon_core.shell:Creating environment descriptor '/home/brace/codeSpace/navi/install/rtabmap_msgs/share/rtabmap_msgs/hook/ld_library_path_lib.dsv'
[1.894s] INFO:colcon.colcon_core.shell:Creating environment hook '/home/brace/codeSpace/navi/install/rtabmap_msgs/share/rtabmap_msgs/hook/ld_library_path_lib.sh'
[1.895s] Level 1:colcon.colcon_core.environment:checking '/home/brace/codeSpace/navi/install/rtabmap_msgs/bin'
[1.895s] Level 1:colcon.colcon_core.environment:checking '/home/brace/codeSpace/navi/install/rtabmap_msgs/lib/pkgconfig/rtabmap_msgs.pc'
[1.895s] Level 1:colcon.colcon_core.environment:checking '/home/brace/codeSpace/navi/install/rtabmap_msgs/lib/python3.10/site-packages'
[1.895s] Level 1:colcon.colcon_core.environment:checking '/home/brace/codeSpace/navi/install/rtabmap_msgs/bin'
[1.895s] INFO:colcon.colcon_core.shell:Creating package script '/home/brace/codeSpace/navi/install/rtabmap_msgs/share/rtabmap_msgs/package.ps1'
[1.895s] INFO:colcon.colcon_core.shell:Creating package descriptor '/home/brace/codeSpace/navi/install/rtabmap_msgs/share/rtabmap_msgs/package.dsv'
[1.896s] INFO:colcon.colcon_core.shell:Creating package script '/home/brace/codeSpace/navi/install/rtabmap_msgs/share/rtabmap_msgs/package.sh'
[1.896s] INFO:colcon.colcon_core.shell:Creating package script '/home/brace/codeSpace/navi/install/rtabmap_msgs/share/rtabmap_msgs/package.bash'
[1.896s] INFO:colcon.colcon_core.shell:Creating package script '/home/brace/codeSpace/navi/install/rtabmap_msgs/share/rtabmap_msgs/package.zsh'
[1.896s] Level 1:colcon.colcon_core.environment:create_file_with_runtime_dependencies(/home/brace/codeSpace/navi/install/rtabmap_msgs/share/colcon-core/packages/rtabmap_msgs)
[1.958s] DEBUG:colcon.colcon_core.event_handler.log_command:Invoked command in '/home/brace/codeSpace/navi/build/rtabmap' returned '0': CMAKE_PREFIX_PATH=/opt/ros/humble /usr/bin/cmake /home/brace/codeSpace/navi/src/rtabmap -DCMAKE_INSTALL_PREFIX=/home/brace/codeSpace/navi/install/rtabmap
[1.960s] DEBUG:colcon.colcon_core.event_handler.log_command:Invoking command in '/home/brace/codeSpace/navi/build/rtabmap': CMAKE_PREFIX_PATH=/opt/ros/humble /usr/bin/cmake --build /home/brace/codeSpace/navi/build/rtabmap -- -j16 -l16
[2.576s] DEBUG:colcon.colcon_core.event_handler.log_command:Invoked command in '/home/brace/codeSpace/navi/build/rtabmap' returned '0': CMAKE_PREFIX_PATH=/opt/ros/humble /usr/bin/cmake --build /home/brace/codeSpace/navi/build/rtabmap -- -j16 -l16
[2.578s] DEBUG:colcon.colcon_core.event_handler.log_command:Invoking command in '/home/brace/codeSpace/navi/build/rtabmap': CMAKE_PREFIX_PATH=/opt/ros/humble /usr/bin/cmake --install /home/brace/codeSpace/navi/build/rtabmap
[2.598s] Level 1:colcon.colcon_core.shell:create_environment_hook('rtabmap', 'pkg_config_path')
[2.599s] INFO:colcon.colcon_core.shell:Creating environment hook '/home/brace/codeSpace/navi/install/rtabmap/share/rtabmap/hook/pkg_config_path.ps1'
[2.600s] INFO:colcon.colcon_core.shell:Creating environment descriptor '/home/brace/codeSpace/navi/install/rtabmap/share/rtabmap/hook/pkg_config_path.dsv'
[2.600s] DEBUG:colcon.colcon_core.event_handler.log_command:Invoked command in '/home/brace/codeSpace/navi/build/rtabmap' returned '0': CMAKE_PREFIX_PATH=/opt/ros/humble /usr/bin/cmake --install /home/brace/codeSpace/navi/build/rtabmap
[2.600s] INFO:colcon.colcon_core.shell:Creating environment hook '/home/brace/codeSpace/navi/install/rtabmap/share/rtabmap/hook/pkg_config_path.sh'
[2.602s] Level 1:colcon.colcon_core.shell:create_environment_hook('rtabmap', 'pkg_config_path_multiarch')
[2.602s] INFO:colcon.colcon_core.shell:Creating environment hook '/home/brace/codeSpace/navi/install/rtabmap/share/rtabmap/hook/pkg_config_path_multiarch.ps1'
[2.603s] INFO:colcon.colcon_core.shell:Creating environment descriptor '/home/brace/codeSpace/navi/install/rtabmap/share/rtabmap/hook/pkg_config_path_multiarch.dsv'
[2.603s] INFO:colcon.colcon_core.shell:Creating environment hook '/home/brace/codeSpace/navi/install/rtabmap/share/rtabmap/hook/pkg_config_path_multiarch.sh'
[2.604s] Level 1:colcon.colcon_core.environment:create_environment_scripts_only(rtabmap)
[2.604s] Level 1:colcon.colcon_core.environment:checking '/home/brace/codeSpace/navi/install/rtabmap' for CMake module files
[2.604s] Level 1:colcon.colcon_core.environment:checking '/home/brace/codeSpace/navi/install/rtabmap' for CMake config files
[2.605s] Level 1:colcon.colcon_core.shell:create_environment_hook('rtabmap', 'cmake_prefix_path')
[2.605s] INFO:colcon.colcon_core.shell:Creating environment hook '/home/brace/codeSpace/navi/install/rtabmap/share/rtabmap/hook/cmake_prefix_path.ps1'
[2.606s] INFO:colcon.colcon_core.shell:Creating environment descriptor '/home/brace/codeSpace/navi/install/rtabmap/share/rtabmap/hook/cmake_prefix_path.dsv'
[2.606s] INFO:colcon.colcon_core.shell:Creating environment hook '/home/brace/codeSpace/navi/install/rtabmap/share/rtabmap/hook/cmake_prefix_path.sh'
[2.607s] Level 1:colcon.colcon_core.environment:checking '/home/brace/codeSpace/navi/install/rtabmap/lib'
[2.607s] Level 1:colcon.colcon_core.shell:create_environment_hook('rtabmap', 'ld_library_path_lib')
[2.607s] INFO:colcon.colcon_core.shell:Creating environment hook '/home/brace/codeSpace/navi/install/rtabmap/share/rtabmap/hook/ld_library_path_lib.ps1'
[2.607s] INFO:colcon.colcon_core.shell:Creating environment descriptor '/home/brace/codeSpace/navi/install/rtabmap/share/rtabmap/hook/ld_library_path_lib.dsv'
[2.607s] INFO:colcon.colcon_core.shell:Creating environment hook '/home/brace/codeSpace/navi/install/rtabmap/share/rtabmap/hook/ld_library_path_lib.sh'
[2.607s] Level 1:colcon.colcon_core.environment:checking '/home/brace/codeSpace/navi/install/rtabmap/bin'
[2.607s] Level 1:colcon.colcon_core.shell:create_environment_hook('rtabmap', 'path')
[2.608s] INFO:colcon.colcon_core.shell:Creating environment hook '/home/brace/codeSpace/navi/install/rtabmap/share/rtabmap/hook/path.ps1'
[2.608s] INFO:colcon.colcon_core.shell:Creating environment descriptor '/home/brace/codeSpace/navi/install/rtabmap/share/rtabmap/hook/path.dsv'
[2.608s] INFO:colcon.colcon_core.shell:Creating environment hook '/home/brace/codeSpace/navi/install/rtabmap/share/rtabmap/hook/path.sh'
[2.608s] Level 1:colcon.colcon_core.environment:checking '/home/brace/codeSpace/navi/install/rtabmap/lib/pkgconfig/rtabmap.pc'
[2.608s] Level 1:colcon.colcon_core.environment:checking '/home/brace/codeSpace/navi/install/rtabmap/lib/python3.10/site-packages'
[2.609s] Level 1:colcon.colcon_core.environment:checking '/home/brace/codeSpace/navi/install/rtabmap/bin'
[2.609s] Level 1:colcon.colcon_core.shell:create_environment_hook('rtabmap', 'pythonscriptspath')
[2.609s] INFO:colcon.colcon_core.shell:Creating environment hook '/home/brace/codeSpace/navi/install/rtabmap/share/rtabmap/hook/pythonscriptspath.ps1'
[2.609s] INFO:colcon.colcon_core.shell:Creating environment descriptor '/home/brace/codeSpace/navi/install/rtabmap/share/rtabmap/hook/pythonscriptspath.dsv'
[2.609s] INFO:colcon.colcon_core.shell:Creating environment hook '/home/brace/codeSpace/navi/install/rtabmap/share/rtabmap/hook/pythonscriptspath.sh'
[2.610s] INFO:colcon.colcon_core.shell:Creating package script '/home/brace/codeSpace/navi/install/rtabmap/share/rtabmap/package.ps1'
[2.610s] INFO:colcon.colcon_core.shell:Creating package descriptor '/home/brace/codeSpace/navi/install/rtabmap/share/rtabmap/package.dsv'
[2.610s] INFO:colcon.colcon_core.shell:Creating package script '/home/brace/codeSpace/navi/install/rtabmap/share/rtabmap/package.sh'
[2.611s] INFO:colcon.colcon_core.shell:Creating package script '/home/brace/codeSpace/navi/install/rtabmap/share/rtabmap/package.bash'
[2.611s] INFO:colcon.colcon_core.shell:Creating package script '/home/brace/codeSpace/navi/install/rtabmap/share/rtabmap/package.zsh'
[2.611s] Level 1:colcon.colcon_core.environment:create_file_with_runtime_dependencies(/home/brace/codeSpace/navi/install/rtabmap/share/colcon-core/packages/rtabmap)
[2.611s] INFO:colcon.colcon_ros.task.ament_cmake.build:Building ROS package in '/home/brace/codeSpace/navi/src/rtabmap_ros/rtabmap_conversions' with build type 'ament_cmake'
[2.611s] INFO:colcon.colcon_cmake.task.cmake.build:Building CMake package in '/home/brace/codeSpace/navi/src/rtabmap_ros/rtabmap_conversions'
[2.611s] INFO:colcon.colcon_core.shell:Skip shell extension 'powershell' for command environment: Not usable outside of PowerShell
[2.611s] DEBUG:colcon.colcon_core.shell:Skip shell extension 'dsv' for command environment
[2.621s] DEBUG:colcon.colcon_core.event_handler.log_command:Invoking command in '/home/brace/codeSpace/navi/build/rtabmap_conversions': AMENT_PREFIX_PATH=/home/brace/codeSpace/navi/install/rtabmap_msgs:${AMENT_PREFIX_PATH} CMAKE_PREFIX_PATH=/home/brace/codeSpace/navi/install/rtabmap_msgs:/home/brace/codeSpace/navi/install/rtabmap:/opt/ros/humble LD_LIBRARY_PATH=/home/brace/codeSpace/navi/install/rtabmap_msgs/lib:/home/brace/codeSpace/navi/install/rtabmap/lib:${LD_LIBRARY_PATH} PATH=/home/brace/codeSpace/navi/install/rtabmap/bin:${PATH} PKG_CONFIG_PATH=/home/brace/codeSpace/navi/install/rtabmap/lib/x86_64-linux-gnu/pkgconfig:/home/brace/codeSpace/navi/install/rtabmap/lib/pkgconfig PYTHONPATH=/home/brace/codeSpace/navi/install/rtabmap_msgs/local/lib/python3.10/dist-packages:${PYTHONPATH} /usr/bin/cmake /home/brace/codeSpace/navi/src/rtabmap_ros/rtabmap_conversions -DCMAKE_INSTALL_PREFIX=/home/brace/codeSpace/navi/install/rtabmap_conversions
[4.333s] DEBUG:colcon.colcon_core.event_handler.log_command:Invoked command in '/home/brace/codeSpace/navi/build/rtabmap_conversions' returned '0': AMENT_PREFIX_PATH=/home/brace/codeSpace/navi/install/rtabmap_msgs:${AMENT_PREFIX_PATH} CMAKE_PREFIX_PATH=/home/brace/codeSpace/navi/install/rtabmap_msgs:/home/brace/codeSpace/navi/install/rtabmap:/opt/ros/humble LD_LIBRARY_PATH=/home/brace/codeSpace/navi/install/rtabmap_msgs/lib:/home/brace/codeSpace/navi/install/rtabmap/lib:${LD_LIBRARY_PATH} PATH=/home/brace/codeSpace/navi/install/rtabmap/bin:${PATH} PKG_CONFIG_PATH=/home/brace/codeSpace/navi/install/rtabmap/lib/x86_64-linux-gnu/pkgconfig:/home/brace/codeSpace/navi/install/rtabmap/lib/pkgconfig PYTHONPATH=/home/brace/codeSpace/navi/install/rtabmap_msgs/local/lib/python3.10/dist-packages:${PYTHONPATH} /usr/bin/cmake /home/brace/codeSpace/navi/src/rtabmap_ros/rtabmap_conversions -DCMAKE_INSTALL_PREFIX=/home/brace/codeSpace/navi/install/rtabmap_conversions
[4.335s] DEBUG:colcon.colcon_core.event_handler.log_command:Invoking command in '/home/brace/codeSpace/navi/build/rtabmap_conversions': AMENT_PREFIX_PATH=/home/brace/codeSpace/navi/install/rtabmap_msgs:${AMENT_PREFIX_PATH} CMAKE_PREFIX_PATH=/home/brace/codeSpace/navi/install/rtabmap_msgs:/home/brace/codeSpace/navi/install/rtabmap:/opt/ros/humble LD_LIBRARY_PATH=/home/brace/codeSpace/navi/install/rtabmap_msgs/lib:/home/brace/codeSpace/navi/install/rtabmap/lib:${LD_LIBRARY_PATH} PATH=/home/brace/codeSpace/navi/install/rtabmap/bin:${PATH} PKG_CONFIG_PATH=/home/brace/codeSpace/navi/install/rtabmap/lib/x86_64-linux-gnu/pkgconfig:/home/brace/codeSpace/navi/install/rtabmap/lib/pkgconfig PYTHONPATH=/home/brace/codeSpace/navi/install/rtabmap_msgs/local/lib/python3.10/dist-packages:${PYTHONPATH} /usr/bin/cmake --build /home/brace/codeSpace/navi/build/rtabmap_conversions -- -j16 -l16
[4.504s] DEBUG:colcon.colcon_core.event_handler.log_command:Invoked command in '/home/brace/codeSpace/navi/build/rtabmap_conversions' returned '0': AMENT_PREFIX_PATH=/home/brace/codeSpace/navi/install/rtabmap_msgs:${AMENT_PREFIX_PATH} CMAKE_PREFIX_PATH=/home/brace/codeSpace/navi/install/rtabmap_msgs:/home/brace/codeSpace/navi/install/rtabmap:/opt/ros/humble LD_LIBRARY_PATH=/home/brace/codeSpace/navi/install/rtabmap_msgs/lib:/home/brace/codeSpace/navi/install/rtabmap/lib:${LD_LIBRARY_PATH} PATH=/home/brace/codeSpace/navi/install/rtabmap/bin:${PATH} PKG_CONFIG_PATH=/home/brace/codeSpace/navi/install/rtabmap/lib/x86_64-linux-gnu/pkgconfig:/home/brace/codeSpace/navi/install/rtabmap/lib/pkgconfig PYTHONPATH=/home/brace/codeSpace/navi/install/rtabmap_msgs/local/lib/python3.10/dist-packages:${PYTHONPATH} /usr/bin/cmake --build /home/brace/codeSpace/navi/build/rtabmap_conversions -- -j16 -l16
[4.512s] DEBUG:colcon.colcon_core.event_handler.log_command:Invoking command in '/home/brace/codeSpace/navi/build/rtabmap_conversions': AMENT_PREFIX_PATH=/home/brace/codeSpace/navi/install/rtabmap_msgs:${AMENT_PREFIX_PATH} CMAKE_PREFIX_PATH=/home/brace/codeSpace/navi/install/rtabmap_msgs:/home/brace/codeSpace/navi/install/rtabmap:/opt/ros/humble LD_LIBRARY_PATH=/home/brace/codeSpace/navi/install/rtabmap_msgs/lib:/home/brace/codeSpace/navi/install/rtabmap/lib:${LD_LIBRARY_PATH} PATH=/home/brace/codeSpace/navi/install/rtabmap/bin:${PATH} PKG_CONFIG_PATH=/home/brace/codeSpace/navi/install/rtabmap/lib/x86_64-linux-gnu/pkgconfig:/home/brace/codeSpace/navi/install/rtabmap/lib/pkgconfig PYTHONPATH=/home/brace/codeSpace/navi/install/rtabmap_msgs/local/lib/python3.10/dist-packages:${PYTHONPATH} /usr/bin/cmake --install /home/brace/codeSpace/navi/build/rtabmap_conversions
[4.539s] Level 1:colcon.colcon_core.environment:create_environment_scripts_only(rtabmap_conversions)
[4.540s] Level 1:colcon.colcon_core.environment:checking '/home/brace/codeSpace/navi/install/rtabmap_conversions' for CMake module files
[4.543s] Level 1:colcon.colcon_core.environment:checking '/home/brace/codeSpace/navi/install/rtabmap_conversions' for CMake config files
[4.542s] DEBUG:colcon.colcon_core.event_handler.log_command:Invoked command in '/home/brace/codeSpace/navi/build/rtabmap_conversions' returned '0': AMENT_PREFIX_PATH=/home/brace/codeSpace/navi/install/rtabmap_msgs:${AMENT_PREFIX_PATH} CMAKE_PREFIX_PATH=/home/brace/codeSpace/navi/install/rtabmap_msgs:/home/brace/codeSpace/navi/install/rtabmap:/opt/ros/humble LD_LIBRARY_PATH=/home/brace/codeSpace/navi/install/rtabmap_msgs/lib:/home/brace/codeSpace/navi/install/rtabmap/lib:${LD_LIBRARY_PATH} PATH=/home/brace/codeSpace/navi/install/rtabmap/bin:${PATH} PKG_CONFIG_PATH=/home/brace/codeSpace/navi/install/rtabmap/lib/x86_64-linux-gnu/pkgconfig:/home/brace/codeSpace/navi/install/rtabmap/lib/pkgconfig PYTHONPATH=/home/brace/codeSpace/navi/install/rtabmap_msgs/local/lib/python3.10/dist-packages:${PYTHONPATH} /usr/bin/cmake --install /home/brace/codeSpace/navi/build/rtabmap_conversions
[4.543s] Level 1:colcon.colcon_core.shell:create_environment_hook('rtabmap_conversions', 'cmake_prefix_path')
[4.544s] INFO:colcon.colcon_core.shell:Creating environment hook '/home/brace/codeSpace/navi/install/rtabmap_conversions/share/rtabmap_conversions/hook/cmake_prefix_path.ps1'
[4.544s] INFO:colcon.colcon_core.shell:Creating environment descriptor '/home/brace/codeSpace/navi/install/rtabmap_conversions/share/rtabmap_conversions/hook/cmake_prefix_path.dsv'
[4.545s] INFO:colcon.colcon_core.shell:Creating environment hook '/home/brace/codeSpace/navi/install/rtabmap_conversions/share/rtabmap_conversions/hook/cmake_prefix_path.sh'
[4.546s] Level 1:colcon.colcon_core.environment:checking '/home/brace/codeSpace/navi/install/rtabmap_conversions/lib'
[4.546s] Level 1:colcon.colcon_core.shell:create_environment_hook('rtabmap_conversions', 'ld_library_path_lib')
[4.546s] INFO:colcon.colcon_core.shell:Creating environment hook '/home/brace/codeSpace/navi/install/rtabmap_conversions/share/rtabmap_conversions/hook/ld_library_path_lib.ps1'
[4.547s] INFO:colcon.colcon_core.shell:Creating environment descriptor '/home/brace/codeSpace/navi/install/rtabmap_conversions/share/rtabmap_conversions/hook/ld_library_path_lib.dsv'
[4.548s] INFO:colcon.colcon_core.shell:Creating environment hook '/home/brace/codeSpace/navi/install/rtabmap_conversions/share/rtabmap_conversions/hook/ld_library_path_lib.sh'
[4.548s] Level 1:colcon.colcon_core.environment:checking '/home/brace/codeSpace/navi/install/rtabmap_conversions/bin'
[4.548s] Level 1:colcon.colcon_core.environment:checking '/home/brace/codeSpace/navi/install/rtabmap_conversions/lib/pkgconfig/rtabmap_conversions.pc'
[4.548s] Level 1:colcon.colcon_core.environment:checking '/home/brace/codeSpace/navi/install/rtabmap_conversions/lib/python3.10/site-packages'
[4.549s] Level 1:colcon.colcon_core.environment:checking '/home/brace/codeSpace/navi/install/rtabmap_conversions/bin'
[4.549s] INFO:colcon.colcon_core.shell:Creating package script '/home/brace/codeSpace/navi/install/rtabmap_conversions/share/rtabmap_conversions/package.ps1'
[4.553s] INFO:colcon.colcon_core.shell:Creating package descriptor '/home/brace/codeSpace/navi/install/rtabmap_conversions/share/rtabmap_conversions/package.dsv'
[4.554s] INFO:colcon.colcon_core.shell:Creating package script '/home/brace/codeSpace/navi/install/rtabmap_conversions/share/rtabmap_conversions/package.sh'
[4.555s] INFO:colcon.colcon_core.shell:Creating package script '/home/brace/codeSpace/navi/install/rtabmap_conversions/share/rtabmap_conversions/package.bash'
[4.556s] INFO:colcon.colcon_core.shell:Creating package script '/home/brace/codeSpace/navi/install/rtabmap_conversions/share/rtabmap_conversions/package.zsh'
[4.556s] Level 1:colcon.colcon_core.environment:create_file_with_runtime_dependencies(/home/brace/codeSpace/navi/install/rtabmap_conversions/share/colcon-core/packages/rtabmap_conversions)
[4.558s] Level 1:colcon.colcon_core.environment:create_environment_scripts_only(rtabmap_conversions)
[4.558s] Level 1:colcon.colcon_core.environment:checking '/home/brace/codeSpace/navi/install/rtabmap_conversions' for CMake module files
[4.558s] Level 1:colcon.colcon_core.environment:checking '/home/brace/codeSpace/navi/install/rtabmap_conversions' for CMake config files
[4.559s] Level 1:colcon.colcon_core.shell:create_environment_hook('rtabmap_conversions', 'cmake_prefix_path')
[4.559s] INFO:colcon.colcon_core.shell:Creating environment hook '/home/brace/codeSpace/navi/install/rtabmap_conversions/share/rtabmap_conversions/hook/cmake_prefix_path.ps1'
[4.560s] INFO:colcon.colcon_core.shell:Creating environment descriptor '/home/brace/codeSpace/navi/install/rtabmap_conversions/share/rtabmap_conversions/hook/cmake_prefix_path.dsv'
[4.560s] INFO:colcon.colcon_core.shell:Creating environment hook '/home/brace/codeSpace/navi/install/rtabmap_conversions/share/rtabmap_conversions/hook/cmake_prefix_path.sh'
[4.561s] Level 1:colcon.colcon_core.environment:checking '/home/brace/codeSpace/navi/install/rtabmap_conversions/lib'
[4.561s] Level 1:colcon.colcon_core.shell:create_environment_hook('rtabmap_conversions', 'ld_library_path_lib')
[4.561s] INFO:colcon.colcon_core.shell:Creating environment hook '/home/brace/codeSpace/navi/install/rtabmap_conversions/share/rtabmap_conversions/hook/ld_library_path_lib.ps1'
[4.562s] INFO:colcon.colcon_core.shell:Creating environment descriptor '/home/brace/codeSpace/navi/install/rtabmap_conversions/share/rtabmap_conversions/hook/ld_library_path_lib.dsv'
[4.562s] INFO:colcon.colcon_core.shell:Creating environment hook '/home/brace/codeSpace/navi/install/rtabmap_conversions/share/rtabmap_conversions/hook/ld_library_path_lib.sh'
[4.563s] Level 1:colcon.colcon_core.environment:checking '/home/brace/codeSpace/navi/install/rtabmap_conversions/bin'
[4.563s] Level 1:colcon.colcon_core.environment:checking '/home/brace/codeSpace/navi/install/rtabmap_conversions/lib/pkgconfig/rtabmap_conversions.pc'
[4.563s] Level 1:colcon.colcon_core.environment:checking '/home/brace/codeSpace/navi/install/rtabmap_conversions/lib/python3.10/site-packages'
[4.563s] Level 1:colcon.colcon_core.environment:checking '/home/brace/codeSpace/navi/install/rtabmap_conversions/bin'
[4.564s] INFO:colcon.colcon_core.shell:Creating package script '/home/brace/codeSpace/navi/install/rtabmap_conversions/share/rtabmap_conversions/package.ps1'
[4.565s] INFO:colcon.colcon_core.shell:Creating package descriptor '/home/brace/codeSpace/navi/install/rtabmap_conversions/share/rtabmap_conversions/package.dsv'
[4.568s] INFO:colcon.colcon_core.shell:Creating package script '/home/brace/codeSpace/navi/install/rtabmap_conversions/share/rtabmap_conversions/package.sh'
[4.569s] INFO:colcon.colcon_core.shell:Creating package script '/home/brace/codeSpace/navi/install/rtabmap_conversions/share/rtabmap_conversions/package.bash'
[4.569s] INFO:colcon.colcon_core.shell:Creating package script '/home/brace/codeSpace/navi/install/rtabmap_conversions/share/rtabmap_conversions/package.zsh'
[4.570s] Level 1:colcon.colcon_core.environment:create_file_with_runtime_dependencies(/home/brace/codeSpace/navi/install/rtabmap_conversions/share/colcon-core/packages/rtabmap_conversions)
[4.571s] INFO:colcon.colcon_ros.task.ament_cmake.build:Building ROS package in '/home/brace/codeSpace/navi/src/rtabmap_ros/rtabmap_sync' with build type 'ament_cmake'
[4.571s] INFO:colcon.colcon_cmake.task.cmake.build:Building CMake package in '/home/brace/codeSpace/navi/src/rtabmap_ros/rtabmap_sync'
[4.573s] INFO:colcon.colcon_core.shell:Skip shell extension 'powershell' for command environment: Not usable outside of PowerShell
[4.574s] DEBUG:colcon.colcon_core.shell:Skip shell extension 'dsv' for command environment
[4.579s] INFO:colcon.colcon_ros.task.ament_cmake.build:Building ROS package in '/home/brace/codeSpace/navi/src/rtabmap_ros/rtabmap_util' with build type 'ament_cmake'
[4.580s] INFO:colcon.colcon_cmake.task.cmake.build:Building CMake package in '/home/brace/codeSpace/navi/src/rtabmap_ros/rtabmap_util'
[4.583s] INFO:colcon.colcon_core.shell:Skip shell extension 'powershell' for command environment: Not usable outside of PowerShell
[4.584s] DEBUG:colcon.colcon_core.shell:Skip shell extension 'dsv' for command environment
[4.593s] INFO:colcon.colcon_ros.task.ament_cmake.build:Building ROS package in '/home/brace/codeSpace/navi/src/rtabmap_ros/rtabmap_rviz_plugins' with build type 'ament_cmake'
[4.593s] INFO:colcon.colcon_cmake.task.cmake.build:Building CMake package in '/home/brace/codeSpace/navi/src/rtabmap_ros/rtabmap_rviz_plugins'
[4.593s] INFO:colcon.colcon_core.shell:Skip shell extension 'powershell' for command environment: Not usable outside of PowerShell
[4.594s] DEBUG:colcon.colcon_core.shell:Skip shell extension 'dsv' for command environment
[4.630s] DEBUG:colcon.colcon_core.event_handler.log_command:Invoking command in '/home/brace/codeSpace/navi/build/rtabmap_sync': AMENT_PREFIX_PATH=/home/brace/codeSpace/navi/install/rtabmap_conversions:/home/brace/codeSpace/navi/install/rtabmap_msgs:${AMENT_PREFIX_PATH} CMAKE_PREFIX_PATH=/home/brace/codeSpace/navi/install/rtabmap_conversions:/home/brace/codeSpace/navi/install/rtabmap_msgs:/home/brace/codeSpace/navi/install/rtabmap:/opt/ros/humble LD_LIBRARY_PATH=/home/brace/codeSpace/navi/install/rtabmap_conversions/lib:/home/brace/codeSpace/navi/install/rtabmap_msgs/lib:/home/brace/codeSpace/navi/install/rtabmap/lib:${LD_LIBRARY_PATH} PATH=/home/brace/codeSpace/navi/install/rtabmap/bin:${PATH} PKG_CONFIG_PATH=/home/brace/codeSpace/navi/install/rtabmap/lib/x86_64-linux-gnu/pkgconfig:/home/brace/codeSpace/navi/install/rtabmap/lib/pkgconfig PYTHONPATH=/home/brace/codeSpace/navi/install/rtabmap_msgs/local/lib/python3.10/dist-packages:${PYTHONPATH} /usr/bin/cmake /home/brace/codeSpace/navi/src/rtabmap_ros/rtabmap_sync -DCMAKE_INSTALL_PREFIX=/home/brace/codeSpace/navi/install/rtabmap_sync
[4.636s] DEBUG:colcon.colcon_core.event_handler.log_command:Invoking command in '/home/brace/codeSpace/navi/build/rtabmap_util': AMENT_PREFIX_PATH=/home/brace/codeSpace/navi/install/rtabmap_conversions:/home/brace/codeSpace/navi/install/rtabmap_msgs:${AMENT_PREFIX_PATH} CMAKE_PREFIX_PATH=/home/brace/codeSpace/navi/install/rtabmap_conversions:/home/brace/codeSpace/navi/install/rtabmap_msgs:/home/brace/codeSpace/navi/install/rtabmap:/opt/ros/humble LD_LIBRARY_PATH=/home/brace/codeSpace/navi/install/rtabmap_conversions/lib:/home/brace/codeSpace/navi/install/rtabmap_msgs/lib:/home/brace/codeSpace/navi/install/rtabmap/lib:${LD_LIBRARY_PATH} PATH=/home/brace/codeSpace/navi/install/rtabmap/bin:${PATH} PKG_CONFIG_PATH=/home/brace/codeSpace/navi/install/rtabmap/lib/x86_64-linux-gnu/pkgconfig:/home/brace/codeSpace/navi/install/rtabmap/lib/pkgconfig PYTHONPATH=/home/brace/codeSpace/navi/install/rtabmap_msgs/local/lib/python3.10/dist-packages:${PYTHONPATH} /usr/bin/cmake /home/brace/codeSpace/navi/src/rtabmap_ros/rtabmap_util -DCMAKE_INSTALL_PREFIX=/home/brace/codeSpace/navi/install/rtabmap_util
[4.654s] DEBUG:colcon.colcon_core.event_handler.log_command:Invoking command in '/home/brace/codeSpace/navi/build/rtabmap_rviz_plugins': AMENT_PREFIX_PATH=/home/brace/codeSpace/navi/install/rtabmap_conversions:/home/brace/codeSpace/navi/install/rtabmap_msgs:${AMENT_PREFIX_PATH} CMAKE_PREFIX_PATH=/home/brace/codeSpace/navi/install/rtabmap_conversions:/home/brace/codeSpace/navi/install/rtabmap_msgs:/home/brace/codeSpace/navi/install/rtabmap:/opt/ros/humble LD_LIBRARY_PATH=/home/brace/codeSpace/navi/install/rtabmap_conversions/lib:/home/brace/codeSpace/navi/install/rtabmap_msgs/lib:/home/brace/codeSpace/navi/install/rtabmap/lib:${LD_LIBRARY_PATH} PATH=/home/brace/codeSpace/navi/install/rtabmap/bin:${PATH} PKG_CONFIG_PATH=/home/brace/codeSpace/navi/install/rtabmap/lib/x86_64-linux-gnu/pkgconfig:/home/brace/codeSpace/navi/install/rtabmap/lib/pkgconfig PYTHONPATH=/home/brace/codeSpace/navi/install/rtabmap_msgs/local/lib/python3.10/dist-packages:${PYTHONPATH} /usr/bin/cmake /home/brace/codeSpace/navi/src/rtabmap_ros/rtabmap_rviz_plugins -DCMAKE_INSTALL_PREFIX=/home/brace/codeSpace/navi/install/rtabmap_rviz_plugins
[6.326s] DEBUG:colcon.colcon_core.event_handler.log_command:Invoked command in '/home/brace/codeSpace/navi/build/rtabmap_sync' returned '0': AMENT_PREFIX_PATH=/home/brace/codeSpace/navi/install/rtabmap_conversions:/home/brace/codeSpace/navi/install/rtabmap_msgs:${AMENT_PREFIX_PATH} CMAKE_PREFIX_PATH=/home/brace/codeSpace/navi/install/rtabmap_conversions:/home/brace/codeSpace/navi/install/rtabmap_msgs:/home/brace/codeSpace/navi/install/rtabmap:/opt/ros/humble LD_LIBRARY_PATH=/home/brace/codeSpace/navi/install/rtabmap_conversions/lib:/home/brace/codeSpace/navi/install/rtabmap_msgs/lib:/home/brace/codeSpace/navi/install/rtabmap/lib:${LD_LIBRARY_PATH} PATH=/home/brace/codeSpace/navi/install/rtabmap/bin:${PATH} PKG_CONFIG_PATH=/home/brace/codeSpace/navi/install/rtabmap/lib/x86_64-linux-gnu/pkgconfig:/home/brace/codeSpace/navi/install/rtabmap/lib/pkgconfig PYTHONPATH=/home/brace/codeSpace/navi/install/rtabmap_msgs/local/lib/python3.10/dist-packages:${PYTHONPATH} /usr/bin/cmake /home/brace/codeSpace/navi/src/rtabmap_ros/rtabmap_sync -DCMAKE_INSTALL_PREFIX=/home/brace/codeSpace/navi/install/rtabmap_sync
[6.328s] DEBUG:colcon.colcon_core.event_handler.log_command:Invoking command in '/home/brace/codeSpace/navi/build/rtabmap_sync': AMENT_PREFIX_PATH=/home/brace/codeSpace/navi/install/rtabmap_conversions:/home/brace/codeSpace/navi/install/rtabmap_msgs:${AMENT_PREFIX_PATH} CMAKE_PREFIX_PATH=/home/brace/codeSpace/navi/install/rtabmap_conversions:/home/brace/codeSpace/navi/install/rtabmap_msgs:/home/brace/codeSpace/navi/install/rtabmap:/opt/ros/humble LD_LIBRARY_PATH=/home/brace/codeSpace/navi/install/rtabmap_conversions/lib:/home/brace/codeSpace/navi/install/rtabmap_msgs/lib:/home/brace/codeSpace/navi/install/rtabmap/lib:${LD_LIBRARY_PATH} PATH=/home/brace/codeSpace/navi/install/rtabmap/bin:${PATH} PKG_CONFIG_PATH=/home/brace/codeSpace/navi/install/rtabmap/lib/x86_64-linux-gnu/pkgconfig:/home/brace/codeSpace/navi/install/rtabmap/lib/pkgconfig PYTHONPATH=/home/brace/codeSpace/navi/install/rtabmap_msgs/local/lib/python3.10/dist-packages:${PYTHONPATH} /usr/bin/cmake --build /home/brace/codeSpace/navi/build/rtabmap_sync -- -j16 -l16
[6.362s] DEBUG:colcon.colcon_core.event_handler.log_command:Invoked command in '/home/brace/codeSpace/navi/build/rtabmap_rviz_plugins' returned '0': AMENT_PREFIX_PATH=/home/brace/codeSpace/navi/install/rtabmap_conversions:/home/brace/codeSpace/navi/install/rtabmap_msgs:${AMENT_PREFIX_PATH} CMAKE_PREFIX_PATH=/home/brace/codeSpace/navi/install/rtabmap_conversions:/home/brace/codeSpace/navi/install/rtabmap_msgs:/home/brace/codeSpace/navi/install/rtabmap:/opt/ros/humble LD_LIBRARY_PATH=/home/brace/codeSpace/navi/install/rtabmap_conversions/lib:/home/brace/codeSpace/navi/install/rtabmap_msgs/lib:/home/brace/codeSpace/navi/install/rtabmap/lib:${LD_LIBRARY_PATH} PATH=/home/brace/codeSpace/navi/install/rtabmap/bin:${PATH} PKG_CONFIG_PATH=/home/brace/codeSpace/navi/install/rtabmap/lib/x86_64-linux-gnu/pkgconfig:/home/brace/codeSpace/navi/install/rtabmap/lib/pkgconfig PYTHONPATH=/home/brace/codeSpace/navi/install/rtabmap_msgs/local/lib/python3.10/dist-packages:${PYTHONPATH} /usr/bin/cmake /home/brace/codeSpace/navi/src/rtabmap_ros/rtabmap_rviz_plugins -DCMAKE_INSTALL_PREFIX=/home/brace/codeSpace/navi/install/rtabmap_rviz_plugins
[6.363s] DEBUG:colcon.colcon_core.event_handler.log_command:Invoking command in '/home/brace/codeSpace/navi/build/rtabmap_rviz_plugins': AMENT_PREFIX_PATH=/home/brace/codeSpace/navi/install/rtabmap_conversions:/home/brace/codeSpace/navi/install/rtabmap_msgs:${AMENT_PREFIX_PATH} CMAKE_PREFIX_PATH=/home/brace/codeSpace/navi/install/rtabmap_conversions:/home/brace/codeSpace/navi/install/rtabmap_msgs:/home/brace/codeSpace/navi/install/rtabmap:/opt/ros/humble LD_LIBRARY_PATH=/home/brace/codeSpace/navi/install/rtabmap_conversions/lib:/home/brace/codeSpace/navi/install/rtabmap_msgs/lib:/home/brace/codeSpace/navi/install/rtabmap/lib:${LD_LIBRARY_PATH} PATH=/home/brace/codeSpace/navi/install/rtabmap/bin:${PATH} PKG_CONFIG_PATH=/home/brace/codeSpace/navi/install/rtabmap/lib/x86_64-linux-gnu/pkgconfig:/home/brace/codeSpace/navi/install/rtabmap/lib/pkgconfig PYTHONPATH=/home/brace/codeSpace/navi/install/rtabmap_msgs/local/lib/python3.10/dist-packages:${PYTHONPATH} /usr/bin/cmake --build /home/brace/codeSpace/navi/build/rtabmap_rviz_plugins -- -j16 -l16
[6.443s] DEBUG:colcon.colcon_core.event_handler.log_command:Invoked command in '/home/brace/codeSpace/navi/build/rtabmap_sync' returned '0': AMENT_PREFIX_PATH=/home/brace/codeSpace/navi/install/rtabmap_conversions:/home/brace/codeSpace/navi/install/rtabmap_msgs:${AMENT_PREFIX_PATH} CMAKE_PREFIX_PATH=/home/brace/codeSpace/navi/install/rtabmap_conversions:/home/brace/codeSpace/navi/install/rtabmap_msgs:/home/brace/codeSpace/navi/install/rtabmap:/opt/ros/humble LD_LIBRARY_PATH=/home/brace/codeSpace/navi/install/rtabmap_conversions/lib:/home/brace/codeSpace/navi/install/rtabmap_msgs/lib:/home/brace/codeSpace/navi/install/rtabmap/lib:${LD_LIBRARY_PATH} PATH=/home/brace/codeSpace/navi/install/rtabmap/bin:${PATH} PKG_CONFIG_PATH=/home/brace/codeSpace/navi/install/rtabmap/lib/x86_64-linux-gnu/pkgconfig:/home/brace/codeSpace/navi/install/rtabmap/lib/pkgconfig PYTHONPATH=/home/brace/codeSpace/navi/install/rtabmap_msgs/local/lib/python3.10/dist-packages:${PYTHONPATH} /usr/bin/cmake --build /home/brace/codeSpace/navi/build/rtabmap_sync -- -j16 -l16
[6.445s] DEBUG:colcon.colcon_core.event_handler.log_command:Invoking command in '/home/brace/codeSpace/navi/build/rtabmap_sync': AMENT_PREFIX_PATH=/home/brace/codeSpace/navi/install/rtabmap_conversions:/home/brace/codeSpace/navi/install/rtabmap_msgs:${AMENT_PREFIX_PATH} CMAKE_PREFIX_PATH=/home/brace/codeSpace/navi/install/rtabmap_conversions:/home/brace/codeSpace/navi/install/rtabmap_msgs:/home/brace/codeSpace/navi/install/rtabmap:/opt/ros/humble LD_LIBRARY_PATH=/home/brace/codeSpace/navi/install/rtabmap_conversions/lib:/home/brace/codeSpace/navi/install/rtabmap_msgs/lib:/home/brace/codeSpace/navi/install/rtabmap/lib:${LD_LIBRARY_PATH} PATH=/home/brace/codeSpace/navi/install/rtabmap/bin:${PATH} PKG_CONFIG_PATH=/home/brace/codeSpace/navi/install/rtabmap/lib/x86_64-linux-gnu/pkgconfig:/home/brace/codeSpace/navi/install/rtabmap/lib/pkgconfig PYTHONPATH=/home/brace/codeSpace/navi/install/rtabmap_msgs/local/lib/python3.10/dist-packages:${PYTHONPATH} /usr/bin/cmake --install /home/brace/codeSpace/navi/build/rtabmap_sync
[6.463s] Level 1:colcon.colcon_core.environment:create_environment_scripts_only(rtabmap_sync)
[6.463s] Level 1:colcon.colcon_core.environment:checking '/home/brace/codeSpace/navi/install/rtabmap_sync' for CMake module files
[6.464s] DEBUG:colcon.colcon_core.event_handler.log_command:Invoked command in '/home/brace/codeSpace/navi/build/rtabmap_sync' returned '0': AMENT_PREFIX_PATH=/home/brace/codeSpace/navi/install/rtabmap_conversions:/home/brace/codeSpace/navi/install/rtabmap_msgs:${AMENT_PREFIX_PATH} CMAKE_PREFIX_PATH=/home/brace/codeSpace/navi/install/rtabmap_conversions:/home/brace/codeSpace/navi/install/rtabmap_msgs:/home/brace/codeSpace/navi/install/rtabmap:/opt/ros/humble LD_LIBRARY_PATH=/home/brace/codeSpace/navi/install/rtabmap_conversions/lib:/home/brace/codeSpace/navi/install/rtabmap_msgs/lib:/home/brace/codeSpace/navi/install/rtabmap/lib:${LD_LIBRARY_PATH} PATH=/home/brace/codeSpace/navi/install/rtabmap/bin:${PATH} PKG_CONFIG_PATH=/home/brace/codeSpace/navi/install/rtabmap/lib/x86_64-linux-gnu/pkgconfig:/home/brace/codeSpace/navi/install/rtabmap/lib/pkgconfig PYTHONPATH=/home/brace/codeSpace/navi/install/rtabmap_msgs/local/lib/python3.10/dist-packages:${PYTHONPATH} /usr/bin/cmake --install /home/brace/codeSpace/navi/build/rtabmap_sync
[6.464s] Level 1:colcon.colcon_core.environment:checking '/home/brace/codeSpace/navi/install/rtabmap_sync' for CMake config files
[6.465s] Level 1:colcon.colcon_core.shell:create_environment_hook('rtabmap_sync', 'cmake_prefix_path')
[6.465s] INFO:colcon.colcon_core.shell:Creating environment hook '/home/brace/codeSpace/navi/install/rtabmap_sync/share/rtabmap_sync/hook/cmake_prefix_path.ps1'
[6.466s] INFO:colcon.colcon_core.shell:Creating environment descriptor '/home/brace/codeSpace/navi/install/rtabmap_sync/share/rtabmap_sync/hook/cmake_prefix_path.dsv'
[6.466s] INFO:colcon.colcon_core.shell:Creating environment hook '/home/brace/codeSpace/navi/install/rtabmap_sync/share/rtabmap_sync/hook/cmake_prefix_path.sh'
[6.467s] Level 1:colcon.colcon_core.environment:checking '/home/brace/codeSpace/navi/install/rtabmap_sync/lib'
[6.467s] Level 1:colcon.colcon_core.shell:create_environment_hook('rtabmap_sync', 'ld_library_path_lib')
[6.467s] INFO:colcon.colcon_core.shell:Creating environment hook '/home/brace/codeSpace/navi/install/rtabmap_sync/share/rtabmap_sync/hook/ld_library_path_lib.ps1'
[6.467s] INFO:colcon.colcon_core.shell:Creating environment descriptor '/home/brace/codeSpace/navi/install/rtabmap_sync/share/rtabmap_sync/hook/ld_library_path_lib.dsv'
[6.468s] INFO:colcon.colcon_core.shell:Creating environment hook '/home/brace/codeSpace/navi/install/rtabmap_sync/share/rtabmap_sync/hook/ld_library_path_lib.sh'
[6.468s] Level 1:colcon.colcon_core.environment:checking '/home/brace/codeSpace/navi/install/rtabmap_sync/bin'
[6.468s] Level 1:colcon.colcon_core.environment:checking '/home/brace/codeSpace/navi/install/rtabmap_sync/lib/pkgconfig/rtabmap_sync.pc'
[6.468s] Level 1:colcon.colcon_core.environment:checking '/home/brace/codeSpace/navi/install/rtabmap_sync/lib/python3.10/site-packages'
[6.468s] Level 1:colcon.colcon_core.environment:checking '/home/brace/codeSpace/navi/install/rtabmap_sync/bin'
[6.468s] INFO:colcon.colcon_core.shell:Creating package script '/home/brace/codeSpace/navi/install/rtabmap_sync/share/rtabmap_sync/package.ps1'
[6.469s] INFO:colcon.colcon_core.shell:Creating package descriptor '/home/brace/codeSpace/navi/install/rtabmap_sync/share/rtabmap_sync/package.dsv'
[6.469s] INFO:colcon.colcon_core.shell:Creating package script '/home/brace/codeSpace/navi/install/rtabmap_sync/share/rtabmap_sync/package.sh'
[6.469s] INFO:colcon.colcon_core.shell:Creating package script '/home/brace/codeSpace/navi/install/rtabmap_sync/share/rtabmap_sync/package.bash'
[6.469s] INFO:colcon.colcon_core.shell:Creating package script '/home/brace/codeSpace/navi/install/rtabmap_sync/share/rtabmap_sync/package.zsh'
[6.470s] Level 1:colcon.colcon_core.environment:create_file_with_runtime_dependencies(/home/brace/codeSpace/navi/install/rtabmap_sync/share/colcon-core/packages/rtabmap_sync)
[6.470s] Level 1:colcon.colcon_core.environment:create_environment_scripts_only(rtabmap_sync)
[6.470s] Level 1:colcon.colcon_core.environment:checking '/home/brace/codeSpace/navi/install/rtabmap_sync' for CMake module files
[6.470s] Level 1:colcon.colcon_core.environment:checking '/home/brace/codeSpace/navi/install/rtabmap_sync' for CMake config files
[6.470s] Level 1:colcon.colcon_core.shell:create_environment_hook('rtabmap_sync', 'cmake_prefix_path')
[6.471s] INFO:colcon.colcon_core.shell:Creating environment hook '/home/brace/codeSpace/navi/install/rtabmap_sync/share/rtabmap_sync/hook/cmake_prefix_path.ps1'
[6.471s] INFO:colcon.colcon_core.shell:Creating environment descriptor '/home/brace/codeSpace/navi/install/rtabmap_sync/share/rtabmap_sync/hook/cmake_prefix_path.dsv'
[6.471s] INFO:colcon.colcon_core.shell:Creating environment hook '/home/brace/codeSpace/navi/install/rtabmap_sync/share/rtabmap_sync/hook/cmake_prefix_path.sh'
[6.471s] Level 1:colcon.colcon_core.environment:checking '/home/brace/codeSpace/navi/install/rtabmap_sync/lib'
[6.471s] Level 1:colcon.colcon_core.shell:create_environment_hook('rtabmap_sync', 'ld_library_path_lib')
[6.472s] INFO:colcon.colcon_core.shell:Creating environment hook '/home/brace/codeSpace/navi/install/rtabmap_sync/share/rtabmap_sync/hook/ld_library_path_lib.ps1'
[6.472s] INFO:colcon.colcon_core.shell:Creating environment descriptor '/home/brace/codeSpace/navi/install/rtabmap_sync/share/rtabmap_sync/hook/ld_library_path_lib.dsv'
[6.472s] INFO:colcon.colcon_core.shell:Creating environment hook '/home/brace/codeSpace/navi/install/rtabmap_sync/share/rtabmap_sync/hook/ld_library_path_lib.sh'
[6.472s] Level 1:colcon.colcon_core.environment:checking '/home/brace/codeSpace/navi/install/rtabmap_sync/bin'
[6.472s] Level 1:colcon.colcon_core.environment:checking '/home/brace/codeSpace/navi/install/rtabmap_sync/lib/pkgconfig/rtabmap_sync.pc'
[6.472s] Level 1:colcon.colcon_core.environment:checking '/home/brace/codeSpace/navi/install/rtabmap_sync/lib/python3.10/site-packages'
[6.473s] Level 1:colcon.colcon_core.environment:checking '/home/brace/codeSpace/navi/install/rtabmap_sync/bin'
[6.473s] INFO:colcon.colcon_core.shell:Creating package script '/home/brace/codeSpace/navi/install/rtabmap_sync/share/rtabmap_sync/package.ps1'
[6.473s] INFO:colcon.colcon_core.shell:Creating package descriptor '/home/brace/codeSpace/navi/install/rtabmap_sync/share/rtabmap_sync/package.dsv'
[6.473s] INFO:colcon.colcon_core.shell:Creating package script '/home/brace/codeSpace/navi/install/rtabmap_sync/share/rtabmap_sync/package.sh'
[6.474s] INFO:colcon.colcon_core.shell:Creating package script '/home/brace/codeSpace/navi/install/rtabmap_sync/share/rtabmap_sync/package.bash'
[6.474s] INFO:colcon.colcon_core.shell:Creating package script '/home/brace/codeSpace/navi/install/rtabmap_sync/share/rtabmap_sync/package.zsh'
[6.474s] Level 1:colcon.colcon_core.environment:create_file_with_runtime_dependencies(/home/brace/codeSpace/navi/install/rtabmap_sync/share/colcon-core/packages/rtabmap_sync)
[6.475s] INFO:colcon.colcon_ros.task.ament_cmake.build:Building ROS package in '/home/brace/codeSpace/navi/src/rtabmap_ros/rtabmap_viz' with build type 'ament_cmake'
[6.475s] INFO:colcon.colcon_cmake.task.cmake.build:Building CMake package in '/home/brace/codeSpace/navi/src/rtabmap_ros/rtabmap_viz'
[6.475s] INFO:colcon.colcon_core.shell:Skip shell extension 'powershell' for command environment: Not usable outside of PowerShell
[6.475s] DEBUG:colcon.colcon_core.shell:Skip shell extension 'dsv' for command environment
[6.478s] DEBUG:colcon.colcon_core.event_handler.log_command:Invoked command in '/home/brace/codeSpace/navi/build/rtabmap_rviz_plugins' returned '0': AMENT_PREFIX_PATH=/home/brace/codeSpace/navi/install/rtabmap_conversions:/home/brace/codeSpace/navi/install/rtabmap_msgs:${AMENT_PREFIX_PATH} CMAKE_PREFIX_PATH=/home/brace/codeSpace/navi/install/rtabmap_conversions:/home/brace/codeSpace/navi/install/rtabmap_msgs:/home/brace/codeSpace/navi/install/rtabmap:/opt/ros/humble LD_LIBRARY_PATH=/home/brace/codeSpace/navi/install/rtabmap_conversions/lib:/home/brace/codeSpace/navi/install/rtabmap_msgs/lib:/home/brace/codeSpace/navi/install/rtabmap/lib:${LD_LIBRARY_PATH} PATH=/home/brace/codeSpace/navi/install/rtabmap/bin:${PATH} PKG_CONFIG_PATH=/home/brace/codeSpace/navi/install/rtabmap/lib/x86_64-linux-gnu/pkgconfig:/home/brace/codeSpace/navi/install/rtabmap/lib/pkgconfig PYTHONPATH=/home/brace/codeSpace/navi/install/rtabmap_msgs/local/lib/python3.10/dist-packages:${PYTHONPATH} /usr/bin/cmake --build /home/brace/codeSpace/navi/build/rtabmap_rviz_plugins -- -j16 -l16
[6.479s] DEBUG:colcon.colcon_core.event_handler.log_command:Invoking command in '/home/brace/codeSpace/navi/build/rtabmap_rviz_plugins': AMENT_PREFIX_PATH=/home/brace/codeSpace/navi/install/rtabmap_conversions:/home/brace/codeSpace/navi/install/rtabmap_msgs:${AMENT_PREFIX_PATH} CMAKE_PREFIX_PATH=/home/brace/codeSpace/navi/install/rtabmap_conversions:/home/brace/codeSpace/navi/install/rtabmap_msgs:/home/brace/codeSpace/navi/install/rtabmap:/opt/ros/humble LD_LIBRARY_PATH=/home/brace/codeSpace/navi/install/rtabmap_conversions/lib:/home/brace/codeSpace/navi/install/rtabmap_msgs/lib:/home/brace/codeSpace/navi/install/rtabmap/lib:${LD_LIBRARY_PATH} PATH=/home/brace/codeSpace/navi/install/rtabmap/bin:${PATH} PKG_CONFIG_PATH=/home/brace/codeSpace/navi/install/rtabmap/lib/x86_64-linux-gnu/pkgconfig:/home/brace/codeSpace/navi/install/rtabmap/lib/pkgconfig PYTHONPATH=/home/brace/codeSpace/navi/install/rtabmap_msgs/local/lib/python3.10/dist-packages:${PYTHONPATH} /usr/bin/cmake --install /home/brace/codeSpace/navi/build/rtabmap_rviz_plugins
[6.488s] DEBUG:colcon.colcon_core.event_handler.log_command:Invoking command in '/home/brace/codeSpace/navi/build/rtabmap_viz': AMENT_PREFIX_PATH=/home/brace/codeSpace/navi/install/rtabmap_sync:/home/brace/codeSpace/navi/install/rtabmap_conversions:/home/brace/codeSpace/navi/install/rtabmap_msgs:${AMENT_PREFIX_PATH} CMAKE_PREFIX_PATH=/home/brace/codeSpace/navi/install/rtabmap_sync:/home/brace/codeSpace/navi/install/rtabmap_conversions:/home/brace/codeSpace/navi/install/rtabmap_msgs:/home/brace/codeSpace/navi/install/rtabmap:/opt/ros/humble LD_LIBRARY_PATH=/home/brace/codeSpace/navi/install/rtabmap_sync/lib:/home/brace/codeSpace/navi/install/rtabmap_conversions/lib:/home/brace/codeSpace/navi/install/rtabmap_msgs/lib:/home/brace/codeSpace/navi/install/rtabmap/lib:${LD_LIBRARY_PATH} PATH=/home/brace/codeSpace/navi/install/rtabmap/bin:${PATH} PKG_CONFIG_PATH=/home/brace/codeSpace/navi/install/rtabmap/lib/x86_64-linux-gnu/pkgconfig:/home/brace/codeSpace/navi/install/rtabmap/lib/pkgconfig PYTHONPATH=/home/brace/codeSpace/navi/install/rtabmap_msgs/local/lib/python3.10/dist-packages:${PYTHONPATH} /usr/bin/cmake /home/brace/codeSpace/navi/src/rtabmap_ros/rtabmap_viz -DCMAKE_INSTALL_PREFIX=/home/brace/codeSpace/navi/install/rtabmap_viz
[6.500s] Level 1:colcon.colcon_core.environment:create_environment_scripts_only(rtabmap_rviz_plugins)
[6.500s] Level 1:colcon.colcon_core.environment:checking '/home/brace/codeSpace/navi/install/rtabmap_rviz_plugins' for CMake module files
[6.501s] DEBUG:colcon.colcon_core.event_handler.log_command:Invoked command in '/home/brace/codeSpace/navi/build/rtabmap_rviz_plugins' returned '0': AMENT_PREFIX_PATH=/home/brace/codeSpace/navi/install/rtabmap_conversions:/home/brace/codeSpace/navi/install/rtabmap_msgs:${AMENT_PREFIX_PATH} CMAKE_PREFIX_PATH=/home/brace/codeSpace/navi/install/rtabmap_conversions:/home/brace/codeSpace/navi/install/rtabmap_msgs:/home/brace/codeSpace/navi/install/rtabmap:/opt/ros/humble LD_LIBRARY_PATH=/home/brace/codeSpace/navi/install/rtabmap_conversions/lib:/home/brace/codeSpace/navi/install/rtabmap_msgs/lib:/home/brace/codeSpace/navi/install/rtabmap/lib:${LD_LIBRARY_PATH} PATH=/home/brace/codeSpace/navi/install/rtabmap/bin:${PATH} PKG_CONFIG_PATH=/home/brace/codeSpace/navi/install/rtabmap/lib/x86_64-linux-gnu/pkgconfig:/home/brace/codeSpace/navi/install/rtabmap/lib/pkgconfig PYTHONPATH=/home/brace/codeSpace/navi/install/rtabmap_msgs/local/lib/python3.10/dist-packages:${PYTHONPATH} /usr/bin/cmake --install /home/brace/codeSpace/navi/build/rtabmap_rviz_plugins
[6.501s] Level 1:colcon.colcon_core.environment:checking '/home/brace/codeSpace/navi/install/rtabmap_rviz_plugins' for CMake config files
[6.502s] Level 1:colcon.colcon_core.shell:create_environment_hook('rtabmap_rviz_plugins', 'cmake_prefix_path')
[6.502s] INFO:colcon.colcon_core.shell:Creating environment hook '/home/brace/codeSpace/navi/install/rtabmap_rviz_plugins/share/rtabmap_rviz_plugins/hook/cmake_prefix_path.ps1'
[6.503s] INFO:colcon.colcon_core.shell:Creating environment descriptor '/home/brace/codeSpace/navi/install/rtabmap_rviz_plugins/share/rtabmap_rviz_plugins/hook/cmake_prefix_path.dsv'
[6.503s] INFO:colcon.colcon_core.shell:Creating environment hook '/home/brace/codeSpace/navi/install/rtabmap_rviz_plugins/share/rtabmap_rviz_plugins/hook/cmake_prefix_path.sh'
[6.503s] Level 1:colcon.colcon_core.environment:checking '/home/brace/codeSpace/navi/install/rtabmap_rviz_plugins/lib'
[6.503s] Level 1:colcon.colcon_core.shell:create_environment_hook('rtabmap_rviz_plugins', 'ld_library_path_lib')
[6.504s] INFO:colcon.colcon_core.shell:Creating environment hook '/home/brace/codeSpace/navi/install/rtabmap_rviz_plugins/share/rtabmap_rviz_plugins/hook/ld_library_path_lib.ps1'
[6.504s] INFO:colcon.colcon_core.shell:Creating environment descriptor '/home/brace/codeSpace/navi/install/rtabmap_rviz_plugins/share/rtabmap_rviz_plugins/hook/ld_library_path_lib.dsv'
[6.504s] INFO:colcon.colcon_core.shell:Creating environment hook '/home/brace/codeSpace/navi/install/rtabmap_rviz_plugins/share/rtabmap_rviz_plugins/hook/ld_library_path_lib.sh'
[6.504s] Level 1:colcon.colcon_core.environment:checking '/home/brace/codeSpace/navi/install/rtabmap_rviz_plugins/bin'
[6.504s] Level 1:colcon.colcon_core.environment:checking '/home/brace/codeSpace/navi/install/rtabmap_rviz_plugins/lib/pkgconfig/rtabmap_rviz_plugins.pc'
[6.504s] Level 1:colcon.colcon_core.environment:checking '/home/brace/codeSpace/navi/install/rtabmap_rviz_plugins/lib/python3.10/site-packages'
[6.505s] Level 1:colcon.colcon_core.environment:checking '/home/brace/codeSpace/navi/install/rtabmap_rviz_plugins/bin'
[6.505s] INFO:colcon.colcon_core.shell:Creating package script '/home/brace/codeSpace/navi/install/rtabmap_rviz_plugins/share/rtabmap_rviz_plugins/package.ps1'
[6.506s] INFO:colcon.colcon_core.shell:Creating package descriptor '/home/brace/codeSpace/navi/install/rtabmap_rviz_plugins/share/rtabmap_rviz_plugins/package.dsv'
[6.506s] INFO:colcon.colcon_core.shell:Creating package script '/home/brace/codeSpace/navi/install/rtabmap_rviz_plugins/share/rtabmap_rviz_plugins/package.sh'
[6.506s] INFO:colcon.colcon_core.shell:Creating package script '/home/brace/codeSpace/navi/install/rtabmap_rviz_plugins/share/rtabmap_rviz_plugins/package.bash'
[6.506s] INFO:colcon.colcon_core.shell:Creating package script '/home/brace/codeSpace/navi/install/rtabmap_rviz_plugins/share/rtabmap_rviz_plugins/package.zsh'
[6.507s] Level 1:colcon.colcon_core.environment:create_file_with_runtime_dependencies(/home/brace/codeSpace/navi/install/rtabmap_rviz_plugins/share/colcon-core/packages/rtabmap_rviz_plugins)
[6.507s] Level 1:colcon.colcon_core.environment:create_environment_scripts_only(rtabmap_rviz_plugins)
[6.507s] Level 1:colcon.colcon_core.environment:checking '/home/brace/codeSpace/navi/install/rtabmap_rviz_plugins' for CMake module files
[6.507s] Level 1:colcon.colcon_core.environment:checking '/home/brace/codeSpace/navi/install/rtabmap_rviz_plugins' for CMake config files
[6.507s] Level 1:colcon.colcon_core.shell:create_environment_hook('rtabmap_rviz_plugins', 'cmake_prefix_path')
[6.508s] INFO:colcon.colcon_core.shell:Creating environment hook '/home/brace/codeSpace/navi/install/rtabmap_rviz_plugins/share/rtabmap_rviz_plugins/hook/cmake_prefix_path.ps1'
[6.508s] INFO:colcon.colcon_core.shell:Creating environment descriptor '/home/brace/codeSpace/navi/install/rtabmap_rviz_plugins/share/rtabmap_rviz_plugins/hook/cmake_prefix_path.dsv'
[6.508s] INFO:colcon.colcon_core.shell:Creating environment hook '/home/brace/codeSpace/navi/install/rtabmap_rviz_plugins/share/rtabmap_rviz_plugins/hook/cmake_prefix_path.sh'
[6.508s] Level 1:colcon.colcon_core.environment:checking '/home/brace/codeSpace/navi/install/rtabmap_rviz_plugins/lib'
[6.508s] Level 1:colcon.colcon_core.shell:create_environment_hook('rtabmap_rviz_plugins', 'ld_library_path_lib')
[6.508s] INFO:colcon.colcon_core.shell:Creating environment hook '/home/brace/codeSpace/navi/install/rtabmap_rviz_plugins/share/rtabmap_rviz_plugins/hook/ld_library_path_lib.ps1'
[6.509s] INFO:colcon.colcon_core.shell:Creating environment descriptor '/home/brace/codeSpace/navi/install/rtabmap_rviz_plugins/share/rtabmap_rviz_plugins/hook/ld_library_path_lib.dsv'
[6.509s] INFO:colcon.colcon_core.shell:Creating environment hook '/home/brace/codeSpace/navi/install/rtabmap_rviz_plugins/share/rtabmap_rviz_plugins/hook/ld_library_path_lib.sh'
[6.509s] Level 1:colcon.colcon_core.environment:checking '/home/brace/codeSpace/navi/install/rtabmap_rviz_plugins/bin'
[6.509s] Level 1:colcon.colcon_core.environment:checking '/home/brace/codeSpace/navi/install/rtabmap_rviz_plugins/lib/pkgconfig/rtabmap_rviz_plugins.pc'
[6.509s] Level 1:colcon.colcon_core.environment:checking '/home/brace/codeSpace/navi/install/rtabmap_rviz_plugins/lib/python3.10/site-packages'
[6.509s] Level 1:colcon.colcon_core.environment:checking '/home/brace/codeSpace/navi/install/rtabmap_rviz_plugins/bin'
[6.510s] INFO:colcon.colcon_core.shell:Creating package script '/home/brace/codeSpace/navi/install/rtabmap_rviz_plugins/share/rtabmap_rviz_plugins/package.ps1'
[6.510s] INFO:colcon.colcon_core.shell:Creating package descriptor '/home/brace/codeSpace/navi/install/rtabmap_rviz_plugins/share/rtabmap_rviz_plugins/package.dsv'
[6.510s] INFO:colcon.colcon_core.shell:Creating package script '/home/brace/codeSpace/navi/install/rtabmap_rviz_plugins/share/rtabmap_rviz_plugins/package.sh'
[6.511s] INFO:colcon.colcon_core.shell:Creating package script '/home/brace/codeSpace/navi/install/rtabmap_rviz_plugins/share/rtabmap_rviz_plugins/package.bash'
[6.511s] INFO:colcon.colcon_core.shell:Creating package script '/home/brace/codeSpace/navi/install/rtabmap_rviz_plugins/share/rtabmap_rviz_plugins/package.zsh'
[6.511s] Level 1:colcon.colcon_core.environment:create_file_with_runtime_dependencies(/home/brace/codeSpace/navi/install/rtabmap_rviz_plugins/share/colcon-core/packages/rtabmap_rviz_plugins)
[6.958s] DEBUG:colcon.colcon_core.event_handler.log_command:Invoked command in '/home/brace/codeSpace/navi/build/rtabmap_util' returned '0': AMENT_PREFIX_PATH=/home/brace/codeSpace/navi/install/rtabmap_conversions:/home/brace/codeSpace/navi/install/rtabmap_msgs:${AMENT_PREFIX_PATH} CMAKE_PREFIX_PATH=/home/brace/codeSpace/navi/install/rtabmap_conversions:/home/brace/codeSpace/navi/install/rtabmap_msgs:/home/brace/codeSpace/navi/install/rtabmap:/opt/ros/humble LD_LIBRARY_PATH=/home/brace/codeSpace/navi/install/rtabmap_conversions/lib:/home/brace/codeSpace/navi/install/rtabmap_msgs/lib:/home/brace/codeSpace/navi/install/rtabmap/lib:${LD_LIBRARY_PATH} PATH=/home/brace/codeSpace/navi/install/rtabmap/bin:${PATH} PKG_CONFIG_PATH=/home/brace/codeSpace/navi/install/rtabmap/lib/x86_64-linux-gnu/pkgconfig:/home/brace/codeSpace/navi/install/rtabmap/lib/pkgconfig PYTHONPATH=/home/brace/codeSpace/navi/install/rtabmap_msgs/local/lib/python3.10/dist-packages:${PYTHONPATH} /usr/bin/cmake /home/brace/codeSpace/navi/src/rtabmap_ros/rtabmap_util -DCMAKE_INSTALL_PREFIX=/home/brace/codeSpace/navi/install/rtabmap_util
[6.959s] DEBUG:colcon.colcon_core.event_handler.log_command:Invoking command in '/home/brace/codeSpace/navi/build/rtabmap_util': AMENT_PREFIX_PATH=/home/brace/codeSpace/navi/install/rtabmap_conversions:/home/brace/codeSpace/navi/install/rtabmap_msgs:${AMENT_PREFIX_PATH} CMAKE_PREFIX_PATH=/home/brace/codeSpace/navi/install/rtabmap_conversions:/home/brace/codeSpace/navi/install/rtabmap_msgs:/home/brace/codeSpace/navi/install/rtabmap:/opt/ros/humble LD_LIBRARY_PATH=/home/brace/codeSpace/navi/install/rtabmap_conversions/lib:/home/brace/codeSpace/navi/install/rtabmap_msgs/lib:/home/brace/codeSpace/navi/install/rtabmap/lib:${LD_LIBRARY_PATH} PATH=/home/brace/codeSpace/navi/install/rtabmap/bin:${PATH} PKG_CONFIG_PATH=/home/brace/codeSpace/navi/install/rtabmap/lib/x86_64-linux-gnu/pkgconfig:/home/brace/codeSpace/navi/install/rtabmap/lib/pkgconfig PYTHONPATH=/home/brace/codeSpace/navi/install/rtabmap_msgs/local/lib/python3.10/dist-packages:${PYTHONPATH} /usr/bin/cmake --build /home/brace/codeSpace/navi/build/rtabmap_util -- -j16 -l16
[7.109s] DEBUG:colcon.colcon_core.event_handler.log_command:Invoked command in '/home/brace/codeSpace/navi/build/rtabmap_util' returned '0': AMENT_PREFIX_PATH=/home/brace/codeSpace/navi/install/rtabmap_conversions:/home/brace/codeSpace/navi/install/rtabmap_msgs:${AMENT_PREFIX_PATH} CMAKE_PREFIX_PATH=/home/brace/codeSpace/navi/install/rtabmap_conversions:/home/brace/codeSpace/navi/install/rtabmap_msgs:/home/brace/codeSpace/navi/install/rtabmap:/opt/ros/humble LD_LIBRARY_PATH=/home/brace/codeSpace/navi/install/rtabmap_conversions/lib:/home/brace/codeSpace/navi/install/rtabmap_msgs/lib:/home/brace/codeSpace/navi/install/rtabmap/lib:${LD_LIBRARY_PATH} PATH=/home/brace/codeSpace/navi/install/rtabmap/bin:${PATH} PKG_CONFIG_PATH=/home/brace/codeSpace/navi/install/rtabmap/lib/x86_64-linux-gnu/pkgconfig:/home/brace/codeSpace/navi/install/rtabmap/lib/pkgconfig PYTHONPATH=/home/brace/codeSpace/navi/install/rtabmap_msgs/local/lib/python3.10/dist-packages:${PYTHONPATH} /usr/bin/cmake --build /home/brace/codeSpace/navi/build/rtabmap_util -- -j16 -l16
[7.111s] DEBUG:colcon.colcon_core.event_handler.log_command:Invoking command in '/home/brace/codeSpace/navi/build/rtabmap_util': AMENT_PREFIX_PATH=/home/brace/codeSpace/navi/install/rtabmap_conversions:/home/brace/codeSpace/navi/install/rtabmap_msgs:${AMENT_PREFIX_PATH} CMAKE_PREFIX_PATH=/home/brace/codeSpace/navi/install/rtabmap_conversions:/home/brace/codeSpace/navi/install/rtabmap_msgs:/home/brace/codeSpace/navi/install/rtabmap:/opt/ros/humble LD_LIBRARY_PATH=/home/brace/codeSpace/navi/install/rtabmap_conversions/lib:/home/brace/codeSpace/navi/install/rtabmap_msgs/lib:/home/brace/codeSpace/navi/install/rtabmap/lib:${LD_LIBRARY_PATH} PATH=/home/brace/codeSpace/navi/install/rtabmap/bin:${PATH} PKG_CONFIG_PATH=/home/brace/codeSpace/navi/install/rtabmap/lib/x86_64-linux-gnu/pkgconfig:/home/brace/codeSpace/navi/install/rtabmap/lib/pkgconfig PYTHONPATH=/home/brace/codeSpace/navi/install/rtabmap_msgs/local/lib/python3.10/dist-packages:${PYTHONPATH} /usr/bin/cmake --install /home/brace/codeSpace/navi/build/rtabmap_util
[7.127s] Level 1:colcon.colcon_core.environment:create_environment_scripts_only(rtabmap_util)
[7.127s] DEBUG:colcon.colcon_core.event_handler.log_command:Invoked command in '/home/brace/codeSpace/navi/build/rtabmap_util' returned '0': AMENT_PREFIX_PATH=/home/brace/codeSpace/navi/install/rtabmap_conversions:/home/brace/codeSpace/navi/install/rtabmap_msgs:${AMENT_PREFIX_PATH} CMAKE_PREFIX_PATH=/home/brace/codeSpace/navi/install/rtabmap_conversions:/home/brace/codeSpace/navi/install/rtabmap_msgs:/home/brace/codeSpace/navi/install/rtabmap:/opt/ros/humble LD_LIBRARY_PATH=/home/brace/codeSpace/navi/install/rtabmap_conversions/lib:/home/brace/codeSpace/navi/install/rtabmap_msgs/lib:/home/brace/codeSpace/navi/install/rtabmap/lib:${LD_LIBRARY_PATH} PATH=/home/brace/codeSpace/navi/install/rtabmap/bin:${PATH} PKG_CONFIG_PATH=/home/brace/codeSpace/navi/install/rtabmap/lib/x86_64-linux-gnu/pkgconfig:/home/brace/codeSpace/navi/install/rtabmap/lib/pkgconfig PYTHONPATH=/home/brace/codeSpace/navi/install/rtabmap_msgs/local/lib/python3.10/dist-packages:${PYTHONPATH} /usr/bin/cmake --install /home/brace/codeSpace/navi/build/rtabmap_util
[7.128s] Level 1:colcon.colcon_core.environment:checking '/home/brace/codeSpace/navi/install/rtabmap_util' for CMake module files
[7.129s] Level 1:colcon.colcon_core.environment:checking '/home/brace/codeSpace/navi/install/rtabmap_util' for CMake config files
[7.129s] Level 1:colcon.colcon_core.shell:create_environment_hook('rtabmap_util', 'cmake_prefix_path')
[7.130s] INFO:colcon.colcon_core.shell:Creating environment hook '/home/brace/codeSpace/navi/install/rtabmap_util/share/rtabmap_util/hook/cmake_prefix_path.ps1'
[7.130s] INFO:colcon.colcon_core.shell:Creating environment descriptor '/home/brace/codeSpace/navi/install/rtabmap_util/share/rtabmap_util/hook/cmake_prefix_path.dsv'
[7.130s] INFO:colcon.colcon_core.shell:Creating environment hook '/home/brace/codeSpace/navi/install/rtabmap_util/share/rtabmap_util/hook/cmake_prefix_path.sh'
[7.131s] Level 1:colcon.colcon_core.environment:checking '/home/brace/codeSpace/navi/install/rtabmap_util/lib'
[7.131s] Level 1:colcon.colcon_core.shell:create_environment_hook('rtabmap_util', 'ld_library_path_lib')
[7.131s] INFO:colcon.colcon_core.shell:Creating environment hook '/home/brace/codeSpace/navi/install/rtabmap_util/share/rtabmap_util/hook/ld_library_path_lib.ps1'
[7.132s] INFO:colcon.colcon_core.shell:Creating environment descriptor '/home/brace/codeSpace/navi/install/rtabmap_util/share/rtabmap_util/hook/ld_library_path_lib.dsv'
[7.132s] INFO:colcon.colcon_core.shell:Creating environment hook '/home/brace/codeSpace/navi/install/rtabmap_util/share/rtabmap_util/hook/ld_library_path_lib.sh'
[7.132s] Level 1:colcon.colcon_core.environment:checking '/home/brace/codeSpace/navi/install/rtabmap_util/bin'
[7.132s] Level 1:colcon.colcon_core.environment:checking '/home/brace/codeSpace/navi/install/rtabmap_util/lib/pkgconfig/rtabmap_util.pc'
[7.132s] Level 1:colcon.colcon_core.environment:checking '/home/brace/codeSpace/navi/install/rtabmap_util/lib/python3.10/site-packages'
[7.132s] Level 1:colcon.colcon_core.environment:checking '/home/brace/codeSpace/navi/install/rtabmap_util/bin'
[7.133s] INFO:colcon.colcon_core.shell:Creating package script '/home/brace/codeSpace/navi/install/rtabmap_util/share/rtabmap_util/package.ps1'
[7.133s] INFO:colcon.colcon_core.shell:Creating package descriptor '/home/brace/codeSpace/navi/install/rtabmap_util/share/rtabmap_util/package.dsv'
[7.133s] INFO:colcon.colcon_core.shell:Creating package script '/home/brace/codeSpace/navi/install/rtabmap_util/share/rtabmap_util/package.sh'
[7.133s] INFO:colcon.colcon_core.shell:Creating package script '/home/brace/codeSpace/navi/install/rtabmap_util/share/rtabmap_util/package.bash'
[7.134s] INFO:colcon.colcon_core.shell:Creating package script '/home/brace/codeSpace/navi/install/rtabmap_util/share/rtabmap_util/package.zsh'
[7.134s] Level 1:colcon.colcon_core.environment:create_file_with_runtime_dependencies(/home/brace/codeSpace/navi/install/rtabmap_util/share/colcon-core/packages/rtabmap_util)
[7.134s] Level 1:colcon.colcon_core.environment:create_environment_scripts_only(rtabmap_util)
[7.134s] Level 1:colcon.colcon_core.environment:checking '/home/brace/codeSpace/navi/install/rtabmap_util' for CMake module files
[7.135s] Level 1:colcon.colcon_core.environment:checking '/home/brace/codeSpace/navi/install/rtabmap_util' for CMake config files
[7.135s] Level 1:colcon.colcon_core.shell:create_environment_hook('rtabmap_util', 'cmake_prefix_path')
[7.135s] INFO:colcon.colcon_core.shell:Creating environment hook '/home/brace/codeSpace/navi/install/rtabmap_util/share/rtabmap_util/hook/cmake_prefix_path.ps1'
[7.135s] INFO:colcon.colcon_core.shell:Creating environment descriptor '/home/brace/codeSpace/navi/install/rtabmap_util/share/rtabmap_util/hook/cmake_prefix_path.dsv'
[7.135s] INFO:colcon.colcon_core.shell:Creating environment hook '/home/brace/codeSpace/navi/install/rtabmap_util/share/rtabmap_util/hook/cmake_prefix_path.sh'
[7.136s] Level 1:colcon.colcon_core.environment:checking '/home/brace/codeSpace/navi/install/rtabmap_util/lib'
[7.136s] Level 1:colcon.colcon_core.shell:create_environment_hook('rtabmap_util', 'ld_library_path_lib')
[7.136s] INFO:colcon.colcon_core.shell:Creating environment hook '/home/brace/codeSpace/navi/install/rtabmap_util/share/rtabmap_util/hook/ld_library_path_lib.ps1'
[7.136s] INFO:colcon.colcon_core.shell:Creating environment descriptor '/home/brace/codeSpace/navi/install/rtabmap_util/share/rtabmap_util/hook/ld_library_path_lib.dsv'
[7.136s] INFO:colcon.colcon_core.shell:Creating environment hook '/home/brace/codeSpace/navi/install/rtabmap_util/share/rtabmap_util/hook/ld_library_path_lib.sh'
[7.137s] Level 1:colcon.colcon_core.environment:checking '/home/brace/codeSpace/navi/install/rtabmap_util/bin'
[7.137s] Level 1:colcon.colcon_core.environment:checking '/home/brace/codeSpace/navi/install/rtabmap_util/lib/pkgconfig/rtabmap_util.pc'
[7.137s] Level 1:colcon.colcon_core.environment:checking '/home/brace/codeSpace/navi/install/rtabmap_util/lib/python3.10/site-packages'
[7.137s] Level 1:colcon.colcon_core.environment:checking '/home/brace/codeSpace/navi/install/rtabmap_util/bin'
[7.137s] INFO:colcon.colcon_core.shell:Creating package script '/home/brace/codeSpace/navi/install/rtabmap_util/share/rtabmap_util/package.ps1'
[7.137s] INFO:colcon.colcon_core.shell:Creating package descriptor '/home/brace/codeSpace/navi/install/rtabmap_util/share/rtabmap_util/package.dsv'
[7.138s] INFO:colcon.colcon_core.shell:Creating package script '/home/brace/codeSpace/navi/install/rtabmap_util/share/rtabmap_util/package.sh'
[7.138s] INFO:colcon.colcon_core.shell:Creating package script '/home/brace/codeSpace/navi/install/rtabmap_util/share/rtabmap_util/package.bash'
[7.138s] INFO:colcon.colcon_core.shell:Creating package script '/home/brace/codeSpace/navi/install/rtabmap_util/share/rtabmap_util/package.zsh'
[7.138s] Level 1:colcon.colcon_core.environment:create_file_with_runtime_dependencies(/home/brace/codeSpace/navi/install/rtabmap_util/share/colcon-core/packages/rtabmap_util)
[7.139s] INFO:colcon.colcon_ros.task.ament_cmake.build:Building ROS package in '/home/brace/codeSpace/navi/src/rtabmap_ros/rtabmap_odom' with build type 'ament_cmake'
[7.139s] INFO:colcon.colcon_cmake.task.cmake.build:Building CMake package in '/home/brace/codeSpace/navi/src/rtabmap_ros/rtabmap_odom'
[7.139s] INFO:colcon.colcon_core.shell:Skip shell extension 'powershell' for command environment: Not usable outside of PowerShell
[7.139s] DEBUG:colcon.colcon_core.shell:Skip shell extension 'dsv' for command environment
[7.141s] INFO:colcon.colcon_ros.task.ament_cmake.build:Building ROS package in '/home/brace/codeSpace/navi/src/rtabmap_ros/rtabmap_slam' with build type 'ament_cmake'
[7.142s] INFO:colcon.colcon_cmake.task.cmake.build:Building CMake package in '/home/brace/codeSpace/navi/src/rtabmap_ros/rtabmap_slam'
[7.142s] INFO:colcon.colcon_core.shell:Skip shell extension 'powershell' for command environment: Not usable outside of PowerShell
[7.142s] DEBUG:colcon.colcon_core.shell:Skip shell extension 'dsv' for command environment
[7.153s] DEBUG:colcon.colcon_core.event_handler.log_command:Invoking command in '/home/brace/codeSpace/navi/build/rtabmap_odom': AMENT_PREFIX_PATH=/home/brace/codeSpace/navi/install/rtabmap_util:/home/brace/codeSpace/navi/install/rtabmap_sync:/home/brace/codeSpace/navi/install/rtabmap_conversions:/home/brace/codeSpace/navi/install/rtabmap_msgs:${AMENT_PREFIX_PATH} CMAKE_PREFIX_PATH=/home/brace/codeSpace/navi/install/rtabmap_util:/home/brace/codeSpace/navi/install/rtabmap_sync:/home/brace/codeSpace/navi/install/rtabmap_conversions:/home/brace/codeSpace/navi/install/rtabmap_msgs:/home/brace/codeSpace/navi/install/rtabmap:/opt/ros/humble LD_LIBRARY_PATH=/home/brace/codeSpace/navi/install/rtabmap_util/lib:/home/brace/codeSpace/navi/install/rtabmap_sync/lib:/home/brace/codeSpace/navi/install/rtabmap_conversions/lib:/home/brace/codeSpace/navi/install/rtabmap_msgs/lib:/home/brace/codeSpace/navi/install/rtabmap/lib:${LD_LIBRARY_PATH} PATH=/home/brace/codeSpace/navi/install/rtabmap/bin:${PATH} PKG_CONFIG_PATH=/home/brace/codeSpace/navi/install/rtabmap/lib/x86_64-linux-gnu/pkgconfig:/home/brace/codeSpace/navi/install/rtabmap/lib/pkgconfig PYTHONPATH=/home/brace/codeSpace/navi/install/rtabmap_msgs/local/lib/python3.10/dist-packages:${PYTHONPATH} /usr/bin/cmake /home/brace/codeSpace/navi/src/rtabmap_ros/rtabmap_odom -DCMAKE_INSTALL_PREFIX=/home/brace/codeSpace/navi/install/rtabmap_odom
[7.163s] DEBUG:colcon.colcon_core.event_handler.log_command:Invoking command in '/home/brace/codeSpace/navi/build/rtabmap_slam': AMENT_PREFIX_PATH=/home/brace/codeSpace/navi/install/rtabmap_util:/home/brace/codeSpace/navi/install/rtabmap_sync:/home/brace/codeSpace/navi/install/rtabmap_conversions:/home/brace/codeSpace/navi/install/rtabmap_msgs:${AMENT_PREFIX_PATH} CMAKE_PREFIX_PATH=/home/brace/codeSpace/navi/install/rtabmap_util:/home/brace/codeSpace/navi/install/rtabmap_sync:/home/brace/codeSpace/navi/install/rtabmap_conversions:/home/brace/codeSpace/navi/install/rtabmap_msgs:/home/brace/codeSpace/navi/install/rtabmap:/opt/ros/humble LD_LIBRARY_PATH=/home/brace/codeSpace/navi/install/rtabmap_util/lib:/home/brace/codeSpace/navi/install/rtabmap_sync/lib:/home/brace/codeSpace/navi/install/rtabmap_conversions/lib:/home/brace/codeSpace/navi/install/rtabmap_msgs/lib:/home/brace/codeSpace/navi/install/rtabmap/lib:${LD_LIBRARY_PATH} PATH=/home/brace/codeSpace/navi/install/rtabmap/bin:${PATH} PKG_CONFIG_PATH=/home/brace/codeSpace/navi/install/rtabmap/lib/x86_64-linux-gnu/pkgconfig:/home/brace/codeSpace/navi/install/rtabmap/lib/pkgconfig PYTHONPATH=/home/brace/codeSpace/navi/install/rtabmap_msgs/local/lib/python3.10/dist-packages:${PYTHONPATH} /usr/bin/cmake /home/brace/codeSpace/navi/src/rtabmap_ros/rtabmap_slam -DCMAKE_INSTALL_PREFIX=/home/brace/codeSpace/navi/install/rtabmap_slam
[7.613s] DEBUG:colcon.colcon_core.event_handler.log_command:Invoked command in '/home/brace/codeSpace/navi/build/realsense2_camera_msgs' returned '0': CMAKE_PREFIX_PATH=/opt/ros/humble /usr/bin/cmake --build /home/brace/codeSpace/navi/build/realsense2_camera_msgs -- -j16 -l16
[7.615s] DEBUG:colcon.colcon_core.event_handler.log_command:Invoking command in '/home/brace/codeSpace/navi/build/realsense2_camera_msgs': CMAKE_PREFIX_PATH=/opt/ros/humble /usr/bin/cmake --install /home/brace/codeSpace/navi/build/realsense2_camera_msgs
[7.691s] Level 1:colcon.colcon_core.environment:create_environment_scripts_only(realsense2_camera_msgs)
[7.691s] Level 1:colcon.colcon_core.environment:checking '/home/brace/codeSpace/navi/install/realsense2_camera_msgs' for CMake module files
[7.692s] DEBUG:colcon.colcon_core.event_handler.log_command:Invoked command in '/home/brace/codeSpace/navi/build/realsense2_camera_msgs' returned '0': CMAKE_PREFIX_PATH=/opt/ros/humble /usr/bin/cmake --install /home/brace/codeSpace/navi/build/realsense2_camera_msgs
[7.692s] Level 1:colcon.colcon_core.environment:checking '/home/brace/codeSpace/navi/install/realsense2_camera_msgs' for CMake config files
[7.693s] Level 1:colcon.colcon_core.shell:create_environment_hook('realsense2_camera_msgs', 'cmake_prefix_path')
[7.693s] INFO:colcon.colcon_core.shell:Creating environment hook '/home/brace/codeSpace/navi/install/realsense2_camera_msgs/share/realsense2_camera_msgs/hook/cmake_prefix_path.ps1'
[7.693s] INFO:colcon.colcon_core.shell:Creating environment descriptor '/home/brace/codeSpace/navi/install/realsense2_camera_msgs/share/realsense2_camera_msgs/hook/cmake_prefix_path.dsv'
[7.693s] INFO:colcon.colcon_core.shell:Creating environment hook '/home/brace/codeSpace/navi/install/realsense2_camera_msgs/share/realsense2_camera_msgs/hook/cmake_prefix_path.sh'
[7.694s] Level 1:colcon.colcon_core.environment:checking '/home/brace/codeSpace/navi/install/realsense2_camera_msgs/lib'
[7.694s] Level 1:colcon.colcon_core.shell:create_environment_hook('realsense2_camera_msgs', 'ld_library_path_lib')
[7.694s] INFO:colcon.colcon_core.shell:Creating environment hook '/home/brace/codeSpace/navi/install/realsense2_camera_msgs/share/realsense2_camera_msgs/hook/ld_library_path_lib.ps1'
[7.694s] INFO:colcon.colcon_core.shell:Creating environment descriptor '/home/brace/codeSpace/navi/install/realsense2_camera_msgs/share/realsense2_camera_msgs/hook/ld_library_path_lib.dsv'
[7.694s] INFO:colcon.colcon_core.shell:Creating environment hook '/home/brace/codeSpace/navi/install/realsense2_camera_msgs/share/realsense2_camera_msgs/hook/ld_library_path_lib.sh'
[7.694s] Level 1:colcon.colcon_core.environment:checking '/home/brace/codeSpace/navi/install/realsense2_camera_msgs/bin'
[7.694s] Level 1:colcon.colcon_core.environment:checking '/home/brace/codeSpace/navi/install/realsense2_camera_msgs/lib/pkgconfig/realsense2_camera_msgs.pc'
[7.695s] Level 1:colcon.colcon_core.environment:checking '/home/brace/codeSpace/navi/install/realsense2_camera_msgs/lib/python3.10/site-packages'
[7.695s] Level 1:colcon.colcon_core.environment:checking '/home/brace/codeSpace/navi/install/realsense2_camera_msgs/bin'
[7.695s] INFO:colcon.colcon_core.shell:Creating package script '/home/brace/codeSpace/navi/install/realsense2_camera_msgs/share/realsense2_camera_msgs/package.ps1'
[7.695s] INFO:colcon.colcon_core.shell:Creating package descriptor '/home/brace/codeSpace/navi/install/realsense2_camera_msgs/share/realsense2_camera_msgs/package.dsv'
[7.696s] INFO:colcon.colcon_core.shell:Creating package script '/home/brace/codeSpace/navi/install/realsense2_camera_msgs/share/realsense2_camera_msgs/package.sh'
[7.696s] INFO:colcon.colcon_core.shell:Creating package script '/home/brace/codeSpace/navi/install/realsense2_camera_msgs/share/realsense2_camera_msgs/package.bash'
[7.696s] INFO:colcon.colcon_core.shell:Creating package script '/home/brace/codeSpace/navi/install/realsense2_camera_msgs/share/realsense2_camera_msgs/package.zsh'
[7.696s] Level 1:colcon.colcon_core.environment:create_file_with_runtime_dependencies(/home/brace/codeSpace/navi/install/realsense2_camera_msgs/share/colcon-core/packages/realsense2_camera_msgs)
[7.697s] Level 1:colcon.colcon_core.environment:create_environment_scripts_only(realsense2_camera_msgs)
[7.697s] Level 1:colcon.colcon_core.environment:checking '/home/brace/codeSpace/navi/install/realsense2_camera_msgs' for CMake module files
[7.697s] Level 1:colcon.colcon_core.environment:checking '/home/brace/codeSpace/navi/install/realsense2_camera_msgs' for CMake config files
[7.697s] Level 1:colcon.colcon_core.shell:create_environment_hook('realsense2_camera_msgs', 'cmake_prefix_path')
[7.698s] INFO:colcon.colcon_core.shell:Creating environment hook '/home/brace/codeSpace/navi/install/realsense2_camera_msgs/share/realsense2_camera_msgs/hook/cmake_prefix_path.ps1'
[7.698s] INFO:colcon.colcon_core.shell:Creating environment descriptor '/home/brace/codeSpace/navi/install/realsense2_camera_msgs/share/realsense2_camera_msgs/hook/cmake_prefix_path.dsv'
[7.698s] INFO:colcon.colcon_core.shell:Creating environment hook '/home/brace/codeSpace/navi/install/realsense2_camera_msgs/share/realsense2_camera_msgs/hook/cmake_prefix_path.sh'
[7.698s] Level 1:colcon.colcon_core.environment:checking '/home/brace/codeSpace/navi/install/realsense2_camera_msgs/lib'
[7.698s] Level 1:colcon.colcon_core.shell:create_environment_hook('realsense2_camera_msgs', 'ld_library_path_lib')
[7.699s] INFO:colcon.colcon_core.shell:Creating environment hook '/home/brace/codeSpace/navi/install/realsense2_camera_msgs/share/realsense2_camera_msgs/hook/ld_library_path_lib.ps1'
[7.699s] INFO:colcon.colcon_core.shell:Creating environment descriptor '/home/brace/codeSpace/navi/install/realsense2_camera_msgs/share/realsense2_camera_msgs/hook/ld_library_path_lib.dsv'
[7.699s] INFO:colcon.colcon_core.shell:Creating environment hook '/home/brace/codeSpace/navi/install/realsense2_camera_msgs/share/realsense2_camera_msgs/hook/ld_library_path_lib.sh'
[7.699s] Level 1:colcon.colcon_core.environment:checking '/home/brace/codeSpace/navi/install/realsense2_camera_msgs/bin'
[7.699s] Level 1:colcon.colcon_core.environment:checking '/home/brace/codeSpace/navi/install/realsense2_camera_msgs/lib/pkgconfig/realsense2_camera_msgs.pc'
[7.699s] Level 1:colcon.colcon_core.environment:checking '/home/brace/codeSpace/navi/install/realsense2_camera_msgs/lib/python3.10/site-packages'
[7.699s] Level 1:colcon.colcon_core.environment:checking '/home/brace/codeSpace/navi/install/realsense2_camera_msgs/bin'
[7.700s] INFO:colcon.colcon_core.shell:Creating package script '/home/brace/codeSpace/navi/install/realsense2_camera_msgs/share/realsense2_camera_msgs/package.ps1'
[7.700s] INFO:colcon.colcon_core.shell:Creating package descriptor '/home/brace/codeSpace/navi/install/realsense2_camera_msgs/share/realsense2_camera_msgs/package.dsv'
[7.700s] INFO:colcon.colcon_core.shell:Creating package script '/home/brace/codeSpace/navi/install/realsense2_camera_msgs/share/realsense2_camera_msgs/package.sh'
[7.700s] INFO:colcon.colcon_core.shell:Creating package script '/home/brace/codeSpace/navi/install/realsense2_camera_msgs/share/realsense2_camera_msgs/package.bash'
[7.701s] INFO:colcon.colcon_core.shell:Creating package script '/home/brace/codeSpace/navi/install/realsense2_camera_msgs/share/realsense2_camera_msgs/package.zsh'
[7.701s] Level 1:colcon.colcon_core.environment:create_file_with_runtime_dependencies(/home/brace/codeSpace/navi/install/realsense2_camera_msgs/share/colcon-core/packages/realsense2_camera_msgs)
[7.701s] INFO:colcon.colcon_ros.task.ament_cmake.build:Building ROS package in '/home/brace/codeSpace/navi/src/realsense-ros/realsense2_camera' with build type 'ament_cmake'
[7.701s] INFO:colcon.colcon_cmake.task.cmake.build:Building CMake package in '/home/brace/codeSpace/navi/src/realsense-ros/realsense2_camera'
[7.701s] INFO:colcon.colcon_core.shell:Skip shell extension 'powershell' for command environment: Not usable outside of PowerShell
[7.701s] DEBUG:colcon.colcon_core.shell:Skip shell extension 'dsv' for command environment
[7.703s] INFO:colcon.colcon_ros.task.ament_cmake.build:Building ROS package in '/home/brace/codeSpace/navi/src/realsense-ros/realsense2_description' with build type 'ament_cmake'
[7.704s] INFO:colcon.colcon_cmake.task.cmake.build:Building CMake package in '/home/brace/codeSpace/navi/src/realsense-ros/realsense2_description'
[7.704s] INFO:colcon.colcon_core.shell:Skip shell extension 'powershell' for command environment: Not usable outside of PowerShell
[7.704s] DEBUG:colcon.colcon_core.shell:Skip shell extension 'dsv' for command environment
[7.706s] INFO:colcon.colcon_ros.task.ament_cmake.build:Building ROS package in '/home/brace/codeSpace/navi/src/realsense-ros/realsense2_rgbd_plugin' with build type 'ament_cmake'
[7.706s] INFO:colcon.colcon_cmake.task.cmake.build:Building CMake package in '/home/brace/codeSpace/navi/src/realsense-ros/realsense2_rgbd_plugin'
[7.706s] INFO:colcon.colcon_core.shell:Skip shell extension 'powershell' for command environment: Not usable outside of PowerShell
[7.706s] DEBUG:colcon.colcon_core.shell:Skip shell extension 'dsv' for command environment
[7.711s] DEBUG:colcon.colcon_core.event_handler.log_command:Invoking command in '/home/brace/codeSpace/navi/build/realsense2_camera': AMENT_PREFIX_PATH=/home/brace/codeSpace/navi/install/realsense2_camera_msgs:${AMENT_PREFIX_PATH} CMAKE_PREFIX_PATH=/home/brace/codeSpace/navi/install/realsense2_camera_msgs:/opt/ros/humble LD_LIBRARY_PATH=/home/brace/codeSpace/navi/install/realsense2_camera_msgs/lib:${LD_LIBRARY_PATH} PYTHONPATH=/home/brace/codeSpace/navi/install/realsense2_camera_msgs/local/lib/python3.10/dist-packages:${PYTHONPATH} /usr/bin/cmake /home/brace/codeSpace/navi/src/realsense-ros/realsense2_camera -DCMAKE_INSTALL_PREFIX=/home/brace/codeSpace/navi/install/realsense2_camera
[7.712s] DEBUG:colcon.colcon_core.event_handler.log_command:Invoking command in '/home/brace/codeSpace/navi/build/realsense2_description': AMENT_PREFIX_PATH=/home/brace/codeSpace/navi/install/realsense2_camera_msgs:${AMENT_PREFIX_PATH} CMAKE_PREFIX_PATH=/home/brace/codeSpace/navi/install/realsense2_camera_msgs:/opt/ros/humble LD_LIBRARY_PATH=/home/brace/codeSpace/navi/install/realsense2_camera_msgs/lib:${LD_LIBRARY_PATH} PYTHONPATH=/home/brace/codeSpace/navi/install/realsense2_camera_msgs/local/lib/python3.10/dist-packages:${PYTHONPATH} /usr/bin/cmake /home/brace/codeSpace/navi/src/realsense-ros/realsense2_description -DCMAKE_INSTALL_PREFIX=/home/brace/codeSpace/navi/install/realsense2_description
[7.715s] DEBUG:colcon.colcon_core.event_handler.log_command:Invoking command in '/home/brace/codeSpace/navi/build/realsense2_rviz_plugin': AMENT_PREFIX_PATH=/home/brace/codeSpace/navi/install/realsense2_camera_msgs:${AMENT_PREFIX_PATH} CMAKE_PREFIX_PATH=/home/brace/codeSpace/navi/install/realsense2_camera_msgs:/opt/ros/humble LD_LIBRARY_PATH=/home/brace/codeSpace/navi/install/realsense2_camera_msgs/lib:${LD_LIBRARY_PATH} PYTHONPATH=/home/brace/codeSpace/navi/install/realsense2_camera_msgs/local/lib/python3.10/dist-packages:${PYTHONPATH} /usr/bin/cmake /home/brace/codeSpace/navi/src/realsense-ros/realsense2_rgbd_plugin -DCMAKE_INSTALL_PREFIX=/home/brace/codeSpace/navi/install/realsense2_rviz_plugin
[7.897s] DEBUG:colcon.colcon_core.event_handler.log_command:Invoked command in '/home/brace/codeSpace/navi/build/rtabmap_viz' returned '0': AMENT_PREFIX_PATH=/home/brace/codeSpace/navi/install/rtabmap_sync:/home/brace/codeSpace/navi/install/rtabmap_conversions:/home/brace/codeSpace/navi/install/rtabmap_msgs:${AMENT_PREFIX_PATH} CMAKE_PREFIX_PATH=/home/brace/codeSpace/navi/install/rtabmap_sync:/home/brace/codeSpace/navi/install/rtabmap_conversions:/home/brace/codeSpace/navi/install/rtabmap_msgs:/home/brace/codeSpace/navi/install/rtabmap:/opt/ros/humble LD_LIBRARY_PATH=/home/brace/codeSpace/navi/install/rtabmap_sync/lib:/home/brace/codeSpace/navi/install/rtabmap_conversions/lib:/home/brace/codeSpace/navi/install/rtabmap_msgs/lib:/home/brace/codeSpace/navi/install/rtabmap/lib:${LD_LIBRARY_PATH} PATH=/home/brace/codeSpace/navi/install/rtabmap/bin:${PATH} PKG_CONFIG_PATH=/home/brace/codeSpace/navi/install/rtabmap/lib/x86_64-linux-gnu/pkgconfig:/home/brace/codeSpace/navi/install/rtabmap/lib/pkgconfig PYTHONPATH=/home/brace/codeSpace/navi/install/rtabmap_msgs/local/lib/python3.10/dist-packages:${PYTHONPATH} /usr/bin/cmake /home/brace/codeSpace/navi/src/rtabmap_ros/rtabmap_viz -DCMAKE_INSTALL_PREFIX=/home/brace/codeSpace/navi/install/rtabmap_viz
[7.898s] DEBUG:colcon.colcon_core.event_handler.log_command:Invoking command in '/home/brace/codeSpace/navi/build/rtabmap_viz': AMENT_PREFIX_PATH=/home/brace/codeSpace/navi/install/rtabmap_sync:/home/brace/codeSpace/navi/install/rtabmap_conversions:/home/brace/codeSpace/navi/install/rtabmap_msgs:${AMENT_PREFIX_PATH} CMAKE_PREFIX_PATH=/home/brace/codeSpace/navi/install/rtabmap_sync:/home/brace/codeSpace/navi/install/rtabmap_conversions:/home/brace/codeSpace/navi/install/rtabmap_msgs:/home/brace/codeSpace/navi/install/rtabmap:/opt/ros/humble LD_LIBRARY_PATH=/home/brace/codeSpace/navi/install/rtabmap_sync/lib:/home/brace/codeSpace/navi/install/rtabmap_conversions/lib:/home/brace/codeSpace/navi/install/rtabmap_msgs/lib:/home/brace/codeSpace/navi/install/rtabmap/lib:${LD_LIBRARY_PATH} PATH=/home/brace/codeSpace/navi/install/rtabmap/bin:${PATH} PKG_CONFIG_PATH=/home/brace/codeSpace/navi/install/rtabmap/lib/x86_64-linux-gnu/pkgconfig:/home/brace/codeSpace/navi/install/rtabmap/lib/pkgconfig PYTHONPATH=/home/brace/codeSpace/navi/install/rtabmap_msgs/local/lib/python3.10/dist-packages:${PYTHONPATH} /usr/bin/cmake --build /home/brace/codeSpace/navi/build/rtabmap_viz -- -j16 -l16
[8.001s] DEBUG:colcon.colcon_core.event_handler.log_command:Invoked command in '/home/brace/codeSpace/navi/build/rtabmap_viz' returned '0': AMENT_PREFIX_PATH=/home/brace/codeSpace/navi/install/rtabmap_sync:/home/brace/codeSpace/navi/install/rtabmap_conversions:/home/brace/codeSpace/navi/install/rtabmap_msgs:${AMENT_PREFIX_PATH} CMAKE_PREFIX_PATH=/home/brace/codeSpace/navi/install/rtabmap_sync:/home/brace/codeSpace/navi/install/rtabmap_conversions:/home/brace/codeSpace/navi/install/rtabmap_msgs:/home/brace/codeSpace/navi/install/rtabmap:/opt/ros/humble LD_LIBRARY_PATH=/home/brace/codeSpace/navi/install/rtabmap_sync/lib:/home/brace/codeSpace/navi/install/rtabmap_conversions/lib:/home/brace/codeSpace/navi/install/rtabmap_msgs/lib:/home/brace/codeSpace/navi/install/rtabmap/lib:${LD_LIBRARY_PATH} PATH=/home/brace/codeSpace/navi/install/rtabmap/bin:${PATH} PKG_CONFIG_PATH=/home/brace/codeSpace/navi/install/rtabmap/lib/x86_64-linux-gnu/pkgconfig:/home/brace/codeSpace/navi/install/rtabmap/lib/pkgconfig PYTHONPATH=/home/brace/codeSpace/navi/install/rtabmap_msgs/local/lib/python3.10/dist-packages:${PYTHONPATH} /usr/bin/cmake --build /home/brace/codeSpace/navi/build/rtabmap_viz -- -j16 -l16
[8.003s] DEBUG:colcon.colcon_core.event_handler.log_command:Invoking command in '/home/brace/codeSpace/navi/build/rtabmap_viz': AMENT_PREFIX_PATH=/home/brace/codeSpace/navi/install/rtabmap_sync:/home/brace/codeSpace/navi/install/rtabmap_conversions:/home/brace/codeSpace/navi/install/rtabmap_msgs:${AMENT_PREFIX_PATH} CMAKE_PREFIX_PATH=/home/brace/codeSpace/navi/install/rtabmap_sync:/home/brace/codeSpace/navi/install/rtabmap_conversions:/home/brace/codeSpace/navi/install/rtabmap_msgs:/home/brace/codeSpace/navi/install/rtabmap:/opt/ros/humble LD_LIBRARY_PATH=/home/brace/codeSpace/navi/install/rtabmap_sync/lib:/home/brace/codeSpace/navi/install/rtabmap_conversions/lib:/home/brace/codeSpace/navi/install/rtabmap_msgs/lib:/home/brace/codeSpace/navi/install/rtabmap/lib:${LD_LIBRARY_PATH} PATH=/home/brace/codeSpace/navi/install/rtabmap/bin:${PATH} PKG_CONFIG_PATH=/home/brace/codeSpace/navi/install/rtabmap/lib/x86_64-linux-gnu/pkgconfig:/home/brace/codeSpace/navi/install/rtabmap/lib/pkgconfig PYTHONPATH=/home/brace/codeSpace/navi/install/rtabmap_msgs/local/lib/python3.10/dist-packages:${PYTHONPATH} /usr/bin/cmake --install /home/brace/codeSpace/navi/build/rtabmap_viz
[8.023s] Level 1:colcon.colcon_core.environment:create_environment_scripts_only(rtabmap_viz)
[8.023s] Level 1:colcon.colcon_core.environment:checking '/home/brace/codeSpace/navi/install/rtabmap_viz' for CMake module files
[8.024s] DEBUG:colcon.colcon_core.event_handler.log_command:Invoked command in '/home/brace/codeSpace/navi/build/rtabmap_viz' returned '0': AMENT_PREFIX_PATH=/home/brace/codeSpace/navi/install/rtabmap_sync:/home/brace/codeSpace/navi/install/rtabmap_conversions:/home/brace/codeSpace/navi/install/rtabmap_msgs:${AMENT_PREFIX_PATH} CMAKE_PREFIX_PATH=/home/brace/codeSpace/navi/install/rtabmap_sync:/home/brace/codeSpace/navi/install/rtabmap_conversions:/home/brace/codeSpace/navi/install/rtabmap_msgs:/home/brace/codeSpace/navi/install/rtabmap:/opt/ros/humble LD_LIBRARY_PATH=/home/brace/codeSpace/navi/install/rtabmap_sync/lib:/home/brace/codeSpace/navi/install/rtabmap_conversions/lib:/home/brace/codeSpace/navi/install/rtabmap_msgs/lib:/home/brace/codeSpace/navi/install/rtabmap/lib:${LD_LIBRARY_PATH} PATH=/home/brace/codeSpace/navi/install/rtabmap/bin:${PATH} PKG_CONFIG_PATH=/home/brace/codeSpace/navi/install/rtabmap/lib/x86_64-linux-gnu/pkgconfig:/home/brace/codeSpace/navi/install/rtabmap/lib/pkgconfig PYTHONPATH=/home/brace/codeSpace/navi/install/rtabmap_msgs/local/lib/python3.10/dist-packages:${PYTHONPATH} /usr/bin/cmake --install /home/brace/codeSpace/navi/build/rtabmap_viz
[8.024s] Level 1:colcon.colcon_core.environment:checking '/home/brace/codeSpace/navi/install/rtabmap_viz' for CMake config files
[8.025s] Level 1:colcon.colcon_core.shell:create_environment_hook('rtabmap_viz', 'cmake_prefix_path')
[8.025s] INFO:colcon.colcon_core.shell:Creating environment hook '/home/brace/codeSpace/navi/install/rtabmap_viz/share/rtabmap_viz/hook/cmake_prefix_path.ps1'
[8.025s] INFO:colcon.colcon_core.shell:Creating environment descriptor '/home/brace/codeSpace/navi/install/rtabmap_viz/share/rtabmap_viz/hook/cmake_prefix_path.dsv'
[8.026s] INFO:colcon.colcon_core.shell:Creating environment hook '/home/brace/codeSpace/navi/install/rtabmap_viz/share/rtabmap_viz/hook/cmake_prefix_path.sh'
[8.026s] Level 1:colcon.colcon_core.environment:checking '/home/brace/codeSpace/navi/install/rtabmap_viz/lib'
[8.027s] Level 1:colcon.colcon_core.environment:checking '/home/brace/codeSpace/navi/install/rtabmap_viz/bin'
[8.027s] Level 1:colcon.colcon_core.environment:checking '/home/brace/codeSpace/navi/install/rtabmap_viz/lib/pkgconfig/rtabmap_viz.pc'
[8.027s] Level 1:colcon.colcon_core.environment:checking '/home/brace/codeSpace/navi/install/rtabmap_viz/lib/python3.10/site-packages'
[8.027s] Level 1:colcon.colcon_core.environment:checking '/home/brace/codeSpace/navi/install/rtabmap_viz/bin'
[8.028s] INFO:colcon.colcon_core.shell:Creating package script '/home/brace/codeSpace/navi/install/rtabmap_viz/share/rtabmap_viz/package.ps1'
[8.028s] INFO:colcon.colcon_core.shell:Creating package descriptor '/home/brace/codeSpace/navi/install/rtabmap_viz/share/rtabmap_viz/package.dsv'
[8.029s] INFO:colcon.colcon_core.shell:Creating package script '/home/brace/codeSpace/navi/install/rtabmap_viz/share/rtabmap_viz/package.sh'
[8.029s] INFO:colcon.colcon_core.shell:Creating package script '/home/brace/codeSpace/navi/install/rtabmap_viz/share/rtabmap_viz/package.bash'
[8.029s] INFO:colcon.colcon_core.shell:Creating package script '/home/brace/codeSpace/navi/install/rtabmap_viz/share/rtabmap_viz/package.zsh'
[8.030s] Level 1:colcon.colcon_core.environment:create_file_with_runtime_dependencies(/home/brace/codeSpace/navi/install/rtabmap_viz/share/colcon-core/packages/rtabmap_viz)
[8.030s] Level 1:colcon.colcon_core.environment:create_environment_scripts_only(rtabmap_viz)
[8.030s] Level 1:colcon.colcon_core.environment:checking '/home/brace/codeSpace/navi/install/rtabmap_viz' for CMake module files
[8.030s] Level 1:colcon.colcon_core.environment:checking '/home/brace/codeSpace/navi/install/rtabmap_viz' for CMake config files
[8.030s] Level 1:colcon.colcon_core.shell:create_environment_hook('rtabmap_viz', 'cmake_prefix_path')
[8.031s] INFO:colcon.colcon_core.shell:Creating environment hook '/home/brace/codeSpace/navi/install/rtabmap_viz/share/rtabmap_viz/hook/cmake_prefix_path.ps1'
[8.031s] INFO:colcon.colcon_core.shell:Creating environment descriptor '/home/brace/codeSpace/navi/install/rtabmap_viz/share/rtabmap_viz/hook/cmake_prefix_path.dsv'
[8.031s] INFO:colcon.colcon_core.shell:Creating environment hook '/home/brace/codeSpace/navi/install/rtabmap_viz/share/rtabmap_viz/hook/cmake_prefix_path.sh'
[8.031s] Level 1:colcon.colcon_core.environment:checking '/home/brace/codeSpace/navi/install/rtabmap_viz/lib'
[8.031s] Level 1:colcon.colcon_core.environment:checking '/home/brace/codeSpace/navi/install/rtabmap_viz/bin'
[8.031s] Level 1:colcon.colcon_core.environment:checking '/home/brace/codeSpace/navi/install/rtabmap_viz/lib/pkgconfig/rtabmap_viz.pc'
[8.031s] Level 1:colcon.colcon_core.environment:checking '/home/brace/codeSpace/navi/install/rtabmap_viz/lib/python3.10/site-packages'
[8.032s] Level 1:colcon.colcon_core.environment:checking '/home/brace/codeSpace/navi/install/rtabmap_viz/bin'
[8.032s] INFO:colcon.colcon_core.shell:Creating package script '/home/brace/codeSpace/navi/install/rtabmap_viz/share/rtabmap_viz/package.ps1'
[8.032s] INFO:colcon.colcon_core.shell:Creating package descriptor '/home/brace/codeSpace/navi/install/rtabmap_viz/share/rtabmap_viz/package.dsv'
[8.032s] INFO:colcon.colcon_core.shell:Creating package script '/home/brace/codeSpace/navi/install/rtabmap_viz/share/rtabmap_viz/package.sh'
[8.033s] INFO:colcon.colcon_core.shell:Creating package script '/home/brace/codeSpace/navi/install/rtabmap_viz/share/rtabmap_viz/package.bash'
[8.033s] INFO:colcon.colcon_core.shell:Creating package script '/home/brace/codeSpace/navi/install/rtabmap_viz/share/rtabmap_viz/package.zsh'
[8.033s] Level 1:colcon.colcon_core.environment:create_file_with_runtime_dependencies(/home/brace/codeSpace/navi/install/rtabmap_viz/share/colcon-core/packages/rtabmap_viz)
[8.140s] DEBUG:colcon.colcon_core.event_handler.log_command:Invoked command in '/home/brace/codeSpace/navi/build/realsense2_description' returned '0': AMENT_PREFIX_PATH=/home/brace/codeSpace/navi/install/realsense2_camera_msgs:${AMENT_PREFIX_PATH} CMAKE_PREFIX_PATH=/home/brace/codeSpace/navi/install/realsense2_camera_msgs:/opt/ros/humble LD_LIBRARY_PATH=/home/brace/codeSpace/navi/install/realsense2_camera_msgs/lib:${LD_LIBRARY_PATH} PYTHONPATH=/home/brace/codeSpace/navi/install/realsense2_camera_msgs/local/lib/python3.10/dist-packages:${PYTHONPATH} /usr/bin/cmake /home/brace/codeSpace/navi/src/realsense-ros/realsense2_description -DCMAKE_INSTALL_PREFIX=/home/brace/codeSpace/navi/install/realsense2_description
[8.141s] DEBUG:colcon.colcon_core.event_handler.log_command:Invoking command in '/home/brace/codeSpace/navi/build/realsense2_description': AMENT_PREFIX_PATH=/home/brace/codeSpace/navi/install/realsense2_camera_msgs:${AMENT_PREFIX_PATH} CMAKE_PREFIX_PATH=/home/brace/codeSpace/navi/install/realsense2_camera_msgs:/opt/ros/humble LD_LIBRARY_PATH=/home/brace/codeSpace/navi/install/realsense2_camera_msgs/lib:${LD_LIBRARY_PATH} PYTHONPATH=/home/brace/codeSpace/navi/install/realsense2_camera_msgs/local/lib/python3.10/dist-packages:${PYTHONPATH} /usr/bin/cmake --build /home/brace/codeSpace/navi/build/realsense2_description -- -j16 -l16
[8.174s] DEBUG:colcon.colcon_core.event_handler.log_command:Invoked command in '/home/brace/codeSpace/navi/build/realsense2_rviz_plugin' returned '0': AMENT_PREFIX_PATH=/home/brace/codeSpace/navi/install/realsense2_camera_msgs:${AMENT_PREFIX_PATH} CMAKE_PREFIX_PATH=/home/brace/codeSpace/navi/install/realsense2_camera_msgs:/opt/ros/humble LD_LIBRARY_PATH=/home/brace/codeSpace/navi/install/realsense2_camera_msgs/lib:${LD_LIBRARY_PATH} PYTHONPATH=/home/brace/codeSpace/navi/install/realsense2_camera_msgs/local/lib/python3.10/dist-packages:${PYTHONPATH} /usr/bin/cmake /home/brace/codeSpace/navi/src/realsense-ros/realsense2_rgbd_plugin -DCMAKE_INSTALL_PREFIX=/home/brace/codeSpace/navi/install/realsense2_rviz_plugin
[8.175s] DEBUG:colcon.colcon_core.event_handler.log_command:Invoking command in '/home/brace/codeSpace/navi/build/realsense2_rviz_plugin': AMENT_PREFIX_PATH=/home/brace/codeSpace/navi/install/realsense2_camera_msgs:${AMENT_PREFIX_PATH} CMAKE_PREFIX_PATH=/home/brace/codeSpace/navi/install/realsense2_camera_msgs:/opt/ros/humble LD_LIBRARY_PATH=/home/brace/codeSpace/navi/install/realsense2_camera_msgs/lib:${LD_LIBRARY_PATH} PYTHONPATH=/home/brace/codeSpace/navi/install/realsense2_camera_msgs/local/lib/python3.10/dist-packages:${PYTHONPATH} /usr/bin/cmake --build /home/brace/codeSpace/navi/build/realsense2_rviz_plugin -- -j16 -l16
[8.177s] DEBUG:colcon.colcon_core.event_handler.log_command:Invoked command in '/home/brace/codeSpace/navi/build/realsense2_description' returned '0': AMENT_PREFIX_PATH=/home/brace/codeSpace/navi/install/realsense2_camera_msgs:${AMENT_PREFIX_PATH} CMAKE_PREFIX_PATH=/home/brace/codeSpace/navi/install/realsense2_camera_msgs:/opt/ros/humble LD_LIBRARY_PATH=/home/brace/codeSpace/navi/install/realsense2_camera_msgs/lib:${LD_LIBRARY_PATH} PYTHONPATH=/home/brace/codeSpace/navi/install/realsense2_camera_msgs/local/lib/python3.10/dist-packages:${PYTHONPATH} /usr/bin/cmake --build /home/brace/codeSpace/navi/build/realsense2_description -- -j16 -l16
[8.178s] DEBUG:colcon.colcon_core.event_handler.log_command:Invoking command in '/home/brace/codeSpace/navi/build/realsense2_description': AMENT_PREFIX_PATH=/home/brace/codeSpace/navi/install/realsense2_camera_msgs:${AMENT_PREFIX_PATH} CMAKE_PREFIX_PATH=/home/brace/codeSpace/navi/install/realsense2_camera_msgs:/opt/ros/humble LD_LIBRARY_PATH=/home/brace/codeSpace/navi/install/realsense2_camera_msgs/lib:${LD_LIBRARY_PATH} PYTHONPATH=/home/brace/codeSpace/navi/install/realsense2_camera_msgs/local/lib/python3.10/dist-packages:${PYTHONPATH} /usr/bin/cmake --install /home/brace/codeSpace/navi/build/realsense2_description
[8.203s] DEBUG:colcon.colcon_core.event_handler.log_command:Invoked command in '/home/brace/codeSpace/navi/build/realsense2_rviz_plugin' returned '0': AMENT_PREFIX_PATH=/home/brace/codeSpace/navi/install/realsense2_camera_msgs:${AMENT_PREFIX_PATH} CMAKE_PREFIX_PATH=/home/brace/codeSpace/navi/install/realsense2_camera_msgs:/opt/ros/humble LD_LIBRARY_PATH=/home/brace/codeSpace/navi/install/realsense2_camera_msgs/lib:${LD_LIBRARY_PATH} PYTHONPATH=/home/brace/codeSpace/navi/install/realsense2_camera_msgs/local/lib/python3.10/dist-packages:${PYTHONPATH} /usr/bin/cmake --build /home/brace/codeSpace/navi/build/realsense2_rviz_plugin -- -j16 -l16
[8.204s] DEBUG:colcon.colcon_core.event_handler.log_command:Invoking command in '/home/brace/codeSpace/navi/build/realsense2_rviz_plugin': AMENT_PREFIX_PATH=/home/brace/codeSpace/navi/install/realsense2_camera_msgs:${AMENT_PREFIX_PATH} CMAKE_PREFIX_PATH=/home/brace/codeSpace/navi/install/realsense2_camera_msgs:/opt/ros/humble LD_LIBRARY_PATH=/home/brace/codeSpace/navi/install/realsense2_camera_msgs/lib:${LD_LIBRARY_PATH} PYTHONPATH=/home/brace/codeSpace/navi/install/realsense2_camera_msgs/local/lib/python3.10/dist-packages:${PYTHONPATH} /usr/bin/cmake --install /home/brace/codeSpace/navi/build/realsense2_rviz_plugin
[8.211s] Level 1:colcon.colcon_core.environment:create_environment_scripts_only(realsense2_rviz_plugin)
[8.211s] Level 1:colcon.colcon_core.environment:checking '/home/brace/codeSpace/navi/install/realsense2_rviz_plugin' for CMake module files
[8.211s] DEBUG:colcon.colcon_core.event_handler.log_command:Invoked command in '/home/brace/codeSpace/navi/build/realsense2_rviz_plugin' returned '0': AMENT_PREFIX_PATH=/home/brace/codeSpace/navi/install/realsense2_camera_msgs:${AMENT_PREFIX_PATH} CMAKE_PREFIX_PATH=/home/brace/codeSpace/navi/install/realsense2_camera_msgs:/opt/ros/humble LD_LIBRARY_PATH=/home/brace/codeSpace/navi/install/realsense2_camera_msgs/lib:${LD_LIBRARY_PATH} PYTHONPATH=/home/brace/codeSpace/navi/install/realsense2_camera_msgs/local/lib/python3.10/dist-packages:${PYTHONPATH} /usr/bin/cmake --install /home/brace/codeSpace/navi/build/realsense2_rviz_plugin
[8.212s] Level 1:colcon.colcon_core.environment:checking '/home/brace/codeSpace/navi/install/realsense2_rviz_plugin' for CMake config files
[8.212s] Level 1:colcon.colcon_core.shell:create_environment_hook('realsense2_rviz_plugin', 'cmake_prefix_path')
[8.213s] INFO:colcon.colcon_core.shell:Creating environment hook '/home/brace/codeSpace/navi/install/realsense2_rviz_plugin/share/realsense2_rviz_plugin/hook/cmake_prefix_path.ps1'
[8.213s] INFO:colcon.colcon_core.shell:Creating environment descriptor '/home/brace/codeSpace/navi/install/realsense2_rviz_plugin/share/realsense2_rviz_plugin/hook/cmake_prefix_path.dsv'
[8.214s] INFO:colcon.colcon_core.shell:Creating environment hook '/home/brace/codeSpace/navi/install/realsense2_rviz_plugin/share/realsense2_rviz_plugin/hook/cmake_prefix_path.sh'
[8.214s] Level 1:colcon.colcon_core.environment:checking '/home/brace/codeSpace/navi/install/realsense2_rviz_plugin/bin'
[8.214s] Level 1:colcon.colcon_core.environment:checking '/home/brace/codeSpace/navi/install/realsense2_rviz_plugin/lib/pkgconfig/realsense2_rviz_plugin.pc'
[8.214s] Level 1:colcon.colcon_core.environment:checking '/home/brace/codeSpace/navi/install/realsense2_rviz_plugin/lib/python3.10/site-packages'
[8.214s] Level 1:colcon.colcon_core.environment:checking '/home/brace/codeSpace/navi/install/realsense2_rviz_plugin/bin'
[8.215s] INFO:colcon.colcon_core.shell:Creating package script '/home/brace/codeSpace/navi/install/realsense2_rviz_plugin/share/realsense2_rviz_plugin/package.ps1'
[8.215s] INFO:colcon.colcon_core.shell:Creating package descriptor '/home/brace/codeSpace/navi/install/realsense2_rviz_plugin/share/realsense2_rviz_plugin/package.dsv'
[8.215s] INFO:colcon.colcon_core.shell:Creating package script '/home/brace/codeSpace/navi/install/realsense2_rviz_plugin/share/realsense2_rviz_plugin/package.sh'
[8.215s] INFO:colcon.colcon_core.shell:Creating package script '/home/brace/codeSpace/navi/install/realsense2_rviz_plugin/share/realsense2_rviz_plugin/package.bash'
[8.215s] INFO:colcon.colcon_core.shell:Creating package script '/home/brace/codeSpace/navi/install/realsense2_rviz_plugin/share/realsense2_rviz_plugin/package.zsh'
[8.216s] Level 1:colcon.colcon_core.environment:create_file_with_runtime_dependencies(/home/brace/codeSpace/navi/install/realsense2_rviz_plugin/share/colcon-core/packages/realsense2_rviz_plugin)
[8.216s] Level 1:colcon.colcon_core.environment:create_environment_scripts_only(realsense2_rviz_plugin)
[8.216s] Level 1:colcon.colcon_core.environment:checking '/home/brace/codeSpace/navi/install/realsense2_rviz_plugin' for CMake module files
[8.216s] Level 1:colcon.colcon_core.environment:checking '/home/brace/codeSpace/navi/install/realsense2_rviz_plugin' for CMake config files
[8.216s] Level 1:colcon.colcon_core.shell:create_environment_hook('realsense2_rviz_plugin', 'cmake_prefix_path')
[8.216s] INFO:colcon.colcon_core.shell:Creating environment hook '/home/brace/codeSpace/navi/install/realsense2_rviz_plugin/share/realsense2_rviz_plugin/hook/cmake_prefix_path.ps1'
[8.217s] INFO:colcon.colcon_core.shell:Creating environment descriptor '/home/brace/codeSpace/navi/install/realsense2_rviz_plugin/share/realsense2_rviz_plugin/hook/cmake_prefix_path.dsv'
[8.217s] INFO:colcon.colcon_core.shell:Creating environment hook '/home/brace/codeSpace/navi/install/realsense2_rviz_plugin/share/realsense2_rviz_plugin/hook/cmake_prefix_path.sh'
[8.217s] Level 1:colcon.colcon_core.environment:checking '/home/brace/codeSpace/navi/install/realsense2_rviz_plugin/bin'
[8.217s] Level 1:colcon.colcon_core.environment:checking '/home/brace/codeSpace/navi/install/realsense2_rviz_plugin/lib/pkgconfig/realsense2_rviz_plugin.pc'
[8.217s] Level 1:colcon.colcon_core.environment:checking '/home/brace/codeSpace/navi/install/realsense2_rviz_plugin/lib/python3.10/site-packages'
[8.218s] Level 1:colcon.colcon_core.environment:checking '/home/brace/codeSpace/navi/install/realsense2_rviz_plugin/bin'
[8.218s] INFO:colcon.colcon_core.shell:Creating package script '/home/brace/codeSpace/navi/install/realsense2_rviz_plugin/share/realsense2_rviz_plugin/package.ps1'
[8.218s] INFO:colcon.colcon_core.shell:Creating package descriptor '/home/brace/codeSpace/navi/install/realsense2_rviz_plugin/share/realsense2_rviz_plugin/package.dsv'
[8.218s] INFO:colcon.colcon_core.shell:Creating package script '/home/brace/codeSpace/navi/install/realsense2_rviz_plugin/share/realsense2_rviz_plugin/package.sh'
[8.219s] INFO:colcon.colcon_core.shell:Creating package script '/home/brace/codeSpace/navi/install/realsense2_rviz_plugin/share/realsense2_rviz_plugin/package.bash'
[8.219s] INFO:colcon.colcon_core.shell:Creating package script '/home/brace/codeSpace/navi/install/realsense2_rviz_plugin/share/realsense2_rviz_plugin/package.zsh'
[8.219s] Level 1:colcon.colcon_core.environment:create_file_with_runtime_dependencies(/home/brace/codeSpace/navi/install/realsense2_rviz_plugin/share/colcon-core/packages/realsense2_rviz_plugin)
[8.227s] Level 1:colcon.colcon_core.environment:create_environment_scripts_only(realsense2_description)
[8.227s] Level 1:colcon.colcon_core.environment:checking '/home/brace/codeSpace/navi/install/realsense2_description' for CMake module files
[8.228s] DEBUG:colcon.colcon_core.event_handler.log_command:Invoked command in '/home/brace/codeSpace/navi/build/realsense2_description' returned '0': AMENT_PREFIX_PATH=/home/brace/codeSpace/navi/install/realsense2_camera_msgs:${AMENT_PREFIX_PATH} CMAKE_PREFIX_PATH=/home/brace/codeSpace/navi/install/realsense2_camera_msgs:/opt/ros/humble LD_LIBRARY_PATH=/home/brace/codeSpace/navi/install/realsense2_camera_msgs/lib:${LD_LIBRARY_PATH} PYTHONPATH=/home/brace/codeSpace/navi/install/realsense2_camera_msgs/local/lib/python3.10/dist-packages:${PYTHONPATH} /usr/bin/cmake --install /home/brace/codeSpace/navi/build/realsense2_description
[8.228s] Level 1:colcon.colcon_core.environment:checking '/home/brace/codeSpace/navi/install/realsense2_description' for CMake config files
[8.228s] Level 1:colcon.colcon_core.shell:create_environment_hook('realsense2_description', 'cmake_prefix_path')
[8.228s] INFO:colcon.colcon_core.shell:Creating environment hook '/home/brace/codeSpace/navi/install/realsense2_description/share/realsense2_description/hook/cmake_prefix_path.ps1'
[8.228s] INFO:colcon.colcon_core.shell:Creating environment descriptor '/home/brace/codeSpace/navi/install/realsense2_description/share/realsense2_description/hook/cmake_prefix_path.dsv'
[8.229s] INFO:colcon.colcon_core.shell:Creating environment hook '/home/brace/codeSpace/navi/install/realsense2_description/share/realsense2_description/hook/cmake_prefix_path.sh'
[8.229s] Level 1:colcon.colcon_core.environment:checking '/home/brace/codeSpace/navi/install/realsense2_description/bin'
[8.229s] Level 1:colcon.colcon_core.environment:checking '/home/brace/codeSpace/navi/install/realsense2_description/lib/pkgconfig/realsense2_description.pc'
[8.229s] Level 1:colcon.colcon_core.environment:checking '/home/brace/codeSpace/navi/install/realsense2_description/lib/python3.10/site-packages'
[8.229s] Level 1:colcon.colcon_core.environment:checking '/home/brace/codeSpace/navi/install/realsense2_description/bin'
[8.229s] INFO:colcon.colcon_core.shell:Creating package script '/home/brace/codeSpace/navi/install/realsense2_description/share/realsense2_description/package.ps1'
[8.230s] INFO:colcon.colcon_core.shell:Creating package descriptor '/home/brace/codeSpace/navi/install/realsense2_description/share/realsense2_description/package.dsv'
[8.230s] INFO:colcon.colcon_core.shell:Creating package script '/home/brace/codeSpace/navi/install/realsense2_description/share/realsense2_description/package.sh'
[8.230s] INFO:colcon.colcon_core.shell:Creating package script '/home/brace/codeSpace/navi/install/realsense2_description/share/realsense2_description/package.bash'
[8.230s] INFO:colcon.colcon_core.shell:Creating package script '/home/brace/codeSpace/navi/install/realsense2_description/share/realsense2_description/package.zsh'
[8.230s] Level 1:colcon.colcon_core.environment:create_file_with_runtime_dependencies(/home/brace/codeSpace/navi/install/realsense2_description/share/colcon-core/packages/realsense2_description)
[8.231s] Level 1:colcon.colcon_core.environment:create_environment_scripts_only(realsense2_description)
[8.231s] Level 1:colcon.colcon_core.environment:checking '/home/brace/codeSpace/navi/install/realsense2_description' for CMake module files
[8.231s] Level 1:colcon.colcon_core.environment:checking '/home/brace/codeSpace/navi/install/realsense2_description' for CMake config files
[8.231s] Level 1:colcon.colcon_core.shell:create_environment_hook('realsense2_description', 'cmake_prefix_path')
[8.231s] INFO:colcon.colcon_core.shell:Creating environment hook '/home/brace/codeSpace/navi/install/realsense2_description/share/realsense2_description/hook/cmake_prefix_path.ps1'
[8.232s] INFO:colcon.colcon_core.shell:Creating environment descriptor '/home/brace/codeSpace/navi/install/realsense2_description/share/realsense2_description/hook/cmake_prefix_path.dsv'
[8.232s] INFO:colcon.colcon_core.shell:Creating environment hook '/home/brace/codeSpace/navi/install/realsense2_description/share/realsense2_description/hook/cmake_prefix_path.sh'
[8.232s] Level 1:colcon.colcon_core.environment:checking '/home/brace/codeSpace/navi/install/realsense2_description/bin'
[8.232s] Level 1:colcon.colcon_core.environment:checking '/home/brace/codeSpace/navi/install/realsense2_description/lib/pkgconfig/realsense2_description.pc'
[8.232s] Level 1:colcon.colcon_core.environment:checking '/home/brace/codeSpace/navi/install/realsense2_description/lib/python3.10/site-packages'
[8.232s] Level 1:colcon.colcon_core.environment:checking '/home/brace/codeSpace/navi/install/realsense2_description/bin'
[8.233s] INFO:colcon.colcon_core.shell:Creating package script '/home/brace/codeSpace/navi/install/realsense2_description/share/realsense2_description/package.ps1'
[8.233s] INFO:colcon.colcon_core.shell:Creating package descriptor '/home/brace/codeSpace/navi/install/realsense2_description/share/realsense2_description/package.dsv'
[8.233s] INFO:colcon.colcon_core.shell:Creating package script '/home/brace/codeSpace/navi/install/realsense2_description/share/realsense2_description/package.sh'
[8.233s] INFO:colcon.colcon_core.shell:Creating package script '/home/brace/codeSpace/navi/install/realsense2_description/share/realsense2_description/package.bash'
[8.233s] INFO:colcon.colcon_core.shell:Creating package script '/home/brace/codeSpace/navi/install/realsense2_description/share/realsense2_description/package.zsh'
[8.234s] Level 1:colcon.colcon_core.environment:create_file_with_runtime_dependencies(/home/brace/codeSpace/navi/install/realsense2_description/share/colcon-core/packages/realsense2_description)
[8.609s] DEBUG:colcon.colcon_core.event_handler.log_command:Invoked command in '/home/brace/codeSpace/navi/build/realsense2_camera' returned '1': AMENT_PREFIX_PATH=/home/brace/codeSpace/navi/install/realsense2_camera_msgs:${AMENT_PREFIX_PATH} CMAKE_PREFIX_PATH=/home/brace/codeSpace/navi/install/realsense2_camera_msgs:/opt/ros/humble LD_LIBRARY_PATH=/home/brace/codeSpace/navi/install/realsense2_camera_msgs/lib:${LD_LIBRARY_PATH} PYTHONPATH=/home/brace/codeSpace/navi/install/realsense2_camera_msgs/local/lib/python3.10/dist-packages:${PYTHONPATH} /usr/bin/cmake /home/brace/codeSpace/navi/src/realsense-ros/realsense2_camera -DCMAKE_INSTALL_PREFIX=/home/brace/codeSpace/navi/install/realsense2_camera
[8.620s] Level 1:colcon.colcon_core.environment:create_environment_scripts_only(realsense2_camera)
[8.620s] Level 1:colcon.colcon_core.environment:checking '/home/brace/codeSpace/navi/install/realsense2_camera' for CMake module files
[8.620s] Level 1:colcon.colcon_core.environment:checking '/home/brace/codeSpace/navi/install/realsense2_camera' for CMake config files
[8.620s] Level 1:colcon.colcon_core.environment:checking '/home/brace/codeSpace/navi/install/realsense2_camera/bin'
[8.621s] Level 1:colcon.colcon_core.environment:checking '/home/brace/codeSpace/navi/install/realsense2_camera/lib/pkgconfig/realsense2_camera.pc'
[8.621s] Level 1:colcon.colcon_core.environment:checking '/home/brace/codeSpace/navi/install/realsense2_camera/lib/python3.10/site-packages'
[8.621s] Level 1:colcon.colcon_core.environment:checking '/home/brace/codeSpace/navi/install/realsense2_camera/bin'
[8.621s] INFO:colcon.colcon_core.shell:Creating package script '/home/brace/codeSpace/navi/install/realsense2_camera/share/realsense2_camera/package.ps1'
[8.621s] INFO:colcon.colcon_core.shell:Creating package descriptor '/home/brace/codeSpace/navi/install/realsense2_camera/share/realsense2_camera/package.dsv'
[8.622s] INFO:colcon.colcon_core.shell:Creating package script '/home/brace/codeSpace/navi/install/realsense2_camera/share/realsense2_camera/package.sh'
[8.622s] INFO:colcon.colcon_core.shell:Creating package script '/home/brace/codeSpace/navi/install/realsense2_camera/share/realsense2_camera/package.bash'
[8.622s] INFO:colcon.colcon_core.shell:Creating package script '/home/brace/codeSpace/navi/install/realsense2_camera/share/realsense2_camera/package.zsh'
[8.622s] Level 1:colcon.colcon_core.environment:create_file_with_runtime_dependencies(/home/brace/codeSpace/navi/install/realsense2_camera/share/colcon-core/packages/realsense2_camera)
[8.747s] DEBUG:colcon.colcon_parallel_executor.executor.parallel:closing loop
[8.747s] DEBUG:colcon.colcon_parallel_executor.executor.parallel:loop closed
[8.747s] DEBUG:colcon.colcon_parallel_executor.executor.parallel:run_until_complete finished with '1'
[8.747s] DEBUG:colcon.colcon_core.event_reactor:joining thread
[8.751s] INFO:colcon.colcon_core.plugin_system:Skipping extension 'colcon_notification.desktop_notification.terminal_notifier': Not used on non-Darwin systems
[8.751s] INFO:colcon.colcon_core.plugin_system:Skipping extension 'colcon_notification.desktop_notification.win32': Not used on non-Windows systems
[8.751s] INFO:colcon.colcon_notification.desktop_notification:Sending desktop notification using 'notify2'
[8.759s] DEBUG:colcon.colcon_core.event_reactor:joined thread
[8.760s] INFO:colcon.colcon_core.shell:Creating prefix script '/home/brace/codeSpace/navi/install/local_setup.ps1'
[8.762s] INFO:colcon.colcon_core.shell:Creating prefix util module '/home/brace/codeSpace/navi/install/_local_setup_util_ps1.py'
[8.764s] INFO:colcon.colcon_core.shell:Creating prefix chain script '/home/brace/codeSpace/navi/install/setup.ps1'
[8.765s] INFO:colcon.colcon_core.shell:Creating prefix script '/home/brace/codeSpace/navi/install/local_setup.sh'
[8.766s] INFO:colcon.colcon_core.shell:Creating prefix util module '/home/brace/codeSpace/navi/install/_local_setup_util_sh.py'
[8.767s] INFO:colcon.colcon_core.shell:Creating prefix chain script '/home/brace/codeSpace/navi/install/setup.sh'
[8.768s] INFO:colcon.colcon_core.shell:Creating prefix script '/home/brace/codeSpace/navi/install/local_setup.bash'
[8.768s] INFO:colcon.colcon_core.shell:Creating prefix chain script '/home/brace/codeSpace/navi/install/setup.bash'
[8.769s] INFO:colcon.colcon_core.shell:Creating prefix script '/home/brace/codeSpace/navi/install/local_setup.zsh'
[8.770s] INFO:colcon.colcon_core.shell:Creating prefix chain script '/home/brace/codeSpace/navi/install/setup.zsh'
