[0.070s] DEBUG:colcon:Command line arguments: ['/usr/bin/colcon', 'build']
[0.070s] DEBUG:colcon:Parsed command line arguments: Namespace(log_base=None, log_level=None, verb_name='build', build_base='build', install_base='install', merge_install=False, symlink_install=False, test_result_base=None, continue_on_error=False, executor='parallel', parallel_workers=16, event_handlers=None, ignore_user_meta=False, metas=['./colcon.meta'], base_paths=['.'], packages_ignore=None, packages_ignore_regex=None, paths=None, packages_up_to=None, packages_up_to_regex=None, packages_above=None, packages_above_and_dependencies=None, packages_above_depth=None, packages_select_by_dep=None, packages_skip_by_dep=None, packages_skip_up_to=None, packages_select_build_failed=False, packages_skip_build_finished=False, packages_select_test_failures=False, packages_skip_test_passed=False, packages_select=None, packages_skip=None, packages_select_regex=None, packages_skip_regex=None, packages_start=None, packages_end=None, allow_overriding=[], cmake_args=None, cmake_target=None, cmake_target_skip_unavailable=False, cmake_clean_cache=False, cmake_clean_first=False, cmake_force_configure=False, ament_cmake_args=None, catkin_cmake_args=None, catkin_skip_building_tests=False, verb_parser=<colcon_defaults.argument_parser.defaults.DefaultArgumentsDecorator object at 0x7175ab964c70>, verb_extension=<colcon_core.verb.build.BuildVerb object at 0x7175aba5e0b0>, main=<bound method BuildVerb.main of <colcon_core.verb.build.BuildVerb object at 0x7175aba5e0b0>>)
[0.166s] Level 1:colcon.colcon_core.package_discovery:discover_packages(colcon_meta) check parameters
[0.166s] Level 1:colcon.colcon_core.package_discovery:discover_packages(recursive) check parameters
[0.166s] Level 1:colcon.colcon_core.package_discovery:discover_packages(ignore) check parameters
[0.166s] Level 1:colcon.colcon_core.package_discovery:discover_packages(path) check parameters
[0.166s] Level 1:colcon.colcon_core.package_discovery:discover_packages(colcon_meta) discover
[0.166s] Level 1:colcon.colcon_core.package_discovery:discover_packages(recursive) discover
[0.166s] INFO:colcon.colcon_core.package_discovery:Crawling recursively for packages in '/home/brace/codeSpace/navi'
[0.166s] Level 1:colcon.colcon_core.package_identification:_identify(.) by extensions ['ignore', 'ignore_ament_install']
[0.166s] Level 1:colcon.colcon_core.package_identification:_identify(.) by extension 'ignore'
[0.166s] Level 1:colcon.colcon_core.package_identification:_identify(.) by extension 'ignore_ament_install'
[0.166s] Level 1:colcon.colcon_core.package_identification:_identify(.) by extensions ['colcon_pkg']
[0.166s] Level 1:colcon.colcon_core.package_identification:_identify(.) by extension 'colcon_pkg'
[0.166s] Level 1:colcon.colcon_core.package_identification:_identify(.) by extensions ['colcon_meta']
[0.166s] Level 1:colcon.colcon_core.package_identification:_identify(.) by extension 'colcon_meta'
[0.166s] Level 1:colcon.colcon_core.package_identification:_identify(.) by extensions ['ros']
[0.166s] Level 1:colcon.colcon_core.package_identification:_identify(.) by extension 'ros'
[0.174s] Level 1:colcon.colcon_core.package_identification:_identify(.) by extensions ['cmake', 'python']
[0.174s] Level 1:colcon.colcon_core.package_identification:_identify(.) by extension 'cmake'
[0.174s] Level 1:colcon.colcon_core.package_identification:_identify(.) by extension 'python'
[0.174s] Level 1:colcon.colcon_core.package_identification:_identify(.) by extensions ['python_setup_py']
[0.174s] Level 1:colcon.colcon_core.package_identification:_identify(.) by extension 'python_setup_py'
[0.174s] Level 1:colcon.colcon_core.package_identification:_identify(build) by extensions ['ignore', 'ignore_ament_install']
[0.174s] Level 1:colcon.colcon_core.package_identification:_identify(build) by extension 'ignore'
[0.174s] Level 1:colcon.colcon_core.package_identification:_identify(build) ignored
[0.174s] Level 1:colcon.colcon_core.package_identification:_identify(install) by extensions ['ignore', 'ignore_ament_install']
[0.174s] Level 1:colcon.colcon_core.package_identification:_identify(install) by extension 'ignore'
[0.174s] Level 1:colcon.colcon_core.package_identification:_identify(install) ignored
[0.174s] Level 1:colcon.colcon_core.package_identification:_identify(log) by extensions ['ignore', 'ignore_ament_install']
[0.175s] Level 1:colcon.colcon_core.package_identification:_identify(log) by extension 'ignore'
[0.175s] Level 1:colcon.colcon_core.package_identification:_identify(log) ignored
[0.175s] Level 1:colcon.colcon_core.package_identification:_identify(src) by extensions ['ignore', 'ignore_ament_install']
[0.175s] Level 1:colcon.colcon_core.package_identification:_identify(src) by extension 'ignore'
[0.175s] Level 1:colcon.colcon_core.package_identification:_identify(src) by extension 'ignore_ament_install'
[0.175s] Level 1:colcon.colcon_core.package_identification:_identify(src) by extensions ['colcon_pkg']
[0.175s] Level 1:colcon.colcon_core.package_identification:_identify(src) by extension 'colcon_pkg'
[0.175s] Level 1:colcon.colcon_core.package_identification:_identify(src) by extensions ['colcon_meta']
[0.175s] Level 1:colcon.colcon_core.package_identification:_identify(src) by extension 'colcon_meta'
[0.175s] Level 1:colcon.colcon_core.package_identification:_identify(src) by extensions ['ros']
[0.175s] Level 1:colcon.colcon_core.package_identification:_identify(src) by extension 'ros'
[0.175s] Level 1:colcon.colcon_core.package_identification:_identify(src) by extensions ['cmake', 'python']
[0.175s] Level 1:colcon.colcon_core.package_identification:_identify(src) by extension 'cmake'
[0.175s] Level 1:colcon.colcon_core.package_identification:_identify(src) by extension 'python'
[0.175s] Level 1:colcon.colcon_core.package_identification:_identify(src) by extensions ['python_setup_py']
[0.175s] Level 1:colcon.colcon_core.package_identification:_identify(src) by extension 'python_setup_py'
[0.175s] Level 1:colcon.colcon_core.package_identification:_identify(src/realsense-ros) by extensions ['ignore', 'ignore_ament_install']
[0.175s] Level 1:colcon.colcon_core.package_identification:_identify(src/realsense-ros) by extension 'ignore'
[0.175s] Level 1:colcon.colcon_core.package_identification:_identify(src/realsense-ros) by extension 'ignore_ament_install'
[0.175s] Level 1:colcon.colcon_core.package_identification:_identify(src/realsense-ros) by extensions ['colcon_pkg']
[0.175s] Level 1:colcon.colcon_core.package_identification:_identify(src/realsense-ros) by extension 'colcon_pkg'
[0.175s] Level 1:colcon.colcon_core.package_identification:_identify(src/realsense-ros) by extensions ['colcon_meta']
[0.175s] Level 1:colcon.colcon_core.package_identification:_identify(src/realsense-ros) by extension 'colcon_meta'
[0.175s] Level 1:colcon.colcon_core.package_identification:_identify(src/realsense-ros) by extensions ['ros']
[0.175s] Level 1:colcon.colcon_core.package_identification:_identify(src/realsense-ros) by extension 'ros'
[0.175s] Level 1:colcon.colcon_core.package_identification:_identify(src/realsense-ros) by extensions ['cmake', 'python']
[0.175s] Level 1:colcon.colcon_core.package_identification:_identify(src/realsense-ros) by extension 'cmake'
[0.175s] Level 1:colcon.colcon_core.package_identification:_identify(src/realsense-ros) by extension 'python'
[0.175s] Level 1:colcon.colcon_core.package_identification:_identify(src/realsense-ros) by extensions ['python_setup_py']
[0.175s] Level 1:colcon.colcon_core.package_identification:_identify(src/realsense-ros) by extension 'python_setup_py'
[0.175s] Level 1:colcon.colcon_core.package_identification:_identify(src/realsense-ros/realsense2_camera) by extensions ['ignore', 'ignore_ament_install']
[0.175s] Level 1:colcon.colcon_core.package_identification:_identify(src/realsense-ros/realsense2_camera) by extension 'ignore'
[0.175s] Level 1:colcon.colcon_core.package_identification:_identify(src/realsense-ros/realsense2_camera) ignored
[0.175s] Level 1:colcon.colcon_core.package_identification:_identify(src/realsense-ros/realsense2_camera_msgs) by extensions ['ignore', 'ignore_ament_install']
[0.176s] Level 1:colcon.colcon_core.package_identification:_identify(src/realsense-ros/realsense2_camera_msgs) by extension 'ignore'
[0.176s] Level 1:colcon.colcon_core.package_identification:_identify(src/realsense-ros/realsense2_camera_msgs) ignored
[0.176s] Level 1:colcon.colcon_core.package_identification:_identify(src/realsense-ros/realsense2_description) by extensions ['ignore', 'ignore_ament_install']
[0.176s] Level 1:colcon.colcon_core.package_identification:_identify(src/realsense-ros/realsense2_description) by extension 'ignore'
[0.176s] Level 1:colcon.colcon_core.package_identification:_identify(src/realsense-ros/realsense2_description) by extension 'ignore_ament_install'
[0.176s] Level 1:colcon.colcon_core.package_identification:_identify(src/realsense-ros/realsense2_description) by extensions ['colcon_pkg']
[0.176s] Level 1:colcon.colcon_core.package_identification:_identify(src/realsense-ros/realsense2_description) by extension 'colcon_pkg'
[0.176s] Level 1:colcon.colcon_core.package_identification:_identify(src/realsense-ros/realsense2_description) by extensions ['colcon_meta']
[0.176s] Level 1:colcon.colcon_core.package_identification:_identify(src/realsense-ros/realsense2_description) by extension 'colcon_meta'
[0.176s] Level 1:colcon.colcon_core.package_identification:_identify(src/realsense-ros/realsense2_description) by extensions ['ros']
[0.176s] Level 1:colcon.colcon_core.package_identification:_identify(src/realsense-ros/realsense2_description) by extension 'ros'
[0.178s] DEBUG:colcon.colcon_core.package_identification:Package 'src/realsense-ros/realsense2_description' with type 'ros.ament_cmake' and name 'realsense2_description'
[0.178s] Level 1:colcon.colcon_core.package_identification:_identify(src/realsense-ros/realsense2_rgbd_plugin) by extensions ['ignore', 'ignore_ament_install']
[0.178s] Level 1:colcon.colcon_core.package_identification:_identify(src/realsense-ros/realsense2_rgbd_plugin) by extension 'ignore'
[0.178s] Level 1:colcon.colcon_core.package_identification:_identify(src/realsense-ros/realsense2_rgbd_plugin) by extension 'ignore_ament_install'
[0.178s] Level 1:colcon.colcon_core.package_identification:_identify(src/realsense-ros/realsense2_rgbd_plugin) by extensions ['colcon_pkg']
[0.178s] Level 1:colcon.colcon_core.package_identification:_identify(src/realsense-ros/realsense2_rgbd_plugin) by extension 'colcon_pkg'
[0.178s] Level 1:colcon.colcon_core.package_identification:_identify(src/realsense-ros/realsense2_rgbd_plugin) by extensions ['colcon_meta']
[0.178s] Level 1:colcon.colcon_core.package_identification:_identify(src/realsense-ros/realsense2_rgbd_plugin) by extension 'colcon_meta'
[0.178s] Level 1:colcon.colcon_core.package_identification:_identify(src/realsense-ros/realsense2_rgbd_plugin) by extensions ['ros']
[0.178s] Level 1:colcon.colcon_core.package_identification:_identify(src/realsense-ros/realsense2_rgbd_plugin) by extension 'ros'
[0.178s] DEBUG:colcon.colcon_core.package_identification:Package 'src/realsense-ros/realsense2_rgbd_plugin' with type 'ros.ament_cmake' and name 'realsense2_rviz_plugin'
[0.179s] Level 1:colcon.colcon_core.package_identification:_identify(src/realsense-ros/realsense2_ros_mqtt_bridge) by extensions ['ignore', 'ignore_ament_install']
[0.179s] Level 1:colcon.colcon_core.package_identification:_identify(src/realsense-ros/realsense2_ros_mqtt_bridge) by extension 'ignore'
[0.179s] Level 1:colcon.colcon_core.package_identification:_identify(src/realsense-ros/realsense2_ros_mqtt_bridge) by extension 'ignore_ament_install'
[0.179s] Level 1:colcon.colcon_core.package_identification:_identify(src/realsense-ros/realsense2_ros_mqtt_bridge) by extensions ['colcon_pkg']
[0.179s] Level 1:colcon.colcon_core.package_identification:_identify(src/realsense-ros/realsense2_ros_mqtt_bridge) by extension 'colcon_pkg'
[0.179s] Level 1:colcon.colcon_core.package_identification:_identify(src/realsense-ros/realsense2_ros_mqtt_bridge) by extensions ['colcon_meta']
[0.179s] Level 1:colcon.colcon_core.package_identification:_identify(src/realsense-ros/realsense2_ros_mqtt_bridge) by extension 'colcon_meta'
[0.179s] Level 1:colcon.colcon_core.package_identification:_identify(src/realsense-ros/realsense2_ros_mqtt_bridge) by extensions ['ros']
[0.179s] Level 1:colcon.colcon_core.package_identification:_identify(src/realsense-ros/realsense2_ros_mqtt_bridge) by extension 'ros'
[0.179s] DEBUG:colcon.colcon_core.package_identification:Package 'src/realsense-ros/realsense2_ros_mqtt_bridge' with type 'ros.ament_python' and name 'realsense2_ros_mqtt_bridge'
[0.179s] Level 1:colcon.colcon_core.package_identification:_identify(src/realsense-ros/res) by extensions ['ignore', 'ignore_ament_install']
[0.179s] Level 1:colcon.colcon_core.package_identification:_identify(src/realsense-ros/res) by extension 'ignore'
[0.179s] Level 1:colcon.colcon_core.package_identification:_identify(src/realsense-ros/res) by extension 'ignore_ament_install'
[0.179s] Level 1:colcon.colcon_core.package_identification:_identify(src/realsense-ros/res) by extensions ['colcon_pkg']
[0.179s] Level 1:colcon.colcon_core.package_identification:_identify(src/realsense-ros/res) by extension 'colcon_pkg'
[0.179s] Level 1:colcon.colcon_core.package_identification:_identify(src/realsense-ros/res) by extensions ['colcon_meta']
[0.179s] Level 1:colcon.colcon_core.package_identification:_identify(src/realsense-ros/res) by extension 'colcon_meta'
[0.179s] Level 1:colcon.colcon_core.package_identification:_identify(src/realsense-ros/res) by extensions ['ros']
[0.179s] Level 1:colcon.colcon_core.package_identification:_identify(src/realsense-ros/res) by extension 'ros'
[0.179s] Level 1:colcon.colcon_core.package_identification:_identify(src/realsense-ros/res) by extensions ['cmake', 'python']
[0.179s] Level 1:colcon.colcon_core.package_identification:_identify(src/realsense-ros/res) by extension 'cmake'
[0.180s] Level 1:colcon.colcon_core.package_identification:_identify(src/realsense-ros/res) by extension 'python'
[0.180s] Level 1:colcon.colcon_core.package_identification:_identify(src/realsense-ros/res) by extensions ['python_setup_py']
[0.180s] Level 1:colcon.colcon_core.package_identification:_identify(src/realsense-ros/res) by extension 'python_setup_py'
[0.180s] Level 1:colcon.colcon_core.package_identification:_identify(src/realsense-ros/scripts) by extensions ['ignore', 'ignore_ament_install']
[0.180s] Level 1:colcon.colcon_core.package_identification:_identify(src/realsense-ros/scripts) by extension 'ignore'
[0.180s] Level 1:colcon.colcon_core.package_identification:_identify(src/realsense-ros/scripts) by extension 'ignore_ament_install'
[0.180s] Level 1:colcon.colcon_core.package_identification:_identify(src/realsense-ros/scripts) by extensions ['colcon_pkg']
[0.180s] Level 1:colcon.colcon_core.package_identification:_identify(src/realsense-ros/scripts) by extension 'colcon_pkg'
[0.180s] Level 1:colcon.colcon_core.package_identification:_identify(src/realsense-ros/scripts) by extensions ['colcon_meta']
[0.180s] Level 1:colcon.colcon_core.package_identification:_identify(src/realsense-ros/scripts) by extension 'colcon_meta'
[0.180s] Level 1:colcon.colcon_core.package_identification:_identify(src/realsense-ros/scripts) by extensions ['ros']
[0.180s] Level 1:colcon.colcon_core.package_identification:_identify(src/realsense-ros/scripts) by extension 'ros'
[0.180s] Level 1:colcon.colcon_core.package_identification:_identify(src/realsense-ros/scripts) by extensions ['cmake', 'python']
[0.180s] Level 1:colcon.colcon_core.package_identification:_identify(src/realsense-ros/scripts) by extension 'cmake'
[0.180s] Level 1:colcon.colcon_core.package_identification:_identify(src/realsense-ros/scripts) by extension 'python'
[0.180s] Level 1:colcon.colcon_core.package_identification:_identify(src/realsense-ros/scripts) by extensions ['python_setup_py']
[0.180s] Level 1:colcon.colcon_core.package_identification:_identify(src/realsense-ros/scripts) by extension 'python_setup_py'
[0.180s] Level 1:colcon.colcon_core.package_identification:_identify(src/rtabmap) by extensions ['ignore', 'ignore_ament_install']
[0.180s] Level 1:colcon.colcon_core.package_identification:_identify(src/rtabmap) by extension 'ignore'
[0.180s] Level 1:colcon.colcon_core.package_identification:_identify(src/rtabmap) by extension 'ignore_ament_install'
[0.180s] Level 1:colcon.colcon_core.package_identification:_identify(src/rtabmap) by extensions ['colcon_pkg']
[0.180s] Level 1:colcon.colcon_core.package_identification:_identify(src/rtabmap) by extension 'colcon_pkg'
[0.180s] Level 1:colcon.colcon_core.package_identification:_identify(src/rtabmap) by extensions ['colcon_meta']
[0.180s] Level 1:colcon.colcon_core.package_identification:_identify(src/rtabmap) by extension 'colcon_meta'
[0.180s] Level 1:colcon.colcon_core.package_identification:_identify(src/rtabmap) by extensions ['ros']
[0.180s] Level 1:colcon.colcon_core.package_identification:_identify(src/rtabmap) by extension 'ros'
[0.181s] DEBUG:colcon.colcon_core.package_identification:Package 'src/rtabmap' with type 'ros.cmake' and name 'rtabmap'
[0.181s] Level 1:colcon.colcon_core.package_identification:_identify(src/rtabmap_ros) by extensions ['ignore', 'ignore_ament_install']
[0.181s] Level 1:colcon.colcon_core.package_identification:_identify(src/rtabmap_ros) by extension 'ignore'
[0.181s] Level 1:colcon.colcon_core.package_identification:_identify(src/rtabmap_ros) by extension 'ignore_ament_install'
[0.181s] Level 1:colcon.colcon_core.package_identification:_identify(src/rtabmap_ros) by extensions ['colcon_pkg']
[0.181s] Level 1:colcon.colcon_core.package_identification:_identify(src/rtabmap_ros) by extension 'colcon_pkg'
[0.181s] Level 1:colcon.colcon_core.package_identification:_identify(src/rtabmap_ros) by extensions ['colcon_meta']
[0.181s] Level 1:colcon.colcon_core.package_identification:_identify(src/rtabmap_ros) by extension 'colcon_meta'
[0.181s] Level 1:colcon.colcon_core.package_identification:_identify(src/rtabmap_ros) by extensions ['ros']
[0.181s] Level 1:colcon.colcon_core.package_identification:_identify(src/rtabmap_ros) by extension 'ros'
[0.181s] Level 1:colcon.colcon_core.package_identification:_identify(src/rtabmap_ros) by extensions ['cmake', 'python']
[0.181s] Level 1:colcon.colcon_core.package_identification:_identify(src/rtabmap_ros) by extension 'cmake'
[0.181s] Level 1:colcon.colcon_core.package_identification:_identify(src/rtabmap_ros) by extension 'python'
[0.181s] Level 1:colcon.colcon_core.package_identification:_identify(src/rtabmap_ros) by extensions ['python_setup_py']
[0.181s] Level 1:colcon.colcon_core.package_identification:_identify(src/rtabmap_ros) by extension 'python_setup_py'
[0.181s] Level 1:colcon.colcon_core.package_identification:_identify(src/rtabmap_ros/docker) by extensions ['ignore', 'ignore_ament_install']
[0.181s] Level 1:colcon.colcon_core.package_identification:_identify(src/rtabmap_ros/docker) by extension 'ignore'
[0.181s] Level 1:colcon.colcon_core.package_identification:_identify(src/rtabmap_ros/docker) by extension 'ignore_ament_install'
[0.181s] Level 1:colcon.colcon_core.package_identification:_identify(src/rtabmap_ros/docker) by extensions ['colcon_pkg']
[0.181s] Level 1:colcon.colcon_core.package_identification:_identify(src/rtabmap_ros/docker) by extension 'colcon_pkg'
[0.181s] Level 1:colcon.colcon_core.package_identification:_identify(src/rtabmap_ros/docker) by extensions ['colcon_meta']
[0.181s] Level 1:colcon.colcon_core.package_identification:_identify(src/rtabmap_ros/docker) by extension 'colcon_meta'
[0.181s] Level 1:colcon.colcon_core.package_identification:_identify(src/rtabmap_ros/docker) by extensions ['ros']
[0.181s] Level 1:colcon.colcon_core.package_identification:_identify(src/rtabmap_ros/docker) by extension 'ros'
[0.182s] Level 1:colcon.colcon_core.package_identification:_identify(src/rtabmap_ros/docker) by extensions ['cmake', 'python']
[0.182s] Level 1:colcon.colcon_core.package_identification:_identify(src/rtabmap_ros/docker) by extension 'cmake'
[0.182s] Level 1:colcon.colcon_core.package_identification:_identify(src/rtabmap_ros/docker) by extension 'python'
[0.182s] Level 1:colcon.colcon_core.package_identification:_identify(src/rtabmap_ros/docker) by extensions ['python_setup_py']
[0.182s] Level 1:colcon.colcon_core.package_identification:_identify(src/rtabmap_ros/docker) by extension 'python_setup_py'
[0.182s] Level 1:colcon.colcon_core.package_identification:_identify(src/rtabmap_ros/docker/foxy) by extensions ['ignore', 'ignore_ament_install']
[0.182s] Level 1:colcon.colcon_core.package_identification:_identify(src/rtabmap_ros/docker/foxy) by extension 'ignore'
[0.182s] Level 1:colcon.colcon_core.package_identification:_identify(src/rtabmap_ros/docker/foxy) by extension 'ignore_ament_install'
[0.182s] Level 1:colcon.colcon_core.package_identification:_identify(src/rtabmap_ros/docker/foxy) by extensions ['colcon_pkg']
[0.182s] Level 1:colcon.colcon_core.package_identification:_identify(src/rtabmap_ros/docker/foxy) by extension 'colcon_pkg'
[0.182s] Level 1:colcon.colcon_core.package_identification:_identify(src/rtabmap_ros/docker/foxy) by extensions ['colcon_meta']
[0.182s] Level 1:colcon.colcon_core.package_identification:_identify(src/rtabmap_ros/docker/foxy) by extension 'colcon_meta'
[0.182s] Level 1:colcon.colcon_core.package_identification:_identify(src/rtabmap_ros/docker/foxy) by extensions ['ros']
[0.182s] Level 1:colcon.colcon_core.package_identification:_identify(src/rtabmap_ros/docker/foxy) by extension 'ros'
[0.182s] Level 1:colcon.colcon_core.package_identification:_identify(src/rtabmap_ros/docker/foxy) by extensions ['cmake', 'python']
[0.182s] Level 1:colcon.colcon_core.package_identification:_identify(src/rtabmap_ros/docker/foxy) by extension 'cmake'
[0.182s] Level 1:colcon.colcon_core.package_identification:_identify(src/rtabmap_ros/docker/foxy) by extension 'python'
[0.182s] Level 1:colcon.colcon_core.package_identification:_identify(src/rtabmap_ros/docker/foxy) by extensions ['python_setup_py']
[0.182s] Level 1:colcon.colcon_core.package_identification:_identify(src/rtabmap_ros/docker/foxy) by extension 'python_setup_py'
[0.182s] Level 1:colcon.colcon_core.package_identification:_identify(src/rtabmap_ros/docker/foxy/latest) by extensions ['ignore', 'ignore_ament_install']
[0.182s] Level 1:colcon.colcon_core.package_identification:_identify(src/rtabmap_ros/docker/foxy/latest) by extension 'ignore'
[0.182s] Level 1:colcon.colcon_core.package_identification:_identify(src/rtabmap_ros/docker/foxy/latest) by extension 'ignore_ament_install'
[0.182s] Level 1:colcon.colcon_core.package_identification:_identify(src/rtabmap_ros/docker/foxy/latest) by extensions ['colcon_pkg']
[0.182s] Level 1:colcon.colcon_core.package_identification:_identify(src/rtabmap_ros/docker/foxy/latest) by extension 'colcon_pkg'
[0.182s] Level 1:colcon.colcon_core.package_identification:_identify(src/rtabmap_ros/docker/foxy/latest) by extensions ['colcon_meta']
[0.182s] Level 1:colcon.colcon_core.package_identification:_identify(src/rtabmap_ros/docker/foxy/latest) by extension 'colcon_meta'
[0.182s] Level 1:colcon.colcon_core.package_identification:_identify(src/rtabmap_ros/docker/foxy/latest) by extensions ['ros']
[0.182s] Level 1:colcon.colcon_core.package_identification:_identify(src/rtabmap_ros/docker/foxy/latest) by extension 'ros'
[0.182s] Level 1:colcon.colcon_core.package_identification:_identify(src/rtabmap_ros/docker/foxy/latest) by extensions ['cmake', 'python']
[0.182s] Level 1:colcon.colcon_core.package_identification:_identify(src/rtabmap_ros/docker/foxy/latest) by extension 'cmake'
[0.182s] Level 1:colcon.colcon_core.package_identification:_identify(src/rtabmap_ros/docker/foxy/latest) by extension 'python'
[0.182s] Level 1:colcon.colcon_core.package_identification:_identify(src/rtabmap_ros/docker/foxy/latest) by extensions ['python_setup_py']
[0.182s] Level 1:colcon.colcon_core.package_identification:_identify(src/rtabmap_ros/docker/foxy/latest) by extension 'python_setup_py'
[0.182s] Level 1:colcon.colcon_core.package_identification:_identify(src/rtabmap_ros/docker/foxy/latest/hooks) by extensions ['ignore', 'ignore_ament_install']
[0.182s] Level 1:colcon.colcon_core.package_identification:_identify(src/rtabmap_ros/docker/foxy/latest/hooks) by extension 'ignore'
[0.182s] Level 1:colcon.colcon_core.package_identification:_identify(src/rtabmap_ros/docker/foxy/latest/hooks) by extension 'ignore_ament_install'
[0.182s] Level 1:colcon.colcon_core.package_identification:_identify(src/rtabmap_ros/docker/foxy/latest/hooks) by extensions ['colcon_pkg']
[0.182s] Level 1:colcon.colcon_core.package_identification:_identify(src/rtabmap_ros/docker/foxy/latest/hooks) by extension 'colcon_pkg'
[0.183s] Level 1:colcon.colcon_core.package_identification:_identify(src/rtabmap_ros/docker/foxy/latest/hooks) by extensions ['colcon_meta']
[0.183s] Level 1:colcon.colcon_core.package_identification:_identify(src/rtabmap_ros/docker/foxy/latest/hooks) by extension 'colcon_meta'
[0.183s] Level 1:colcon.colcon_core.package_identification:_identify(src/rtabmap_ros/docker/foxy/latest/hooks) by extensions ['ros']
[0.183s] Level 1:colcon.colcon_core.package_identification:_identify(src/rtabmap_ros/docker/foxy/latest/hooks) by extension 'ros'
[0.183s] Level 1:colcon.colcon_core.package_identification:_identify(src/rtabmap_ros/docker/foxy/latest/hooks) by extensions ['cmake', 'python']
[0.183s] Level 1:colcon.colcon_core.package_identification:_identify(src/rtabmap_ros/docker/foxy/latest/hooks) by extension 'cmake'
[0.183s] Level 1:colcon.colcon_core.package_identification:_identify(src/rtabmap_ros/docker/foxy/latest/hooks) by extension 'python'
[0.183s] Level 1:colcon.colcon_core.package_identification:_identify(src/rtabmap_ros/docker/foxy/latest/hooks) by extensions ['python_setup_py']
[0.183s] Level 1:colcon.colcon_core.package_identification:_identify(src/rtabmap_ros/docker/foxy/latest/hooks) by extension 'python_setup_py'
[0.183s] Level 1:colcon.colcon_core.package_identification:_identify(src/rtabmap_ros/docker/humble) by extensions ['ignore', 'ignore_ament_install']
[0.183s] Level 1:colcon.colcon_core.package_identification:_identify(src/rtabmap_ros/docker/humble) by extension 'ignore'
[0.183s] Level 1:colcon.colcon_core.package_identification:_identify(src/rtabmap_ros/docker/humble) by extension 'ignore_ament_install'
[0.183s] Level 1:colcon.colcon_core.package_identification:_identify(src/rtabmap_ros/docker/humble) by extensions ['colcon_pkg']
[0.183s] Level 1:colcon.colcon_core.package_identification:_identify(src/rtabmap_ros/docker/humble) by extension 'colcon_pkg'
[0.183s] Level 1:colcon.colcon_core.package_identification:_identify(src/rtabmap_ros/docker/humble) by extensions ['colcon_meta']
[0.183s] Level 1:colcon.colcon_core.package_identification:_identify(src/rtabmap_ros/docker/humble) by extension 'colcon_meta'
[0.183s] Level 1:colcon.colcon_core.package_identification:_identify(src/rtabmap_ros/docker/humble) by extensions ['ros']
[0.183s] Level 1:colcon.colcon_core.package_identification:_identify(src/rtabmap_ros/docker/humble) by extension 'ros'
[0.183s] Level 1:colcon.colcon_core.package_identification:_identify(src/rtabmap_ros/docker/humble) by extensions ['cmake', 'python']
[0.183s] Level 1:colcon.colcon_core.package_identification:_identify(src/rtabmap_ros/docker/humble) by extension 'cmake'
[0.183s] Level 1:colcon.colcon_core.package_identification:_identify(src/rtabmap_ros/docker/humble) by extension 'python'
[0.183s] Level 1:colcon.colcon_core.package_identification:_identify(src/rtabmap_ros/docker/humble) by extensions ['python_setup_py']
[0.183s] Level 1:colcon.colcon_core.package_identification:_identify(src/rtabmap_ros/docker/humble) by extension 'python_setup_py'
[0.183s] Level 1:colcon.colcon_core.package_identification:_identify(src/rtabmap_ros/docker/humble/latest) by extensions ['ignore', 'ignore_ament_install']
[0.183s] Level 1:colcon.colcon_core.package_identification:_identify(src/rtabmap_ros/docker/humble/latest) by extension 'ignore'
[0.183s] Level 1:colcon.colcon_core.package_identification:_identify(src/rtabmap_ros/docker/humble/latest) by extension 'ignore_ament_install'
[0.183s] Level 1:colcon.colcon_core.package_identification:_identify(src/rtabmap_ros/docker/humble/latest) by extensions ['colcon_pkg']
[0.183s] Level 1:colcon.colcon_core.package_identification:_identify(src/rtabmap_ros/docker/humble/latest) by extension 'colcon_pkg'
[0.183s] Level 1:colcon.colcon_core.package_identification:_identify(src/rtabmap_ros/docker/humble/latest) by extensions ['colcon_meta']
[0.183s] Level 1:colcon.colcon_core.package_identification:_identify(src/rtabmap_ros/docker/humble/latest) by extension 'colcon_meta'
[0.183s] Level 1:colcon.colcon_core.package_identification:_identify(src/rtabmap_ros/docker/humble/latest) by extensions ['ros']
[0.183s] Level 1:colcon.colcon_core.package_identification:_identify(src/rtabmap_ros/docker/humble/latest) by extension 'ros'
[0.183s] Level 1:colcon.colcon_core.package_identification:_identify(src/rtabmap_ros/docker/humble/latest) by extensions ['cmake', 'python']
[0.183s] Level 1:colcon.colcon_core.package_identification:_identify(src/rtabmap_ros/docker/humble/latest) by extension 'cmake'
[0.183s] Level 1:colcon.colcon_core.package_identification:_identify(src/rtabmap_ros/docker/humble/latest) by extension 'python'
[0.183s] Level 1:colcon.colcon_core.package_identification:_identify(src/rtabmap_ros/docker/humble/latest) by extensions ['python_setup_py']
[0.183s] Level 1:colcon.colcon_core.package_identification:_identify(src/rtabmap_ros/docker/humble/latest) by extension 'python_setup_py'
[0.183s] Level 1:colcon.colcon_core.package_identification:_identify(src/rtabmap_ros/docker/indigo) by extensions ['ignore', 'ignore_ament_install']
[0.183s] Level 1:colcon.colcon_core.package_identification:_identify(src/rtabmap_ros/docker/indigo) by extension 'ignore'
[0.183s] Level 1:colcon.colcon_core.package_identification:_identify(src/rtabmap_ros/docker/indigo) by extension 'ignore_ament_install'
[0.184s] Level 1:colcon.colcon_core.package_identification:_identify(src/rtabmap_ros/docker/indigo) by extensions ['colcon_pkg']
[0.184s] Level 1:colcon.colcon_core.package_identification:_identify(src/rtabmap_ros/docker/indigo) by extension 'colcon_pkg'
[0.184s] Level 1:colcon.colcon_core.package_identification:_identify(src/rtabmap_ros/docker/indigo) by extensions ['colcon_meta']
[0.184s] Level 1:colcon.colcon_core.package_identification:_identify(src/rtabmap_ros/docker/indigo) by extension 'colcon_meta'
[0.184s] Level 1:colcon.colcon_core.package_identification:_identify(src/rtabmap_ros/docker/indigo) by extensions ['ros']
[0.184s] Level 1:colcon.colcon_core.package_identification:_identify(src/rtabmap_ros/docker/indigo) by extension 'ros'
[0.184s] Level 1:colcon.colcon_core.package_identification:_identify(src/rtabmap_ros/docker/indigo) by extensions ['cmake', 'python']
[0.184s] Level 1:colcon.colcon_core.package_identification:_identify(src/rtabmap_ros/docker/indigo) by extension 'cmake'
[0.184s] Level 1:colcon.colcon_core.package_identification:_identify(src/rtabmap_ros/docker/indigo) by extension 'python'
[0.184s] Level 1:colcon.colcon_core.package_identification:_identify(src/rtabmap_ros/docker/indigo) by extensions ['python_setup_py']
[0.184s] Level 1:colcon.colcon_core.package_identification:_identify(src/rtabmap_ros/docker/indigo) by extension 'python_setup_py'
[0.184s] Level 1:colcon.colcon_core.package_identification:_identify(src/rtabmap_ros/docker/indigo/latest) by extensions ['ignore', 'ignore_ament_install']
[0.184s] Level 1:colcon.colcon_core.package_identification:_identify(src/rtabmap_ros/docker/indigo/latest) by extension 'ignore'
[0.184s] Level 1:colcon.colcon_core.package_identification:_identify(src/rtabmap_ros/docker/indigo/latest) by extension 'ignore_ament_install'
[0.184s] Level 1:colcon.colcon_core.package_identification:_identify(src/rtabmap_ros/docker/indigo/latest) by extensions ['colcon_pkg']
[0.184s] Level 1:colcon.colcon_core.package_identification:_identify(src/rtabmap_ros/docker/indigo/latest) by extension 'colcon_pkg'
[0.184s] Level 1:colcon.colcon_core.package_identification:_identify(src/rtabmap_ros/docker/indigo/latest) by extensions ['colcon_meta']
[0.184s] Level 1:colcon.colcon_core.package_identification:_identify(src/rtabmap_ros/docker/indigo/latest) by extension 'colcon_meta'
[0.184s] Level 1:colcon.colcon_core.package_identification:_identify(src/rtabmap_ros/docker/indigo/latest) by extensions ['ros']
[0.184s] Level 1:colcon.colcon_core.package_identification:_identify(src/rtabmap_ros/docker/indigo/latest) by extension 'ros'
[0.184s] Level 1:colcon.colcon_core.package_identification:_identify(src/rtabmap_ros/docker/indigo/latest) by extensions ['cmake', 'python']
[0.184s] Level 1:colcon.colcon_core.package_identification:_identify(src/rtabmap_ros/docker/indigo/latest) by extension 'cmake'
[0.184s] Level 1:colcon.colcon_core.package_identification:_identify(src/rtabmap_ros/docker/indigo/latest) by extension 'python'
[0.184s] Level 1:colcon.colcon_core.package_identification:_identify(src/rtabmap_ros/docker/indigo/latest) by extensions ['python_setup_py']
[0.184s] Level 1:colcon.colcon_core.package_identification:_identify(src/rtabmap_ros/docker/indigo/latest) by extension 'python_setup_py'
[0.184s] Level 1:colcon.colcon_core.package_identification:_identify(src/rtabmap_ros/docker/indigo/latest/hooks) by extensions ['ignore', 'ignore_ament_install']
[0.184s] Level 1:colcon.colcon_core.package_identification:_identify(src/rtabmap_ros/docker/indigo/latest/hooks) by extension 'ignore'
[0.184s] Level 1:colcon.colcon_core.package_identification:_identify(src/rtabmap_ros/docker/indigo/latest/hooks) by extension 'ignore_ament_install'
[0.184s] Level 1:colcon.colcon_core.package_identification:_identify(src/rtabmap_ros/docker/indigo/latest/hooks) by extensions ['colcon_pkg']
[0.184s] Level 1:colcon.colcon_core.package_identification:_identify(src/rtabmap_ros/docker/indigo/latest/hooks) by extension 'colcon_pkg'
[0.184s] Level 1:colcon.colcon_core.package_identification:_identify(src/rtabmap_ros/docker/indigo/latest/hooks) by extensions ['colcon_meta']
[0.184s] Level 1:colcon.colcon_core.package_identification:_identify(src/rtabmap_ros/docker/indigo/latest/hooks) by extension 'colcon_meta'
[0.184s] Level 1:colcon.colcon_core.package_identification:_identify(src/rtabmap_ros/docker/indigo/latest/hooks) by extensions ['ros']
[0.184s] Level 1:colcon.colcon_core.package_identification:_identify(src/rtabmap_ros/docker/indigo/latest/hooks) by extension 'ros'
[0.184s] Level 1:colcon.colcon_core.package_identification:_identify(src/rtabmap_ros/docker/indigo/latest/hooks) by extensions ['cmake', 'python']
[0.184s] Level 1:colcon.colcon_core.package_identification:_identify(src/rtabmap_ros/docker/indigo/latest/hooks) by extension 'cmake'
[0.184s] Level 1:colcon.colcon_core.package_identification:_identify(src/rtabmap_ros/docker/indigo/latest/hooks) by extension 'python'
[0.184s] Level 1:colcon.colcon_core.package_identification:_identify(src/rtabmap_ros/docker/indigo/latest/hooks) by extensions ['python_setup_py']
[0.184s] Level 1:colcon.colcon_core.package_identification:_identify(src/rtabmap_ros/docker/indigo/latest/hooks) by extension 'python_setup_py'
[0.184s] Level 1:colcon.colcon_core.package_identification:_identify(src/rtabmap_ros/docker/iron) by extensions ['ignore', 'ignore_ament_install']
[0.185s] Level 1:colcon.colcon_core.package_identification:_identify(src/rtabmap_ros/docker/iron) by extension 'ignore'
[0.185s] Level 1:colcon.colcon_core.package_identification:_identify(src/rtabmap_ros/docker/iron) by extension 'ignore_ament_install'
[0.185s] Level 1:colcon.colcon_core.package_identification:_identify(src/rtabmap_ros/docker/iron) by extensions ['colcon_pkg']
[0.185s] Level 1:colcon.colcon_core.package_identification:_identify(src/rtabmap_ros/docker/iron) by extension 'colcon_pkg'
[0.185s] Level 1:colcon.colcon_core.package_identification:_identify(src/rtabmap_ros/docker/iron) by extensions ['colcon_meta']
[0.185s] Level 1:colcon.colcon_core.package_identification:_identify(src/rtabmap_ros/docker/iron) by extension 'colcon_meta'
[0.185s] Level 1:colcon.colcon_core.package_identification:_identify(src/rtabmap_ros/docker/iron) by extensions ['ros']
[0.185s] Level 1:colcon.colcon_core.package_identification:_identify(src/rtabmap_ros/docker/iron) by extension 'ros'
[0.185s] Level 1:colcon.colcon_core.package_identification:_identify(src/rtabmap_ros/docker/iron) by extensions ['cmake', 'python']
[0.185s] Level 1:colcon.colcon_core.package_identification:_identify(src/rtabmap_ros/docker/iron) by extension 'cmake'
[0.185s] Level 1:colcon.colcon_core.package_identification:_identify(src/rtabmap_ros/docker/iron) by extension 'python'
[0.185s] Level 1:colcon.colcon_core.package_identification:_identify(src/rtabmap_ros/docker/iron) by extensions ['python_setup_py']
[0.185s] Level 1:colcon.colcon_core.package_identification:_identify(src/rtabmap_ros/docker/iron) by extension 'python_setup_py'
[0.185s] Level 1:colcon.colcon_core.package_identification:_identify(src/rtabmap_ros/docker/iron/latest) by extensions ['ignore', 'ignore_ament_install']
[0.185s] Level 1:colcon.colcon_core.package_identification:_identify(src/rtabmap_ros/docker/iron/latest) by extension 'ignore'
[0.185s] Level 1:colcon.colcon_core.package_identification:_identify(src/rtabmap_ros/docker/iron/latest) by extension 'ignore_ament_install'
[0.185s] Level 1:colcon.colcon_core.package_identification:_identify(src/rtabmap_ros/docker/iron/latest) by extensions ['colcon_pkg']
[0.185s] Level 1:colcon.colcon_core.package_identification:_identify(src/rtabmap_ros/docker/iron/latest) by extension 'colcon_pkg'
[0.185s] Level 1:colcon.colcon_core.package_identification:_identify(src/rtabmap_ros/docker/iron/latest) by extensions ['colcon_meta']
[0.185s] Level 1:colcon.colcon_core.package_identification:_identify(src/rtabmap_ros/docker/iron/latest) by extension 'colcon_meta'
[0.185s] Level 1:colcon.colcon_core.package_identification:_identify(src/rtabmap_ros/docker/iron/latest) by extensions ['ros']
[0.185s] Level 1:colcon.colcon_core.package_identification:_identify(src/rtabmap_ros/docker/iron/latest) by extension 'ros'
[0.185s] Level 1:colcon.colcon_core.package_identification:_identify(src/rtabmap_ros/docker/iron/latest) by extensions ['cmake', 'python']
[0.185s] Level 1:colcon.colcon_core.package_identification:_identify(src/rtabmap_ros/docker/iron/latest) by extension 'cmake'
[0.185s] Level 1:colcon.colcon_core.package_identification:_identify(src/rtabmap_ros/docker/iron/latest) by extension 'python'
[0.185s] Level 1:colcon.colcon_core.package_identification:_identify(src/rtabmap_ros/docker/iron/latest) by extensions ['python_setup_py']
[0.185s] Level 1:colcon.colcon_core.package_identification:_identify(src/rtabmap_ros/docker/iron/latest) by extension 'python_setup_py'
[0.185s] Level 1:colcon.colcon_core.package_identification:_identify(src/rtabmap_ros/docker/jazzy) by extensions ['ignore', 'ignore_ament_install']
[0.185s] Level 1:colcon.colcon_core.package_identification:_identify(src/rtabmap_ros/docker/jazzy) by extension 'ignore'
[0.185s] Level 1:colcon.colcon_core.package_identification:_identify(src/rtabmap_ros/docker/jazzy) by extension 'ignore_ament_install'
[0.185s] Level 1:colcon.colcon_core.package_identification:_identify(src/rtabmap_ros/docker/jazzy) by extensions ['colcon_pkg']
[0.185s] Level 1:colcon.colcon_core.package_identification:_identify(src/rtabmap_ros/docker/jazzy) by extension 'colcon_pkg'
[0.185s] Level 1:colcon.colcon_core.package_identification:_identify(src/rtabmap_ros/docker/jazzy) by extensions ['colcon_meta']
[0.185s] Level 1:colcon.colcon_core.package_identification:_identify(src/rtabmap_ros/docker/jazzy) by extension 'colcon_meta'
[0.185s] Level 1:colcon.colcon_core.package_identification:_identify(src/rtabmap_ros/docker/jazzy) by extensions ['ros']
[0.185s] Level 1:colcon.colcon_core.package_identification:_identify(src/rtabmap_ros/docker/jazzy) by extension 'ros'
[0.185s] Level 1:colcon.colcon_core.package_identification:_identify(src/rtabmap_ros/docker/jazzy) by extensions ['cmake', 'python']
[0.185s] Level 1:colcon.colcon_core.package_identification:_identify(src/rtabmap_ros/docker/jazzy) by extension 'cmake'
[0.185s] Level 1:colcon.colcon_core.package_identification:_identify(src/rtabmap_ros/docker/jazzy) by extension 'python'
[0.185s] Level 1:colcon.colcon_core.package_identification:_identify(src/rtabmap_ros/docker/jazzy) by extensions ['python_setup_py']
[0.185s] Level 1:colcon.colcon_core.package_identification:_identify(src/rtabmap_ros/docker/jazzy) by extension 'python_setup_py'
[0.186s] Level 1:colcon.colcon_core.package_identification:_identify(src/rtabmap_ros/docker/jazzy/latest) by extensions ['ignore', 'ignore_ament_install']
[0.186s] Level 1:colcon.colcon_core.package_identification:_identify(src/rtabmap_ros/docker/jazzy/latest) by extension 'ignore'
[0.186s] Level 1:colcon.colcon_core.package_identification:_identify(src/rtabmap_ros/docker/jazzy/latest) by extension 'ignore_ament_install'
[0.186s] Level 1:colcon.colcon_core.package_identification:_identify(src/rtabmap_ros/docker/jazzy/latest) by extensions ['colcon_pkg']
[0.186s] Level 1:colcon.colcon_core.package_identification:_identify(src/rtabmap_ros/docker/jazzy/latest) by extension 'colcon_pkg'
[0.186s] Level 1:colcon.colcon_core.package_identification:_identify(src/rtabmap_ros/docker/jazzy/latest) by extensions ['colcon_meta']
[0.186s] Level 1:colcon.colcon_core.package_identification:_identify(src/rtabmap_ros/docker/jazzy/latest) by extension 'colcon_meta'
[0.186s] Level 1:colcon.colcon_core.package_identification:_identify(src/rtabmap_ros/docker/jazzy/latest) by extensions ['ros']
[0.186s] Level 1:colcon.colcon_core.package_identification:_identify(src/rtabmap_ros/docker/jazzy/latest) by extension 'ros'
[0.186s] Level 1:colcon.colcon_core.package_identification:_identify(src/rtabmap_ros/docker/jazzy/latest) by extensions ['cmake', 'python']
[0.186s] Level 1:colcon.colcon_core.package_identification:_identify(src/rtabmap_ros/docker/jazzy/latest) by extension 'cmake'
[0.186s] Level 1:colcon.colcon_core.package_identification:_identify(src/rtabmap_ros/docker/jazzy/latest) by extension 'python'
[0.186s] Level 1:colcon.colcon_core.package_identification:_identify(src/rtabmap_ros/docker/jazzy/latest) by extensions ['python_setup_py']
[0.186s] Level 1:colcon.colcon_core.package_identification:_identify(src/rtabmap_ros/docker/jazzy/latest) by extension 'python_setup_py'
[0.186s] Level 1:colcon.colcon_core.package_identification:_identify(src/rtabmap_ros/docker/kilted) by extensions ['ignore', 'ignore_ament_install']
[0.186s] Level 1:colcon.colcon_core.package_identification:_identify(src/rtabmap_ros/docker/kilted) by extension 'ignore'
[0.186s] Level 1:colcon.colcon_core.package_identification:_identify(src/rtabmap_ros/docker/kilted) by extension 'ignore_ament_install'
[0.186s] Level 1:colcon.colcon_core.package_identification:_identify(src/rtabmap_ros/docker/kilted) by extensions ['colcon_pkg']
[0.186s] Level 1:colcon.colcon_core.package_identification:_identify(src/rtabmap_ros/docker/kilted) by extension 'colcon_pkg'
[0.186s] Level 1:colcon.colcon_core.package_identification:_identify(src/rtabmap_ros/docker/kilted) by extensions ['colcon_meta']
[0.186s] Level 1:colcon.colcon_core.package_identification:_identify(src/rtabmap_ros/docker/kilted) by extension 'colcon_meta'
[0.186s] Level 1:colcon.colcon_core.package_identification:_identify(src/rtabmap_ros/docker/kilted) by extensions ['ros']
[0.186s] Level 1:colcon.colcon_core.package_identification:_identify(src/rtabmap_ros/docker/kilted) by extension 'ros'
[0.186s] Level 1:colcon.colcon_core.package_identification:_identify(src/rtabmap_ros/docker/kilted) by extensions ['cmake', 'python']
[0.186s] Level 1:colcon.colcon_core.package_identification:_identify(src/rtabmap_ros/docker/kilted) by extension 'cmake'
[0.186s] Level 1:colcon.colcon_core.package_identification:_identify(src/rtabmap_ros/docker/kilted) by extension 'python'
[0.186s] Level 1:colcon.colcon_core.package_identification:_identify(src/rtabmap_ros/docker/kilted) by extensions ['python_setup_py']
[0.186s] Level 1:colcon.colcon_core.package_identification:_identify(src/rtabmap_ros/docker/kilted) by extension 'python_setup_py'
[0.186s] Level 1:colcon.colcon_core.package_identification:_identify(src/rtabmap_ros/docker/kilted/latest) by extensions ['ignore', 'ignore_ament_install']
[0.186s] Level 1:colcon.colcon_core.package_identification:_identify(src/rtabmap_ros/docker/kilted/latest) by extension 'ignore'
[0.186s] Level 1:colcon.colcon_core.package_identification:_identify(src/rtabmap_ros/docker/kilted/latest) by extension 'ignore_ament_install'
[0.186s] Level 1:colcon.colcon_core.package_identification:_identify(src/rtabmap_ros/docker/kilted/latest) by extensions ['colcon_pkg']
[0.186s] Level 1:colcon.colcon_core.package_identification:_identify(src/rtabmap_ros/docker/kilted/latest) by extension 'colcon_pkg'
[0.186s] Level 1:colcon.colcon_core.package_identification:_identify(src/rtabmap_ros/docker/kilted/latest) by extensions ['colcon_meta']
[0.186s] Level 1:colcon.colcon_core.package_identification:_identify(src/rtabmap_ros/docker/kilted/latest) by extension 'colcon_meta'
[0.186s] Level 1:colcon.colcon_core.package_identification:_identify(src/rtabmap_ros/docker/kilted/latest) by extensions ['ros']
[0.186s] Level 1:colcon.colcon_core.package_identification:_identify(src/rtabmap_ros/docker/kilted/latest) by extension 'ros'
[0.186s] Level 1:colcon.colcon_core.package_identification:_identify(src/rtabmap_ros/docker/kilted/latest) by extensions ['cmake', 'python']
[0.186s] Level 1:colcon.colcon_core.package_identification:_identify(src/rtabmap_ros/docker/kilted/latest) by extension 'cmake'
[0.186s] Level 1:colcon.colcon_core.package_identification:_identify(src/rtabmap_ros/docker/kilted/latest) by extension 'python'
[0.186s] Level 1:colcon.colcon_core.package_identification:_identify(src/rtabmap_ros/docker/kilted/latest) by extensions ['python_setup_py']
[0.186s] Level 1:colcon.colcon_core.package_identification:_identify(src/rtabmap_ros/docker/kilted/latest) by extension 'python_setup_py'
[0.187s] Level 1:colcon.colcon_core.package_identification:_identify(src/rtabmap_ros/docker/kinetic) by extensions ['ignore', 'ignore_ament_install']
[0.187s] Level 1:colcon.colcon_core.package_identification:_identify(src/rtabmap_ros/docker/kinetic) by extension 'ignore'
[0.187s] Level 1:colcon.colcon_core.package_identification:_identify(src/rtabmap_ros/docker/kinetic) by extension 'ignore_ament_install'
[0.187s] Level 1:colcon.colcon_core.package_identification:_identify(src/rtabmap_ros/docker/kinetic) by extensions ['colcon_pkg']
[0.187s] Level 1:colcon.colcon_core.package_identification:_identify(src/rtabmap_ros/docker/kinetic) by extension 'colcon_pkg'
[0.187s] Level 1:colcon.colcon_core.package_identification:_identify(src/rtabmap_ros/docker/kinetic) by extensions ['colcon_meta']
[0.187s] Level 1:colcon.colcon_core.package_identification:_identify(src/rtabmap_ros/docker/kinetic) by extension 'colcon_meta'
[0.187s] Level 1:colcon.colcon_core.package_identification:_identify(src/rtabmap_ros/docker/kinetic) by extensions ['ros']
[0.187s] Level 1:colcon.colcon_core.package_identification:_identify(src/rtabmap_ros/docker/kinetic) by extension 'ros'
[0.187s] Level 1:colcon.colcon_core.package_identification:_identify(src/rtabmap_ros/docker/kinetic) by extensions ['cmake', 'python']
[0.187s] Level 1:colcon.colcon_core.package_identification:_identify(src/rtabmap_ros/docker/kinetic) by extension 'cmake'
[0.187s] Level 1:colcon.colcon_core.package_identification:_identify(src/rtabmap_ros/docker/kinetic) by extension 'python'
[0.187s] Level 1:colcon.colcon_core.package_identification:_identify(src/rtabmap_ros/docker/kinetic) by extensions ['python_setup_py']
[0.187s] Level 1:colcon.colcon_core.package_identification:_identify(src/rtabmap_ros/docker/kinetic) by extension 'python_setup_py'
[0.187s] Level 1:colcon.colcon_core.package_identification:_identify(src/rtabmap_ros/docker/kinetic/latest) by extensions ['ignore', 'ignore_ament_install']
[0.187s] Level 1:colcon.colcon_core.package_identification:_identify(src/rtabmap_ros/docker/kinetic/latest) by extension 'ignore'
[0.187s] Level 1:colcon.colcon_core.package_identification:_identify(src/rtabmap_ros/docker/kinetic/latest) by extension 'ignore_ament_install'
[0.187s] Level 1:colcon.colcon_core.package_identification:_identify(src/rtabmap_ros/docker/kinetic/latest) by extensions ['colcon_pkg']
[0.187s] Level 1:colcon.colcon_core.package_identification:_identify(src/rtabmap_ros/docker/kinetic/latest) by extension 'colcon_pkg'
[0.187s] Level 1:colcon.colcon_core.package_identification:_identify(src/rtabmap_ros/docker/kinetic/latest) by extensions ['colcon_meta']
[0.187s] Level 1:colcon.colcon_core.package_identification:_identify(src/rtabmap_ros/docker/kinetic/latest) by extension 'colcon_meta'
[0.187s] Level 1:colcon.colcon_core.package_identification:_identify(src/rtabmap_ros/docker/kinetic/latest) by extensions ['ros']
[0.187s] Level 1:colcon.colcon_core.package_identification:_identify(src/rtabmap_ros/docker/kinetic/latest) by extension 'ros'
[0.187s] Level 1:colcon.colcon_core.package_identification:_identify(src/rtabmap_ros/docker/kinetic/latest) by extensions ['cmake', 'python']
[0.187s] Level 1:colcon.colcon_core.package_identification:_identify(src/rtabmap_ros/docker/kinetic/latest) by extension 'cmake'
[0.187s] Level 1:colcon.colcon_core.package_identification:_identify(src/rtabmap_ros/docker/kinetic/latest) by extension 'python'
[0.187s] Level 1:colcon.colcon_core.package_identification:_identify(src/rtabmap_ros/docker/kinetic/latest) by extensions ['python_setup_py']
[0.187s] Level 1:colcon.colcon_core.package_identification:_identify(src/rtabmap_ros/docker/kinetic/latest) by extension 'python_setup_py'
[0.187s] Level 1:colcon.colcon_core.package_identification:_identify(src/rtabmap_ros/docker/kinetic/latest/hooks) by extensions ['ignore', 'ignore_ament_install']
[0.187s] Level 1:colcon.colcon_core.package_identification:_identify(src/rtabmap_ros/docker/kinetic/latest/hooks) by extension 'ignore'
[0.187s] Level 1:colcon.colcon_core.package_identification:_identify(src/rtabmap_ros/docker/kinetic/latest/hooks) by extension 'ignore_ament_install'
[0.187s] Level 1:colcon.colcon_core.package_identification:_identify(src/rtabmap_ros/docker/kinetic/latest/hooks) by extensions ['colcon_pkg']
[0.187s] Level 1:colcon.colcon_core.package_identification:_identify(src/rtabmap_ros/docker/kinetic/latest/hooks) by extension 'colcon_pkg'
[0.187s] Level 1:colcon.colcon_core.package_identification:_identify(src/rtabmap_ros/docker/kinetic/latest/hooks) by extensions ['colcon_meta']
[0.187s] Level 1:colcon.colcon_core.package_identification:_identify(src/rtabmap_ros/docker/kinetic/latest/hooks) by extension 'colcon_meta'
[0.187s] Level 1:colcon.colcon_core.package_identification:_identify(src/rtabmap_ros/docker/kinetic/latest/hooks) by extensions ['ros']
[0.187s] Level 1:colcon.colcon_core.package_identification:_identify(src/rtabmap_ros/docker/kinetic/latest/hooks) by extension 'ros'
[0.187s] Level 1:colcon.colcon_core.package_identification:_identify(src/rtabmap_ros/docker/kinetic/latest/hooks) by extensions ['cmake', 'python']
[0.187s] Level 1:colcon.colcon_core.package_identification:_identify(src/rtabmap_ros/docker/kinetic/latest/hooks) by extension 'cmake'
[0.188s] Level 1:colcon.colcon_core.package_identification:_identify(src/rtabmap_ros/docker/kinetic/latest/hooks) by extension 'python'
[0.188s] Level 1:colcon.colcon_core.package_identification:_identify(src/rtabmap_ros/docker/kinetic/latest/hooks) by extensions ['python_setup_py']
[0.188s] Level 1:colcon.colcon_core.package_identification:_identify(src/rtabmap_ros/docker/kinetic/latest/hooks) by extension 'python_setup_py'
[0.188s] Level 1:colcon.colcon_core.package_identification:_identify(src/rtabmap_ros/docker/melodic) by extensions ['ignore', 'ignore_ament_install']
[0.188s] Level 1:colcon.colcon_core.package_identification:_identify(src/rtabmap_ros/docker/melodic) by extension 'ignore'
[0.188s] Level 1:colcon.colcon_core.package_identification:_identify(src/rtabmap_ros/docker/melodic) by extension 'ignore_ament_install'
[0.188s] Level 1:colcon.colcon_core.package_identification:_identify(src/rtabmap_ros/docker/melodic) by extensions ['colcon_pkg']
[0.188s] Level 1:colcon.colcon_core.package_identification:_identify(src/rtabmap_ros/docker/melodic) by extension 'colcon_pkg'
[0.188s] Level 1:colcon.colcon_core.package_identification:_identify(src/rtabmap_ros/docker/melodic) by extensions ['colcon_meta']
[0.188s] Level 1:colcon.colcon_core.package_identification:_identify(src/rtabmap_ros/docker/melodic) by extension 'colcon_meta'
[0.188s] Level 1:colcon.colcon_core.package_identification:_identify(src/rtabmap_ros/docker/melodic) by extensions ['ros']
[0.188s] Level 1:colcon.colcon_core.package_identification:_identify(src/rtabmap_ros/docker/melodic) by extension 'ros'
[0.188s] Level 1:colcon.colcon_core.package_identification:_identify(src/rtabmap_ros/docker/melodic) by extensions ['cmake', 'python']
[0.188s] Level 1:colcon.colcon_core.package_identification:_identify(src/rtabmap_ros/docker/melodic) by extension 'cmake'
[0.188s] Level 1:colcon.colcon_core.package_identification:_identify(src/rtabmap_ros/docker/melodic) by extension 'python'
[0.188s] Level 1:colcon.colcon_core.package_identification:_identify(src/rtabmap_ros/docker/melodic) by extensions ['python_setup_py']
[0.188s] Level 1:colcon.colcon_core.package_identification:_identify(src/rtabmap_ros/docker/melodic) by extension 'python_setup_py'
[0.188s] Level 1:colcon.colcon_core.package_identification:_identify(src/rtabmap_ros/docker/melodic/latest) by extensions ['ignore', 'ignore_ament_install']
[0.188s] Level 1:colcon.colcon_core.package_identification:_identify(src/rtabmap_ros/docker/melodic/latest) by extension 'ignore'
[0.188s] Level 1:colcon.colcon_core.package_identification:_identify(src/rtabmap_ros/docker/melodic/latest) by extension 'ignore_ament_install'
[0.188s] Level 1:colcon.colcon_core.package_identification:_identify(src/rtabmap_ros/docker/melodic/latest) by extensions ['colcon_pkg']
[0.188s] Level 1:colcon.colcon_core.package_identification:_identify(src/rtabmap_ros/docker/melodic/latest) by extension 'colcon_pkg'
[0.188s] Level 1:colcon.colcon_core.package_identification:_identify(src/rtabmap_ros/docker/melodic/latest) by extensions ['colcon_meta']
[0.188s] Level 1:colcon.colcon_core.package_identification:_identify(src/rtabmap_ros/docker/melodic/latest) by extension 'colcon_meta'
[0.188s] Level 1:colcon.colcon_core.package_identification:_identify(src/rtabmap_ros/docker/melodic/latest) by extensions ['ros']
[0.188s] Level 1:colcon.colcon_core.package_identification:_identify(src/rtabmap_ros/docker/melodic/latest) by extension 'ros'
[0.188s] Level 1:colcon.colcon_core.package_identification:_identify(src/rtabmap_ros/docker/melodic/latest) by extensions ['cmake', 'python']
[0.188s] Level 1:colcon.colcon_core.package_identification:_identify(src/rtabmap_ros/docker/melodic/latest) by extension 'cmake'
[0.188s] Level 1:colcon.colcon_core.package_identification:_identify(src/rtabmap_ros/docker/melodic/latest) by extension 'python'
[0.188s] Level 1:colcon.colcon_core.package_identification:_identify(src/rtabmap_ros/docker/melodic/latest) by extensions ['python_setup_py']
[0.188s] Level 1:colcon.colcon_core.package_identification:_identify(src/rtabmap_ros/docker/melodic/latest) by extension 'python_setup_py'
[0.188s] Level 1:colcon.colcon_core.package_identification:_identify(src/rtabmap_ros/docker/melodic/latest/hooks) by extensions ['ignore', 'ignore_ament_install']
[0.188s] Level 1:colcon.colcon_core.package_identification:_identify(src/rtabmap_ros/docker/melodic/latest/hooks) by extension 'ignore'
[0.188s] Level 1:colcon.colcon_core.package_identification:_identify(src/rtabmap_ros/docker/melodic/latest/hooks) by extension 'ignore_ament_install'
[0.188s] Level 1:colcon.colcon_core.package_identification:_identify(src/rtabmap_ros/docker/melodic/latest/hooks) by extensions ['colcon_pkg']
[0.188s] Level 1:colcon.colcon_core.package_identification:_identify(src/rtabmap_ros/docker/melodic/latest/hooks) by extension 'colcon_pkg'
[0.188s] Level 1:colcon.colcon_core.package_identification:_identify(src/rtabmap_ros/docker/melodic/latest/hooks) by extensions ['colcon_meta']
[0.188s] Level 1:colcon.colcon_core.package_identification:_identify(src/rtabmap_ros/docker/melodic/latest/hooks) by extension 'colcon_meta'
[0.188s] Level 1:colcon.colcon_core.package_identification:_identify(src/rtabmap_ros/docker/melodic/latest/hooks) by extensions ['ros']
[0.188s] Level 1:colcon.colcon_core.package_identification:_identify(src/rtabmap_ros/docker/melodic/latest/hooks) by extension 'ros'
[0.189s] Level 1:colcon.colcon_core.package_identification:_identify(src/rtabmap_ros/docker/melodic/latest/hooks) by extensions ['cmake', 'python']
[0.189s] Level 1:colcon.colcon_core.package_identification:_identify(src/rtabmap_ros/docker/melodic/latest/hooks) by extension 'cmake'
[0.189s] Level 1:colcon.colcon_core.package_identification:_identify(src/rtabmap_ros/docker/melodic/latest/hooks) by extension 'python'
[0.189s] Level 1:colcon.colcon_core.package_identification:_identify(src/rtabmap_ros/docker/melodic/latest/hooks) by extensions ['python_setup_py']
[0.189s] Level 1:colcon.colcon_core.package_identification:_identify(src/rtabmap_ros/docker/melodic/latest/hooks) by extension 'python_setup_py'
[0.189s] Level 1:colcon.colcon_core.package_identification:_identify(src/rtabmap_ros/docker/noetic) by extensions ['ignore', 'ignore_ament_install']
[0.189s] Level 1:colcon.colcon_core.package_identification:_identify(src/rtabmap_ros/docker/noetic) by extension 'ignore'
[0.189s] Level 1:colcon.colcon_core.package_identification:_identify(src/rtabmap_ros/docker/noetic) by extension 'ignore_ament_install'
[0.189s] Level 1:colcon.colcon_core.package_identification:_identify(src/rtabmap_ros/docker/noetic) by extensions ['colcon_pkg']
[0.189s] Level 1:colcon.colcon_core.package_identification:_identify(src/rtabmap_ros/docker/noetic) by extension 'colcon_pkg'
[0.189s] Level 1:colcon.colcon_core.package_identification:_identify(src/rtabmap_ros/docker/noetic) by extensions ['colcon_meta']
[0.189s] Level 1:colcon.colcon_core.package_identification:_identify(src/rtabmap_ros/docker/noetic) by extension 'colcon_meta'
[0.189s] Level 1:colcon.colcon_core.package_identification:_identify(src/rtabmap_ros/docker/noetic) by extensions ['ros']
[0.189s] Level 1:colcon.colcon_core.package_identification:_identify(src/rtabmap_ros/docker/noetic) by extension 'ros'
[0.189s] Level 1:colcon.colcon_core.package_identification:_identify(src/rtabmap_ros/docker/noetic) by extensions ['cmake', 'python']
[0.189s] Level 1:colcon.colcon_core.package_identification:_identify(src/rtabmap_ros/docker/noetic) by extension 'cmake'
[0.189s] Level 1:colcon.colcon_core.package_identification:_identify(src/rtabmap_ros/docker/noetic) by extension 'python'
[0.189s] Level 1:colcon.colcon_core.package_identification:_identify(src/rtabmap_ros/docker/noetic) by extensions ['python_setup_py']
[0.189s] Level 1:colcon.colcon_core.package_identification:_identify(src/rtabmap_ros/docker/noetic) by extension 'python_setup_py'
[0.189s] Level 1:colcon.colcon_core.package_identification:_identify(src/rtabmap_ros/docker/noetic/latest) by extensions ['ignore', 'ignore_ament_install']
[0.189s] Level 1:colcon.colcon_core.package_identification:_identify(src/rtabmap_ros/docker/noetic/latest) by extension 'ignore'
[0.189s] Level 1:colcon.colcon_core.package_identification:_identify(src/rtabmap_ros/docker/noetic/latest) by extension 'ignore_ament_install'
[0.189s] Level 1:colcon.colcon_core.package_identification:_identify(src/rtabmap_ros/docker/noetic/latest) by extensions ['colcon_pkg']
[0.189s] Level 1:colcon.colcon_core.package_identification:_identify(src/rtabmap_ros/docker/noetic/latest) by extension 'colcon_pkg'
[0.189s] Level 1:colcon.colcon_core.package_identification:_identify(src/rtabmap_ros/docker/noetic/latest) by extensions ['colcon_meta']
[0.189s] Level 1:colcon.colcon_core.package_identification:_identify(src/rtabmap_ros/docker/noetic/latest) by extension 'colcon_meta'
[0.189s] Level 1:colcon.colcon_core.package_identification:_identify(src/rtabmap_ros/docker/noetic/latest) by extensions ['ros']
[0.189s] Level 1:colcon.colcon_core.package_identification:_identify(src/rtabmap_ros/docker/noetic/latest) by extension 'ros'
[0.189s] Level 1:colcon.colcon_core.package_identification:_identify(src/rtabmap_ros/docker/noetic/latest) by extensions ['cmake', 'python']
[0.189s] Level 1:colcon.colcon_core.package_identification:_identify(src/rtabmap_ros/docker/noetic/latest) by extension 'cmake'
[0.189s] Level 1:colcon.colcon_core.package_identification:_identify(src/rtabmap_ros/docker/noetic/latest) by extension 'python'
[0.189s] Level 1:colcon.colcon_core.package_identification:_identify(src/rtabmap_ros/docker/noetic/latest) by extensions ['python_setup_py']
[0.189s] Level 1:colcon.colcon_core.package_identification:_identify(src/rtabmap_ros/docker/noetic/latest) by extension 'python_setup_py'
[0.189s] Level 1:colcon.colcon_core.package_identification:_identify(src/rtabmap_ros/docker/noetic/latest/hooks) by extensions ['ignore', 'ignore_ament_install']
[0.189s] Level 1:colcon.colcon_core.package_identification:_identify(src/rtabmap_ros/docker/noetic/latest/hooks) by extension 'ignore'
[0.189s] Level 1:colcon.colcon_core.package_identification:_identify(src/rtabmap_ros/docker/noetic/latest/hooks) by extension 'ignore_ament_install'
[0.189s] Level 1:colcon.colcon_core.package_identification:_identify(src/rtabmap_ros/docker/noetic/latest/hooks) by extensions ['colcon_pkg']
[0.189s] Level 1:colcon.colcon_core.package_identification:_identify(src/rtabmap_ros/docker/noetic/latest/hooks) by extension 'colcon_pkg'
[0.189s] Level 1:colcon.colcon_core.package_identification:_identify(src/rtabmap_ros/docker/noetic/latest/hooks) by extensions ['colcon_meta']
[0.189s] Level 1:colcon.colcon_core.package_identification:_identify(src/rtabmap_ros/docker/noetic/latest/hooks) by extension 'colcon_meta'
[0.190s] Level 1:colcon.colcon_core.package_identification:_identify(src/rtabmap_ros/docker/noetic/latest/hooks) by extensions ['ros']
[0.190s] Level 1:colcon.colcon_core.package_identification:_identify(src/rtabmap_ros/docker/noetic/latest/hooks) by extension 'ros'
[0.190s] Level 1:colcon.colcon_core.package_identification:_identify(src/rtabmap_ros/docker/noetic/latest/hooks) by extensions ['cmake', 'python']
[0.190s] Level 1:colcon.colcon_core.package_identification:_identify(src/rtabmap_ros/docker/noetic/latest/hooks) by extension 'cmake'
[0.190s] Level 1:colcon.colcon_core.package_identification:_identify(src/rtabmap_ros/docker/noetic/latest/hooks) by extension 'python'
[0.190s] Level 1:colcon.colcon_core.package_identification:_identify(src/rtabmap_ros/docker/noetic/latest/hooks) by extensions ['python_setup_py']
[0.190s] Level 1:colcon.colcon_core.package_identification:_identify(src/rtabmap_ros/docker/noetic/latest/hooks) by extension 'python_setup_py'
[0.190s] Level 1:colcon.colcon_core.package_identification:_identify(src/rtabmap_ros/docker/noetic/superpoint) by extensions ['ignore', 'ignore_ament_install']
[0.190s] Level 1:colcon.colcon_core.package_identification:_identify(src/rtabmap_ros/docker/noetic/superpoint) by extension 'ignore'
[0.190s] Level 1:colcon.colcon_core.package_identification:_identify(src/rtabmap_ros/docker/noetic/superpoint) by extension 'ignore_ament_install'
[0.190s] Level 1:colcon.colcon_core.package_identification:_identify(src/rtabmap_ros/docker/noetic/superpoint) by extensions ['colcon_pkg']
[0.190s] Level 1:colcon.colcon_core.package_identification:_identify(src/rtabmap_ros/docker/noetic/superpoint) by extension 'colcon_pkg'
[0.190s] Level 1:colcon.colcon_core.package_identification:_identify(src/rtabmap_ros/docker/noetic/superpoint) by extensions ['colcon_meta']
[0.190s] Level 1:colcon.colcon_core.package_identification:_identify(src/rtabmap_ros/docker/noetic/superpoint) by extension 'colcon_meta'
[0.190s] Level 1:colcon.colcon_core.package_identification:_identify(src/rtabmap_ros/docker/noetic/superpoint) by extensions ['ros']
[0.190s] Level 1:colcon.colcon_core.package_identification:_identify(src/rtabmap_ros/docker/noetic/superpoint) by extension 'ros'
[0.190s] Level 1:colcon.colcon_core.package_identification:_identify(src/rtabmap_ros/docker/noetic/superpoint) by extensions ['cmake', 'python']
[0.190s] Level 1:colcon.colcon_core.package_identification:_identify(src/rtabmap_ros/docker/noetic/superpoint) by extension 'cmake'
[0.190s] Level 1:colcon.colcon_core.package_identification:_identify(src/rtabmap_ros/docker/noetic/superpoint) by extension 'python'
[0.190s] Level 1:colcon.colcon_core.package_identification:_identify(src/rtabmap_ros/docker/noetic/superpoint) by extensions ['python_setup_py']
[0.190s] Level 1:colcon.colcon_core.package_identification:_identify(src/rtabmap_ros/docker/noetic/superpoint) by extension 'python_setup_py'
[0.190s] Level 1:colcon.colcon_core.package_identification:_identify(src/rtabmap_ros/rtabmap_conversions) by extensions ['ignore', 'ignore_ament_install']
[0.190s] Level 1:colcon.colcon_core.package_identification:_identify(src/rtabmap_ros/rtabmap_conversions) by extension 'ignore'
[0.190s] Level 1:colcon.colcon_core.package_identification:_identify(src/rtabmap_ros/rtabmap_conversions) by extension 'ignore_ament_install'
[0.190s] Level 1:colcon.colcon_core.package_identification:_identify(src/rtabmap_ros/rtabmap_conversions) by extensions ['colcon_pkg']
[0.190s] Level 1:colcon.colcon_core.package_identification:_identify(src/rtabmap_ros/rtabmap_conversions) by extension 'colcon_pkg'
[0.190s] Level 1:colcon.colcon_core.package_identification:_identify(src/rtabmap_ros/rtabmap_conversions) by extensions ['colcon_meta']
[0.190s] Level 1:colcon.colcon_core.package_identification:_identify(src/rtabmap_ros/rtabmap_conversions) by extension 'colcon_meta'
[0.190s] Level 1:colcon.colcon_core.package_identification:_identify(src/rtabmap_ros/rtabmap_conversions) by extensions ['ros']
[0.190s] Level 1:colcon.colcon_core.package_identification:_identify(src/rtabmap_ros/rtabmap_conversions) by extension 'ros'
[0.191s] DEBUG:colcon.colcon_core.package_identification:Package 'src/rtabmap_ros/rtabmap_conversions' with type 'ros.ament_cmake' and name 'rtabmap_conversions'
[0.191s] Level 1:colcon.colcon_core.package_identification:_identify(src/rtabmap_ros/rtabmap_demos) by extensions ['ignore', 'ignore_ament_install']
[0.191s] Level 1:colcon.colcon_core.package_identification:_identify(src/rtabmap_ros/rtabmap_demos) by extension 'ignore'
[0.191s] Level 1:colcon.colcon_core.package_identification:_identify(src/rtabmap_ros/rtabmap_demos) by extension 'ignore_ament_install'
[0.191s] Level 1:colcon.colcon_core.package_identification:_identify(src/rtabmap_ros/rtabmap_demos) by extensions ['colcon_pkg']
[0.191s] Level 1:colcon.colcon_core.package_identification:_identify(src/rtabmap_ros/rtabmap_demos) by extension 'colcon_pkg'
[0.191s] Level 1:colcon.colcon_core.package_identification:_identify(src/rtabmap_ros/rtabmap_demos) by extensions ['colcon_meta']
[0.191s] Level 1:colcon.colcon_core.package_identification:_identify(src/rtabmap_ros/rtabmap_demos) by extension 'colcon_meta'
[0.191s] Level 1:colcon.colcon_core.package_identification:_identify(src/rtabmap_ros/rtabmap_demos) by extensions ['ros']
[0.191s] Level 1:colcon.colcon_core.package_identification:_identify(src/rtabmap_ros/rtabmap_demos) by extension 'ros'
[0.192s] DEBUG:colcon.colcon_core.package_identification:Package 'src/rtabmap_ros/rtabmap_demos' with type 'ros.ament_cmake' and name 'rtabmap_demos'
[0.192s] Level 1:colcon.colcon_core.package_identification:_identify(src/rtabmap_ros/rtabmap_examples) by extensions ['ignore', 'ignore_ament_install']
[0.192s] Level 1:colcon.colcon_core.package_identification:_identify(src/rtabmap_ros/rtabmap_examples) by extension 'ignore'
[0.192s] Level 1:colcon.colcon_core.package_identification:_identify(src/rtabmap_ros/rtabmap_examples) by extension 'ignore_ament_install'
[0.192s] Level 1:colcon.colcon_core.package_identification:_identify(src/rtabmap_ros/rtabmap_examples) by extensions ['colcon_pkg']
[0.192s] Level 1:colcon.colcon_core.package_identification:_identify(src/rtabmap_ros/rtabmap_examples) by extension 'colcon_pkg'
[0.192s] Level 1:colcon.colcon_core.package_identification:_identify(src/rtabmap_ros/rtabmap_examples) by extensions ['colcon_meta']
[0.192s] Level 1:colcon.colcon_core.package_identification:_identify(src/rtabmap_ros/rtabmap_examples) by extension 'colcon_meta'
[0.192s] Level 1:colcon.colcon_core.package_identification:_identify(src/rtabmap_ros/rtabmap_examples) by extensions ['ros']
[0.192s] Level 1:colcon.colcon_core.package_identification:_identify(src/rtabmap_ros/rtabmap_examples) by extension 'ros'
[0.192s] DEBUG:colcon.colcon_core.package_identification:Package 'src/rtabmap_ros/rtabmap_examples' with type 'ros.ament_cmake' and name 'rtabmap_examples'
[0.193s] Level 1:colcon.colcon_core.package_identification:_identify(src/rtabmap_ros/rtabmap_launch) by extensions ['ignore', 'ignore_ament_install']
[0.193s] Level 1:colcon.colcon_core.package_identification:_identify(src/rtabmap_ros/rtabmap_launch) by extension 'ignore'
[0.193s] Level 1:colcon.colcon_core.package_identification:_identify(src/rtabmap_ros/rtabmap_launch) by extension 'ignore_ament_install'
[0.193s] Level 1:colcon.colcon_core.package_identification:_identify(src/rtabmap_ros/rtabmap_launch) by extensions ['colcon_pkg']
[0.193s] Level 1:colcon.colcon_core.package_identification:_identify(src/rtabmap_ros/rtabmap_launch) by extension 'colcon_pkg'
[0.193s] Level 1:colcon.colcon_core.package_identification:_identify(src/rtabmap_ros/rtabmap_launch) by extensions ['colcon_meta']
[0.193s] Level 1:colcon.colcon_core.package_identification:_identify(src/rtabmap_ros/rtabmap_launch) by extension 'colcon_meta'
[0.193s] Level 1:colcon.colcon_core.package_identification:_identify(src/rtabmap_ros/rtabmap_launch) by extensions ['ros']
[0.193s] Level 1:colcon.colcon_core.package_identification:_identify(src/rtabmap_ros/rtabmap_launch) by extension 'ros'
[0.193s] DEBUG:colcon.colcon_core.package_identification:Package 'src/rtabmap_ros/rtabmap_launch' with type 'ros.ament_cmake' and name 'rtabmap_launch'
[0.193s] Level 1:colcon.colcon_core.package_identification:_identify(src/rtabmap_ros/rtabmap_msgs) by extensions ['ignore', 'ignore_ament_install']
[0.193s] Level 1:colcon.colcon_core.package_identification:_identify(src/rtabmap_ros/rtabmap_msgs) by extension 'ignore'
[0.193s] Level 1:colcon.colcon_core.package_identification:_identify(src/rtabmap_ros/rtabmap_msgs) by extension 'ignore_ament_install'
[0.193s] Level 1:colcon.colcon_core.package_identification:_identify(src/rtabmap_ros/rtabmap_msgs) by extensions ['colcon_pkg']
[0.193s] Level 1:colcon.colcon_core.package_identification:_identify(src/rtabmap_ros/rtabmap_msgs) by extension 'colcon_pkg'
[0.193s] Level 1:colcon.colcon_core.package_identification:_identify(src/rtabmap_ros/rtabmap_msgs) by extensions ['colcon_meta']
[0.193s] Level 1:colcon.colcon_core.package_identification:_identify(src/rtabmap_ros/rtabmap_msgs) by extension 'colcon_meta'
[0.193s] Level 1:colcon.colcon_core.package_identification:_identify(src/rtabmap_ros/rtabmap_msgs) by extensions ['ros']
[0.193s] Level 1:colcon.colcon_core.package_identification:_identify(src/rtabmap_ros/rtabmap_msgs) by extension 'ros'
[0.194s] DEBUG:colcon.colcon_core.package_identification:Package 'src/rtabmap_ros/rtabmap_msgs' with type 'ros.ament_cmake' and name 'rtabmap_msgs'
[0.194s] Level 1:colcon.colcon_core.package_identification:_identify(src/rtabmap_ros/rtabmap_odom) by extensions ['ignore', 'ignore_ament_install']
[0.194s] Level 1:colcon.colcon_core.package_identification:_identify(src/rtabmap_ros/rtabmap_odom) by extension 'ignore'
[0.194s] Level 1:colcon.colcon_core.package_identification:_identify(src/rtabmap_ros/rtabmap_odom) by extension 'ignore_ament_install'
[0.194s] Level 1:colcon.colcon_core.package_identification:_identify(src/rtabmap_ros/rtabmap_odom) by extensions ['colcon_pkg']
[0.194s] Level 1:colcon.colcon_core.package_identification:_identify(src/rtabmap_ros/rtabmap_odom) by extension 'colcon_pkg'
[0.194s] Level 1:colcon.colcon_core.package_identification:_identify(src/rtabmap_ros/rtabmap_odom) by extensions ['colcon_meta']
[0.194s] Level 1:colcon.colcon_core.package_identification:_identify(src/rtabmap_ros/rtabmap_odom) by extension 'colcon_meta'
[0.194s] Level 1:colcon.colcon_core.package_identification:_identify(src/rtabmap_ros/rtabmap_odom) by extensions ['ros']
[0.194s] Level 1:colcon.colcon_core.package_identification:_identify(src/rtabmap_ros/rtabmap_odom) by extension 'ros'
[0.195s] DEBUG:colcon.colcon_core.package_identification:Package 'src/rtabmap_ros/rtabmap_odom' with type 'ros.ament_cmake' and name 'rtabmap_odom'
[0.195s] Level 1:colcon.colcon_core.package_identification:_identify(src/rtabmap_ros/rtabmap_python) by extensions ['ignore', 'ignore_ament_install']
[0.195s] Level 1:colcon.colcon_core.package_identification:_identify(src/rtabmap_ros/rtabmap_python) by extension 'ignore'
[0.195s] Level 1:colcon.colcon_core.package_identification:_identify(src/rtabmap_ros/rtabmap_python) by extension 'ignore_ament_install'
[0.195s] Level 1:colcon.colcon_core.package_identification:_identify(src/rtabmap_ros/rtabmap_python) by extensions ['colcon_pkg']
[0.195s] Level 1:colcon.colcon_core.package_identification:_identify(src/rtabmap_ros/rtabmap_python) by extension 'colcon_pkg'
[0.195s] Level 1:colcon.colcon_core.package_identification:_identify(src/rtabmap_ros/rtabmap_python) by extensions ['colcon_meta']
[0.195s] Level 1:colcon.colcon_core.package_identification:_identify(src/rtabmap_ros/rtabmap_python) by extension 'colcon_meta'
[0.195s] Level 1:colcon.colcon_core.package_identification:_identify(src/rtabmap_ros/rtabmap_python) by extensions ['ros']
[0.195s] Level 1:colcon.colcon_core.package_identification:_identify(src/rtabmap_ros/rtabmap_python) by extension 'ros'
[0.196s] DEBUG:colcon.colcon_core.package_identification:Package 'src/rtabmap_ros/rtabmap_python' with type 'ros.ament_python' and name 'rtabmap_python'
[0.196s] Level 1:colcon.colcon_core.package_identification:_identify(src/rtabmap_ros/rtabmap_ros) by extensions ['ignore', 'ignore_ament_install']
[0.196s] Level 1:colcon.colcon_core.package_identification:_identify(src/rtabmap_ros/rtabmap_ros) by extension 'ignore'
[0.196s] Level 1:colcon.colcon_core.package_identification:_identify(src/rtabmap_ros/rtabmap_ros) by extension 'ignore_ament_install'
[0.196s] Level 1:colcon.colcon_core.package_identification:_identify(src/rtabmap_ros/rtabmap_ros) by extensions ['colcon_pkg']
[0.196s] Level 1:colcon.colcon_core.package_identification:_identify(src/rtabmap_ros/rtabmap_ros) by extension 'colcon_pkg'
[0.196s] Level 1:colcon.colcon_core.package_identification:_identify(src/rtabmap_ros/rtabmap_ros) by extensions ['colcon_meta']
[0.196s] Level 1:colcon.colcon_core.package_identification:_identify(src/rtabmap_ros/rtabmap_ros) by extension 'colcon_meta'
[0.196s] Level 1:colcon.colcon_core.package_identification:_identify(src/rtabmap_ros/rtabmap_ros) by extensions ['ros']
[0.196s] Level 1:colcon.colcon_core.package_identification:_identify(src/rtabmap_ros/rtabmap_ros) by extension 'ros'
[0.196s] DEBUG:colcon.colcon_core.package_identification:Package 'src/rtabmap_ros/rtabmap_ros' with type 'ros.ament_cmake' and name 'rtabmap_ros'
[0.197s] Level 1:colcon.colcon_core.package_identification:_identify(src/rtabmap_ros/rtabmap_rviz_plugins) by extensions ['ignore', 'ignore_ament_install']
[0.197s] Level 1:colcon.colcon_core.package_identification:_identify(src/rtabmap_ros/rtabmap_rviz_plugins) by extension 'ignore'
[0.197s] Level 1:colcon.colcon_core.package_identification:_identify(src/rtabmap_ros/rtabmap_rviz_plugins) by extension 'ignore_ament_install'
[0.197s] Level 1:colcon.colcon_core.package_identification:_identify(src/rtabmap_ros/rtabmap_rviz_plugins) by extensions ['colcon_pkg']
[0.197s] Level 1:colcon.colcon_core.package_identification:_identify(src/rtabmap_ros/rtabmap_rviz_plugins) by extension 'colcon_pkg'
[0.197s] Level 1:colcon.colcon_core.package_identification:_identify(src/rtabmap_ros/rtabmap_rviz_plugins) by extensions ['colcon_meta']
[0.197s] Level 1:colcon.colcon_core.package_identification:_identify(src/rtabmap_ros/rtabmap_rviz_plugins) by extension 'colcon_meta'
[0.197s] Level 1:colcon.colcon_core.package_identification:_identify(src/rtabmap_ros/rtabmap_rviz_plugins) by extensions ['ros']
[0.197s] Level 1:colcon.colcon_core.package_identification:_identify(src/rtabmap_ros/rtabmap_rviz_plugins) by extension 'ros'
[0.197s] DEBUG:colcon.colcon_core.package_identification:Package 'src/rtabmap_ros/rtabmap_rviz_plugins' with type 'ros.ament_cmake' and name 'rtabmap_rviz_plugins'
[0.198s] Level 1:colcon.colcon_core.package_identification:_identify(src/rtabmap_ros/rtabmap_slam) by extensions ['ignore', 'ignore_ament_install']
[0.198s] Level 1:colcon.colcon_core.package_identification:_identify(src/rtabmap_ros/rtabmap_slam) by extension 'ignore'
[0.198s] Level 1:colcon.colcon_core.package_identification:_identify(src/rtabmap_ros/rtabmap_slam) by extension 'ignore_ament_install'
[0.198s] Level 1:colcon.colcon_core.package_identification:_identify(src/rtabmap_ros/rtabmap_slam) by extensions ['colcon_pkg']
[0.198s] Level 1:colcon.colcon_core.package_identification:_identify(src/rtabmap_ros/rtabmap_slam) by extension 'colcon_pkg'
[0.198s] Level 1:colcon.colcon_core.package_identification:_identify(src/rtabmap_ros/rtabmap_slam) by extensions ['colcon_meta']
[0.198s] Level 1:colcon.colcon_core.package_identification:_identify(src/rtabmap_ros/rtabmap_slam) by extension 'colcon_meta'
[0.198s] Level 1:colcon.colcon_core.package_identification:_identify(src/rtabmap_ros/rtabmap_slam) by extensions ['ros']
[0.198s] Level 1:colcon.colcon_core.package_identification:_identify(src/rtabmap_ros/rtabmap_slam) by extension 'ros'
[0.199s] DEBUG:colcon.colcon_core.package_identification:Package 'src/rtabmap_ros/rtabmap_slam' with type 'ros.ament_cmake' and name 'rtabmap_slam'
[0.199s] Level 1:colcon.colcon_core.package_identification:_identify(src/rtabmap_ros/rtabmap_sync) by extensions ['ignore', 'ignore_ament_install']
[0.199s] Level 1:colcon.colcon_core.package_identification:_identify(src/rtabmap_ros/rtabmap_sync) by extension 'ignore'
[0.199s] Level 1:colcon.colcon_core.package_identification:_identify(src/rtabmap_ros/rtabmap_sync) by extension 'ignore_ament_install'
[0.199s] Level 1:colcon.colcon_core.package_identification:_identify(src/rtabmap_ros/rtabmap_sync) by extensions ['colcon_pkg']
[0.199s] Level 1:colcon.colcon_core.package_identification:_identify(src/rtabmap_ros/rtabmap_sync) by extension 'colcon_pkg'
[0.199s] Level 1:colcon.colcon_core.package_identification:_identify(src/rtabmap_ros/rtabmap_sync) by extensions ['colcon_meta']
[0.199s] Level 1:colcon.colcon_core.package_identification:_identify(src/rtabmap_ros/rtabmap_sync) by extension 'colcon_meta'
[0.199s] Level 1:colcon.colcon_core.package_identification:_identify(src/rtabmap_ros/rtabmap_sync) by extensions ['ros']
[0.199s] Level 1:colcon.colcon_core.package_identification:_identify(src/rtabmap_ros/rtabmap_sync) by extension 'ros'
[0.200s] DEBUG:colcon.colcon_core.package_identification:Package 'src/rtabmap_ros/rtabmap_sync' with type 'ros.ament_cmake' and name 'rtabmap_sync'
[0.200s] Level 1:colcon.colcon_core.package_identification:_identify(src/rtabmap_ros/rtabmap_util) by extensions ['ignore', 'ignore_ament_install']
[0.200s] Level 1:colcon.colcon_core.package_identification:_identify(src/rtabmap_ros/rtabmap_util) by extension 'ignore'
[0.200s] Level 1:colcon.colcon_core.package_identification:_identify(src/rtabmap_ros/rtabmap_util) by extension 'ignore_ament_install'
[0.200s] Level 1:colcon.colcon_core.package_identification:_identify(src/rtabmap_ros/rtabmap_util) by extensions ['colcon_pkg']
[0.200s] Level 1:colcon.colcon_core.package_identification:_identify(src/rtabmap_ros/rtabmap_util) by extension 'colcon_pkg'
[0.200s] Level 1:colcon.colcon_core.package_identification:_identify(src/rtabmap_ros/rtabmap_util) by extensions ['colcon_meta']
[0.200s] Level 1:colcon.colcon_core.package_identification:_identify(src/rtabmap_ros/rtabmap_util) by extension 'colcon_meta'
[0.200s] Level 1:colcon.colcon_core.package_identification:_identify(src/rtabmap_ros/rtabmap_util) by extensions ['ros']
[0.200s] Level 1:colcon.colcon_core.package_identification:_identify(src/rtabmap_ros/rtabmap_util) by extension 'ros'
[0.201s] DEBUG:colcon.colcon_core.package_identification:Package 'src/rtabmap_ros/rtabmap_util' with type 'ros.ament_cmake' and name 'rtabmap_util'
[0.201s] Level 1:colcon.colcon_core.package_identification:_identify(src/rtabmap_ros/rtabmap_viz) by extensions ['ignore', 'ignore_ament_install']
[0.201s] Level 1:colcon.colcon_core.package_identification:_identify(src/rtabmap_ros/rtabmap_viz) by extension 'ignore'
[0.201s] Level 1:colcon.colcon_core.package_identification:_identify(src/rtabmap_ros/rtabmap_viz) by extension 'ignore_ament_install'
[0.201s] Level 1:colcon.colcon_core.package_identification:_identify(src/rtabmap_ros/rtabmap_viz) by extensions ['colcon_pkg']
[0.201s] Level 1:colcon.colcon_core.package_identification:_identify(src/rtabmap_ros/rtabmap_viz) by extension 'colcon_pkg'
[0.201s] Level 1:colcon.colcon_core.package_identification:_identify(src/rtabmap_ros/rtabmap_viz) by extensions ['colcon_meta']
[0.201s] Level 1:colcon.colcon_core.package_identification:_identify(src/rtabmap_ros/rtabmap_viz) by extension 'colcon_meta'
[0.201s] Level 1:colcon.colcon_core.package_identification:_identify(src/rtabmap_ros/rtabmap_viz) by extensions ['ros']
[0.201s] Level 1:colcon.colcon_core.package_identification:_identify(src/rtabmap_ros/rtabmap_viz) by extension 'ros'
[0.202s] DEBUG:colcon.colcon_core.package_identification:Package 'src/rtabmap_ros/rtabmap_viz' with type 'ros.ament_cmake' and name 'rtabmap_viz'
[0.202s] Level 1:colcon.colcon_core.package_discovery:discover_packages(recursive) using defaults
[0.202s] Level 1:colcon.colcon_core.package_discovery:discover_packages(ignore) discover
[0.202s] Level 1:colcon.colcon_core.package_discovery:discover_packages(ignore) using defaults
[0.202s] Level 1:colcon.colcon_core.package_discovery:discover_packages(path) discover
[0.202s] Level 1:colcon.colcon_core.package_discovery:discover_packages(path) using defaults
[0.225s] Level 1:colcon.colcon_core.package_discovery:discover_packages(prefix_path) check parameters
[0.225s] Level 1:colcon.colcon_core.package_discovery:discover_packages(prefix_path) discover
[0.226s] DEBUG:colcon.colcon_installed_package_information.package_discovery:Found 17 installed packages in /home/brace/codeSpace/navi/install
[0.227s] DEBUG:colcon.colcon_installed_package_information.package_discovery:Found 379 installed packages in /opt/ros/humble
[0.228s] Level 1:colcon.colcon_core.package_discovery:discover_packages(prefix_path) using defaults
[0.255s] Level 5:colcon.colcon_core.verb:set package 'realsense2_description' build argument 'cmake_args' from command line to 'None'
[0.255s] Level 5:colcon.colcon_core.verb:set package 'realsense2_description' build argument 'cmake_target' from command line to 'None'
[0.255s] Level 5:colcon.colcon_core.verb:set package 'realsense2_description' build argument 'cmake_target_skip_unavailable' from command line to 'False'
[0.255s] Level 5:colcon.colcon_core.verb:set package 'realsense2_description' build argument 'cmake_clean_cache' from command line to 'False'
[0.255s] Level 5:colcon.colcon_core.verb:set package 'realsense2_description' build argument 'cmake_clean_first' from command line to 'False'
[0.255s] Level 5:colcon.colcon_core.verb:set package 'realsense2_description' build argument 'cmake_force_configure' from command line to 'False'
[0.255s] Level 5:colcon.colcon_core.verb:set package 'realsense2_description' build argument 'ament_cmake_args' from command line to 'None'
[0.255s] Level 5:colcon.colcon_core.verb:set package 'realsense2_description' build argument 'catkin_cmake_args' from command line to 'None'
[0.255s] Level 5:colcon.colcon_core.verb:set package 'realsense2_description' build argument 'catkin_skip_building_tests' from command line to 'False'
[0.255s] DEBUG:colcon.colcon_core.verb:Building package 'realsense2_description' with the following arguments: {'ament_cmake_args': None, 'build_base': '/home/brace/codeSpace/navi/build/realsense2_description', 'catkin_cmake_args': None, 'catkin_skip_building_tests': False, 'cmake_args': None, 'cmake_clean_cache': False, 'cmake_clean_first': False, 'cmake_force_configure': False, 'cmake_target': None, 'cmake_target_skip_unavailable': False, 'install_base': '/home/brace/codeSpace/navi/install/realsense2_description', 'merge_install': False, 'path': '/home/brace/codeSpace/navi/src/realsense-ros/realsense2_description', 'symlink_install': False, 'test_result_base': None}
[0.256s] Level 5:colcon.colcon_core.verb:set package 'realsense2_ros_mqtt_bridge' build argument 'cmake_args' from command line to 'None'
[0.256s] Level 5:colcon.colcon_core.verb:set package 'realsense2_ros_mqtt_bridge' build argument 'cmake_target' from command line to 'None'
[0.256s] Level 5:colcon.colcon_core.verb:set package 'realsense2_ros_mqtt_bridge' build argument 'cmake_target_skip_unavailable' from command line to 'False'
[0.256s] Level 5:colcon.colcon_core.verb:set package 'realsense2_ros_mqtt_bridge' build argument 'cmake_clean_cache' from command line to 'False'
[0.256s] Level 5:colcon.colcon_core.verb:set package 'realsense2_ros_mqtt_bridge' build argument 'cmake_clean_first' from command line to 'False'
[0.256s] Level 5:colcon.colcon_core.verb:set package 'realsense2_ros_mqtt_bridge' build argument 'cmake_force_configure' from command line to 'False'
[0.256s] Level 5:colcon.colcon_core.verb:set package 'realsense2_ros_mqtt_bridge' build argument 'ament_cmake_args' from command line to 'None'
[0.256s] Level 5:colcon.colcon_core.verb:set package 'realsense2_ros_mqtt_bridge' build argument 'catkin_cmake_args' from command line to 'None'
[0.256s] Level 5:colcon.colcon_core.verb:set package 'realsense2_ros_mqtt_bridge' build argument 'catkin_skip_building_tests' from command line to 'False'
[0.256s] DEBUG:colcon.colcon_core.verb:Building package 'realsense2_ros_mqtt_bridge' with the following arguments: {'ament_cmake_args': None, 'build_base': '/home/brace/codeSpace/navi/build/realsense2_ros_mqtt_bridge', 'catkin_cmake_args': None, 'catkin_skip_building_tests': False, 'cmake_args': None, 'cmake_clean_cache': False, 'cmake_clean_first': False, 'cmake_force_configure': False, 'cmake_target': None, 'cmake_target_skip_unavailable': False, 'install_base': '/home/brace/codeSpace/navi/install/realsense2_ros_mqtt_bridge', 'merge_install': False, 'path': '/home/brace/codeSpace/navi/src/realsense-ros/realsense2_ros_mqtt_bridge', 'symlink_install': False, 'test_result_base': None}
[0.256s] Level 5:colcon.colcon_core.verb:set package 'realsense2_rviz_plugin' build argument 'cmake_args' from command line to 'None'
[0.256s] Level 5:colcon.colcon_core.verb:set package 'realsense2_rviz_plugin' build argument 'cmake_target' from command line to 'None'
[0.256s] Level 5:colcon.colcon_core.verb:set package 'realsense2_rviz_plugin' build argument 'cmake_target_skip_unavailable' from command line to 'False'
[0.256s] Level 5:colcon.colcon_core.verb:set package 'realsense2_rviz_plugin' build argument 'cmake_clean_cache' from command line to 'False'
[0.256s] Level 5:colcon.colcon_core.verb:set package 'realsense2_rviz_plugin' build argument 'cmake_clean_first' from command line to 'False'
[0.256s] Level 5:colcon.colcon_core.verb:set package 'realsense2_rviz_plugin' build argument 'cmake_force_configure' from command line to 'False'
[0.256s] Level 5:colcon.colcon_core.verb:set package 'realsense2_rviz_plugin' build argument 'ament_cmake_args' from command line to 'None'
[0.256s] Level 5:colcon.colcon_core.verb:set package 'realsense2_rviz_plugin' build argument 'catkin_cmake_args' from command line to 'None'
[0.256s] Level 5:colcon.colcon_core.verb:set package 'realsense2_rviz_plugin' build argument 'catkin_skip_building_tests' from command line to 'False'
[0.256s] DEBUG:colcon.colcon_core.verb:Building package 'realsense2_rviz_plugin' with the following arguments: {'ament_cmake_args': None, 'build_base': '/home/brace/codeSpace/navi/build/realsense2_rviz_plugin', 'catkin_cmake_args': None, 'catkin_skip_building_tests': False, 'cmake_args': None, 'cmake_clean_cache': False, 'cmake_clean_first': False, 'cmake_force_configure': False, 'cmake_target': None, 'cmake_target_skip_unavailable': False, 'install_base': '/home/brace/codeSpace/navi/install/realsense2_rviz_plugin', 'merge_install': False, 'path': '/home/brace/codeSpace/navi/src/realsense-ros/realsense2_rgbd_plugin', 'symlink_install': False, 'test_result_base': None}
[0.256s] Level 5:colcon.colcon_core.verb:set package 'rtabmap' build argument 'cmake_args' from command line to 'None'
[0.256s] Level 5:colcon.colcon_core.verb:set package 'rtabmap' build argument 'cmake_target' from command line to 'None'
[0.256s] Level 5:colcon.colcon_core.verb:set package 'rtabmap' build argument 'cmake_target_skip_unavailable' from command line to 'False'
[0.256s] Level 5:colcon.colcon_core.verb:set package 'rtabmap' build argument 'cmake_clean_cache' from command line to 'False'
[0.256s] Level 5:colcon.colcon_core.verb:set package 'rtabmap' build argument 'cmake_clean_first' from command line to 'False'
[0.256s] Level 5:colcon.colcon_core.verb:set package 'rtabmap' build argument 'cmake_force_configure' from command line to 'False'
[0.256s] Level 5:colcon.colcon_core.verb:set package 'rtabmap' build argument 'ament_cmake_args' from command line to 'None'
[0.256s] Level 5:colcon.colcon_core.verb:set package 'rtabmap' build argument 'catkin_cmake_args' from command line to 'None'
[0.256s] Level 5:colcon.colcon_core.verb:set package 'rtabmap' build argument 'catkin_skip_building_tests' from command line to 'False'
[0.256s] DEBUG:colcon.colcon_core.verb:Building package 'rtabmap' with the following arguments: {'ament_cmake_args': None, 'build_base': '/home/brace/codeSpace/navi/build/rtabmap', 'catkin_cmake_args': None, 'catkin_skip_building_tests': False, 'cmake_args': None, 'cmake_clean_cache': False, 'cmake_clean_first': False, 'cmake_force_configure': False, 'cmake_target': None, 'cmake_target_skip_unavailable': False, 'install_base': '/home/brace/codeSpace/navi/install/rtabmap', 'merge_install': False, 'path': '/home/brace/codeSpace/navi/src/rtabmap', 'symlink_install': False, 'test_result_base': None}
[0.257s] Level 5:colcon.colcon_core.verb:set package 'rtabmap_msgs' build argument 'cmake_args' from command line to 'None'
[0.257s] Level 5:colcon.colcon_core.verb:set package 'rtabmap_msgs' build argument 'cmake_target' from command line to 'None'
[0.257s] Level 5:colcon.colcon_core.verb:set package 'rtabmap_msgs' build argument 'cmake_target_skip_unavailable' from command line to 'False'
[0.257s] Level 5:colcon.colcon_core.verb:set package 'rtabmap_msgs' build argument 'cmake_clean_cache' from command line to 'False'
[0.257s] Level 5:colcon.colcon_core.verb:set package 'rtabmap_msgs' build argument 'cmake_clean_first' from command line to 'False'
[0.257s] Level 5:colcon.colcon_core.verb:set package 'rtabmap_msgs' build argument 'cmake_force_configure' from command line to 'False'
[0.257s] Level 5:colcon.colcon_core.verb:set package 'rtabmap_msgs' build argument 'ament_cmake_args' from command line to 'None'
[0.257s] Level 5:colcon.colcon_core.verb:set package 'rtabmap_msgs' build argument 'catkin_cmake_args' from command line to 'None'
[0.257s] Level 5:colcon.colcon_core.verb:set package 'rtabmap_msgs' build argument 'catkin_skip_building_tests' from command line to 'False'
[0.257s] DEBUG:colcon.colcon_core.verb:Building package 'rtabmap_msgs' with the following arguments: {'ament_cmake_args': None, 'build_base': '/home/brace/codeSpace/navi/build/rtabmap_msgs', 'catkin_cmake_args': None, 'catkin_skip_building_tests': False, 'cmake_args': None, 'cmake_clean_cache': False, 'cmake_clean_first': False, 'cmake_force_configure': False, 'cmake_target': None, 'cmake_target_skip_unavailable': False, 'install_base': '/home/brace/codeSpace/navi/install/rtabmap_msgs', 'merge_install': False, 'path': '/home/brace/codeSpace/navi/src/rtabmap_ros/rtabmap_msgs', 'symlink_install': False, 'test_result_base': None}
[0.257s] Level 5:colcon.colcon_core.verb:set package 'rtabmap_python' build argument 'cmake_args' from command line to 'None'
[0.257s] Level 5:colcon.colcon_core.verb:set package 'rtabmap_python' build argument 'cmake_target' from command line to 'None'
[0.257s] Level 5:colcon.colcon_core.verb:set package 'rtabmap_python' build argument 'cmake_target_skip_unavailable' from command line to 'False'
[0.257s] Level 5:colcon.colcon_core.verb:set package 'rtabmap_python' build argument 'cmake_clean_cache' from command line to 'False'
[0.257s] Level 5:colcon.colcon_core.verb:set package 'rtabmap_python' build argument 'cmake_clean_first' from command line to 'False'
[0.257s] Level 5:colcon.colcon_core.verb:set package 'rtabmap_python' build argument 'cmake_force_configure' from command line to 'False'
[0.257s] Level 5:colcon.colcon_core.verb:set package 'rtabmap_python' build argument 'ament_cmake_args' from command line to 'None'
[0.257s] Level 5:colcon.colcon_core.verb:set package 'rtabmap_python' build argument 'catkin_cmake_args' from command line to 'None'
[0.257s] Level 5:colcon.colcon_core.verb:set package 'rtabmap_python' build argument 'catkin_skip_building_tests' from command line to 'False'
[0.257s] DEBUG:colcon.colcon_core.verb:Building package 'rtabmap_python' with the following arguments: {'ament_cmake_args': None, 'build_base': '/home/brace/codeSpace/navi/build/rtabmap_python', 'catkin_cmake_args': None, 'catkin_skip_building_tests': False, 'cmake_args': None, 'cmake_clean_cache': False, 'cmake_clean_first': False, 'cmake_force_configure': False, 'cmake_target': None, 'cmake_target_skip_unavailable': False, 'install_base': '/home/brace/codeSpace/navi/install/rtabmap_python', 'merge_install': False, 'path': '/home/brace/codeSpace/navi/src/rtabmap_ros/rtabmap_python', 'symlink_install': False, 'test_result_base': None}
[0.257s] Level 5:colcon.colcon_core.verb:set package 'rtabmap_conversions' build argument 'cmake_args' from command line to 'None'
[0.257s] Level 5:colcon.colcon_core.verb:set package 'rtabmap_conversions' build argument 'cmake_target' from command line to 'None'
[0.257s] Level 5:colcon.colcon_core.verb:set package 'rtabmap_conversions' build argument 'cmake_target_skip_unavailable' from command line to 'False'
[0.257s] Level 5:colcon.colcon_core.verb:set package 'rtabmap_conversions' build argument 'cmake_clean_cache' from command line to 'False'
[0.257s] Level 5:colcon.colcon_core.verb:set package 'rtabmap_conversions' build argument 'cmake_clean_first' from command line to 'False'
[0.257s] Level 5:colcon.colcon_core.verb:set package 'rtabmap_conversions' build argument 'cmake_force_configure' from command line to 'False'
[0.257s] Level 5:colcon.colcon_core.verb:set package 'rtabmap_conversions' build argument 'ament_cmake_args' from command line to 'None'
[0.257s] Level 5:colcon.colcon_core.verb:set package 'rtabmap_conversions' build argument 'catkin_cmake_args' from command line to 'None'
[0.257s] Level 5:colcon.colcon_core.verb:set package 'rtabmap_conversions' build argument 'catkin_skip_building_tests' from command line to 'False'
[0.257s] DEBUG:colcon.colcon_core.verb:Building package 'rtabmap_conversions' with the following arguments: {'ament_cmake_args': None, 'build_base': '/home/brace/codeSpace/navi/build/rtabmap_conversions', 'catkin_cmake_args': None, 'catkin_skip_building_tests': False, 'cmake_args': None, 'cmake_clean_cache': False, 'cmake_clean_first': False, 'cmake_force_configure': False, 'cmake_target': None, 'cmake_target_skip_unavailable': False, 'install_base': '/home/brace/codeSpace/navi/install/rtabmap_conversions', 'merge_install': False, 'path': '/home/brace/codeSpace/navi/src/rtabmap_ros/rtabmap_conversions', 'symlink_install': False, 'test_result_base': None}
[0.257s] Level 5:colcon.colcon_core.verb:set package 'rtabmap_rviz_plugins' build argument 'cmake_args' from command line to 'None'
[0.257s] Level 5:colcon.colcon_core.verb:set package 'rtabmap_rviz_plugins' build argument 'cmake_target' from command line to 'None'
[0.258s] Level 5:colcon.colcon_core.verb:set package 'rtabmap_rviz_plugins' build argument 'cmake_target_skip_unavailable' from command line to 'False'
[0.258s] Level 5:colcon.colcon_core.verb:set package 'rtabmap_rviz_plugins' build argument 'cmake_clean_cache' from command line to 'False'
[0.258s] Level 5:colcon.colcon_core.verb:set package 'rtabmap_rviz_plugins' build argument 'cmake_clean_first' from command line to 'False'
[0.258s] Level 5:colcon.colcon_core.verb:set package 'rtabmap_rviz_plugins' build argument 'cmake_force_configure' from command line to 'False'
[0.258s] Level 5:colcon.colcon_core.verb:set package 'rtabmap_rviz_plugins' build argument 'ament_cmake_args' from command line to 'None'
[0.258s] Level 5:colcon.colcon_core.verb:set package 'rtabmap_rviz_plugins' build argument 'catkin_cmake_args' from command line to 'None'
[0.258s] Level 5:colcon.colcon_core.verb:set package 'rtabmap_rviz_plugins' build argument 'catkin_skip_building_tests' from command line to 'False'
[0.258s] DEBUG:colcon.colcon_core.verb:Building package 'rtabmap_rviz_plugins' with the following arguments: {'ament_cmake_args': None, 'build_base': '/home/brace/codeSpace/navi/build/rtabmap_rviz_plugins', 'catkin_cmake_args': None, 'catkin_skip_building_tests': False, 'cmake_args': None, 'cmake_clean_cache': False, 'cmake_clean_first': False, 'cmake_force_configure': False, 'cmake_target': None, 'cmake_target_skip_unavailable': False, 'install_base': '/home/brace/codeSpace/navi/install/rtabmap_rviz_plugins', 'merge_install': False, 'path': '/home/brace/codeSpace/navi/src/rtabmap_ros/rtabmap_rviz_plugins', 'symlink_install': False, 'test_result_base': None}
[0.258s] Level 5:colcon.colcon_core.verb:set package 'rtabmap_sync' build argument 'cmake_args' from command line to 'None'
[0.258s] Level 5:colcon.colcon_core.verb:set package 'rtabmap_sync' build argument 'cmake_target' from command line to 'None'
[0.258s] Level 5:colcon.colcon_core.verb:set package 'rtabmap_sync' build argument 'cmake_target_skip_unavailable' from command line to 'False'
[0.258s] Level 5:colcon.colcon_core.verb:set package 'rtabmap_sync' build argument 'cmake_clean_cache' from command line to 'False'
[0.258s] Level 5:colcon.colcon_core.verb:set package 'rtabmap_sync' build argument 'cmake_clean_first' from command line to 'False'
[0.258s] Level 5:colcon.colcon_core.verb:set package 'rtabmap_sync' build argument 'cmake_force_configure' from command line to 'False'
[0.258s] Level 5:colcon.colcon_core.verb:set package 'rtabmap_sync' build argument 'ament_cmake_args' from command line to 'None'
[0.258s] Level 5:colcon.colcon_core.verb:set package 'rtabmap_sync' build argument 'catkin_cmake_args' from command line to 'None'
[0.258s] Level 5:colcon.colcon_core.verb:set package 'rtabmap_sync' build argument 'catkin_skip_building_tests' from command line to 'False'
[0.258s] DEBUG:colcon.colcon_core.verb:Building package 'rtabmap_sync' with the following arguments: {'ament_cmake_args': None, 'build_base': '/home/brace/codeSpace/navi/build/rtabmap_sync', 'catkin_cmake_args': None, 'catkin_skip_building_tests': False, 'cmake_args': None, 'cmake_clean_cache': False, 'cmake_clean_first': False, 'cmake_force_configure': False, 'cmake_target': None, 'cmake_target_skip_unavailable': False, 'install_base': '/home/brace/codeSpace/navi/install/rtabmap_sync', 'merge_install': False, 'path': '/home/brace/codeSpace/navi/src/rtabmap_ros/rtabmap_sync', 'symlink_install': False, 'test_result_base': None}
[0.258s] Level 5:colcon.colcon_core.verb:set package 'rtabmap_util' build argument 'cmake_args' from command line to 'None'
[0.258s] Level 5:colcon.colcon_core.verb:set package 'rtabmap_util' build argument 'cmake_target' from command line to 'None'
[0.258s] Level 5:colcon.colcon_core.verb:set package 'rtabmap_util' build argument 'cmake_target_skip_unavailable' from command line to 'False'
[0.258s] Level 5:colcon.colcon_core.verb:set package 'rtabmap_util' build argument 'cmake_clean_cache' from command line to 'False'
[0.258s] Level 5:colcon.colcon_core.verb:set package 'rtabmap_util' build argument 'cmake_clean_first' from command line to 'False'
[0.258s] Level 5:colcon.colcon_core.verb:set package 'rtabmap_util' build argument 'cmake_force_configure' from command line to 'False'
[0.258s] Level 5:colcon.colcon_core.verb:set package 'rtabmap_util' build argument 'ament_cmake_args' from command line to 'None'
[0.258s] Level 5:colcon.colcon_core.verb:set package 'rtabmap_util' build argument 'catkin_cmake_args' from command line to 'None'
[0.258s] Level 5:colcon.colcon_core.verb:set package 'rtabmap_util' build argument 'catkin_skip_building_tests' from command line to 'False'
[0.258s] DEBUG:colcon.colcon_core.verb:Building package 'rtabmap_util' with the following arguments: {'ament_cmake_args': None, 'build_base': '/home/brace/codeSpace/navi/build/rtabmap_util', 'catkin_cmake_args': None, 'catkin_skip_building_tests': False, 'cmake_args': None, 'cmake_clean_cache': False, 'cmake_clean_first': False, 'cmake_force_configure': False, 'cmake_target': None, 'cmake_target_skip_unavailable': False, 'install_base': '/home/brace/codeSpace/navi/install/rtabmap_util', 'merge_install': False, 'path': '/home/brace/codeSpace/navi/src/rtabmap_ros/rtabmap_util', 'symlink_install': False, 'test_result_base': None}
[0.258s] Level 5:colcon.colcon_core.verb:set package 'rtabmap_odom' build argument 'cmake_args' from command line to 'None'
[0.258s] Level 5:colcon.colcon_core.verb:set package 'rtabmap_odom' build argument 'cmake_target' from command line to 'None'
[0.258s] Level 5:colcon.colcon_core.verb:set package 'rtabmap_odom' build argument 'cmake_target_skip_unavailable' from command line to 'False'
[0.258s] Level 5:colcon.colcon_core.verb:set package 'rtabmap_odom' build argument 'cmake_clean_cache' from command line to 'False'
[0.258s] Level 5:colcon.colcon_core.verb:set package 'rtabmap_odom' build argument 'cmake_clean_first' from command line to 'False'
[0.258s] Level 5:colcon.colcon_core.verb:set package 'rtabmap_odom' build argument 'cmake_force_configure' from command line to 'False'
[0.259s] Level 5:colcon.colcon_core.verb:set package 'rtabmap_odom' build argument 'ament_cmake_args' from command line to 'None'
[0.259s] Level 5:colcon.colcon_core.verb:set package 'rtabmap_odom' build argument 'catkin_cmake_args' from command line to 'None'
[0.259s] Level 5:colcon.colcon_core.verb:set package 'rtabmap_odom' build argument 'catkin_skip_building_tests' from command line to 'False'
[0.259s] DEBUG:colcon.colcon_core.verb:Building package 'rtabmap_odom' with the following arguments: {'ament_cmake_args': None, 'build_base': '/home/brace/codeSpace/navi/build/rtabmap_odom', 'catkin_cmake_args': None, 'catkin_skip_building_tests': False, 'cmake_args': None, 'cmake_clean_cache': False, 'cmake_clean_first': False, 'cmake_force_configure': False, 'cmake_target': None, 'cmake_target_skip_unavailable': False, 'install_base': '/home/brace/codeSpace/navi/install/rtabmap_odom', 'merge_install': False, 'path': '/home/brace/codeSpace/navi/src/rtabmap_ros/rtabmap_odom', 'symlink_install': False, 'test_result_base': None}
[0.259s] Level 5:colcon.colcon_core.verb:set package 'rtabmap_slam' build argument 'cmake_args' from command line to 'None'
[0.259s] Level 5:colcon.colcon_core.verb:set package 'rtabmap_slam' build argument 'cmake_target' from command line to 'None'
[0.259s] Level 5:colcon.colcon_core.verb:set package 'rtabmap_slam' build argument 'cmake_target_skip_unavailable' from command line to 'False'
[0.259s] Level 5:colcon.colcon_core.verb:set package 'rtabmap_slam' build argument 'cmake_clean_cache' from command line to 'False'
[0.259s] Level 5:colcon.colcon_core.verb:set package 'rtabmap_slam' build argument 'cmake_clean_first' from command line to 'False'
[0.259s] Level 5:colcon.colcon_core.verb:set package 'rtabmap_slam' build argument 'cmake_force_configure' from command line to 'False'
[0.259s] Level 5:colcon.colcon_core.verb:set package 'rtabmap_slam' build argument 'ament_cmake_args' from command line to 'None'
[0.259s] Level 5:colcon.colcon_core.verb:set package 'rtabmap_slam' build argument 'catkin_cmake_args' from command line to 'None'
[0.259s] Level 5:colcon.colcon_core.verb:set package 'rtabmap_slam' build argument 'catkin_skip_building_tests' from command line to 'False'
[0.259s] DEBUG:colcon.colcon_core.verb:Building package 'rtabmap_slam' with the following arguments: {'ament_cmake_args': None, 'build_base': '/home/brace/codeSpace/navi/build/rtabmap_slam', 'catkin_cmake_args': None, 'catkin_skip_building_tests': False, 'cmake_args': None, 'cmake_clean_cache': False, 'cmake_clean_first': False, 'cmake_force_configure': False, 'cmake_target': None, 'cmake_target_skip_unavailable': False, 'install_base': '/home/brace/codeSpace/navi/install/rtabmap_slam', 'merge_install': False, 'path': '/home/brace/codeSpace/navi/src/rtabmap_ros/rtabmap_slam', 'symlink_install': False, 'test_result_base': None}
[0.259s] Level 5:colcon.colcon_core.verb:set package 'rtabmap_viz' build argument 'cmake_args' from command line to 'None'
[0.259s] Level 5:colcon.colcon_core.verb:set package 'rtabmap_viz' build argument 'cmake_target' from command line to 'None'
[0.259s] Level 5:colcon.colcon_core.verb:set package 'rtabmap_viz' build argument 'cmake_target_skip_unavailable' from command line to 'False'
[0.259s] Level 5:colcon.colcon_core.verb:set package 'rtabmap_viz' build argument 'cmake_clean_cache' from command line to 'False'
[0.259s] Level 5:colcon.colcon_core.verb:set package 'rtabmap_viz' build argument 'cmake_clean_first' from command line to 'False'
[0.259s] Level 5:colcon.colcon_core.verb:set package 'rtabmap_viz' build argument 'cmake_force_configure' from command line to 'False'
[0.259s] Level 5:colcon.colcon_core.verb:set package 'rtabmap_viz' build argument 'ament_cmake_args' from command line to 'None'
[0.259s] Level 5:colcon.colcon_core.verb:set package 'rtabmap_viz' build argument 'catkin_cmake_args' from command line to 'None'
[0.259s] Level 5:colcon.colcon_core.verb:set package 'rtabmap_viz' build argument 'catkin_skip_building_tests' from command line to 'False'
[0.259s] DEBUG:colcon.colcon_core.verb:Building package 'rtabmap_viz' with the following arguments: {'ament_cmake_args': None, 'build_base': '/home/brace/codeSpace/navi/build/rtabmap_viz', 'catkin_cmake_args': None, 'catkin_skip_building_tests': False, 'cmake_args': None, 'cmake_clean_cache': False, 'cmake_clean_first': False, 'cmake_force_configure': False, 'cmake_target': None, 'cmake_target_skip_unavailable': False, 'install_base': '/home/brace/codeSpace/navi/install/rtabmap_viz', 'merge_install': False, 'path': '/home/brace/codeSpace/navi/src/rtabmap_ros/rtabmap_viz', 'symlink_install': False, 'test_result_base': None}
[0.259s] Level 5:colcon.colcon_core.verb:set package 'rtabmap_demos' build argument 'cmake_args' from command line to 'None'
[0.259s] Level 5:colcon.colcon_core.verb:set package 'rtabmap_demos' build argument 'cmake_target' from command line to 'None'
[0.259s] Level 5:colcon.colcon_core.verb:set package 'rtabmap_demos' build argument 'cmake_target_skip_unavailable' from command line to 'False'
[0.259s] Level 5:colcon.colcon_core.verb:set package 'rtabmap_demos' build argument 'cmake_clean_cache' from command line to 'False'
[0.259s] Level 5:colcon.colcon_core.verb:set package 'rtabmap_demos' build argument 'cmake_clean_first' from command line to 'False'
[0.259s] Level 5:colcon.colcon_core.verb:set package 'rtabmap_demos' build argument 'cmake_force_configure' from command line to 'False'
[0.259s] Level 5:colcon.colcon_core.verb:set package 'rtabmap_demos' build argument 'ament_cmake_args' from command line to 'None'
[0.259s] Level 5:colcon.colcon_core.verb:set package 'rtabmap_demos' build argument 'catkin_cmake_args' from command line to 'None'
[0.259s] Level 5:colcon.colcon_core.verb:set package 'rtabmap_demos' build argument 'catkin_skip_building_tests' from command line to 'False'
[0.259s] DEBUG:colcon.colcon_core.verb:Building package 'rtabmap_demos' with the following arguments: {'ament_cmake_args': None, 'build_base': '/home/brace/codeSpace/navi/build/rtabmap_demos', 'catkin_cmake_args': None, 'catkin_skip_building_tests': False, 'cmake_args': None, 'cmake_clean_cache': False, 'cmake_clean_first': False, 'cmake_force_configure': False, 'cmake_target': None, 'cmake_target_skip_unavailable': False, 'install_base': '/home/brace/codeSpace/navi/install/rtabmap_demos', 'merge_install': False, 'path': '/home/brace/codeSpace/navi/src/rtabmap_ros/rtabmap_demos', 'symlink_install': False, 'test_result_base': None}
[0.260s] Level 5:colcon.colcon_core.verb:set package 'rtabmap_examples' build argument 'cmake_args' from command line to 'None'
[0.260s] Level 5:colcon.colcon_core.verb:set package 'rtabmap_examples' build argument 'cmake_target' from command line to 'None'
[0.260s] Level 5:colcon.colcon_core.verb:set package 'rtabmap_examples' build argument 'cmake_target_skip_unavailable' from command line to 'False'
[0.260s] Level 5:colcon.colcon_core.verb:set package 'rtabmap_examples' build argument 'cmake_clean_cache' from command line to 'False'
[0.260s] Level 5:colcon.colcon_core.verb:set package 'rtabmap_examples' build argument 'cmake_clean_first' from command line to 'False'
[0.260s] Level 5:colcon.colcon_core.verb:set package 'rtabmap_examples' build argument 'cmake_force_configure' from command line to 'False'
[0.260s] Level 5:colcon.colcon_core.verb:set package 'rtabmap_examples' build argument 'ament_cmake_args' from command line to 'None'
[0.260s] Level 5:colcon.colcon_core.verb:set package 'rtabmap_examples' build argument 'catkin_cmake_args' from command line to 'None'
[0.260s] Level 5:colcon.colcon_core.verb:set package 'rtabmap_examples' build argument 'catkin_skip_building_tests' from command line to 'False'
[0.260s] DEBUG:colcon.colcon_core.verb:Building package 'rtabmap_examples' with the following arguments: {'ament_cmake_args': None, 'build_base': '/home/brace/codeSpace/navi/build/rtabmap_examples', 'catkin_cmake_args': None, 'catkin_skip_building_tests': False, 'cmake_args': None, 'cmake_clean_cache': False, 'cmake_clean_first': False, 'cmake_force_configure': False, 'cmake_target': None, 'cmake_target_skip_unavailable': False, 'install_base': '/home/brace/codeSpace/navi/install/rtabmap_examples', 'merge_install': False, 'path': '/home/brace/codeSpace/navi/src/rtabmap_ros/rtabmap_examples', 'symlink_install': False, 'test_result_base': None}
[0.260s] Level 5:colcon.colcon_core.verb:set package 'rtabmap_launch' build argument 'cmake_args' from command line to 'None'
[0.260s] Level 5:colcon.colcon_core.verb:set package 'rtabmap_launch' build argument 'cmake_target' from command line to 'None'
[0.260s] Level 5:colcon.colcon_core.verb:set package 'rtabmap_launch' build argument 'cmake_target_skip_unavailable' from command line to 'False'
[0.260s] Level 5:colcon.colcon_core.verb:set package 'rtabmap_launch' build argument 'cmake_clean_cache' from command line to 'False'
[0.260s] Level 5:colcon.colcon_core.verb:set package 'rtabmap_launch' build argument 'cmake_clean_first' from command line to 'False'
[0.260s] Level 5:colcon.colcon_core.verb:set package 'rtabmap_launch' build argument 'cmake_force_configure' from command line to 'False'
[0.260s] Level 5:colcon.colcon_core.verb:set package 'rtabmap_launch' build argument 'ament_cmake_args' from command line to 'None'
[0.260s] Level 5:colcon.colcon_core.verb:set package 'rtabmap_launch' build argument 'catkin_cmake_args' from command line to 'None'
[0.260s] Level 5:colcon.colcon_core.verb:set package 'rtabmap_launch' build argument 'catkin_skip_building_tests' from command line to 'False'
[0.260s] DEBUG:colcon.colcon_core.verb:Building package 'rtabmap_launch' with the following arguments: {'ament_cmake_args': None, 'build_base': '/home/brace/codeSpace/navi/build/rtabmap_launch', 'catkin_cmake_args': None, 'catkin_skip_building_tests': False, 'cmake_args': None, 'cmake_clean_cache': False, 'cmake_clean_first': False, 'cmake_force_configure': False, 'cmake_target': None, 'cmake_target_skip_unavailable': False, 'install_base': '/home/brace/codeSpace/navi/install/rtabmap_launch', 'merge_install': False, 'path': '/home/brace/codeSpace/navi/src/rtabmap_ros/rtabmap_launch', 'symlink_install': False, 'test_result_base': None}
[0.260s] Level 5:colcon.colcon_core.verb:set package 'rtabmap_ros' build argument 'cmake_args' from command line to 'None'
[0.260s] Level 5:colcon.colcon_core.verb:set package 'rtabmap_ros' build argument 'cmake_target' from command line to 'None'
[0.260s] Level 5:colcon.colcon_core.verb:set package 'rtabmap_ros' build argument 'cmake_target_skip_unavailable' from command line to 'False'
[0.260s] Level 5:colcon.colcon_core.verb:set package 'rtabmap_ros' build argument 'cmake_clean_cache' from command line to 'False'
[0.260s] Level 5:colcon.colcon_core.verb:set package 'rtabmap_ros' build argument 'cmake_clean_first' from command line to 'False'
[0.260s] Level 5:colcon.colcon_core.verb:set package 'rtabmap_ros' build argument 'cmake_force_configure' from command line to 'False'
[0.260s] Level 5:colcon.colcon_core.verb:set package 'rtabmap_ros' build argument 'ament_cmake_args' from command line to 'None'
[0.260s] Level 5:colcon.colcon_core.verb:set package 'rtabmap_ros' build argument 'catkin_cmake_args' from command line to 'None'
[0.260s] Level 5:colcon.colcon_core.verb:set package 'rtabmap_ros' build argument 'catkin_skip_building_tests' from command line to 'False'
[0.260s] DEBUG:colcon.colcon_core.verb:Building package 'rtabmap_ros' with the following arguments: {'ament_cmake_args': None, 'build_base': '/home/brace/codeSpace/navi/build/rtabmap_ros', 'catkin_cmake_args': None, 'catkin_skip_building_tests': False, 'cmake_args': None, 'cmake_clean_cache': False, 'cmake_clean_first': False, 'cmake_force_configure': False, 'cmake_target': None, 'cmake_target_skip_unavailable': False, 'install_base': '/home/brace/codeSpace/navi/install/rtabmap_ros', 'merge_install': False, 'path': '/home/brace/codeSpace/navi/src/rtabmap_ros/rtabmap_ros', 'symlink_install': False, 'test_result_base': None}
[0.260s] INFO:colcon.colcon_core.executor:Executing jobs using 'parallel' executor
[0.261s] DEBUG:colcon.colcon_parallel_executor.executor.parallel:run_until_complete
[0.261s] INFO:colcon.colcon_ros.task.cmake.build:Building ROS package in '/home/brace/codeSpace/navi/src/rtabmap' with build type 'cmake'
[0.262s] INFO:colcon.colcon_cmake.task.cmake.build:Building CMake package in '/home/brace/codeSpace/navi/src/rtabmap'
[0.263s] INFO:colcon.colcon_core.plugin_system:Skipping extension 'colcon_core.shell.bat': Not used on non-Windows systems
[0.263s] INFO:colcon.colcon_core.shell:Skip shell extension 'powershell' for command environment: Not usable outside of PowerShell
[0.264s] DEBUG:colcon.colcon_core.shell:Skip shell extension 'dsv' for command environment
[0.266s] INFO:colcon.colcon_ros.task.ament_cmake.build:Building ROS package in '/home/brace/codeSpace/navi/src/rtabmap_ros/rtabmap_msgs' with build type 'ament_cmake'
[0.266s] INFO:colcon.colcon_cmake.task.cmake.build:Building CMake package in '/home/brace/codeSpace/navi/src/rtabmap_ros/rtabmap_msgs'
[0.266s] INFO:colcon.colcon_core.shell:Skip shell extension 'powershell' for command environment: Not usable outside of PowerShell
[0.266s] DEBUG:colcon.colcon_core.shell:Skip shell extension 'dsv' for command environment
[0.269s] INFO:colcon.colcon_ros.task.ament_python.build:Building ROS package in '/home/brace/codeSpace/navi/src/rtabmap_ros/rtabmap_python' with build type 'ament_python'
[0.269s] Level 1:colcon.colcon_core.shell:create_environment_hook('rtabmap_python', 'ament_prefix_path')
[0.269s] INFO:colcon.colcon_core.shell:Creating environment hook '/home/brace/codeSpace/navi/install/rtabmap_python/share/rtabmap_python/hook/ament_prefix_path.ps1'
[0.270s] INFO:colcon.colcon_core.shell:Creating environment descriptor '/home/brace/codeSpace/navi/install/rtabmap_python/share/rtabmap_python/hook/ament_prefix_path.dsv'
[0.270s] INFO:colcon.colcon_core.shell:Creating environment hook '/home/brace/codeSpace/navi/install/rtabmap_python/share/rtabmap_python/hook/ament_prefix_path.sh'
[0.270s] INFO:colcon.colcon_core.shell:Skip shell extension 'powershell' for command environment: Not usable outside of PowerShell
[0.270s] DEBUG:colcon.colcon_core.shell:Skip shell extension 'dsv' for command environment
[0.273s] INFO:colcon.colcon_ros.task.ament_cmake.build:Building ROS package in '/home/brace/codeSpace/navi/src/realsense-ros/realsense2_description' with build type 'ament_cmake'
[0.273s] INFO:colcon.colcon_cmake.task.cmake.build:Building CMake package in '/home/brace/codeSpace/navi/src/realsense-ros/realsense2_description'
[0.273s] INFO:colcon.colcon_core.shell:Skip shell extension 'powershell' for command environment: Not usable outside of PowerShell
[0.273s] DEBUG:colcon.colcon_core.shell:Skip shell extension 'dsv' for command environment
[0.276s] INFO:colcon.colcon_ros.task.ament_python.build:Building ROS package in '/home/brace/codeSpace/navi/src/realsense-ros/realsense2_ros_mqtt_bridge' with build type 'ament_python'
[0.276s] Level 1:colcon.colcon_core.shell:create_environment_hook('realsense2_ros_mqtt_bridge', 'ament_prefix_path')
[0.276s] INFO:colcon.colcon_core.shell:Creating environment hook '/home/brace/codeSpace/navi/install/realsense2_ros_mqtt_bridge/share/realsense2_ros_mqtt_bridge/hook/ament_prefix_path.ps1'
[0.277s] INFO:colcon.colcon_core.shell:Creating environment descriptor '/home/brace/codeSpace/navi/install/realsense2_ros_mqtt_bridge/share/realsense2_ros_mqtt_bridge/hook/ament_prefix_path.dsv'
[0.277s] INFO:colcon.colcon_core.shell:Creating environment hook '/home/brace/codeSpace/navi/install/realsense2_ros_mqtt_bridge/share/realsense2_ros_mqtt_bridge/hook/ament_prefix_path.sh'
[0.277s] INFO:colcon.colcon_core.shell:Skip shell extension 'powershell' for command environment: Not usable outside of PowerShell
[0.277s] DEBUG:colcon.colcon_core.shell:Skip shell extension 'dsv' for command environment
[0.280s] INFO:colcon.colcon_ros.task.ament_cmake.build:Building ROS package in '/home/brace/codeSpace/navi/src/realsense-ros/realsense2_rgbd_plugin' with build type 'ament_cmake'
[0.280s] INFO:colcon.colcon_cmake.task.cmake.build:Building CMake package in '/home/brace/codeSpace/navi/src/realsense-ros/realsense2_rgbd_plugin'
[0.280s] INFO:colcon.colcon_core.shell:Skip shell extension 'powershell' for command environment: Not usable outside of PowerShell
[0.280s] DEBUG:colcon.colcon_core.shell:Skip shell extension 'dsv' for command environment
[0.287s] DEBUG:colcon.colcon_core.event_handler.log_command:Invoking command in '/home/brace/codeSpace/navi/build/rtabmap': CMAKE_PREFIX_PATH=${CMAKE_PREFIX_PATH}:/home/brace/codeSpace/navi/install/rtabmap_python:/home/brace/codeSpace/navi/install/realsense2_ros_mqtt_bridge:/opt/ros/humble /usr/bin/cmake --build /home/brace/codeSpace/navi/build/rtabmap -- -j16 -l16
[0.291s] DEBUG:colcon.colcon_core.event_handler.log_command:Invoking command in '/home/brace/codeSpace/navi/build/rtabmap_msgs': CMAKE_PREFIX_PATH=${CMAKE_PREFIX_PATH}:/home/brace/codeSpace/navi/install/rtabmap_python:/home/brace/codeSpace/navi/install/realsense2_ros_mqtt_bridge:/opt/ros/humble /usr/bin/cmake --build /home/brace/codeSpace/navi/build/rtabmap_msgs -- -j16 -l16
[0.459s] INFO:colcon.colcon_core.task.python.build:Building Python package in '/home/brace/codeSpace/navi/src/rtabmap_ros/rtabmap_python'
[0.460s] INFO:colcon.colcon_core.shell:Skip shell extension 'powershell' for command environment: Not usable outside of PowerShell
[0.460s] DEBUG:colcon.colcon_core.shell:Skip shell extension 'dsv' for command environment
[0.465s] DEBUG:colcon.colcon_core.event_handler.log_command:Invoking command in '/home/brace/codeSpace/navi/build/realsense2_description': CMAKE_PREFIX_PATH=${CMAKE_PREFIX_PATH}:/home/brace/codeSpace/navi/install/rtabmap_python:/home/brace/codeSpace/navi/install/realsense2_ros_mqtt_bridge:/opt/ros/humble /usr/bin/cmake --build /home/brace/codeSpace/navi/build/realsense2_description -- -j16 -l16
[0.639s] INFO:colcon.colcon_core.task.python.build:Building Python package in '/home/brace/codeSpace/navi/src/realsense-ros/realsense2_ros_mqtt_bridge'
[0.640s] INFO:colcon.colcon_core.shell:Skip shell extension 'powershell' for command environment: Not usable outside of PowerShell
[0.640s] DEBUG:colcon.colcon_core.shell:Skip shell extension 'dsv' for command environment
[0.649s] DEBUG:colcon.colcon_core.event_handler.log_command:Invoked command in '/home/brace/codeSpace/navi/build/rtabmap_msgs' returned '0': CMAKE_PREFIX_PATH=${CMAKE_PREFIX_PATH}:/home/brace/codeSpace/navi/install/rtabmap_python:/home/brace/codeSpace/navi/install/realsense2_ros_mqtt_bridge:/opt/ros/humble /usr/bin/cmake --build /home/brace/codeSpace/navi/build/rtabmap_msgs -- -j16 -l16
[0.654s] DEBUG:colcon.colcon_core.event_handler.log_command:Invoking command in '/home/brace/codeSpace/navi/build/rtabmap_msgs': CMAKE_PREFIX_PATH=${CMAKE_PREFIX_PATH}:/home/brace/codeSpace/navi/install/rtabmap_python:/home/brace/codeSpace/navi/install/realsense2_ros_mqtt_bridge:/opt/ros/humble /usr/bin/cmake --install /home/brace/codeSpace/navi/build/rtabmap_msgs
[0.673s] DEBUG:colcon.colcon_core.event_handler.log_command:Invoking command in '/home/brace/codeSpace/navi/build/realsense2_rviz_plugin': CMAKE_PREFIX_PATH=${CMAKE_PREFIX_PATH}:/home/brace/codeSpace/navi/install/rtabmap_python:/home/brace/codeSpace/navi/install/realsense2_ros_mqtt_bridge:/opt/ros/humble /usr/bin/cmake --build /home/brace/codeSpace/navi/build/realsense2_rviz_plugin -- -j16 -l16
[0.674s] DEBUG:colcon.colcon_core.event_handler.log_command:Invoked command in '/home/brace/codeSpace/navi/build/realsense2_description' returned '0': CMAKE_PREFIX_PATH=${CMAKE_PREFIX_PATH}:/home/brace/codeSpace/navi/install/rtabmap_python:/home/brace/codeSpace/navi/install/realsense2_ros_mqtt_bridge:/opt/ros/humble /usr/bin/cmake --build /home/brace/codeSpace/navi/build/realsense2_description -- -j16 -l16
[0.677s] DEBUG:colcon.colcon_core.event_handler.log_command:Invoking command in '/home/brace/codeSpace/navi/build/realsense2_description': CMAKE_PREFIX_PATH=${CMAKE_PREFIX_PATH}:/home/brace/codeSpace/navi/install/rtabmap_python:/home/brace/codeSpace/navi/install/realsense2_ros_mqtt_bridge:/opt/ros/humble /usr/bin/cmake --install /home/brace/codeSpace/navi/build/realsense2_description
[0.687s] Level 1:colcon.colcon_core.environment:create_environment_scripts_only(realsense2_description)
[0.692s] Level 1:colcon.colcon_core.environment:checking '/home/brace/codeSpace/navi/install/realsense2_description' for CMake module files
[0.694s] Level 1:colcon.colcon_core.environment:checking '/home/brace/codeSpace/navi/install/realsense2_description' for CMake config files
[0.699s] Level 1:colcon.colcon_core.shell:create_environment_hook('realsense2_description', 'cmake_prefix_path')
[0.699s] INFO:colcon.colcon_core.shell:Creating environment hook '/home/brace/codeSpace/navi/install/realsense2_description/share/realsense2_description/hook/cmake_prefix_path.ps1'
[0.702s] DEBUG:colcon.colcon_core.event_handler.log_command:Invoked command in '/home/brace/codeSpace/navi/build/realsense2_description' returned '0': CMAKE_PREFIX_PATH=${CMAKE_PREFIX_PATH}:/home/brace/codeSpace/navi/install/rtabmap_python:/home/brace/codeSpace/navi/install/realsense2_ros_mqtt_bridge:/opt/ros/humble /usr/bin/cmake --install /home/brace/codeSpace/navi/build/realsense2_description
[0.703s] INFO:colcon.colcon_core.shell:Creating environment descriptor '/home/brace/codeSpace/navi/install/realsense2_description/share/realsense2_description/hook/cmake_prefix_path.dsv'
[0.707s] INFO:colcon.colcon_core.shell:Creating environment hook '/home/brace/codeSpace/navi/install/realsense2_description/share/realsense2_description/hook/cmake_prefix_path.sh'
[0.710s] Level 1:colcon.colcon_core.environment:checking '/home/brace/codeSpace/navi/install/realsense2_description/bin'
[0.710s] Level 1:colcon.colcon_core.environment:checking '/home/brace/codeSpace/navi/install/realsense2_description/lib/pkgconfig/realsense2_description.pc'
[0.712s] Level 1:colcon.colcon_core.environment:checking '/home/brace/codeSpace/navi/install/realsense2_description/lib/python3.10/site-packages'
[0.712s] Level 1:colcon.colcon_core.environment:checking '/home/brace/codeSpace/navi/install/realsense2_description/bin'
[0.713s] INFO:colcon.colcon_core.shell:Creating package script '/home/brace/codeSpace/navi/install/realsense2_description/share/realsense2_description/package.ps1'
[0.717s] INFO:colcon.colcon_core.shell:Creating package descriptor '/home/brace/codeSpace/navi/install/realsense2_description/share/realsense2_description/package.dsv'
[0.719s] INFO:colcon.colcon_core.shell:Creating package script '/home/brace/codeSpace/navi/install/realsense2_description/share/realsense2_description/package.sh'
[0.722s] INFO:colcon.colcon_core.shell:Creating package script '/home/brace/codeSpace/navi/install/realsense2_description/share/realsense2_description/package.bash'
[0.725s] INFO:colcon.colcon_core.shell:Creating package script '/home/brace/codeSpace/navi/install/realsense2_description/share/realsense2_description/package.zsh'
[0.726s] Level 1:colcon.colcon_core.environment:create_file_with_runtime_dependencies(/home/brace/codeSpace/navi/install/realsense2_description/share/colcon-core/packages/realsense2_description)
[0.728s] Level 1:colcon.colcon_core.environment:create_environment_scripts_only(realsense2_description)
[0.728s] Level 1:colcon.colcon_core.environment:checking '/home/brace/codeSpace/navi/install/realsense2_description' for CMake module files
[0.730s] Level 1:colcon.colcon_core.environment:checking '/home/brace/codeSpace/navi/install/realsense2_description' for CMake config files
[0.743s] Level 1:colcon.colcon_core.shell:create_environment_hook('realsense2_description', 'cmake_prefix_path')
[0.744s] INFO:colcon.colcon_core.shell:Creating environment hook '/home/brace/codeSpace/navi/install/realsense2_description/share/realsense2_description/hook/cmake_prefix_path.ps1'
[0.746s] INFO:colcon.colcon_core.shell:Creating environment descriptor '/home/brace/codeSpace/navi/install/realsense2_description/share/realsense2_description/hook/cmake_prefix_path.dsv'
[0.747s] INFO:colcon.colcon_core.shell:Creating environment hook '/home/brace/codeSpace/navi/install/realsense2_description/share/realsense2_description/hook/cmake_prefix_path.sh'
[0.747s] Level 1:colcon.colcon_core.environment:checking '/home/brace/codeSpace/navi/install/realsense2_description/bin'
[0.747s] Level 1:colcon.colcon_core.environment:checking '/home/brace/codeSpace/navi/install/realsense2_description/lib/pkgconfig/realsense2_description.pc'
[0.748s] Level 1:colcon.colcon_core.environment:checking '/home/brace/codeSpace/navi/install/realsense2_description/lib/python3.10/site-packages'
[0.748s] Level 1:colcon.colcon_core.environment:checking '/home/brace/codeSpace/navi/install/realsense2_description/bin'
[0.748s] INFO:colcon.colcon_core.shell:Creating package script '/home/brace/codeSpace/navi/install/realsense2_description/share/realsense2_description/package.ps1'
[0.749s] INFO:colcon.colcon_core.shell:Creating package descriptor '/home/brace/codeSpace/navi/install/realsense2_description/share/realsense2_description/package.dsv'
[0.749s] INFO:colcon.colcon_core.shell:Creating package script '/home/brace/codeSpace/navi/install/realsense2_description/share/realsense2_description/package.sh'
[0.749s] INFO:colcon.colcon_core.shell:Creating package script '/home/brace/codeSpace/navi/install/realsense2_description/share/realsense2_description/package.bash'
[0.750s] INFO:colcon.colcon_core.shell:Creating package script '/home/brace/codeSpace/navi/install/realsense2_description/share/realsense2_description/package.zsh'
[0.750s] Level 1:colcon.colcon_core.environment:create_file_with_runtime_dependencies(/home/brace/codeSpace/navi/install/realsense2_description/share/colcon-core/packages/realsense2_description)
[0.752s] DEBUG:colcon.colcon_core.event_handler.log_command:Invoked command in '/home/brace/codeSpace/navi/build/realsense2_rviz_plugin' returned '0': CMAKE_PREFIX_PATH=${CMAKE_PREFIX_PATH}:/home/brace/codeSpace/navi/install/rtabmap_python:/home/brace/codeSpace/navi/install/realsense2_ros_mqtt_bridge:/opt/ros/humble /usr/bin/cmake --build /home/brace/codeSpace/navi/build/realsense2_rviz_plugin -- -j16 -l16
[0.754s] DEBUG:colcon.colcon_core.event_handler.log_command:Invoking command in '/home/brace/codeSpace/navi/build/realsense2_rviz_plugin': CMAKE_PREFIX_PATH=${CMAKE_PREFIX_PATH}:/home/brace/codeSpace/navi/install/rtabmap_python:/home/brace/codeSpace/navi/install/realsense2_ros_mqtt_bridge:/opt/ros/humble /usr/bin/cmake --install /home/brace/codeSpace/navi/build/realsense2_rviz_plugin
[0.758s] DEBUG:colcon.colcon_core.event_handler.log_command:Invoked command in '/home/brace/codeSpace/navi/build/rtabmap' returned '0': CMAKE_PREFIX_PATH=${CMAKE_PREFIX_PATH}:/home/brace/codeSpace/navi/install/rtabmap_python:/home/brace/codeSpace/navi/install/realsense2_ros_mqtt_bridge:/opt/ros/humble /usr/bin/cmake --build /home/brace/codeSpace/navi/build/rtabmap -- -j16 -l16
[0.760s] DEBUG:colcon.colcon_core.event_handler.log_command:Invoking command in '/home/brace/codeSpace/navi/build/rtabmap': CMAKE_PREFIX_PATH=${CMAKE_PREFIX_PATH}:/home/brace/codeSpace/navi/install/rtabmap_python:/home/brace/codeSpace/navi/install/realsense2_ros_mqtt_bridge:/opt/ros/humble /usr/bin/cmake --install /home/brace/codeSpace/navi/build/rtabmap
[0.762s] Level 1:colcon.colcon_core.environment:create_environment_scripts_only(realsense2_rviz_plugin)
[0.762s] DEBUG:colcon.colcon_core.event_handler.log_command:Invoked command in '/home/brace/codeSpace/navi/build/realsense2_rviz_plugin' returned '0': CMAKE_PREFIX_PATH=${CMAKE_PREFIX_PATH}:/home/brace/codeSpace/navi/install/rtabmap_python:/home/brace/codeSpace/navi/install/realsense2_ros_mqtt_bridge:/opt/ros/humble /usr/bin/cmake --install /home/brace/codeSpace/navi/build/realsense2_rviz_plugin
[0.762s] Level 1:colcon.colcon_core.environment:checking '/home/brace/codeSpace/navi/install/realsense2_rviz_plugin' for CMake module files
[0.763s] Level 1:colcon.colcon_core.environment:checking '/home/brace/codeSpace/navi/install/realsense2_rviz_plugin' for CMake config files
[0.763s] Level 1:colcon.colcon_core.shell:create_environment_hook('realsense2_rviz_plugin', 'cmake_prefix_path')
[0.763s] INFO:colcon.colcon_core.shell:Creating environment hook '/home/brace/codeSpace/navi/install/realsense2_rviz_plugin/share/realsense2_rviz_plugin/hook/cmake_prefix_path.ps1'
[0.764s] INFO:colcon.colcon_core.shell:Creating environment descriptor '/home/brace/codeSpace/navi/install/realsense2_rviz_plugin/share/realsense2_rviz_plugin/hook/cmake_prefix_path.dsv'
[0.765s] INFO:colcon.colcon_core.shell:Creating environment hook '/home/brace/codeSpace/navi/install/realsense2_rviz_plugin/share/realsense2_rviz_plugin/hook/cmake_prefix_path.sh'
[0.765s] Level 1:colcon.colcon_core.environment:checking '/home/brace/codeSpace/navi/install/realsense2_rviz_plugin/bin'
[0.765s] Level 1:colcon.colcon_core.environment:checking '/home/brace/codeSpace/navi/install/realsense2_rviz_plugin/lib/pkgconfig/realsense2_rviz_plugin.pc'
[0.765s] Level 1:colcon.colcon_core.environment:checking '/home/brace/codeSpace/navi/install/realsense2_rviz_plugin/lib/python3.10/site-packages'
[0.766s] Level 1:colcon.colcon_core.environment:checking '/home/brace/codeSpace/navi/install/realsense2_rviz_plugin/bin'
[0.766s] INFO:colcon.colcon_core.shell:Creating package script '/home/brace/codeSpace/navi/install/realsense2_rviz_plugin/share/realsense2_rviz_plugin/package.ps1'
[0.767s] INFO:colcon.colcon_core.shell:Creating package descriptor '/home/brace/codeSpace/navi/install/realsense2_rviz_plugin/share/realsense2_rviz_plugin/package.dsv'
[0.767s] INFO:colcon.colcon_core.shell:Creating package script '/home/brace/codeSpace/navi/install/realsense2_rviz_plugin/share/realsense2_rviz_plugin/package.sh'
[0.769s] INFO:colcon.colcon_core.shell:Creating package script '/home/brace/codeSpace/navi/install/realsense2_rviz_plugin/share/realsense2_rviz_plugin/package.bash'
[0.770s] INFO:colcon.colcon_core.shell:Creating package script '/home/brace/codeSpace/navi/install/realsense2_rviz_plugin/share/realsense2_rviz_plugin/package.zsh'
[0.771s] Level 1:colcon.colcon_core.environment:create_file_with_runtime_dependencies(/home/brace/codeSpace/navi/install/realsense2_rviz_plugin/share/colcon-core/packages/realsense2_rviz_plugin)
[0.772s] Level 1:colcon.colcon_core.environment:create_environment_scripts_only(realsense2_rviz_plugin)
[0.772s] Level 1:colcon.colcon_core.environment:checking '/home/brace/codeSpace/navi/install/realsense2_rviz_plugin' for CMake module files
[0.773s] Level 1:colcon.colcon_core.environment:checking '/home/brace/codeSpace/navi/install/realsense2_rviz_plugin' for CMake config files
[0.774s] Level 1:colcon.colcon_core.shell:create_environment_hook('realsense2_rviz_plugin', 'cmake_prefix_path')
[0.774s] INFO:colcon.colcon_core.shell:Creating environment hook '/home/brace/codeSpace/navi/install/realsense2_rviz_plugin/share/realsense2_rviz_plugin/hook/cmake_prefix_path.ps1'
[0.775s] INFO:colcon.colcon_core.shell:Creating environment descriptor '/home/brace/codeSpace/navi/install/realsense2_rviz_plugin/share/realsense2_rviz_plugin/hook/cmake_prefix_path.dsv'
[0.779s] INFO:colcon.colcon_core.shell:Creating environment hook '/home/brace/codeSpace/navi/install/realsense2_rviz_plugin/share/realsense2_rviz_plugin/hook/cmake_prefix_path.sh'
[0.780s] Level 1:colcon.colcon_core.environment:checking '/home/brace/codeSpace/navi/install/realsense2_rviz_plugin/bin'
[0.780s] Level 1:colcon.colcon_core.environment:checking '/home/brace/codeSpace/navi/install/realsense2_rviz_plugin/lib/pkgconfig/realsense2_rviz_plugin.pc'
[0.780s] Level 1:colcon.colcon_core.environment:checking '/home/brace/codeSpace/navi/install/realsense2_rviz_plugin/lib/python3.10/site-packages'
[0.781s] Level 1:colcon.colcon_core.environment:checking '/home/brace/codeSpace/navi/install/realsense2_rviz_plugin/bin'
[0.781s] INFO:colcon.colcon_core.shell:Creating package script '/home/brace/codeSpace/navi/install/realsense2_rviz_plugin/share/realsense2_rviz_plugin/package.ps1'
[0.782s] INFO:colcon.colcon_core.shell:Creating package descriptor '/home/brace/codeSpace/navi/install/realsense2_rviz_plugin/share/realsense2_rviz_plugin/package.dsv'
[0.785s] INFO:colcon.colcon_core.shell:Creating package script '/home/brace/codeSpace/navi/install/realsense2_rviz_plugin/share/realsense2_rviz_plugin/package.sh'
[0.786s] INFO:colcon.colcon_core.shell:Creating package script '/home/brace/codeSpace/navi/install/realsense2_rviz_plugin/share/realsense2_rviz_plugin/package.bash'
[0.788s] INFO:colcon.colcon_core.shell:Creating package script '/home/brace/codeSpace/navi/install/realsense2_rviz_plugin/share/realsense2_rviz_plugin/package.zsh'
[0.792s] Level 1:colcon.colcon_core.environment:create_file_with_runtime_dependencies(/home/brace/codeSpace/navi/install/realsense2_rviz_plugin/share/colcon-core/packages/realsense2_rviz_plugin)
[0.796s] Level 1:colcon.colcon_core.environment:create_environment_scripts_only(rtabmap_msgs)
[0.797s] Level 1:colcon.colcon_core.environment:checking '/home/brace/codeSpace/navi/install/rtabmap_msgs' for CMake module files
[0.799s] Level 1:colcon.colcon_core.environment:checking '/home/brace/codeSpace/navi/install/rtabmap_msgs' for CMake config files
[0.808s] DEBUG:colcon.colcon_core.event_handler.log_command:Invoked command in '/home/brace/codeSpace/navi/build/rtabmap_msgs' returned '0': CMAKE_PREFIX_PATH=${CMAKE_PREFIX_PATH}:/home/brace/codeSpace/navi/install/rtabmap_python:/home/brace/codeSpace/navi/install/realsense2_ros_mqtt_bridge:/opt/ros/humble /usr/bin/cmake --install /home/brace/codeSpace/navi/build/rtabmap_msgs
[0.809s] Level 1:colcon.colcon_core.shell:create_environment_hook('rtabmap_msgs', 'cmake_prefix_path')
[0.809s] INFO:colcon.colcon_core.shell:Creating environment hook '/home/brace/codeSpace/navi/install/rtabmap_msgs/share/rtabmap_msgs/hook/cmake_prefix_path.ps1'
[0.810s] INFO:colcon.colcon_core.shell:Creating environment descriptor '/home/brace/codeSpace/navi/install/rtabmap_msgs/share/rtabmap_msgs/hook/cmake_prefix_path.dsv'
[0.811s] INFO:colcon.colcon_core.shell:Creating environment hook '/home/brace/codeSpace/navi/install/rtabmap_msgs/share/rtabmap_msgs/hook/cmake_prefix_path.sh'
[0.812s] Level 1:colcon.colcon_core.environment:checking '/home/brace/codeSpace/navi/install/rtabmap_msgs/lib'
[0.812s] Level 1:colcon.colcon_core.shell:create_environment_hook('rtabmap_msgs', 'ld_library_path_lib')
[0.812s] INFO:colcon.colcon_core.shell:Creating environment hook '/home/brace/codeSpace/navi/install/rtabmap_msgs/share/rtabmap_msgs/hook/ld_library_path_lib.ps1'
[0.812s] INFO:colcon.colcon_core.shell:Creating environment descriptor '/home/brace/codeSpace/navi/install/rtabmap_msgs/share/rtabmap_msgs/hook/ld_library_path_lib.dsv'
[0.813s] INFO:colcon.colcon_core.shell:Creating environment hook '/home/brace/codeSpace/navi/install/rtabmap_msgs/share/rtabmap_msgs/hook/ld_library_path_lib.sh'
[0.813s] Level 1:colcon.colcon_core.environment:checking '/home/brace/codeSpace/navi/install/rtabmap_msgs/bin'
[0.813s] Level 1:colcon.colcon_core.environment:checking '/home/brace/codeSpace/navi/install/rtabmap_msgs/lib/pkgconfig/rtabmap_msgs.pc'
[0.813s] Level 1:colcon.colcon_core.environment:checking '/home/brace/codeSpace/navi/install/rtabmap_msgs/lib/python3.10/site-packages'
[0.813s] Level 1:colcon.colcon_core.environment:checking '/home/brace/codeSpace/navi/install/rtabmap_msgs/bin'
[0.814s] INFO:colcon.colcon_core.shell:Creating package script '/home/brace/codeSpace/navi/install/rtabmap_msgs/share/rtabmap_msgs/package.ps1'
[0.814s] INFO:colcon.colcon_core.shell:Creating package descriptor '/home/brace/codeSpace/navi/install/rtabmap_msgs/share/rtabmap_msgs/package.dsv'
[0.814s] INFO:colcon.colcon_core.shell:Creating package script '/home/brace/codeSpace/navi/install/rtabmap_msgs/share/rtabmap_msgs/package.sh'
[0.814s] INFO:colcon.colcon_core.shell:Creating package script '/home/brace/codeSpace/navi/install/rtabmap_msgs/share/rtabmap_msgs/package.bash'
[0.815s] INFO:colcon.colcon_core.shell:Creating package script '/home/brace/codeSpace/navi/install/rtabmap_msgs/share/rtabmap_msgs/package.zsh'
[0.815s] Level 1:colcon.colcon_core.environment:create_file_with_runtime_dependencies(/home/brace/codeSpace/navi/install/rtabmap_msgs/share/colcon-core/packages/rtabmap_msgs)
[0.815s] Level 1:colcon.colcon_core.environment:create_environment_scripts_only(rtabmap_msgs)
[0.815s] Level 1:colcon.colcon_core.environment:checking '/home/brace/codeSpace/navi/install/rtabmap_msgs' for CMake module files
[0.816s] Level 1:colcon.colcon_core.environment:checking '/home/brace/codeSpace/navi/install/rtabmap_msgs' for CMake config files
[0.820s] Level 1:colcon.colcon_core.shell:create_environment_hook('rtabmap_msgs', 'cmake_prefix_path')
[0.820s] INFO:colcon.colcon_core.shell:Creating environment hook '/home/brace/codeSpace/navi/install/rtabmap_msgs/share/rtabmap_msgs/hook/cmake_prefix_path.ps1'
[0.820s] INFO:colcon.colcon_core.shell:Creating environment descriptor '/home/brace/codeSpace/navi/install/rtabmap_msgs/share/rtabmap_msgs/hook/cmake_prefix_path.dsv'
[0.821s] INFO:colcon.colcon_core.shell:Creating environment hook '/home/brace/codeSpace/navi/install/rtabmap_msgs/share/rtabmap_msgs/hook/cmake_prefix_path.sh'
[0.821s] Level 1:colcon.colcon_core.environment:checking '/home/brace/codeSpace/navi/install/rtabmap_msgs/lib'
[0.821s] Level 1:colcon.colcon_core.shell:create_environment_hook('rtabmap_msgs', 'ld_library_path_lib')
[0.822s] INFO:colcon.colcon_core.shell:Creating environment hook '/home/brace/codeSpace/navi/install/rtabmap_msgs/share/rtabmap_msgs/hook/ld_library_path_lib.ps1'
[0.822s] INFO:colcon.colcon_core.shell:Creating environment descriptor '/home/brace/codeSpace/navi/install/rtabmap_msgs/share/rtabmap_msgs/hook/ld_library_path_lib.dsv'
[0.823s] INFO:colcon.colcon_core.shell:Creating environment hook '/home/brace/codeSpace/navi/install/rtabmap_msgs/share/rtabmap_msgs/hook/ld_library_path_lib.sh'
[0.823s] Level 1:colcon.colcon_core.environment:checking '/home/brace/codeSpace/navi/install/rtabmap_msgs/bin'
[0.823s] Level 1:colcon.colcon_core.environment:checking '/home/brace/codeSpace/navi/install/rtabmap_msgs/lib/pkgconfig/rtabmap_msgs.pc'
[0.823s] Level 1:colcon.colcon_core.environment:checking '/home/brace/codeSpace/navi/install/rtabmap_msgs/lib/python3.10/site-packages'
[0.824s] Level 1:colcon.colcon_core.environment:checking '/home/brace/codeSpace/navi/install/rtabmap_msgs/bin'
[0.824s] INFO:colcon.colcon_core.shell:Creating package script '/home/brace/codeSpace/navi/install/rtabmap_msgs/share/rtabmap_msgs/package.ps1'
[0.825s] INFO:colcon.colcon_core.shell:Creating package descriptor '/home/brace/codeSpace/navi/install/rtabmap_msgs/share/rtabmap_msgs/package.dsv'
[0.825s] INFO:colcon.colcon_core.shell:Creating package script '/home/brace/codeSpace/navi/install/rtabmap_msgs/share/rtabmap_msgs/package.sh'
[0.825s] INFO:colcon.colcon_core.shell:Creating package script '/home/brace/codeSpace/navi/install/rtabmap_msgs/share/rtabmap_msgs/package.bash'
[0.826s] INFO:colcon.colcon_core.shell:Creating package script '/home/brace/codeSpace/navi/install/rtabmap_msgs/share/rtabmap_msgs/package.zsh'
[0.826s] Level 1:colcon.colcon_core.environment:create_file_with_runtime_dependencies(/home/brace/codeSpace/navi/install/rtabmap_msgs/share/colcon-core/packages/rtabmap_msgs)
[0.827s] DEBUG:colcon.colcon_core.event_handler.log_command:Invoked command in '/home/brace/codeSpace/navi/build/rtabmap' returned '0': CMAKE_PREFIX_PATH=${CMAKE_PREFIX_PATH}:/home/brace/codeSpace/navi/install/rtabmap_python:/home/brace/codeSpace/navi/install/realsense2_ros_mqtt_bridge:/opt/ros/humble /usr/bin/cmake --install /home/brace/codeSpace/navi/build/rtabmap
[0.828s] Level 1:colcon.colcon_core.shell:create_environment_hook('rtabmap', 'pkg_config_path')
[0.828s] INFO:colcon.colcon_core.shell:Creating environment hook '/home/brace/codeSpace/navi/install/rtabmap/share/rtabmap/hook/pkg_config_path.ps1'
[0.828s] INFO:colcon.colcon_core.shell:Creating environment descriptor '/home/brace/codeSpace/navi/install/rtabmap/share/rtabmap/hook/pkg_config_path.dsv'
[0.828s] INFO:colcon.colcon_core.shell:Creating environment hook '/home/brace/codeSpace/navi/install/rtabmap/share/rtabmap/hook/pkg_config_path.sh'
[0.830s] Level 1:colcon.colcon_core.shell:create_environment_hook('rtabmap', 'pkg_config_path_multiarch')
[0.831s] INFO:colcon.colcon_core.shell:Creating environment hook '/home/brace/codeSpace/navi/install/rtabmap/share/rtabmap/hook/pkg_config_path_multiarch.ps1'
[0.831s] INFO:colcon.colcon_core.shell:Creating environment descriptor '/home/brace/codeSpace/navi/install/rtabmap/share/rtabmap/hook/pkg_config_path_multiarch.dsv'
[0.832s] INFO:colcon.colcon_core.shell:Creating environment hook '/home/brace/codeSpace/navi/install/rtabmap/share/rtabmap/hook/pkg_config_path_multiarch.sh'
[0.832s] Level 1:colcon.colcon_core.environment:create_environment_scripts_only(rtabmap)
[0.832s] Level 1:colcon.colcon_core.environment:checking '/home/brace/codeSpace/navi/install/rtabmap' for CMake module files
[0.833s] Level 1:colcon.colcon_core.environment:checking '/home/brace/codeSpace/navi/install/rtabmap' for CMake config files
[0.834s] Level 1:colcon.colcon_core.shell:create_environment_hook('rtabmap', 'cmake_prefix_path')
[0.834s] INFO:colcon.colcon_core.shell:Creating environment hook '/home/brace/codeSpace/navi/install/rtabmap/share/rtabmap/hook/cmake_prefix_path.ps1'
[0.834s] INFO:colcon.colcon_core.shell:Creating environment descriptor '/home/brace/codeSpace/navi/install/rtabmap/share/rtabmap/hook/cmake_prefix_path.dsv'
[0.835s] INFO:colcon.colcon_core.shell:Creating environment hook '/home/brace/codeSpace/navi/install/rtabmap/share/rtabmap/hook/cmake_prefix_path.sh'
[0.835s] Level 1:colcon.colcon_core.environment:checking '/home/brace/codeSpace/navi/install/rtabmap/lib'
[0.835s] Level 1:colcon.colcon_core.shell:create_environment_hook('rtabmap', 'ld_library_path_lib')
[0.836s] INFO:colcon.colcon_core.shell:Creating environment hook '/home/brace/codeSpace/navi/install/rtabmap/share/rtabmap/hook/ld_library_path_lib.ps1'
[0.836s] INFO:colcon.colcon_core.shell:Creating environment descriptor '/home/brace/codeSpace/navi/install/rtabmap/share/rtabmap/hook/ld_library_path_lib.dsv'
[0.837s] INFO:colcon.colcon_core.shell:Creating environment hook '/home/brace/codeSpace/navi/install/rtabmap/share/rtabmap/hook/ld_library_path_lib.sh'
[0.837s] Level 1:colcon.colcon_core.environment:checking '/home/brace/codeSpace/navi/install/rtabmap/bin'
[0.837s] Level 1:colcon.colcon_core.shell:create_environment_hook('rtabmap', 'path')
[0.837s] INFO:colcon.colcon_core.shell:Creating environment hook '/home/brace/codeSpace/navi/install/rtabmap/share/rtabmap/hook/path.ps1'
[0.838s] INFO:colcon.colcon_core.shell:Creating environment descriptor '/home/brace/codeSpace/navi/install/rtabmap/share/rtabmap/hook/path.dsv'
[0.838s] INFO:colcon.colcon_core.shell:Creating environment hook '/home/brace/codeSpace/navi/install/rtabmap/share/rtabmap/hook/path.sh'
[0.839s] Level 1:colcon.colcon_core.environment:checking '/home/brace/codeSpace/navi/install/rtabmap/lib/pkgconfig/rtabmap.pc'
[0.839s] Level 1:colcon.colcon_core.environment:checking '/home/brace/codeSpace/navi/install/rtabmap/lib/python3.10/site-packages'
[0.840s] Level 1:colcon.colcon_core.environment:checking '/home/brace/codeSpace/navi/install/rtabmap/bin'
[0.840s] Level 1:colcon.colcon_core.shell:create_environment_hook('rtabmap', 'pythonscriptspath')
[0.840s] INFO:colcon.colcon_core.shell:Creating environment hook '/home/brace/codeSpace/navi/install/rtabmap/share/rtabmap/hook/pythonscriptspath.ps1'
[0.841s] INFO:colcon.colcon_core.shell:Creating environment descriptor '/home/brace/codeSpace/navi/install/rtabmap/share/rtabmap/hook/pythonscriptspath.dsv'
[0.841s] INFO:colcon.colcon_core.shell:Creating environment hook '/home/brace/codeSpace/navi/install/rtabmap/share/rtabmap/hook/pythonscriptspath.sh'
[0.843s] INFO:colcon.colcon_core.shell:Creating package script '/home/brace/codeSpace/navi/install/rtabmap/share/rtabmap/package.ps1'
[0.844s] INFO:colcon.colcon_core.shell:Creating package descriptor '/home/brace/codeSpace/navi/install/rtabmap/share/rtabmap/package.dsv'
[0.845s] INFO:colcon.colcon_core.shell:Creating package script '/home/brace/codeSpace/navi/install/rtabmap/share/rtabmap/package.sh'
[0.846s] INFO:colcon.colcon_core.shell:Creating package script '/home/brace/codeSpace/navi/install/rtabmap/share/rtabmap/package.bash'
[0.846s] INFO:colcon.colcon_core.shell:Creating package script '/home/brace/codeSpace/navi/install/rtabmap/share/rtabmap/package.zsh'
[0.847s] Level 1:colcon.colcon_core.environment:create_file_with_runtime_dependencies(/home/brace/codeSpace/navi/install/rtabmap/share/colcon-core/packages/rtabmap)
[0.847s] INFO:colcon.colcon_ros.task.ament_cmake.build:Building ROS package in '/home/brace/codeSpace/navi/src/rtabmap_ros/rtabmap_conversions' with build type 'ament_cmake'
[0.847s] INFO:colcon.colcon_cmake.task.cmake.build:Building CMake package in '/home/brace/codeSpace/navi/src/rtabmap_ros/rtabmap_conversions'
[0.848s] INFO:colcon.colcon_core.shell:Skip shell extension 'powershell' for command environment: Not usable outside of PowerShell
[0.848s] DEBUG:colcon.colcon_core.shell:Skip shell extension 'dsv' for command environment
[0.863s] DEBUG:colcon.colcon_core.event_handler.log_command:Invoking command in '/home/brace/codeSpace/navi/build/rtabmap_conversions': CMAKE_PREFIX_PATH=/home/brace/codeSpace/navi/install/rtabmap_msgs:/home/brace/codeSpace/navi/install/rtabmap:/home/brace/codeSpace/navi/install/rtabmap_ros:/home/brace/codeSpace/navi/install/rtabmap_launch:/home/brace/codeSpace/navi/install/rtabmap_examples:/home/brace/codeSpace/navi/install/rtabmap_demos:/home/brace/codeSpace/navi/install/rtabmap_viz:/home/brace/codeSpace/navi/install/rtabmap_slam:/home/brace/codeSpace/navi/install/rtabmap_odom:/home/brace/codeSpace/navi/install/rtabmap_util:/home/brace/codeSpace/navi/install/rtabmap_sync:/home/brace/codeSpace/navi/install/rtabmap_rviz_plugins:/home/brace/codeSpace/navi/install/rtabmap_conversions:/home/brace/codeSpace/navi/install/realsense2_rviz_plugin:/home/brace/codeSpace/navi/install/realsense2_description:/home/brace/codeSpace/navi/install/rtabmap_python:/home/brace/codeSpace/navi/install/realsense2_ros_mqtt_bridge:/opt/ros/humble LD_LIBRARY_PATH=/home/brace/codeSpace/navi/install/rtabmap_msgs/lib:/home/brace/codeSpace/navi/install/rtabmap/lib:/home/brace/codeSpace/navi/install/rtabmap_slam/lib:/home/brace/codeSpace/navi/install/rtabmap_odom/lib:/home/brace/codeSpace/navi/install/rtabmap_util/lib:/home/brace/codeSpace/navi/install/rtabmap_sync/lib:/home/brace/codeSpace/navi/install/rtabmap_rviz_plugins/lib:/home/brace/codeSpace/navi/install/rtabmap_conversions/lib:/opt/ros/humble/opt/rviz_ogre_vendor/lib:/opt/ros/humble/lib/x86_64-linux-gnu:/opt/ros/humble/lib /usr/bin/cmake --build /home/brace/codeSpace/navi/build/rtabmap_conversions -- -j16 -l16
[0.943s] DEBUG:colcon.colcon_core.event_handler.log_command:Invoked command in '/home/brace/codeSpace/navi/build/rtabmap_conversions' returned '0': CMAKE_PREFIX_PATH=/home/brace/codeSpace/navi/install/rtabmap_msgs:/home/brace/codeSpace/navi/install/rtabmap:/home/brace/codeSpace/navi/install/rtabmap_ros:/home/brace/codeSpace/navi/install/rtabmap_launch:/home/brace/codeSpace/navi/install/rtabmap_examples:/home/brace/codeSpace/navi/install/rtabmap_demos:/home/brace/codeSpace/navi/install/rtabmap_viz:/home/brace/codeSpace/navi/install/rtabmap_slam:/home/brace/codeSpace/navi/install/rtabmap_odom:/home/brace/codeSpace/navi/install/rtabmap_util:/home/brace/codeSpace/navi/install/rtabmap_sync:/home/brace/codeSpace/navi/install/rtabmap_rviz_plugins:/home/brace/codeSpace/navi/install/rtabmap_conversions:/home/brace/codeSpace/navi/install/realsense2_rviz_plugin:/home/brace/codeSpace/navi/install/realsense2_description:/home/brace/codeSpace/navi/install/rtabmap_python:/home/brace/codeSpace/navi/install/realsense2_ros_mqtt_bridge:/opt/ros/humble LD_LIBRARY_PATH=/home/brace/codeSpace/navi/install/rtabmap_msgs/lib:/home/brace/codeSpace/navi/install/rtabmap/lib:/home/brace/codeSpace/navi/install/rtabmap_slam/lib:/home/brace/codeSpace/navi/install/rtabmap_odom/lib:/home/brace/codeSpace/navi/install/rtabmap_util/lib:/home/brace/codeSpace/navi/install/rtabmap_sync/lib:/home/brace/codeSpace/navi/install/rtabmap_rviz_plugins/lib:/home/brace/codeSpace/navi/install/rtabmap_conversions/lib:/opt/ros/humble/opt/rviz_ogre_vendor/lib:/opt/ros/humble/lib/x86_64-linux-gnu:/opt/ros/humble/lib /usr/bin/cmake --build /home/brace/codeSpace/navi/build/rtabmap_conversions -- -j16 -l16
[0.945s] DEBUG:colcon.colcon_core.event_handler.log_command:Invoking command in '/home/brace/codeSpace/navi/build/rtabmap_conversions': CMAKE_PREFIX_PATH=/home/brace/codeSpace/navi/install/rtabmap_msgs:/home/brace/codeSpace/navi/install/rtabmap:/home/brace/codeSpace/navi/install/rtabmap_ros:/home/brace/codeSpace/navi/install/rtabmap_launch:/home/brace/codeSpace/navi/install/rtabmap_examples:/home/brace/codeSpace/navi/install/rtabmap_demos:/home/brace/codeSpace/navi/install/rtabmap_viz:/home/brace/codeSpace/navi/install/rtabmap_slam:/home/brace/codeSpace/navi/install/rtabmap_odom:/home/brace/codeSpace/navi/install/rtabmap_util:/home/brace/codeSpace/navi/install/rtabmap_sync:/home/brace/codeSpace/navi/install/rtabmap_rviz_plugins:/home/brace/codeSpace/navi/install/rtabmap_conversions:/home/brace/codeSpace/navi/install/realsense2_rviz_plugin:/home/brace/codeSpace/navi/install/realsense2_description:/home/brace/codeSpace/navi/install/rtabmap_python:/home/brace/codeSpace/navi/install/realsense2_ros_mqtt_bridge:/opt/ros/humble LD_LIBRARY_PATH=/home/brace/codeSpace/navi/install/rtabmap_msgs/lib:/home/brace/codeSpace/navi/install/rtabmap/lib:/home/brace/codeSpace/navi/install/rtabmap_slam/lib:/home/brace/codeSpace/navi/install/rtabmap_odom/lib:/home/brace/codeSpace/navi/install/rtabmap_util/lib:/home/brace/codeSpace/navi/install/rtabmap_sync/lib:/home/brace/codeSpace/navi/install/rtabmap_rviz_plugins/lib:/home/brace/codeSpace/navi/install/rtabmap_conversions/lib:/opt/ros/humble/opt/rviz_ogre_vendor/lib:/opt/ros/humble/lib/x86_64-linux-gnu:/opt/ros/humble/lib /usr/bin/cmake --install /home/brace/codeSpace/navi/build/rtabmap_conversions
[0.953s] DEBUG:colcon.colcon_core.event_handler.log_command:Invoking command in '/home/brace/codeSpace/navi/src/rtabmap_ros/rtabmap_python': PYTHONPATH=/home/brace/codeSpace/navi/build/rtabmap_python/prefix_override:/usr/lib/python3/dist-packages/colcon_core/task/python/colcon_distutils_commands:/home/brace/codeSpace/navi/install/rtabmap_python/lib/python3.10/site-packages:${PYTHONPATH} /usr/bin/python3 -W ignore:setup.py install is deprecated -W ignore:easy_install command is deprecated setup.py egg_info --egg-base ../../../build/rtabmap_python build --build-base /home/brace/codeSpace/navi/build/rtabmap_python/build install --record /home/brace/codeSpace/navi/build/rtabmap_python/install.log --single-version-externally-managed install_data
[0.961s] DEBUG:colcon.colcon_core.event_handler.log_command:Invoking command in '/home/brace/codeSpace/navi/src/realsense-ros/realsense2_ros_mqtt_bridge': PYTHONPATH=/home/brace/codeSpace/navi/build/realsense2_ros_mqtt_bridge/prefix_override:/usr/lib/python3/dist-packages/colcon_core/task/python/colcon_distutils_commands:/home/brace/codeSpace/navi/install/realsense2_ros_mqtt_bridge/lib/python3.10/site-packages:${PYTHONPATH} /usr/bin/python3 -W ignore:setup.py install is deprecated -W ignore:easy_install command is deprecated setup.py egg_info --egg-base ../../../build/realsense2_ros_mqtt_bridge build --build-base /home/brace/codeSpace/navi/build/realsense2_ros_mqtt_bridge/build install --record /home/brace/codeSpace/navi/build/realsense2_ros_mqtt_bridge/install.log --single-version-externally-managed install_data
[0.966s] Level 1:colcon.colcon_core.environment:create_environment_scripts_only(rtabmap_conversions)
[0.967s] Level 1:colcon.colcon_core.environment:checking '/home/brace/codeSpace/navi/install/rtabmap_conversions' for CMake module files
[0.968s] DEBUG:colcon.colcon_core.event_handler.log_command:Invoked command in '/home/brace/codeSpace/navi/build/rtabmap_conversions' returned '0': CMAKE_PREFIX_PATH=/home/brace/codeSpace/navi/install/rtabmap_msgs:/home/brace/codeSpace/navi/install/rtabmap:/home/brace/codeSpace/navi/install/rtabmap_ros:/home/brace/codeSpace/navi/install/rtabmap_launch:/home/brace/codeSpace/navi/install/rtabmap_examples:/home/brace/codeSpace/navi/install/rtabmap_demos:/home/brace/codeSpace/navi/install/rtabmap_viz:/home/brace/codeSpace/navi/install/rtabmap_slam:/home/brace/codeSpace/navi/install/rtabmap_odom:/home/brace/codeSpace/navi/install/rtabmap_util:/home/brace/codeSpace/navi/install/rtabmap_sync:/home/brace/codeSpace/navi/install/rtabmap_rviz_plugins:/home/brace/codeSpace/navi/install/rtabmap_conversions:/home/brace/codeSpace/navi/install/realsense2_rviz_plugin:/home/brace/codeSpace/navi/install/realsense2_description:/home/brace/codeSpace/navi/install/rtabmap_python:/home/brace/codeSpace/navi/install/realsense2_ros_mqtt_bridge:/opt/ros/humble LD_LIBRARY_PATH=/home/brace/codeSpace/navi/install/rtabmap_msgs/lib:/home/brace/codeSpace/navi/install/rtabmap/lib:/home/brace/codeSpace/navi/install/rtabmap_slam/lib:/home/brace/codeSpace/navi/install/rtabmap_odom/lib:/home/brace/codeSpace/navi/install/rtabmap_util/lib:/home/brace/codeSpace/navi/install/rtabmap_sync/lib:/home/brace/codeSpace/navi/install/rtabmap_rviz_plugins/lib:/home/brace/codeSpace/navi/install/rtabmap_conversions/lib:/opt/ros/humble/opt/rviz_ogre_vendor/lib:/opt/ros/humble/lib/x86_64-linux-gnu:/opt/ros/humble/lib /usr/bin/cmake --install /home/brace/codeSpace/navi/build/rtabmap_conversions
[0.968s] Level 1:colcon.colcon_core.environment:checking '/home/brace/codeSpace/navi/install/rtabmap_conversions' for CMake config files
[0.969s] Level 1:colcon.colcon_core.shell:create_environment_hook('rtabmap_conversions', 'cmake_prefix_path')
[0.969s] INFO:colcon.colcon_core.shell:Creating environment hook '/home/brace/codeSpace/navi/install/rtabmap_conversions/share/rtabmap_conversions/hook/cmake_prefix_path.ps1'
[0.969s] INFO:colcon.colcon_core.shell:Creating environment descriptor '/home/brace/codeSpace/navi/install/rtabmap_conversions/share/rtabmap_conversions/hook/cmake_prefix_path.dsv'
[0.970s] INFO:colcon.colcon_core.shell:Creating environment hook '/home/brace/codeSpace/navi/install/rtabmap_conversions/share/rtabmap_conversions/hook/cmake_prefix_path.sh'
[0.970s] Level 1:colcon.colcon_core.environment:checking '/home/brace/codeSpace/navi/install/rtabmap_conversions/lib'
[0.970s] Level 1:colcon.colcon_core.shell:create_environment_hook('rtabmap_conversions', 'ld_library_path_lib')
[0.971s] INFO:colcon.colcon_core.shell:Creating environment hook '/home/brace/codeSpace/navi/install/rtabmap_conversions/share/rtabmap_conversions/hook/ld_library_path_lib.ps1'
[0.971s] INFO:colcon.colcon_core.shell:Creating environment descriptor '/home/brace/codeSpace/navi/install/rtabmap_conversions/share/rtabmap_conversions/hook/ld_library_path_lib.dsv'
[0.972s] INFO:colcon.colcon_core.shell:Creating environment hook '/home/brace/codeSpace/navi/install/rtabmap_conversions/share/rtabmap_conversions/hook/ld_library_path_lib.sh'
[0.972s] Level 1:colcon.colcon_core.environment:checking '/home/brace/codeSpace/navi/install/rtabmap_conversions/bin'
[0.972s] Level 1:colcon.colcon_core.environment:checking '/home/brace/codeSpace/navi/install/rtabmap_conversions/lib/pkgconfig/rtabmap_conversions.pc'
[0.973s] Level 1:colcon.colcon_core.environment:checking '/home/brace/codeSpace/navi/install/rtabmap_conversions/lib/python3.10/site-packages'
[0.973s] Level 1:colcon.colcon_core.environment:checking '/home/brace/codeSpace/navi/install/rtabmap_conversions/bin'
[0.974s] INFO:colcon.colcon_core.shell:Creating package script '/home/brace/codeSpace/navi/install/rtabmap_conversions/share/rtabmap_conversions/package.ps1'
[0.974s] INFO:colcon.colcon_core.shell:Creating package descriptor '/home/brace/codeSpace/navi/install/rtabmap_conversions/share/rtabmap_conversions/package.dsv'
[0.976s] INFO:colcon.colcon_core.shell:Creating package script '/home/brace/codeSpace/navi/install/rtabmap_conversions/share/rtabmap_conversions/package.sh'
[0.977s] INFO:colcon.colcon_core.shell:Creating package script '/home/brace/codeSpace/navi/install/rtabmap_conversions/share/rtabmap_conversions/package.bash'
[0.978s] INFO:colcon.colcon_core.shell:Creating package script '/home/brace/codeSpace/navi/install/rtabmap_conversions/share/rtabmap_conversions/package.zsh'
[0.979s] Level 1:colcon.colcon_core.environment:create_file_with_runtime_dependencies(/home/brace/codeSpace/navi/install/rtabmap_conversions/share/colcon-core/packages/rtabmap_conversions)
[0.980s] Level 1:colcon.colcon_core.environment:create_environment_scripts_only(rtabmap_conversions)
[0.980s] Level 1:colcon.colcon_core.environment:checking '/home/brace/codeSpace/navi/install/rtabmap_conversions' for CMake module files
[0.981s] Level 1:colcon.colcon_core.environment:checking '/home/brace/codeSpace/navi/install/rtabmap_conversions' for CMake config files
[0.981s] Level 1:colcon.colcon_core.shell:create_environment_hook('rtabmap_conversions', 'cmake_prefix_path')
[0.982s] INFO:colcon.colcon_core.shell:Creating environment hook '/home/brace/codeSpace/navi/install/rtabmap_conversions/share/rtabmap_conversions/hook/cmake_prefix_path.ps1'
[0.982s] INFO:colcon.colcon_core.shell:Creating environment descriptor '/home/brace/codeSpace/navi/install/rtabmap_conversions/share/rtabmap_conversions/hook/cmake_prefix_path.dsv'
[0.983s] INFO:colcon.colcon_core.shell:Creating environment hook '/home/brace/codeSpace/navi/install/rtabmap_conversions/share/rtabmap_conversions/hook/cmake_prefix_path.sh'
[0.984s] Level 1:colcon.colcon_core.environment:checking '/home/brace/codeSpace/navi/install/rtabmap_conversions/lib'
[0.984s] Level 1:colcon.colcon_core.shell:create_environment_hook('rtabmap_conversions', 'ld_library_path_lib')
[0.984s] INFO:colcon.colcon_core.shell:Creating environment hook '/home/brace/codeSpace/navi/install/rtabmap_conversions/share/rtabmap_conversions/hook/ld_library_path_lib.ps1'
[0.985s] INFO:colcon.colcon_core.shell:Creating environment descriptor '/home/brace/codeSpace/navi/install/rtabmap_conversions/share/rtabmap_conversions/hook/ld_library_path_lib.dsv'
[0.986s] INFO:colcon.colcon_core.shell:Creating environment hook '/home/brace/codeSpace/navi/install/rtabmap_conversions/share/rtabmap_conversions/hook/ld_library_path_lib.sh'
[0.986s] Level 1:colcon.colcon_core.environment:checking '/home/brace/codeSpace/navi/install/rtabmap_conversions/bin'
[0.987s] Level 1:colcon.colcon_core.environment:checking '/home/brace/codeSpace/navi/install/rtabmap_conversions/lib/pkgconfig/rtabmap_conversions.pc'
[0.987s] Level 1:colcon.colcon_core.environment:checking '/home/brace/codeSpace/navi/install/rtabmap_conversions/lib/python3.10/site-packages'
[0.987s] Level 1:colcon.colcon_core.environment:checking '/home/brace/codeSpace/navi/install/rtabmap_conversions/bin'
[0.988s] INFO:colcon.colcon_core.shell:Creating package script '/home/brace/codeSpace/navi/install/rtabmap_conversions/share/rtabmap_conversions/package.ps1'
[0.988s] INFO:colcon.colcon_core.shell:Creating package descriptor '/home/brace/codeSpace/navi/install/rtabmap_conversions/share/rtabmap_conversions/package.dsv'
[0.988s] INFO:colcon.colcon_core.shell:Creating package script '/home/brace/codeSpace/navi/install/rtabmap_conversions/share/rtabmap_conversions/package.sh'
[0.989s] INFO:colcon.colcon_core.shell:Creating package script '/home/brace/codeSpace/navi/install/rtabmap_conversions/share/rtabmap_conversions/package.bash'
[0.989s] INFO:colcon.colcon_core.shell:Creating package script '/home/brace/codeSpace/navi/install/rtabmap_conversions/share/rtabmap_conversions/package.zsh'
[0.989s] Level 1:colcon.colcon_core.environment:create_file_with_runtime_dependencies(/home/brace/codeSpace/navi/install/rtabmap_conversions/share/colcon-core/packages/rtabmap_conversions)
[0.990s] INFO:colcon.colcon_ros.task.ament_cmake.build:Building ROS package in '/home/brace/codeSpace/navi/src/rtabmap_ros/rtabmap_sync' with build type 'ament_cmake'
[0.990s] INFO:colcon.colcon_cmake.task.cmake.build:Building CMake package in '/home/brace/codeSpace/navi/src/rtabmap_ros/rtabmap_sync'
[0.990s] INFO:colcon.colcon_core.shell:Skip shell extension 'powershell' for command environment: Not usable outside of PowerShell
[0.990s] DEBUG:colcon.colcon_core.shell:Skip shell extension 'dsv' for command environment
[0.993s] INFO:colcon.colcon_ros.task.ament_cmake.build:Building ROS package in '/home/brace/codeSpace/navi/src/rtabmap_ros/rtabmap_util' with build type 'ament_cmake'
[0.994s] INFO:colcon.colcon_cmake.task.cmake.build:Building CMake package in '/home/brace/codeSpace/navi/src/rtabmap_ros/rtabmap_util'
[0.994s] INFO:colcon.colcon_core.shell:Skip shell extension 'powershell' for command environment: Not usable outside of PowerShell
[0.994s] DEBUG:colcon.colcon_core.shell:Skip shell extension 'dsv' for command environment
[0.996s] INFO:colcon.colcon_ros.task.ament_cmake.build:Building ROS package in '/home/brace/codeSpace/navi/src/rtabmap_ros/rtabmap_rviz_plugins' with build type 'ament_cmake'
[0.996s] INFO:colcon.colcon_cmake.task.cmake.build:Building CMake package in '/home/brace/codeSpace/navi/src/rtabmap_ros/rtabmap_rviz_plugins'
[0.996s] INFO:colcon.colcon_core.shell:Skip shell extension 'powershell' for command environment: Not usable outside of PowerShell
[0.996s] DEBUG:colcon.colcon_core.shell:Skip shell extension 'dsv' for command environment
[1.005s] DEBUG:colcon.colcon_core.event_handler.log_command:Invoking command in '/home/brace/codeSpace/navi/build/rtabmap_sync': CMAKE_PREFIX_PATH=/home/brace/codeSpace/navi/install/rtabmap_conversions:/home/brace/codeSpace/navi/install/rtabmap_msgs:/home/brace/codeSpace/navi/install/rtabmap:/home/brace/codeSpace/navi/install/rtabmap_ros:/home/brace/codeSpace/navi/install/rtabmap_launch:/home/brace/codeSpace/navi/install/rtabmap_examples:/home/brace/codeSpace/navi/install/rtabmap_demos:/home/brace/codeSpace/navi/install/rtabmap_viz:/home/brace/codeSpace/navi/install/rtabmap_slam:/home/brace/codeSpace/navi/install/rtabmap_odom:/home/brace/codeSpace/navi/install/rtabmap_util:/home/brace/codeSpace/navi/install/rtabmap_sync:/home/brace/codeSpace/navi/install/rtabmap_rviz_plugins:/home/brace/codeSpace/navi/install/realsense2_rviz_plugin:/home/brace/codeSpace/navi/install/realsense2_description:/home/brace/codeSpace/navi/install/rtabmap_python:/home/brace/codeSpace/navi/install/realsense2_ros_mqtt_bridge:/opt/ros/humble LD_LIBRARY_PATH=/home/brace/codeSpace/navi/install/rtabmap_conversions/lib:/home/brace/codeSpace/navi/install/rtabmap_msgs/lib:/home/brace/codeSpace/navi/install/rtabmap/lib:/home/brace/codeSpace/navi/install/rtabmap_slam/lib:/home/brace/codeSpace/navi/install/rtabmap_odom/lib:/home/brace/codeSpace/navi/install/rtabmap_util/lib:/home/brace/codeSpace/navi/install/rtabmap_sync/lib:/home/brace/codeSpace/navi/install/rtabmap_rviz_plugins/lib:/opt/ros/humble/opt/rviz_ogre_vendor/lib:/opt/ros/humble/lib/x86_64-linux-gnu:/opt/ros/humble/lib /usr/bin/cmake --build /home/brace/codeSpace/navi/build/rtabmap_sync -- -j16 -l16
[1.009s] DEBUG:colcon.colcon_core.event_handler.log_command:Invoking command in '/home/brace/codeSpace/navi/build/rtabmap_util': CMAKE_PREFIX_PATH=/home/brace/codeSpace/navi/install/rtabmap_conversions:/home/brace/codeSpace/navi/install/rtabmap_msgs:/home/brace/codeSpace/navi/install/rtabmap:/home/brace/codeSpace/navi/install/rtabmap_ros:/home/brace/codeSpace/navi/install/rtabmap_launch:/home/brace/codeSpace/navi/install/rtabmap_examples:/home/brace/codeSpace/navi/install/rtabmap_demos:/home/brace/codeSpace/navi/install/rtabmap_viz:/home/brace/codeSpace/navi/install/rtabmap_slam:/home/brace/codeSpace/navi/install/rtabmap_odom:/home/brace/codeSpace/navi/install/rtabmap_util:/home/brace/codeSpace/navi/install/rtabmap_sync:/home/brace/codeSpace/navi/install/rtabmap_rviz_plugins:/home/brace/codeSpace/navi/install/realsense2_rviz_plugin:/home/brace/codeSpace/navi/install/realsense2_description:/home/brace/codeSpace/navi/install/rtabmap_python:/home/brace/codeSpace/navi/install/realsense2_ros_mqtt_bridge:/opt/ros/humble LD_LIBRARY_PATH=/home/brace/codeSpace/navi/install/rtabmap_conversions/lib:/home/brace/codeSpace/navi/install/rtabmap_msgs/lib:/home/brace/codeSpace/navi/install/rtabmap/lib:/home/brace/codeSpace/navi/install/rtabmap_slam/lib:/home/brace/codeSpace/navi/install/rtabmap_odom/lib:/home/brace/codeSpace/navi/install/rtabmap_util/lib:/home/brace/codeSpace/navi/install/rtabmap_sync/lib:/home/brace/codeSpace/navi/install/rtabmap_rviz_plugins/lib:/opt/ros/humble/opt/rviz_ogre_vendor/lib:/opt/ros/humble/lib/x86_64-linux-gnu:/opt/ros/humble/lib /usr/bin/cmake --build /home/brace/codeSpace/navi/build/rtabmap_util -- -j16 -l16
[1.012s] DEBUG:colcon.colcon_core.event_handler.log_command:Invoking command in '/home/brace/codeSpace/navi/build/rtabmap_rviz_plugins': CMAKE_PREFIX_PATH=/home/brace/codeSpace/navi/install/rtabmap_conversions:/home/brace/codeSpace/navi/install/rtabmap_msgs:/home/brace/codeSpace/navi/install/rtabmap:/home/brace/codeSpace/navi/install/rtabmap_ros:/home/brace/codeSpace/navi/install/rtabmap_launch:/home/brace/codeSpace/navi/install/rtabmap_examples:/home/brace/codeSpace/navi/install/rtabmap_demos:/home/brace/codeSpace/navi/install/rtabmap_viz:/home/brace/codeSpace/navi/install/rtabmap_slam:/home/brace/codeSpace/navi/install/rtabmap_odom:/home/brace/codeSpace/navi/install/rtabmap_util:/home/brace/codeSpace/navi/install/rtabmap_sync:/home/brace/codeSpace/navi/install/rtabmap_rviz_plugins:/home/brace/codeSpace/navi/install/realsense2_rviz_plugin:/home/brace/codeSpace/navi/install/realsense2_description:/home/brace/codeSpace/navi/install/rtabmap_python:/home/brace/codeSpace/navi/install/realsense2_ros_mqtt_bridge:/opt/ros/humble LD_LIBRARY_PATH=/home/brace/codeSpace/navi/install/rtabmap_conversions/lib:/home/brace/codeSpace/navi/install/rtabmap_msgs/lib:/home/brace/codeSpace/navi/install/rtabmap/lib:/home/brace/codeSpace/navi/install/rtabmap_slam/lib:/home/brace/codeSpace/navi/install/rtabmap_odom/lib:/home/brace/codeSpace/navi/install/rtabmap_util/lib:/home/brace/codeSpace/navi/install/rtabmap_sync/lib:/home/brace/codeSpace/navi/install/rtabmap_rviz_plugins/lib:/opt/ros/humble/opt/rviz_ogre_vendor/lib:/opt/ros/humble/lib/x86_64-linux-gnu:/opt/ros/humble/lib /usr/bin/cmake --build /home/brace/codeSpace/navi/build/rtabmap_rviz_plugins -- -j16 -l16
[1.128s] DEBUG:colcon.colcon_core.event_handler.log_command:Invoked command in '/home/brace/codeSpace/navi/build/rtabmap_sync' returned '0': CMAKE_PREFIX_PATH=/home/brace/codeSpace/navi/install/rtabmap_conversions:/home/brace/codeSpace/navi/install/rtabmap_msgs:/home/brace/codeSpace/navi/install/rtabmap:/home/brace/codeSpace/navi/install/rtabmap_ros:/home/brace/codeSpace/navi/install/rtabmap_launch:/home/brace/codeSpace/navi/install/rtabmap_examples:/home/brace/codeSpace/navi/install/rtabmap_demos:/home/brace/codeSpace/navi/install/rtabmap_viz:/home/brace/codeSpace/navi/install/rtabmap_slam:/home/brace/codeSpace/navi/install/rtabmap_odom:/home/brace/codeSpace/navi/install/rtabmap_util:/home/brace/codeSpace/navi/install/rtabmap_sync:/home/brace/codeSpace/navi/install/rtabmap_rviz_plugins:/home/brace/codeSpace/navi/install/realsense2_rviz_plugin:/home/brace/codeSpace/navi/install/realsense2_description:/home/brace/codeSpace/navi/install/rtabmap_python:/home/brace/codeSpace/navi/install/realsense2_ros_mqtt_bridge:/opt/ros/humble LD_LIBRARY_PATH=/home/brace/codeSpace/navi/install/rtabmap_conversions/lib:/home/brace/codeSpace/navi/install/rtabmap_msgs/lib:/home/brace/codeSpace/navi/install/rtabmap/lib:/home/brace/codeSpace/navi/install/rtabmap_slam/lib:/home/brace/codeSpace/navi/install/rtabmap_odom/lib:/home/brace/codeSpace/navi/install/rtabmap_util/lib:/home/brace/codeSpace/navi/install/rtabmap_sync/lib:/home/brace/codeSpace/navi/install/rtabmap_rviz_plugins/lib:/opt/ros/humble/opt/rviz_ogre_vendor/lib:/opt/ros/humble/lib/x86_64-linux-gnu:/opt/ros/humble/lib /usr/bin/cmake --build /home/brace/codeSpace/navi/build/rtabmap_sync -- -j16 -l16
[1.129s] DEBUG:colcon.colcon_core.event_handler.log_command:Invoking command in '/home/brace/codeSpace/navi/build/rtabmap_sync': CMAKE_PREFIX_PATH=/home/brace/codeSpace/navi/install/rtabmap_conversions:/home/brace/codeSpace/navi/install/rtabmap_msgs:/home/brace/codeSpace/navi/install/rtabmap:/home/brace/codeSpace/navi/install/rtabmap_ros:/home/brace/codeSpace/navi/install/rtabmap_launch:/home/brace/codeSpace/navi/install/rtabmap_examples:/home/brace/codeSpace/navi/install/rtabmap_demos:/home/brace/codeSpace/navi/install/rtabmap_viz:/home/brace/codeSpace/navi/install/rtabmap_slam:/home/brace/codeSpace/navi/install/rtabmap_odom:/home/brace/codeSpace/navi/install/rtabmap_util:/home/brace/codeSpace/navi/install/rtabmap_sync:/home/brace/codeSpace/navi/install/rtabmap_rviz_plugins:/home/brace/codeSpace/navi/install/realsense2_rviz_plugin:/home/brace/codeSpace/navi/install/realsense2_description:/home/brace/codeSpace/navi/install/rtabmap_python:/home/brace/codeSpace/navi/install/realsense2_ros_mqtt_bridge:/opt/ros/humble LD_LIBRARY_PATH=/home/brace/codeSpace/navi/install/rtabmap_conversions/lib:/home/brace/codeSpace/navi/install/rtabmap_msgs/lib:/home/brace/codeSpace/navi/install/rtabmap/lib:/home/brace/codeSpace/navi/install/rtabmap_slam/lib:/home/brace/codeSpace/navi/install/rtabmap_odom/lib:/home/brace/codeSpace/navi/install/rtabmap_util/lib:/home/brace/codeSpace/navi/install/rtabmap_sync/lib:/home/brace/codeSpace/navi/install/rtabmap_rviz_plugins/lib:/opt/ros/humble/opt/rviz_ogre_vendor/lib:/opt/ros/humble/lib/x86_64-linux-gnu:/opt/ros/humble/lib /usr/bin/cmake --install /home/brace/codeSpace/navi/build/rtabmap_sync
[1.150s] Level 1:colcon.colcon_core.environment:create_environment_scripts_only(rtabmap_sync)
[1.150s] Level 1:colcon.colcon_core.environment:checking '/home/brace/codeSpace/navi/install/rtabmap_sync' for CMake module files
[1.151s] DEBUG:colcon.colcon_core.event_handler.log_command:Invoked command in '/home/brace/codeSpace/navi/build/rtabmap_sync' returned '0': CMAKE_PREFIX_PATH=/home/brace/codeSpace/navi/install/rtabmap_conversions:/home/brace/codeSpace/navi/install/rtabmap_msgs:/home/brace/codeSpace/navi/install/rtabmap:/home/brace/codeSpace/navi/install/rtabmap_ros:/home/brace/codeSpace/navi/install/rtabmap_launch:/home/brace/codeSpace/navi/install/rtabmap_examples:/home/brace/codeSpace/navi/install/rtabmap_demos:/home/brace/codeSpace/navi/install/rtabmap_viz:/home/brace/codeSpace/navi/install/rtabmap_slam:/home/brace/codeSpace/navi/install/rtabmap_odom:/home/brace/codeSpace/navi/install/rtabmap_util:/home/brace/codeSpace/navi/install/rtabmap_sync:/home/brace/codeSpace/navi/install/rtabmap_rviz_plugins:/home/brace/codeSpace/navi/install/realsense2_rviz_plugin:/home/brace/codeSpace/navi/install/realsense2_description:/home/brace/codeSpace/navi/install/rtabmap_python:/home/brace/codeSpace/navi/install/realsense2_ros_mqtt_bridge:/opt/ros/humble LD_LIBRARY_PATH=/home/brace/codeSpace/navi/install/rtabmap_conversions/lib:/home/brace/codeSpace/navi/install/rtabmap_msgs/lib:/home/brace/codeSpace/navi/install/rtabmap/lib:/home/brace/codeSpace/navi/install/rtabmap_slam/lib:/home/brace/codeSpace/navi/install/rtabmap_odom/lib:/home/brace/codeSpace/navi/install/rtabmap_util/lib:/home/brace/codeSpace/navi/install/rtabmap_sync/lib:/home/brace/codeSpace/navi/install/rtabmap_rviz_plugins/lib:/opt/ros/humble/opt/rviz_ogre_vendor/lib:/opt/ros/humble/lib/x86_64-linux-gnu:/opt/ros/humble/lib /usr/bin/cmake --install /home/brace/codeSpace/navi/build/rtabmap_sync
[1.151s] Level 1:colcon.colcon_core.environment:checking '/home/brace/codeSpace/navi/install/rtabmap_sync' for CMake config files
[1.152s] Level 1:colcon.colcon_core.shell:create_environment_hook('rtabmap_sync', 'cmake_prefix_path')
[1.152s] INFO:colcon.colcon_core.shell:Creating environment hook '/home/brace/codeSpace/navi/install/rtabmap_sync/share/rtabmap_sync/hook/cmake_prefix_path.ps1'
[1.153s] INFO:colcon.colcon_core.shell:Creating environment descriptor '/home/brace/codeSpace/navi/install/rtabmap_sync/share/rtabmap_sync/hook/cmake_prefix_path.dsv'
[1.153s] INFO:colcon.colcon_core.shell:Creating environment hook '/home/brace/codeSpace/navi/install/rtabmap_sync/share/rtabmap_sync/hook/cmake_prefix_path.sh'
[1.154s] Level 1:colcon.colcon_core.environment:checking '/home/brace/codeSpace/navi/install/rtabmap_sync/lib'
[1.154s] Level 1:colcon.colcon_core.shell:create_environment_hook('rtabmap_sync', 'ld_library_path_lib')
[1.154s] INFO:colcon.colcon_core.shell:Creating environment hook '/home/brace/codeSpace/navi/install/rtabmap_sync/share/rtabmap_sync/hook/ld_library_path_lib.ps1'
[1.155s] INFO:colcon.colcon_core.shell:Creating environment descriptor '/home/brace/codeSpace/navi/install/rtabmap_sync/share/rtabmap_sync/hook/ld_library_path_lib.dsv'
[1.156s] INFO:colcon.colcon_core.shell:Creating environment hook '/home/brace/codeSpace/navi/install/rtabmap_sync/share/rtabmap_sync/hook/ld_library_path_lib.sh'
[1.156s] Level 1:colcon.colcon_core.environment:checking '/home/brace/codeSpace/navi/install/rtabmap_sync/bin'
[1.156s] Level 1:colcon.colcon_core.environment:checking '/home/brace/codeSpace/navi/install/rtabmap_sync/lib/pkgconfig/rtabmap_sync.pc'
[1.156s] Level 1:colcon.colcon_core.environment:checking '/home/brace/codeSpace/navi/install/rtabmap_sync/lib/python3.10/site-packages'
[1.157s] Level 1:colcon.colcon_core.environment:checking '/home/brace/codeSpace/navi/install/rtabmap_sync/bin'
[1.157s] INFO:colcon.colcon_core.shell:Creating package script '/home/brace/codeSpace/navi/install/rtabmap_sync/share/rtabmap_sync/package.ps1'
[1.158s] INFO:colcon.colcon_core.shell:Creating package descriptor '/home/brace/codeSpace/navi/install/rtabmap_sync/share/rtabmap_sync/package.dsv'
[1.159s] INFO:colcon.colcon_core.shell:Creating package script '/home/brace/codeSpace/navi/install/rtabmap_sync/share/rtabmap_sync/package.sh'
[1.160s] INFO:colcon.colcon_core.shell:Creating package script '/home/brace/codeSpace/navi/install/rtabmap_sync/share/rtabmap_sync/package.bash'
[1.160s] INFO:colcon.colcon_core.shell:Creating package script '/home/brace/codeSpace/navi/install/rtabmap_sync/share/rtabmap_sync/package.zsh'
[1.160s] Level 1:colcon.colcon_core.environment:create_file_with_runtime_dependencies(/home/brace/codeSpace/navi/install/rtabmap_sync/share/colcon-core/packages/rtabmap_sync)
[1.161s] Level 1:colcon.colcon_core.environment:create_environment_scripts_only(rtabmap_sync)
[1.162s] Level 1:colcon.colcon_core.environment:checking '/home/brace/codeSpace/navi/install/rtabmap_sync' for CMake module files
[1.162s] Level 1:colcon.colcon_core.environment:checking '/home/brace/codeSpace/navi/install/rtabmap_sync' for CMake config files
[1.163s] Level 1:colcon.colcon_core.shell:create_environment_hook('rtabmap_sync', 'cmake_prefix_path')
[1.163s] INFO:colcon.colcon_core.shell:Creating environment hook '/home/brace/codeSpace/navi/install/rtabmap_sync/share/rtabmap_sync/hook/cmake_prefix_path.ps1'
[1.163s] INFO:colcon.colcon_core.shell:Creating environment descriptor '/home/brace/codeSpace/navi/install/rtabmap_sync/share/rtabmap_sync/hook/cmake_prefix_path.dsv'
[1.164s] INFO:colcon.colcon_core.shell:Creating environment hook '/home/brace/codeSpace/navi/install/rtabmap_sync/share/rtabmap_sync/hook/cmake_prefix_path.sh'
[1.164s] Level 1:colcon.colcon_core.environment:checking '/home/brace/codeSpace/navi/install/rtabmap_sync/lib'
[1.164s] Level 1:colcon.colcon_core.shell:create_environment_hook('rtabmap_sync', 'ld_library_path_lib')
[1.164s] INFO:colcon.colcon_core.shell:Creating environment hook '/home/brace/codeSpace/navi/install/rtabmap_sync/share/rtabmap_sync/hook/ld_library_path_lib.ps1'
[1.165s] INFO:colcon.colcon_core.shell:Creating environment descriptor '/home/brace/codeSpace/navi/install/rtabmap_sync/share/rtabmap_sync/hook/ld_library_path_lib.dsv'
[1.165s] INFO:colcon.colcon_core.shell:Creating environment hook '/home/brace/codeSpace/navi/install/rtabmap_sync/share/rtabmap_sync/hook/ld_library_path_lib.sh'
[1.165s] Level 1:colcon.colcon_core.environment:checking '/home/brace/codeSpace/navi/install/rtabmap_sync/bin'
[1.165s] Level 1:colcon.colcon_core.environment:checking '/home/brace/codeSpace/navi/install/rtabmap_sync/lib/pkgconfig/rtabmap_sync.pc'
[1.165s] Level 1:colcon.colcon_core.environment:checking '/home/brace/codeSpace/navi/install/rtabmap_sync/lib/python3.10/site-packages'
[1.166s] Level 1:colcon.colcon_core.environment:checking '/home/brace/codeSpace/navi/install/rtabmap_sync/bin'
[1.166s] INFO:colcon.colcon_core.shell:Creating package script '/home/brace/codeSpace/navi/install/rtabmap_sync/share/rtabmap_sync/package.ps1'
[1.166s] INFO:colcon.colcon_core.shell:Creating package descriptor '/home/brace/codeSpace/navi/install/rtabmap_sync/share/rtabmap_sync/package.dsv'
[1.167s] INFO:colcon.colcon_core.shell:Creating package script '/home/brace/codeSpace/navi/install/rtabmap_sync/share/rtabmap_sync/package.sh'
[1.167s] INFO:colcon.colcon_core.shell:Creating package script '/home/brace/codeSpace/navi/install/rtabmap_sync/share/rtabmap_sync/package.bash'
[1.167s] INFO:colcon.colcon_core.shell:Creating package script '/home/brace/codeSpace/navi/install/rtabmap_sync/share/rtabmap_sync/package.zsh'
[1.167s] Level 1:colcon.colcon_core.environment:create_file_with_runtime_dependencies(/home/brace/codeSpace/navi/install/rtabmap_sync/share/colcon-core/packages/rtabmap_sync)
[1.168s] INFO:colcon.colcon_ros.task.ament_cmake.build:Building ROS package in '/home/brace/codeSpace/navi/src/rtabmap_ros/rtabmap_viz' with build type 'ament_cmake'
[1.168s] INFO:colcon.colcon_cmake.task.cmake.build:Building CMake package in '/home/brace/codeSpace/navi/src/rtabmap_ros/rtabmap_viz'
[1.168s] INFO:colcon.colcon_core.shell:Skip shell extension 'powershell' for command environment: Not usable outside of PowerShell
[1.168s] DEBUG:colcon.colcon_core.shell:Skip shell extension 'dsv' for command environment
[1.173s] DEBUG:colcon.colcon_core.event_handler.log_command:Invoked command in '/home/brace/codeSpace/navi/build/rtabmap_util' returned '0': CMAKE_PREFIX_PATH=/home/brace/codeSpace/navi/install/rtabmap_conversions:/home/brace/codeSpace/navi/install/rtabmap_msgs:/home/brace/codeSpace/navi/install/rtabmap:/home/brace/codeSpace/navi/install/rtabmap_ros:/home/brace/codeSpace/navi/install/rtabmap_launch:/home/brace/codeSpace/navi/install/rtabmap_examples:/home/brace/codeSpace/navi/install/rtabmap_demos:/home/brace/codeSpace/navi/install/rtabmap_viz:/home/brace/codeSpace/navi/install/rtabmap_slam:/home/brace/codeSpace/navi/install/rtabmap_odom:/home/brace/codeSpace/navi/install/rtabmap_util:/home/brace/codeSpace/navi/install/rtabmap_sync:/home/brace/codeSpace/navi/install/rtabmap_rviz_plugins:/home/brace/codeSpace/navi/install/realsense2_rviz_plugin:/home/brace/codeSpace/navi/install/realsense2_description:/home/brace/codeSpace/navi/install/rtabmap_python:/home/brace/codeSpace/navi/install/realsense2_ros_mqtt_bridge:/opt/ros/humble LD_LIBRARY_PATH=/home/brace/codeSpace/navi/install/rtabmap_conversions/lib:/home/brace/codeSpace/navi/install/rtabmap_msgs/lib:/home/brace/codeSpace/navi/install/rtabmap/lib:/home/brace/codeSpace/navi/install/rtabmap_slam/lib:/home/brace/codeSpace/navi/install/rtabmap_odom/lib:/home/brace/codeSpace/navi/install/rtabmap_util/lib:/home/brace/codeSpace/navi/install/rtabmap_sync/lib:/home/brace/codeSpace/navi/install/rtabmap_rviz_plugins/lib:/opt/ros/humble/opt/rviz_ogre_vendor/lib:/opt/ros/humble/lib/x86_64-linux-gnu:/opt/ros/humble/lib /usr/bin/cmake --build /home/brace/codeSpace/navi/build/rtabmap_util -- -j16 -l16
[1.174s] DEBUG:colcon.colcon_core.event_handler.log_command:Invoking command in '/home/brace/codeSpace/navi/build/rtabmap_util': CMAKE_PREFIX_PATH=/home/brace/codeSpace/navi/install/rtabmap_conversions:/home/brace/codeSpace/navi/install/rtabmap_msgs:/home/brace/codeSpace/navi/install/rtabmap:/home/brace/codeSpace/navi/install/rtabmap_ros:/home/brace/codeSpace/navi/install/rtabmap_launch:/home/brace/codeSpace/navi/install/rtabmap_examples:/home/brace/codeSpace/navi/install/rtabmap_demos:/home/brace/codeSpace/navi/install/rtabmap_viz:/home/brace/codeSpace/navi/install/rtabmap_slam:/home/brace/codeSpace/navi/install/rtabmap_odom:/home/brace/codeSpace/navi/install/rtabmap_util:/home/brace/codeSpace/navi/install/rtabmap_sync:/home/brace/codeSpace/navi/install/rtabmap_rviz_plugins:/home/brace/codeSpace/navi/install/realsense2_rviz_plugin:/home/brace/codeSpace/navi/install/realsense2_description:/home/brace/codeSpace/navi/install/rtabmap_python:/home/brace/codeSpace/navi/install/realsense2_ros_mqtt_bridge:/opt/ros/humble LD_LIBRARY_PATH=/home/brace/codeSpace/navi/install/rtabmap_conversions/lib:/home/brace/codeSpace/navi/install/rtabmap_msgs/lib:/home/brace/codeSpace/navi/install/rtabmap/lib:/home/brace/codeSpace/navi/install/rtabmap_slam/lib:/home/brace/codeSpace/navi/install/rtabmap_odom/lib:/home/brace/codeSpace/navi/install/rtabmap_util/lib:/home/brace/codeSpace/navi/install/rtabmap_sync/lib:/home/brace/codeSpace/navi/install/rtabmap_rviz_plugins/lib:/opt/ros/humble/opt/rviz_ogre_vendor/lib:/opt/ros/humble/lib/x86_64-linux-gnu:/opt/ros/humble/lib /usr/bin/cmake --install /home/brace/codeSpace/navi/build/rtabmap_util
[1.175s] DEBUG:colcon.colcon_core.event_handler.log_command:Invoked command in '/home/brace/codeSpace/navi/build/rtabmap_rviz_plugins' returned '0': CMAKE_PREFIX_PATH=/home/brace/codeSpace/navi/install/rtabmap_conversions:/home/brace/codeSpace/navi/install/rtabmap_msgs:/home/brace/codeSpace/navi/install/rtabmap:/home/brace/codeSpace/navi/install/rtabmap_ros:/home/brace/codeSpace/navi/install/rtabmap_launch:/home/brace/codeSpace/navi/install/rtabmap_examples:/home/brace/codeSpace/navi/install/rtabmap_demos:/home/brace/codeSpace/navi/install/rtabmap_viz:/home/brace/codeSpace/navi/install/rtabmap_slam:/home/brace/codeSpace/navi/install/rtabmap_odom:/home/brace/codeSpace/navi/install/rtabmap_util:/home/brace/codeSpace/navi/install/rtabmap_sync:/home/brace/codeSpace/navi/install/rtabmap_rviz_plugins:/home/brace/codeSpace/navi/install/realsense2_rviz_plugin:/home/brace/codeSpace/navi/install/realsense2_description:/home/brace/codeSpace/navi/install/rtabmap_python:/home/brace/codeSpace/navi/install/realsense2_ros_mqtt_bridge:/opt/ros/humble LD_LIBRARY_PATH=/home/brace/codeSpace/navi/install/rtabmap_conversions/lib:/home/brace/codeSpace/navi/install/rtabmap_msgs/lib:/home/brace/codeSpace/navi/install/rtabmap/lib:/home/brace/codeSpace/navi/install/rtabmap_slam/lib:/home/brace/codeSpace/navi/install/rtabmap_odom/lib:/home/brace/codeSpace/navi/install/rtabmap_util/lib:/home/brace/codeSpace/navi/install/rtabmap_sync/lib:/home/brace/codeSpace/navi/install/rtabmap_rviz_plugins/lib:/opt/ros/humble/opt/rviz_ogre_vendor/lib:/opt/ros/humble/lib/x86_64-linux-gnu:/opt/ros/humble/lib /usr/bin/cmake --build /home/brace/codeSpace/navi/build/rtabmap_rviz_plugins -- -j16 -l16
[1.176s] DEBUG:colcon.colcon_core.event_handler.log_command:Invoking command in '/home/brace/codeSpace/navi/build/rtabmap_rviz_plugins': CMAKE_PREFIX_PATH=/home/brace/codeSpace/navi/install/rtabmap_conversions:/home/brace/codeSpace/navi/install/rtabmap_msgs:/home/brace/codeSpace/navi/install/rtabmap:/home/brace/codeSpace/navi/install/rtabmap_ros:/home/brace/codeSpace/navi/install/rtabmap_launch:/home/brace/codeSpace/navi/install/rtabmap_examples:/home/brace/codeSpace/navi/install/rtabmap_demos:/home/brace/codeSpace/navi/install/rtabmap_viz:/home/brace/codeSpace/navi/install/rtabmap_slam:/home/brace/codeSpace/navi/install/rtabmap_odom:/home/brace/codeSpace/navi/install/rtabmap_util:/home/brace/codeSpace/navi/install/rtabmap_sync:/home/brace/codeSpace/navi/install/rtabmap_rviz_plugins:/home/brace/codeSpace/navi/install/realsense2_rviz_plugin:/home/brace/codeSpace/navi/install/realsense2_description:/home/brace/codeSpace/navi/install/rtabmap_python:/home/brace/codeSpace/navi/install/realsense2_ros_mqtt_bridge:/opt/ros/humble LD_LIBRARY_PATH=/home/brace/codeSpace/navi/install/rtabmap_conversions/lib:/home/brace/codeSpace/navi/install/rtabmap_msgs/lib:/home/brace/codeSpace/navi/install/rtabmap/lib:/home/brace/codeSpace/navi/install/rtabmap_slam/lib:/home/brace/codeSpace/navi/install/rtabmap_odom/lib:/home/brace/codeSpace/navi/install/rtabmap_util/lib:/home/brace/codeSpace/navi/install/rtabmap_sync/lib:/home/brace/codeSpace/navi/install/rtabmap_rviz_plugins/lib:/opt/ros/humble/opt/rviz_ogre_vendor/lib:/opt/ros/humble/lib/x86_64-linux-gnu:/opt/ros/humble/lib /usr/bin/cmake --install /home/brace/codeSpace/navi/build/rtabmap_rviz_plugins
[1.188s] Level 1:colcon.colcon_core.environment:checking '/home/brace/codeSpace/navi/install/rtabmap_python' for CMake module files
[1.189s] Level 1:colcon.colcon_core.environment:checking '/home/brace/codeSpace/navi/install/rtabmap_python' for CMake config files
[1.191s] Level 1:colcon.colcon_core.environment:checking '/home/brace/codeSpace/navi/install/rtabmap_python/lib'
[1.191s] Level 1:colcon.colcon_core.environment:checking '/home/brace/codeSpace/navi/install/rtabmap_python/bin'
[1.191s] Level 1:colcon.colcon_core.environment:checking '/home/brace/codeSpace/navi/install/rtabmap_python/lib/pkgconfig/rtabmap_python.pc'
[1.191s] Level 1:colcon.colcon_core.environment:checking '/home/brace/codeSpace/navi/install/rtabmap_python/lib/python3.10/site-packages'
[1.192s] Level 1:colcon.colcon_core.shell:create_environment_hook('rtabmap_python', 'pythonpath')
[1.192s] INFO:colcon.colcon_core.shell:Creating environment hook '/home/brace/codeSpace/navi/install/rtabmap_python/share/rtabmap_python/hook/pythonpath.ps1'
[1.192s] INFO:colcon.colcon_core.shell:Creating environment descriptor '/home/brace/codeSpace/navi/install/rtabmap_python/share/rtabmap_python/hook/pythonpath.dsv'
[1.193s] INFO:colcon.colcon_core.shell:Creating environment hook '/home/brace/codeSpace/navi/install/rtabmap_python/share/rtabmap_python/hook/pythonpath.sh'
[1.193s] Level 1:colcon.colcon_core.environment:checking '/home/brace/codeSpace/navi/install/rtabmap_python/bin'
[1.193s] Level 1:colcon.colcon_core.environment:create_environment_scripts_only(rtabmap_python)
[1.194s] INFO:colcon.colcon_core.shell:Creating package script '/home/brace/codeSpace/navi/install/rtabmap_python/share/rtabmap_python/package.ps1'
[1.194s] INFO:colcon.colcon_core.shell:Creating package descriptor '/home/brace/codeSpace/navi/install/rtabmap_python/share/rtabmap_python/package.dsv'
[1.195s] DEBUG:colcon.colcon_core.event_handler.log_command:Invoking command in '/home/brace/codeSpace/navi/build/rtabmap_viz': CMAKE_PREFIX_PATH=/home/brace/codeSpace/navi/install/rtabmap_sync:/home/brace/codeSpace/navi/install/rtabmap_conversions:/home/brace/codeSpace/navi/install/rtabmap_msgs:/home/brace/codeSpace/navi/install/rtabmap:/home/brace/codeSpace/navi/install/rtabmap_ros:/home/brace/codeSpace/navi/install/rtabmap_launch:/home/brace/codeSpace/navi/install/rtabmap_examples:/home/brace/codeSpace/navi/install/rtabmap_demos:/home/brace/codeSpace/navi/install/rtabmap_viz:/home/brace/codeSpace/navi/install/rtabmap_slam:/home/brace/codeSpace/navi/install/rtabmap_odom:/home/brace/codeSpace/navi/install/rtabmap_util:/home/brace/codeSpace/navi/install/rtabmap_rviz_plugins:/home/brace/codeSpace/navi/install/realsense2_rviz_plugin:/home/brace/codeSpace/navi/install/realsense2_description:/home/brace/codeSpace/navi/install/rtabmap_python:/home/brace/codeSpace/navi/install/realsense2_ros_mqtt_bridge:/opt/ros/humble LD_LIBRARY_PATH=/home/brace/codeSpace/navi/install/rtabmap_sync/lib:/home/brace/codeSpace/navi/install/rtabmap_conversions/lib:/home/brace/codeSpace/navi/install/rtabmap_msgs/lib:/home/brace/codeSpace/navi/install/rtabmap/lib:/home/brace/codeSpace/navi/install/rtabmap_slam/lib:/home/brace/codeSpace/navi/install/rtabmap_odom/lib:/home/brace/codeSpace/navi/install/rtabmap_util/lib:/home/brace/codeSpace/navi/install/rtabmap_rviz_plugins/lib:/opt/ros/humble/opt/rviz_ogre_vendor/lib:/opt/ros/humble/lib/x86_64-linux-gnu:/opt/ros/humble/lib /usr/bin/cmake --build /home/brace/codeSpace/navi/build/rtabmap_viz -- -j16 -l16
[1.195s] INFO:colcon.colcon_core.shell:Creating package script '/home/brace/codeSpace/navi/install/rtabmap_python/share/rtabmap_python/package.sh'
[1.195s] DEBUG:colcon.colcon_core.event_handler.log_command:Invoked command in '/home/brace/codeSpace/navi/src/rtabmap_ros/rtabmap_python' returned '0': PYTHONPATH=/home/brace/codeSpace/navi/build/rtabmap_python/prefix_override:/usr/lib/python3/dist-packages/colcon_core/task/python/colcon_distutils_commands:/home/brace/codeSpace/navi/install/rtabmap_python/lib/python3.10/site-packages:${PYTHONPATH} /usr/bin/python3 -W ignore:setup.py install is deprecated -W ignore:easy_install command is deprecated setup.py egg_info --egg-base ../../../build/rtabmap_python build --build-base /home/brace/codeSpace/navi/build/rtabmap_python/build install --record /home/brace/codeSpace/navi/build/rtabmap_python/install.log --single-version-externally-managed install_data
[1.196s] INFO:colcon.colcon_core.shell:Creating package script '/home/brace/codeSpace/navi/install/rtabmap_python/share/rtabmap_python/package.bash'
[1.197s] INFO:colcon.colcon_core.shell:Creating package script '/home/brace/codeSpace/navi/install/rtabmap_python/share/rtabmap_python/package.zsh'
[1.198s] Level 1:colcon.colcon_core.environment:create_file_with_runtime_dependencies(/home/brace/codeSpace/navi/install/rtabmap_python/share/colcon-core/packages/rtabmap_python)
[1.199s] Level 1:colcon.colcon_core.environment:checking '/home/brace/codeSpace/navi/install/realsense2_ros_mqtt_bridge' for CMake module files
[1.200s] DEBUG:colcon.colcon_core.event_handler.log_command:Invoked command in '/home/brace/codeSpace/navi/src/realsense-ros/realsense2_ros_mqtt_bridge' returned '0': PYTHONPATH=/home/brace/codeSpace/navi/build/realsense2_ros_mqtt_bridge/prefix_override:/usr/lib/python3/dist-packages/colcon_core/task/python/colcon_distutils_commands:/home/brace/codeSpace/navi/install/realsense2_ros_mqtt_bridge/lib/python3.10/site-packages:${PYTHONPATH} /usr/bin/python3 -W ignore:setup.py install is deprecated -W ignore:easy_install command is deprecated setup.py egg_info --egg-base ../../../build/realsense2_ros_mqtt_bridge build --build-base /home/brace/codeSpace/navi/build/realsense2_ros_mqtt_bridge/build install --record /home/brace/codeSpace/navi/build/realsense2_ros_mqtt_bridge/install.log --single-version-externally-managed install_data
[1.200s] Level 1:colcon.colcon_core.environment:checking '/home/brace/codeSpace/navi/install/realsense2_ros_mqtt_bridge' for CMake config files
[1.200s] Level 1:colcon.colcon_core.environment:checking '/home/brace/codeSpace/navi/install/realsense2_ros_mqtt_bridge/lib'
[1.200s] Level 1:colcon.colcon_core.environment:checking '/home/brace/codeSpace/navi/install/realsense2_ros_mqtt_bridge/bin'
[1.200s] Level 1:colcon.colcon_core.environment:checking '/home/brace/codeSpace/navi/install/realsense2_ros_mqtt_bridge/lib/pkgconfig/realsense2_ros_mqtt_bridge.pc'
[1.200s] Level 1:colcon.colcon_core.environment:checking '/home/brace/codeSpace/navi/install/realsense2_ros_mqtt_bridge/lib/python3.10/site-packages'
[1.201s] Level 1:colcon.colcon_core.shell:create_environment_hook('realsense2_ros_mqtt_bridge', 'pythonpath')
[1.201s] INFO:colcon.colcon_core.shell:Creating environment hook '/home/brace/codeSpace/navi/install/realsense2_ros_mqtt_bridge/share/realsense2_ros_mqtt_bridge/hook/pythonpath.ps1'
[1.201s] INFO:colcon.colcon_core.shell:Creating environment descriptor '/home/brace/codeSpace/navi/install/realsense2_ros_mqtt_bridge/share/realsense2_ros_mqtt_bridge/hook/pythonpath.dsv'
[1.202s] INFO:colcon.colcon_core.shell:Creating environment hook '/home/brace/codeSpace/navi/install/realsense2_ros_mqtt_bridge/share/realsense2_ros_mqtt_bridge/hook/pythonpath.sh'
[1.202s] Level 1:colcon.colcon_core.environment:checking '/home/brace/codeSpace/navi/install/realsense2_ros_mqtt_bridge/bin'
[1.202s] Level 1:colcon.colcon_core.environment:create_environment_scripts_only(realsense2_ros_mqtt_bridge)
[1.202s] INFO:colcon.colcon_core.shell:Creating package script '/home/brace/codeSpace/navi/install/realsense2_ros_mqtt_bridge/share/realsense2_ros_mqtt_bridge/package.ps1'
[1.203s] INFO:colcon.colcon_core.shell:Creating package descriptor '/home/brace/codeSpace/navi/install/realsense2_ros_mqtt_bridge/share/realsense2_ros_mqtt_bridge/package.dsv'
[1.203s] INFO:colcon.colcon_core.shell:Creating package script '/home/brace/codeSpace/navi/install/realsense2_ros_mqtt_bridge/share/realsense2_ros_mqtt_bridge/package.sh'
[1.203s] INFO:colcon.colcon_core.shell:Creating package script '/home/brace/codeSpace/navi/install/realsense2_ros_mqtt_bridge/share/realsense2_ros_mqtt_bridge/package.bash'
[1.203s] INFO:colcon.colcon_core.shell:Creating package script '/home/brace/codeSpace/navi/install/realsense2_ros_mqtt_bridge/share/realsense2_ros_mqtt_bridge/package.zsh'
[1.204s] Level 1:colcon.colcon_core.environment:create_file_with_runtime_dependencies(/home/brace/codeSpace/navi/install/realsense2_ros_mqtt_bridge/share/colcon-core/packages/realsense2_ros_mqtt_bridge)
[1.204s] Level 1:colcon.colcon_core.environment:create_environment_scripts_only(rtabmap_rviz_plugins)
[1.204s] Level 1:colcon.colcon_core.environment:checking '/home/brace/codeSpace/navi/install/rtabmap_rviz_plugins' for CMake module files
[1.205s] DEBUG:colcon.colcon_core.event_handler.log_command:Invoked command in '/home/brace/codeSpace/navi/build/rtabmap_rviz_plugins' returned '0': CMAKE_PREFIX_PATH=/home/brace/codeSpace/navi/install/rtabmap_conversions:/home/brace/codeSpace/navi/install/rtabmap_msgs:/home/brace/codeSpace/navi/install/rtabmap:/home/brace/codeSpace/navi/install/rtabmap_ros:/home/brace/codeSpace/navi/install/rtabmap_launch:/home/brace/codeSpace/navi/install/rtabmap_examples:/home/brace/codeSpace/navi/install/rtabmap_demos:/home/brace/codeSpace/navi/install/rtabmap_viz:/home/brace/codeSpace/navi/install/rtabmap_slam:/home/brace/codeSpace/navi/install/rtabmap_odom:/home/brace/codeSpace/navi/install/rtabmap_util:/home/brace/codeSpace/navi/install/rtabmap_sync:/home/brace/codeSpace/navi/install/rtabmap_rviz_plugins:/home/brace/codeSpace/navi/install/realsense2_rviz_plugin:/home/brace/codeSpace/navi/install/realsense2_description:/home/brace/codeSpace/navi/install/rtabmap_python:/home/brace/codeSpace/navi/install/realsense2_ros_mqtt_bridge:/opt/ros/humble LD_LIBRARY_PATH=/home/brace/codeSpace/navi/install/rtabmap_conversions/lib:/home/brace/codeSpace/navi/install/rtabmap_msgs/lib:/home/brace/codeSpace/navi/install/rtabmap/lib:/home/brace/codeSpace/navi/install/rtabmap_slam/lib:/home/brace/codeSpace/navi/install/rtabmap_odom/lib:/home/brace/codeSpace/navi/install/rtabmap_util/lib:/home/brace/codeSpace/navi/install/rtabmap_sync/lib:/home/brace/codeSpace/navi/install/rtabmap_rviz_plugins/lib:/opt/ros/humble/opt/rviz_ogre_vendor/lib:/opt/ros/humble/lib/x86_64-linux-gnu:/opt/ros/humble/lib /usr/bin/cmake --install /home/brace/codeSpace/navi/build/rtabmap_rviz_plugins
[1.205s] Level 1:colcon.colcon_core.environment:checking '/home/brace/codeSpace/navi/install/rtabmap_rviz_plugins' for CMake config files
[1.205s] Level 1:colcon.colcon_core.shell:create_environment_hook('rtabmap_rviz_plugins', 'cmake_prefix_path')
[1.205s] INFO:colcon.colcon_core.shell:Creating environment hook '/home/brace/codeSpace/navi/install/rtabmap_rviz_plugins/share/rtabmap_rviz_plugins/hook/cmake_prefix_path.ps1'
[1.206s] INFO:colcon.colcon_core.shell:Creating environment descriptor '/home/brace/codeSpace/navi/install/rtabmap_rviz_plugins/share/rtabmap_rviz_plugins/hook/cmake_prefix_path.dsv'
[1.206s] INFO:colcon.colcon_core.shell:Creating environment hook '/home/brace/codeSpace/navi/install/rtabmap_rviz_plugins/share/rtabmap_rviz_plugins/hook/cmake_prefix_path.sh'
[1.206s] Level 1:colcon.colcon_core.environment:checking '/home/brace/codeSpace/navi/install/rtabmap_rviz_plugins/lib'
[1.206s] Level 1:colcon.colcon_core.shell:create_environment_hook('rtabmap_rviz_plugins', 'ld_library_path_lib')
[1.206s] INFO:colcon.colcon_core.shell:Creating environment hook '/home/brace/codeSpace/navi/install/rtabmap_rviz_plugins/share/rtabmap_rviz_plugins/hook/ld_library_path_lib.ps1'
[1.207s] INFO:colcon.colcon_core.shell:Creating environment descriptor '/home/brace/codeSpace/navi/install/rtabmap_rviz_plugins/share/rtabmap_rviz_plugins/hook/ld_library_path_lib.dsv'
[1.207s] INFO:colcon.colcon_core.shell:Creating environment hook '/home/brace/codeSpace/navi/install/rtabmap_rviz_plugins/share/rtabmap_rviz_plugins/hook/ld_library_path_lib.sh'
[1.207s] Level 1:colcon.colcon_core.environment:checking '/home/brace/codeSpace/navi/install/rtabmap_rviz_plugins/bin'
[1.207s] Level 1:colcon.colcon_core.environment:checking '/home/brace/codeSpace/navi/install/rtabmap_rviz_plugins/lib/pkgconfig/rtabmap_rviz_plugins.pc'
[1.207s] Level 1:colcon.colcon_core.environment:checking '/home/brace/codeSpace/navi/install/rtabmap_rviz_plugins/lib/python3.10/site-packages'
[1.207s] Level 1:colcon.colcon_core.environment:checking '/home/brace/codeSpace/navi/install/rtabmap_rviz_plugins/bin'
[1.208s] INFO:colcon.colcon_core.shell:Creating package script '/home/brace/codeSpace/navi/install/rtabmap_rviz_plugins/share/rtabmap_rviz_plugins/package.ps1'
[1.208s] INFO:colcon.colcon_core.shell:Creating package descriptor '/home/brace/codeSpace/navi/install/rtabmap_rviz_plugins/share/rtabmap_rviz_plugins/package.dsv'
[1.208s] INFO:colcon.colcon_core.shell:Creating package script '/home/brace/codeSpace/navi/install/rtabmap_rviz_plugins/share/rtabmap_rviz_plugins/package.sh'
[1.208s] INFO:colcon.colcon_core.shell:Creating package script '/home/brace/codeSpace/navi/install/rtabmap_rviz_plugins/share/rtabmap_rviz_plugins/package.bash'
[1.209s] INFO:colcon.colcon_core.shell:Creating package script '/home/brace/codeSpace/navi/install/rtabmap_rviz_plugins/share/rtabmap_rviz_plugins/package.zsh'
[1.209s] Level 1:colcon.colcon_core.environment:create_file_with_runtime_dependencies(/home/brace/codeSpace/navi/install/rtabmap_rviz_plugins/share/colcon-core/packages/rtabmap_rviz_plugins)
[1.209s] Level 1:colcon.colcon_core.environment:create_environment_scripts_only(rtabmap_rviz_plugins)
[1.209s] Level 1:colcon.colcon_core.environment:checking '/home/brace/codeSpace/navi/install/rtabmap_rviz_plugins' for CMake module files
[1.209s] Level 1:colcon.colcon_core.environment:checking '/home/brace/codeSpace/navi/install/rtabmap_rviz_plugins' for CMake config files
[1.210s] Level 1:colcon.colcon_core.shell:create_environment_hook('rtabmap_rviz_plugins', 'cmake_prefix_path')
[1.210s] INFO:colcon.colcon_core.shell:Creating environment hook '/home/brace/codeSpace/navi/install/rtabmap_rviz_plugins/share/rtabmap_rviz_plugins/hook/cmake_prefix_path.ps1'
[1.210s] INFO:colcon.colcon_core.shell:Creating environment descriptor '/home/brace/codeSpace/navi/install/rtabmap_rviz_plugins/share/rtabmap_rviz_plugins/hook/cmake_prefix_path.dsv'
[1.210s] INFO:colcon.colcon_core.shell:Creating environment hook '/home/brace/codeSpace/navi/install/rtabmap_rviz_plugins/share/rtabmap_rviz_plugins/hook/cmake_prefix_path.sh'
[1.211s] Level 1:colcon.colcon_core.environment:checking '/home/brace/codeSpace/navi/install/rtabmap_rviz_plugins/lib'
[1.211s] Level 1:colcon.colcon_core.shell:create_environment_hook('rtabmap_rviz_plugins', 'ld_library_path_lib')
[1.211s] INFO:colcon.colcon_core.shell:Creating environment hook '/home/brace/codeSpace/navi/install/rtabmap_rviz_plugins/share/rtabmap_rviz_plugins/hook/ld_library_path_lib.ps1'
[1.211s] INFO:colcon.colcon_core.shell:Creating environment descriptor '/home/brace/codeSpace/navi/install/rtabmap_rviz_plugins/share/rtabmap_rviz_plugins/hook/ld_library_path_lib.dsv'
[1.211s] INFO:colcon.colcon_core.shell:Creating environment hook '/home/brace/codeSpace/navi/install/rtabmap_rviz_plugins/share/rtabmap_rviz_plugins/hook/ld_library_path_lib.sh'
[1.212s] Level 1:colcon.colcon_core.environment:checking '/home/brace/codeSpace/navi/install/rtabmap_rviz_plugins/bin'
[1.212s] Level 1:colcon.colcon_core.environment:checking '/home/brace/codeSpace/navi/install/rtabmap_rviz_plugins/lib/pkgconfig/rtabmap_rviz_plugins.pc'
[1.212s] Level 1:colcon.colcon_core.environment:checking '/home/brace/codeSpace/navi/install/rtabmap_rviz_plugins/lib/python3.10/site-packages'
[1.212s] Level 1:colcon.colcon_core.environment:checking '/home/brace/codeSpace/navi/install/rtabmap_rviz_plugins/bin'
[1.212s] INFO:colcon.colcon_core.shell:Creating package script '/home/brace/codeSpace/navi/install/rtabmap_rviz_plugins/share/rtabmap_rviz_plugins/package.ps1'
[1.213s] INFO:colcon.colcon_core.shell:Creating package descriptor '/home/brace/codeSpace/navi/install/rtabmap_rviz_plugins/share/rtabmap_rviz_plugins/package.dsv'
[1.213s] INFO:colcon.colcon_core.shell:Creating package script '/home/brace/codeSpace/navi/install/rtabmap_rviz_plugins/share/rtabmap_rviz_plugins/package.sh'
[1.213s] INFO:colcon.colcon_core.shell:Creating package script '/home/brace/codeSpace/navi/install/rtabmap_rviz_plugins/share/rtabmap_rviz_plugins/package.bash'
[1.214s] INFO:colcon.colcon_core.shell:Creating package script '/home/brace/codeSpace/navi/install/rtabmap_rviz_plugins/share/rtabmap_rviz_plugins/package.zsh'
[1.214s] Level 1:colcon.colcon_core.environment:create_file_with_runtime_dependencies(/home/brace/codeSpace/navi/install/rtabmap_rviz_plugins/share/colcon-core/packages/rtabmap_rviz_plugins)
[1.214s] Level 1:colcon.colcon_core.environment:create_environment_scripts_only(rtabmap_util)
[1.214s] Level 1:colcon.colcon_core.environment:checking '/home/brace/codeSpace/navi/install/rtabmap_util' for CMake module files
[1.215s] DEBUG:colcon.colcon_core.event_handler.log_command:Invoked command in '/home/brace/codeSpace/navi/build/rtabmap_util' returned '0': CMAKE_PREFIX_PATH=/home/brace/codeSpace/navi/install/rtabmap_conversions:/home/brace/codeSpace/navi/install/rtabmap_msgs:/home/brace/codeSpace/navi/install/rtabmap:/home/brace/codeSpace/navi/install/rtabmap_ros:/home/brace/codeSpace/navi/install/rtabmap_launch:/home/brace/codeSpace/navi/install/rtabmap_examples:/home/brace/codeSpace/navi/install/rtabmap_demos:/home/brace/codeSpace/navi/install/rtabmap_viz:/home/brace/codeSpace/navi/install/rtabmap_slam:/home/brace/codeSpace/navi/install/rtabmap_odom:/home/brace/codeSpace/navi/install/rtabmap_util:/home/brace/codeSpace/navi/install/rtabmap_sync:/home/brace/codeSpace/navi/install/rtabmap_rviz_plugins:/home/brace/codeSpace/navi/install/realsense2_rviz_plugin:/home/brace/codeSpace/navi/install/realsense2_description:/home/brace/codeSpace/navi/install/rtabmap_python:/home/brace/codeSpace/navi/install/realsense2_ros_mqtt_bridge:/opt/ros/humble LD_LIBRARY_PATH=/home/brace/codeSpace/navi/install/rtabmap_conversions/lib:/home/brace/codeSpace/navi/install/rtabmap_msgs/lib:/home/brace/codeSpace/navi/install/rtabmap/lib:/home/brace/codeSpace/navi/install/rtabmap_slam/lib:/home/brace/codeSpace/navi/install/rtabmap_odom/lib:/home/brace/codeSpace/navi/install/rtabmap_util/lib:/home/brace/codeSpace/navi/install/rtabmap_sync/lib:/home/brace/codeSpace/navi/install/rtabmap_rviz_plugins/lib:/opt/ros/humble/opt/rviz_ogre_vendor/lib:/opt/ros/humble/lib/x86_64-linux-gnu:/opt/ros/humble/lib /usr/bin/cmake --install /home/brace/codeSpace/navi/build/rtabmap_util
[1.215s] Level 1:colcon.colcon_core.environment:checking '/home/brace/codeSpace/navi/install/rtabmap_util' for CMake config files
[1.216s] Level 1:colcon.colcon_core.shell:create_environment_hook('rtabmap_util', 'cmake_prefix_path')
[1.216s] INFO:colcon.colcon_core.shell:Creating environment hook '/home/brace/codeSpace/navi/install/rtabmap_util/share/rtabmap_util/hook/cmake_prefix_path.ps1'
[1.216s] INFO:colcon.colcon_core.shell:Creating environment descriptor '/home/brace/codeSpace/navi/install/rtabmap_util/share/rtabmap_util/hook/cmake_prefix_path.dsv'
[1.216s] INFO:colcon.colcon_core.shell:Creating environment hook '/home/brace/codeSpace/navi/install/rtabmap_util/share/rtabmap_util/hook/cmake_prefix_path.sh'
[1.217s] Level 1:colcon.colcon_core.environment:checking '/home/brace/codeSpace/navi/install/rtabmap_util/lib'
[1.217s] Level 1:colcon.colcon_core.shell:create_environment_hook('rtabmap_util', 'ld_library_path_lib')
[1.217s] INFO:colcon.colcon_core.shell:Creating environment hook '/home/brace/codeSpace/navi/install/rtabmap_util/share/rtabmap_util/hook/ld_library_path_lib.ps1'
[1.217s] INFO:colcon.colcon_core.shell:Creating environment descriptor '/home/brace/codeSpace/navi/install/rtabmap_util/share/rtabmap_util/hook/ld_library_path_lib.dsv'
[1.217s] INFO:colcon.colcon_core.shell:Creating environment hook '/home/brace/codeSpace/navi/install/rtabmap_util/share/rtabmap_util/hook/ld_library_path_lib.sh'
[1.218s] Level 1:colcon.colcon_core.environment:checking '/home/brace/codeSpace/navi/install/rtabmap_util/bin'
[1.218s] Level 1:colcon.colcon_core.environment:checking '/home/brace/codeSpace/navi/install/rtabmap_util/lib/pkgconfig/rtabmap_util.pc'
[1.218s] Level 1:colcon.colcon_core.environment:checking '/home/brace/codeSpace/navi/install/rtabmap_util/lib/python3.10/site-packages'
[1.218s] Level 1:colcon.colcon_core.environment:checking '/home/brace/codeSpace/navi/install/rtabmap_util/bin'
[1.218s] INFO:colcon.colcon_core.shell:Creating package script '/home/brace/codeSpace/navi/install/rtabmap_util/share/rtabmap_util/package.ps1'
[1.219s] INFO:colcon.colcon_core.shell:Creating package descriptor '/home/brace/codeSpace/navi/install/rtabmap_util/share/rtabmap_util/package.dsv'
[1.219s] INFO:colcon.colcon_core.shell:Creating package script '/home/brace/codeSpace/navi/install/rtabmap_util/share/rtabmap_util/package.sh'
[1.219s] INFO:colcon.colcon_core.shell:Creating package script '/home/brace/codeSpace/navi/install/rtabmap_util/share/rtabmap_util/package.bash'
[1.219s] INFO:colcon.colcon_core.shell:Creating package script '/home/brace/codeSpace/navi/install/rtabmap_util/share/rtabmap_util/package.zsh'
[1.220s] Level 1:colcon.colcon_core.environment:create_file_with_runtime_dependencies(/home/brace/codeSpace/navi/install/rtabmap_util/share/colcon-core/packages/rtabmap_util)
[1.220s] Level 1:colcon.colcon_core.environment:create_environment_scripts_only(rtabmap_util)
[1.221s] Level 1:colcon.colcon_core.environment:checking '/home/brace/codeSpace/navi/install/rtabmap_util' for CMake module files
[1.221s] Level 1:colcon.colcon_core.environment:checking '/home/brace/codeSpace/navi/install/rtabmap_util' for CMake config files
[1.221s] Level 1:colcon.colcon_core.shell:create_environment_hook('rtabmap_util', 'cmake_prefix_path')
[1.221s] INFO:colcon.colcon_core.shell:Creating environment hook '/home/brace/codeSpace/navi/install/rtabmap_util/share/rtabmap_util/hook/cmake_prefix_path.ps1'
[1.222s] INFO:colcon.colcon_core.shell:Creating environment descriptor '/home/brace/codeSpace/navi/install/rtabmap_util/share/rtabmap_util/hook/cmake_prefix_path.dsv'
[1.222s] INFO:colcon.colcon_core.shell:Creating environment hook '/home/brace/codeSpace/navi/install/rtabmap_util/share/rtabmap_util/hook/cmake_prefix_path.sh'
[1.222s] Level 1:colcon.colcon_core.environment:checking '/home/brace/codeSpace/navi/install/rtabmap_util/lib'
[1.222s] Level 1:colcon.colcon_core.shell:create_environment_hook('rtabmap_util', 'ld_library_path_lib')
[1.223s] INFO:colcon.colcon_core.shell:Creating environment hook '/home/brace/codeSpace/navi/install/rtabmap_util/share/rtabmap_util/hook/ld_library_path_lib.ps1'
[1.223s] INFO:colcon.colcon_core.shell:Creating environment descriptor '/home/brace/codeSpace/navi/install/rtabmap_util/share/rtabmap_util/hook/ld_library_path_lib.dsv'
[1.223s] INFO:colcon.colcon_core.shell:Creating environment hook '/home/brace/codeSpace/navi/install/rtabmap_util/share/rtabmap_util/hook/ld_library_path_lib.sh'
[1.223s] Level 1:colcon.colcon_core.environment:checking '/home/brace/codeSpace/navi/install/rtabmap_util/bin'
[1.223s] Level 1:colcon.colcon_core.environment:checking '/home/brace/codeSpace/navi/install/rtabmap_util/lib/pkgconfig/rtabmap_util.pc'
[1.224s] Level 1:colcon.colcon_core.environment:checking '/home/brace/codeSpace/navi/install/rtabmap_util/lib/python3.10/site-packages'
[1.224s] Level 1:colcon.colcon_core.environment:checking '/home/brace/codeSpace/navi/install/rtabmap_util/bin'
[1.224s] INFO:colcon.colcon_core.shell:Creating package script '/home/brace/codeSpace/navi/install/rtabmap_util/share/rtabmap_util/package.ps1'
[1.224s] INFO:colcon.colcon_core.shell:Creating package descriptor '/home/brace/codeSpace/navi/install/rtabmap_util/share/rtabmap_util/package.dsv'
[1.225s] INFO:colcon.colcon_core.shell:Creating package script '/home/brace/codeSpace/navi/install/rtabmap_util/share/rtabmap_util/package.sh'
[1.225s] INFO:colcon.colcon_core.shell:Creating package script '/home/brace/codeSpace/navi/install/rtabmap_util/share/rtabmap_util/package.bash'
[1.225s] INFO:colcon.colcon_core.shell:Creating package script '/home/brace/codeSpace/navi/install/rtabmap_util/share/rtabmap_util/package.zsh'
[1.225s] Level 1:colcon.colcon_core.environment:create_file_with_runtime_dependencies(/home/brace/codeSpace/navi/install/rtabmap_util/share/colcon-core/packages/rtabmap_util)
[1.226s] INFO:colcon.colcon_ros.task.ament_cmake.build:Building ROS package in '/home/brace/codeSpace/navi/src/rtabmap_ros/rtabmap_odom' with build type 'ament_cmake'
[1.226s] INFO:colcon.colcon_cmake.task.cmake.build:Building CMake package in '/home/brace/codeSpace/navi/src/rtabmap_ros/rtabmap_odom'
[1.226s] INFO:colcon.colcon_core.shell:Skip shell extension 'powershell' for command environment: Not usable outside of PowerShell
[1.226s] DEBUG:colcon.colcon_core.shell:Skip shell extension 'dsv' for command environment
[1.229s] INFO:colcon.colcon_ros.task.ament_cmake.build:Building ROS package in '/home/brace/codeSpace/navi/src/rtabmap_ros/rtabmap_slam' with build type 'ament_cmake'
[1.229s] INFO:colcon.colcon_cmake.task.cmake.build:Building CMake package in '/home/brace/codeSpace/navi/src/rtabmap_ros/rtabmap_slam'
[1.230s] INFO:colcon.colcon_core.shell:Skip shell extension 'powershell' for command environment: Not usable outside of PowerShell
[1.230s] DEBUG:colcon.colcon_core.shell:Skip shell extension 'dsv' for command environment
[1.245s] DEBUG:colcon.colcon_core.event_handler.log_command:Invoking command in '/home/brace/codeSpace/navi/build/rtabmap_odom': CMAKE_PREFIX_PATH=/home/brace/codeSpace/navi/install/rtabmap_util:/home/brace/codeSpace/navi/install/rtabmap_sync:/home/brace/codeSpace/navi/install/rtabmap_conversions:/home/brace/codeSpace/navi/install/rtabmap_msgs:/home/brace/codeSpace/navi/install/rtabmap:/home/brace/codeSpace/navi/install/rtabmap_ros:/home/brace/codeSpace/navi/install/rtabmap_launch:/home/brace/codeSpace/navi/install/rtabmap_examples:/home/brace/codeSpace/navi/install/rtabmap_demos:/home/brace/codeSpace/navi/install/rtabmap_viz:/home/brace/codeSpace/navi/install/rtabmap_slam:/home/brace/codeSpace/navi/install/rtabmap_odom:/home/brace/codeSpace/navi/install/rtabmap_rviz_plugins:/home/brace/codeSpace/navi/install/realsense2_rviz_plugin:/home/brace/codeSpace/navi/install/realsense2_description:/home/brace/codeSpace/navi/install/rtabmap_python:/home/brace/codeSpace/navi/install/realsense2_ros_mqtt_bridge:/opt/ros/humble LD_LIBRARY_PATH=/home/brace/codeSpace/navi/install/rtabmap_util/lib:/home/brace/codeSpace/navi/install/rtabmap_sync/lib:/home/brace/codeSpace/navi/install/rtabmap_conversions/lib:/home/brace/codeSpace/navi/install/rtabmap_msgs/lib:/home/brace/codeSpace/navi/install/rtabmap/lib:/home/brace/codeSpace/navi/install/rtabmap_slam/lib:/home/brace/codeSpace/navi/install/rtabmap_odom/lib:/home/brace/codeSpace/navi/install/rtabmap_rviz_plugins/lib:/opt/ros/humble/opt/rviz_ogre_vendor/lib:/opt/ros/humble/lib/x86_64-linux-gnu:/opt/ros/humble/lib /usr/bin/cmake --build /home/brace/codeSpace/navi/build/rtabmap_odom -- -j16 -l16
[1.247s] DEBUG:colcon.colcon_core.event_handler.log_command:Invoking command in '/home/brace/codeSpace/navi/build/rtabmap_slam': CMAKE_PREFIX_PATH=/home/brace/codeSpace/navi/install/rtabmap_util:/home/brace/codeSpace/navi/install/rtabmap_sync:/home/brace/codeSpace/navi/install/rtabmap_conversions:/home/brace/codeSpace/navi/install/rtabmap_msgs:/home/brace/codeSpace/navi/install/rtabmap:/home/brace/codeSpace/navi/install/rtabmap_ros:/home/brace/codeSpace/navi/install/rtabmap_launch:/home/brace/codeSpace/navi/install/rtabmap_examples:/home/brace/codeSpace/navi/install/rtabmap_demos:/home/brace/codeSpace/navi/install/rtabmap_viz:/home/brace/codeSpace/navi/install/rtabmap_slam:/home/brace/codeSpace/navi/install/rtabmap_odom:/home/brace/codeSpace/navi/install/rtabmap_rviz_plugins:/home/brace/codeSpace/navi/install/realsense2_rviz_plugin:/home/brace/codeSpace/navi/install/realsense2_description:/home/brace/codeSpace/navi/install/rtabmap_python:/home/brace/codeSpace/navi/install/realsense2_ros_mqtt_bridge:/opt/ros/humble LD_LIBRARY_PATH=/home/brace/codeSpace/navi/install/rtabmap_util/lib:/home/brace/codeSpace/navi/install/rtabmap_sync/lib:/home/brace/codeSpace/navi/install/rtabmap_conversions/lib:/home/brace/codeSpace/navi/install/rtabmap_msgs/lib:/home/brace/codeSpace/navi/install/rtabmap/lib:/home/brace/codeSpace/navi/install/rtabmap_slam/lib:/home/brace/codeSpace/navi/install/rtabmap_odom/lib:/home/brace/codeSpace/navi/install/rtabmap_rviz_plugins/lib:/opt/ros/humble/opt/rviz_ogre_vendor/lib:/opt/ros/humble/lib/x86_64-linux-gnu:/opt/ros/humble/lib /usr/bin/cmake --build /home/brace/codeSpace/navi/build/rtabmap_slam -- -j16 -l16
[1.304s] DEBUG:colcon.colcon_core.event_handler.log_command:Invoked command in '/home/brace/codeSpace/navi/build/rtabmap_viz' returned '0': CMAKE_PREFIX_PATH=/home/brace/codeSpace/navi/install/rtabmap_sync:/home/brace/codeSpace/navi/install/rtabmap_conversions:/home/brace/codeSpace/navi/install/rtabmap_msgs:/home/brace/codeSpace/navi/install/rtabmap:/home/brace/codeSpace/navi/install/rtabmap_ros:/home/brace/codeSpace/navi/install/rtabmap_launch:/home/brace/codeSpace/navi/install/rtabmap_examples:/home/brace/codeSpace/navi/install/rtabmap_demos:/home/brace/codeSpace/navi/install/rtabmap_viz:/home/brace/codeSpace/navi/install/rtabmap_slam:/home/brace/codeSpace/navi/install/rtabmap_odom:/home/brace/codeSpace/navi/install/rtabmap_util:/home/brace/codeSpace/navi/install/rtabmap_rviz_plugins:/home/brace/codeSpace/navi/install/realsense2_rviz_plugin:/home/brace/codeSpace/navi/install/realsense2_description:/home/brace/codeSpace/navi/install/rtabmap_python:/home/brace/codeSpace/navi/install/realsense2_ros_mqtt_bridge:/opt/ros/humble LD_LIBRARY_PATH=/home/brace/codeSpace/navi/install/rtabmap_sync/lib:/home/brace/codeSpace/navi/install/rtabmap_conversions/lib:/home/brace/codeSpace/navi/install/rtabmap_msgs/lib:/home/brace/codeSpace/navi/install/rtabmap/lib:/home/brace/codeSpace/navi/install/rtabmap_slam/lib:/home/brace/codeSpace/navi/install/rtabmap_odom/lib:/home/brace/codeSpace/navi/install/rtabmap_util/lib:/home/brace/codeSpace/navi/install/rtabmap_rviz_plugins/lib:/opt/ros/humble/opt/rviz_ogre_vendor/lib:/opt/ros/humble/lib/x86_64-linux-gnu:/opt/ros/humble/lib /usr/bin/cmake --build /home/brace/codeSpace/navi/build/rtabmap_viz -- -j16 -l16
[1.307s] DEBUG:colcon.colcon_core.event_handler.log_command:Invoking command in '/home/brace/codeSpace/navi/build/rtabmap_viz': CMAKE_PREFIX_PATH=/home/brace/codeSpace/navi/install/rtabmap_sync:/home/brace/codeSpace/navi/install/rtabmap_conversions:/home/brace/codeSpace/navi/install/rtabmap_msgs:/home/brace/codeSpace/navi/install/rtabmap:/home/brace/codeSpace/navi/install/rtabmap_ros:/home/brace/codeSpace/navi/install/rtabmap_launch:/home/brace/codeSpace/navi/install/rtabmap_examples:/home/brace/codeSpace/navi/install/rtabmap_demos:/home/brace/codeSpace/navi/install/rtabmap_viz:/home/brace/codeSpace/navi/install/rtabmap_slam:/home/brace/codeSpace/navi/install/rtabmap_odom:/home/brace/codeSpace/navi/install/rtabmap_util:/home/brace/codeSpace/navi/install/rtabmap_rviz_plugins:/home/brace/codeSpace/navi/install/realsense2_rviz_plugin:/home/brace/codeSpace/navi/install/realsense2_description:/home/brace/codeSpace/navi/install/rtabmap_python:/home/brace/codeSpace/navi/install/realsense2_ros_mqtt_bridge:/opt/ros/humble LD_LIBRARY_PATH=/home/brace/codeSpace/navi/install/rtabmap_sync/lib:/home/brace/codeSpace/navi/install/rtabmap_conversions/lib:/home/brace/codeSpace/navi/install/rtabmap_msgs/lib:/home/brace/codeSpace/navi/install/rtabmap/lib:/home/brace/codeSpace/navi/install/rtabmap_slam/lib:/home/brace/codeSpace/navi/install/rtabmap_odom/lib:/home/brace/codeSpace/navi/install/rtabmap_util/lib:/home/brace/codeSpace/navi/install/rtabmap_rviz_plugins/lib:/opt/ros/humble/opt/rviz_ogre_vendor/lib:/opt/ros/humble/lib/x86_64-linux-gnu:/opt/ros/humble/lib /usr/bin/cmake --install /home/brace/codeSpace/navi/build/rtabmap_viz
[1.329s] Level 1:colcon.colcon_core.environment:create_environment_scripts_only(rtabmap_viz)
[1.330s] Level 1:colcon.colcon_core.environment:checking '/home/brace/codeSpace/navi/install/rtabmap_viz' for CMake module files
[1.330s] DEBUG:colcon.colcon_core.event_handler.log_command:Invoked command in '/home/brace/codeSpace/navi/build/rtabmap_viz' returned '0': CMAKE_PREFIX_PATH=/home/brace/codeSpace/navi/install/rtabmap_sync:/home/brace/codeSpace/navi/install/rtabmap_conversions:/home/brace/codeSpace/navi/install/rtabmap_msgs:/home/brace/codeSpace/navi/install/rtabmap:/home/brace/codeSpace/navi/install/rtabmap_ros:/home/brace/codeSpace/navi/install/rtabmap_launch:/home/brace/codeSpace/navi/install/rtabmap_examples:/home/brace/codeSpace/navi/install/rtabmap_demos:/home/brace/codeSpace/navi/install/rtabmap_viz:/home/brace/codeSpace/navi/install/rtabmap_slam:/home/brace/codeSpace/navi/install/rtabmap_odom:/home/brace/codeSpace/navi/install/rtabmap_util:/home/brace/codeSpace/navi/install/rtabmap_rviz_plugins:/home/brace/codeSpace/navi/install/realsense2_rviz_plugin:/home/brace/codeSpace/navi/install/realsense2_description:/home/brace/codeSpace/navi/install/rtabmap_python:/home/brace/codeSpace/navi/install/realsense2_ros_mqtt_bridge:/opt/ros/humble LD_LIBRARY_PATH=/home/brace/codeSpace/navi/install/rtabmap_sync/lib:/home/brace/codeSpace/navi/install/rtabmap_conversions/lib:/home/brace/codeSpace/navi/install/rtabmap_msgs/lib:/home/brace/codeSpace/navi/install/rtabmap/lib:/home/brace/codeSpace/navi/install/rtabmap_slam/lib:/home/brace/codeSpace/navi/install/rtabmap_odom/lib:/home/brace/codeSpace/navi/install/rtabmap_util/lib:/home/brace/codeSpace/navi/install/rtabmap_rviz_plugins/lib:/opt/ros/humble/opt/rviz_ogre_vendor/lib:/opt/ros/humble/lib/x86_64-linux-gnu:/opt/ros/humble/lib /usr/bin/cmake --install /home/brace/codeSpace/navi/build/rtabmap_viz
[1.330s] Level 1:colcon.colcon_core.environment:checking '/home/brace/codeSpace/navi/install/rtabmap_viz' for CMake config files
[1.331s] Level 1:colcon.colcon_core.shell:create_environment_hook('rtabmap_viz', 'cmake_prefix_path')
[1.331s] INFO:colcon.colcon_core.shell:Creating environment hook '/home/brace/codeSpace/navi/install/rtabmap_viz/share/rtabmap_viz/hook/cmake_prefix_path.ps1'
[1.331s] INFO:colcon.colcon_core.shell:Creating environment descriptor '/home/brace/codeSpace/navi/install/rtabmap_viz/share/rtabmap_viz/hook/cmake_prefix_path.dsv'
[1.331s] INFO:colcon.colcon_core.shell:Creating environment hook '/home/brace/codeSpace/navi/install/rtabmap_viz/share/rtabmap_viz/hook/cmake_prefix_path.sh'
[1.332s] Level 1:colcon.colcon_core.environment:checking '/home/brace/codeSpace/navi/install/rtabmap_viz/lib'
[1.332s] Level 1:colcon.colcon_core.environment:checking '/home/brace/codeSpace/navi/install/rtabmap_viz/bin'
[1.332s] Level 1:colcon.colcon_core.environment:checking '/home/brace/codeSpace/navi/install/rtabmap_viz/lib/pkgconfig/rtabmap_viz.pc'
[1.332s] Level 1:colcon.colcon_core.environment:checking '/home/brace/codeSpace/navi/install/rtabmap_viz/lib/python3.10/site-packages'
[1.332s] Level 1:colcon.colcon_core.environment:checking '/home/brace/codeSpace/navi/install/rtabmap_viz/bin'
[1.333s] INFO:colcon.colcon_core.shell:Creating package script '/home/brace/codeSpace/navi/install/rtabmap_viz/share/rtabmap_viz/package.ps1'
[1.333s] INFO:colcon.colcon_core.shell:Creating package descriptor '/home/brace/codeSpace/navi/install/rtabmap_viz/share/rtabmap_viz/package.dsv'
[1.333s] INFO:colcon.colcon_core.shell:Creating package script '/home/brace/codeSpace/navi/install/rtabmap_viz/share/rtabmap_viz/package.sh'
[1.334s] INFO:colcon.colcon_core.shell:Creating package script '/home/brace/codeSpace/navi/install/rtabmap_viz/share/rtabmap_viz/package.bash'
[1.334s] INFO:colcon.colcon_core.shell:Creating package script '/home/brace/codeSpace/navi/install/rtabmap_viz/share/rtabmap_viz/package.zsh'
[1.334s] Level 1:colcon.colcon_core.environment:create_file_with_runtime_dependencies(/home/brace/codeSpace/navi/install/rtabmap_viz/share/colcon-core/packages/rtabmap_viz)
[1.334s] Level 1:colcon.colcon_core.environment:create_environment_scripts_only(rtabmap_viz)
[1.335s] Level 1:colcon.colcon_core.environment:checking '/home/brace/codeSpace/navi/install/rtabmap_viz' for CMake module files
[1.335s] Level 1:colcon.colcon_core.environment:checking '/home/brace/codeSpace/navi/install/rtabmap_viz' for CMake config files
[1.335s] Level 1:colcon.colcon_core.shell:create_environment_hook('rtabmap_viz', 'cmake_prefix_path')
[1.335s] INFO:colcon.colcon_core.shell:Creating environment hook '/home/brace/codeSpace/navi/install/rtabmap_viz/share/rtabmap_viz/hook/cmake_prefix_path.ps1'
[1.336s] INFO:colcon.colcon_core.shell:Creating environment descriptor '/home/brace/codeSpace/navi/install/rtabmap_viz/share/rtabmap_viz/hook/cmake_prefix_path.dsv'
[1.336s] INFO:colcon.colcon_core.shell:Creating environment hook '/home/brace/codeSpace/navi/install/rtabmap_viz/share/rtabmap_viz/hook/cmake_prefix_path.sh'
[1.336s] Level 1:colcon.colcon_core.environment:checking '/home/brace/codeSpace/navi/install/rtabmap_viz/lib'
[1.336s] Level 1:colcon.colcon_core.environment:checking '/home/brace/codeSpace/navi/install/rtabmap_viz/bin'
[1.336s] Level 1:colcon.colcon_core.environment:checking '/home/brace/codeSpace/navi/install/rtabmap_viz/lib/pkgconfig/rtabmap_viz.pc'
[1.337s] Level 1:colcon.colcon_core.environment:checking '/home/brace/codeSpace/navi/install/rtabmap_viz/lib/python3.10/site-packages'
[1.337s] Level 1:colcon.colcon_core.environment:checking '/home/brace/codeSpace/navi/install/rtabmap_viz/bin'
[1.337s] INFO:colcon.colcon_core.shell:Creating package script '/home/brace/codeSpace/navi/install/rtabmap_viz/share/rtabmap_viz/package.ps1'
[1.337s] INFO:colcon.colcon_core.shell:Creating package descriptor '/home/brace/codeSpace/navi/install/rtabmap_viz/share/rtabmap_viz/package.dsv'
[1.338s] INFO:colcon.colcon_core.shell:Creating package script '/home/brace/codeSpace/navi/install/rtabmap_viz/share/rtabmap_viz/package.sh'
[1.338s] INFO:colcon.colcon_core.shell:Creating package script '/home/brace/codeSpace/navi/install/rtabmap_viz/share/rtabmap_viz/package.bash'
[1.339s] INFO:colcon.colcon_core.shell:Creating package script '/home/brace/codeSpace/navi/install/rtabmap_viz/share/rtabmap_viz/package.zsh'
[1.340s] Level 1:colcon.colcon_core.environment:create_file_with_runtime_dependencies(/home/brace/codeSpace/navi/install/rtabmap_viz/share/colcon-core/packages/rtabmap_viz)
[1.352s] DEBUG:colcon.colcon_core.event_handler.log_command:Invoked command in '/home/brace/codeSpace/navi/build/rtabmap_slam' returned '0': CMAKE_PREFIX_PATH=/home/brace/codeSpace/navi/install/rtabmap_util:/home/brace/codeSpace/navi/install/rtabmap_sync:/home/brace/codeSpace/navi/install/rtabmap_conversions:/home/brace/codeSpace/navi/install/rtabmap_msgs:/home/brace/codeSpace/navi/install/rtabmap:/home/brace/codeSpace/navi/install/rtabmap_ros:/home/brace/codeSpace/navi/install/rtabmap_launch:/home/brace/codeSpace/navi/install/rtabmap_examples:/home/brace/codeSpace/navi/install/rtabmap_demos:/home/brace/codeSpace/navi/install/rtabmap_viz:/home/brace/codeSpace/navi/install/rtabmap_slam:/home/brace/codeSpace/navi/install/rtabmap_odom:/home/brace/codeSpace/navi/install/rtabmap_rviz_plugins:/home/brace/codeSpace/navi/install/realsense2_rviz_plugin:/home/brace/codeSpace/navi/install/realsense2_description:/home/brace/codeSpace/navi/install/rtabmap_python:/home/brace/codeSpace/navi/install/realsense2_ros_mqtt_bridge:/opt/ros/humble LD_LIBRARY_PATH=/home/brace/codeSpace/navi/install/rtabmap_util/lib:/home/brace/codeSpace/navi/install/rtabmap_sync/lib:/home/brace/codeSpace/navi/install/rtabmap_conversions/lib:/home/brace/codeSpace/navi/install/rtabmap_msgs/lib:/home/brace/codeSpace/navi/install/rtabmap/lib:/home/brace/codeSpace/navi/install/rtabmap_slam/lib:/home/brace/codeSpace/navi/install/rtabmap_odom/lib:/home/brace/codeSpace/navi/install/rtabmap_rviz_plugins/lib:/opt/ros/humble/opt/rviz_ogre_vendor/lib:/opt/ros/humble/lib/x86_64-linux-gnu:/opt/ros/humble/lib /usr/bin/cmake --build /home/brace/codeSpace/navi/build/rtabmap_slam -- -j16 -l16
[1.353s] DEBUG:colcon.colcon_core.event_handler.log_command:Invoking command in '/home/brace/codeSpace/navi/build/rtabmap_slam': CMAKE_PREFIX_PATH=/home/brace/codeSpace/navi/install/rtabmap_util:/home/brace/codeSpace/navi/install/rtabmap_sync:/home/brace/codeSpace/navi/install/rtabmap_conversions:/home/brace/codeSpace/navi/install/rtabmap_msgs:/home/brace/codeSpace/navi/install/rtabmap:/home/brace/codeSpace/navi/install/rtabmap_ros:/home/brace/codeSpace/navi/install/rtabmap_launch:/home/brace/codeSpace/navi/install/rtabmap_examples:/home/brace/codeSpace/navi/install/rtabmap_demos:/home/brace/codeSpace/navi/install/rtabmap_viz:/home/brace/codeSpace/navi/install/rtabmap_slam:/home/brace/codeSpace/navi/install/rtabmap_odom:/home/brace/codeSpace/navi/install/rtabmap_rviz_plugins:/home/brace/codeSpace/navi/install/realsense2_rviz_plugin:/home/brace/codeSpace/navi/install/realsense2_description:/home/brace/codeSpace/navi/install/rtabmap_python:/home/brace/codeSpace/navi/install/realsense2_ros_mqtt_bridge:/opt/ros/humble LD_LIBRARY_PATH=/home/brace/codeSpace/navi/install/rtabmap_util/lib:/home/brace/codeSpace/navi/install/rtabmap_sync/lib:/home/brace/codeSpace/navi/install/rtabmap_conversions/lib:/home/brace/codeSpace/navi/install/rtabmap_msgs/lib:/home/brace/codeSpace/navi/install/rtabmap/lib:/home/brace/codeSpace/navi/install/rtabmap_slam/lib:/home/brace/codeSpace/navi/install/rtabmap_odom/lib:/home/brace/codeSpace/navi/install/rtabmap_rviz_plugins/lib:/opt/ros/humble/opt/rviz_ogre_vendor/lib:/opt/ros/humble/lib/x86_64-linux-gnu:/opt/ros/humble/lib /usr/bin/cmake --install /home/brace/codeSpace/navi/build/rtabmap_slam
[1.390s] Level 1:colcon.colcon_core.environment:create_environment_scripts_only(rtabmap_slam)
[1.391s] Level 1:colcon.colcon_core.environment:checking '/home/brace/codeSpace/navi/install/rtabmap_slam' for CMake module files
[1.391s] DEBUG:colcon.colcon_core.event_handler.log_command:Invoked command in '/home/brace/codeSpace/navi/build/rtabmap_slam' returned '0': CMAKE_PREFIX_PATH=/home/brace/codeSpace/navi/install/rtabmap_util:/home/brace/codeSpace/navi/install/rtabmap_sync:/home/brace/codeSpace/navi/install/rtabmap_conversions:/home/brace/codeSpace/navi/install/rtabmap_msgs:/home/brace/codeSpace/navi/install/rtabmap:/home/brace/codeSpace/navi/install/rtabmap_ros:/home/brace/codeSpace/navi/install/rtabmap_launch:/home/brace/codeSpace/navi/install/rtabmap_examples:/home/brace/codeSpace/navi/install/rtabmap_demos:/home/brace/codeSpace/navi/install/rtabmap_viz:/home/brace/codeSpace/navi/install/rtabmap_slam:/home/brace/codeSpace/navi/install/rtabmap_odom:/home/brace/codeSpace/navi/install/rtabmap_rviz_plugins:/home/brace/codeSpace/navi/install/realsense2_rviz_plugin:/home/brace/codeSpace/navi/install/realsense2_description:/home/brace/codeSpace/navi/install/rtabmap_python:/home/brace/codeSpace/navi/install/realsense2_ros_mqtt_bridge:/opt/ros/humble LD_LIBRARY_PATH=/home/brace/codeSpace/navi/install/rtabmap_util/lib:/home/brace/codeSpace/navi/install/rtabmap_sync/lib:/home/brace/codeSpace/navi/install/rtabmap_conversions/lib:/home/brace/codeSpace/navi/install/rtabmap_msgs/lib:/home/brace/codeSpace/navi/install/rtabmap/lib:/home/brace/codeSpace/navi/install/rtabmap_slam/lib:/home/brace/codeSpace/navi/install/rtabmap_odom/lib:/home/brace/codeSpace/navi/install/rtabmap_rviz_plugins/lib:/opt/ros/humble/opt/rviz_ogre_vendor/lib:/opt/ros/humble/lib/x86_64-linux-gnu:/opt/ros/humble/lib /usr/bin/cmake --install /home/brace/codeSpace/navi/build/rtabmap_slam
[1.392s] Level 1:colcon.colcon_core.environment:checking '/home/brace/codeSpace/navi/install/rtabmap_slam' for CMake config files
[1.392s] Level 1:colcon.colcon_core.shell:create_environment_hook('rtabmap_slam', 'cmake_prefix_path')
[1.392s] INFO:colcon.colcon_core.shell:Creating environment hook '/home/brace/codeSpace/navi/install/rtabmap_slam/share/rtabmap_slam/hook/cmake_prefix_path.ps1'
[1.393s] INFO:colcon.colcon_core.shell:Creating environment descriptor '/home/brace/codeSpace/navi/install/rtabmap_slam/share/rtabmap_slam/hook/cmake_prefix_path.dsv'
[1.394s] INFO:colcon.colcon_core.shell:Creating environment hook '/home/brace/codeSpace/navi/install/rtabmap_slam/share/rtabmap_slam/hook/cmake_prefix_path.sh'
[1.395s] Level 1:colcon.colcon_core.environment:checking '/home/brace/codeSpace/navi/install/rtabmap_slam/lib'
[1.395s] Level 1:colcon.colcon_core.shell:create_environment_hook('rtabmap_slam', 'ld_library_path_lib')
[1.395s] INFO:colcon.colcon_core.shell:Creating environment hook '/home/brace/codeSpace/navi/install/rtabmap_slam/share/rtabmap_slam/hook/ld_library_path_lib.ps1'
[1.395s] INFO:colcon.colcon_core.shell:Creating environment descriptor '/home/brace/codeSpace/navi/install/rtabmap_slam/share/rtabmap_slam/hook/ld_library_path_lib.dsv'
[1.396s] INFO:colcon.colcon_core.shell:Creating environment hook '/home/brace/codeSpace/navi/install/rtabmap_slam/share/rtabmap_slam/hook/ld_library_path_lib.sh'
[1.396s] Level 1:colcon.colcon_core.environment:checking '/home/brace/codeSpace/navi/install/rtabmap_slam/bin'
[1.396s] Level 1:colcon.colcon_core.environment:checking '/home/brace/codeSpace/navi/install/rtabmap_slam/lib/pkgconfig/rtabmap_slam.pc'
[1.396s] Level 1:colcon.colcon_core.environment:checking '/home/brace/codeSpace/navi/install/rtabmap_slam/lib/python3.10/site-packages'
[1.396s] Level 1:colcon.colcon_core.environment:checking '/home/brace/codeSpace/navi/install/rtabmap_slam/bin'
[1.397s] INFO:colcon.colcon_core.shell:Creating package script '/home/brace/codeSpace/navi/install/rtabmap_slam/share/rtabmap_slam/package.ps1'
[1.397s] INFO:colcon.colcon_core.shell:Creating package descriptor '/home/brace/codeSpace/navi/install/rtabmap_slam/share/rtabmap_slam/package.dsv'
[1.397s] INFO:colcon.colcon_core.shell:Creating package script '/home/brace/codeSpace/navi/install/rtabmap_slam/share/rtabmap_slam/package.sh'
[1.398s] INFO:colcon.colcon_core.shell:Creating package script '/home/brace/codeSpace/navi/install/rtabmap_slam/share/rtabmap_slam/package.bash'
[1.398s] INFO:colcon.colcon_core.shell:Creating package script '/home/brace/codeSpace/navi/install/rtabmap_slam/share/rtabmap_slam/package.zsh'
[1.398s] Level 1:colcon.colcon_core.environment:create_file_with_runtime_dependencies(/home/brace/codeSpace/navi/install/rtabmap_slam/share/colcon-core/packages/rtabmap_slam)
[1.398s] Level 1:colcon.colcon_core.environment:create_environment_scripts_only(rtabmap_slam)
[1.399s] Level 1:colcon.colcon_core.environment:checking '/home/brace/codeSpace/navi/install/rtabmap_slam' for CMake module files
[1.399s] Level 1:colcon.colcon_core.environment:checking '/home/brace/codeSpace/navi/install/rtabmap_slam' for CMake config files
[1.399s] Level 1:colcon.colcon_core.shell:create_environment_hook('rtabmap_slam', 'cmake_prefix_path')
[1.399s] INFO:colcon.colcon_core.shell:Creating environment hook '/home/brace/codeSpace/navi/install/rtabmap_slam/share/rtabmap_slam/hook/cmake_prefix_path.ps1'
[1.400s] INFO:colcon.colcon_core.shell:Creating environment descriptor '/home/brace/codeSpace/navi/install/rtabmap_slam/share/rtabmap_slam/hook/cmake_prefix_path.dsv'
[1.400s] INFO:colcon.colcon_core.shell:Creating environment hook '/home/brace/codeSpace/navi/install/rtabmap_slam/share/rtabmap_slam/hook/cmake_prefix_path.sh'
[1.401s] Level 1:colcon.colcon_core.environment:checking '/home/brace/codeSpace/navi/install/rtabmap_slam/lib'
[1.401s] Level 1:colcon.colcon_core.shell:create_environment_hook('rtabmap_slam', 'ld_library_path_lib')
[1.401s] INFO:colcon.colcon_core.shell:Creating environment hook '/home/brace/codeSpace/navi/install/rtabmap_slam/share/rtabmap_slam/hook/ld_library_path_lib.ps1'
[1.401s] INFO:colcon.colcon_core.shell:Creating environment descriptor '/home/brace/codeSpace/navi/install/rtabmap_slam/share/rtabmap_slam/hook/ld_library_path_lib.dsv'
[1.401s] INFO:colcon.colcon_core.shell:Creating environment hook '/home/brace/codeSpace/navi/install/rtabmap_slam/share/rtabmap_slam/hook/ld_library_path_lib.sh'
[1.402s] Level 1:colcon.colcon_core.environment:checking '/home/brace/codeSpace/navi/install/rtabmap_slam/bin'
[1.402s] Level 1:colcon.colcon_core.environment:checking '/home/brace/codeSpace/navi/install/rtabmap_slam/lib/pkgconfig/rtabmap_slam.pc'
[1.402s] Level 1:colcon.colcon_core.environment:checking '/home/brace/codeSpace/navi/install/rtabmap_slam/lib/python3.10/site-packages'
[1.402s] Level 1:colcon.colcon_core.environment:checking '/home/brace/codeSpace/navi/install/rtabmap_slam/bin'
[1.403s] INFO:colcon.colcon_core.shell:Creating package script '/home/brace/codeSpace/navi/install/rtabmap_slam/share/rtabmap_slam/package.ps1'
[1.403s] INFO:colcon.colcon_core.shell:Creating package descriptor '/home/brace/codeSpace/navi/install/rtabmap_slam/share/rtabmap_slam/package.dsv'
[1.404s] INFO:colcon.colcon_core.shell:Creating package script '/home/brace/codeSpace/navi/install/rtabmap_slam/share/rtabmap_slam/package.sh'
[1.404s] INFO:colcon.colcon_core.shell:Creating package script '/home/brace/codeSpace/navi/install/rtabmap_slam/share/rtabmap_slam/package.bash'
[1.404s] INFO:colcon.colcon_core.shell:Creating package script '/home/brace/codeSpace/navi/install/rtabmap_slam/share/rtabmap_slam/package.zsh'
[1.405s] Level 1:colcon.colcon_core.environment:create_file_with_runtime_dependencies(/home/brace/codeSpace/navi/install/rtabmap_slam/share/colcon-core/packages/rtabmap_slam)
[1.428s] DEBUG:colcon.colcon_core.event_handler.log_command:Invoked command in '/home/brace/codeSpace/navi/build/rtabmap_odom' returned '0': CMAKE_PREFIX_PATH=/home/brace/codeSpace/navi/install/rtabmap_util:/home/brace/codeSpace/navi/install/rtabmap_sync:/home/brace/codeSpace/navi/install/rtabmap_conversions:/home/brace/codeSpace/navi/install/rtabmap_msgs:/home/brace/codeSpace/navi/install/rtabmap:/home/brace/codeSpace/navi/install/rtabmap_ros:/home/brace/codeSpace/navi/install/rtabmap_launch:/home/brace/codeSpace/navi/install/rtabmap_examples:/home/brace/codeSpace/navi/install/rtabmap_demos:/home/brace/codeSpace/navi/install/rtabmap_viz:/home/brace/codeSpace/navi/install/rtabmap_slam:/home/brace/codeSpace/navi/install/rtabmap_odom:/home/brace/codeSpace/navi/install/rtabmap_rviz_plugins:/home/brace/codeSpace/navi/install/realsense2_rviz_plugin:/home/brace/codeSpace/navi/install/realsense2_description:/home/brace/codeSpace/navi/install/rtabmap_python:/home/brace/codeSpace/navi/install/realsense2_ros_mqtt_bridge:/opt/ros/humble LD_LIBRARY_PATH=/home/brace/codeSpace/navi/install/rtabmap_util/lib:/home/brace/codeSpace/navi/install/rtabmap_sync/lib:/home/brace/codeSpace/navi/install/rtabmap_conversions/lib:/home/brace/codeSpace/navi/install/rtabmap_msgs/lib:/home/brace/codeSpace/navi/install/rtabmap/lib:/home/brace/codeSpace/navi/install/rtabmap_slam/lib:/home/brace/codeSpace/navi/install/rtabmap_odom/lib:/home/brace/codeSpace/navi/install/rtabmap_rviz_plugins/lib:/opt/ros/humble/opt/rviz_ogre_vendor/lib:/opt/ros/humble/lib/x86_64-linux-gnu:/opt/ros/humble/lib /usr/bin/cmake --build /home/brace/codeSpace/navi/build/rtabmap_odom -- -j16 -l16
[1.430s] DEBUG:colcon.colcon_core.event_handler.log_command:Invoking command in '/home/brace/codeSpace/navi/build/rtabmap_odom': CMAKE_PREFIX_PATH=/home/brace/codeSpace/navi/install/rtabmap_util:/home/brace/codeSpace/navi/install/rtabmap_sync:/home/brace/codeSpace/navi/install/rtabmap_conversions:/home/brace/codeSpace/navi/install/rtabmap_msgs:/home/brace/codeSpace/navi/install/rtabmap:/home/brace/codeSpace/navi/install/rtabmap_ros:/home/brace/codeSpace/navi/install/rtabmap_launch:/home/brace/codeSpace/navi/install/rtabmap_examples:/home/brace/codeSpace/navi/install/rtabmap_demos:/home/brace/codeSpace/navi/install/rtabmap_viz:/home/brace/codeSpace/navi/install/rtabmap_slam:/home/brace/codeSpace/navi/install/rtabmap_odom:/home/brace/codeSpace/navi/install/rtabmap_rviz_plugins:/home/brace/codeSpace/navi/install/realsense2_rviz_plugin:/home/brace/codeSpace/navi/install/realsense2_description:/home/brace/codeSpace/navi/install/rtabmap_python:/home/brace/codeSpace/navi/install/realsense2_ros_mqtt_bridge:/opt/ros/humble LD_LIBRARY_PATH=/home/brace/codeSpace/navi/install/rtabmap_util/lib:/home/brace/codeSpace/navi/install/rtabmap_sync/lib:/home/brace/codeSpace/navi/install/rtabmap_conversions/lib:/home/brace/codeSpace/navi/install/rtabmap_msgs/lib:/home/brace/codeSpace/navi/install/rtabmap/lib:/home/brace/codeSpace/navi/install/rtabmap_slam/lib:/home/brace/codeSpace/navi/install/rtabmap_odom/lib:/home/brace/codeSpace/navi/install/rtabmap_rviz_plugins/lib:/opt/ros/humble/opt/rviz_ogre_vendor/lib:/opt/ros/humble/lib/x86_64-linux-gnu:/opt/ros/humble/lib /usr/bin/cmake --install /home/brace/codeSpace/navi/build/rtabmap_odom
[1.451s] Level 1:colcon.colcon_core.environment:create_environment_scripts_only(rtabmap_odom)
[1.452s] Level 1:colcon.colcon_core.environment:checking '/home/brace/codeSpace/navi/install/rtabmap_odom' for CMake module files
[1.452s] DEBUG:colcon.colcon_core.event_handler.log_command:Invoked command in '/home/brace/codeSpace/navi/build/rtabmap_odom' returned '0': CMAKE_PREFIX_PATH=/home/brace/codeSpace/navi/install/rtabmap_util:/home/brace/codeSpace/navi/install/rtabmap_sync:/home/brace/codeSpace/navi/install/rtabmap_conversions:/home/brace/codeSpace/navi/install/rtabmap_msgs:/home/brace/codeSpace/navi/install/rtabmap:/home/brace/codeSpace/navi/install/rtabmap_ros:/home/brace/codeSpace/navi/install/rtabmap_launch:/home/brace/codeSpace/navi/install/rtabmap_examples:/home/brace/codeSpace/navi/install/rtabmap_demos:/home/brace/codeSpace/navi/install/rtabmap_viz:/home/brace/codeSpace/navi/install/rtabmap_slam:/home/brace/codeSpace/navi/install/rtabmap_odom:/home/brace/codeSpace/navi/install/rtabmap_rviz_plugins:/home/brace/codeSpace/navi/install/realsense2_rviz_plugin:/home/brace/codeSpace/navi/install/realsense2_description:/home/brace/codeSpace/navi/install/rtabmap_python:/home/brace/codeSpace/navi/install/realsense2_ros_mqtt_bridge:/opt/ros/humble LD_LIBRARY_PATH=/home/brace/codeSpace/navi/install/rtabmap_util/lib:/home/brace/codeSpace/navi/install/rtabmap_sync/lib:/home/brace/codeSpace/navi/install/rtabmap_conversions/lib:/home/brace/codeSpace/navi/install/rtabmap_msgs/lib:/home/brace/codeSpace/navi/install/rtabmap/lib:/home/brace/codeSpace/navi/install/rtabmap_slam/lib:/home/brace/codeSpace/navi/install/rtabmap_odom/lib:/home/brace/codeSpace/navi/install/rtabmap_rviz_plugins/lib:/opt/ros/humble/opt/rviz_ogre_vendor/lib:/opt/ros/humble/lib/x86_64-linux-gnu:/opt/ros/humble/lib /usr/bin/cmake --install /home/brace/codeSpace/navi/build/rtabmap_odom
[1.453s] Level 1:colcon.colcon_core.environment:checking '/home/brace/codeSpace/navi/install/rtabmap_odom' for CMake config files
[1.453s] Level 1:colcon.colcon_core.shell:create_environment_hook('rtabmap_odom', 'cmake_prefix_path')
[1.453s] INFO:colcon.colcon_core.shell:Creating environment hook '/home/brace/codeSpace/navi/install/rtabmap_odom/share/rtabmap_odom/hook/cmake_prefix_path.ps1'
[1.453s] INFO:colcon.colcon_core.shell:Creating environment descriptor '/home/brace/codeSpace/navi/install/rtabmap_odom/share/rtabmap_odom/hook/cmake_prefix_path.dsv'
[1.454s] INFO:colcon.colcon_core.shell:Creating environment hook '/home/brace/codeSpace/navi/install/rtabmap_odom/share/rtabmap_odom/hook/cmake_prefix_path.sh'
[1.454s] Level 1:colcon.colcon_core.environment:checking '/home/brace/codeSpace/navi/install/rtabmap_odom/lib'
[1.454s] Level 1:colcon.colcon_core.shell:create_environment_hook('rtabmap_odom', 'ld_library_path_lib')
[1.454s] INFO:colcon.colcon_core.shell:Creating environment hook '/home/brace/codeSpace/navi/install/rtabmap_odom/share/rtabmap_odom/hook/ld_library_path_lib.ps1'
[1.455s] INFO:colcon.colcon_core.shell:Creating environment descriptor '/home/brace/codeSpace/navi/install/rtabmap_odom/share/rtabmap_odom/hook/ld_library_path_lib.dsv'
[1.455s] INFO:colcon.colcon_core.shell:Creating environment hook '/home/brace/codeSpace/navi/install/rtabmap_odom/share/rtabmap_odom/hook/ld_library_path_lib.sh'
[1.455s] Level 1:colcon.colcon_core.environment:checking '/home/brace/codeSpace/navi/install/rtabmap_odom/bin'
[1.455s] Level 1:colcon.colcon_core.environment:checking '/home/brace/codeSpace/navi/install/rtabmap_odom/lib/pkgconfig/rtabmap_odom.pc'
[1.455s] Level 1:colcon.colcon_core.environment:checking '/home/brace/codeSpace/navi/install/rtabmap_odom/lib/python3.10/site-packages'
[1.456s] Level 1:colcon.colcon_core.environment:checking '/home/brace/codeSpace/navi/install/rtabmap_odom/bin'
[1.456s] INFO:colcon.colcon_core.shell:Creating package script '/home/brace/codeSpace/navi/install/rtabmap_odom/share/rtabmap_odom/package.ps1'
[1.456s] INFO:colcon.colcon_core.shell:Creating package descriptor '/home/brace/codeSpace/navi/install/rtabmap_odom/share/rtabmap_odom/package.dsv'
[1.456s] INFO:colcon.colcon_core.shell:Creating package script '/home/brace/codeSpace/navi/install/rtabmap_odom/share/rtabmap_odom/package.sh'
[1.457s] INFO:colcon.colcon_core.shell:Creating package script '/home/brace/codeSpace/navi/install/rtabmap_odom/share/rtabmap_odom/package.bash'
[1.457s] INFO:colcon.colcon_core.shell:Creating package script '/home/brace/codeSpace/navi/install/rtabmap_odom/share/rtabmap_odom/package.zsh'
[1.457s] Level 1:colcon.colcon_core.environment:create_file_with_runtime_dependencies(/home/brace/codeSpace/navi/install/rtabmap_odom/share/colcon-core/packages/rtabmap_odom)
[1.457s] Level 1:colcon.colcon_core.environment:create_environment_scripts_only(rtabmap_odom)
[1.457s] Level 1:colcon.colcon_core.environment:checking '/home/brace/codeSpace/navi/install/rtabmap_odom' for CMake module files
[1.458s] Level 1:colcon.colcon_core.environment:checking '/home/brace/codeSpace/navi/install/rtabmap_odom' for CMake config files
[1.458s] Level 1:colcon.colcon_core.shell:create_environment_hook('rtabmap_odom', 'cmake_prefix_path')
[1.458s] INFO:colcon.colcon_core.shell:Creating environment hook '/home/brace/codeSpace/navi/install/rtabmap_odom/share/rtabmap_odom/hook/cmake_prefix_path.ps1'
[1.458s] INFO:colcon.colcon_core.shell:Creating environment descriptor '/home/brace/codeSpace/navi/install/rtabmap_odom/share/rtabmap_odom/hook/cmake_prefix_path.dsv'
[1.459s] INFO:colcon.colcon_core.shell:Creating environment hook '/home/brace/codeSpace/navi/install/rtabmap_odom/share/rtabmap_odom/hook/cmake_prefix_path.sh'
[1.459s] Level 1:colcon.colcon_core.environment:checking '/home/brace/codeSpace/navi/install/rtabmap_odom/lib'
[1.459s] Level 1:colcon.colcon_core.shell:create_environment_hook('rtabmap_odom', 'ld_library_path_lib')
[1.459s] INFO:colcon.colcon_core.shell:Creating environment hook '/home/brace/codeSpace/navi/install/rtabmap_odom/share/rtabmap_odom/hook/ld_library_path_lib.ps1'
[1.459s] INFO:colcon.colcon_core.shell:Creating environment descriptor '/home/brace/codeSpace/navi/install/rtabmap_odom/share/rtabmap_odom/hook/ld_library_path_lib.dsv'
[1.459s] INFO:colcon.colcon_core.shell:Creating environment hook '/home/brace/codeSpace/navi/install/rtabmap_odom/share/rtabmap_odom/hook/ld_library_path_lib.sh'
[1.460s] Level 1:colcon.colcon_core.environment:checking '/home/brace/codeSpace/navi/install/rtabmap_odom/bin'
[1.460s] Level 1:colcon.colcon_core.environment:checking '/home/brace/codeSpace/navi/install/rtabmap_odom/lib/pkgconfig/rtabmap_odom.pc'
[1.460s] Level 1:colcon.colcon_core.environment:checking '/home/brace/codeSpace/navi/install/rtabmap_odom/lib/python3.10/site-packages'
[1.460s] Level 1:colcon.colcon_core.environment:checking '/home/brace/codeSpace/navi/install/rtabmap_odom/bin'
[1.460s] INFO:colcon.colcon_core.shell:Creating package script '/home/brace/codeSpace/navi/install/rtabmap_odom/share/rtabmap_odom/package.ps1'
[1.461s] INFO:colcon.colcon_core.shell:Creating package descriptor '/home/brace/codeSpace/navi/install/rtabmap_odom/share/rtabmap_odom/package.dsv'
[1.461s] INFO:colcon.colcon_core.shell:Creating package script '/home/brace/codeSpace/navi/install/rtabmap_odom/share/rtabmap_odom/package.sh'
[1.461s] INFO:colcon.colcon_core.shell:Creating package script '/home/brace/codeSpace/navi/install/rtabmap_odom/share/rtabmap_odom/package.bash'
[1.461s] INFO:colcon.colcon_core.shell:Creating package script '/home/brace/codeSpace/navi/install/rtabmap_odom/share/rtabmap_odom/package.zsh'
[1.461s] Level 1:colcon.colcon_core.environment:create_file_with_runtime_dependencies(/home/brace/codeSpace/navi/install/rtabmap_odom/share/colcon-core/packages/rtabmap_odom)
[1.462s] INFO:colcon.colcon_ros.task.ament_cmake.build:Building ROS package in '/home/brace/codeSpace/navi/src/rtabmap_ros/rtabmap_demos' with build type 'ament_cmake'
[1.462s] INFO:colcon.colcon_cmake.task.cmake.build:Building CMake package in '/home/brace/codeSpace/navi/src/rtabmap_ros/rtabmap_demos'
[1.462s] INFO:colcon.colcon_core.shell:Skip shell extension 'powershell' for command environment: Not usable outside of PowerShell
[1.462s] DEBUG:colcon.colcon_core.shell:Skip shell extension 'dsv' for command environment
[1.467s] INFO:colcon.colcon_ros.task.ament_cmake.build:Building ROS package in '/home/brace/codeSpace/navi/src/rtabmap_ros/rtabmap_examples' with build type 'ament_cmake'
[1.467s] INFO:colcon.colcon_cmake.task.cmake.build:Building CMake package in '/home/brace/codeSpace/navi/src/rtabmap_ros/rtabmap_examples'
[1.467s] INFO:colcon.colcon_core.shell:Skip shell extension 'powershell' for command environment: Not usable outside of PowerShell
[1.467s] DEBUG:colcon.colcon_core.shell:Skip shell extension 'dsv' for command environment
[1.470s] INFO:colcon.colcon_ros.task.ament_cmake.build:Building ROS package in '/home/brace/codeSpace/navi/src/rtabmap_ros/rtabmap_launch' with build type 'ament_cmake'
[1.471s] INFO:colcon.colcon_cmake.task.cmake.build:Building CMake package in '/home/brace/codeSpace/navi/src/rtabmap_ros/rtabmap_launch'
[1.471s] INFO:colcon.colcon_core.shell:Skip shell extension 'powershell' for command environment: Not usable outside of PowerShell
[1.471s] DEBUG:colcon.colcon_core.shell:Skip shell extension 'dsv' for command environment
[1.485s] DEBUG:colcon.colcon_core.event_handler.log_command:Invoking command in '/home/brace/codeSpace/navi/build/rtabmap_demos': CMAKE_PREFIX_PATH=/home/brace/codeSpace/navi/install/rtabmap_viz:/home/brace/codeSpace/navi/install/rtabmap_slam:/home/brace/codeSpace/navi/install/rtabmap_odom:/home/brace/codeSpace/navi/install/rtabmap_util:/home/brace/codeSpace/navi/install/rtabmap_sync:/home/brace/codeSpace/navi/install/rtabmap_rviz_plugins:/home/brace/codeSpace/navi/install/rtabmap_conversions:/home/brace/codeSpace/navi/install/rtabmap_msgs:/home/brace/codeSpace/navi/install/rtabmap:/home/brace/codeSpace/navi/install/rtabmap_ros:/home/brace/codeSpace/navi/install/rtabmap_launch:/home/brace/codeSpace/navi/install/rtabmap_examples:/home/brace/codeSpace/navi/install/rtabmap_demos:/home/brace/codeSpace/navi/install/realsense2_rviz_plugin:/home/brace/codeSpace/navi/install/realsense2_description:/home/brace/codeSpace/navi/install/rtabmap_python:/home/brace/codeSpace/navi/install/realsense2_ros_mqtt_bridge:/opt/ros/humble /usr/bin/cmake --build /home/brace/codeSpace/navi/build/rtabmap_demos -- -j16 -l16
[1.489s] DEBUG:colcon.colcon_core.event_handler.log_command:Invoking command in '/home/brace/codeSpace/navi/build/rtabmap_examples': CMAKE_PREFIX_PATH=/home/brace/codeSpace/navi/install/rtabmap_viz:/home/brace/codeSpace/navi/install/rtabmap_slam:/home/brace/codeSpace/navi/install/rtabmap_odom:/home/brace/codeSpace/navi/install/rtabmap_util:/home/brace/codeSpace/navi/install/rtabmap_sync:/home/brace/codeSpace/navi/install/rtabmap_rviz_plugins:/home/brace/codeSpace/navi/install/rtabmap_conversions:/home/brace/codeSpace/navi/install/rtabmap_msgs:/home/brace/codeSpace/navi/install/rtabmap:/home/brace/codeSpace/navi/install/rtabmap_ros:/home/brace/codeSpace/navi/install/rtabmap_launch:/home/brace/codeSpace/navi/install/rtabmap_examples:/home/brace/codeSpace/navi/install/rtabmap_demos:/home/brace/codeSpace/navi/install/realsense2_rviz_plugin:/home/brace/codeSpace/navi/install/realsense2_description:/home/brace/codeSpace/navi/install/rtabmap_python:/home/brace/codeSpace/navi/install/realsense2_ros_mqtt_bridge:/opt/ros/humble /usr/bin/cmake --build /home/brace/codeSpace/navi/build/rtabmap_examples -- -j16 -l16
[1.493s] DEBUG:colcon.colcon_core.event_handler.log_command:Invoking command in '/home/brace/codeSpace/navi/build/rtabmap_launch': CMAKE_PREFIX_PATH=/home/brace/codeSpace/navi/install/rtabmap_viz:/home/brace/codeSpace/navi/install/rtabmap_slam:/home/brace/codeSpace/navi/install/rtabmap_odom:/home/brace/codeSpace/navi/install/rtabmap_util:/home/brace/codeSpace/navi/install/rtabmap_sync:/home/brace/codeSpace/navi/install/rtabmap_rviz_plugins:/home/brace/codeSpace/navi/install/rtabmap_conversions:/home/brace/codeSpace/navi/install/rtabmap_msgs:/home/brace/codeSpace/navi/install/rtabmap:/home/brace/codeSpace/navi/install/rtabmap_ros:/home/brace/codeSpace/navi/install/rtabmap_launch:/home/brace/codeSpace/navi/install/rtabmap_examples:/home/brace/codeSpace/navi/install/rtabmap_demos:/home/brace/codeSpace/navi/install/realsense2_rviz_plugin:/home/brace/codeSpace/navi/install/realsense2_description:/home/brace/codeSpace/navi/install/rtabmap_python:/home/brace/codeSpace/navi/install/realsense2_ros_mqtt_bridge:/opt/ros/humble /usr/bin/cmake --build /home/brace/codeSpace/navi/build/rtabmap_launch -- -j16 -l16
[1.516s] DEBUG:colcon.colcon_core.event_handler.log_command:Invoked command in '/home/brace/codeSpace/navi/build/rtabmap_demos' returned '0': CMAKE_PREFIX_PATH=/home/brace/codeSpace/navi/install/rtabmap_viz:/home/brace/codeSpace/navi/install/rtabmap_slam:/home/brace/codeSpace/navi/install/rtabmap_odom:/home/brace/codeSpace/navi/install/rtabmap_util:/home/brace/codeSpace/navi/install/rtabmap_sync:/home/brace/codeSpace/navi/install/rtabmap_rviz_plugins:/home/brace/codeSpace/navi/install/rtabmap_conversions:/home/brace/codeSpace/navi/install/rtabmap_msgs:/home/brace/codeSpace/navi/install/rtabmap:/home/brace/codeSpace/navi/install/rtabmap_ros:/home/brace/codeSpace/navi/install/rtabmap_launch:/home/brace/codeSpace/navi/install/rtabmap_examples:/home/brace/codeSpace/navi/install/rtabmap_demos:/home/brace/codeSpace/navi/install/realsense2_rviz_plugin:/home/brace/codeSpace/navi/install/realsense2_description:/home/brace/codeSpace/navi/install/rtabmap_python:/home/brace/codeSpace/navi/install/realsense2_ros_mqtt_bridge:/opt/ros/humble /usr/bin/cmake --build /home/brace/codeSpace/navi/build/rtabmap_demos -- -j16 -l16
[1.518s] DEBUG:colcon.colcon_core.event_handler.log_command:Invoking command in '/home/brace/codeSpace/navi/build/rtabmap_demos': CMAKE_PREFIX_PATH=/home/brace/codeSpace/navi/install/rtabmap_viz:/home/brace/codeSpace/navi/install/rtabmap_slam:/home/brace/codeSpace/navi/install/rtabmap_odom:/home/brace/codeSpace/navi/install/rtabmap_util:/home/brace/codeSpace/navi/install/rtabmap_sync:/home/brace/codeSpace/navi/install/rtabmap_rviz_plugins:/home/brace/codeSpace/navi/install/rtabmap_conversions:/home/brace/codeSpace/navi/install/rtabmap_msgs:/home/brace/codeSpace/navi/install/rtabmap:/home/brace/codeSpace/navi/install/rtabmap_ros:/home/brace/codeSpace/navi/install/rtabmap_launch:/home/brace/codeSpace/navi/install/rtabmap_examples:/home/brace/codeSpace/navi/install/rtabmap_demos:/home/brace/codeSpace/navi/install/realsense2_rviz_plugin:/home/brace/codeSpace/navi/install/realsense2_description:/home/brace/codeSpace/navi/install/rtabmap_python:/home/brace/codeSpace/navi/install/realsense2_ros_mqtt_bridge:/opt/ros/humble /usr/bin/cmake --install /home/brace/codeSpace/navi/build/rtabmap_demos
[1.518s] DEBUG:colcon.colcon_core.event_handler.log_command:Invoked command in '/home/brace/codeSpace/navi/build/rtabmap_examples' returned '0': CMAKE_PREFIX_PATH=/home/brace/codeSpace/navi/install/rtabmap_viz:/home/brace/codeSpace/navi/install/rtabmap_slam:/home/brace/codeSpace/navi/install/rtabmap_odom:/home/brace/codeSpace/navi/install/rtabmap_util:/home/brace/codeSpace/navi/install/rtabmap_sync:/home/brace/codeSpace/navi/install/rtabmap_rviz_plugins:/home/brace/codeSpace/navi/install/rtabmap_conversions:/home/brace/codeSpace/navi/install/rtabmap_msgs:/home/brace/codeSpace/navi/install/rtabmap:/home/brace/codeSpace/navi/install/rtabmap_ros:/home/brace/codeSpace/navi/install/rtabmap_launch:/home/brace/codeSpace/navi/install/rtabmap_examples:/home/brace/codeSpace/navi/install/rtabmap_demos:/home/brace/codeSpace/navi/install/realsense2_rviz_plugin:/home/brace/codeSpace/navi/install/realsense2_description:/home/brace/codeSpace/navi/install/rtabmap_python:/home/brace/codeSpace/navi/install/realsense2_ros_mqtt_bridge:/opt/ros/humble /usr/bin/cmake --build /home/brace/codeSpace/navi/build/rtabmap_examples -- -j16 -l16
[1.519s] DEBUG:colcon.colcon_core.event_handler.log_command:Invoking command in '/home/brace/codeSpace/navi/build/rtabmap_examples': CMAKE_PREFIX_PATH=/home/brace/codeSpace/navi/install/rtabmap_viz:/home/brace/codeSpace/navi/install/rtabmap_slam:/home/brace/codeSpace/navi/install/rtabmap_odom:/home/brace/codeSpace/navi/install/rtabmap_util:/home/brace/codeSpace/navi/install/rtabmap_sync:/home/brace/codeSpace/navi/install/rtabmap_rviz_plugins:/home/brace/codeSpace/navi/install/rtabmap_conversions:/home/brace/codeSpace/navi/install/rtabmap_msgs:/home/brace/codeSpace/navi/install/rtabmap:/home/brace/codeSpace/navi/install/rtabmap_ros:/home/brace/codeSpace/navi/install/rtabmap_launch:/home/brace/codeSpace/navi/install/rtabmap_examples:/home/brace/codeSpace/navi/install/rtabmap_demos:/home/brace/codeSpace/navi/install/realsense2_rviz_plugin:/home/brace/codeSpace/navi/install/realsense2_description:/home/brace/codeSpace/navi/install/rtabmap_python:/home/brace/codeSpace/navi/install/realsense2_ros_mqtt_bridge:/opt/ros/humble /usr/bin/cmake --install /home/brace/codeSpace/navi/build/rtabmap_examples
[1.528s] DEBUG:colcon.colcon_core.event_handler.log_command:Invoked command in '/home/brace/codeSpace/navi/build/rtabmap_launch' returned '0': CMAKE_PREFIX_PATH=/home/brace/codeSpace/navi/install/rtabmap_viz:/home/brace/codeSpace/navi/install/rtabmap_slam:/home/brace/codeSpace/navi/install/rtabmap_odom:/home/brace/codeSpace/navi/install/rtabmap_util:/home/brace/codeSpace/navi/install/rtabmap_sync:/home/brace/codeSpace/navi/install/rtabmap_rviz_plugins:/home/brace/codeSpace/navi/install/rtabmap_conversions:/home/brace/codeSpace/navi/install/rtabmap_msgs:/home/brace/codeSpace/navi/install/rtabmap:/home/brace/codeSpace/navi/install/rtabmap_ros:/home/brace/codeSpace/navi/install/rtabmap_launch:/home/brace/codeSpace/navi/install/rtabmap_examples:/home/brace/codeSpace/navi/install/rtabmap_demos:/home/brace/codeSpace/navi/install/realsense2_rviz_plugin:/home/brace/codeSpace/navi/install/realsense2_description:/home/brace/codeSpace/navi/install/rtabmap_python:/home/brace/codeSpace/navi/install/realsense2_ros_mqtt_bridge:/opt/ros/humble /usr/bin/cmake --build /home/brace/codeSpace/navi/build/rtabmap_launch -- -j16 -l16
[1.529s] DEBUG:colcon.colcon_core.event_handler.log_command:Invoking command in '/home/brace/codeSpace/navi/build/rtabmap_launch': CMAKE_PREFIX_PATH=/home/brace/codeSpace/navi/install/rtabmap_viz:/home/brace/codeSpace/navi/install/rtabmap_slam:/home/brace/codeSpace/navi/install/rtabmap_odom:/home/brace/codeSpace/navi/install/rtabmap_util:/home/brace/codeSpace/navi/install/rtabmap_sync:/home/brace/codeSpace/navi/install/rtabmap_rviz_plugins:/home/brace/codeSpace/navi/install/rtabmap_conversions:/home/brace/codeSpace/navi/install/rtabmap_msgs:/home/brace/codeSpace/navi/install/rtabmap:/home/brace/codeSpace/navi/install/rtabmap_ros:/home/brace/codeSpace/navi/install/rtabmap_launch:/home/brace/codeSpace/navi/install/rtabmap_examples:/home/brace/codeSpace/navi/install/rtabmap_demos:/home/brace/codeSpace/navi/install/realsense2_rviz_plugin:/home/brace/codeSpace/navi/install/realsense2_description:/home/brace/codeSpace/navi/install/rtabmap_python:/home/brace/codeSpace/navi/install/realsense2_ros_mqtt_bridge:/opt/ros/humble /usr/bin/cmake --install /home/brace/codeSpace/navi/build/rtabmap_launch
[1.534s] Level 1:colcon.colcon_core.environment:create_environment_scripts_only(rtabmap_demos)
[1.534s] Level 1:colcon.colcon_core.environment:checking '/home/brace/codeSpace/navi/install/rtabmap_demos' for CMake module files
[1.534s] DEBUG:colcon.colcon_core.event_handler.log_command:Invoked command in '/home/brace/codeSpace/navi/build/rtabmap_demos' returned '0': CMAKE_PREFIX_PATH=/home/brace/codeSpace/navi/install/rtabmap_viz:/home/brace/codeSpace/navi/install/rtabmap_slam:/home/brace/codeSpace/navi/install/rtabmap_odom:/home/brace/codeSpace/navi/install/rtabmap_util:/home/brace/codeSpace/navi/install/rtabmap_sync:/home/brace/codeSpace/navi/install/rtabmap_rviz_plugins:/home/brace/codeSpace/navi/install/rtabmap_conversions:/home/brace/codeSpace/navi/install/rtabmap_msgs:/home/brace/codeSpace/navi/install/rtabmap:/home/brace/codeSpace/navi/install/rtabmap_ros:/home/brace/codeSpace/navi/install/rtabmap_launch:/home/brace/codeSpace/navi/install/rtabmap_examples:/home/brace/codeSpace/navi/install/rtabmap_demos:/home/brace/codeSpace/navi/install/realsense2_rviz_plugin:/home/brace/codeSpace/navi/install/realsense2_description:/home/brace/codeSpace/navi/install/rtabmap_python:/home/brace/codeSpace/navi/install/realsense2_ros_mqtt_bridge:/opt/ros/humble /usr/bin/cmake --install /home/brace/codeSpace/navi/build/rtabmap_demos
[1.535s] Level 1:colcon.colcon_core.environment:checking '/home/brace/codeSpace/navi/install/rtabmap_demos' for CMake config files
[1.535s] Level 1:colcon.colcon_core.shell:create_environment_hook('rtabmap_demos', 'cmake_prefix_path')
[1.535s] INFO:colcon.colcon_core.shell:Creating environment hook '/home/brace/codeSpace/navi/install/rtabmap_demos/share/rtabmap_demos/hook/cmake_prefix_path.ps1'
[1.535s] INFO:colcon.colcon_core.shell:Creating environment descriptor '/home/brace/codeSpace/navi/install/rtabmap_demos/share/rtabmap_demos/hook/cmake_prefix_path.dsv'
[1.536s] INFO:colcon.colcon_core.shell:Creating environment hook '/home/brace/codeSpace/navi/install/rtabmap_demos/share/rtabmap_demos/hook/cmake_prefix_path.sh'
[1.536s] Level 1:colcon.colcon_core.environment:checking '/home/brace/codeSpace/navi/install/rtabmap_demos/bin'
[1.536s] Level 1:colcon.colcon_core.environment:checking '/home/brace/codeSpace/navi/install/rtabmap_demos/lib/pkgconfig/rtabmap_demos.pc'
[1.537s] Level 1:colcon.colcon_core.environment:checking '/home/brace/codeSpace/navi/install/rtabmap_demos/lib/python3.10/site-packages'
[1.537s] Level 1:colcon.colcon_core.environment:checking '/home/brace/codeSpace/navi/install/rtabmap_demos/bin'
[1.537s] INFO:colcon.colcon_core.shell:Creating package script '/home/brace/codeSpace/navi/install/rtabmap_demos/share/rtabmap_demos/package.ps1'
[1.538s] INFO:colcon.colcon_core.shell:Creating package descriptor '/home/brace/codeSpace/navi/install/rtabmap_demos/share/rtabmap_demos/package.dsv'
[1.538s] INFO:colcon.colcon_core.shell:Creating package script '/home/brace/codeSpace/navi/install/rtabmap_demos/share/rtabmap_demos/package.sh'
[1.538s] INFO:colcon.colcon_core.shell:Creating package script '/home/brace/codeSpace/navi/install/rtabmap_demos/share/rtabmap_demos/package.bash'
[1.539s] INFO:colcon.colcon_core.shell:Creating package script '/home/brace/codeSpace/navi/install/rtabmap_demos/share/rtabmap_demos/package.zsh'
[1.539s] Level 1:colcon.colcon_core.environment:create_file_with_runtime_dependencies(/home/brace/codeSpace/navi/install/rtabmap_demos/share/colcon-core/packages/rtabmap_demos)
[1.539s] Level 1:colcon.colcon_core.environment:create_environment_scripts_only(rtabmap_demos)
[1.539s] Level 1:colcon.colcon_core.environment:checking '/home/brace/codeSpace/navi/install/rtabmap_demos' for CMake module files
[1.540s] Level 1:colcon.colcon_core.environment:checking '/home/brace/codeSpace/navi/install/rtabmap_demos' for CMake config files
[1.540s] Level 1:colcon.colcon_core.shell:create_environment_hook('rtabmap_demos', 'cmake_prefix_path')
[1.540s] INFO:colcon.colcon_core.shell:Creating environment hook '/home/brace/codeSpace/navi/install/rtabmap_demos/share/rtabmap_demos/hook/cmake_prefix_path.ps1'
[1.540s] INFO:colcon.colcon_core.shell:Creating environment descriptor '/home/brace/codeSpace/navi/install/rtabmap_demos/share/rtabmap_demos/hook/cmake_prefix_path.dsv'
[1.540s] INFO:colcon.colcon_core.shell:Creating environment hook '/home/brace/codeSpace/navi/install/rtabmap_demos/share/rtabmap_demos/hook/cmake_prefix_path.sh'
[1.541s] Level 1:colcon.colcon_core.environment:checking '/home/brace/codeSpace/navi/install/rtabmap_demos/bin'
[1.541s] Level 1:colcon.colcon_core.environment:checking '/home/brace/codeSpace/navi/install/rtabmap_demos/lib/pkgconfig/rtabmap_demos.pc'
[1.541s] Level 1:colcon.colcon_core.environment:checking '/home/brace/codeSpace/navi/install/rtabmap_demos/lib/python3.10/site-packages'
[1.541s] Level 1:colcon.colcon_core.environment:checking '/home/brace/codeSpace/navi/install/rtabmap_demos/bin'
[1.541s] INFO:colcon.colcon_core.shell:Creating package script '/home/brace/codeSpace/navi/install/rtabmap_demos/share/rtabmap_demos/package.ps1'
[1.542s] INFO:colcon.colcon_core.shell:Creating package descriptor '/home/brace/codeSpace/navi/install/rtabmap_demos/share/rtabmap_demos/package.dsv'
[1.542s] INFO:colcon.colcon_core.shell:Creating package script '/home/brace/codeSpace/navi/install/rtabmap_demos/share/rtabmap_demos/package.sh'
[1.542s] INFO:colcon.colcon_core.shell:Creating package script '/home/brace/codeSpace/navi/install/rtabmap_demos/share/rtabmap_demos/package.bash'
[1.543s] INFO:colcon.colcon_core.shell:Creating package script '/home/brace/codeSpace/navi/install/rtabmap_demos/share/rtabmap_demos/package.zsh'
[1.543s] Level 1:colcon.colcon_core.environment:create_file_with_runtime_dependencies(/home/brace/codeSpace/navi/install/rtabmap_demos/share/colcon-core/packages/rtabmap_demos)
[1.544s] Level 1:colcon.colcon_core.environment:create_environment_scripts_only(rtabmap_examples)
[1.544s] Level 1:colcon.colcon_core.environment:checking '/home/brace/codeSpace/navi/install/rtabmap_examples' for CMake module files
[1.545s] DEBUG:colcon.colcon_core.event_handler.log_command:Invoked command in '/home/brace/codeSpace/navi/build/rtabmap_examples' returned '0': CMAKE_PREFIX_PATH=/home/brace/codeSpace/navi/install/rtabmap_viz:/home/brace/codeSpace/navi/install/rtabmap_slam:/home/brace/codeSpace/navi/install/rtabmap_odom:/home/brace/codeSpace/navi/install/rtabmap_util:/home/brace/codeSpace/navi/install/rtabmap_sync:/home/brace/codeSpace/navi/install/rtabmap_rviz_plugins:/home/brace/codeSpace/navi/install/rtabmap_conversions:/home/brace/codeSpace/navi/install/rtabmap_msgs:/home/brace/codeSpace/navi/install/rtabmap:/home/brace/codeSpace/navi/install/rtabmap_ros:/home/brace/codeSpace/navi/install/rtabmap_launch:/home/brace/codeSpace/navi/install/rtabmap_examples:/home/brace/codeSpace/navi/install/rtabmap_demos:/home/brace/codeSpace/navi/install/realsense2_rviz_plugin:/home/brace/codeSpace/navi/install/realsense2_description:/home/brace/codeSpace/navi/install/rtabmap_python:/home/brace/codeSpace/navi/install/realsense2_ros_mqtt_bridge:/opt/ros/humble /usr/bin/cmake --install /home/brace/codeSpace/navi/build/rtabmap_examples
[1.545s] Level 1:colcon.colcon_core.environment:checking '/home/brace/codeSpace/navi/install/rtabmap_examples' for CMake config files
[1.545s] Level 1:colcon.colcon_core.shell:create_environment_hook('rtabmap_examples', 'cmake_prefix_path')
[1.545s] INFO:colcon.colcon_core.shell:Creating environment hook '/home/brace/codeSpace/navi/install/rtabmap_examples/share/rtabmap_examples/hook/cmake_prefix_path.ps1'
[1.546s] INFO:colcon.colcon_core.shell:Creating environment descriptor '/home/brace/codeSpace/navi/install/rtabmap_examples/share/rtabmap_examples/hook/cmake_prefix_path.dsv'
[1.546s] INFO:colcon.colcon_core.shell:Creating environment hook '/home/brace/codeSpace/navi/install/rtabmap_examples/share/rtabmap_examples/hook/cmake_prefix_path.sh'
[1.547s] Level 1:colcon.colcon_core.environment:checking '/home/brace/codeSpace/navi/install/rtabmap_examples/bin'
[1.547s] Level 1:colcon.colcon_core.environment:checking '/home/brace/codeSpace/navi/install/rtabmap_examples/lib/pkgconfig/rtabmap_examples.pc'
[1.547s] Level 1:colcon.colcon_core.environment:checking '/home/brace/codeSpace/navi/install/rtabmap_examples/lib/python3.10/site-packages'
[1.547s] Level 1:colcon.colcon_core.environment:checking '/home/brace/codeSpace/navi/install/rtabmap_examples/bin'
[1.547s] INFO:colcon.colcon_core.shell:Creating package script '/home/brace/codeSpace/navi/install/rtabmap_examples/share/rtabmap_examples/package.ps1'
[1.548s] INFO:colcon.colcon_core.shell:Creating package descriptor '/home/brace/codeSpace/navi/install/rtabmap_examples/share/rtabmap_examples/package.dsv'
[1.548s] INFO:colcon.colcon_core.shell:Creating package script '/home/brace/codeSpace/navi/install/rtabmap_examples/share/rtabmap_examples/package.sh'
[1.549s] INFO:colcon.colcon_core.shell:Creating package script '/home/brace/codeSpace/navi/install/rtabmap_examples/share/rtabmap_examples/package.bash'
[1.549s] INFO:colcon.colcon_core.shell:Creating package script '/home/brace/codeSpace/navi/install/rtabmap_examples/share/rtabmap_examples/package.zsh'
[1.549s] Level 1:colcon.colcon_core.environment:create_file_with_runtime_dependencies(/home/brace/codeSpace/navi/install/rtabmap_examples/share/colcon-core/packages/rtabmap_examples)
[1.550s] Level 1:colcon.colcon_core.environment:create_environment_scripts_only(rtabmap_examples)
[1.550s] Level 1:colcon.colcon_core.environment:checking '/home/brace/codeSpace/navi/install/rtabmap_examples' for CMake module files
[1.550s] Level 1:colcon.colcon_core.environment:checking '/home/brace/codeSpace/navi/install/rtabmap_examples' for CMake config files
[1.550s] Level 1:colcon.colcon_core.shell:create_environment_hook('rtabmap_examples', 'cmake_prefix_path')
[1.551s] INFO:colcon.colcon_core.shell:Creating environment hook '/home/brace/codeSpace/navi/install/rtabmap_examples/share/rtabmap_examples/hook/cmake_prefix_path.ps1'
[1.551s] INFO:colcon.colcon_core.shell:Creating environment descriptor '/home/brace/codeSpace/navi/install/rtabmap_examples/share/rtabmap_examples/hook/cmake_prefix_path.dsv'
[1.551s] INFO:colcon.colcon_core.shell:Creating environment hook '/home/brace/codeSpace/navi/install/rtabmap_examples/share/rtabmap_examples/hook/cmake_prefix_path.sh'
[1.551s] Level 1:colcon.colcon_core.environment:checking '/home/brace/codeSpace/navi/install/rtabmap_examples/bin'
[1.552s] Level 1:colcon.colcon_core.environment:checking '/home/brace/codeSpace/navi/install/rtabmap_examples/lib/pkgconfig/rtabmap_examples.pc'
[1.552s] Level 1:colcon.colcon_core.environment:checking '/home/brace/codeSpace/navi/install/rtabmap_examples/lib/python3.10/site-packages'
[1.552s] Level 1:colcon.colcon_core.environment:checking '/home/brace/codeSpace/navi/install/rtabmap_examples/bin'
[1.552s] INFO:colcon.colcon_core.shell:Creating package script '/home/brace/codeSpace/navi/install/rtabmap_examples/share/rtabmap_examples/package.ps1'
[1.552s] INFO:colcon.colcon_core.shell:Creating package descriptor '/home/brace/codeSpace/navi/install/rtabmap_examples/share/rtabmap_examples/package.dsv'
[1.553s] INFO:colcon.colcon_core.shell:Creating package script '/home/brace/codeSpace/navi/install/rtabmap_examples/share/rtabmap_examples/package.sh'
[1.553s] INFO:colcon.colcon_core.shell:Creating package script '/home/brace/codeSpace/navi/install/rtabmap_examples/share/rtabmap_examples/package.bash'
[1.553s] INFO:colcon.colcon_core.shell:Creating package script '/home/brace/codeSpace/navi/install/rtabmap_examples/share/rtabmap_examples/package.zsh'
[1.553s] Level 1:colcon.colcon_core.environment:create_file_with_runtime_dependencies(/home/brace/codeSpace/navi/install/rtabmap_examples/share/colcon-core/packages/rtabmap_examples)
[1.554s] Level 1:colcon.colcon_core.environment:create_environment_scripts_only(rtabmap_launch)
[1.555s] Level 1:colcon.colcon_core.environment:checking '/home/brace/codeSpace/navi/install/rtabmap_launch' for CMake module files
[1.555s] DEBUG:colcon.colcon_core.event_handler.log_command:Invoked command in '/home/brace/codeSpace/navi/build/rtabmap_launch' returned '0': CMAKE_PREFIX_PATH=/home/brace/codeSpace/navi/install/rtabmap_viz:/home/brace/codeSpace/navi/install/rtabmap_slam:/home/brace/codeSpace/navi/install/rtabmap_odom:/home/brace/codeSpace/navi/install/rtabmap_util:/home/brace/codeSpace/navi/install/rtabmap_sync:/home/brace/codeSpace/navi/install/rtabmap_rviz_plugins:/home/brace/codeSpace/navi/install/rtabmap_conversions:/home/brace/codeSpace/navi/install/rtabmap_msgs:/home/brace/codeSpace/navi/install/rtabmap:/home/brace/codeSpace/navi/install/rtabmap_ros:/home/brace/codeSpace/navi/install/rtabmap_launch:/home/brace/codeSpace/navi/install/rtabmap_examples:/home/brace/codeSpace/navi/install/rtabmap_demos:/home/brace/codeSpace/navi/install/realsense2_rviz_plugin:/home/brace/codeSpace/navi/install/realsense2_description:/home/brace/codeSpace/navi/install/rtabmap_python:/home/brace/codeSpace/navi/install/realsense2_ros_mqtt_bridge:/opt/ros/humble /usr/bin/cmake --install /home/brace/codeSpace/navi/build/rtabmap_launch
[1.555s] Level 1:colcon.colcon_core.environment:checking '/home/brace/codeSpace/navi/install/rtabmap_launch' for CMake config files
[1.555s] Level 1:colcon.colcon_core.shell:create_environment_hook('rtabmap_launch', 'cmake_prefix_path')
[1.556s] INFO:colcon.colcon_core.shell:Creating environment hook '/home/brace/codeSpace/navi/install/rtabmap_launch/share/rtabmap_launch/hook/cmake_prefix_path.ps1'
[1.556s] INFO:colcon.colcon_core.shell:Creating environment descriptor '/home/brace/codeSpace/navi/install/rtabmap_launch/share/rtabmap_launch/hook/cmake_prefix_path.dsv'
[1.556s] INFO:colcon.colcon_core.shell:Creating environment hook '/home/brace/codeSpace/navi/install/rtabmap_launch/share/rtabmap_launch/hook/cmake_prefix_path.sh'
[1.557s] Level 1:colcon.colcon_core.environment:checking '/home/brace/codeSpace/navi/install/rtabmap_launch/bin'
[1.557s] Level 1:colcon.colcon_core.environment:checking '/home/brace/codeSpace/navi/install/rtabmap_launch/lib/pkgconfig/rtabmap_launch.pc'
[1.557s] Level 1:colcon.colcon_core.environment:checking '/home/brace/codeSpace/navi/install/rtabmap_launch/lib/python3.10/site-packages'
[1.558s] Level 1:colcon.colcon_core.environment:checking '/home/brace/codeSpace/navi/install/rtabmap_launch/bin'
[1.558s] INFO:colcon.colcon_core.shell:Creating package script '/home/brace/codeSpace/navi/install/rtabmap_launch/share/rtabmap_launch/package.ps1'
[1.558s] INFO:colcon.colcon_core.shell:Creating package descriptor '/home/brace/codeSpace/navi/install/rtabmap_launch/share/rtabmap_launch/package.dsv'
[1.559s] INFO:colcon.colcon_core.shell:Creating package script '/home/brace/codeSpace/navi/install/rtabmap_launch/share/rtabmap_launch/package.sh'
[1.559s] INFO:colcon.colcon_core.shell:Creating package script '/home/brace/codeSpace/navi/install/rtabmap_launch/share/rtabmap_launch/package.bash'
[1.559s] INFO:colcon.colcon_core.shell:Creating package script '/home/brace/codeSpace/navi/install/rtabmap_launch/share/rtabmap_launch/package.zsh'
[1.560s] Level 1:colcon.colcon_core.environment:create_file_with_runtime_dependencies(/home/brace/codeSpace/navi/install/rtabmap_launch/share/colcon-core/packages/rtabmap_launch)
[1.560s] Level 1:colcon.colcon_core.environment:create_environment_scripts_only(rtabmap_launch)
[1.560s] Level 1:colcon.colcon_core.environment:checking '/home/brace/codeSpace/navi/install/rtabmap_launch' for CMake module files
[1.561s] Level 1:colcon.colcon_core.environment:checking '/home/brace/codeSpace/navi/install/rtabmap_launch' for CMake config files
[1.561s] Level 1:colcon.colcon_core.shell:create_environment_hook('rtabmap_launch', 'cmake_prefix_path')
[1.561s] INFO:colcon.colcon_core.shell:Creating environment hook '/home/brace/codeSpace/navi/install/rtabmap_launch/share/rtabmap_launch/hook/cmake_prefix_path.ps1'
[1.561s] INFO:colcon.colcon_core.shell:Creating environment descriptor '/home/brace/codeSpace/navi/install/rtabmap_launch/share/rtabmap_launch/hook/cmake_prefix_path.dsv'
[1.561s] INFO:colcon.colcon_core.shell:Creating environment hook '/home/brace/codeSpace/navi/install/rtabmap_launch/share/rtabmap_launch/hook/cmake_prefix_path.sh'
[1.562s] Level 1:colcon.colcon_core.environment:checking '/home/brace/codeSpace/navi/install/rtabmap_launch/bin'
[1.562s] Level 1:colcon.colcon_core.environment:checking '/home/brace/codeSpace/navi/install/rtabmap_launch/lib/pkgconfig/rtabmap_launch.pc'
[1.562s] Level 1:colcon.colcon_core.environment:checking '/home/brace/codeSpace/navi/install/rtabmap_launch/lib/python3.10/site-packages'
[1.562s] Level 1:colcon.colcon_core.environment:checking '/home/brace/codeSpace/navi/install/rtabmap_launch/bin'
[1.562s] INFO:colcon.colcon_core.shell:Creating package script '/home/brace/codeSpace/navi/install/rtabmap_launch/share/rtabmap_launch/package.ps1'
[1.563s] INFO:colcon.colcon_core.shell:Creating package descriptor '/home/brace/codeSpace/navi/install/rtabmap_launch/share/rtabmap_launch/package.dsv'
[1.563s] INFO:colcon.colcon_core.shell:Creating package script '/home/brace/codeSpace/navi/install/rtabmap_launch/share/rtabmap_launch/package.sh'
[1.563s] INFO:colcon.colcon_core.shell:Creating package script '/home/brace/codeSpace/navi/install/rtabmap_launch/share/rtabmap_launch/package.bash'
[1.564s] INFO:colcon.colcon_core.shell:Creating package script '/home/brace/codeSpace/navi/install/rtabmap_launch/share/rtabmap_launch/package.zsh'
[1.564s] Level 1:colcon.colcon_core.environment:create_file_with_runtime_dependencies(/home/brace/codeSpace/navi/install/rtabmap_launch/share/colcon-core/packages/rtabmap_launch)
[1.564s] INFO:colcon.colcon_ros.task.ament_cmake.build:Building ROS package in '/home/brace/codeSpace/navi/src/rtabmap_ros/rtabmap_ros' with build type 'ament_cmake'
[1.564s] INFO:colcon.colcon_cmake.task.cmake.build:Building CMake package in '/home/brace/codeSpace/navi/src/rtabmap_ros/rtabmap_ros'
[1.564s] INFO:colcon.colcon_core.shell:Skip shell extension 'powershell' for command environment: Not usable outside of PowerShell
[1.564s] DEBUG:colcon.colcon_core.shell:Skip shell extension 'dsv' for command environment
[1.594s] DEBUG:colcon.colcon_core.event_handler.log_command:Invoking command in '/home/brace/codeSpace/navi/build/rtabmap_ros': AMENT_PREFIX_PATH=/home/brace/codeSpace/navi/install/rtabmap_python:/home/brace/codeSpace/navi/install/rtabmap_ros:/home/brace/codeSpace/navi/install/rtabmap_launch:/home/brace/codeSpace/navi/install/rtabmap_examples:/home/brace/codeSpace/navi/install/rtabmap_demos:/home/brace/codeSpace/navi/install/rtabmap_viz:/home/brace/codeSpace/navi/install/rtabmap_slam:/home/brace/codeSpace/navi/install/rtabmap_odom:/home/brace/codeSpace/navi/install/rtabmap_util:/home/brace/codeSpace/navi/install/rtabmap_sync:/home/brace/codeSpace/navi/install/rtabmap_rviz_plugins:/home/brace/codeSpace/navi/install/rtabmap_conversions:/home/brace/codeSpace/navi/install/rtabmap_msgs:/home/brace/codeSpace/navi/install/realsense2_rviz_plugin:/home/brace/codeSpace/navi/install/realsense2_ros_mqtt_bridge:/home/brace/codeSpace/navi/install/realsense2_description:/opt/ros/humble CMAKE_PREFIX_PATH=/home/brace/codeSpace/navi/install/rtabmap_launch:/home/brace/codeSpace/navi/install/rtabmap_examples:/home/brace/codeSpace/navi/install/rtabmap_demos:/home/brace/codeSpace/navi/install/rtabmap_viz:/home/brace/codeSpace/navi/install/rtabmap_slam:/home/brace/codeSpace/navi/install/rtabmap_odom:/home/brace/codeSpace/navi/install/rtabmap_util:/home/brace/codeSpace/navi/install/rtabmap_sync:/home/brace/codeSpace/navi/install/rtabmap_rviz_plugins:/home/brace/codeSpace/navi/install/rtabmap_conversions:/home/brace/codeSpace/navi/install/rtabmap_msgs:/home/brace/codeSpace/navi/install/rtabmap:/home/brace/codeSpace/navi/install/rtabmap_ros:/home/brace/codeSpace/navi/install/realsense2_rviz_plugin:/home/brace/codeSpace/navi/install/realsense2_description:/home/brace/codeSpace/navi/install/rtabmap_python:/home/brace/codeSpace/navi/install/realsense2_ros_mqtt_bridge:/opt/ros/humble /usr/bin/cmake --build /home/brace/codeSpace/navi/build/rtabmap_ros -- -j16 -l16
[1.630s] DEBUG:colcon.colcon_core.event_handler.log_command:Invoked command in '/home/brace/codeSpace/navi/build/rtabmap_ros' returned '0': AMENT_PREFIX_PATH=/home/brace/codeSpace/navi/install/rtabmap_python:/home/brace/codeSpace/navi/install/rtabmap_ros:/home/brace/codeSpace/navi/install/rtabmap_launch:/home/brace/codeSpace/navi/install/rtabmap_examples:/home/brace/codeSpace/navi/install/rtabmap_demos:/home/brace/codeSpace/navi/install/rtabmap_viz:/home/brace/codeSpace/navi/install/rtabmap_slam:/home/brace/codeSpace/navi/install/rtabmap_odom:/home/brace/codeSpace/navi/install/rtabmap_util:/home/brace/codeSpace/navi/install/rtabmap_sync:/home/brace/codeSpace/navi/install/rtabmap_rviz_plugins:/home/brace/codeSpace/navi/install/rtabmap_conversions:/home/brace/codeSpace/navi/install/rtabmap_msgs:/home/brace/codeSpace/navi/install/realsense2_rviz_plugin:/home/brace/codeSpace/navi/install/realsense2_ros_mqtt_bridge:/home/brace/codeSpace/navi/install/realsense2_description:/opt/ros/humble CMAKE_PREFIX_PATH=/home/brace/codeSpace/navi/install/rtabmap_launch:/home/brace/codeSpace/navi/install/rtabmap_examples:/home/brace/codeSpace/navi/install/rtabmap_demos:/home/brace/codeSpace/navi/install/rtabmap_viz:/home/brace/codeSpace/navi/install/rtabmap_slam:/home/brace/codeSpace/navi/install/rtabmap_odom:/home/brace/codeSpace/navi/install/rtabmap_util:/home/brace/codeSpace/navi/install/rtabmap_sync:/home/brace/codeSpace/navi/install/rtabmap_rviz_plugins:/home/brace/codeSpace/navi/install/rtabmap_conversions:/home/brace/codeSpace/navi/install/rtabmap_msgs:/home/brace/codeSpace/navi/install/rtabmap:/home/brace/codeSpace/navi/install/rtabmap_ros:/home/brace/codeSpace/navi/install/realsense2_rviz_plugin:/home/brace/codeSpace/navi/install/realsense2_description:/home/brace/codeSpace/navi/install/rtabmap_python:/home/brace/codeSpace/navi/install/realsense2_ros_mqtt_bridge:/opt/ros/humble /usr/bin/cmake --build /home/brace/codeSpace/navi/build/rtabmap_ros -- -j16 -l16
[1.631s] DEBUG:colcon.colcon_core.event_handler.log_command:Invoking command in '/home/brace/codeSpace/navi/build/rtabmap_ros': AMENT_PREFIX_PATH=/home/brace/codeSpace/navi/install/rtabmap_python:/home/brace/codeSpace/navi/install/rtabmap_ros:/home/brace/codeSpace/navi/install/rtabmap_launch:/home/brace/codeSpace/navi/install/rtabmap_examples:/home/brace/codeSpace/navi/install/rtabmap_demos:/home/brace/codeSpace/navi/install/rtabmap_viz:/home/brace/codeSpace/navi/install/rtabmap_slam:/home/brace/codeSpace/navi/install/rtabmap_odom:/home/brace/codeSpace/navi/install/rtabmap_util:/home/brace/codeSpace/navi/install/rtabmap_sync:/home/brace/codeSpace/navi/install/rtabmap_rviz_plugins:/home/brace/codeSpace/navi/install/rtabmap_conversions:/home/brace/codeSpace/navi/install/rtabmap_msgs:/home/brace/codeSpace/navi/install/realsense2_rviz_plugin:/home/brace/codeSpace/navi/install/realsense2_ros_mqtt_bridge:/home/brace/codeSpace/navi/install/realsense2_description:/opt/ros/humble CMAKE_PREFIX_PATH=/home/brace/codeSpace/navi/install/rtabmap_launch:/home/brace/codeSpace/navi/install/rtabmap_examples:/home/brace/codeSpace/navi/install/rtabmap_demos:/home/brace/codeSpace/navi/install/rtabmap_viz:/home/brace/codeSpace/navi/install/rtabmap_slam:/home/brace/codeSpace/navi/install/rtabmap_odom:/home/brace/codeSpace/navi/install/rtabmap_util:/home/brace/codeSpace/navi/install/rtabmap_sync:/home/brace/codeSpace/navi/install/rtabmap_rviz_plugins:/home/brace/codeSpace/navi/install/rtabmap_conversions:/home/brace/codeSpace/navi/install/rtabmap_msgs:/home/brace/codeSpace/navi/install/rtabmap:/home/brace/codeSpace/navi/install/rtabmap_ros:/home/brace/codeSpace/navi/install/realsense2_rviz_plugin:/home/brace/codeSpace/navi/install/realsense2_description:/home/brace/codeSpace/navi/install/rtabmap_python:/home/brace/codeSpace/navi/install/realsense2_ros_mqtt_bridge:/opt/ros/humble /usr/bin/cmake --install /home/brace/codeSpace/navi/build/rtabmap_ros
[1.650s] Level 1:colcon.colcon_core.environment:create_environment_scripts_only(rtabmap_ros)
[1.650s] Level 1:colcon.colcon_core.environment:checking '/home/brace/codeSpace/navi/install/rtabmap_ros' for CMake module files
[1.651s] DEBUG:colcon.colcon_core.event_handler.log_command:Invoked command in '/home/brace/codeSpace/navi/build/rtabmap_ros' returned '0': AMENT_PREFIX_PATH=/home/brace/codeSpace/navi/install/rtabmap_python:/home/brace/codeSpace/navi/install/rtabmap_ros:/home/brace/codeSpace/navi/install/rtabmap_launch:/home/brace/codeSpace/navi/install/rtabmap_examples:/home/brace/codeSpace/navi/install/rtabmap_demos:/home/brace/codeSpace/navi/install/rtabmap_viz:/home/brace/codeSpace/navi/install/rtabmap_slam:/home/brace/codeSpace/navi/install/rtabmap_odom:/home/brace/codeSpace/navi/install/rtabmap_util:/home/brace/codeSpace/navi/install/rtabmap_sync:/home/brace/codeSpace/navi/install/rtabmap_rviz_plugins:/home/brace/codeSpace/navi/install/rtabmap_conversions:/home/brace/codeSpace/navi/install/rtabmap_msgs:/home/brace/codeSpace/navi/install/realsense2_rviz_plugin:/home/brace/codeSpace/navi/install/realsense2_ros_mqtt_bridge:/home/brace/codeSpace/navi/install/realsense2_description:/opt/ros/humble CMAKE_PREFIX_PATH=/home/brace/codeSpace/navi/install/rtabmap_launch:/home/brace/codeSpace/navi/install/rtabmap_examples:/home/brace/codeSpace/navi/install/rtabmap_demos:/home/brace/codeSpace/navi/install/rtabmap_viz:/home/brace/codeSpace/navi/install/rtabmap_slam:/home/brace/codeSpace/navi/install/rtabmap_odom:/home/brace/codeSpace/navi/install/rtabmap_util:/home/brace/codeSpace/navi/install/rtabmap_sync:/home/brace/codeSpace/navi/install/rtabmap_rviz_plugins:/home/brace/codeSpace/navi/install/rtabmap_conversions:/home/brace/codeSpace/navi/install/rtabmap_msgs:/home/brace/codeSpace/navi/install/rtabmap:/home/brace/codeSpace/navi/install/rtabmap_ros:/home/brace/codeSpace/navi/install/realsense2_rviz_plugin:/home/brace/codeSpace/navi/install/realsense2_description:/home/brace/codeSpace/navi/install/rtabmap_python:/home/brace/codeSpace/navi/install/realsense2_ros_mqtt_bridge:/opt/ros/humble /usr/bin/cmake --install /home/brace/codeSpace/navi/build/rtabmap_ros
[1.651s] Level 1:colcon.colcon_core.environment:checking '/home/brace/codeSpace/navi/install/rtabmap_ros' for CMake config files
[1.651s] Level 1:colcon.colcon_core.shell:create_environment_hook('rtabmap_ros', 'cmake_prefix_path')
[1.651s] INFO:colcon.colcon_core.shell:Creating environment hook '/home/brace/codeSpace/navi/install/rtabmap_ros/share/rtabmap_ros/hook/cmake_prefix_path.ps1'
[1.651s] INFO:colcon.colcon_core.shell:Creating environment descriptor '/home/brace/codeSpace/navi/install/rtabmap_ros/share/rtabmap_ros/hook/cmake_prefix_path.dsv'
[1.652s] INFO:colcon.colcon_core.shell:Creating environment hook '/home/brace/codeSpace/navi/install/rtabmap_ros/share/rtabmap_ros/hook/cmake_prefix_path.sh'
[1.652s] Level 1:colcon.colcon_core.environment:checking '/home/brace/codeSpace/navi/install/rtabmap_ros/bin'
[1.652s] Level 1:colcon.colcon_core.environment:checking '/home/brace/codeSpace/navi/install/rtabmap_ros/lib/pkgconfig/rtabmap_ros.pc'
[1.652s] Level 1:colcon.colcon_core.environment:checking '/home/brace/codeSpace/navi/install/rtabmap_ros/lib/python3.10/site-packages'
[1.652s] Level 1:colcon.colcon_core.environment:checking '/home/brace/codeSpace/navi/install/rtabmap_ros/bin'
[1.653s] INFO:colcon.colcon_core.shell:Creating package script '/home/brace/codeSpace/navi/install/rtabmap_ros/share/rtabmap_ros/package.ps1'
[1.653s] INFO:colcon.colcon_core.shell:Creating package descriptor '/home/brace/codeSpace/navi/install/rtabmap_ros/share/rtabmap_ros/package.dsv'
[1.653s] INFO:colcon.colcon_core.shell:Creating package script '/home/brace/codeSpace/navi/install/rtabmap_ros/share/rtabmap_ros/package.sh'
[1.653s] INFO:colcon.colcon_core.shell:Creating package script '/home/brace/codeSpace/navi/install/rtabmap_ros/share/rtabmap_ros/package.bash'
[1.654s] INFO:colcon.colcon_core.shell:Creating package script '/home/brace/codeSpace/navi/install/rtabmap_ros/share/rtabmap_ros/package.zsh'
[1.654s] Level 1:colcon.colcon_core.environment:create_file_with_runtime_dependencies(/home/brace/codeSpace/navi/install/rtabmap_ros/share/colcon-core/packages/rtabmap_ros)
[1.654s] Level 1:colcon.colcon_core.environment:create_environment_scripts_only(rtabmap_ros)
[1.654s] Level 1:colcon.colcon_core.environment:checking '/home/brace/codeSpace/navi/install/rtabmap_ros' for CMake module files
[1.655s] Level 1:colcon.colcon_core.environment:checking '/home/brace/codeSpace/navi/install/rtabmap_ros' for CMake config files
[1.655s] Level 1:colcon.colcon_core.shell:create_environment_hook('rtabmap_ros', 'cmake_prefix_path')
[1.655s] INFO:colcon.colcon_core.shell:Creating environment hook '/home/brace/codeSpace/navi/install/rtabmap_ros/share/rtabmap_ros/hook/cmake_prefix_path.ps1'
[1.655s] INFO:colcon.colcon_core.shell:Creating environment descriptor '/home/brace/codeSpace/navi/install/rtabmap_ros/share/rtabmap_ros/hook/cmake_prefix_path.dsv'
[1.655s] INFO:colcon.colcon_core.shell:Creating environment hook '/home/brace/codeSpace/navi/install/rtabmap_ros/share/rtabmap_ros/hook/cmake_prefix_path.sh'
[1.656s] Level 1:colcon.colcon_core.environment:checking '/home/brace/codeSpace/navi/install/rtabmap_ros/bin'
[1.656s] Level 1:colcon.colcon_core.environment:checking '/home/brace/codeSpace/navi/install/rtabmap_ros/lib/pkgconfig/rtabmap_ros.pc'
[1.656s] Level 1:colcon.colcon_core.environment:checking '/home/brace/codeSpace/navi/install/rtabmap_ros/lib/python3.10/site-packages'
[1.656s] Level 1:colcon.colcon_core.environment:checking '/home/brace/codeSpace/navi/install/rtabmap_ros/bin'
[1.656s] INFO:colcon.colcon_core.shell:Creating package script '/home/brace/codeSpace/navi/install/rtabmap_ros/share/rtabmap_ros/package.ps1'
[1.656s] INFO:colcon.colcon_core.shell:Creating package descriptor '/home/brace/codeSpace/navi/install/rtabmap_ros/share/rtabmap_ros/package.dsv'
[1.657s] INFO:colcon.colcon_core.shell:Creating package script '/home/brace/codeSpace/navi/install/rtabmap_ros/share/rtabmap_ros/package.sh'
[1.657s] INFO:colcon.colcon_core.shell:Creating package script '/home/brace/codeSpace/navi/install/rtabmap_ros/share/rtabmap_ros/package.bash'
[1.657s] INFO:colcon.colcon_core.shell:Creating package script '/home/brace/codeSpace/navi/install/rtabmap_ros/share/rtabmap_ros/package.zsh'
[1.657s] Level 1:colcon.colcon_core.environment:create_file_with_runtime_dependencies(/home/brace/codeSpace/navi/install/rtabmap_ros/share/colcon-core/packages/rtabmap_ros)
[1.658s] DEBUG:colcon.colcon_parallel_executor.executor.parallel:closing loop
[1.658s] DEBUG:colcon.colcon_parallel_executor.executor.parallel:loop closed
[1.658s] DEBUG:colcon.colcon_parallel_executor.executor.parallel:run_until_complete finished with '0'
[1.658s] DEBUG:colcon.colcon_core.event_reactor:joining thread
[1.661s] INFO:colcon.colcon_core.plugin_system:Skipping extension 'colcon_notification.desktop_notification.terminal_notifier': Not used on non-Darwin systems
[1.661s] INFO:colcon.colcon_core.plugin_system:Skipping extension 'colcon_notification.desktop_notification.win32': Not used on non-Windows systems
[1.661s] INFO:colcon.colcon_notification.desktop_notification:Sending desktop notification using 'notify2'
[1.682s] DEBUG:colcon.colcon_core.event_reactor:joined thread
[1.682s] INFO:colcon.colcon_core.shell:Creating prefix script '/home/brace/codeSpace/navi/install/local_setup.ps1'
[1.684s] INFO:colcon.colcon_core.shell:Creating prefix util module '/home/brace/codeSpace/navi/install/_local_setup_util_ps1.py'
[1.685s] INFO:colcon.colcon_core.shell:Creating prefix chain script '/home/brace/codeSpace/navi/install/setup.ps1'
[1.687s] INFO:colcon.colcon_core.shell:Creating prefix script '/home/brace/codeSpace/navi/install/local_setup.sh'
[1.687s] INFO:colcon.colcon_core.shell:Creating prefix util module '/home/brace/codeSpace/navi/install/_local_setup_util_sh.py'
[1.688s] INFO:colcon.colcon_core.shell:Creating prefix chain script '/home/brace/codeSpace/navi/install/setup.sh'
[1.689s] INFO:colcon.colcon_core.shell:Creating prefix script '/home/brace/codeSpace/navi/install/local_setup.bash'
[1.689s] INFO:colcon.colcon_core.shell:Creating prefix chain script '/home/brace/codeSpace/navi/install/setup.bash'
[1.690s] INFO:colcon.colcon_core.shell:Creating prefix script '/home/brace/codeSpace/navi/install/local_setup.zsh'
[1.691s] INFO:colcon.colcon_core.shell:Creating prefix chain script '/home/brace/codeSpace/navi/install/setup.zsh'
