[0.000000] (-) TimerEvent: {}
[0.000193] (-) JobUnselected: {'identifier': 'brace'}
[0.000210] (-) JobUnselected: {'identifier': 'realsense2_description'}
[0.000221] (-) JobUnselected: {'identifier': 'realsense2_ros_mqtt_bridge'}
[0.000229] (-) JobUnselected: {'identifier': 'realsense2_rviz_plugin'}
[0.000237] (-) JobUnselected: {'identifier': 'rtabmap_conversions'}
[0.000245] (-) JobUnselected: {'identifier': 'rtabmap_demos'}
[0.000253] (-) JobUnselected: {'identifier': 'rtabmap_examples'}
[0.000261] (-) JobUnselected: {'identifier': 'rtabmap_launch'}
[0.000268] (-) JobUnselected: {'identifier': 'rtabmap_msgs'}
[0.000276] (-) JobUnselected: {'identifier': 'rtabmap_odom'}
[0.000284] (-) JobUnselected: {'identifier': 'rtabmap_python'}
[0.000292] (-) JobUnselected: {'identifier': 'rtabmap_ros'}
[0.000300] (-) JobUnselected: {'identifier': 'rtabmap_rviz_plugins'}
[0.000308] (-) JobUnselected: {'identifier': 'rtabmap_slam'}
[0.000315] (-) JobUnselected: {'identifier': 'rtabmap_sync'}
[0.000323] (-) JobUnselected: {'identifier': 'rtabmap_util'}
[0.000330] (-) JobUnselected: {'identifier': 'rtabmap_viz'}
[0.000341] (rtabmap) JobQueued: {'identifier': 'rtabmap', 'dependencies': OrderedDict()}
[0.000352] (rtabmap) JobStarted: {'identifier': 'rtabmap'}
[0.007978] (rtabmap) JobProgress: {'identifier': 'rtabmap', 'progress': 'cmake'}
[0.008406] (rtabmap) Command: {'cmd': ['/usr/bin/cmake', '/home/brace/codeSpace/navi/src/rtabmap', '-DCMAKE_INSTALL_PREFIX=/home/brace/codeSpace/navi/install/rtabmap'], 'cwd': '/home/brace/codeSpace/navi/build/rtabmap', 'env': OrderedDict([('GJS_DEBUG_TOPICS', 'JS ERROR;JS LOG'), ('LESSOPEN', '| /usr/bin/lesspipe %s'), ('VSCODE_CWD', '/home/brace'), ('CURSOR_EXTENSION_HOST_ROLE', 'agent-exec'), ('VSCODE_ESM_ENTRYPOINT', 'vs/workbench/api/node/extensionHostProcess'), ('LANGUAGE', 'zh_CN:zh:en_US:en'), ('USER', 'brace'), ('LC_TIME', 'zh_CN.UTF-8'), ('VSCODE_NLS_CONFIG', '{"userLocale":"zh-cn","osLocale":"zh-cn","resolvedLanguage":"zh-cn","defaultMessagesFile":"/usr/share/cursor/resources/app/out/nls.messages.json","languagePack":{"translationsConfigFile":"/home/brace/.config/Cursor/clp/3bfb7f1471a52e527cfc1587dd57c7c1.zh-cn/tcf.json","messagesFile":"/home/brace/.config/Cursor/clp/3bfb7f1471a52e527cfc1587dd57c7c1.zh-cn/60faf7b51077ed1df1db718157bbfed740d2e160/nls.messages.json","corruptMarkerFile":"/home/brace/.config/Cursor/clp/3bfb7f1471a52e527cfc1587dd57c7c1.zh-cn/corrupted.info"},"locale":"zh-cn","availableLanguages":{"*":"zh-cn"},"_languagePackId":"3bfb7f1471a52e527cfc1587dd57c7c1.zh-cn","_languagePackSupport":true,"_translationsConfigFile":"/home/brace/.config/Cursor/clp/3bfb7f1471a52e527cfc1587dd57c7c1.zh-cn/tcf.json","_cacheRoot":"/home/brace/.config/Cursor/clp/3bfb7f1471a52e527cfc1587dd57c7c1.zh-cn","_resolvedLanguagePackCoreLocation":"/home/brace/.config/Cursor/clp/3bfb7f1471a52e527cfc1587dd57c7c1.zh-cn/60faf7b51077ed1df1db718157bbfed740d2e160","_corruptedFile":"/home/brace/.config/Cursor/clp/3bfb7f1471a52e527cfc1587dd57c7c1.zh-cn/corrupted.info"}'), ('CI', '1'), ('VSCODE_HANDLES_UNCAUGHT_ERRORS', 'true'), ('XDG_SESSION_TYPE', 'x11'), ('SHLVL', '1'), ('LD_LIBRARY_PATH', '/home/brace/codeSpace/navi/install/rtabmap_slam/lib:/home/brace/codeSpace/navi/install/rtabmap_odom/lib:/home/brace/codeSpace/navi/install/rtabmap_util/lib:/home/brace/codeSpace/navi/install/rtabmap_sync/lib:/home/brace/codeSpace/navi/install/rtabmap_rviz_plugins/lib:/home/brace/codeSpace/navi/install/rtabmap_conversions/lib:/home/brace/codeSpace/navi/install/rtabmap_msgs/lib:/home/brace/codeSpace/navi/install/rtabmap/lib:/opt/ros/humble/opt/rviz_ogre_vendor/lib:/opt/ros/humble/lib/x86_64-linux-gnu:/opt/ros/humble/lib'), ('HOME', '/home/brace'), ('CHROME_DESKTOP', 'cursor.desktop'), ('OLDPWD', '/home/brace/codeSpace/navi'), ('DESKTOP_SESSION', 'ubuntu'), ('VSCODE_IPC_HOOK', '/run/user/1000/vscode-f599d7de-2.6.-main.sock'), ('GIO_LAUNCHED_DESKTOP_FILE', '/usr/share/applications/cursor.desktop'), ('ROS_PYTHON_VERSION', '3'), ('GNOME_SHELL_SESSION_MODE', 'ubuntu'), ('GTK_MODULES', 'gail:atk-bridge'), ('LC_MONETARY', 'zh_CN.UTF-8'), ('CURSOR_WORKSPACE_LABEL', 'codeSpace'), ('MANAGERPID', '1029'), ('SYSTEMD_EXEC_PID', '1448'), ('NO_COLOR', '1'), ('DBUS_SESSION_BUS_ADDRESS', 'unix:path=/run/user/1000/bus'), ('GIO_LAUNCHED_DESKTOP_FILE_PID', '6638'), ('VSCODE_CRASH_REPORTER_PROCESS_TYPE', 'extensionHost'), ('MANDATORY_PATH', '/usr/share/gconf/ubuntu.mandatory.path'), ('COLCON_PREFIX_PATH', '/home/brace/codeSpace/navi/install'), ('ROS_DISTRO', 'humble'), ('GTK_IM_MODULE', 'ibus'), ('LOGNAME', 'brace'), ('FORCE_COLOR', '0'), ('JOURNAL_STREAM', '8:4428'), ('_', '/usr/bin/colcon'), ('ROS_VERSION', '2'), ('PKG_CONFIG_PATH', '/home/brace/codeSpace/navi/install/rtabmap/lib/x86_64-linux-gnu/pkgconfig:/home/brace/codeSpace/navi/install/rtabmap/lib/pkgconfig'), ('XDG_SESSION_CLASS', 'user'), ('DEFAULTS_PATH', '/usr/share/gconf/ubuntu.default.path'), ('USERNAME', 'brace'), ('TERM', 'dumb'), ('GNOME_DESKTOP_SESSION_ID', 'this-is-deprecated'), ('FC_FONTATIONS', '1'), ('ROS_LOCALHOST_ONLY', '0'), ('WINDOWPATH', '2'), ('PATH', '/home/brace/codeSpace/navi/install/rtabmap/bin:/opt/ros/humble/bin:/usr/local/sbin:/usr/local/bin:/usr/sbin:/usr/bin:/sbin:/bin:/usr/games:/usr/local/games:/snap/bin:/snap/bin'), ('SESSION_MANAGER', 'local/brace-NUC13:@/tmp/.ICE-unix/1410,unix/brace-NUC13:/tmp/.ICE-unix/1410'), ('INVOCATION_ID', '3e74fb9948ae4f5fbbb39ca9f088caee'), ('XDG_MENU_PREFIX', 'gnome-'), ('LC_ADDRESS', 'zh_CN.UTF-8'), ('VSCODE_PROCESS_TITLE', 'extension-host (agent-exec) codeSpace [1-3]'), ('XDG_RUNTIME_DIR', '/run/user/1000'), ('GDK_BACKEND', 'x11'), ('CURSOR_AGENT', '1'), ('DISPLAY', ':0'), ('LANG', 'zh_CN.UTF-8'), ('XDG_CURRENT_DESKTOP', 'ubuntu:GNOME'), ('LC_TELEPHONE', 'zh_CN.UTF-8'), ('XMODIFIERS', '@im=ibus'), ('XDG_SESSION_DESKTOP', 'ubuntu'), ('XAUTHORITY', '/run/user/1000/gdm/Xauthority'), ('LS_COLORS', ''), ('CURSOR_TRACE_ID', 'f1aa41e964ce4431a94f9bc384270429'), ('SSH_AGENT_LAUNCHER', 'gnome-keyring'), ('SSH_AUTH_SOCK', '/run/user/1000/keyring/ssh'), ('AMENT_PREFIX_PATH', '/home/brace/codeSpace/navi/install/rtabmap_ros:/home/brace/codeSpace/navi/install/rtabmap_launch:/home/brace/codeSpace/navi/install/rtabmap_examples:/home/brace/codeSpace/navi/install/rtabmap_demos:/home/brace/codeSpace/navi/install/rtabmap_viz:/home/brace/codeSpace/navi/install/rtabmap_slam:/home/brace/codeSpace/navi/install/rtabmap_odom:/home/brace/codeSpace/navi/install/rtabmap_util:/home/brace/codeSpace/navi/install/rtabmap_sync:/home/brace/codeSpace/navi/install/rtabmap_rviz_plugins:/home/brace/codeSpace/navi/install/rtabmap_python:/home/brace/codeSpace/navi/install/rtabmap_conversions:/home/brace/codeSpace/navi/install/rtabmap_msgs:/home/brace/codeSpace/navi/install/realsense2_rviz_plugin:/home/brace/codeSpace/navi/install/realsense2_ros_mqtt_bridge:/home/brace/codeSpace/navi/install/realsense2_description:/home/brace/codeSpace/navi/install/brace:/opt/ros/humble'), ('SHELL', '/bin/bash'), ('LC_NAME', 'zh_CN.UTF-8'), ('QT_ACCESSIBILITY', '1'), ('GDMSESSION', 'ubuntu'), ('LESSCLOSE', '/usr/bin/lesspipe %s %s'), ('LC_MEASUREMENT', 'zh_CN.UTF-8'), ('GPG_AGENT_INFO', '/run/user/1000/gnupg/S.gpg-agent:0:1'), ('GJS_DEBUG_OUTPUT', 'stderr'), ('LC_IDENTIFICATION', 'zh_CN.UTF-8'), ('QT_IM_MODULE', 'ibus'), ('PWD', '/home/brace/codeSpace/navi/build/rtabmap'), ('XDG_CONFIG_DIRS', '/etc/xdg/xdg-ubuntu:/etc/xdg'), ('VSCODE_CODE_CACHE_PATH', '/home/brace/.config/Cursor/CachedData/60faf7b51077ed1df1db718157bbfed740d2e160'), ('XDG_DATA_DIRS', '/usr/share/ubuntu:/usr/share/gnome:/usr/local/share/:/usr/share/:/var/lib/snapd/desktop'), ('PYTHONPATH', '/home/brace/codeSpace/navi/install/rtabmap_python/lib/python3.10/site-packages:/home/brace/codeSpace/navi/install/rtabmap_msgs/local/lib/python3.10/dist-packages:/home/brace/codeSpace/navi/install/realsense2_ros_mqtt_bridge/lib/python3.10/site-packages:/home/brace/codeSpace/navi/install/brace/lib/python3.10/site-packages:/opt/ros/humble/lib/python3.10/site-packages:/opt/ros/humble/local/lib/python3.10/dist-packages'), ('LC_NUMERIC', 'zh_CN.UTF-8'), ('LC_PAPER', 'zh_CN.UTF-8'), ('COLCON', '1'), ('_ZO_DOCTOR', '0'), ('CMAKE_PREFIX_PATH', '/home/brace/codeSpace/navi/install/rtabmap_ros:/home/brace/codeSpace/navi/install/rtabmap_launch:/home/brace/codeSpace/navi/install/rtabmap_examples:/home/brace/codeSpace/navi/install/rtabmap_demos:/home/brace/codeSpace/navi/install/rtabmap_viz:/home/brace/codeSpace/navi/install/rtabmap_slam:/home/brace/codeSpace/navi/install/rtabmap_odom:/home/brace/codeSpace/navi/install/rtabmap_util:/home/brace/codeSpace/navi/install/rtabmap_sync:/home/brace/codeSpace/navi/install/rtabmap_rviz_plugins:/home/brace/codeSpace/navi/install/rtabmap_conversions:/home/brace/codeSpace/navi/install/rtabmap_msgs:/home/brace/codeSpace/navi/install/rtabmap:/home/brace/codeSpace/navi/install/realsense2_rviz_plugin:/home/brace/codeSpace/navi/install/realsense2_description:/home/brace/codeSpace/navi/install/rtabmap_python:/home/brace/codeSpace/navi/install/realsense2_ros_mqtt_bridge:/home/brace/codeSpace/navi/install/brace:/opt/ros/humble'), ('VSCODE_PID', '9279')]), 'shell': False}
[0.099702] (-) TimerEvent: {}
[0.109914] (rtabmap) StdoutLine: {'line': b'-- The C compiler identification is GNU 11.4.0\n'}
[0.185554] (rtabmap) StdoutLine: {'line': b'-- The CXX compiler identification is GNU 11.4.0\n'}
[0.191681] (rtabmap) StdoutLine: {'line': b'-- Detecting C compiler ABI info\n'}
[0.199772] (-) TimerEvent: {}
[0.267325] (rtabmap) StdoutLine: {'line': b'-- Detecting C compiler ABI info - done\n'}
[0.273324] (rtabmap) StdoutLine: {'line': b'-- Check for working C compiler: /usr/bin/cc - skipped\n'}
[0.273872] (rtabmap) StdoutLine: {'line': b'-- Detecting C compile features\n'}
[0.274504] (rtabmap) StdoutLine: {'line': b'-- Detecting C compile features - done\n'}
[0.277729] (rtabmap) StdoutLine: {'line': b'-- Detecting CXX compiler ABI info\n'}
[0.299872] (-) TimerEvent: {}
[0.354365] (rtabmap) StdoutLine: {'line': b'-- Detecting CXX compiler ABI info - done\n'}
[0.360341] (rtabmap) StdoutLine: {'line': b'-- Check for working CXX compiler: /usr/bin/c++ - skipped\n'}
[0.360688] (rtabmap) StdoutLine: {'line': b'-- Detecting CXX compile features\n'}
[0.360781] (rtabmap) StdoutLine: {'line': b'-- Detecting CXX compile features - done\n'}
[0.362853] (rtabmap) StdoutLine: {'line': b'-- MOBILE_BUILD=OFF\n'}
[0.388279] (rtabmap) StdoutLine: {'line': b"-- Checking for module 'eigen3'\n"}
[0.399974] (-) TimerEvent: {}
[0.404002] (rtabmap) StdoutLine: {'line': b'--   Found eigen3, version 3.4.0\n'}
[0.439140] (rtabmap) StdoutLine: {'line': b'-- Found Eigen: /usr/include/eigen3 (Required is at least version "3.1") \n'}
[0.439336] (rtabmap) StdoutLine: {'line': b'-- Eigen found (include: /usr/include/eigen3, version: 3.4.0)\n'}
[0.500097] (-) TimerEvent: {}
[0.551478] (rtabmap) StdoutLine: {'line': b"-- Checking for module 'libusb-1.0'\n"}
[0.567871] (rtabmap) StdoutLine: {'line': b'--   Found libusb-1.0, version 1.0.25\n'}
[0.600240] (-) TimerEvent: {}
[0.611832] (rtabmap) StdoutLine: {'line': b'-- Found libusb: /usr/lib/x86_64-linux-gnu/libusb-1.0.so  \n'}
[0.612771] (rtabmap) StdoutLine: {'line': b'-- OpenNI found (version: 1.5.4.0, include: /usr/include/ni, lib: /usr/lib/libOpenNI.so;libusb::libusb)\n'}
[0.700350] (-) TimerEvent: {}
[0.800514] (-) TimerEvent: {}
[0.900707] (-) TimerEvent: {}
[1.000901] (-) TimerEvent: {}
[1.101094] (-) TimerEvent: {}
[1.201322] (-) TimerEvent: {}
[1.301506] (-) TimerEvent: {}
[1.401699] (-) TimerEvent: {}
[1.501884] (-) TimerEvent: {}
[1.602112] (-) TimerEvent: {}
[1.699825] (rtabmap) StdoutLine: {'line': b'-- Eigen found (include: /usr/include/eigen3, version: 3.4.0)\n'}
[1.702194] (-) TimerEvent: {}
[1.714142] (rtabmap) StdoutLine: {'line': b"-- Checking for module 'flann'\n"}
[1.727932] (rtabmap) StdoutLine: {'line': b'--   Found flann, version 1.9.1\n'}
[1.789594] (rtabmap) StdoutLine: {'line': b'-- Found FLANN: /usr/lib/x86_64-linux-gnu/libflann_cpp.so  \n'}
[1.789791] (rtabmap) StdoutLine: {'line': b'-- FLANN found (include: /usr/include, lib: /usr/lib/x86_64-linux-gnu/libflann_cpp.so)\n'}
[1.797249] (rtabmap) StdoutLine: {'line': b'-- Found Qhull version 8.0.2\n'}
[1.802296] (-) TimerEvent: {}
[1.902508] (-) TimerEvent: {}
[2.002717] (-) TimerEvent: {}
[2.102923] (-) TimerEvent: {}
[2.174692] (rtabmap) StdoutLine: {'line': b'-- OpenNI found (version: 1.5.4.0, include: /usr/include/ni, lib: /usr/lib/libOpenNI.so;libusb::libusb)\n'}
[2.203114] (-) TimerEvent: {}
[2.293087] (rtabmap) StdoutLine: {'line': b'-- Found PCL_COMMON: /usr/lib/x86_64-linux-gnu/libpcl_common.so  \n'}
[2.293904] (rtabmap) StdoutLine: {'line': b'-- Found PCL_OCTREE: /usr/lib/x86_64-linux-gnu/libpcl_octree.so  \n'}
[2.294598] (rtabmap) StdoutLine: {'line': b'-- Found PCL_IO: /usr/lib/x86_64-linux-gnu/libpcl_io.so  \n'}
[2.296208] (rtabmap) StdoutLine: {'line': b'-- Found PCL_KDTREE: /usr/lib/x86_64-linux-gnu/libpcl_kdtree.so  \n'}
[2.297075] (rtabmap) StdoutLine: {'line': b'-- Found PCL_SEARCH: /usr/lib/x86_64-linux-gnu/libpcl_search.so  \n'}
[2.297652] (rtabmap) StdoutLine: {'line': b'-- Found PCL_SURFACE: /usr/lib/x86_64-linux-gnu/libpcl_surface.so  \n'}
[2.298429] (rtabmap) StdoutLine: {'line': b'-- Found PCL_FILTERS: /usr/lib/x86_64-linux-gnu/libpcl_filters.so  \n'}
[2.298636] (rtabmap) StdoutLine: {'line': b'-- Found PCL_2D: /usr/include/pcl-1.12  \n'}
[2.299370] (rtabmap) StdoutLine: {'line': b'-- Found PCL_FEATURES: /usr/lib/x86_64-linux-gnu/libpcl_features.so  \n'}
[2.300044] (rtabmap) StdoutLine: {'line': b'-- Found PCL_REGISTRATION: /usr/lib/x86_64-linux-gnu/libpcl_registration.so  \n'}
[2.300657] (rtabmap) StdoutLine: {'line': b'-- Found PCL_SAMPLE_CONSENSUS: /usr/lib/x86_64-linux-gnu/libpcl_sample_consensus.so  \n'}
[2.300927] (rtabmap) StdoutLine: {'line': b'-- Found PCL_GEOMETRY: /usr/include/pcl-1.12  \n'}
[2.301565] (rtabmap) StdoutLine: {'line': b'-- Found PCL_ML: /usr/lib/x86_64-linux-gnu/libpcl_ml.so  \n'}
[2.302211] (rtabmap) StdoutLine: {'line': b'-- Found PCL_SEGMENTATION: /usr/lib/x86_64-linux-gnu/libpcl_segmentation.so  \n'}
[2.303034] (rtabmap) StdoutLine: {'line': b'-- Found PCL_VISUALIZATION: /usr/lib/x86_64-linux-gnu/libpcl_visualization.so  \n'}
[2.303161] (-) TimerEvent: {}
[2.303511] (rtabmap) StdoutLine: {'line': b'-- PCL definitions don\'t contain "-march=native", make sure all libraries using Eigen are also compiled without that flag to avoid some segmentation faults (with gdb referring to some Eigen functions).\n'}
[2.307990] (rtabmap) StdoutLine: {'line': b'-- Found SQLite3: /usr/include /usr/lib/x86_64-linux-gnu/libsqlite3.so\n'}
[2.403278] (-) TimerEvent: {}
[2.503556] (-) TimerEvent: {}
[2.556896] (rtabmap) StdoutLine: {'line': b'-- Found OpenMP_C: -fopenmp (found version "4.5") \n'}
[2.603666] (-) TimerEvent: {}
[2.639068] (rtabmap) StdoutLine: {'line': b'-- Found OpenMP_CXX: -fopenmp (found version "4.5") \n'}
[2.639248] (rtabmap) StdoutLine: {'line': b'-- Found OpenMP: TRUE (found version "4.5") found components: C CXX \n'}
[2.639566] (rtabmap) StdoutLine: {'line': b'-- Found OpenMP: /usr/lib/gcc/x86_64-linux-gnu/11/libgomp.so;/usr/lib/x86_64-linux-gnu/libpthread.a\n'}
[2.639608] (rtabmap) StdoutLine: {'line': b'-- Add PCL_OMP to definitions\n'}
[2.639638] (rtabmap) StdoutLine: {'line': b'-- Found OpenCV: /usr/include/opencv4\n'}
[2.639667] (rtabmap) StdoutLine: {'line': b'-- Found PCL: /usr/include/pcl-1.12;/usr/include/eigen3;/usr/include;/usr/include/ni\n'}
[2.639696] (rtabmap) StdoutLine: {'line': b'-- Found ZLIB: /usr/include\n'}
[2.652129] (rtabmap) StdoutLine: {'line': b'-- Found Threads: TRUE  \n'}
[2.653336] (rtabmap) StdoutLine: {'line': b'-- Found GLEW: /usr/lib/x86_64-linux-gnu/libGLEW.so  \n'}
[2.654896] (rtabmap) StdoutLine: {'line': b'-- Found OpenGL: /usr/lib/x86_64-linux-gnu/libOpenGL.so  found components: OpenGL GLX \n'}
[2.703746] (-) TimerEvent: {}
[2.803933] (-) TimerEvent: {}
[2.904079] (-) TimerEvent: {}
[2.921719] (rtabmap) StdoutLine: {'line': b'-- Found Python3: /usr/bin/python3.10 (found suitable version "3.10.12", minimum required is "3.10") found components: Interpreter Development.Module Development.Embed \n'}
[2.931664] (rtabmap) StdoutLine: {'line': b'-- Found MPI_C: /usr/lib/x86_64-linux-gnu/libmpi.so (found version "3.1") \n'}
[2.931906] (rtabmap) StdoutLine: {'line': b'-- Found MPI: TRUE (found version "3.1") found components: C \n'}
[3.004179] (-) TimerEvent: {}
[3.104505] (-) TimerEvent: {}
[3.182838] (rtabmap) StdoutLine: {'line': b'-- Found HDF5: /usr/lib/x86_64-linux-gnu/hdf5/serial/libhdf5.so;/usr/lib/x86_64-linux-gnu/libcrypto.so;/usr/lib/x86_64-linux-gnu/libcurl.so;/usr/lib/x86_64-linux-gnu/libpthread.a;/usr/lib/x86_64-linux-gnu/libsz.so;/usr/lib/x86_64-linux-gnu/libz.so;/usr/lib/x86_64-linux-gnu/libdl.a;/usr/lib/x86_64-linux-gnu/libm.so (found version "1.10.7") found components: C HL \n'}
[3.187496] (rtabmap) StdoutLine: {'line': b'-- Found NetCDF: /usr/include (found version "4.8.1") \n'}
[3.190161] (rtabmap) StdoutLine: {'line': b'-- Found OGG: /usr/lib/x86_64-linux-gnu/libogg.so  \n'}
[3.192041] (rtabmap) StdoutLine: {'line': b'-- Found THEORA: /usr/lib/x86_64-linux-gnu/libtheora.so  \n'}
[3.194133] (rtabmap) StdoutLine: {'line': b'-- Found JsonCpp: /usr/lib/x86_64-linux-gnu/libjsoncpp.so (found suitable version "1.9.5", minimum required is "0.7.0") \n'}
[3.204598] (-) TimerEvent: {}
[3.275614] (rtabmap) StdoutLine: {'line': b'-- Found LibXml2: /usr/lib/x86_64-linux-gnu/libxml2.so (found version "2.9.13") \n'}
[3.297977] (rtabmap) StdoutLine: {'line': b'-- Found ZLIB: /usr/lib/x86_64-linux-gnu/libz.so (found version "1.2.11") \n'}
[3.304206] (rtabmap) StdoutLine: {'line': b'-- Found GL2PS: /usr/lib/x86_64-linux-gnu/libgl2ps.so (found suitable version "1.4.2", minimum required is "1.4.2") \n'}
[3.304669] (-) TimerEvent: {}
[3.309314] (rtabmap) StdoutLine: {'line': b'-- Found PNG: /usr/lib/x86_64-linux-gnu/libpng.so (found version "1.6.37") \n'}
[3.310160] (rtabmap) StdoutLine: {'line': b'-- Found SQLite3: /usr/include (found version "3.37.2") \n'}
[3.318703] (rtabmap) StdoutLine: {'line': b'-- Found LibPROJ: /usr/lib/x86_64-linux-gnu/libproj.so (found version "8.2.1") \n'}
[3.320216] (rtabmap) StdoutLine: {'line': b'-- Found Eigen3: /usr/include/eigen3 (found version "3.4.0") \n'}
[3.339679] (rtabmap) StdoutLine: {'line': b'-- Found X11: /usr/include   \n'}
[3.366661] (rtabmap) StdoutLine: {'line': b'-- Found EXPAT: /usr/lib/x86_64-linux-gnu/libexpat.so (found version "2.4.7") \n'}
[3.367515] (rtabmap) StdoutLine: {'line': b'-- Found double-conversion: /usr/lib/x86_64-linux-gnu/libdouble-conversion.so  \n'}
[3.368956] (rtabmap) StdoutLine: {'line': b'-- Found LZ4: /usr/lib/x86_64-linux-gnu/liblz4.so (found version "1.9.3") \n'}
[3.369828] (rtabmap) StdoutLine: {'line': b'-- Found LZMA: /usr/lib/x86_64-linux-gnu/liblzma.so (found version "5.2.5") \n'}
[3.376512] (rtabmap) StdoutLine: {'line': b'-- Found JPEG: /usr/lib/x86_64-linux-gnu/libjpeg.so (found version "80") \n'}
[3.377553] (rtabmap) StdoutLine: {'line': b'-- Found TIFF: /usr/lib/x86_64-linux-gnu/libtiff.so (found version "4.3.0")  \n'}
[3.383008] (rtabmap) StdoutLine: {'line': b'-- Found Freetype: /usr/lib/x86_64-linux-gnu/libfreetype.so (found version "2.11.1") \n'}
[3.386338] (rtabmap) StdoutLine: {'line': b'-- Found utf8cpp: /usr/include/utf8cpp  \n'}
[3.396369] (rtabmap) StdoutLine: {'line': b'-- VTK>=9 detected, will use VTK_QT_VERSION=5 for Qt version.\n'}
[3.401894] (rtabmap) StdoutLine: {'line': b'-- VTK_RENDERING_BACKEND=\n'}
[3.404737] (-) TimerEvent: {}
[3.432855] (rtabmap) StdoutLine: {'line': b'-- Found OpenNI2: /usr/include/openni2\n'}
[3.433881] (rtabmap) StdoutLine: {'line': b'-- Found DC1394: /usr/include/dc1394\n'}
[3.442910] (rtabmap) StdoutLine: {'line': b'-- Found Eigen3: /usr/include/eigen3 (Required is at least version "3.0.0") \n'}
[3.445449] (rtabmap) StdoutLine: {'line': b'-- Found OpenGL: /usr/lib/x86_64-linux-gnu/libOpenGL.so   \n'}
[3.448257] (rtabmap) StdoutLine: {'line': b'-- Found g2o (targets)\n'}
[3.448357] (rtabmap) StdoutLine: {'line': b'-- g2o include dir: /opt/ros/humble/include\n'}
[3.448526] (rtabmap) StdoutLine: {'line': b'-- Latest g2o factory version detected with shared ptr (factory file: /opt/ros/humble/include/g2o/core/factory.h).\n'}
[3.482623] (rtabmap) StdoutLine: {'line': b'-- GTSAM include directory:  /opt/ros/humble/lib/cmake/GTSAM/../../../include\n'}
[3.489576] (rtabmap) StdoutLine: {'line': b'-- FlyCapture2_INCLUDE_DIR=FlyCapture2_INCLUDE_DIR-NOTFOUND\n'}
[3.489677] (rtabmap) StdoutLine: {'line': b'-- FlyCapture2_LIBRARY=FlyCapture2_LIBRARY-NOTFOUND\n'}
[3.489835] (rtabmap) StdoutLine: {'line': b'-- Triclops_INCLUDE_DIR=Triclops_INCLUDE_DIR-NOTFOUND\n'}
[3.489869] (rtabmap) StdoutLine: {'line': b'-- Triclops_LIBRARY=Triclops_LIBRARY-NOTFOUND\n'}
[3.489901] (rtabmap) StdoutLine: {'line': b'-- FlyCaptureBridge_LIBRARY=FlyCaptureBridge_LIBRARY-NOTFOUND\n'}
[3.499155] (rtabmap) StdoutLine: {'line': b'-- Found Boost: /usr/lib/x86_64-linux-gnu/cmake/Boost-1.74.0/BoostConfig.cmake (found version "1.74.0") found components: thread filesystem system program_options date_time \n'}
[3.503626] (rtabmap) StdoutLine: {'line': b'-- Found Boost: /usr/lib/x86_64-linux-gnu/cmake/Boost-1.74.0/BoostConfig.cmake (found version "1.74.0") found components: thread filesystem system program_options date_time chrono \n'}
[3.504819] (-) TimerEvent: {}
[3.505493] (rtabmap) StdoutLine: {'line': b'-- Found libpointmatcher: /opt/ros/humble/include;/usr/include/eigen3\n'}
[3.509428] (rtabmap) StdoutLine: {'line': b'-- Found Boost: /usr/lib/x86_64-linux-gnu/cmake/Boost-1.74.0/BoostConfig.cmake (found version "1.74.0") found components: thread filesystem program_options date_time \n'}
[3.516434] (rtabmap) StdoutLine: {'line': b'-- Found Boost: /usr/lib/x86_64-linux-gnu/cmake/Boost-1.74.0/BoostConfig.cmake (found version "1.74.0") found components: thread filesystem system program_options date_time chrono timer serialization \n'}
[3.535458] (rtabmap) StdoutLine: {'line': b'-- Found RealSense2: \n'}
[3.546879] (rtabmap) StdoutLine: {'line': b'-- Found octomap 1.9.7: /usr/include\n'}
[3.551244] (rtabmap) StdoutLine: {'line': b'-- Architecture: x86_64\n'}
[3.560100] (rtabmap) StdoutLine: {'line': b'-- Performing Test COMPILER_SUPPORTS_CXX17\n'}
[3.604945] (-) TimerEvent: {}
[3.635060] (rtabmap) StdoutLine: {'line': b'-- Performing Test COMPILER_SUPPORTS_CXX17 - Success\n'}
[3.639791] (rtabmap) StdoutLine: {'line': b'-- Found Pthreads\n'}
[3.641105] (rtabmap) StdoutLine: {'line': b'-- Performing Test COMPILER_HAS_HIDDEN_VISIBILITY\n'}
[3.705086] (-) TimerEvent: {}
[3.714765] (rtabmap) StdoutLine: {'line': b'-- Performing Test COMPILER_HAS_HIDDEN_VISIBILITY - Success\n'}
[3.715127] (rtabmap) StdoutLine: {'line': b'-- Performing Test COMPILER_HAS_HIDDEN_INLINE_VISIBILITY\n'}
[3.805056] (rtabmap) StdoutLine: {'line': b'-- Performing Test COMPILER_HAS_HIDDEN_INLINE_VISIBILITY - Success\n'}
[3.805285] (-) TimerEvent: {}
[3.805314] (rtabmap) StdoutLine: {'line': b'-- Performing Test COMPILER_HAS_DEPRECATED_ATTR\n'}
[3.886902] (rtabmap) StdoutLine: {'line': b'-- Performing Test COMPILER_HAS_DEPRECATED_ATTR - Success\n'}
[3.905436] (-) TimerEvent: {}
[3.950324] (rtabmap) StdoutLine: {'line': b'-- --------------------------------------------\n'}
[3.950636] (rtabmap) StdoutLine: {'line': b'-- Info :\n'}
[3.950728] (rtabmap) StdoutLine: {'line': b'--   RTAB-Map Version =     0.23.4\n'}
[3.950808] (rtabmap) StdoutLine: {'line': b'--   CMAKE_VERSION =        3.22.1\n'}
[3.950886] (rtabmap) StdoutLine: {'line': b'--   CMAKE_INSTALL_PREFIX = /home/brace/codeSpace/navi/install/rtabmap\n'}
[3.950961] (rtabmap) StdoutLine: {'line': b'--   CMAKE_BUILD_TYPE =     Release\n'}
[3.951036] (rtabmap) StdoutLine: {'line': b'--   CMAKE_INSTALL_LIBDIR = lib\n'}
[3.951111] (rtabmap) StdoutLine: {'line': b'--   BUILD_APP =            ON\n'}
[3.951186] (rtabmap) StdoutLine: {'line': b'--   BUILD_TOOLS =          ON\n'}
[3.951261] (rtabmap) StdoutLine: {'line': b'--   BUILD_EXAMPLES =       ON\n'}
[3.951335] (rtabmap) StdoutLine: {'line': b'--   BUILD_SHARED_LIBS =    ON\n'}
[3.951408] (rtabmap) StdoutLine: {'line': b'--   CMAKE_CXX_FLAGS =  -fmessage-length=0 -fopenmp -std=c++17\n'}
[3.951496] (rtabmap) StdoutLine: {'line': b'--   FLANN_KDTREE_MEM_OPT = OFF\n'}
[3.951573] (rtabmap) StdoutLine: {'line': b'--   PCL_DEFINITIONS = -DDISABLE_OPENNI2;-DDISABLE_PCAP;-DDISABLE_PNG\n'}
[3.951649] (rtabmap) StdoutLine: {'line': b'--   PCL_VERSION = 1.12.1\n'}
[3.951725] (rtabmap) StdoutLine: {'line': b'-- \n'}
[3.951926] (rtabmap) StdoutLine: {'line': b"-- Optional dependencies ('*' affects some default parameters) :\n"}
[3.952015] (rtabmap) StdoutLine: {'line': b'--  *With OpenCV 4.5.4 xfeatures2d = NO, nonfree = NO (License: Apache 2)\n'}
[3.952091] (rtabmap) StdoutLine: {'line': b'--   With Qt 5.15.3            = YES (License: Open Source or Commercial)\n'}
[3.952166] (rtabmap) StdoutLine: {'line': b'--   With VTK 9.1              = YES (License: BSD)\n'}
[3.952240] (rtabmap) StdoutLine: {'line': b'--   With external SQLite3     = YES (License: Public Domain)\n'}
[3.952314] (rtabmap) StdoutLine: {'line': b'--   With ORB OcTree           = YES (License: GPLv3)\n'}
[3.952389] (rtabmap) StdoutLine: {'line': b'--   With SuperPoint           = NO (WITH_TORCH=OFF)\n'}
[3.952470] (rtabmap) StdoutLine: {'line': b'--   With Superpoint Rpautrat  = NO (WITH_TORCH=OFF)\n'}
[3.952543] (rtabmap) StdoutLine: {'line': b'--   With Python3              = NO (WITH_PYTHON=OFF)\n'}
[3.952615] (rtabmap) StdoutLine: {'line': b'--   With Madgwick             = YES (License: GPL)\n'}
[3.952686] (rtabmap) StdoutLine: {'line': b'--   With FastCV               = NO (FastCV not found)\n'}
[3.952756] (rtabmap) StdoutLine: {'line': b'--   With PDAL                 = NO (PDAL not found)\n'}
[3.952826] (rtabmap) StdoutLine: {'line': b'--   With libLAS               = NO (WITH_LIBLAS=OFF)\n'}
[3.952897] (rtabmap) StdoutLine: {'line': b'--   With CudaSift             = NO (WITH_CUDASIFT=OFF)\n'}
[3.952967] (rtabmap) StdoutLine: {'line': b'-- \n'}
[3.953036] (rtabmap) StdoutLine: {'line': b'--  Solvers:\n'}
[3.953106] (rtabmap) StdoutLine: {'line': b'--   With TORO                 = YES (License: Creative Commons [Attribution-NonCommercial-ShareAlike])\n'}
[3.953177] (rtabmap) StdoutLine: {'line': b'--  *With g2o 1.0.0            = YES (License: BSD)\n'}
[3.953247] (rtabmap) StdoutLine: {'line': b'--  *With GTSAM 4.2.0          = YES (License: BSD)\n'}
[3.953316] (rtabmap) StdoutLine: {'line': b'--  *With Ceres                = NO (WITH_CERES=OFF)\n'}
[3.953385] (rtabmap) StdoutLine: {'line': b'--   With MRPT                 = NO (MRPT not found)\n'}
[3.953475] (rtabmap) StdoutLine: {'line': b'--   With VERTIGO              = YES (License: GPLv3)\n'}
[3.953575] (rtabmap) StdoutLine: {'line': b'--   With cvsba                = NO (WITH_CVSBA=OFF)\n'}
[3.953611] (rtabmap) StdoutLine: {'line': b'--  *With libpointmatcher 1.3.1 = YES (License: BSD)\n'}
[3.953640] (rtabmap) StdoutLine: {'line': b'--   With CCCoreLib            = NO (WITH_CCCORELIB=OFF)\n'}
[3.953702] (rtabmap) StdoutLine: {'line': b'--   With Open3D               = NO (WITH_OPEN3D=OFF)\n'}
[3.953732] (rtabmap) StdoutLine: {'line': b'--   With OpenGV               = NO (OpenGV not found)\n'}
[3.953759] (rtabmap) StdoutLine: {'line': b'-- \n'}
[3.953785] (rtabmap) StdoutLine: {'line': b'--  Reconstruction Approaches:\n'}
[3.953812] (rtabmap) StdoutLine: {'line': b'--   With OctoMap 1.9.7        = YES (License: BSD)\n'}
[3.953841] (rtabmap) StdoutLine: {'line': b'--   With GridMap              = NO (WITH_GRIDMAP=OFF)\n'}
[3.953867] (rtabmap) StdoutLine: {'line': b'--   With CPUTSDF              = NO (WITH_CPUTSDF=OFF)\n'}
[3.953893] (rtabmap) StdoutLine: {'line': b'--   With OpenChisel           = NO (WITH_OPENCHISEL=OFF)\n'}
[3.953918] (rtabmap) StdoutLine: {'line': b'--   With AliceVision          = NO (WITH_ALICE_VISION=OFF)\n'}
[3.953943] (rtabmap) StdoutLine: {'line': b'-- \n'}
[3.953969] (rtabmap) StdoutLine: {'line': b'--  Camera Drivers:\n'}
[3.953996] (rtabmap) StdoutLine: {'line': b'--   With Freenect             = NO (libfreenect not found)\n'}
[3.954023] (rtabmap) StdoutLine: {'line': b'--   With OpenNI               = YES (License: Apache v2)\n'}
[3.954049] (rtabmap) StdoutLine: {'line': b'--   With OpenNI2              = YES (License: Apache v2)\n'}
[3.954075] (rtabmap) StdoutLine: {'line': b'--   With Freenect2            = NO (libfreenect2 not found)\n'}
[3.954102] (rtabmap) StdoutLine: {'line': b'--   With Kinect for Windows 2 = NO (Kinect for Windows 2 SDK not found)\n'}
[3.954134] (rtabmap) StdoutLine: {'line': b'--   With Kinect for Azure     = NO (Kinect for Azure SDK not found)\n'}
[3.954160] (rtabmap) StdoutLine: {'line': b'--   With dc1394               = YES (License: LGPL)\n'}
[3.954189] (rtabmap) StdoutLine: {'line': b'--   With FlyCapture2/Triclops = NO (Point Grey SDK not found)\n'}
[3.954215] (rtabmap) StdoutLine: {'line': b'--   With ZED                  = NO (ZED sdk and/or cuda not found)\n'}
[3.954241] (rtabmap) StdoutLine: {'line': b'--   With ZEDOC                = NO (ZED Open Capture not found)\n'}
[3.954266] (rtabmap) StdoutLine: {'line': b'--   With RealSense            = NO (librealsense not found)\n'}
[3.954292] (rtabmap) StdoutLine: {'line': b'--   With RealSense2 2.56.4    = YES (License: Apache-2)\n'}
[3.954318] (rtabmap) StdoutLine: {'line': b'--   With MyntEyeS             = NO (mynteye s sdk not found)\n'}
[3.954343] (rtabmap) StdoutLine: {'line': b'--   With DepthAI              = NO (WITH_DEPTHAI=OFF)\n'}
[3.954368] (rtabmap) StdoutLine: {'line': b'--   With XVisio SDK           = NO (WITH_XVSDK=OFF)\n'}
[3.954393] (rtabmap) StdoutLine: {'line': b'--   With Orbbec SDK           = NO (WITH_ORBBEC_SDK=OFF)\n'}
[3.954422] (rtabmap) StdoutLine: {'line': b'-- \n'}
[3.954452] (rtabmap) StdoutLine: {'line': b'--  Odometry Approaches:\n'}
[3.954478] (rtabmap) StdoutLine: {'line': b'--   With loam_velodyne        = NO (WITH_LOAM=OFF)\n'}
[3.954504] (rtabmap) StdoutLine: {'line': b'--   With floam                = NO (WITH_FLOAM=OFF)\n'}
[3.954529] (rtabmap) StdoutLine: {'line': b'--   With libfovis             = NO (WITH_FOVIS=OFF)\n'}
[3.954556] (rtabmap) StdoutLine: {'line': b'--   With libviso2             = NO (WITH_VISO2=OFF)\n'}
[3.954581] (rtabmap) StdoutLine: {'line': b'--   With dvo_core             = NO (WITH_DVO=OFF)\n'}
[3.954606] (rtabmap) StdoutLine: {'line': b'--   With okvis                = NO (WITH_OKVIS=OFF)\n'}
[3.954631] (rtabmap) StdoutLine: {'line': b'--   With msckf_vio            = NO (WITH_MSCKF_VIO=OFF)\n'}
[3.954657] (rtabmap) StdoutLine: {'line': b'--   With VINS-Fusion          = NO (WITH_VINS_FUSION=OFF)\n'}
[3.954683] (rtabmap) StdoutLine: {'line': b'--   With OpenVINS             = NO (WITH_OPENVINS=OFF)\n'}
[3.954708] (rtabmap) StdoutLine: {'line': b'--   With ORB_SLAM             = NO (WITH_ORB_SLAM=OFF)\n'}
[3.954734] (rtabmap) StdoutLine: {'line': b'--   With cuVSLAM              = NO (WITH_CUVSLAM=OFF)\n'}
[3.954759] (rtabmap) StdoutLine: {'line': b'-- Show all options with: cmake -LA | grep WITH_\n'}
[3.954825] (rtabmap) StdoutLine: {'line': b'-- --------------------------------------------\n'}
[3.954851] (rtabmap) StdoutLine: {'line': b'-- Configuring done\n'}
[4.005531] (-) TimerEvent: {}
[4.105726] (-) TimerEvent: {}
[4.205883] (-) TimerEvent: {}
[4.266233] (rtabmap) StdoutLine: {'line': b'-- Generating done\n'}
[4.306000] (-) TimerEvent: {}
[4.321622] (rtabmap) StdoutLine: {'line': b'-- Build files have been written to: /home/brace/codeSpace/navi/build/rtabmap\n'}
[4.365884] (rtabmap) CommandEnded: {'returncode': 0}
[4.366849] (rtabmap) JobProgress: {'identifier': 'rtabmap', 'progress': 'build'}
[4.367516] (rtabmap) Command: {'cmd': ['/usr/bin/cmake', '--build', '/home/brace/codeSpace/navi/build/rtabmap', '--', '-j16', '-l16'], 'cwd': '/home/brace/codeSpace/navi/build/rtabmap', 'env': OrderedDict([('GJS_DEBUG_TOPICS', 'JS ERROR;JS LOG'), ('LESSOPEN', '| /usr/bin/lesspipe %s'), ('VSCODE_CWD', '/home/brace'), ('CURSOR_EXTENSION_HOST_ROLE', 'agent-exec'), ('VSCODE_ESM_ENTRYPOINT', 'vs/workbench/api/node/extensionHostProcess'), ('LANGUAGE', 'zh_CN:zh:en_US:en'), ('USER', 'brace'), ('LC_TIME', 'zh_CN.UTF-8'), ('VSCODE_NLS_CONFIG', '{"userLocale":"zh-cn","osLocale":"zh-cn","resolvedLanguage":"zh-cn","defaultMessagesFile":"/usr/share/cursor/resources/app/out/nls.messages.json","languagePack":{"translationsConfigFile":"/home/brace/.config/Cursor/clp/3bfb7f1471a52e527cfc1587dd57c7c1.zh-cn/tcf.json","messagesFile":"/home/brace/.config/Cursor/clp/3bfb7f1471a52e527cfc1587dd57c7c1.zh-cn/60faf7b51077ed1df1db718157bbfed740d2e160/nls.messages.json","corruptMarkerFile":"/home/brace/.config/Cursor/clp/3bfb7f1471a52e527cfc1587dd57c7c1.zh-cn/corrupted.info"},"locale":"zh-cn","availableLanguages":{"*":"zh-cn"},"_languagePackId":"3bfb7f1471a52e527cfc1587dd57c7c1.zh-cn","_languagePackSupport":true,"_translationsConfigFile":"/home/brace/.config/Cursor/clp/3bfb7f1471a52e527cfc1587dd57c7c1.zh-cn/tcf.json","_cacheRoot":"/home/brace/.config/Cursor/clp/3bfb7f1471a52e527cfc1587dd57c7c1.zh-cn","_resolvedLanguagePackCoreLocation":"/home/brace/.config/Cursor/clp/3bfb7f1471a52e527cfc1587dd57c7c1.zh-cn/60faf7b51077ed1df1db718157bbfed740d2e160","_corruptedFile":"/home/brace/.config/Cursor/clp/3bfb7f1471a52e527cfc1587dd57c7c1.zh-cn/corrupted.info"}'), ('CI', '1'), ('VSCODE_HANDLES_UNCAUGHT_ERRORS', 'true'), ('XDG_SESSION_TYPE', 'x11'), ('SHLVL', '1'), ('LD_LIBRARY_PATH', '/home/brace/codeSpace/navi/install/rtabmap_slam/lib:/home/brace/codeSpace/navi/install/rtabmap_odom/lib:/home/brace/codeSpace/navi/install/rtabmap_util/lib:/home/brace/codeSpace/navi/install/rtabmap_sync/lib:/home/brace/codeSpace/navi/install/rtabmap_rviz_plugins/lib:/home/brace/codeSpace/navi/install/rtabmap_conversions/lib:/home/brace/codeSpace/navi/install/rtabmap_msgs/lib:/home/brace/codeSpace/navi/install/rtabmap/lib:/opt/ros/humble/opt/rviz_ogre_vendor/lib:/opt/ros/humble/lib/x86_64-linux-gnu:/opt/ros/humble/lib'), ('HOME', '/home/brace'), ('CHROME_DESKTOP', 'cursor.desktop'), ('OLDPWD', '/home/brace/codeSpace/navi'), ('DESKTOP_SESSION', 'ubuntu'), ('VSCODE_IPC_HOOK', '/run/user/1000/vscode-f599d7de-2.6.-main.sock'), ('GIO_LAUNCHED_DESKTOP_FILE', '/usr/share/applications/cursor.desktop'), ('ROS_PYTHON_VERSION', '3'), ('GNOME_SHELL_SESSION_MODE', 'ubuntu'), ('GTK_MODULES', 'gail:atk-bridge'), ('LC_MONETARY', 'zh_CN.UTF-8'), ('CURSOR_WORKSPACE_LABEL', 'codeSpace'), ('MANAGERPID', '1029'), ('SYSTEMD_EXEC_PID', '1448'), ('NO_COLOR', '1'), ('DBUS_SESSION_BUS_ADDRESS', 'unix:path=/run/user/1000/bus'), ('GIO_LAUNCHED_DESKTOP_FILE_PID', '6638'), ('VSCODE_CRASH_REPORTER_PROCESS_TYPE', 'extensionHost'), ('MANDATORY_PATH', '/usr/share/gconf/ubuntu.mandatory.path'), ('COLCON_PREFIX_PATH', '/home/brace/codeSpace/navi/install'), ('ROS_DISTRO', 'humble'), ('GTK_IM_MODULE', 'ibus'), ('LOGNAME', 'brace'), ('FORCE_COLOR', '0'), ('JOURNAL_STREAM', '8:4428'), ('_', '/usr/bin/colcon'), ('ROS_VERSION', '2'), ('PKG_CONFIG_PATH', '/home/brace/codeSpace/navi/install/rtabmap/lib/x86_64-linux-gnu/pkgconfig:/home/brace/codeSpace/navi/install/rtabmap/lib/pkgconfig'), ('XDG_SESSION_CLASS', 'user'), ('DEFAULTS_PATH', '/usr/share/gconf/ubuntu.default.path'), ('USERNAME', 'brace'), ('TERM', 'dumb'), ('GNOME_DESKTOP_SESSION_ID', 'this-is-deprecated'), ('FC_FONTATIONS', '1'), ('ROS_LOCALHOST_ONLY', '0'), ('WINDOWPATH', '2'), ('PATH', '/home/brace/codeSpace/navi/install/rtabmap/bin:/opt/ros/humble/bin:/usr/local/sbin:/usr/local/bin:/usr/sbin:/usr/bin:/sbin:/bin:/usr/games:/usr/local/games:/snap/bin:/snap/bin'), ('SESSION_MANAGER', 'local/brace-NUC13:@/tmp/.ICE-unix/1410,unix/brace-NUC13:/tmp/.ICE-unix/1410'), ('INVOCATION_ID', '3e74fb9948ae4f5fbbb39ca9f088caee'), ('XDG_MENU_PREFIX', 'gnome-'), ('LC_ADDRESS', 'zh_CN.UTF-8'), ('VSCODE_PROCESS_TITLE', 'extension-host (agent-exec) codeSpace [1-3]'), ('XDG_RUNTIME_DIR', '/run/user/1000'), ('GDK_BACKEND', 'x11'), ('CURSOR_AGENT', '1'), ('DISPLAY', ':0'), ('LANG', 'zh_CN.UTF-8'), ('XDG_CURRENT_DESKTOP', 'ubuntu:GNOME'), ('LC_TELEPHONE', 'zh_CN.UTF-8'), ('XMODIFIERS', '@im=ibus'), ('XDG_SESSION_DESKTOP', 'ubuntu'), ('XAUTHORITY', '/run/user/1000/gdm/Xauthority'), ('LS_COLORS', ''), ('CURSOR_TRACE_ID', 'f1aa41e964ce4431a94f9bc384270429'), ('SSH_AGENT_LAUNCHER', 'gnome-keyring'), ('SSH_AUTH_SOCK', '/run/user/1000/keyring/ssh'), ('AMENT_PREFIX_PATH', '/home/brace/codeSpace/navi/install/rtabmap_ros:/home/brace/codeSpace/navi/install/rtabmap_launch:/home/brace/codeSpace/navi/install/rtabmap_examples:/home/brace/codeSpace/navi/install/rtabmap_demos:/home/brace/codeSpace/navi/install/rtabmap_viz:/home/brace/codeSpace/navi/install/rtabmap_slam:/home/brace/codeSpace/navi/install/rtabmap_odom:/home/brace/codeSpace/navi/install/rtabmap_util:/home/brace/codeSpace/navi/install/rtabmap_sync:/home/brace/codeSpace/navi/install/rtabmap_rviz_plugins:/home/brace/codeSpace/navi/install/rtabmap_python:/home/brace/codeSpace/navi/install/rtabmap_conversions:/home/brace/codeSpace/navi/install/rtabmap_msgs:/home/brace/codeSpace/navi/install/realsense2_rviz_plugin:/home/brace/codeSpace/navi/install/realsense2_ros_mqtt_bridge:/home/brace/codeSpace/navi/install/realsense2_description:/home/brace/codeSpace/navi/install/brace:/opt/ros/humble'), ('SHELL', '/bin/bash'), ('LC_NAME', 'zh_CN.UTF-8'), ('QT_ACCESSIBILITY', '1'), ('GDMSESSION', 'ubuntu'), ('LESSCLOSE', '/usr/bin/lesspipe %s %s'), ('LC_MEASUREMENT', 'zh_CN.UTF-8'), ('GPG_AGENT_INFO', '/run/user/1000/gnupg/S.gpg-agent:0:1'), ('GJS_DEBUG_OUTPUT', 'stderr'), ('LC_IDENTIFICATION', 'zh_CN.UTF-8'), ('QT_IM_MODULE', 'ibus'), ('PWD', '/home/brace/codeSpace/navi/build/rtabmap'), ('XDG_CONFIG_DIRS', '/etc/xdg/xdg-ubuntu:/etc/xdg'), ('VSCODE_CODE_CACHE_PATH', '/home/brace/.config/Cursor/CachedData/60faf7b51077ed1df1db718157bbfed740d2e160'), ('XDG_DATA_DIRS', '/usr/share/ubuntu:/usr/share/gnome:/usr/local/share/:/usr/share/:/var/lib/snapd/desktop'), ('PYTHONPATH', '/home/brace/codeSpace/navi/install/rtabmap_python/lib/python3.10/site-packages:/home/brace/codeSpace/navi/install/rtabmap_msgs/local/lib/python3.10/dist-packages:/home/brace/codeSpace/navi/install/realsense2_ros_mqtt_bridge/lib/python3.10/site-packages:/home/brace/codeSpace/navi/install/brace/lib/python3.10/site-packages:/opt/ros/humble/lib/python3.10/site-packages:/opt/ros/humble/local/lib/python3.10/dist-packages'), ('LC_NUMERIC', 'zh_CN.UTF-8'), ('LC_PAPER', 'zh_CN.UTF-8'), ('COLCON', '1'), ('_ZO_DOCTOR', '0'), ('CMAKE_PREFIX_PATH', '/home/brace/codeSpace/navi/install/rtabmap_ros:/home/brace/codeSpace/navi/install/rtabmap_launch:/home/brace/codeSpace/navi/install/rtabmap_examples:/home/brace/codeSpace/navi/install/rtabmap_demos:/home/brace/codeSpace/navi/install/rtabmap_viz:/home/brace/codeSpace/navi/install/rtabmap_slam:/home/brace/codeSpace/navi/install/rtabmap_odom:/home/brace/codeSpace/navi/install/rtabmap_util:/home/brace/codeSpace/navi/install/rtabmap_sync:/home/brace/codeSpace/navi/install/rtabmap_rviz_plugins:/home/brace/codeSpace/navi/install/rtabmap_conversions:/home/brace/codeSpace/navi/install/rtabmap_msgs:/home/brace/codeSpace/navi/install/rtabmap:/home/brace/codeSpace/navi/install/realsense2_rviz_plugin:/home/brace/codeSpace/navi/install/realsense2_description:/home/brace/codeSpace/navi/install/rtabmap_python:/home/brace/codeSpace/navi/install/realsense2_ros_mqtt_bridge:/home/brace/codeSpace/navi/install/brace:/opt/ros/humble'), ('VSCODE_PID', '9279')]), 'shell': False}
[4.406170] (-) TimerEvent: {}
[4.438912] (rtabmap) StdoutLine: {'line': b'[  1%] Building CXX object utilite/src/CMakeFiles/rtabmap_utilite.dir/UEventsManager.cpp.o\n'}
[4.439359] (rtabmap) StdoutLine: {'line': b'[  1%] Building CXX object utilite/src/CMakeFiles/rtabmap_utilite.dir/UEventsHandler.cpp.o\n'}
[4.440437] (rtabmap) StdoutLine: {'line': b'[  2%] Building CXX object utilite/src/CMakeFiles/rtabmap_utilite.dir/UFile.cpp.o\n'}
[4.440739] (rtabmap) StdoutLine: {'line': b'[  2%] Building CXX object utilite/src/CMakeFiles/rtabmap_utilite.dir/UConversion.cpp.o\n'}
[4.440869] (rtabmap) StdoutLine: {'line': b'[  2%] Building CXX object utilite/src/CMakeFiles/rtabmap_utilite.dir/UDirectory.cpp.o\n'}
[4.440956] (rtabmap) StdoutLine: {'line': b'[  3%] Building CXX object utilite/src/CMakeFiles/rtabmap_utilite.dir/UEventsSender.cpp.o\n'}
[4.442388] (rtabmap) StdoutLine: {'line': b'[  3%] Building CXX object utilite/src/CMakeFiles/rtabmap_utilite.dir/UProcessInfo.cpp.o\n'}
[4.445131] (rtabmap) StdoutLine: {'line': b'[  3%] Building CXX object utilite/src/CMakeFiles/rtabmap_utilite.dir/UTimer.cpp.o\n'}
[4.445638] (rtabmap) StdoutLine: {'line': b'[  4%] Building CXX object utilite/src/CMakeFiles/rtabmap_utilite.dir/UThread.cpp.o\n'}
[4.447659] (rtabmap) StdoutLine: {'line': b'[  4%] Building CXX object utilite/src/CMakeFiles/rtabmap_utilite.dir/ULogger.cpp.o\n'}
[4.448336] (rtabmap) StdoutLine: {'line': b'[  5%] Building CXX object utilite/src/CMakeFiles/rtabmap_utilite.dir/UVariant.cpp.o\n'}
[4.506244] (-) TimerEvent: {}
[4.606479] (-) TimerEvent: {}
[4.706722] (-) TimerEvent: {}
[4.806929] (-) TimerEvent: {}
[4.907157] (-) TimerEvent: {}
[5.007333] (-) TimerEvent: {}
[5.107513] (-) TimerEvent: {}
[5.207702] (-) TimerEvent: {}
[5.307896] (-) TimerEvent: {}
[5.373950] (rtabmap) StdoutLine: {'line': b'[  5%] Linking CXX shared library ../../bin/librtabmap_utilite.so\n'}
[5.408016] (-) TimerEvent: {}
[5.483095] (rtabmap) StdoutLine: {'line': b'[  5%] Built target rtabmap_utilite\n'}
[5.507612] (rtabmap) StdoutLine: {'line': b'[  5%] Building CXX object utilite/resource_generator/CMakeFiles/res_tool.dir/main.cpp.o\n'}
[5.508085] (-) TimerEvent: {}
[5.608287] (-) TimerEvent: {}
[5.708638] (-) TimerEvent: {}
[5.808918] (-) TimerEvent: {}
[5.909317] (-) TimerEvent: {}
[6.009622] (-) TimerEvent: {}
[6.110102] (-) TimerEvent: {}
[6.202693] (rtabmap) StdoutLine: {'line': b'[  6%] Linking CXX executable ../../bin/rtabmap-res_tool\n'}
[6.210231] (-) TimerEvent: {}
[6.290500] (rtabmap) StdoutLine: {'line': b'[  6%] Built target res_tool\n'}
[6.307974] (rtabmap) StdoutLine: {'line': b'[  6%] [Creating resources]\n'}
[6.310325] (-) TimerEvent: {}
[6.315350] (rtabmap) StdoutLine: {'line': b' Using namespace=rtabmap\n'}
[6.315655] (rtabmap) StdoutLine: {'line': b' Using target directory=/home/brace/codeSpace/navi/build/rtabmap/corelib/src\n'}
[6.315753] (rtabmap) StdoutLine: {'line': b'Input file "/home/brace/codeSpace/navi/src/rtabmap/corelib/src/resources/DatabaseSchema.sql" size = 6020 bytes\n'}
[6.315828] (rtabmap) StdoutLine: {'line': b'Output file "/home/brace/codeSpace/navi/build/rtabmap/corelib/src/DatabaseSchema_sql.h" size = 12267 bytes\n'}
[6.315908] (rtabmap) StdoutLine: {'line': b'Input file "/home/brace/codeSpace/navi/src/rtabmap/corelib/src/resources/backward_compatibility/DatabaseSchema_0_22_0.sql" size = 5963 bytes\n'}
[6.315972] (rtabmap) StdoutLine: {'line': b'Output file "/home/brace/codeSpace/navi/build/rtabmap/corelib/src/DatabaseSchema_0_22_0_sql.h" size = 12181 bytes\n'}
[6.316031] (rtabmap) StdoutLine: {'line': b'Input file "/home/brace/codeSpace/navi/src/rtabmap/corelib/src/resources/backward_compatibility/DatabaseSchema_0_20_0.sql" size = 5900 bytes\n'}
[6.316091] (rtabmap) StdoutLine: {'line': b'Output file "/home/brace/codeSpace/navi/build/rtabmap/corelib/src/DatabaseSchema_0_20_0_sql.h" size = 12055 bytes\n'}
[6.316151] (rtabmap) StdoutLine: {'line': b'Input file "/home/brace/codeSpace/navi/src/rtabmap/corelib/src/resources/backward_compatibility/DatabaseSchema_0_18_3.sql" size = 5749 bytes\n'}
[6.316209] (rtabmap) StdoutLine: {'line': b'Output file "/home/brace/codeSpace/navi/build/rtabmap/corelib/src/DatabaseSchema_0_18_3_sql.h" size = 11753 bytes\n'}
[6.316266] (rtabmap) StdoutLine: {'line': b'Input file "/home/brace/codeSpace/navi/src/rtabmap/corelib/src/resources/backward_compatibility/DatabaseSchema_0_18_0.sql" size = 5749 bytes\n'}
[6.316323] (rtabmap) StdoutLine: {'line': b'Output file "/home/brace/codeSpace/navi/build/rtabmap/corelib/src/DatabaseSchema_0_18_0_sql.h" size = 11753 bytes\n'}
[6.316380] (rtabmap) StdoutLine: {'line': b'Input file "/home/brace/codeSpace/navi/src/rtabmap/corelib/src/resources/backward_compatibility/DatabaseSchema_0_17_0.sql" size = 5432 bytes\n'}
[6.316474] (rtabmap) StdoutLine: {'line': b'Output file "/home/brace/codeSpace/navi/build/rtabmap/corelib/src/DatabaseSchema_0_17_0_sql.h" size = 11119 bytes\n'}
[6.316568] (rtabmap) StdoutLine: {'line': b'Input file "/home/brace/codeSpace/navi/src/rtabmap/corelib/src/resources/backward_compatibility/DatabaseSchema_0_16_2.sql" size = 5362 bytes\n'}
[6.316626] (rtabmap) StdoutLine: {'line': b'Output file "/home/brace/codeSpace/navi/build/rtabmap/corelib/src/DatabaseSchema_0_16_2_sql.h" size = 10979 bytes\n'}
[6.316682] (rtabmap) StdoutLine: {'line': b'Input file "/home/brace/codeSpace/navi/src/rtabmap/corelib/src/resources/backward_compatibility/DatabaseSchema_0_16_1.sql" size = 5286 bytes\n'}
[6.316744] (rtabmap) StdoutLine: {'line': b'Output file "/home/brace/codeSpace/navi/build/rtabmap/corelib/src/DatabaseSchema_0_16_1_sql.h" size = 10827 bytes\n'}
[6.316799] (rtabmap) StdoutLine: {'line': b'Input file "/home/brace/codeSpace/navi/src/rtabmap/corelib/src/resources/backward_compatibility/DatabaseSchema_0_16_0.sql" size = 5273 bytes\n'}
[6.316854] (rtabmap) StdoutLine: {'line': b'Output file "/home/brace/codeSpace/navi/build/rtabmap/corelib/src/DatabaseSchema_0_16_0_sql.h" size = 10801 bytes\n'}
[6.370615] (rtabmap) StdoutLine: {'line': b'[  6%] Building CXX object corelib/src/CMakeFiles/rtabmap_core.dir/DBDriver.cpp.o\n'}
[6.370980] (rtabmap) StdoutLine: {'line': b'[  6%] Building CXX object corelib/src/CMakeFiles/rtabmap_core.dir/Rtabmap.cpp.o\n'}
[6.371180] (rtabmap) StdoutLine: {'line': b'[  7%] Building CXX object corelib/src/CMakeFiles/rtabmap_core.dir/Memory.cpp.o\n'}
[6.373250] (rtabmap) StdoutLine: {'line': b'[  8%] Building CXX object corelib/src/CMakeFiles/rtabmap_core.dir/DBReader.cpp.o\n'}
[6.373791] (rtabmap) StdoutLine: {'line': b'[  8%] Building CXX object corelib/src/CMakeFiles/rtabmap_core.dir/Camera.cpp.o\n'}
[6.373976] (rtabmap) StdoutLine: {'line': b'[  8%] Building CXX object corelib/src/CMakeFiles/rtabmap_core.dir/DBDriverSqlite3.cpp.o\n'}
[6.377618] (rtabmap) StdoutLine: {'line': b'[  9%] Building CXX object corelib/src/CMakeFiles/rtabmap_core.dir/Recovery.cpp.o\n'}
[6.378171] (rtabmap) StdoutLine: {'line': b'[  9%] Building CXX object corelib/src/CMakeFiles/rtabmap_core.dir/SensorCapture.cpp.o\n'}
[6.378333] (rtabmap) StdoutLine: {'line': b'[  9%] Building CXX object corelib/src/CMakeFiles/rtabmap_core.dir/SensorCaptureThread.cpp.o\n'}
[6.378473] (rtabmap) StdoutLine: {'line': b'[ 10%] Building CXX object corelib/src/CMakeFiles/rtabmap_core.dir/RtabmapThread.cpp.o\n'}
[6.378592] (rtabmap) StdoutLine: {'line': b'[ 11%] Building CXX object corelib/src/CMakeFiles/rtabmap_core.dir/camera/CameraImages.cpp.o\n'}
[6.378701] (rtabmap) StdoutLine: {'line': b'[ 11%] Building CXX object corelib/src/CMakeFiles/rtabmap_core.dir/Statistics.cpp.o\n'}
[6.378841] (rtabmap) StdoutLine: {'line': b'[ 11%] Building CXX object corelib/src/CMakeFiles/rtabmap_core.dir/camera/CameraFreenect.cpp.o\n'}
[6.380073] (rtabmap) StdoutLine: {'line': b'[ 12%] Building CXX object corelib/src/CMakeFiles/rtabmap_core.dir/CameraModel.cpp.o\n'}
[6.381493] (rtabmap) StdoutLine: {'line': b'[ 12%] Building CXX object corelib/src/CMakeFiles/rtabmap_core.dir/camera/CameraFreenect2.cpp.o\n'}
[6.390543] (rtabmap) StdoutLine: {'line': b'[ 12%] Building CXX object corelib/src/CMakeFiles/rtabmap_core.dir/camera/CameraK4W2.cpp.o\n'}
[6.410441] (-) TimerEvent: {}
[6.510826] (-) TimerEvent: {}
[6.616800] (-) TimerEvent: {}
[6.717406] (-) TimerEvent: {}
[6.818663] (-) TimerEvent: {}
[6.919111] (-) TimerEvent: {}
[7.019533] (-) TimerEvent: {}
[7.120606] (-) TimerEvent: {}
[7.222043] (-) TimerEvent: {}
[7.322365] (-) TimerEvent: {}
[7.422589] (-) TimerEvent: {}
[7.523217] (-) TimerEvent: {}
[7.627627] (-) TimerEvent: {}
[7.730852] (-) TimerEvent: {}
[7.833816] (-) TimerEvent: {}
[7.934337] (-) TimerEvent: {}
[8.034872] (-) TimerEvent: {}
[8.135249] (-) TimerEvent: {}
[8.235603] (-) TimerEvent: {}
[8.335958] (-) TimerEvent: {}
[8.450285] (-) TimerEvent: {}
[8.550655] (-) TimerEvent: {}
[8.655645] (-) TimerEvent: {}
[8.760524] (-) TimerEvent: {}
[8.864575] (-) TimerEvent: {}
[8.965022] (-) TimerEvent: {}
[9.070050] (-) TimerEvent: {}
[9.170378] (-) TimerEvent: {}
[9.270739] (-) TimerEvent: {}
[9.371166] (-) TimerEvent: {}
[9.472527] (-) TimerEvent: {}
[9.572864] (-) TimerEvent: {}
[9.673236] (-) TimerEvent: {}
[9.773586] (-) TimerEvent: {}
[9.874031] (-) TimerEvent: {}
[9.981252] (-) TimerEvent: {}
[10.083190] (-) TimerEvent: {}
[10.183607] (-) TimerEvent: {}
[10.284532] (-) TimerEvent: {}
[10.388663] (-) TimerEvent: {}
[10.489955] (-) TimerEvent: {}
[10.595808] (-) TimerEvent: {}
[10.696709] (-) TimerEvent: {}
[10.797041] (-) TimerEvent: {}
[10.898491] (-) TimerEvent: {}
[10.998963] (-) TimerEvent: {}
[11.100135] (-) TimerEvent: {}
[11.207826] (-) TimerEvent: {}
[11.308179] (-) TimerEvent: {}
[11.408612] (-) TimerEvent: {}
[11.509329] (-) TimerEvent: {}
[11.613887] (-) TimerEvent: {}
[11.717652] (-) TimerEvent: {}
[11.787476] (rtabmap) StdoutLine: {'line': b'[ 13%] Building CXX object corelib/src/CMakeFiles/rtabmap_core.dir/camera/CameraK4A.cpp.o\n'}
[11.817721] (-) TimerEvent: {}
[11.919147] (-) TimerEvent: {}
[12.020825] (-) TimerEvent: {}
[12.121499] (-) TimerEvent: {}
[12.222890] (-) TimerEvent: {}
[12.323921] (-) TimerEvent: {}
[12.424964] (-) TimerEvent: {}
[12.525406] (-) TimerEvent: {}
[12.627178] (-) TimerEvent: {}
[12.727713] (-) TimerEvent: {}
[12.831492] (-) TimerEvent: {}
[12.933865] (-) TimerEvent: {}
[13.036600] (-) TimerEvent: {}
[13.137294] (-) TimerEvent: {}
[13.237947] (-) TimerEvent: {}
[13.307396] (rtabmap) StdoutLine: {'line': b'[ 13%] Building CXX object corelib/src/CMakeFiles/rtabmap_core.dir/camera/CameraOpenni.cpp.o\n'}
[13.338042] (-) TimerEvent: {}
[13.438389] (-) TimerEvent: {}
[13.538914] (-) TimerEvent: {}
[13.641532] (-) TimerEvent: {}
[13.741959] (-) TimerEvent: {}
[13.842819] (-) TimerEvent: {}
[13.944061] (-) TimerEvent: {}
[14.045264] (-) TimerEvent: {}
[14.145748] (-) TimerEvent: {}
[14.247141] (-) TimerEvent: {}
[14.348684] (-) TimerEvent: {}
[14.449122] (-) TimerEvent: {}
[14.551023] (-) TimerEvent: {}
[14.565086] (rtabmap) StdoutLine: {'line': b'[ 13%] Building CXX object corelib/src/CMakeFiles/rtabmap_core.dir/camera/CameraOpenNI2.cpp.o\n'}
[14.651179] (-) TimerEvent: {}
[14.751600] (-) TimerEvent: {}
[14.853024] (-) TimerEvent: {}
[14.956498] (-) TimerEvent: {}
[15.056887] (-) TimerEvent: {}
[15.157269] (-) TimerEvent: {}
[15.257684] (-) TimerEvent: {}
[15.358155] (-) TimerEvent: {}
[15.458604] (-) TimerEvent: {}
[15.559205] (-) TimerEvent: {}
[15.560873] (rtabmap) StdoutLine: {'line': b'[ 14%] Building CXX object corelib/src/CMakeFiles/rtabmap_core.dir/camera/CameraOpenNICV.cpp.o\n'}
[15.659394] (-) TimerEvent: {}
[15.760023] (-) TimerEvent: {}
[15.860614] (-) TimerEvent: {}
[15.946000] (rtabmap) StdoutLine: {'line': b'[ 14%] Building CXX object corelib/src/CMakeFiles/rtabmap_core.dir/camera/CameraRealSense.cpp.o\n'}
[15.960868] (-) TimerEvent: {}
[16.064818] (-) TimerEvent: {}
[16.165432] (-) TimerEvent: {}
[16.267792] (-) TimerEvent: {}
[16.368199] (-) TimerEvent: {}
[16.469749] (-) TimerEvent: {}
[16.570316] (-) TimerEvent: {}
[16.671663] (-) TimerEvent: {}
[16.772100] (-) TimerEvent: {}
[16.878661] (-) TimerEvent: {}
[16.882567] (rtabmap) StdoutLine: {'line': b'[ 15%] Building CXX object corelib/src/CMakeFiles/rtabmap_core.dir/camera/CameraRealSense2.cpp.o\n'}
[16.978820] (-) TimerEvent: {}
[17.079286] (-) TimerEvent: {}
[17.181647] (-) TimerEvent: {}
[17.283495] (-) TimerEvent: {}
[17.384797] (-) TimerEvent: {}
[17.485510] (-) TimerEvent: {}
[17.586661] (-) TimerEvent: {}
[17.620465] (rtabmap) StdoutLine: {'line': b'[ 15%] Building CXX object corelib/src/CMakeFiles/rtabmap_core.dir/camera/CameraRGBDImages.cpp.o\n'}
[17.686782] (-) TimerEvent: {}
[17.788249] (-) TimerEvent: {}
[17.888591] (-) TimerEvent: {}
[17.988988] (-) TimerEvent: {}
[18.089363] (-) TimerEvent: {}
[18.189720] (-) TimerEvent: {}
[18.290499] (-) TimerEvent: {}
[18.394622] (-) TimerEvent: {}
[18.497104] (-) TimerEvent: {}
[18.597781] (-) TimerEvent: {}
[18.698147] (-) TimerEvent: {}
[18.798686] (-) TimerEvent: {}
[18.899332] (-) TimerEvent: {}
[18.999701] (-) TimerEvent: {}
[19.100917] (-) TimerEvent: {}
[19.201963] (-) TimerEvent: {}
[19.302350] (-) TimerEvent: {}
[19.403960] (-) TimerEvent: {}
[19.504663] (-) TimerEvent: {}
[19.606329] (-) TimerEvent: {}
[19.706801] (-) TimerEvent: {}
[19.809909] (-) TimerEvent: {}
[19.911677] (-) TimerEvent: {}
[20.012100] (-) TimerEvent: {}
[20.135872] (-) TimerEvent: {}
[20.238484] (-) TimerEvent: {}
[20.342856] (-) TimerEvent: {}
[20.469526] (-) TimerEvent: {}
[20.570041] (-) TimerEvent: {}
[20.671486] (-) TimerEvent: {}
[20.771718] (-) TimerEvent: {}
[20.872140] (-) TimerEvent: {}
[20.972590] (-) TimerEvent: {}
[21.073492] (-) TimerEvent: {}
[21.175489] (-) TimerEvent: {}
[21.251863] (rtabmap) StdoutLine: {'line': b'[ 15%] Building CXX object corelib/src/CMakeFiles/rtabmap_core.dir/camera/CameraStereoDC1394.cpp.o\n'}
[21.275649] (-) TimerEvent: {}
[21.376736] (-) TimerEvent: {}
[21.478400] (-) TimerEvent: {}
[21.579138] (-) TimerEvent: {}
[21.679802] (-) TimerEvent: {}
[21.781012] (-) TimerEvent: {}
[21.874716] (rtabmap) StdoutLine: {'line': b'[ 16%] Building CXX object corelib/src/CMakeFiles/rtabmap_core.dir/camera/CameraStereoFlyCapture2.cpp.o\n'}
[21.881107] (-) TimerEvent: {}
[21.918725] (rtabmap) StdoutLine: {'line': b'[ 16%] Building CXX object corelib/src/CMakeFiles/rtabmap_core.dir/camera/CameraStereoImages.cpp.o\n'}
[21.986167] (-) TimerEvent: {}
[22.087700] (-) TimerEvent: {}
[22.190510] (-) TimerEvent: {}
[22.260298] (rtabmap) StdoutLine: {'line': b'[ 17%] Building CXX object corelib/src/CMakeFiles/rtabmap_core.dir/camera/CameraStereoVideo.cpp.o\n'}
[22.290644] (-) TimerEvent: {}
[22.382910] (rtabmap) StdoutLine: {'line': b'[ 17%] Building CXX object corelib/src/CMakeFiles/rtabmap_core.dir/camera/CameraStereoZed.cpp.o\n'}
[22.391362] (-) TimerEvent: {}
[22.447863] (rtabmap) StdoutLine: {'line': b'[ 17%] Building CXX object corelib/src/CMakeFiles/rtabmap_core.dir/camera/CameraStereoZedOC.cpp.o\n'}
[22.491555] (-) TimerEvent: {}
[22.596259] (rtabmap) StdoutLine: {'line': b'[ 18%] Building CXX object corelib/src/CMakeFiles/rtabmap_core.dir/camera/CameraStereoTara.cpp.o\n'}
[22.597029] (-) TimerEvent: {}
[22.697373] (-) TimerEvent: {}
[22.798079] (-) TimerEvent: {}
[22.899116] (-) TimerEvent: {}
[23.000222] (-) TimerEvent: {}
[23.100743] (-) TimerEvent: {}
[23.201722] (-) TimerEvent: {}
[23.302916] (-) TimerEvent: {}
[23.399495] (rtabmap) StdoutLine: {'line': b'[ 18%] Building CXX object corelib/src/CMakeFiles/rtabmap_core.dir/camera/CameraVideo.cpp.o\n'}
[23.403057] (-) TimerEvent: {}
[23.503470] (-) TimerEvent: {}
[23.605644] (-) TimerEvent: {}
[23.706144] (-) TimerEvent: {}
[23.806739] (-) TimerEvent: {}
[23.907091] (-) TimerEvent: {}
[24.007453] (-) TimerEvent: {}
[24.109695] (-) TimerEvent: {}
[24.210791] (-) TimerEvent: {}
[24.312555] (-) TimerEvent: {}
[24.413218] (-) TimerEvent: {}
[24.513924] (-) TimerEvent: {}
[24.614726] (-) TimerEvent: {}
[24.717124] (-) TimerEvent: {}
[24.817715] (-) TimerEvent: {}
[24.918872] (-) TimerEvent: {}
[25.019309] (-) TimerEvent: {}
[25.119707] (-) TimerEvent: {}
[25.220175] (-) TimerEvent: {}
[25.322698] (-) TimerEvent: {}
[25.423150] (-) TimerEvent: {}
[25.435936] (rtabmap) StdoutLine: {'line': b'[ 19%] Building CXX object corelib/src/CMakeFiles/rtabmap_core.dir/camera/CameraMyntEye.cpp.o\n'}
[25.523262] (-) TimerEvent: {}
[25.623661] (-) TimerEvent: {}
[25.724147] (-) TimerEvent: {}
[25.825637] (-) TimerEvent: {}
[25.860872] (rtabmap) StdoutLine: {'line': b'[ 19%] Building CXX object corelib/src/CMakeFiles/rtabmap_core.dir/camera/CameraDepthAI.cpp.o\n'}
[25.925739] (-) TimerEvent: {}
[26.028704] (-) TimerEvent: {}
[26.129172] (-) TimerEvent: {}
[26.233922] (-) TimerEvent: {}
[26.334579] (-) TimerEvent: {}
[26.435204] (-) TimerEvent: {}
[26.535750] (-) TimerEvent: {}
[26.636392] (-) TimerEvent: {}
[26.651479] (rtabmap) StdoutLine: {'line': b'[ 19%] Building CXX object corelib/src/CMakeFiles/rtabmap_core.dir/camera/CameraSeerSense.cpp.o\n'}
[26.736569] (-) TimerEvent: {}
[26.840064] (-) TimerEvent: {}
[26.941553] (-) TimerEvent: {}
[26.956615] (rtabmap) StdoutLine: {'line': b'[ 20%] Building CXX object corelib/src/CMakeFiles/rtabmap_core.dir/camera/CameraOrbbecSDK.cpp.o\n'}
[27.041677] (-) TimerEvent: {}
[27.142247] (-) TimerEvent: {}
[27.244925] (-) TimerEvent: {}
[27.340741] (rtabmap) StdoutLine: {'line': b'[ 20%] Building CXX object corelib/src/CMakeFiles/rtabmap_core.dir/EpipolarGeometry.cpp.o\n'}
[27.345433] (-) TimerEvent: {}
[27.446178] (-) TimerEvent: {}
[27.542602] (rtabmap) StdoutLine: {'line': b'[ 21%] Building CXX object corelib/src/CMakeFiles/rtabmap_core.dir/VisualWord.cpp.o\n'}
[27.551328] (-) TimerEvent: {}
[27.667063] (-) TimerEvent: {}
[27.767771] (-) TimerEvent: {}
[27.875274] (-) TimerEvent: {}
[27.977888] (-) TimerEvent: {}
[28.050891] (rtabmap) StdoutLine: {'line': b'[ 21%] Building CXX object corelib/src/CMakeFiles/rtabmap_core.dir/VWDictionary.cpp.o\n'}
[28.078349] (-) TimerEvent: {}
[28.180914] (-) TimerEvent: {}
[28.281649] (-) TimerEvent: {}
[28.385817] (-) TimerEvent: {}
[28.486379] (-) TimerEvent: {}
[28.582841] (rtabmap) StdoutLine: {'line': b'[ 21%] Building CXX object corelib/src/CMakeFiles/rtabmap_core.dir/BayesFilter.cpp.o\n'}
[28.586527] (-) TimerEvent: {}
[28.621673] (rtabmap) StdoutLine: {'line': b'[ 22%] Building CXX object corelib/src/CMakeFiles/rtabmap_core.dir/Parameters.cpp.o\n'}
[28.633425] (rtabmap) StdoutLine: {'line': b'[ 22%] Building CXX object corelib/src/CMakeFiles/rtabmap_core.dir/Signature.cpp.o\n'}
[28.686636] (-) TimerEvent: {}
[28.744458] (rtabmap) StdoutLine: {'line': b'[ 22%] Building CXX object corelib/src/CMakeFiles/rtabmap_core.dir/Features2d.cpp.o\n'}
[28.786902] (-) TimerEvent: {}
[28.889642] (-) TimerEvent: {}
[28.990007] (-) TimerEvent: {}
[29.090445] (-) TimerEvent: {}
[29.146537] (rtabmap) StdoutLine: {'line': b'[ 23%] Building CXX object corelib/src/CMakeFiles/rtabmap_core.dir/Transform.cpp.o\n'}
[29.190592] (-) TimerEvent: {}
[29.290980] (-) TimerEvent: {}
[29.391321] (-) TimerEvent: {}
[29.405513] (rtabmap) StdoutLine: {'line': b'[ 23%] Building CXX object corelib/src/CMakeFiles/rtabmap_core.dir/GeodeticCoords.cpp.o\n'}
[29.491451] (-) TimerEvent: {}
[29.591700] (-) TimerEvent: {}
[29.692140] (-) TimerEvent: {}
[29.792645] (-) TimerEvent: {}
[29.893332] (-) TimerEvent: {}
[29.998097] (-) TimerEvent: {}
[30.099778] (-) TimerEvent: {}
[30.205227] (-) TimerEvent: {}
[30.306073] (-) TimerEvent: {}
[30.425658] (-) TimerEvent: {}
[30.562528] (-) TimerEvent: {}
[30.668578] (-) TimerEvent: {}
[30.772615] (-) TimerEvent: {}
[30.887495] (-) TimerEvent: {}
[30.992510] (-) TimerEvent: {}
[31.105643] (-) TimerEvent: {}
[31.233109] (-) TimerEvent: {}
[31.249835] (rtabmap) StdoutLine: {'line': b'[ 24%] Building CXX object corelib/src/CMakeFiles/rtabmap_core.dir/util2d.cpp.o\n'}
[31.333234] (-) TimerEvent: {}
[31.435538] (-) TimerEvent: {}
[31.521429] (rtabmap) StdoutLine: {'line': b'[ 24%] Building CXX object corelib/src/CMakeFiles/rtabmap_core.dir/util3d.cpp.o\n'}
[31.535742] (-) TimerEvent: {}
[31.636446] (-) TimerEvent: {}
[31.730930] (rtabmap) StdoutLine: {'line': b'[ 24%] Building CXX object corelib/src/CMakeFiles/rtabmap_core.dir/util3d_filtering.cpp.o\n'}
[31.736847] (-) TimerEvent: {}
[31.837159] (-) TimerEvent: {}
[31.937485] (-) TimerEvent: {}
[32.041321] (-) TimerEvent: {}
[32.143021] (-) TimerEvent: {}
[32.244502] (-) TimerEvent: {}
[32.347252] (-) TimerEvent: {}
[32.447846] (-) TimerEvent: {}
[32.548452] (-) TimerEvent: {}
[32.648987] (-) TimerEvent: {}
[32.749894] (-) TimerEvent: {}
[32.893316] (-) TimerEvent: {}
[32.993951] (-) TimerEvent: {}
[33.094504] (-) TimerEvent: {}
[33.195078] (-) TimerEvent: {}
[33.295813] (-) TimerEvent: {}
[33.396253] (-) TimerEvent: {}
[33.496723] (-) TimerEvent: {}
[33.597222] (-) TimerEvent: {}
[33.698240] (-) TimerEvent: {}
[33.743303] (rtabmap) StdoutLine: {'line': b'[ 25%] Building CXX object corelib/src/CMakeFiles/rtabmap_core.dir/util3d_mapping.cpp.o\n'}
[33.798471] (-) TimerEvent: {}
[33.899105] (-) TimerEvent: {}
[34.001258] (-) TimerEvent: {}
[34.101733] (-) TimerEvent: {}
[34.202444] (-) TimerEvent: {}
[34.302941] (-) TimerEvent: {}
[34.403463] (-) TimerEvent: {}
[34.503816] (-) TimerEvent: {}
[34.597729] (rtabmap) StdoutLine: {'line': b'[ 25%] Building CXX object corelib/src/CMakeFiles/rtabmap_core.dir/util3d_transforms.cpp.o\n'}
[34.604263] (-) TimerEvent: {}
[34.707651] (-) TimerEvent: {}
[34.808636] (-) TimerEvent: {}
[34.913808] (-) TimerEvent: {}
[35.014594] (-) TimerEvent: {}
[35.114972] (-) TimerEvent: {}
[35.218201] (-) TimerEvent: {}
[35.320612] (-) TimerEvent: {}
[35.421365] (-) TimerEvent: {}
[35.522222] (-) TimerEvent: {}
[35.622690] (-) TimerEvent: {}
[35.723073] (-) TimerEvent: {}
[35.828499] (-) TimerEvent: {}
[35.921695] (rtabmap) StdoutLine: {'line': b'[ 26%] Building CXX object corelib/src/CMakeFiles/rtabmap_core.dir/util3d_registration.cpp.o\n'}
[35.928728] (-) TimerEvent: {}
[36.030614] (-) TimerEvent: {}
[36.133722] (-) TimerEvent: {}
[36.234229] (-) TimerEvent: {}
[36.334585] (-) TimerEvent: {}
[36.434940] (-) TimerEvent: {}
[36.457171] (rtabmap) StdoutLine: {'line': b'[ 26%] Building CXX object corelib/src/CMakeFiles/rtabmap_core.dir/util3d_surface.cpp.o\n'}
[36.535089] (-) TimerEvent: {}
[36.635682] (-) TimerEvent: {}
[36.736374] (-) TimerEvent: {}
[36.839377] (-) TimerEvent: {}
[36.939987] (-) TimerEvent: {}
[37.041033] (-) TimerEvent: {}
[37.141344] (-) TimerEvent: {}
[37.242561] (-) TimerEvent: {}
[37.343039] (-) TimerEvent: {}
[37.447676] (-) TimerEvent: {}
[37.550549] (-) TimerEvent: {}
[37.654384] (-) TimerEvent: {}
[37.755252] (-) TimerEvent: {}
[37.856679] (-) TimerEvent: {}
[37.956981] (-) TimerEvent: {}
[38.062412] (-) TimerEvent: {}
[38.166503] (-) TimerEvent: {}
[38.266810] (-) TimerEvent: {}
[38.367677] (-) TimerEvent: {}
[38.468032] (-) TimerEvent: {}
[38.569533] (-) TimerEvent: {}
[38.669748] (-) TimerEvent: {}
[38.770178] (-) TimerEvent: {}
[38.871489] (-) TimerEvent: {}
[38.971884] (-) TimerEvent: {}
[39.073486] (-) TimerEvent: {}
[39.173998] (-) TimerEvent: {}
[39.274488] (-) TimerEvent: {}
[39.374855] (-) TimerEvent: {}
[39.475547] (-) TimerEvent: {}
[39.577622] (-) TimerEvent: {}
[39.678405] (-) TimerEvent: {}
[39.779252] (-) TimerEvent: {}
[39.882111] (-) TimerEvent: {}
[39.982667] (-) TimerEvent: {}
[40.083176] (-) TimerEvent: {}
[40.147752] (rtabmap) StdoutLine: {'line': b'[ 26%] Building CXX object corelib/src/CMakeFiles/rtabmap_core.dir/util3d_features.cpp.o\n'}
[40.183748] (-) TimerEvent: {}
[40.284744] (-) TimerEvent: {}
[40.389973] (-) TimerEvent: {}
[40.501735] (-) TimerEvent: {}
[40.603737] (-) TimerEvent: {}
[40.704117] (-) TimerEvent: {}
[40.804525] (-) TimerEvent: {}
[40.905100] (-) TimerEvent: {}
[41.005674] (-) TimerEvent: {}
[41.106075] (-) TimerEvent: {}
[41.206609] (-) TimerEvent: {}
[41.245914] (rtabmap) StdoutLine: {'line': b'[ 27%] Building CXX object corelib/src/CMakeFiles/rtabmap_core.dir/util3d_correspondences.cpp.o\n'}
[41.306727] (-) TimerEvent: {}
[41.407037] (-) TimerEvent: {}
[41.510610] (-) TimerEvent: {}
[41.611030] (-) TimerEvent: {}
[41.711509] (-) TimerEvent: {}
[41.813158] (-) TimerEvent: {}
[41.913609] (-) TimerEvent: {}
[42.016504] (-) TimerEvent: {}
[42.116982] (-) TimerEvent: {}
[42.217667] (-) TimerEvent: {}
[42.318494] (-) TimerEvent: {}
[42.354680] (rtabmap) StdoutLine: {'line': b'[ 27%] Building CXX object corelib/src/CMakeFiles/rtabmap_core.dir/util3d_motion_estimation.cpp.o\n'}
[42.418690] (-) TimerEvent: {}
[42.520752] (-) TimerEvent: {}
[42.624499] (-) TimerEvent: {}
[42.724905] (-) TimerEvent: {}
[42.825549] (-) TimerEvent: {}
[42.926183] (-) TimerEvent: {}
[43.035489] (-) TimerEvent: {}
[43.139604] (-) TimerEvent: {}
[43.240644] (-) TimerEvent: {}
[43.344525] (-) TimerEvent: {}
[43.445267] (-) TimerEvent: {}
[43.545898] (-) TimerEvent: {}
[43.646792] (-) TimerEvent: {}
[43.665873] (rtabmap) StdoutLine: {'line': b'[ 28%] Building CXX object corelib/src/CMakeFiles/rtabmap_core.dir/rvl_codec.cpp.o\n'}
[43.747005] (-) TimerEvent: {}
[43.759541] (rtabmap) StdoutLine: {'line': b'[ 28%] Building CXX object corelib/src/CMakeFiles/rtabmap_core.dir/SensorData.cpp.o\n'}
[43.804964] (rtabmap) StdoutLine: {'line': b'[ 28%] Building CXX object corelib/src/CMakeFiles/rtabmap_core.dir/Graph.cpp.o\n'}
[43.847175] (-) TimerEvent: {}
[43.947661] (-) TimerEvent: {}
[44.049915] (-) TimerEvent: {}
[44.152628] (-) TimerEvent: {}
[44.253643] (-) TimerEvent: {}
[44.354109] (-) TimerEvent: {}
[44.454428] (-) TimerEvent: {}
[44.554743] (-) TimerEvent: {}
[44.656507] (-) TimerEvent: {}
[44.757987] (-) TimerEvent: {}
[44.860602] (-) TimerEvent: {}
[44.965030] (rtabmap) StdoutLine: {'line': b'[ 29%] Building CXX object corelib/src/CMakeFiles/rtabmap_core.dir/Compression.cpp.o\n'}
[44.965837] (-) TimerEvent: {}
[45.066080] (-) TimerEvent: {}
[45.173551] (-) TimerEvent: {}
[45.219626] (rtabmap) StdoutLine: {'line': b'[ 29%] Building CXX object corelib/src/CMakeFiles/rtabmap_core.dir/Link.cpp.o\n'}
[45.273654] (-) TimerEvent: {}
[45.374034] (-) TimerEvent: {}
[45.474627] (-) TimerEvent: {}
[45.578685] (-) TimerEvent: {}
[45.681305] (-) TimerEvent: {}
[45.782728] (-) TimerEvent: {}
[45.885249] (-) TimerEvent: {}
[45.990500] (-) TimerEvent: {}
[46.090867] (-) TimerEvent: {}
[46.191227] (-) TimerEvent: {}
[46.294592] (-) TimerEvent: {}
[46.395138] (-) TimerEvent: {}
[46.498257] (-) TimerEvent: {}
[46.603257] (-) TimerEvent: {}
[46.713913] (-) TimerEvent: {}
[46.838388] (-) TimerEvent: {}
[46.962681] (-) TimerEvent: {}
[47.072494] (-) TimerEvent: {}
[47.192528] (rtabmap) StdoutLine: {'line': b'[ 30%] Building CXX object corelib/src/CMakeFiles/rtabmap_core.dir/LaserScan.cpp.o\n'}
[47.192914] (-) TimerEvent: {}
[47.293783] (-) TimerEvent: {}
[47.394289] (-) TimerEvent: {}
[47.495804] (-) TimerEvent: {}
[47.597028] (-) TimerEvent: {}
[47.697623] (-) TimerEvent: {}
[47.800636] (-) TimerEvent: {}
[47.901154] (-) TimerEvent: {}
[48.004624] (-) TimerEvent: {}
[48.104866] (-) TimerEvent: {}
[48.206511] (-) TimerEvent: {}
[48.307013] (-) TimerEvent: {}
[48.407497] (-) TimerEvent: {}
[48.470924] (rtabmap) StdoutLine: {'line': b'[ 30%] Building CXX object corelib/src/CMakeFiles/rtabmap_core.dir/Optimizer.cpp.o\n'}
[48.507627] (-) TimerEvent: {}
[48.607971] (-) TimerEvent: {}
[48.710586] (-) TimerEvent: {}
[48.811279] (-) TimerEvent: {}
[48.913391] (-) TimerEvent: {}
[49.013796] (-) TimerEvent: {}
[49.115945] (-) TimerEvent: {}
[49.217438] (-) TimerEvent: {}
[49.318186] (-) TimerEvent: {}
[49.420657] (-) TimerEvent: {}
[49.521375] (-) TimerEvent: {}
[49.528340] (rtabmap) StdoutLine: {'line': b'[ 30%] Building CXX object corelib/src/CMakeFiles/rtabmap_core.dir/optimizer/OptimizerTORO.cpp.o\n'}
[49.621687] (-) TimerEvent: {}
[49.723494] (-) TimerEvent: {}
[49.823959] (-) TimerEvent: {}
[49.871640] (rtabmap) StdoutLine: {'line': b'[ 31%] Building CXX object corelib/src/CMakeFiles/rtabmap_core.dir/optimizer/OptimizerG2O.cpp.o\n'}
[49.921611] (rtabmap) StdoutLine: {'line': b'[ 31%] Building CXX object corelib/src/CMakeFiles/rtabmap_core.dir/optimizer/OptimizerGTSAM.cpp.o\n'}
[49.924050] (-) TimerEvent: {}
[50.026611] (-) TimerEvent: {}
[50.127296] (-) TimerEvent: {}
[50.215545] (rtabmap) StdoutLine: {'line': b'[ 31%] Building CXX object corelib/src/CMakeFiles/rtabmap_core.dir/optimizer/OptimizerCVSBA.cpp.o\n'}
[50.227467] (-) TimerEvent: {}
[50.328165] (-) TimerEvent: {}
[50.431672] (-) TimerEvent: {}
[50.532450] (-) TimerEvent: {}
[50.641940] (-) TimerEvent: {}
[50.761698] (-) TimerEvent: {}
[50.862772] (-) TimerEvent: {}
[50.963412] (-) TimerEvent: {}
[51.064088] (-) TimerEvent: {}
[51.165251] (-) TimerEvent: {}
[51.265909] (-) TimerEvent: {}
[51.366492] (-) TimerEvent: {}
[51.467597] (-) TimerEvent: {}
[51.568496] (-) TimerEvent: {}
[51.671975] (-) TimerEvent: {}
[51.772373] (-) TimerEvent: {}
[51.872782] (-) TimerEvent: {}
[51.973158] (-) TimerEvent: {}
[52.073651] (-) TimerEvent: {}
[52.173997] (-) TimerEvent: {}
[52.274400] (-) TimerEvent: {}
[52.375681] (-) TimerEvent: {}
[52.476109] (-) TimerEvent: {}
[52.576814] (-) TimerEvent: {}
[52.678601] (-) TimerEvent: {}
[52.779340] (-) TimerEvent: {}
[52.888383] (-) TimerEvent: {}
[52.990926] (-) TimerEvent: {}
[53.097154] (-) TimerEvent: {}
[53.197559] (-) TimerEvent: {}
[53.298343] (-) TimerEvent: {}
[53.398952] (-) TimerEvent: {}
[53.501064] (-) TimerEvent: {}
[53.592426] (rtabmap) StdoutLine: {'line': b'[ 32%] Building CXX object corelib/src/CMakeFiles/rtabmap_core.dir/optimizer/OptimizerCeres.cpp.o\n'}
[53.601237] (-) TimerEvent: {}
[53.701827] (-) TimerEvent: {}
[53.802596] (-) TimerEvent: {}
[53.903270] (-) TimerEvent: {}
[54.003740] (-) TimerEvent: {}
[54.104688] (-) TimerEvent: {}
[54.205087] (-) TimerEvent: {}
[54.306641] (-) TimerEvent: {}
[54.327542] (rtabmap) StdoutLine: {'line': b'[ 32%] Building CXX object corelib/src/CMakeFiles/rtabmap_core.dir/Registration.cpp.o\n'}
[54.406770] (-) TimerEvent: {}
[54.508667] (-) TimerEvent: {}
[54.609094] (-) TimerEvent: {}
[54.709518] (-) TimerEvent: {}
[54.812992] (-) TimerEvent: {}
[54.914017] (-) TimerEvent: {}
[55.016201] (-) TimerEvent: {}
[55.117052] (-) TimerEvent: {}
[55.220711] (-) TimerEvent: {}
[55.321511] (-) TimerEvent: {}
[55.404966] (rtabmap) StdoutLine: {'line': b'[ 33%] Building CXX object corelib/src/CMakeFiles/rtabmap_core.dir/RegistrationIcp.cpp.o\n'}
[55.421581] (-) TimerEvent: {}
[55.522004] (-) TimerEvent: {}
[55.622464] (-) TimerEvent: {}
[55.722836] (-) TimerEvent: {}
[55.823329] (-) TimerEvent: {}
[55.923712] (-) TimerEvent: {}
[56.024062] (-) TimerEvent: {}
[56.124413] (-) TimerEvent: {}
[56.159479] (rtabmap) StdoutLine: {'line': b'[ 33%] Building CXX object corelib/src/CMakeFiles/rtabmap_core.dir/RegistrationVis.cpp.o\n'}
[56.224606] (-) TimerEvent: {}
[56.325012] (-) TimerEvent: {}
[56.427149] (-) TimerEvent: {}
[56.528955] (-) TimerEvent: {}
[56.629750] (-) TimerEvent: {}
[56.735190] (-) TimerEvent: {}
[56.836435] (-) TimerEvent: {}
[56.936921] (-) TimerEvent: {}
[57.039645] (-) TimerEvent: {}
[57.140092] (-) TimerEvent: {}
[57.202258] (rtabmap) StdoutLine: {'line': b'[ 33%] Building CXX object corelib/src/CMakeFiles/rtabmap_core.dir/Odometry.cpp.o\n'}
[57.240223] (-) TimerEvent: {}
[57.340604] (-) TimerEvent: {}
[57.440933] (-) TimerEvent: {}
[57.541313] (-) TimerEvent: {}
[57.641717] (-) TimerEvent: {}
[57.743555] (-) TimerEvent: {}
[57.844152] (-) TimerEvent: {}
[57.947136] (-) TimerEvent: {}
[58.053333] (-) TimerEvent: {}
[58.154223] (-) TimerEvent: {}
[58.257686] (-) TimerEvent: {}
[58.358088] (-) TimerEvent: {}
[58.459660] (-) TimerEvent: {}
[58.560246] (-) TimerEvent: {}
[58.660889] (-) TimerEvent: {}
[58.762107] (-) TimerEvent: {}
[58.862620] (-) TimerEvent: {}
[59.001509] (-) TimerEvent: {}
[59.103681] (-) TimerEvent: {}
[59.205549] (-) TimerEvent: {}
[59.308505] (-) TimerEvent: {}
[59.409038] (-) TimerEvent: {}
[59.528677] (-) TimerEvent: {}
[59.645738] (-) TimerEvent: {}
[59.747570] (-) TimerEvent: {}
[59.854203] (-) TimerEvent: {}
[59.981579] (-) TimerEvent: {}
[60.084447] (-) TimerEvent: {}
[60.185110] (-) TimerEvent: {}
[60.287258] (-) TimerEvent: {}
[60.388047] (-) TimerEvent: {}
[60.488448] (-) TimerEvent: {}
[60.495514] (rtabmap) StdoutLine: {'line': b'[ 34%] Building CXX object corelib/src/CMakeFiles/rtabmap_core.dir/OdometryThread.cpp.o\n'}
[60.588568] (-) TimerEvent: {}
[60.690303] (-) TimerEvent: {}
[60.790738] (-) TimerEvent: {}
[60.891146] (-) TimerEvent: {}
[60.910957] (rtabmap) StdoutLine: {'line': b'[ 34%] Building CXX object corelib/src/CMakeFiles/rtabmap_core.dir/OdometryInfo.cpp.o\n'}
[60.991262] (-) TimerEvent: {}
[61.091830] (-) TimerEvent: {}
[61.194147] (-) TimerEvent: {}
[61.294769] (-) TimerEvent: {}
[61.396799] (-) TimerEvent: {}
[61.492894] (rtabmap) StdoutLine: {'line': b'[ 35%] Building CXX object corelib/src/CMakeFiles/rtabmap_core.dir/odometry/OdometryF2M.cpp.o\n'}
[61.496894] (-) TimerEvent: {}
[61.599155] (-) TimerEvent: {}
[61.699736] (-) TimerEvent: {}
[61.800411] (-) TimerEvent: {}
[61.901562] (-) TimerEvent: {}
[62.003268] (-) TimerEvent: {}
[62.104617] (-) TimerEvent: {}
[62.205126] (-) TimerEvent: {}
[62.305491] (-) TimerEvent: {}
[62.407626] (-) TimerEvent: {}
[62.516536] (-) TimerEvent: {}
[62.623497] (-) TimerEvent: {}
[62.723924] (-) TimerEvent: {}
[62.824373] (-) TimerEvent: {}
[62.924821] (-) TimerEvent: {}
[63.025224] (-) TimerEvent: {}
[63.125694] (-) TimerEvent: {}
[63.226607] (-) TimerEvent: {}
[63.327177] (-) TimerEvent: {}
[63.431162] (-) TimerEvent: {}
[63.532413] (-) TimerEvent: {}
[63.633519] (-) TimerEvent: {}
[63.718375] (rtabmap) StdoutLine: {'line': b'[ 35%] Building CXX object corelib/src/CMakeFiles/rtabmap_core.dir/odometry/OdometryMono.cpp.o\n'}
[63.733613] (-) TimerEvent: {}
[63.768650] (rtabmap) StdoutLine: {'line': b'[ 35%] Building CXX object corelib/src/CMakeFiles/rtabmap_core.dir/odometry/OdometryF2F.cpp.o\n'}
[63.833763] (-) TimerEvent: {}
[63.934499] (-) TimerEvent: {}
[63.941691] (rtabmap) StdoutLine: {'line': b'[ 36%] Building CXX object corelib/src/CMakeFiles/rtabmap_core.dir/odometry/OdometryFovis.cpp.o\n'}
[64.034661] (-) TimerEvent: {}
[64.136596] (-) TimerEvent: {}
[64.237185] (-) TimerEvent: {}
[64.339505] (-) TimerEvent: {}
[64.440667] (-) TimerEvent: {}
[64.541049] (-) TimerEvent: {}
[64.641427] (-) TimerEvent: {}
[64.743453] (-) TimerEvent: {}
[64.844514] (-) TimerEvent: {}
[64.947639] (-) TimerEvent: {}
[65.048747] (-) TimerEvent: {}
[65.055272] (rtabmap) StdoutLine: {'line': b'[ 36%] Building CXX object corelib/src/CMakeFiles/rtabmap_core.dir/odometry/OdometryViso2.cpp.o\n'}
[65.148893] (-) TimerEvent: {}
[65.252879] (-) TimerEvent: {}
[65.353471] (-) TimerEvent: {}
[65.367460] (rtabmap) StdoutLine: {'line': b'[ 37%] Building CXX object corelib/src/CMakeFiles/rtabmap_core.dir/odometry/OdometryDVO.cpp.o\n'}
[65.456781] (-) TimerEvent: {}
[65.557140] (-) TimerEvent: {}
[65.657484] (-) TimerEvent: {}
[65.757832] (-) TimerEvent: {}
[65.861932] (-) TimerEvent: {}
[65.965816] (-) TimerEvent: {}
[66.066343] (-) TimerEvent: {}
[66.168528] (-) TimerEvent: {}
[66.268900] (-) TimerEvent: {}
[66.371172] (-) TimerEvent: {}
[66.471650] (-) TimerEvent: {}
[66.572124] (-) TimerEvent: {}
[66.672883] (-) TimerEvent: {}
[66.773259] (-) TimerEvent: {}
[66.869173] (rtabmap) StdoutLine: {'line': b'[ 37%] Building CXX object corelib/src/CMakeFiles/rtabmap_core.dir/odometry/OdometryOkvis.cpp.o\n'}
[66.873351] (-) TimerEvent: {}
[66.973662] (-) TimerEvent: {}
[67.074003] (-) TimerEvent: {}
[67.174374] (-) TimerEvent: {}
[67.275635] (-) TimerEvent: {}
[67.376271] (-) TimerEvent: {}
[67.476842] (-) TimerEvent: {}
[67.578533] (-) TimerEvent: {}
[67.679887] (-) TimerEvent: {}
[67.782848] (-) TimerEvent: {}
[67.883763] (-) TimerEvent: {}
[67.984683] (-) TimerEvent: {}
[68.085357] (-) TimerEvent: {}
[68.185793] (-) TimerEvent: {}
[68.287677] (-) TimerEvent: {}
[68.388608] (-) TimerEvent: {}
[68.488999] (-) TimerEvent: {}
[68.589429] (-) TimerEvent: {}
[68.689806] (-) TimerEvent: {}
[68.790495] (-) TimerEvent: {}
[68.916277] (-) TimerEvent: {}
[69.024579] (-) TimerEvent: {}
[69.125203] (-) TimerEvent: {}
[69.225578] (-) TimerEvent: {}
[69.328978] (-) TimerEvent: {}
[69.434170] (-) TimerEvent: {}
[69.512229] (rtabmap) StdoutLine: {'line': b'[ 37%] Building CXX object corelib/src/CMakeFiles/rtabmap_core.dir/odometry/OdometryORBSLAM2.cpp.o\n'}
[69.534288] (-) TimerEvent: {}
[69.634741] (-) TimerEvent: {}
[69.742899] (-) TimerEvent: {}
[69.849644] (-) TimerEvent: {}
[69.950169] (-) TimerEvent: {}
[70.050627] (-) TimerEvent: {}
[70.152752] (-) TimerEvent: {}
[70.253133] (-) TimerEvent: {}
[70.353483] (-) TimerEvent: {}
[70.453890] (-) TimerEvent: {}
[70.554281] (-) TimerEvent: {}
[70.654755] (-) TimerEvent: {}
[70.756662] (-) TimerEvent: {}
[70.886755] (-) TimerEvent: {}
[70.992502] (-) TimerEvent: {}
[71.092894] (-) TimerEvent: {}
[71.193304] (-) TimerEvent: {}
[71.310856] (-) TimerEvent: {}
[71.413631] (-) TimerEvent: {}
[71.515101] (-) TimerEvent: {}
[71.616128] (-) TimerEvent: {}
[71.716606] (-) TimerEvent: {}
[71.817206] (-) TimerEvent: {}
[71.917786] (-) TimerEvent: {}
[72.018398] (-) TimerEvent: {}
[72.121652] (-) TimerEvent: {}
[72.222016] (-) TimerEvent: {}
[72.322404] (-) TimerEvent: {}
[72.422897] (-) TimerEvent: {}
[72.523318] (-) TimerEvent: {}
[72.623782] (-) TimerEvent: {}
[72.738777] (-) TimerEvent: {}
[72.840369] (-) TimerEvent: {}
[72.950334] (-) TimerEvent: {}
[73.050653] (-) TimerEvent: {}
[73.151117] (-) TimerEvent: {}
[73.254589] (-) TimerEvent: {}
[73.355529] (-) TimerEvent: {}
[73.456518] (-) TimerEvent: {}
[73.556829] (-) TimerEvent: {}
[73.658499] (-) TimerEvent: {}
[73.758861] (-) TimerEvent: {}
[73.859576] (-) TimerEvent: {}
[73.960262] (-) TimerEvent: {}
[74.061823] (-) TimerEvent: {}
[74.162555] (-) TimerEvent: {}
[74.265518] (-) TimerEvent: {}
[74.366017] (-) TimerEvent: {}
[74.467855] (-) TimerEvent: {}
[74.568619] (-) TimerEvent: {}
[74.669283] (-) TimerEvent: {}
[74.769541] (-) TimerEvent: {}
[74.870595] (-) TimerEvent: {}
[74.971610] (-) TimerEvent: {}
[75.074007] (-) TimerEvent: {}
[75.174322] (-) TimerEvent: {}
[75.274661] (-) TimerEvent: {}
[75.375010] (-) TimerEvent: {}
[75.475253] (-) TimerEvent: {}
[75.576384] (-) TimerEvent: {}
[75.676980] (-) TimerEvent: {}
[75.778254] (-) TimerEvent: {}
[75.878984] (-) TimerEvent: {}
[75.979572] (-) TimerEvent: {}
[76.085328] (-) TimerEvent: {}
[76.189499] (-) TimerEvent: {}
[76.289849] (-) TimerEvent: {}
[76.393181] (-) TimerEvent: {}
[76.493512] (-) TimerEvent: {}
[76.594072] (-) TimerEvent: {}
[76.694588] (-) TimerEvent: {}
[76.794934] (-) TimerEvent: {}
[76.896547] (-) TimerEvent: {}
[76.997353] (-) TimerEvent: {}
[77.098646] (-) TimerEvent: {}
[77.199530] (-) TimerEvent: {}
[77.299848] (-) TimerEvent: {}
[77.400166] (-) TimerEvent: {}
[77.500545] (-) TimerEvent: {}
[77.600851] (-) TimerEvent: {}
[77.701188] (-) TimerEvent: {}
[77.801535] (-) TimerEvent: {}
[77.901816] (-) TimerEvent: {}
[78.002135] (-) TimerEvent: {}
[78.102487] (-) TimerEvent: {}
[78.202713] (-) TimerEvent: {}
[78.302957] (-) TimerEvent: {}
[78.403196] (-) TimerEvent: {}
[78.503444] (-) TimerEvent: {}
[78.603688] (-) TimerEvent: {}
[78.703930] (-) TimerEvent: {}
[78.804171] (-) TimerEvent: {}
[78.904414] (-) TimerEvent: {}
[79.004667] (-) TimerEvent: {}
[79.104904] (-) TimerEvent: {}
[79.205131] (-) TimerEvent: {}
[79.305342] (-) TimerEvent: {}
[79.405565] (-) TimerEvent: {}
[79.505757] (-) TimerEvent: {}
[79.606003] (-) TimerEvent: {}
[79.706230] (-) TimerEvent: {}
[79.806560] (-) TimerEvent: {}
[79.906851] (-) TimerEvent: {}
[80.007115] (-) TimerEvent: {}
[80.107390] (-) TimerEvent: {}
[80.207660] (-) TimerEvent: {}
[80.307882] (-) TimerEvent: {}
[80.408182] (-) TimerEvent: {}
[80.508473] (-) TimerEvent: {}
[80.608749] (-) TimerEvent: {}
[80.709145] (-) TimerEvent: {}
[80.809391] (-) TimerEvent: {}
[80.909711] (-) TimerEvent: {}
[81.010103] (-) TimerEvent: {}
[81.110574] (-) TimerEvent: {}
[81.210980] (-) TimerEvent: {}
[81.311483] (-) TimerEvent: {}
[81.413096] (-) TimerEvent: {}
[81.513345] (-) TimerEvent: {}
[81.613578] (-) TimerEvent: {}
[81.713894] (-) TimerEvent: {}
[81.814257] (-) TimerEvent: {}
[81.914694] (-) TimerEvent: {}
[82.015108] (-) TimerEvent: {}
[82.115573] (-) TimerEvent: {}
[82.215943] (-) TimerEvent: {}
[82.316322] (-) TimerEvent: {}
[82.416702] (-) TimerEvent: {}
[82.517074] (-) TimerEvent: {}
[82.617415] (-) TimerEvent: {}
[82.717786] (-) TimerEvent: {}
[82.818093] (-) TimerEvent: {}
[82.918366] (-) TimerEvent: {}
[83.018654] (-) TimerEvent: {}
[83.118875] (-) TimerEvent: {}
[83.219120] (-) TimerEvent: {}
[83.319346] (-) TimerEvent: {}
[83.419573] (-) TimerEvent: {}
[83.519739] (-) TimerEvent: {}
[83.619939] (-) TimerEvent: {}
[83.720166] (-) TimerEvent: {}
[83.820372] (-) TimerEvent: {}
[83.920582] (-) TimerEvent: {}
[84.020793] (-) TimerEvent: {}
[84.121047] (-) TimerEvent: {}
[84.221322] (-) TimerEvent: {}
[84.321543] (-) TimerEvent: {}
[84.421779] (-) TimerEvent: {}
[84.521966] (-) TimerEvent: {}
[84.622168] (-) TimerEvent: {}
[84.722401] (-) TimerEvent: {}
[84.822606] (-) TimerEvent: {}
[84.922829] (-) TimerEvent: {}
[85.023070] (-) TimerEvent: {}
[85.123312] (-) TimerEvent: {}
[85.223510] (-) TimerEvent: {}
[85.323738] (-) TimerEvent: {}
[85.424002] (-) TimerEvent: {}
[85.524244] (-) TimerEvent: {}
[85.624561] (-) TimerEvent: {}
[85.724859] (-) TimerEvent: {}
[85.825124] (-) TimerEvent: {}
[85.925361] (-) TimerEvent: {}
[86.025607] (-) TimerEvent: {}
[86.125832] (-) TimerEvent: {}
[86.226055] (-) TimerEvent: {}
[86.300906] (rtabmap) StdoutLine: {'line': b'[ 38%] Building CXX object corelib/src/CMakeFiles/rtabmap_core.dir/StereoDense.cpp.o\n'}
[86.301254] (rtabmap) StdoutLine: {'line': b'[ 37%] Building CXX object corelib/src/CMakeFiles/rtabmap_core.dir/Stereo.cpp.o\n'}
[86.326218] (-) TimerEvent: {}
[86.426506] (-) TimerEvent: {}
[86.526802] (-) TimerEvent: {}
[86.627140] (-) TimerEvent: {}
[86.727446] (-) TimerEvent: {}
[86.827801] (-) TimerEvent: {}
[86.928257] (-) TimerEvent: {}
[87.028758] (-) TimerEvent: {}
[87.129093] (-) TimerEvent: {}
[87.229406] (-) TimerEvent: {}
[87.309103] (rtabmap) StdoutLine: {'line': b'[ 39%] Building CXX object corelib/src/CMakeFiles/rtabmap_core.dir/IMUFilter.cpp.o\n'}
[87.310199] (rtabmap) StdoutLine: {'line': b'[ 39%] Building CXX object corelib/src/CMakeFiles/rtabmap_core.dir/imufilter/ComplementaryFilter.cpp.o\n'}
[87.329489] (-) TimerEvent: {}
[87.429843] (-) TimerEvent: {}
[87.530230] (-) TimerEvent: {}
[87.630475] (-) TimerEvent: {}
[87.730750] (-) TimerEvent: {}
[87.831292] (-) TimerEvent: {}
[87.931645] (-) TimerEvent: {}
[88.031948] (-) TimerEvent: {}
[88.132962] (-) TimerEvent: {}
[88.233170] (-) TimerEvent: {}
[88.322252] (rtabmap) StdoutLine: {'line': b'[ 39%] Building CXX object corelib/src/CMakeFiles/rtabmap_core.dir/IMUThread.cpp.o\n'}
[88.322498] (rtabmap) StdoutLine: {'line': b'[ 39%] Building CXX object corelib/src/CMakeFiles/rtabmap_core.dir/IMU.cpp.o\n'}
[88.333287] (-) TimerEvent: {}
[88.433488] (-) TimerEvent: {}
[88.533764] (-) TimerEvent: {}
[88.634030] (-) TimerEvent: {}
[88.734216] (-) TimerEvent: {}
[88.834495] (-) TimerEvent: {}
[88.934862] (-) TimerEvent: {}
[89.035236] (-) TimerEvent: {}
[89.135581] (-) TimerEvent: {}
[89.184989] (rtabmap) StdoutLine: {'line': b'[ 40%] Building CXX object corelib/src/CMakeFiles/rtabmap_core.dir/odometry/OdometryCuVSLAM.cpp.o\n'}
[89.185396] (rtabmap) StdoutLine: {'line': b'[ 40%] Building CXX object corelib/src/CMakeFiles/rtabmap_core.dir/odometry/OdometryOpen3D.cpp.o\n'}
[89.235764] (-) TimerEvent: {}
[89.336157] (-) TimerEvent: {}
[89.436495] (-) TimerEvent: {}
[89.536752] (-) TimerEvent: {}
[89.636979] (-) TimerEvent: {}
[89.737309] (-) TimerEvent: {}
[89.837617] (-) TimerEvent: {}
[89.937869] (-) TimerEvent: {}
[90.038161] (-) TimerEvent: {}
[90.101919] (rtabmap) StdoutLine: {'line': b'[ 41%] Building CXX object corelib/src/CMakeFiles/rtabmap_core.dir/odometry/OdometryOpenVINS.cpp.o\n'}
[90.102334] (rtabmap) StdoutLine: {'line': b'[ 41%] Building CXX object corelib/src/CMakeFiles/rtabmap_core.dir/StereoCameraModel.cpp.o\n'}
[90.138365] (-) TimerEvent: {}
[90.238603] (-) TimerEvent: {}
[90.338969] (-) TimerEvent: {}
[90.439337] (-) TimerEvent: {}
[90.539671] (-) TimerEvent: {}
[90.640035] (-) TimerEvent: {}
[90.740969] (-) TimerEvent: {}
[90.841241] (-) TimerEvent: {}
[90.842050] (rtabmap) StdoutLine: {'line': b'[ 41%] Building CXX object corelib/src/CMakeFiles/rtabmap_core.dir/odometry/OdometryVINSFusion.cpp.o\n'}
[90.842279] (rtabmap) StdoutLine: {'line': b'[ 42%] Building CXX object corelib/src/CMakeFiles/rtabmap_core.dir/stereo/StereoBM.cpp.o\n'}
[90.941347] (-) TimerEvent: {}
[91.041570] (-) TimerEvent: {}
[91.108316] (rtabmap) StdoutLine: {'line': b'[ 42%] Building CXX object corelib/src/CMakeFiles/rtabmap_core.dir/stereo/StereoSGBM.cpp.o\n'}
[91.141678] (-) TimerEvent: {}
[91.241907] (-) TimerEvent: {}
[91.293826] (rtabmap) StdoutLine: {'line': b'[ 42%] Building CXX object corelib/src/CMakeFiles/rtabmap_core.dir/GlobalMap.cpp.o\n'}
[91.342006] (-) TimerEvent: {}
[91.442262] (-) TimerEvent: {}
[91.542509] (-) TimerEvent: {}
[91.642748] (-) TimerEvent: {}
[91.743028] (-) TimerEvent: {}
[91.844011] (-) TimerEvent: {}
[91.945776] (-) TimerEvent: {}
[92.055599] (-) TimerEvent: {}
[92.161973] (-) TimerEvent: {}
[92.264781] (-) TimerEvent: {}
[92.322583] (rtabmap) StdoutLine: {'line': b'[ 43%] Building CXX object corelib/src/CMakeFiles/rtabmap_core.dir/LocalGridMaker.cpp.o\n'}
[92.323529] (rtabmap) StdoutLine: {'line': b'[ 43%] Building CXX object corelib/src/CMakeFiles/rtabmap_core.dir/odometry/OdometryMSCKF.cpp.o\n'}
[92.372364] (-) TimerEvent: {}
[92.473271] (-) TimerEvent: {}
[92.573725] (-) TimerEvent: {}
[92.673982] (-) TimerEvent: {}
[92.784499] (-) TimerEvent: {}
[92.884893] (-) TimerEvent: {}
[92.950816] (rtabmap) StdoutLine: {'line': b'[ 44%] Building CXX object corelib/src/CMakeFiles/rtabmap_core.dir/odometry/OdometryFLOAM.cpp.o\n'}
[92.958042] (rtabmap) StdoutLine: {'line': b'[ 44%] Building CXX object corelib/src/CMakeFiles/rtabmap_core.dir/odometry/OdometryLOAM.cpp.o\n'}
[92.985106] (-) TimerEvent: {}
[93.085687] (-) TimerEvent: {}
[93.186334] (-) TimerEvent: {}
[93.286733] (-) TimerEvent: {}
[93.389163] (-) TimerEvent: {}
[93.490847] (-) TimerEvent: {}
[93.591219] (-) TimerEvent: {}
[93.691632] (-) TimerEvent: {}
[93.792116] (-) TimerEvent: {}
[93.905902] (-) TimerEvent: {}
[93.994748] (rtabmap) StdoutLine: {'line': b'[ 44%] Building CXX object corelib/src/CMakeFiles/rtabmap_core.dir/LocalGrid.cpp.o\n'}
[93.995911] (rtabmap) StdoutLine: {'line': b'[ 45%] Building CXX object corelib/src/CMakeFiles/rtabmap_core.dir/odometry/OdometryORBSLAM3.cpp.o\n'}
[94.006870] (-) TimerEvent: {}
[94.107052] (-) TimerEvent: {}
[94.207365] (-) TimerEvent: {}
[94.307739] (-) TimerEvent: {}
[94.408094] (-) TimerEvent: {}
[94.511711] (-) TimerEvent: {}
[94.617250] (-) TimerEvent: {}
[94.718704] (-) TimerEvent: {}
[94.828394] (-) TimerEvent: {}
[94.934532] (-) TimerEvent: {}
[95.035062] (-) TimerEvent: {}
[95.135539] (-) TimerEvent: {}
[95.235880] (-) TimerEvent: {}
[95.336284] (-) TimerEvent: {}
[95.436703] (-) TimerEvent: {}
[95.537061] (-) TimerEvent: {}
[95.637448] (-) TimerEvent: {}
[95.737838] (-) TimerEvent: {}
[95.838234] (-) TimerEvent: {}
[95.938609] (-) TimerEvent: {}
[96.039014] (-) TimerEvent: {}
[96.129636] (rtabmap) StdoutLine: {'line': b'[ 46%] Building CXX object corelib/src/CMakeFiles/rtabmap_core.dir/global_map/OccupancyGrid.cpp.o\n'}
[96.139149] (-) TimerEvent: {}
[96.239535] (-) TimerEvent: {}
[96.339975] (-) TimerEvent: {}
[96.440395] (-) TimerEvent: {}
[96.548778] (-) TimerEvent: {}
[96.649517] (-) TimerEvent: {}
[96.674721] (rtabmap) StdoutLine: {'line': b'[ 46%] Building CXX object corelib/src/CMakeFiles/rtabmap_core.dir/global_map/CloudMap.cpp.o\n'}
[96.750351] (-) TimerEvent: {}
[96.851899] (-) TimerEvent: {}
[96.952267] (-) TimerEvent: {}
[97.053235] (-) TimerEvent: {}
[97.135891] (rtabmap) StdoutLine: {'line': b'[ 46%] Building CXX object corelib/src/CMakeFiles/rtabmap_core.dir/MarkerDetector.cpp.o\n'}
[97.157647] (-) TimerEvent: {}
[97.257870] (-) TimerEvent: {}
[97.359474] (-) TimerEvent: {}
[97.431393] (rtabmap) StdoutLine: {'line': b'[ 47%] Building CXX object corelib/src/CMakeFiles/rtabmap_core.dir/GlobalDescriptorExtractor.cpp.o\n'}
[97.461484] (-) TimerEvent: {}
[97.562193] (-) TimerEvent: {}
[97.637401] (rtabmap) StdoutLine: {'line': b'[ 47%] Building CXX object corelib/src/CMakeFiles/rtabmap_core.dir/GainCompensator.cpp.o\n'}
[97.662288] (-) TimerEvent: {}
[97.692212] (rtabmap) StdoutLine: {'line': b'[ 48%] Building C object corelib/src/CMakeFiles/rtabmap_core.dir/rtflann/ext/lz4.c.o\n'}
[97.762572] (-) TimerEvent: {}
[97.866627] (-) TimerEvent: {}
[97.967248] (-) TimerEvent: {}
[98.067957] (-) TimerEvent: {}
[98.170343] (-) TimerEvent: {}
[98.272961] (-) TimerEvent: {}
[98.373286] (-) TimerEvent: {}
[98.477890] (-) TimerEvent: {}
[98.581763] (-) TimerEvent: {}
[98.682107] (-) TimerEvent: {}
[98.785019] (-) TimerEvent: {}
[98.885563] (-) TimerEvent: {}
[98.986157] (-) TimerEvent: {}
[99.088109] (-) TimerEvent: {}
[99.188734] (-) TimerEvent: {}
[99.289171] (-) TimerEvent: {}
[99.389642] (-) TimerEvent: {}
[99.489999] (-) TimerEvent: {}
[99.590385] (-) TimerEvent: {}
[99.690788] (-) TimerEvent: {}
[99.792640] (-) TimerEvent: {}
[99.893084] (-) TimerEvent: {}
[99.993674] (-) TimerEvent: {}
[100.097543] (-) TimerEvent: {}
[100.197857] (-) TimerEvent: {}
[100.301139] (-) TimerEvent: {}
[100.401840] (-) TimerEvent: {}
[100.502434] (-) TimerEvent: {}
[100.608843] (-) TimerEvent: {}
[100.709324] (-) TimerEvent: {}
[100.813616] (-) TimerEvent: {}
[100.917509] (-) TimerEvent: {}
[101.020713] (-) TimerEvent: {}
[101.121120] (-) TimerEvent: {}
[101.222313] (-) TimerEvent: {}
[101.322508] (-) TimerEvent: {}
[101.423167] (-) TimerEvent: {}
[101.523932] (-) TimerEvent: {}
[101.625153] (-) TimerEvent: {}
[101.725685] (-) TimerEvent: {}
[101.826161] (-) TimerEvent: {}
[101.926564] (-) TimerEvent: {}
[102.028511] (-) TimerEvent: {}
[102.129386] (-) TimerEvent: {}
[102.233509] (-) TimerEvent: {}
[102.334691] (-) TimerEvent: {}
[102.434948] (-) TimerEvent: {}
[102.535279] (-) TimerEvent: {}
[102.636022] (-) TimerEvent: {}
[102.736524] (-) TimerEvent: {}
[102.837134] (-) TimerEvent: {}
[102.937435] (-) TimerEvent: {}
[103.037806] (-) TimerEvent: {}
[103.138861] (-) TimerEvent: {}
[103.239153] (-) TimerEvent: {}
[103.339466] (-) TimerEvent: {}
[103.439779] (-) TimerEvent: {}
[103.540055] (-) TimerEvent: {}
[103.640284] (-) TimerEvent: {}
[103.740530] (-) TimerEvent: {}
[103.840787] (-) TimerEvent: {}
[103.941046] (-) TimerEvent: {}
[104.041292] (-) TimerEvent: {}
[104.141547] (-) TimerEvent: {}
[104.241787] (-) TimerEvent: {}
[104.342056] (-) TimerEvent: {}
[104.442333] (-) TimerEvent: {}
[104.542622] (-) TimerEvent: {}
[104.642942] (-) TimerEvent: {}
[104.744361] (-) TimerEvent: {}
[104.844851] (-) TimerEvent: {}
[104.945298] (-) TimerEvent: {}
[105.045842] (-) TimerEvent: {}
[105.146492] (-) TimerEvent: {}
[105.246963] (-) TimerEvent: {}
[105.347212] (-) TimerEvent: {}
[105.447610] (-) TimerEvent: {}
[105.547975] (-) TimerEvent: {}
[105.648295] (-) TimerEvent: {}
[105.748631] (-) TimerEvent: {}
[105.849028] (-) TimerEvent: {}
[105.949458] (-) TimerEvent: {}
[106.049716] (-) TimerEvent: {}
[106.150030] (-) TimerEvent: {}
[106.250359] (-) TimerEvent: {}
[106.350655] (-) TimerEvent: {}
[106.450402] (rtabmap) StdoutLine: {'line': b'[ 49%] Building CXX object corelib/src/CMakeFiles/rtabmap_core.dir/optimizer/toro3d/posegraph3.cpp.o\n'}
[106.450721] (-) TimerEvent: {}
[106.550935] (-) TimerEvent: {}
[106.651236] (-) TimerEvent: {}
[106.751566] (-) TimerEvent: {}
[106.851859] (-) TimerEvent: {}
[106.873012] (rtabmap) StdoutLine: {'line': b'[ 49%] Building CXX object corelib/src/CMakeFiles/rtabmap_core.dir/lidar/LidarVLP16.cpp.o\n'}
[106.881940] (rtabmap) StdoutLine: {'line': b'[ 49%] Building CXX object corelib/src/CMakeFiles/rtabmap_core.dir/optimizer/toro3d/treeoptimizer3_iteration.cpp.o\n'}
[106.952092] (-) TimerEvent: {}
[107.052441] (-) TimerEvent: {}
[107.152629] (-) TimerEvent: {}
[107.252815] (-) TimerEvent: {}
[107.352992] (-) TimerEvent: {}
[107.453171] (-) TimerEvent: {}
[107.473694] (rtabmap) StdoutLine: {'line': b'[ 50%] Building CXX object corelib/src/CMakeFiles/rtabmap_core.dir/optimizer/toro3d/treeoptimizer3.cpp.o\n'}
[107.553267] (-) TimerEvent: {}
[107.655502] (-) TimerEvent: {}
[107.755757] (-) TimerEvent: {}
[107.805642] (rtabmap) StdoutLine: {'line': b'[ 50%] Building CXX object corelib/src/CMakeFiles/rtabmap_core.dir/optimizer/toro3d/posegraph2.cpp.o\n'}
[107.855869] (-) TimerEvent: {}
[107.956067] (-) TimerEvent: {}
[108.056269] (-) TimerEvent: {}
[108.156488] (-) TimerEvent: {}
[108.201386] (rtabmap) StdoutLine: {'line': b'[ 50%] Building CXX object corelib/src/CMakeFiles/rtabmap_core.dir/optimizer/toro3d/treeoptimizer2.cpp.o\n'}
[108.256623] (-) TimerEvent: {}
[108.356832] (-) TimerEvent: {}
[108.457038] (-) TimerEvent: {}
[108.557238] (-) TimerEvent: {}
[108.657466] (-) TimerEvent: {}
[108.719217] (rtabmap) StdoutLine: {'line': b'[ 51%] Building CXX object corelib/src/CMakeFiles/rtabmap_core.dir/optimizer/vertigo/g2o/edge_se2Switchable.cpp.o\n'}
[108.757565] (-) TimerEvent: {}
[108.857748] (-) TimerEvent: {}
[108.957945] (-) TimerEvent: {}
[109.033209] (rtabmap) StdoutLine: {'line': b'[ 52%] Building CXX object corelib/src/CMakeFiles/rtabmap_core.dir/optimizer/vertigo/g2o/edge_se3Switchable.cpp.o\n'}
[109.033572] (rtabmap) StdoutLine: {'line': b'[ 52%] Building CXX object corelib/src/CMakeFiles/rtabmap_core.dir/optimizer/vertigo/g2o/edge_switchPrior.cpp.o\n'}
[109.058048] (-) TimerEvent: {}
[109.106882] (rtabmap) StdoutLine: {'line': b'[ 52%] Building CXX object corelib/src/CMakeFiles/rtabmap_core.dir/optimizer/vertigo/g2o/types_g2o_robust.cpp.o\n'}
[109.158170] (-) TimerEvent: {}
[109.258431] (-) TimerEvent: {}
[109.358628] (-) TimerEvent: {}
[109.458839] (-) TimerEvent: {}
[109.559050] (-) TimerEvent: {}
[109.659315] (-) TimerEvent: {}
[109.759514] (-) TimerEvent: {}
[109.859843] (-) TimerEvent: {}
[109.960175] (-) TimerEvent: {}
[110.060570] (-) TimerEvent: {}
[110.123340] (rtabmap) StdoutLine: {'line': b'[ 52%] Building CXX object corelib/src/CMakeFiles/rtabmap_core.dir/optimizer/vertigo/g2o/vertex_switchLinear.cpp.o\n'}
[110.160749] (-) TimerEvent: {}
[110.261194] (-) TimerEvent: {}
[110.313860] (rtabmap) StdoutLine: {'line': b'[ 52%] Building CXX object corelib/src/CMakeFiles/rtabmap_core.dir/opencv/five-point.cpp.o\n'}
[110.361409] (-) TimerEvent: {}
[110.461887] (-) TimerEvent: {}
[110.562414] (-) TimerEvent: {}
[110.663000] (-) TimerEvent: {}
[110.763369] (-) TimerEvent: {}
[110.853952] (rtabmap) StdoutLine: {'line': b'[ 53%] Building CXX object corelib/src/CMakeFiles/rtabmap_core.dir/global_map/OctoMap.cpp.o\n'}
[110.854532] (rtabmap) StdoutLine: {'line': b'[ 53%] Building CXX object corelib/src/CMakeFiles/rtabmap_core.dir/opencv/ORBextractor.cc.o\n'}
[110.855036] (rtabmap) StdoutLine: {'line': b'[ 54%] Building CXX object corelib/src/CMakeFiles/rtabmap_core.dir/opencv/solvepnp.cpp.o\n'}
[110.863510] (-) TimerEvent: {}
[110.963805] (-) TimerEvent: {}
[111.064128] (-) TimerEvent: {}
[111.164522] (-) TimerEvent: {}
[111.264881] (-) TimerEvent: {}
[111.365351] (-) TimerEvent: {}
[111.465782] (-) TimerEvent: {}
[111.566105] (-) TimerEvent: {}
[111.666443] (-) TimerEvent: {}
[111.766762] (-) TimerEvent: {}
[111.867765] (-) TimerEvent: {}
[111.869478] (rtabmap) StdoutLine: {'line': b'[ 54%] Building CXX object corelib/src/CMakeFiles/rtabmap_core.dir/optimizer/gtsam/GravityFactor.cpp.o\n'}
[111.869872] (rtabmap) StdoutLine: {'line': b'[ 54%] Building CXX object corelib/src/CMakeFiles/rtabmap_core.dir/clams/slam_calibrator.cpp.o\n'}
[111.967932] (-) TimerEvent: {}
[112.068584] (-) TimerEvent: {}
[112.170615] (-) TimerEvent: {}
[112.271510] (-) TimerEvent: {}
[112.372752] (-) TimerEvent: {}
[112.473021] (-) TimerEvent: {}
[112.573211] (-) TimerEvent: {}
[112.673473] (-) TimerEvent: {}
[112.773666] (-) TimerEvent: {}
[112.854702] (rtabmap) StdoutLine: {'line': b'[ 54%] Building CXX object corelib/src/CMakeFiles/rtabmap_core.dir/clams/discrete_depth_distortion_model.cpp.o\n'}
[112.855304] (rtabmap) StdoutLine: {'line': b'[ 55%] Building CXX object corelib/src/CMakeFiles/rtabmap_core.dir/clams/discrete_depth_distortion_model_helpers.cpp.o\n'}
[112.855775] (rtabmap) StdoutLine: {'line': b'[ 56%] Building CXX object corelib/src/CMakeFiles/rtabmap_core.dir/clams/frame_projector.cpp.o\n'}
[112.873767] (-) TimerEvent: {}
[112.974485] (-) TimerEvent: {}
[113.074670] (-) TimerEvent: {}
[113.174866] (-) TimerEvent: {}
[113.275616] (-) TimerEvent: {}
[113.375830] (-) TimerEvent: {}
[113.476125] (-) TimerEvent: {}
[113.576534] (-) TimerEvent: {}
[113.677348] (-) TimerEvent: {}
[113.737030] (rtabmap) StdoutLine: {'line': b'[ 57%] Building CXX object corelib/src/CMakeFiles/rtabmap_core.dir/imufilter/MadgwickFilter.cpp.o\n'}
[113.740910] (rtabmap) StdoutLine: {'line': b'[ 57%] Building CXX object corelib/src/CMakeFiles/rtabmap_core.dir/FlannIndex.cpp.o\n'}
[113.778615] (-) TimerEvent: {}
[113.879484] (-) TimerEvent: {}
[113.982350] (-) TimerEvent: {}
[114.084229] (-) TimerEvent: {}
[114.154624] (rtabmap) StdoutLine: {'line': b'[ 57%] Building C object corelib/src/CMakeFiles/rtabmap_core.dir/rtflann/ext/lz4hc.c.o\n'}
[114.184399] (-) TimerEvent: {}
[114.286951] (-) TimerEvent: {}
[114.387384] (-) TimerEvent: {}
[114.487617] (-) TimerEvent: {}
[114.587849] (-) TimerEvent: {}
[114.690102] (-) TimerEvent: {}
[114.790384] (-) TimerEvent: {}
[114.892574] (-) TimerEvent: {}
[115.002559] (-) TimerEvent: {}
[115.103042] (-) TimerEvent: {}
[115.203412] (-) TimerEvent: {}
[115.304500] (-) TimerEvent: {}
[115.405487] (-) TimerEvent: {}
[115.505808] (-) TimerEvent: {}
[115.615611] (-) TimerEvent: {}
[115.716182] (-) TimerEvent: {}
[115.816516] (-) TimerEvent: {}
[115.916910] (-) TimerEvent: {}
[116.017299] (-) TimerEvent: {}
[116.117691] (-) TimerEvent: {}
[116.218073] (-) TimerEvent: {}
[116.318501] (-) TimerEvent: {}
[116.418913] (-) TimerEvent: {}
[116.519223] (-) TimerEvent: {}
[116.619484] (-) TimerEvent: {}
[116.719792] (-) TimerEvent: {}
[116.820050] (-) TimerEvent: {}
[116.920261] (-) TimerEvent: {}
[117.020496] (-) TimerEvent: {}
[117.120736] (-) TimerEvent: {}
[117.221029] (-) TimerEvent: {}
[117.321310] (-) TimerEvent: {}
[117.421556] (-) TimerEvent: {}
[117.521827] (-) TimerEvent: {}
[117.622073] (-) TimerEvent: {}
[117.722351] (-) TimerEvent: {}
[117.822588] (-) TimerEvent: {}
[117.922834] (-) TimerEvent: {}
[118.023104] (-) TimerEvent: {}
[118.123346] (-) TimerEvent: {}
[118.223558] (-) TimerEvent: {}
[118.323751] (-) TimerEvent: {}
[118.424045] (-) TimerEvent: {}
[118.524326] (-) TimerEvent: {}
[118.624508] (-) TimerEvent: {}
[118.724689] (-) TimerEvent: {}
[118.824903] (-) TimerEvent: {}
[118.925130] (-) TimerEvent: {}
[119.025374] (-) TimerEvent: {}
[119.125586] (-) TimerEvent: {}
[119.225774] (-) TimerEvent: {}
[119.325976] (-) TimerEvent: {}
[119.426255] (-) TimerEvent: {}
[119.526520] (-) TimerEvent: {}
[119.626842] (-) TimerEvent: {}
[119.727185] (-) TimerEvent: {}
[119.827620] (-) TimerEvent: {}
[119.927961] (-) TimerEvent: {}
[120.028311] (-) TimerEvent: {}
[120.128748] (-) TimerEvent: {}
[120.229315] (-) TimerEvent: {}
[120.329617] (-) TimerEvent: {}
[120.429821] (-) TimerEvent: {}
[120.530010] (-) TimerEvent: {}
[120.630227] (-) TimerEvent: {}
[120.730444] (-) TimerEvent: {}
[120.830672] (-) TimerEvent: {}
[120.930941] (-) TimerEvent: {}
[121.031280] (-) TimerEvent: {}
[121.131662] (-) TimerEvent: {}
[121.231966] (-) TimerEvent: {}
[121.332280] (-) TimerEvent: {}
[121.432521] (-) TimerEvent: {}
[121.532744] (-) TimerEvent: {}
[121.632996] (-) TimerEvent: {}
[121.733276] (-) TimerEvent: {}
[121.833501] (-) TimerEvent: {}
[121.933738] (-) TimerEvent: {}
[122.033981] (-) TimerEvent: {}
[122.134182] (-) TimerEvent: {}
[122.234385] (-) TimerEvent: {}
[122.334642] (-) TimerEvent: {}
[122.434895] (-) TimerEvent: {}
[122.535122] (-) TimerEvent: {}
[122.635355] (-) TimerEvent: {}
[122.735518] (-) TimerEvent: {}
[122.835672] (-) TimerEvent: {}
[122.935922] (-) TimerEvent: {}
[123.036230] (-) TimerEvent: {}
[123.136605] (-) TimerEvent: {}
[123.236929] (-) TimerEvent: {}
[123.337219] (-) TimerEvent: {}
[123.437492] (-) TimerEvent: {}
[123.537747] (-) TimerEvent: {}
[123.638019] (-) TimerEvent: {}
[123.738330] (-) TimerEvent: {}
[123.838585] (-) TimerEvent: {}
[123.938863] (-) TimerEvent: {}
[124.039113] (-) TimerEvent: {}
[124.139416] (-) TimerEvent: {}
[124.239659] (-) TimerEvent: {}
[124.339934] (-) TimerEvent: {}
[124.440090] (-) TimerEvent: {}
[124.540283] (-) TimerEvent: {}
[124.640592] (-) TimerEvent: {}
[124.740737] (-) TimerEvent: {}
[124.840917] (-) TimerEvent: {}
[124.941099] (-) TimerEvent: {}
[125.041268] (-) TimerEvent: {}
[125.141553] (-) TimerEvent: {}
[125.241707] (-) TimerEvent: {}
[125.341907] (-) TimerEvent: {}
[125.442057] (-) TimerEvent: {}
[125.542225] (-) TimerEvent: {}
[125.642491] (-) TimerEvent: {}
[125.742645] (-) TimerEvent: {}
[125.842800] (-) TimerEvent: {}
[125.942972] (-) TimerEvent: {}
[126.043175] (-) TimerEvent: {}
[126.143454] (-) TimerEvent: {}
[126.243708] (-) TimerEvent: {}
[126.344015] (-) TimerEvent: {}
[126.444312] (-) TimerEvent: {}
[126.544699] (-) TimerEvent: {}
[126.645199] (-) TimerEvent: {}
[126.745535] (-) TimerEvent: {}
[126.845818] (-) TimerEvent: {}
[126.946014] (-) TimerEvent: {}
[127.046244] (-) TimerEvent: {}
[127.146472] (-) TimerEvent: {}
[127.246676] (-) TimerEvent: {}
[127.346972] (-) TimerEvent: {}
[127.447245] (-) TimerEvent: {}
[127.547591] (-) TimerEvent: {}
[127.647879] (-) TimerEvent: {}
[127.748281] (-) TimerEvent: {}
[127.848592] (-) TimerEvent: {}
[127.948906] (-) TimerEvent: {}
[128.049247] (-) TimerEvent: {}
[128.149536] (-) TimerEvent: {}
[128.249812] (-) TimerEvent: {}
[128.350107] (-) TimerEvent: {}
[128.450479] (-) TimerEvent: {}
[128.550628] (-) TimerEvent: {}
[128.650849] (-) TimerEvent: {}
[128.751102] (-) TimerEvent: {}
[128.851377] (-) TimerEvent: {}
[128.951667] (-) TimerEvent: {}
[129.051843] (-) TimerEvent: {}
[129.152044] (-) TimerEvent: {}
[129.252300] (-) TimerEvent: {}
[129.352570] (-) TimerEvent: {}
[129.452722] (-) TimerEvent: {}
[129.552870] (-) TimerEvent: {}
[129.653048] (-) TimerEvent: {}
[129.753201] (-) TimerEvent: {}
[129.853488] (-) TimerEvent: {}
[129.953627] (-) TimerEvent: {}
[130.053791] (-) TimerEvent: {}
[130.154001] (-) TimerEvent: {}
[130.254266] (-) TimerEvent: {}
[130.354415] (-) TimerEvent: {}
[130.454560] (-) TimerEvent: {}
[130.554703] (-) TimerEvent: {}
[130.654849] (-) TimerEvent: {}
[130.755016] (-) TimerEvent: {}
[130.855234] (-) TimerEvent: {}
[130.955552] (-) TimerEvent: {}
[131.055724] (-) TimerEvent: {}
[131.155937] (-) TimerEvent: {}
[131.256208] (-) TimerEvent: {}
[131.356562] (-) TimerEvent: {}
[131.456781] (-) TimerEvent: {}
[131.556980] (-) TimerEvent: {}
[131.657257] (-) TimerEvent: {}
[131.757466] (-) TimerEvent: {}
[131.857624] (-) TimerEvent: {}
[131.957788] (-) TimerEvent: {}
[132.057986] (-) TimerEvent: {}
[132.158168] (-) TimerEvent: {}
[132.258355] (-) TimerEvent: {}
[132.358532] (-) TimerEvent: {}
[132.458687] (-) TimerEvent: {}
[132.558941] (-) TimerEvent: {}
[132.659096] (-) TimerEvent: {}
[132.759288] (-) TimerEvent: {}
[132.859458] (-) TimerEvent: {}
[132.959613] (-) TimerEvent: {}
[133.059861] (-) TimerEvent: {}
[133.097247] (rtabmap) StdoutLine: {'line': b'[ 57%] Linking CXX shared library ../../bin/librtabmap_core.so\n'}
[133.159999] (-) TimerEvent: {}
[133.260320] (-) TimerEvent: {}
[133.360665] (-) TimerEvent: {}
[133.461114] (-) TimerEvent: {}
[133.561456] (-) TimerEvent: {}
[133.661812] (-) TimerEvent: {}
[133.762259] (-) TimerEvent: {}
[133.862744] (-) TimerEvent: {}
[133.963063] (-) TimerEvent: {}
[134.063367] (-) TimerEvent: {}
[134.163637] (-) TimerEvent: {}
[134.263947] (-) TimerEvent: {}
[134.364336] (-) TimerEvent: {}
[134.464857] (-) TimerEvent: {}
[134.565367] (-) TimerEvent: {}
[134.665755] (-) TimerEvent: {}
[134.766206] (-) TimerEvent: {}
[134.866578] (-) TimerEvent: {}
[134.966858] (-) TimerEvent: {}
[135.067216] (-) TimerEvent: {}
[135.167591] (-) TimerEvent: {}
[135.267909] (-) TimerEvent: {}
[135.368172] (-) TimerEvent: {}
[135.468413] (-) TimerEvent: {}
[135.568648] (-) TimerEvent: {}
[135.668922] (-) TimerEvent: {}
[135.769099] (-) TimerEvent: {}
[135.869402] (-) TimerEvent: {}
[135.969601] (-) TimerEvent: {}
[136.069824] (-) TimerEvent: {}
[136.170046] (-) TimerEvent: {}
[136.270272] (-) TimerEvent: {}
[136.370532] (-) TimerEvent: {}
[136.470817] (-) TimerEvent: {}
[136.571029] (-) TimerEvent: {}
[136.671286] (-) TimerEvent: {}
[136.771496] (-) TimerEvent: {}
[136.871704] (-) TimerEvent: {}
[136.971996] (-) TimerEvent: {}
[137.072229] (-) TimerEvent: {}
[137.172631] (-) TimerEvent: {}
[137.272835] (-) TimerEvent: {}
[137.373029] (-) TimerEvent: {}
[137.473248] (-) TimerEvent: {}
[137.573479] (-) TimerEvent: {}
[137.673712] (-) TimerEvent: {}
[137.773928] (-) TimerEvent: {}
[137.874147] (-) TimerEvent: {}
[137.974307] (-) TimerEvent: {}
[138.074518] (-) TimerEvent: {}
[138.174695] (-) TimerEvent: {}
[138.274895] (-) TimerEvent: {}
[138.375098] (-) TimerEvent: {}
[138.475329] (-) TimerEvent: {}
[138.575527] (-) TimerEvent: {}
[138.675685] (-) TimerEvent: {}
[138.775896] (-) TimerEvent: {}
[138.876184] (-) TimerEvent: {}
[138.976361] (-) TimerEvent: {}
[139.076548] (-) TimerEvent: {}
[139.176860] (-) TimerEvent: {}
[139.277147] (-) TimerEvent: {}
[139.377537] (-) TimerEvent: {}
[139.477928] (-) TimerEvent: {}
[139.578299] (-) TimerEvent: {}
[139.604067] (rtabmap) StdoutLine: {'line': b'[ 57%] Built target rtabmap_core\n'}
[139.661661] (rtabmap) StdoutLine: {'line': b'[ 58%] Building CXX object tools/KittiDataset/CMakeFiles/kitti_dataset.dir/main.cpp.o\n'}
[139.662088] (rtabmap) StdoutLine: {'line': b'[ 59%] Building CXX object tools/ExtractObject/CMakeFiles/extractObject.dir/main.cpp.o\n'}
[139.662205] (rtabmap) StdoutLine: {'line': b'[ 59%] Building CXX object tools/EurocDataset/CMakeFiles/euroc_dataset.dir/main.cpp.o\n'}
[139.662937] (rtabmap) StdoutLine: {'line': b'[ 59%] Building CXX object tools/ConsoleApp/CMakeFiles/consoleApp.dir/main.cpp.o\n'}
[139.663104] (rtabmap) StdoutLine: {'line': b'[ 59%] Building CXX object tools/ImagesJoiner/CMakeFiles/imagesJoiner.dir/main.cpp.o\n'}
[139.663189] (rtabmap) StdoutLine: {'line': b'[ 59%] Building CXX object tools/Camera/CMakeFiles/camera.dir/main.cpp.o\n'}
[139.663269] (rtabmap) StdoutLine: {'line': b'[ 60%] Building CXX object tools/RgbdDataset/CMakeFiles/rgbd_dataset.dir/main.cpp.o\n'}
[139.664810] (rtabmap) StdoutLine: {'line': b'[ 60%] Building CXX object tools/DetectMoreLoopClosures/CMakeFiles/detectMoreLoopClosures.dir/main.cpp.o\n'}
[139.665048] (rtabmap) StdoutLine: {'line': b'[ 60%] Building CXX object tools/Recovery/CMakeFiles/recovery.dir/main.cpp.o\n'}
[139.666829] (rtabmap) StdoutLine: {'line': b'[ 60%] Automatic MOC and UIC for target rtabmap_gui\n'}
[139.667049] (rtabmap) StdoutLine: {'line': b'[ 61%] Building CXX object tools/StereoEval/CMakeFiles/stereoEval.dir/main.cpp.o\n'}
[139.674818] (rtabmap) StdoutLine: {'line': b'[ 63%] Building CXX object tools/Info/CMakeFiles/info.dir/main.cpp.o\n'}
[139.675042] (rtabmap) StdoutLine: {'line': b'[ 63%] Building CXX object tools/Export/CMakeFiles/export.dir/main.cpp.o\n'}
[139.675133] (rtabmap) StdoutLine: {'line': b'[ 64%] Building CXX object tools/Reprocess/CMakeFiles/reprocess.dir/main.cpp.o\n'}
[139.675210] (rtabmap) StdoutLine: {'line': b'[ 64%] Building CXX object tools/CleanupLocalGrids/CMakeFiles/cleanupLocalGrids.dir/main.cpp.o\n'}
[139.677316] (rtabmap) StdoutLine: {'line': b'[ 64%] Building CXX object tools/GlobalBundleAdjustment/CMakeFiles/globalBundleAdjustment.dir/main.cpp.o\n'}
[139.678387] (-) TimerEvent: {}
[139.782599] (-) TimerEvent: {}
[139.884674] (-) TimerEvent: {}
[139.985114] (-) TimerEvent: {}
[140.088005] (-) TimerEvent: {}
[140.188754] (-) TimerEvent: {}
[140.224568] (rtabmap) StdoutLine: {'line': b'[ 64%] Linking CXX executable ../../bin/rtabmap-recovery\n'}
[140.288865] (-) TimerEvent: {}
[140.393175] (-) TimerEvent: {}
[140.494142] (-) TimerEvent: {}
[140.594946] (-) TimerEvent: {}
[140.695972] (-) TimerEvent: {}
[140.796762] (-) TimerEvent: {}
[140.897631] (-) TimerEvent: {}
[140.998822] (-) TimerEvent: {}
[141.100827] (-) TimerEvent: {}
[141.204522] (-) TimerEvent: {}
[141.304891] (-) TimerEvent: {}
[141.405789] (-) TimerEvent: {}
[141.506186] (-) TimerEvent: {}
[141.609487] (-) TimerEvent: {}
[141.710384] (-) TimerEvent: {}
[141.810676] (-) TimerEvent: {}
[141.915331] (-) TimerEvent: {}
[142.015752] (-) TimerEvent: {}
[142.116050] (-) TimerEvent: {}
[142.216549] (-) TimerEvent: {}
[142.318480] (-) TimerEvent: {}
[142.421738] (-) TimerEvent: {}
[142.522297] (-) TimerEvent: {}
[142.624000] (-) TimerEvent: {}
[142.725510] (-) TimerEvent: {}
[142.825897] (-) TimerEvent: {}
[142.927652] (-) TimerEvent: {}
[143.030013] (-) TimerEvent: {}
[143.130709] (-) TimerEvent: {}
[143.232657] (-) TimerEvent: {}
[143.337691] (-) TimerEvent: {}
[143.437938] (-) TimerEvent: {}
[143.538639] (-) TimerEvent: {}
[143.638914] (-) TimerEvent: {}
[143.739120] (-) TimerEvent: {}
[143.840110] (-) TimerEvent: {}
[143.940325] (-) TimerEvent: {}
[144.041179] (-) TimerEvent: {}
[144.142471] (-) TimerEvent: {}
[144.242755] (-) TimerEvent: {}
[144.343070] (-) TimerEvent: {}
[144.443386] (-) TimerEvent: {}
[144.544860] (-) TimerEvent: {}
[144.645269] (-) TimerEvent: {}
[144.745679] (-) TimerEvent: {}
[144.846689] (-) TimerEvent: {}
[144.912540] (rtabmap) StdoutLine: {'line': b'[ 64%] Linking CXX executable ../../bin/rtabmap-imagesJoiner\n'}
[144.946919] (-) TimerEvent: {}
[145.049546] (-) TimerEvent: {}
[145.150944] (-) TimerEvent: {}
[145.251600] (-) TimerEvent: {}
[145.355520] (-) TimerEvent: {}
[145.456036] (-) TimerEvent: {}
[145.557182] (-) TimerEvent: {}
[145.657760] (-) TimerEvent: {}
[145.758397] (-) TimerEvent: {}
[145.858987] (-) TimerEvent: {}
[145.959473] (-) TimerEvent: {}
[146.063165] (-) TimerEvent: {}
[146.169672] (-) TimerEvent: {}
[146.271393] (-) TimerEvent: {}
[146.372372] (-) TimerEvent: {}
[146.474782] (-) TimerEvent: {}
[146.575231] (-) TimerEvent: {}
[146.675676] (-) TimerEvent: {}
[146.776078] (-) TimerEvent: {}
[146.876498] (-) TimerEvent: {}
[146.978162] (-) TimerEvent: {}
[147.083543] (-) TimerEvent: {}
[147.184214] (-) TimerEvent: {}
[147.287609] (-) TimerEvent: {}
[147.389621] (-) TimerEvent: {}
[147.445240] (rtabmap) StdoutLine: {'line': b'[ 65%] Linking CXX executable ../../bin/rtabmap-camera\n'}
[147.489849] (-) TimerEvent: {}
[147.592544] (-) TimerEvent: {}
[147.692922] (-) TimerEvent: {}
[147.793400] (-) TimerEvent: {}
[147.893824] (-) TimerEvent: {}
[147.995014] (-) TimerEvent: {}
[148.097885] (-) TimerEvent: {}
[148.200019] (-) TimerEvent: {}
[148.301312] (-) TimerEvent: {}
[148.403984] (-) TimerEvent: {}
[148.506279] (-) TimerEvent: {}
[148.612675] (-) TimerEvent: {}
[148.715725] (-) TimerEvent: {}
[148.816557] (-) TimerEvent: {}
[148.917398] (-) TimerEvent: {}
[149.019687] (-) TimerEvent: {}
[149.121898] (-) TimerEvent: {}
[149.222533] (-) TimerEvent: {}
[149.325270] (-) TimerEvent: {}
[149.427207] (-) TimerEvent: {}
[149.528616] (-) TimerEvent: {}
[149.630862] (-) TimerEvent: {}
[149.731815] (-) TimerEvent: {}
[149.832573] (-) TimerEvent: {}
[149.935845] (-) TimerEvent: {}
[150.038812] (-) TimerEvent: {}
[150.140277] (-) TimerEvent: {}
[150.240556] (-) TimerEvent: {}
[150.332351] (rtabmap) StdoutLine: {'line': b'[ 65%] Built target imagesJoiner\n'}
[150.341556] (-) TimerEvent: {}
[150.433246] (rtabmap) StdoutLine: {'line': b'[ 65%] Building CXX object tools/LidarViewer/CMakeFiles/lidar_viewer.dir/main.cpp.o\n'}
[150.443375] (-) TimerEvent: {}
[150.497071] (rtabmap) StdoutLine: {'line': b'[ 65%] Built target recovery\n'}
[150.543595] (-) TimerEvent: {}
[150.644394] (-) TimerEvent: {}
[150.745386] (-) TimerEvent: {}
[150.858260] (-) TimerEvent: {}
[150.958820] (-) TimerEvent: {}
[151.059215] (-) TimerEvent: {}
[151.159513] (-) TimerEvent: {}
[151.259947] (-) TimerEvent: {}
[151.360527] (-) TimerEvent: {}
[151.463673] (-) TimerEvent: {}
[151.564658] (-) TimerEvent: {}
[151.665945] (-) TimerEvent: {}
[151.770858] (-) TimerEvent: {}
[151.871561] (-) TimerEvent: {}
[151.972096] (-) TimerEvent: {}
[152.072731] (-) TimerEvent: {}
[152.173207] (-) TimerEvent: {}
[152.273606] (-) TimerEvent: {}
[152.373981] (-) TimerEvent: {}
[152.475511] (-) TimerEvent: {}
[152.575987] (-) TimerEvent: {}
[152.676207] (-) TimerEvent: {}
[152.777781] (-) TimerEvent: {}
[152.804545] (rtabmap) StdoutLine: {'line': b'[ 65%] Built target camera\n'}
[152.879767] (-) TimerEvent: {}
[152.980884] (-) TimerEvent: {}
[153.082067] (-) TimerEvent: {}
[153.183034] (-) TimerEvent: {}
[153.283399] (-) TimerEvent: {}
[153.383812] (-) TimerEvent: {}
[153.485466] (-) TimerEvent: {}
[153.586626] (-) TimerEvent: {}
[153.689790] (-) TimerEvent: {}
[153.790120] (-) TimerEvent: {}
[153.890465] (-) TimerEvent: {}
[153.990750] (-) TimerEvent: {}
[154.091272] (-) TimerEvent: {}
[154.191781] (-) TimerEvent: {}
[154.292281] (-) TimerEvent: {}
[154.392782] (-) TimerEvent: {}
[154.495416] (-) TimerEvent: {}
[154.599502] (-) TimerEvent: {}
[154.701552] (-) TimerEvent: {}
[154.802880] (-) TimerEvent: {}
[154.907525] (-) TimerEvent: {}
[155.007817] (-) TimerEvent: {}
[155.108111] (-) TimerEvent: {}
[155.208411] (-) TimerEvent: {}
[155.308731] (-) TimerEvent: {}
[155.408970] (-) TimerEvent: {}
[155.509216] (-) TimerEvent: {}
[155.609478] (-) TimerEvent: {}
[155.710562] (-) TimerEvent: {}
[155.816650] (-) TimerEvent: {}
[155.923234] (-) TimerEvent: {}
[156.024314] (-) TimerEvent: {}
[156.125070] (-) TimerEvent: {}
[156.228612] (-) TimerEvent: {}
[156.329248] (-) TimerEvent: {}
[156.429883] (-) TimerEvent: {}
[156.531534] (-) TimerEvent: {}
[156.632996] (-) TimerEvent: {}
[156.733481] (-) TimerEvent: {}
[156.833941] (-) TimerEvent: {}
[156.935536] (-) TimerEvent: {}
[157.035986] (-) TimerEvent: {}
[157.136847] (-) TimerEvent: {}
[157.238209] (-) TimerEvent: {}
[157.338716] (-) TimerEvent: {}
[157.440568] (-) TimerEvent: {}
[157.525352] (rtabmap) StdoutLine: {'line': b'[ 65%] Linking CXX executable ../../bin/rtabmap-stereoEval\n'}
[157.540692] (-) TimerEvent: {}
[157.641373] (-) TimerEvent: {}
[157.746969] (-) TimerEvent: {}
[157.847794] (-) TimerEvent: {}
[157.950521] (-) TimerEvent: {}
[157.977209] (rtabmap) StdoutLine: {'line': b'[ 66%] Linking CXX executable ../../bin/rtabmap-cleanupLocalGrids\n'}
[158.053462] (-) TimerEvent: {}
[158.155612] (-) TimerEvent: {}
[158.256315] (-) TimerEvent: {}
[158.358409] (-) TimerEvent: {}
[158.459150] (-) TimerEvent: {}
[158.559493] (-) TimerEvent: {}
[158.663202] (-) TimerEvent: {}
[158.766676] (-) TimerEvent: {}
[158.867642] (-) TimerEvent: {}
[158.896020] (rtabmap) StdoutLine: {'line': b'[ 67%] Linking CXX executable ../../bin/rtabmap-globalBundleAdjustment\n'}
[158.969290] (-) TimerEvent: {}
[159.072056] (-) TimerEvent: {}
[159.173558] (-) TimerEvent: {}
[159.274721] (-) TimerEvent: {}
[159.376707] (-) TimerEvent: {}
[159.477043] (-) TimerEvent: {}
[159.577405] (-) TimerEvent: {}
[159.677872] (-) TimerEvent: {}
[159.781087] (-) TimerEvent: {}
[159.885598] (-) TimerEvent: {}
[159.989781] (-) TimerEvent: {}
[160.090312] (-) TimerEvent: {}
[160.190509] (-) TimerEvent: {}
[160.291793] (-) TimerEvent: {}
[160.394783] (-) TimerEvent: {}
[160.495445] (-) TimerEvent: {}
[160.596072] (-) TimerEvent: {}
[160.699895] (-) TimerEvent: {}
[160.800606] (-) TimerEvent: {}
[160.902930] (-) TimerEvent: {}
[161.004033] (-) TimerEvent: {}
[161.105829] (-) TimerEvent: {}
[161.109515] (rtabmap) StdoutLine: {'line': b'[ 67%] Linking CXX executable ../../bin/rtabmap-info\n'}
[161.120956] (rtabmap) StdoutLine: {'line': b'[ 67%] Built target stereoEval\n'}
[161.206600] (-) TimerEvent: {}
[161.307364] (-) TimerEvent: {}
[161.409106] (-) TimerEvent: {}
[161.454461] (rtabmap) StdoutLine: {'line': b'[ 67%] Built target cleanupLocalGrids\n'}
[161.511543] (-) TimerEvent: {}
[161.612144] (-) TimerEvent: {}
[161.715275] (-) TimerEvent: {}
[161.816506] (-) TimerEvent: {}
[161.917026] (-) TimerEvent: {}
[161.982019] (rtabmap) StdoutLine: {'line': b'[ 67%] Linking CXX executable ../../bin/rtabmap-console\n'}
[162.017302] (-) TimerEvent: {}
[162.065698] (rtabmap) StdoutLine: {'line': b'[ 67%] Built target globalBundleAdjustment\n'}
[162.118914] (-) TimerEvent: {}
[162.219448] (-) TimerEvent: {}
[162.319862] (-) TimerEvent: {}
[162.420224] (-) TimerEvent: {}
[162.521500] (-) TimerEvent: {}
[162.541982] (rtabmap) StdoutLine: {'line': b'[ 68%] Linking CXX executable ../../bin/rtabmap-detectMoreLoopClosures\n'}
[162.621656] (-) TimerEvent: {}
[162.721961] (-) TimerEvent: {}
[162.822305] (-) TimerEvent: {}
[162.922606] (-) TimerEvent: {}
[163.022877] (-) TimerEvent: {}
[163.123166] (-) TimerEvent: {}
[163.223468] (-) TimerEvent: {}
[163.323813] (-) TimerEvent: {}
[163.424087] (-) TimerEvent: {}
[163.524370] (-) TimerEvent: {}
[163.534858] (rtabmap) StdoutLine: {'line': b'[ 68%] Built target rtabmap_gui_autogen\n'}
[163.624508] (-) TimerEvent: {}
[163.640777] (rtabmap) StdoutLine: {'line': b'[ 68%] Built target info\n'}
[163.724634] (-) TimerEvent: {}
[163.777083] (rtabmap) StdoutLine: {'line': b'[ 68%] Linking CXX executable ../../bin/rtabmap-kitti_dataset\n'}
[163.824763] (-) TimerEvent: {}
[163.924989] (-) TimerEvent: {}
[163.985797] (rtabmap) StdoutLine: {'line': b'[ 68%] Built target consoleApp\n'}
[164.025136] (-) TimerEvent: {}
[164.125371] (-) TimerEvent: {}
[164.225594] (-) TimerEvent: {}
[164.325812] (-) TimerEvent: {}
[164.426030] (-) TimerEvent: {}
[164.526237] (-) TimerEvent: {}
[164.575058] (rtabmap) StdoutLine: {'line': b'[ 68%] Built target detectMoreLoopClosures\n'}
[164.626348] (-) TimerEvent: {}
[164.726560] (-) TimerEvent: {}
[164.826800] (-) TimerEvent: {}
[164.927052] (-) TimerEvent: {}
[165.027358] (-) TimerEvent: {}
[165.127702] (-) TimerEvent: {}
[165.136987] (rtabmap) StdoutLine: {'line': b'[ 68%] Built target kitti_dataset\n'}
[165.227823] (-) TimerEvent: {}
[165.328166] (-) TimerEvent: {}
[165.428547] (-) TimerEvent: {}
[165.528947] (-) TimerEvent: {}
[165.629405] (-) TimerEvent: {}
[165.729874] (-) TimerEvent: {}
[165.830400] (-) TimerEvent: {}
[165.930704] (-) TimerEvent: {}
[166.030925] (-) TimerEvent: {}
[166.052218] (rtabmap) StdoutLine: {'line': b'[ 68%] Linking CXX executable ../../bin/rtabmap-euroc_dataset\n'}
[166.131034] (-) TimerEvent: {}
[166.231350] (-) TimerEvent: {}
[166.331730] (-) TimerEvent: {}
[166.382546] (rtabmap) StdoutLine: {'line': b'[ 68%] Linking CXX executable ../../bin/rtabmap-rgbd_dataset\n'}
[166.431898] (-) TimerEvent: {}
[166.532353] (-) TimerEvent: {}
[166.632766] (-) TimerEvent: {}
[166.733173] (-) TimerEvent: {}
[166.836561] (-) TimerEvent: {}
[166.936917] (-) TimerEvent: {}
[167.037159] (-) TimerEvent: {}
[167.074143] (rtabmap) StdoutLine: {'line': b'[ 68%] Linking CXX executable ../../bin/rtabmap-reprocess\n'}
[167.137268] (-) TimerEvent: {}
[167.237485] (-) TimerEvent: {}
[167.337689] (-) TimerEvent: {}
[167.419065] (rtabmap) StdoutLine: {'line': b'[ 68%] Built target euroc_dataset\n'}
[167.437823] (-) TimerEvent: {}
[167.538042] (-) TimerEvent: {}
[167.638236] (-) TimerEvent: {}
[167.738462] (-) TimerEvent: {}
[167.754017] (rtabmap) StdoutLine: {'line': b'[ 68%] Built target rgbd_dataset\n'}
[167.838557] (-) TimerEvent: {}
[167.938734] (-) TimerEvent: {}
[168.038920] (-) TimerEvent: {}
[168.139205] (-) TimerEvent: {}
[168.239440] (-) TimerEvent: {}
[168.336929] (rtabmap) StdoutLine: {'line': b'[ 68%] Built target reprocess\n'}
[168.339501] (-) TimerEvent: {}
[168.439644] (-) TimerEvent: {}
[168.489337] (rtabmap) StdoutLine: {'line': b'[ 68%] Linking CXX executable ../../bin/rtabmap-extractObject\n'}
[168.539753] (-) TimerEvent: {}
[168.639974] (-) TimerEvent: {}
[168.740173] (-) TimerEvent: {}
[168.840385] (-) TimerEvent: {}
[168.940596] (-) TimerEvent: {}
[169.040786] (-) TimerEvent: {}
[169.140989] (-) TimerEvent: {}
[169.241308] (-) TimerEvent: {}
[169.341515] (-) TimerEvent: {}
[169.441687] (-) TimerEvent: {}
[169.541891] (-) TimerEvent: {}
[169.642102] (-) TimerEvent: {}
[169.706995] (rtabmap) StdoutLine: {'line': b'[ 68%] Linking CXX executable ../../bin/rtabmap-lidar_viewer\n'}
[169.742314] (-) TimerEvent: {}
[169.842505] (-) TimerEvent: {}
[169.942674] (-) TimerEvent: {}
[169.978632] (rtabmap) StdoutLine: {'line': b'[ 68%] Built target extractObject\n'}
[170.042819] (-) TimerEvent: {}
[170.143055] (-) TimerEvent: {}
[170.243287] (-) TimerEvent: {}
[170.343595] (-) TimerEvent: {}
[170.443764] (-) TimerEvent: {}
[170.543948] (-) TimerEvent: {}
[170.644141] (-) TimerEvent: {}
[170.744342] (-) TimerEvent: {}
[170.844579] (-) TimerEvent: {}
[170.923976] (rtabmap) StdoutLine: {'line': b'[ 68%] Built target lidar_viewer\n'}
[170.934883] (rtabmap) StdoutLine: {'line': b'[ 69%] [Creating resources]\n'}
[170.935086] (rtabmap) StdoutLine: {'line': b'[ 69%] Automatic RCC for GuiLib.qrc\n'}
[170.938903] (rtabmap) StdoutLine: {'line': b' Using namespace=rtabmap\n'}
[170.939047] (rtabmap) StdoutLine: {'line': b' Using target directory=/home/brace/codeSpace/navi/build/rtabmap/guilib/src\n'}
[170.939134] (rtabmap) StdoutLine: {'line': b'Input file "/home/brace/codeSpace/navi/src/rtabmap/data/presets/camera_tof_icp.ini" size = 687 bytes\n'}
[170.939214] (rtabmap) StdoutLine: {'line': b'Output file "/home/brace/codeSpace/navi/build/rtabmap/guilib/src/camera_tof_icp_ini.h" size = 1571 bytes\n'}
[170.939292] (rtabmap) StdoutLine: {'line': b'Input file "/home/brace/codeSpace/navi/src/rtabmap/data/presets/lidar3d_icp.ini" size = 1137 bytes\n'}
[170.939368] (rtabmap) StdoutLine: {'line': b'Output file "/home/brace/codeSpace/navi/build/rtabmap/guilib/src/lidar3d_icp_ini.h" size = 2465 bytes\n'}
[170.944699] (-) TimerEvent: {}
[170.993601] (rtabmap) StdoutLine: {'line': b'[ 69%] Building CXX object guilib/src/CMakeFiles/rtabmap_gui.dir/rtabmap_gui_autogen/mocs_compilation.cpp.o\n'}
[170.993942] (rtabmap) StdoutLine: {'line': b'[ 70%] Building CXX object guilib/src/CMakeFiles/rtabmap_gui.dir/MainWindow.cpp.o\n'}
[171.044838] (-) TimerEvent: {}
[171.145144] (-) TimerEvent: {}
[171.245415] (-) TimerEvent: {}
[171.345676] (-) TimerEvent: {}
[171.348052] (rtabmap) StdoutLine: {'line': b'[ 70%] Linking CXX executable ../../bin/rtabmap-export\n'}
[171.445817] (-) TimerEvent: {}
[171.546130] (-) TimerEvent: {}
[171.646539] (-) TimerEvent: {}
[171.746995] (-) TimerEvent: {}
[171.847499] (-) TimerEvent: {}
[171.947955] (-) TimerEvent: {}
[172.048248] (-) TimerEvent: {}
[172.148529] (-) TimerEvent: {}
[172.248841] (-) TimerEvent: {}
[172.349134] (-) TimerEvent: {}
[172.449399] (-) TimerEvent: {}
[172.549638] (-) TimerEvent: {}
[172.649909] (-) TimerEvent: {}
[172.699313] (rtabmap) StdoutLine: {'line': b'[ 70%] Built target export\n'}
[172.706799] (rtabmap) StdoutLine: {'line': b'[ 70%] Building CXX object guilib/src/CMakeFiles/rtabmap_gui.dir/OdometryViewer.cpp.o\n'}
[172.750059] (-) TimerEvent: {}
[172.850390] (-) TimerEvent: {}
[172.950617] (-) TimerEvent: {}
[173.050854] (-) TimerEvent: {}
[173.151056] (-) TimerEvent: {}
[173.251237] (-) TimerEvent: {}
[173.351472] (-) TimerEvent: {}
[173.451670] (-) TimerEvent: {}
[173.551914] (-) TimerEvent: {}
[173.652154] (-) TimerEvent: {}
[173.752370] (-) TimerEvent: {}
[173.852590] (-) TimerEvent: {}
[173.952791] (-) TimerEvent: {}
[174.053035] (-) TimerEvent: {}
[174.153271] (-) TimerEvent: {}
[174.253517] (-) TimerEvent: {}
[174.353695] (-) TimerEvent: {}
[174.453903] (-) TimerEvent: {}
[174.554133] (-) TimerEvent: {}
[174.654328] (-) TimerEvent: {}
[174.717774] (rtabmap) StdoutLine: {'line': b'[ 71%] Building CXX object guilib/src/CMakeFiles/rtabmap_gui.dir/CloudViewerInteractorStyle.cpp.o\n'}
[174.754427] (-) TimerEvent: {}
[174.854575] (-) TimerEvent: {}
[174.954723] (-) TimerEvent: {}
[175.054868] (-) TimerEvent: {}
[175.155060] (-) TimerEvent: {}
[175.255252] (-) TimerEvent: {}
[175.355457] (-) TimerEvent: {}
[175.455612] (-) TimerEvent: {}
[175.555789] (-) TimerEvent: {}
[175.655971] (-) TimerEvent: {}
[175.726680] (rtabmap) StdoutLine: {'line': b'[ 71%] Building CXX object guilib/src/CMakeFiles/rtabmap_gui.dir/utilite/UPlot.cpp.o\n'}
[175.726893] (rtabmap) StdoutLine: {'line': b'[ 71%] Building CXX object guilib/src/CMakeFiles/rtabmap_gui.dir/CloudViewerCellPicker.cpp.o\n'}
[175.729880] (rtabmap) StdoutLine: {'line': b'[ 72%] Building CXX object guilib/src/CMakeFiles/rtabmap_gui.dir/CloudViewer.cpp.o\n'}
[175.756069] (-) TimerEvent: {}
[175.856238] (-) TimerEvent: {}
[175.956409] (-) TimerEvent: {}
[176.056580] (-) TimerEvent: {}
[176.156738] (-) TimerEvent: {}
[176.256899] (-) TimerEvent: {}
[176.357065] (-) TimerEvent: {}
[176.457228] (-) TimerEvent: {}
[176.475196] (rtabmap) StdoutLine: {'line': b'[ 72%] Building CXX object guilib/src/CMakeFiles/rtabmap_gui.dir/DatabaseViewer.cpp.o\n'}
[176.557331] (-) TimerEvent: {}
[176.657481] (-) TimerEvent: {}
[176.757667] (-) TimerEvent: {}
[176.857860] (-) TimerEvent: {}
[176.958066] (-) TimerEvent: {}
[177.058258] (-) TimerEvent: {}
[177.158471] (-) TimerEvent: {}
[177.258667] (-) TimerEvent: {}
[177.358855] (-) TimerEvent: {}
[177.459044] (-) TimerEvent: {}
[177.487494] (rtabmap) StdoutLine: {'line': b'[ 73%] Building CXX object guilib/src/CMakeFiles/rtabmap_gui.dir/ConsoleWidget.cpp.o\n'}
[177.487730] (rtabmap) StdoutLine: {'line': b'[ 73%] Building CXX object guilib/src/CMakeFiles/rtabmap_gui.dir/LoopClosureViewer.cpp.o\n'}
[177.559146] (-) TimerEvent: {}
[177.659338] (-) TimerEvent: {}
[177.759550] (-) TimerEvent: {}
[177.859762] (-) TimerEvent: {}
[177.959984] (-) TimerEvent: {}
[178.060213] (-) TimerEvent: {}
[178.160493] (-) TimerEvent: {}
[178.260731] (-) TimerEvent: {}
[178.360973] (-) TimerEvent: {}
[178.464860] (-) TimerEvent: {}
[178.514651] (rtabmap) StdoutLine: {'line': b'[ 74%] Building CXX object guilib/src/CMakeFiles/rtabmap_gui.dir/StatsToolBox.cpp.o\n'}
[178.521540] (rtabmap) StdoutLine: {'line': b'[ 74%] Building CXX object guilib/src/CMakeFiles/rtabmap_gui.dir/AboutDialog.cpp.o\n'}
[178.521819] (rtabmap) StdoutLine: {'line': b'[ 74%] Building CXX object guilib/src/CMakeFiles/rtabmap_gui.dir/ProgressDialog.cpp.o\n'}
[178.565540] (-) TimerEvent: {}
[178.665840] (-) TimerEvent: {}
[178.766319] (-) TimerEvent: {}
[178.807437] (rtabmap) StdoutLine: {'line': b'[ 75%] Building CXX object guilib/src/CMakeFiles/rtabmap_gui.dir/ImageView.cpp.o\n'}
[178.807653] (rtabmap) StdoutLine: {'line': b'[ 75%] Building CXX object guilib/src/CMakeFiles/rtabmap_gui.dir/PdfPlot.cpp.o\n'}
[178.809713] (rtabmap) StdoutLine: {'line': b'[ 75%] Building CXX object guilib/src/CMakeFiles/rtabmap_gui.dir/KeypointItem.cpp.o\n'}
[178.866564] (-) TimerEvent: {}
[178.968347] (-) TimerEvent: {}
[179.069128] (-) TimerEvent: {}
[179.170794] (-) TimerEvent: {}
[179.275855] (-) TimerEvent: {}
[179.376637] (-) TimerEvent: {}
[179.477019] (-) TimerEvent: {}
[179.577379] (-) TimerEvent: {}
[179.677826] (-) TimerEvent: {}
[179.778252] (-) TimerEvent: {}
[179.782578] (rtabmap) StdoutLine: {'line': b'[ 75%] Building CXX object guilib/src/CMakeFiles/rtabmap_gui.dir/CameraViewer.cpp.o\n'}
[179.792514] (rtabmap) StdoutLine: {'line': b'[ 76%] Building CXX object guilib/src/CMakeFiles/rtabmap_gui.dir/DataRecorder.cpp.o\n'}
[179.793122] (rtabmap) StdoutLine: {'line': b'[ 76%] Building CXX object guilib/src/CMakeFiles/rtabmap_gui.dir/PreferencesDialog.cpp.o\n'}
[179.878412] (-) TimerEvent: {}
[179.978914] (-) TimerEvent: {}
[180.079467] (-) TimerEvent: {}
[180.180050] (-) TimerEvent: {}
[180.281704] (-) TimerEvent: {}
[180.382092] (-) TimerEvent: {}
[180.482651] (-) TimerEvent: {}
[180.584742] (-) TimerEvent: {}
[180.685200] (-) TimerEvent: {}
[180.785647] (-) TimerEvent: {}
[180.886272] (-) TimerEvent: {}
[180.986683] (-) TimerEvent: {}
[181.087093] (-) TimerEvent: {}
[181.190487] (-) TimerEvent: {}
[181.290814] (-) TimerEvent: {}
[181.391183] (-) TimerEvent: {}
[181.491485] (-) TimerEvent: {}
[181.591749] (-) TimerEvent: {}
[181.617767] (rtabmap) StdoutLine: {'line': b'[ 76%] Building CXX object guilib/src/CMakeFiles/rtabmap_gui.dir/ExportBundlerDialog.cpp.o\n'}
[181.691844] (-) TimerEvent: {}
[181.792032] (-) TimerEvent: {}
[181.892717] (-) TimerEvent: {}
[181.992923] (-) TimerEvent: {}
[182.093116] (-) TimerEvent: {}
[182.194524] (-) TimerEvent: {}
[182.294917] (-) TimerEvent: {}
[182.395261] (-) TimerEvent: {}
[182.495696] (-) TimerEvent: {}
[182.596004] (-) TimerEvent: {}
[182.632853] (rtabmap) StdoutLine: {'line': b'[ 77%] Building CXX object guilib/src/CMakeFiles/rtabmap_gui.dir/PostProcessingDialog.cpp.o\n'}
[182.675841] (rtabmap) StdoutLine: {'line': b'[ 77%] Building CXX object guilib/src/CMakeFiles/rtabmap_gui.dir/ExportDialog.cpp.o\n'}
[182.697493] (-) TimerEvent: {}
[182.797831] (-) TimerEvent: {}
[182.898262] (-) TimerEvent: {}
[182.998498] (-) TimerEvent: {}
[183.098760] (-) TimerEvent: {}
[183.199026] (-) TimerEvent: {}
[183.301474] (-) TimerEvent: {}
[183.401719] (-) TimerEvent: {}
[183.502502] (-) TimerEvent: {}
[183.602780] (-) TimerEvent: {}
[183.692230] (rtabmap) StdoutLine: {'line': b'[ 77%] Building CXX object guilib/src/CMakeFiles/rtabmap_gui.dir/ExportCloudsDialog.cpp.o\n'}
[183.703529] (-) TimerEvent: {}
[183.803976] (-) TimerEvent: {}
[183.904468] (-) TimerEvent: {}
[184.006633] (-) TimerEvent: {}
[184.106999] (-) TimerEvent: {}
[184.207445] (-) TimerEvent: {}
[184.307903] (-) TimerEvent: {}
[184.408261] (-) TimerEvent: {}
[184.508572] (-) TimerEvent: {}
[184.566219] (rtabmap) StdoutLine: {'line': b'[ 78%] Building CXX object guilib/src/CMakeFiles/rtabmap_gui.dir/CalibrationDialog.cpp.o\n'}
[184.611268] (-) TimerEvent: {}
[184.711742] (-) TimerEvent: {}
[184.816660] (-) TimerEvent: {}
[184.917552] (-) TimerEvent: {}
[184.958491] (rtabmap) StdoutLine: {'line': b'[ 79%] Building CXX object guilib/src/CMakeFiles/rtabmap_gui.dir/EditConstraintDialog.cpp.o\n'}
[185.017715] (-) TimerEvent: {}
[185.118245] (-) TimerEvent: {}
[185.218514] (-) TimerEvent: {}
[185.318961] (-) TimerEvent: {}
[185.421713] (-) TimerEvent: {}
[185.522201] (-) TimerEvent: {}
[185.622563] (-) TimerEvent: {}
[185.722965] (-) TimerEvent: {}
[185.823480] (-) TimerEvent: {}
[185.924719] (-) TimerEvent: {}
[186.024934] (-) TimerEvent: {}
[186.125261] (-) TimerEvent: {}
[186.225641] (-) TimerEvent: {}
[186.328094] (-) TimerEvent: {}
[186.428474] (-) TimerEvent: {}
[186.528947] (-) TimerEvent: {}
[186.629299] (-) TimerEvent: {}
[186.729649] (-) TimerEvent: {}
[186.830036] (-) TimerEvent: {}
[186.930715] (-) TimerEvent: {}
[187.031451] (-) TimerEvent: {}
[187.132701] (-) TimerEvent: {}
[187.233237] (-) TimerEvent: {}
[187.333677] (-) TimerEvent: {}
[187.435058] (-) TimerEvent: {}
[187.535594] (-) TimerEvent: {}
[187.636146] (-) TimerEvent: {}
[187.737509] (-) TimerEvent: {}
[187.840648] (-) TimerEvent: {}
[187.941031] (-) TimerEvent: {}
[188.041362] (-) TimerEvent: {}
[188.141714] (-) TimerEvent: {}
[188.242081] (-) TimerEvent: {}
[188.342700] (-) TimerEvent: {}
[188.442912] (-) TimerEvent: {}
[188.543257] (-) TimerEvent: {}
[188.643660] (-) TimerEvent: {}
[188.744023] (-) TimerEvent: {}
[188.844471] (-) TimerEvent: {}
[188.944897] (-) TimerEvent: {}
[189.045248] (-) TimerEvent: {}
[189.145466] (-) TimerEvent: {}
[189.245660] (-) TimerEvent: {}
[189.346492] (-) TimerEvent: {}
[189.446707] (-) TimerEvent: {}
[189.546906] (-) TimerEvent: {}
[189.647107] (-) TimerEvent: {}
[189.747299] (-) TimerEvent: {}
[189.848137] (-) TimerEvent: {}
[189.948478] (-) TimerEvent: {}
[190.049848] (-) TimerEvent: {}
[190.150530] (-) TimerEvent: {}
[190.252517] (-) TimerEvent: {}
[190.352886] (-) TimerEvent: {}
[190.455489] (-) TimerEvent: {}
[190.555721] (-) TimerEvent: {}
[190.655901] (-) TimerEvent: {}
[190.756490] (-) TimerEvent: {}
[190.856692] (-) TimerEvent: {}
[190.956886] (-) TimerEvent: {}
[191.057110] (-) TimerEvent: {}
[191.157326] (-) TimerEvent: {}
[191.257560] (-) TimerEvent: {}
[191.357948] (-) TimerEvent: {}
[191.458202] (-) TimerEvent: {}
[191.558761] (-) TimerEvent: {}
[191.659009] (-) TimerEvent: {}
[191.759224] (-) TimerEvent: {}
[191.859556] (-) TimerEvent: {}
[191.959871] (-) TimerEvent: {}
[192.060098] (-) TimerEvent: {}
[192.160343] (-) TimerEvent: {}
[192.260598] (-) TimerEvent: {}
[192.360808] (-) TimerEvent: {}
[192.461015] (-) TimerEvent: {}
[192.561220] (-) TimerEvent: {}
[192.661427] (-) TimerEvent: {}
[192.761628] (-) TimerEvent: {}
[192.861822] (-) TimerEvent: {}
[192.962008] (-) TimerEvent: {}
[193.062204] (-) TimerEvent: {}
[193.162391] (-) TimerEvent: {}
[193.262604] (-) TimerEvent: {}
[193.362797] (-) TimerEvent: {}
[193.462997] (-) TimerEvent: {}
[193.563205] (-) TimerEvent: {}
[193.663400] (-) TimerEvent: {}
[193.763566] (-) TimerEvent: {}
[193.863758] (-) TimerEvent: {}
[193.963982] (-) TimerEvent: {}
[194.064164] (-) TimerEvent: {}
[194.164360] (-) TimerEvent: {}
[194.264578] (-) TimerEvent: {}
[194.364772] (-) TimerEvent: {}
[194.464966] (-) TimerEvent: {}
[194.565151] (-) TimerEvent: {}
[194.665338] (-) TimerEvent: {}
[194.765545] (-) TimerEvent: {}
[194.865765] (-) TimerEvent: {}
[194.965959] (-) TimerEvent: {}
[195.066135] (-) TimerEvent: {}
[195.166303] (-) TimerEvent: {}
[195.266473] (-) TimerEvent: {}
[195.366657] (-) TimerEvent: {}
[195.466886] (-) TimerEvent: {}
[195.567144] (-) TimerEvent: {}
[195.667316] (-) TimerEvent: {}
[195.767482] (-) TimerEvent: {}
[195.867668] (-) TimerEvent: {}
[195.967863] (-) TimerEvent: {}
[196.068043] (-) TimerEvent: {}
[196.168248] (-) TimerEvent: {}
[196.268467] (-) TimerEvent: {}
[196.368685] (-) TimerEvent: {}
[196.468870] (-) TimerEvent: {}
[196.569066] (-) TimerEvent: {}
[196.669228] (-) TimerEvent: {}
[196.769409] (-) TimerEvent: {}
[196.869600] (-) TimerEvent: {}
[196.969767] (-) TimerEvent: {}
[197.069941] (-) TimerEvent: {}
[197.170155] (-) TimerEvent: {}
[197.270333] (-) TimerEvent: {}
[197.370522] (-) TimerEvent: {}
[197.470690] (-) TimerEvent: {}
[197.570904] (-) TimerEvent: {}
[197.671082] (-) TimerEvent: {}
[197.771290] (-) TimerEvent: {}
[197.871517] (-) TimerEvent: {}
[197.971786] (-) TimerEvent: {}
[198.071991] (-) TimerEvent: {}
[198.172185] (-) TimerEvent: {}
[198.272387] (-) TimerEvent: {}
[198.372581] (-) TimerEvent: {}
[198.472752] (-) TimerEvent: {}
[198.572940] (-) TimerEvent: {}
[198.673127] (-) TimerEvent: {}
[198.773312] (-) TimerEvent: {}
[198.873463] (-) TimerEvent: {}
[198.973610] (-) TimerEvent: {}
[199.073815] (-) TimerEvent: {}
[199.173999] (-) TimerEvent: {}
[199.274172] (-) TimerEvent: {}
[199.374344] (-) TimerEvent: {}
[199.474486] (-) TimerEvent: {}
[199.574649] (-) TimerEvent: {}
[199.674831] (-) TimerEvent: {}
[199.775055] (-) TimerEvent: {}
[199.875279] (-) TimerEvent: {}
[199.975469] (-) TimerEvent: {}
[200.075622] (-) TimerEvent: {}
[200.175782] (-) TimerEvent: {}
[200.275966] (-) TimerEvent: {}
[200.376149] (-) TimerEvent: {}
[200.476314] (-) TimerEvent: {}
[200.576577] (-) TimerEvent: {}
[200.676744] (-) TimerEvent: {}
[200.776952] (-) TimerEvent: {}
[200.877166] (-) TimerEvent: {}
[200.977342] (-) TimerEvent: {}
[201.008811] (rtabmap) StdoutLine: {'line': b'[ 80%] Building CXX object guilib/src/CMakeFiles/rtabmap_gui.dir/LinkRefiningDialog.cpp.o\n'}
[201.009773] (rtabmap) StdoutLine: {'line': b'[ 80%] Building CXX object guilib/src/CMakeFiles/rtabmap_gui.dir/opencv/vtkImageMatSource.cpp.o\n'}
[201.009855] (rtabmap) StdoutLine: {'line': b'[ 80%] Building CXX object guilib/src/CMakeFiles/rtabmap_gui.dir/3rdParty/QMultiComboBox.cpp.o\n'}
[201.077453] (-) TimerEvent: {}
[201.177658] (-) TimerEvent: {}
[201.277857] (-) TimerEvent: {}
[201.378054] (-) TimerEvent: {}
[201.465141] (rtabmap) StdoutLine: {'line': b'[ 80%] Building CXX object guilib/src/CMakeFiles/rtabmap_gui.dir/DepthCalibrationDialog.cpp.o\n'}
[201.478170] (-) TimerEvent: {}
[201.578391] (-) TimerEvent: {}
[201.678602] (-) TimerEvent: {}
[201.778813] (-) TimerEvent: {}
[201.824024] (rtabmap) StdoutLine: {'line': b'[ 81%] Building CXX object guilib/src/CMakeFiles/rtabmap_gui.dir/ParametersToolBox.cpp.o\n'}
[201.826536] (rtabmap) StdoutLine: {'line': b'[ 82%] Building CXX object guilib/src/CMakeFiles/rtabmap_gui.dir/rtabmap_gui_autogen/EWIEGA46WW/qrc_GuiLib.cpp.o\n'}
[201.878917] (-) TimerEvent: {}
[201.979112] (-) TimerEvent: {}
[202.027655] (rtabmap) StdoutLine: {'line': b'[ 82%] Building CXX object guilib/src/CMakeFiles/rtabmap_gui.dir/CreateSimpleCalibrationDialog.cpp.o\n'}
[202.079193] (-) TimerEvent: {}
[202.108022] (rtabmap) StdoutLine: {'line': b'[ 82%] Building CXX object guilib/src/CMakeFiles/rtabmap_gui.dir/MultiSessionLocSubView.cpp.o\n'}
[202.179301] (-) TimerEvent: {}
[202.279492] (-) TimerEvent: {}
[202.379687] (-) TimerEvent: {}
[202.479879] (-) TimerEvent: {}
[202.580084] (-) TimerEvent: {}
[202.680330] (-) TimerEvent: {}
[202.780508] (-) TimerEvent: {}
[202.880730] (-) TimerEvent: {}
[202.980949] (-) TimerEvent: {}
[202.982134] (rtabmap) StdoutLine: {'line': b'[ 82%] Building CXX object guilib/src/CMakeFiles/rtabmap_gui.dir/EditMapArea.cpp.o\n'}
[202.983097] (rtabmap) StdoutLine: {'line': b'[ 84%] Building CXX object guilib/src/CMakeFiles/rtabmap_gui.dir/EditDepthArea.cpp.o\n'}
[202.983227] (rtabmap) StdoutLine: {'line': b'[ 84%] Building CXX object guilib/src/CMakeFiles/rtabmap_gui.dir/MultiSessionLocWidget.cpp.o\n'}
[203.081060] (-) TimerEvent: {}
[203.181284] (-) TimerEvent: {}
[203.281511] (-) TimerEvent: {}
[203.381728] (-) TimerEvent: {}
[203.481924] (-) TimerEvent: {}
[203.582130] (-) TimerEvent: {}
[203.682343] (-) TimerEvent: {}
[203.782538] (-) TimerEvent: {}
[203.882736] (-) TimerEvent: {}
[203.982933] (-) TimerEvent: {}
[204.083311] (-) TimerEvent: {}
[204.183799] (-) TimerEvent: {}
[204.284008] (-) TimerEvent: {}
[204.384203] (-) TimerEvent: {}
[204.484405] (-) TimerEvent: {}
[204.584624] (-) TimerEvent: {}
[204.684832] (-) TimerEvent: {}
[204.785040] (-) TimerEvent: {}
[204.885242] (-) TimerEvent: {}
[204.889493] (rtabmap) StdoutLine: {'line': b'[ 84%] Building CXX object guilib/src/CMakeFiles/rtabmap_gui.dir/MapVisibilityWidget.cpp.o\n'}
[204.891311] (rtabmap) StdoutLine: {'line': b'[ 84%] Building CXX object guilib/src/CMakeFiles/rtabmap_gui.dir/GraphViewer.cpp.o\n'}
[204.985351] (-) TimerEvent: {}
[205.085557] (-) TimerEvent: {}
[205.185759] (-) TimerEvent: {}
[205.285959] (-) TimerEvent: {}
[205.386181] (-) TimerEvent: {}
[205.486381] (-) TimerEvent: {}
[205.586589] (-) TimerEvent: {}
[205.686788] (-) TimerEvent: {}
[205.786995] (-) TimerEvent: {}
[205.887220] (-) TimerEvent: {}
[205.987391] (-) TimerEvent: {}
[206.087603] (-) TimerEvent: {}
[206.187817] (-) TimerEvent: {}
[206.287997] (-) TimerEvent: {}
[206.388187] (-) TimerEvent: {}
[206.488374] (-) TimerEvent: {}
[206.588579] (-) TimerEvent: {}
[206.688752] (-) TimerEvent: {}
[206.788940] (-) TimerEvent: {}
[206.889134] (-) TimerEvent: {}
[206.989304] (-) TimerEvent: {}
[207.089470] (-) TimerEvent: {}
[207.189643] (-) TimerEvent: {}
[207.289840] (-) TimerEvent: {}
[207.390074] (-) TimerEvent: {}
[207.490260] (-) TimerEvent: {}
[207.590457] (-) TimerEvent: {}
[207.690659] (-) TimerEvent: {}
[207.790884] (-) TimerEvent: {}
[207.891106] (-) TimerEvent: {}
[207.991321] (-) TimerEvent: {}
[208.091512] (-) TimerEvent: {}
[208.191686] (-) TimerEvent: {}
[208.291866] (-) TimerEvent: {}
[208.392043] (-) TimerEvent: {}
[208.492261] (-) TimerEvent: {}
[208.592448] (-) TimerEvent: {}
[208.692651] (-) TimerEvent: {}
[208.792881] (-) TimerEvent: {}
[208.893107] (-) TimerEvent: {}
[208.993347] (-) TimerEvent: {}
[209.093500] (-) TimerEvent: {}
[209.193706] (-) TimerEvent: {}
[209.293904] (-) TimerEvent: {}
[209.394088] (-) TimerEvent: {}
[209.494286] (-) TimerEvent: {}
[209.594484] (-) TimerEvent: {}
[209.694689] (-) TimerEvent: {}
[209.794874] (-) TimerEvent: {}
[209.895044] (-) TimerEvent: {}
[209.995258] (-) TimerEvent: {}
[210.095506] (-) TimerEvent: {}
[210.195727] (-) TimerEvent: {}
[210.295979] (-) TimerEvent: {}
[210.396224] (-) TimerEvent: {}
[210.496515] (-) TimerEvent: {}
[210.596746] (-) TimerEvent: {}
[210.696987] (-) TimerEvent: {}
[210.797232] (-) TimerEvent: {}
[210.897481] (-) TimerEvent: {}
[210.997712] (-) TimerEvent: {}
[211.097982] (-) TimerEvent: {}
[211.198257] (-) TimerEvent: {}
[211.298511] (-) TimerEvent: {}
[211.398782] (-) TimerEvent: {}
[211.499065] (-) TimerEvent: {}
[211.599359] (-) TimerEvent: {}
[211.699622] (-) TimerEvent: {}
[211.799861] (-) TimerEvent: {}
[211.900077] (-) TimerEvent: {}
[212.000271] (-) TimerEvent: {}
[212.100467] (-) TimerEvent: {}
[212.200670] (-) TimerEvent: {}
[212.300894] (-) TimerEvent: {}
[212.401087] (-) TimerEvent: {}
[212.501296] (-) TimerEvent: {}
[212.601523] (-) TimerEvent: {}
[212.701778] (-) TimerEvent: {}
[212.801998] (-) TimerEvent: {}
[212.902198] (-) TimerEvent: {}
[213.002363] (-) TimerEvent: {}
[213.102537] (-) TimerEvent: {}
[213.202716] (-) TimerEvent: {}
[213.303887] (-) TimerEvent: {}
[213.404115] (-) TimerEvent: {}
[213.504322] (-) TimerEvent: {}
[213.604595] (-) TimerEvent: {}
[213.704799] (-) TimerEvent: {}
[213.805151] (-) TimerEvent: {}
[213.905429] (-) TimerEvent: {}
[214.005621] (-) TimerEvent: {}
[214.105844] (-) TimerEvent: {}
[214.206124] (-) TimerEvent: {}
[214.306394] (-) TimerEvent: {}
[214.406685] (-) TimerEvent: {}
[214.506914] (-) TimerEvent: {}
[214.607168] (-) TimerEvent: {}
[214.707557] (-) TimerEvent: {}
[214.807793] (-) TimerEvent: {}
[214.908122] (-) TimerEvent: {}
[215.008474] (-) TimerEvent: {}
[215.108781] (-) TimerEvent: {}
[215.209092] (-) TimerEvent: {}
[215.309303] (-) TimerEvent: {}
[215.409534] (-) TimerEvent: {}
[215.509779] (-) TimerEvent: {}
[215.610000] (-) TimerEvent: {}
[215.710178] (-) TimerEvent: {}
[215.810364] (-) TimerEvent: {}
[215.910566] (-) TimerEvent: {}
[216.010748] (-) TimerEvent: {}
[216.110996] (-) TimerEvent: {}
[216.211397] (-) TimerEvent: {}
[216.311821] (-) TimerEvent: {}
[216.412265] (-) TimerEvent: {}
[216.512680] (-) TimerEvent: {}
[216.613033] (-) TimerEvent: {}
[216.713364] (-) TimerEvent: {}
[216.813618] (-) TimerEvent: {}
[216.913842] (-) TimerEvent: {}
[217.014096] (-) TimerEvent: {}
[217.114387] (-) TimerEvent: {}
[217.214644] (-) TimerEvent: {}
[217.314953] (-) TimerEvent: {}
[217.415291] (-) TimerEvent: {}
[217.515567] (-) TimerEvent: {}
[217.615819] (-) TimerEvent: {}
[217.716177] (-) TimerEvent: {}
[217.816555] (-) TimerEvent: {}
[217.916861] (-) TimerEvent: {}
[218.017154] (-) TimerEvent: {}
[218.117444] (-) TimerEvent: {}
[218.217684] (-) TimerEvent: {}
[218.318006] (-) TimerEvent: {}
[218.418286] (-) TimerEvent: {}
[218.518631] (-) TimerEvent: {}
[218.618832] (-) TimerEvent: {}
[218.719043] (-) TimerEvent: {}
[218.819352] (-) TimerEvent: {}
[218.919550] (-) TimerEvent: {}
[219.019729] (-) TimerEvent: {}
[219.119957] (-) TimerEvent: {}
[219.220177] (-) TimerEvent: {}
[219.320412] (-) TimerEvent: {}
[219.420598] (-) TimerEvent: {}
[219.520802] (-) TimerEvent: {}
[219.621066] (-) TimerEvent: {}
[219.721284] (-) TimerEvent: {}
[219.821519] (-) TimerEvent: {}
[219.921721] (-) TimerEvent: {}
[220.021946] (-) TimerEvent: {}
[220.122200] (-) TimerEvent: {}
[220.222471] (-) TimerEvent: {}
[220.322697] (-) TimerEvent: {}
[220.422931] (-) TimerEvent: {}
[220.523092] (-) TimerEvent: {}
[220.623299] (-) TimerEvent: {}
[220.723495] (-) TimerEvent: {}
[220.823730] (-) TimerEvent: {}
[220.923946] (-) TimerEvent: {}
[221.024161] (-) TimerEvent: {}
[221.124330] (-) TimerEvent: {}
[221.224531] (-) TimerEvent: {}
[221.324772] (-) TimerEvent: {}
[221.424997] (-) TimerEvent: {}
[221.525230] (-) TimerEvent: {}
[221.625465] (-) TimerEvent: {}
[221.725688] (-) TimerEvent: {}
[221.825898] (-) TimerEvent: {}
[221.926083] (-) TimerEvent: {}
[222.026272] (-) TimerEvent: {}
[222.126494] (-) TimerEvent: {}
[222.226678] (-) TimerEvent: {}
[222.326862] (-) TimerEvent: {}
[222.427057] (-) TimerEvent: {}
[222.451478] (rtabmap) StdoutLine: {'line': b'[ 84%] Linking CXX shared library ../../bin/librtabmap_gui.so\n'}
[222.527145] (-) TimerEvent: {}
[222.627344] (-) TimerEvent: {}
[222.727582] (-) TimerEvent: {}
[222.827899] (-) TimerEvent: {}
[222.928224] (-) TimerEvent: {}
[223.028598] (-) TimerEvent: {}
[223.128996] (-) TimerEvent: {}
[223.229394] (-) TimerEvent: {}
[223.329830] (-) TimerEvent: {}
[223.430283] (-) TimerEvent: {}
[223.530623] (-) TimerEvent: {}
[223.630966] (-) TimerEvent: {}
[223.731346] (-) TimerEvent: {}
[223.831708] (-) TimerEvent: {}
[223.932026] (-) TimerEvent: {}
[224.032381] (-) TimerEvent: {}
[224.038512] (rtabmap) StdoutLine: {'line': b'[ 84%] Built target rtabmap_gui\n'}
[224.093092] (rtabmap) StdoutLine: {'line': b'[ 84%] Building CXX object tools/CameraRGBD/CMakeFiles/rgbd_camera.dir/main.cpp.o\n'}
[224.099167] (rtabmap) StdoutLine: {'line': b'[ 84%] Building CXX object app/src/CMakeFiles/rtabmap_app.dir/main.cpp.o\n'}
[224.101391] (rtabmap) StdoutLine: {'line': b'[ 85%] Building CXX object tools/Matcher/CMakeFiles/matcher.dir/main.cpp.o\n'}
[224.101798] (rtabmap) StdoutLine: {'line': b'[ 85%] Building CXX object tools/EpipolarGeometry/CMakeFiles/epipolar_geometry.dir/main.cpp.o\n'}
[224.101926] (rtabmap) StdoutLine: {'line': b'[ 86%] Building CXX object tools/OdometryViewer/CMakeFiles/odometryViewer.dir/main.cpp.o\n'}
[224.102040] (rtabmap) StdoutLine: {'line': b'[ 86%] Building CXX object tools/DataRecorder/CMakeFiles/dataRecorder.dir/main.cpp.o\n'}
[224.102820] (rtabmap) StdoutLine: {'line': b'[ 86%] Building CXX object examples/BOWMapping/CMakeFiles/bow_mapping.dir/main.cpp.o\n'}
[224.103071] (rtabmap) StdoutLine: {'line': b'[ 87%] Automatic MOC and UIC for target rgbd_mapping\n'}
[224.103161] (rtabmap) StdoutLine: {'line': b'[ 88%] Automatic MOC and UIC for target wifi_mapping\n'}
[224.104321] (rtabmap) StdoutLine: {'line': b'[ 89%] Building CXX object tools/Calibration/CMakeFiles/calibration.dir/main.cpp.o\n'}
[224.109719] (rtabmap) StdoutLine: {'line': b'[ 90%] Automatic MOC and UIC for target noEventsExample\n'}
[224.109955] (rtabmap) StdoutLine: {'line': b'[ 91%] Building CXX object tools/DatabaseViewer/CMakeFiles/databaseViewer.dir/main.cpp.o\n'}
[224.120903] (rtabmap) StdoutLine: {'line': b'[ 92%] Building CXX object tools/Report/CMakeFiles/report.dir/main.cpp.o\n'}
[224.130804] (rtabmap) StdoutLine: {'line': b'[ 93%] Automatic MOC and UIC for target lidar_mapping\n'}
[224.132489] (-) TimerEvent: {}
[224.232906] (-) TimerEvent: {}
[224.336755] (-) TimerEvent: {}
[224.364696] (rtabmap) StdoutLine: {'line': b'[ 93%] Built target noEventsExample_autogen\n'}
[224.419852] (rtabmap) StdoutLine: {'line': b'[ 93%] Building CXX object examples/NoEventsExample/CMakeFiles/noEventsExample.dir/main.cpp.o\n'}
[224.424492] (rtabmap) StdoutLine: {'line': b'[ 94%] Building CXX object examples/NoEventsExample/CMakeFiles/noEventsExample.dir/noEventsExample_autogen/mocs_compilation.cpp.o\n'}
[224.436919] (-) TimerEvent: {}
[224.537482] (-) TimerEvent: {}
[224.638098] (-) TimerEvent: {}
[224.739675] (-) TimerEvent: {}
[224.840608] (-) TimerEvent: {}
[224.942861] (-) TimerEvent: {}
[225.043649] (-) TimerEvent: {}
[225.144141] (-) TimerEvent: {}
[225.245791] (-) TimerEvent: {}
[225.352014] (-) TimerEvent: {}
[225.452772] (-) TimerEvent: {}
[225.554982] (-) TimerEvent: {}
[225.655597] (-) TimerEvent: {}
[225.676411] (rtabmap) StdoutLine: {'line': b'[ 94%] Built target rgbd_mapping_autogen\n'}
[225.720487] (rtabmap) StdoutLine: {'line': b'[ 95%] Building CXX object examples/RGBDMapping/CMakeFiles/rgbd_mapping.dir/rgbd_mapping_autogen/mocs_compilation.cpp.o\n'}
[225.744692] (rtabmap) StdoutLine: {'line': b'[ 95%] Building CXX object examples/RGBDMapping/CMakeFiles/rgbd_mapping.dir/main.cpp.o\n'}
[225.757204] (-) TimerEvent: {}
[225.857467] (-) TimerEvent: {}
[225.876564] (rtabmap) StdoutLine: {'line': b'[ 95%] Built target lidar_mapping_autogen\n'}
[225.924246] (rtabmap) StdoutLine: {'line': b'[ 95%] Building CXX object examples/LidarMapping/CMakeFiles/lidar_mapping.dir/lidar_mapping_autogen/mocs_compilation.cpp.o\n'}
[225.957684] (-) TimerEvent: {}
[226.033856] (rtabmap) StdoutLine: {'line': b'[ 95%] Built target wifi_mapping_autogen\n'}
[226.057818] (-) TimerEvent: {}
[226.092059] (rtabmap) StdoutLine: {'line': b'[ 95%] Building CXX object examples/WifiMapping/CMakeFiles/wifi_mapping.dir/wifi_mapping_autogen/mocs_compilation.cpp.o\n'}
[226.157989] (-) TimerEvent: {}
[226.258460] (-) TimerEvent: {}
[226.358769] (-) TimerEvent: {}
[226.465661] (-) TimerEvent: {}
[226.566323] (-) TimerEvent: {}
[226.666814] (-) TimerEvent: {}
[226.767391] (-) TimerEvent: {}
[226.867969] (-) TimerEvent: {}
[226.977403] (-) TimerEvent: {}
[227.082506] (-) TimerEvent: {}
[227.182953] (-) TimerEvent: {}
[227.283487] (-) TimerEvent: {}
[227.383967] (-) TimerEvent: {}
[227.484494] (-) TimerEvent: {}
[227.584961] (-) TimerEvent: {}
[227.686525] (-) TimerEvent: {}
[227.786788] (-) TimerEvent: {}
[227.887104] (-) TimerEvent: {}
[227.987745] (-) TimerEvent: {}
[228.089728] (-) TimerEvent: {}
[228.196556] (-) TimerEvent: {}
[228.299584] (-) TimerEvent: {}
[228.400531] (-) TimerEvent: {}
[228.501318] (-) TimerEvent: {}
[228.604513] (-) TimerEvent: {}
[228.704942] (-) TimerEvent: {}
[228.806101] (-) TimerEvent: {}
[228.907614] (-) TimerEvent: {}
[229.008176] (-) TimerEvent: {}
[229.108516] (-) TimerEvent: {}
[229.208920] (-) TimerEvent: {}
[229.315564] (-) TimerEvent: {}
[229.423996] (-) TimerEvent: {}
[229.534370] (-) TimerEvent: {}
[229.636107] (-) TimerEvent: {}
[229.736658] (-) TimerEvent: {}
[229.837725] (-) TimerEvent: {}
[229.940495] (-) TimerEvent: {}
[230.040910] (-) TimerEvent: {}
[230.141357] (-) TimerEvent: {}
[230.245658] (-) TimerEvent: {}
[230.346466] (-) TimerEvent: {}
[230.451205] (-) TimerEvent: {}
[230.552632] (-) TimerEvent: {}
[230.654686] (-) TimerEvent: {}
[230.757648] (-) TimerEvent: {}
[230.858191] (-) TimerEvent: {}
[230.958496] (-) TimerEvent: {}
[231.058724] (-) TimerEvent: {}
[231.159103] (-) TimerEvent: {}
[231.259485] (-) TimerEvent: {}
[231.359878] (-) TimerEvent: {}
[231.461368] (-) TimerEvent: {}
[231.561936] (-) TimerEvent: {}
[231.662357] (-) TimerEvent: {}
[231.762900] (-) TimerEvent: {}
[231.865813] (-) TimerEvent: {}
[231.966454] (-) TimerEvent: {}
[232.067792] (-) TimerEvent: {}
[232.168278] (-) TimerEvent: {}
[232.268928] (-) TimerEvent: {}
[232.372498] (-) TimerEvent: {}
[232.472852] (-) TimerEvent: {}
[232.573206] (-) TimerEvent: {}
[232.673603] (-) TimerEvent: {}
[232.774012] (-) TimerEvent: {}
[232.885744] (-) TimerEvent: {}
[232.986055] (-) TimerEvent: {}
[233.086519] (-) TimerEvent: {}
[233.187011] (-) TimerEvent: {}
[233.287603] (-) TimerEvent: {}
[233.388218] (-) TimerEvent: {}
[233.490308] (-) TimerEvent: {}
[233.593524] (-) TimerEvent: {}
[233.693998] (-) TimerEvent: {}
[233.796377] (-) TimerEvent: {}
[233.897220] (-) TimerEvent: {}
[233.997891] (-) TimerEvent: {}
[234.098917] (-) TimerEvent: {}
[234.199779] (-) TimerEvent: {}
[234.300332] (-) TimerEvent: {}
[234.401648] (-) TimerEvent: {}
[234.506772] (-) TimerEvent: {}
[234.607501] (-) TimerEvent: {}
[234.718094] (-) TimerEvent: {}
[234.822133] (-) TimerEvent: {}
[234.922787] (-) TimerEvent: {}
[235.023214] (-) TimerEvent: {}
[235.123712] (-) TimerEvent: {}
[235.224117] (-) TimerEvent: {}
[235.324629] (-) TimerEvent: {}
[235.426045] (-) TimerEvent: {}
[235.526427] (-) TimerEvent: {}
[235.632544] (-) TimerEvent: {}
[235.732796] (-) TimerEvent: {}
[235.833169] (-) TimerEvent: {}
[235.935604] (-) TimerEvent: {}
[236.046964] (-) TimerEvent: {}
[236.150127] (-) TimerEvent: {}
[236.260210] (-) TimerEvent: {}
[236.362504] (-) TimerEvent: {}
[236.463549] (-) TimerEvent: {}
[236.500513] (rtabmap) StdoutLine: {'line': b'[ 95%] Linking CXX executable ../../bin/rtabmap-calibration\n'}
[236.563896] (-) TimerEvent: {}
[236.666820] (-) TimerEvent: {}
[236.767454] (-) TimerEvent: {}
[236.868079] (-) TimerEvent: {}
[236.968951] (-) TimerEvent: {}
[237.069485] (-) TimerEvent: {}
[237.137550] (rtabmap) StdoutLine: {'line': b'[ 95%] Linking CXX executable ../../bin/rtabmap-databaseViewer\n'}
[237.170346] (-) TimerEvent: {}
[237.271146] (rtabmap) StdoutLine: {'line': b'[ 96%] Linking CXX executable ../../bin/rtabmap-odometryViewer\n'}
[237.271409] (-) TimerEvent: {}
[237.371681] (-) TimerEvent: {}
[237.472129] (-) TimerEvent: {}
[237.572549] (-) TimerEvent: {}
[237.674378] (-) TimerEvent: {}
[237.776552] (-) TimerEvent: {}
[237.814326] (rtabmap) StdoutLine: {'line': b'[ 96%] Linking CXX executable ../../bin/rtabmap-bow_mapping\n'}
[237.876666] (-) TimerEvent: {}
[237.977333] (-) TimerEvent: {}
[238.082604] (-) TimerEvent: {}
[238.183209] (-) TimerEvent: {}
[238.283736] (-) TimerEvent: {}
[238.384257] (-) TimerEvent: {}
[238.484784] (-) TimerEvent: {}
[238.598544] (rtabmap) StdoutLine: {'line': b'[ 96%] Linking CXX executable ../../bin/rtabmap-dataRecorder\n'}
[238.599015] (-) TimerEvent: {}
[238.699856] (-) TimerEvent: {}
[238.801957] (-) TimerEvent: {}
[238.902478] (-) TimerEvent: {}
[239.003898] (-) TimerEvent: {}
[239.104622] (-) TimerEvent: {}
[239.206237] (-) TimerEvent: {}
[239.282302] (rtabmap) StdoutLine: {'line': b'[ 97%] Linking CXX executable ../../bin/rtabmap\n'}
[239.306433] (-) TimerEvent: {}
[239.406956] (-) TimerEvent: {}
[239.510641] (-) TimerEvent: {}
[239.611540] (-) TimerEvent: {}
[239.711943] (-) TimerEvent: {}
[239.813517] (-) TimerEvent: {}
[239.914059] (-) TimerEvent: {}
[240.017168] (-) TimerEvent: {}
[240.117799] (-) TimerEvent: {}
[240.220064] (-) TimerEvent: {}
[240.320511] (-) TimerEvent: {}
[240.421895] (-) TimerEvent: {}
[240.522324] (-) TimerEvent: {}
[240.622755] (-) TimerEvent: {}
[240.724385] (-) TimerEvent: {}
[240.824659] (-) TimerEvent: {}
[240.926637] (-) TimerEvent: {}
[241.027599] (-) TimerEvent: {}
[241.130901] (-) TimerEvent: {}
[241.232213] (-) TimerEvent: {}
[241.335254] (-) TimerEvent: {}
[241.347979] (rtabmap) StdoutLine: {'line': b'[ 97%] Built target bow_mapping\n'}
[241.366441] (rtabmap) StdoutLine: {'line': b'[ 98%] Linking CXX executable ../../bin/rtabmap-epipolar_geometry\n'}
[241.377786] (rtabmap) StdoutLine: {'line': b'[ 99%] Building CXX object examples/LidarMapping/CMakeFiles/lidar_mapping.dir/main.cpp.o\n'}
[241.435376] (-) TimerEvent: {}
[241.536084] (-) TimerEvent: {}
[241.637809] (-) TimerEvent: {}
[241.738527] (-) TimerEvent: {}
[241.764940] (rtabmap) StdoutLine: {'line': b'[ 99%] Built target databaseViewer\n'}
[241.779101] (rtabmap) StdoutLine: {'line': b'[100%] Building CXX object examples/WifiMapping/CMakeFiles/wifi_mapping.dir/main.cpp.o\n'}
[241.809097] (rtabmap) StdoutLine: {'line': b'[100%] Built target calibration\n'}
[241.831560] (rtabmap) StdoutLine: {'line': b'[100%] Built target odometryViewer\n'}
[241.838718] (-) TimerEvent: {}
[241.939015] (-) TimerEvent: {}
[242.039493] (-) TimerEvent: {}
[242.141499] (-) TimerEvent: {}
[242.242090] (-) TimerEvent: {}
[242.344502] (-) TimerEvent: {}
[242.446522] (-) TimerEvent: {}
[242.474710] (rtabmap) StdoutLine: {'line': b'[100%] Built target dataRecorder\n'}
[242.546784] (-) TimerEvent: {}
[242.647214] (-) TimerEvent: {}
[242.748027] (-) TimerEvent: {}
[242.841125] (rtabmap) StdoutLine: {'line': b'[100%] Built target rtabmap_app\n'}
[242.848347] (-) TimerEvent: {}
[242.948829] (-) TimerEvent: {}
[243.049231] (-) TimerEvent: {}
[243.149788] (-) TimerEvent: {}
[243.250646] (-) TimerEvent: {}
[243.351329] (-) TimerEvent: {}
[243.451786] (-) TimerEvent: {}
[243.552197] (-) TimerEvent: {}
[243.652521] (-) TimerEvent: {}
[243.752828] (-) TimerEvent: {}
[243.853195] (-) TimerEvent: {}
[243.953566] (-) TimerEvent: {}
[244.053933] (-) TimerEvent: {}
[244.154348] (-) TimerEvent: {}
[244.255005] (-) TimerEvent: {}
[244.355356] (-) TimerEvent: {}
[244.455733] (-) TimerEvent: {}
[244.556068] (-) TimerEvent: {}
[244.656360] (-) TimerEvent: {}
[244.679603] (rtabmap) StdoutLine: {'line': b'[100%] Built target epipolar_geometry\n'}
[244.756453] (-) TimerEvent: {}
[244.856637] (-) TimerEvent: {}
[244.956855] (-) TimerEvent: {}
[245.057094] (-) TimerEvent: {}
[245.157315] (-) TimerEvent: {}
[245.257496] (-) TimerEvent: {}
[245.357723] (-) TimerEvent: {}
[245.457962] (-) TimerEvent: {}
[245.558182] (-) TimerEvent: {}
[245.658410] (-) TimerEvent: {}
[245.758657] (-) TimerEvent: {}
[245.858881] (-) TimerEvent: {}
[245.959125] (-) TimerEvent: {}
[246.059504] (-) TimerEvent: {}
[246.143919] (rtabmap) StdoutLine: {'line': b'[100%] Linking CXX executable ../../bin/rtabmap-noEventsExample\n'}
[246.160245] (-) TimerEvent: {}
[246.260512] (-) TimerEvent: {}
[246.361531] (-) TimerEvent: {}
[246.463875] (-) TimerEvent: {}
[246.478789] (rtabmap) StdoutLine: {'line': b'[100%] Linking CXX executable ../../bin/rtabmap-rgbd_camera\n'}
[246.564082] (-) TimerEvent: {}
[246.664593] (-) TimerEvent: {}
[246.719447] (rtabmap) StdoutLine: {'line': b'[100%] Linking CXX executable ../../bin/rtabmap-matcher\n'}
[246.764810] (-) TimerEvent: {}
[246.865353] (-) TimerEvent: {}
[246.965748] (-) TimerEvent: {}
[247.066138] (-) TimerEvent: {}
[247.166557] (-) TimerEvent: {}
[247.267044] (-) TimerEvent: {}
[247.367613] (-) TimerEvent: {}
[247.468199] (-) TimerEvent: {}
[247.568732] (-) TimerEvent: {}
[247.669262] (-) TimerEvent: {}
[247.769657] (-) TimerEvent: {}
[247.870008] (-) TimerEvent: {}
[247.970362] (-) TimerEvent: {}
[248.070681] (-) TimerEvent: {}
[248.171055] (-) TimerEvent: {}
[248.199275] (rtabmap) StdoutLine: {'line': b'[100%] Linking CXX executable ../../bin/rtabmap-report\n'}
[248.271236] (-) TimerEvent: {}
[248.371550] (-) TimerEvent: {}
[248.471899] (-) TimerEvent: {}
[248.572293] (-) TimerEvent: {}
[248.672651] (-) TimerEvent: {}
[248.772911] (-) TimerEvent: {}
[248.873171] (-) TimerEvent: {}
[248.911138] (rtabmap) StdoutLine: {'line': b'[100%] Linking CXX executable ../../bin/rtabmap-rgbd_mapping\n'}
[248.973308] (-) TimerEvent: {}
[249.073611] (-) TimerEvent: {}
[249.092821] (rtabmap) StdoutLine: {'line': b'[100%] Built target rgbd_camera\n'}
[249.168555] (rtabmap) StdoutLine: {'line': b'[100%] Built target noEventsExample\n'}
[249.173764] (-) TimerEvent: {}
[249.274012] (-) TimerEvent: {}
[249.374313] (-) TimerEvent: {}
[249.440005] (rtabmap) StdoutLine: {'line': b'[100%] Built target matcher\n'}
[249.474407] (-) TimerEvent: {}
[249.574718] (-) TimerEvent: {}
[249.675008] (-) TimerEvent: {}
[249.775204] (-) TimerEvent: {}
[249.875547] (-) TimerEvent: {}
[249.975835] (-) TimerEvent: {}
[250.076103] (-) TimerEvent: {}
[250.176379] (-) TimerEvent: {}
[250.266368] (rtabmap) StdoutLine: {'line': b'[100%] Built target report\n'}
[250.276538] (-) TimerEvent: {}
[250.376742] (-) TimerEvent: {}
[250.476987] (-) TimerEvent: {}
[250.577217] (-) TimerEvent: {}
[250.677481] (-) TimerEvent: {}
[250.777729] (-) TimerEvent: {}
[250.877939] (-) TimerEvent: {}
[250.952649] (rtabmap) StdoutLine: {'line': b'[100%] Built target rgbd_mapping\n'}
[250.978060] (-) TimerEvent: {}
[251.078321] (-) TimerEvent: {}
[251.178505] (-) TimerEvent: {}
[251.278869] (-) TimerEvent: {}
[251.379470] (-) TimerEvent: {}
[251.479913] (-) TimerEvent: {}
[251.580228] (-) TimerEvent: {}
[251.680415] (-) TimerEvent: {}
[251.780625] (-) TimerEvent: {}
[251.880911] (-) TimerEvent: {}
[251.981243] (-) TimerEvent: {}
[252.081473] (-) TimerEvent: {}
[252.181686] (-) TimerEvent: {}
[252.281942] (-) TimerEvent: {}
[252.382230] (-) TimerEvent: {}
[252.482541] (-) TimerEvent: {}
[252.582796] (-) TimerEvent: {}
[252.683084] (-) TimerEvent: {}
[252.783413] (-) TimerEvent: {}
[252.883764] (-) TimerEvent: {}
[252.984132] (-) TimerEvent: {}
[253.084448] (-) TimerEvent: {}
[253.184790] (-) TimerEvent: {}
[253.285161] (-) TimerEvent: {}
[253.385529] (-) TimerEvent: {}
[253.485900] (-) TimerEvent: {}
[253.586271] (-) TimerEvent: {}
[253.686626] (-) TimerEvent: {}
[253.786929] (-) TimerEvent: {}
[253.887266] (-) TimerEvent: {}
[253.987598] (-) TimerEvent: {}
[254.002602] (rtabmap) StdoutLine: {'line': b'[100%] Linking CXX executable ../../bin/rtabmap-wifi_mapping\n'}
[254.087775] (-) TimerEvent: {}
[254.188079] (-) TimerEvent: {}
[254.288294] (-) TimerEvent: {}
[254.388527] (-) TimerEvent: {}
[254.488789] (-) TimerEvent: {}
[254.589103] (-) TimerEvent: {}
[254.689288] (-) TimerEvent: {}
[254.789536] (-) TimerEvent: {}
[254.889700] (-) TimerEvent: {}
[254.989857] (-) TimerEvent: {}
[255.090010] (-) TimerEvent: {}
[255.190191] (-) TimerEvent: {}
[255.290396] (-) TimerEvent: {}
[255.390566] (-) TimerEvent: {}
[255.455672] (rtabmap) StdoutLine: {'line': b'[100%] Built target wifi_mapping\n'}
[255.490656] (-) TimerEvent: {}
[255.590809] (-) TimerEvent: {}
[255.690990] (-) TimerEvent: {}
[255.791167] (-) TimerEvent: {}
[255.891353] (-) TimerEvent: {}
[255.991534] (-) TimerEvent: {}
[256.091672] (-) TimerEvent: {}
[256.191815] (-) TimerEvent: {}
[256.292004] (-) TimerEvent: {}
[256.392180] (-) TimerEvent: {}
[256.492360] (-) TimerEvent: {}
[256.592523] (-) TimerEvent: {}
[256.692692] (-) TimerEvent: {}
[256.792886] (-) TimerEvent: {}
[256.844750] (rtabmap) StdoutLine: {'line': b'[100%] Linking CXX executable ../../bin/rtabmap-lidar_mapping\n'}
[256.893088] (-) TimerEvent: {}
[256.993258] (-) TimerEvent: {}
[257.093481] (-) TimerEvent: {}
[257.193679] (-) TimerEvent: {}
[257.293893] (-) TimerEvent: {}
[257.394107] (-) TimerEvent: {}
[257.494354] (-) TimerEvent: {}
[257.594570] (-) TimerEvent: {}
[257.694791] (-) TimerEvent: {}
[257.795094] (-) TimerEvent: {}
[257.895386] (-) TimerEvent: {}
[257.995612] (-) TimerEvent: {}
[258.095925] (-) TimerEvent: {}
[258.196338] (-) TimerEvent: {}
[258.296769] (-) TimerEvent: {}
[258.363696] (rtabmap) StdoutLine: {'line': b'[100%] Built target lidar_mapping\n'}
[258.396869] (-) TimerEvent: {}
[258.444065] (rtabmap) CommandEnded: {'returncode': 0}
[258.511162] (-) TimerEvent: {}
[258.529003] (rtabmap) JobProgress: {'identifier': 'rtabmap', 'progress': 'install'}
[258.562310] (rtabmap) Command: {'cmd': ['/usr/bin/cmake', '--install', '/home/brace/codeSpace/navi/build/rtabmap'], 'cwd': '/home/brace/codeSpace/navi/build/rtabmap', 'env': OrderedDict([('GJS_DEBUG_TOPICS', 'JS ERROR;JS LOG'), ('LESSOPEN', '| /usr/bin/lesspipe %s'), ('VSCODE_CWD', '/home/brace'), ('CURSOR_EXTENSION_HOST_ROLE', 'agent-exec'), ('VSCODE_ESM_ENTRYPOINT', 'vs/workbench/api/node/extensionHostProcess'), ('LANGUAGE', 'zh_CN:zh:en_US:en'), ('USER', 'brace'), ('LC_TIME', 'zh_CN.UTF-8'), ('VSCODE_NLS_CONFIG', '{"userLocale":"zh-cn","osLocale":"zh-cn","resolvedLanguage":"zh-cn","defaultMessagesFile":"/usr/share/cursor/resources/app/out/nls.messages.json","languagePack":{"translationsConfigFile":"/home/brace/.config/Cursor/clp/3bfb7f1471a52e527cfc1587dd57c7c1.zh-cn/tcf.json","messagesFile":"/home/brace/.config/Cursor/clp/3bfb7f1471a52e527cfc1587dd57c7c1.zh-cn/60faf7b51077ed1df1db718157bbfed740d2e160/nls.messages.json","corruptMarkerFile":"/home/brace/.config/Cursor/clp/3bfb7f1471a52e527cfc1587dd57c7c1.zh-cn/corrupted.info"},"locale":"zh-cn","availableLanguages":{"*":"zh-cn"},"_languagePackId":"3bfb7f1471a52e527cfc1587dd57c7c1.zh-cn","_languagePackSupport":true,"_translationsConfigFile":"/home/brace/.config/Cursor/clp/3bfb7f1471a52e527cfc1587dd57c7c1.zh-cn/tcf.json","_cacheRoot":"/home/brace/.config/Cursor/clp/3bfb7f1471a52e527cfc1587dd57c7c1.zh-cn","_resolvedLanguagePackCoreLocation":"/home/brace/.config/Cursor/clp/3bfb7f1471a52e527cfc1587dd57c7c1.zh-cn/60faf7b51077ed1df1db718157bbfed740d2e160","_corruptedFile":"/home/brace/.config/Cursor/clp/3bfb7f1471a52e527cfc1587dd57c7c1.zh-cn/corrupted.info"}'), ('CI', '1'), ('VSCODE_HANDLES_UNCAUGHT_ERRORS', 'true'), ('XDG_SESSION_TYPE', 'x11'), ('SHLVL', '1'), ('LD_LIBRARY_PATH', '/home/brace/codeSpace/navi/install/rtabmap_slam/lib:/home/brace/codeSpace/navi/install/rtabmap_odom/lib:/home/brace/codeSpace/navi/install/rtabmap_util/lib:/home/brace/codeSpace/navi/install/rtabmap_sync/lib:/home/brace/codeSpace/navi/install/rtabmap_rviz_plugins/lib:/home/brace/codeSpace/navi/install/rtabmap_conversions/lib:/home/brace/codeSpace/navi/install/rtabmap_msgs/lib:/home/brace/codeSpace/navi/install/rtabmap/lib:/opt/ros/humble/opt/rviz_ogre_vendor/lib:/opt/ros/humble/lib/x86_64-linux-gnu:/opt/ros/humble/lib'), ('HOME', '/home/brace'), ('CHROME_DESKTOP', 'cursor.desktop'), ('OLDPWD', '/home/brace/codeSpace/navi'), ('DESKTOP_SESSION', 'ubuntu'), ('VSCODE_IPC_HOOK', '/run/user/1000/vscode-f599d7de-2.6.-main.sock'), ('GIO_LAUNCHED_DESKTOP_FILE', '/usr/share/applications/cursor.desktop'), ('ROS_PYTHON_VERSION', '3'), ('GNOME_SHELL_SESSION_MODE', 'ubuntu'), ('GTK_MODULES', 'gail:atk-bridge'), ('LC_MONETARY', 'zh_CN.UTF-8'), ('CURSOR_WORKSPACE_LABEL', 'codeSpace'), ('MANAGERPID', '1029'), ('SYSTEMD_EXEC_PID', '1448'), ('NO_COLOR', '1'), ('DBUS_SESSION_BUS_ADDRESS', 'unix:path=/run/user/1000/bus'), ('GIO_LAUNCHED_DESKTOP_FILE_PID', '6638'), ('VSCODE_CRASH_REPORTER_PROCESS_TYPE', 'extensionHost'), ('MANDATORY_PATH', '/usr/share/gconf/ubuntu.mandatory.path'), ('COLCON_PREFIX_PATH', '/home/brace/codeSpace/navi/install'), ('ROS_DISTRO', 'humble'), ('GTK_IM_MODULE', 'ibus'), ('LOGNAME', 'brace'), ('FORCE_COLOR', '0'), ('JOURNAL_STREAM', '8:4428'), ('_', '/usr/bin/colcon'), ('ROS_VERSION', '2'), ('PKG_CONFIG_PATH', '/home/brace/codeSpace/navi/install/rtabmap/lib/x86_64-linux-gnu/pkgconfig:/home/brace/codeSpace/navi/install/rtabmap/lib/pkgconfig'), ('XDG_SESSION_CLASS', 'user'), ('DEFAULTS_PATH', '/usr/share/gconf/ubuntu.default.path'), ('USERNAME', 'brace'), ('TERM', 'dumb'), ('GNOME_DESKTOP_SESSION_ID', 'this-is-deprecated'), ('FC_FONTATIONS', '1'), ('ROS_LOCALHOST_ONLY', '0'), ('WINDOWPATH', '2'), ('PATH', '/home/brace/codeSpace/navi/install/rtabmap/bin:/opt/ros/humble/bin:/usr/local/sbin:/usr/local/bin:/usr/sbin:/usr/bin:/sbin:/bin:/usr/games:/usr/local/games:/snap/bin:/snap/bin'), ('SESSION_MANAGER', 'local/brace-NUC13:@/tmp/.ICE-unix/1410,unix/brace-NUC13:/tmp/.ICE-unix/1410'), ('INVOCATION_ID', '3e74fb9948ae4f5fbbb39ca9f088caee'), ('XDG_MENU_PREFIX', 'gnome-'), ('LC_ADDRESS', 'zh_CN.UTF-8'), ('VSCODE_PROCESS_TITLE', 'extension-host (agent-exec) codeSpace [1-3]'), ('XDG_RUNTIME_DIR', '/run/user/1000'), ('GDK_BACKEND', 'x11'), ('CURSOR_AGENT', '1'), ('DISPLAY', ':0'), ('LANG', 'zh_CN.UTF-8'), ('XDG_CURRENT_DESKTOP', 'ubuntu:GNOME'), ('LC_TELEPHONE', 'zh_CN.UTF-8'), ('XMODIFIERS', '@im=ibus'), ('XDG_SESSION_DESKTOP', 'ubuntu'), ('XAUTHORITY', '/run/user/1000/gdm/Xauthority'), ('LS_COLORS', ''), ('CURSOR_TRACE_ID', 'f1aa41e964ce4431a94f9bc384270429'), ('SSH_AGENT_LAUNCHER', 'gnome-keyring'), ('SSH_AUTH_SOCK', '/run/user/1000/keyring/ssh'), ('AMENT_PREFIX_PATH', '/home/brace/codeSpace/navi/install/rtabmap_ros:/home/brace/codeSpace/navi/install/rtabmap_launch:/home/brace/codeSpace/navi/install/rtabmap_examples:/home/brace/codeSpace/navi/install/rtabmap_demos:/home/brace/codeSpace/navi/install/rtabmap_viz:/home/brace/codeSpace/navi/install/rtabmap_slam:/home/brace/codeSpace/navi/install/rtabmap_odom:/home/brace/codeSpace/navi/install/rtabmap_util:/home/brace/codeSpace/navi/install/rtabmap_sync:/home/brace/codeSpace/navi/install/rtabmap_rviz_plugins:/home/brace/codeSpace/navi/install/rtabmap_python:/home/brace/codeSpace/navi/install/rtabmap_conversions:/home/brace/codeSpace/navi/install/rtabmap_msgs:/home/brace/codeSpace/navi/install/realsense2_rviz_plugin:/home/brace/codeSpace/navi/install/realsense2_ros_mqtt_bridge:/home/brace/codeSpace/navi/install/realsense2_description:/home/brace/codeSpace/navi/install/brace:/opt/ros/humble'), ('SHELL', '/bin/bash'), ('LC_NAME', 'zh_CN.UTF-8'), ('QT_ACCESSIBILITY', '1'), ('GDMSESSION', 'ubuntu'), ('LESSCLOSE', '/usr/bin/lesspipe %s %s'), ('LC_MEASUREMENT', 'zh_CN.UTF-8'), ('GPG_AGENT_INFO', '/run/user/1000/gnupg/S.gpg-agent:0:1'), ('GJS_DEBUG_OUTPUT', 'stderr'), ('LC_IDENTIFICATION', 'zh_CN.UTF-8'), ('QT_IM_MODULE', 'ibus'), ('PWD', '/home/brace/codeSpace/navi/build/rtabmap'), ('XDG_CONFIG_DIRS', '/etc/xdg/xdg-ubuntu:/etc/xdg'), ('VSCODE_CODE_CACHE_PATH', '/home/brace/.config/Cursor/CachedData/60faf7b51077ed1df1db718157bbfed740d2e160'), ('XDG_DATA_DIRS', '/usr/share/ubuntu:/usr/share/gnome:/usr/local/share/:/usr/share/:/var/lib/snapd/desktop'), ('PYTHONPATH', '/home/brace/codeSpace/navi/install/rtabmap_python/lib/python3.10/site-packages:/home/brace/codeSpace/navi/install/rtabmap_msgs/local/lib/python3.10/dist-packages:/home/brace/codeSpace/navi/install/realsense2_ros_mqtt_bridge/lib/python3.10/site-packages:/home/brace/codeSpace/navi/install/brace/lib/python3.10/site-packages:/opt/ros/humble/lib/python3.10/site-packages:/opt/ros/humble/local/lib/python3.10/dist-packages'), ('LC_NUMERIC', 'zh_CN.UTF-8'), ('LC_PAPER', 'zh_CN.UTF-8'), ('COLCON', '1'), ('_ZO_DOCTOR', '0'), ('CMAKE_PREFIX_PATH', '/home/brace/codeSpace/navi/install/rtabmap_ros:/home/brace/codeSpace/navi/install/rtabmap_launch:/home/brace/codeSpace/navi/install/rtabmap_examples:/home/brace/codeSpace/navi/install/rtabmap_demos:/home/brace/codeSpace/navi/install/rtabmap_viz:/home/brace/codeSpace/navi/install/rtabmap_slam:/home/brace/codeSpace/navi/install/rtabmap_odom:/home/brace/codeSpace/navi/install/rtabmap_util:/home/brace/codeSpace/navi/install/rtabmap_sync:/home/brace/codeSpace/navi/install/rtabmap_rviz_plugins:/home/brace/codeSpace/navi/install/rtabmap_conversions:/home/brace/codeSpace/navi/install/rtabmap_msgs:/home/brace/codeSpace/navi/install/rtabmap:/home/brace/codeSpace/navi/install/realsense2_rviz_plugin:/home/brace/codeSpace/navi/install/realsense2_description:/home/brace/codeSpace/navi/install/rtabmap_python:/home/brace/codeSpace/navi/install/realsense2_ros_mqtt_bridge:/home/brace/codeSpace/navi/install/brace:/opt/ros/humble'), ('VSCODE_PID', '9279')]), 'shell': False}
[258.570624] (rtabmap) StdoutLine: {'line': b'-- Install configuration: "Release"\n'}
[258.572884] (rtabmap) StdoutLine: {'line': b'-- Installing: /home/brace/codeSpace/navi/install/rtabmap/lib/librtabmap_utilite.so.0.23.4\n'}
[258.573197] (rtabmap) StdoutLine: {'line': b'-- Installing: /home/brace/codeSpace/navi/install/rtabmap/lib/librtabmap_utilite.so.0.23\n'}
[258.573296] (rtabmap) StdoutLine: {'line': b'-- Installing: /home/brace/codeSpace/navi/install/rtabmap/lib/librtabmap_utilite.so\n'}
[258.573363] (rtabmap) StdoutLine: {'line': b'-- Installing: /home/brace/codeSpace/navi/install/rtabmap/include/rtabmap-0.23/rtabmap\n'}
[258.573655] (rtabmap) StdoutLine: {'line': b'-- Installing: /home/brace/codeSpace/navi/install/rtabmap/include/rtabmap-0.23/rtabmap/utilite\n'}
[258.573718] (rtabmap) StdoutLine: {'line': b'-- Installing: /home/brace/codeSpace/navi/install/rtabmap/include/rtabmap-0.23/rtabmap/utilite/Posix\n'}
[258.573918] (rtabmap) StdoutLine: {'line': b'-- Installing: /home/brace/codeSpace/navi/install/rtabmap/include/rtabmap-0.23/rtabmap/utilite/Posix/UThreadC.h\n'}
[258.574092] (rtabmap) StdoutLine: {'line': b'-- Installing: /home/brace/codeSpace/navi/install/rtabmap/include/rtabmap-0.23/rtabmap/utilite/UtiLite.h\n'}
[258.574493] (rtabmap) StdoutLine: {'line': b'-- Installing: /home/brace/codeSpace/navi/install/rtabmap/include/rtabmap-0.23/rtabmap/utilite/USemaphore.h\n'}
[258.574615] (rtabmap) StdoutLine: {'line': b'-- Installing: /home/brace/codeSpace/navi/install/rtabmap/include/rtabmap-0.23/rtabmap/utilite/Win32\n'}
[258.574729] (rtabmap) StdoutLine: {'line': b'-- Installing: /home/brace/codeSpace/navi/install/rtabmap/include/rtabmap-0.23/rtabmap/utilite/Win32/UWin32.h\n'}
[258.574975] (rtabmap) StdoutLine: {'line': b'-- Installing: /home/brace/codeSpace/navi/install/rtabmap/include/rtabmap-0.23/rtabmap/utilite/Win32/UThreadC.h\n'}
[258.575238] (rtabmap) StdoutLine: {'line': b'-- Installing: /home/brace/codeSpace/navi/install/rtabmap/include/rtabmap-0.23/rtabmap/utilite/UException.h\n'}
[258.575315] (rtabmap) StdoutLine: {'line': b'-- Installing: /home/brace/codeSpace/navi/install/rtabmap/include/rtabmap-0.23/rtabmap/utilite/UEventsSender.h\n'}
[258.575393] (rtabmap) StdoutLine: {'line': b'-- Installing: /home/brace/codeSpace/navi/install/rtabmap/include/rtabmap-0.23/rtabmap/utilite/UTimer.h\n'}
[258.575481] (rtabmap) StdoutLine: {'line': b'-- Installing: /home/brace/codeSpace/navi/install/rtabmap/include/rtabmap-0.23/rtabmap/utilite/UMutex.h\n'}
[258.575560] (rtabmap) StdoutLine: {'line': b'-- Installing: /home/brace/codeSpace/navi/install/rtabmap/include/rtabmap-0.23/rtabmap/utilite/UVariant.h\n'}
[258.575663] (rtabmap) StdoutLine: {'line': b'-- Installing: /home/brace/codeSpace/navi/install/rtabmap/include/rtabmap-0.23/rtabmap/utilite/ULogger.h\n'}
[258.575710] (rtabmap) StdoutLine: {'line': b'-- Installing: /home/brace/codeSpace/navi/install/rtabmap/include/rtabmap-0.23/rtabmap/utilite/UDirectory.h\n'}
[258.575806] (rtabmap) StdoutLine: {'line': b'-- Installing: /home/brace/codeSpace/navi/install/rtabmap/include/rtabmap-0.23/rtabmap/utilite/UStl.h\n'}
[258.575851] (rtabmap) StdoutLine: {'line': b'-- Installing: /home/brace/codeSpace/navi/install/rtabmap/include/rtabmap-0.23/rtabmap/utilite/UConversion.h\n'}
[258.575933] (rtabmap) StdoutLine: {'line': b'-- Installing: /home/brace/codeSpace/navi/install/rtabmap/include/rtabmap-0.23/rtabmap/utilite/UEventsManager.h\n'}
[258.575979] (rtabmap) StdoutLine: {'line': b'-- Installing: /home/brace/codeSpace/navi/install/rtabmap/include/rtabmap-0.23/rtabmap/utilite/UEvent.h\n'}
[258.576655] (rtabmap) StdoutLine: {'line': b'-- Installing: /home/brace/codeSpace/navi/install/rtabmap/include/rtabmap-0.23/rtabmap/utilite/UProcessInfo.h\n'}
[258.577014] (rtabmap) StdoutLine: {'line': b'-- Installing: /home/brace/codeSpace/navi/install/rtabmap/include/rtabmap-0.23/rtabmap/utilite/UFile.h\n'}
[258.577188] (rtabmap) StdoutLine: {'line': b'-- Installing: /home/brace/codeSpace/navi/install/rtabmap/include/rtabmap-0.23/rtabmap/utilite/UThread.h\n'}
[258.577223] (rtabmap) StdoutLine: {'line': b'-- Installing: /home/brace/codeSpace/navi/install/rtabmap/include/rtabmap-0.23/rtabmap/utilite/UMath.h\n'}
[258.577254] (rtabmap) StdoutLine: {'line': b'-- Installing: /home/brace/codeSpace/navi/install/rtabmap/include/rtabmap-0.23/rtabmap/utilite/UThreadC.h\n'}
[258.577286] (rtabmap) StdoutLine: {'line': b'-- Installing: /home/brace/codeSpace/navi/install/rtabmap/include/rtabmap-0.23/rtabmap/utilite/UThreadNode.h\n'}
[258.577354] (rtabmap) StdoutLine: {'line': b'-- Installing: /home/brace/codeSpace/navi/install/rtabmap/include/rtabmap-0.23/rtabmap/utilite/UDestroyer.h\n'}
[258.577384] (rtabmap) StdoutLine: {'line': b'-- Installing: /home/brace/codeSpace/navi/install/rtabmap/include/rtabmap-0.23/rtabmap/utilite/UEventsHandler.h\n'}
[258.577420] (rtabmap) StdoutLine: {'line': b'-- Installing: /home/brace/codeSpace/navi/install/rtabmap/include/rtabmap-0.23/rtabmap/utilite/UObjDeletionThread.h\n'}
[258.577549] (rtabmap) StdoutLine: {'line': b'-- Up-to-date: /home/brace/codeSpace/navi/install/rtabmap/include/rtabmap-0.23/rtabmap\n'}
[258.577721] (rtabmap) StdoutLine: {'line': b'-- Up-to-date: /home/brace/codeSpace/navi/install/rtabmap/include/rtabmap-0.23/rtabmap/utilite\n'}
[258.577825] (rtabmap) StdoutLine: {'line': b'-- Installing: /home/brace/codeSpace/navi/install/rtabmap/include/rtabmap-0.23/rtabmap/utilite/utilite_export.h\n'}
[258.577998] (rtabmap) StdoutLine: {'line': b'-- Installing: /home/brace/codeSpace/navi/install/rtabmap/lib/rtabmap-0.23/RTABMap_utiliteTargets.cmake\n'}
[258.578167] (rtabmap) StdoutLine: {'line': b'-- Installing: /home/brace/codeSpace/navi/install/rtabmap/lib/rtabmap-0.23/RTABMap_utiliteTargets-release.cmake\n'}
[258.578571] (rtabmap) StdoutLine: {'line': b'-- Installing: /home/brace/codeSpace/navi/install/rtabmap/bin/rtabmap-res_tool-0.3.0\n'}
[258.578880] (rtabmap) StdoutLine: {'line': b'-- Installing: /home/brace/codeSpace/navi/install/rtabmap/bin/rtabmap-res_tool\n'}
[258.579024] (rtabmap) StdoutLine: {'line': b'-- Set runtime path of "/home/brace/codeSpace/navi/install/rtabmap/bin/rtabmap-res_tool-0.3.0" to ""\n'}
[258.579735] (rtabmap) StdoutLine: {'line': b'-- Installing: /home/brace/codeSpace/navi/install/rtabmap/lib/librtabmap_core.so.0.23.4\n'}
[258.596164] (rtabmap) StdoutLine: {'line': b'-- Installing: /home/brace/codeSpace/navi/install/rtabmap/lib/librtabmap_core.so.0.23\n'}
[258.596369] (rtabmap) StdoutLine: {'line': b'-- Set runtime path of "/home/brace/codeSpace/navi/install/rtabmap/lib/librtabmap_core.so.0.23.4" to ""\n'}
[258.596452] (rtabmap) StdoutLine: {'line': b'-- Installing: /home/brace/codeSpace/navi/install/rtabmap/lib/librtabmap_core.so\n'}
[258.596538] (rtabmap) StdoutLine: {'line': b'-- Up-to-date: /home/brace/codeSpace/navi/install/rtabmap/include/rtabmap-0.23/rtabmap\n'}
[258.596742] (rtabmap) StdoutLine: {'line': b'-- Installing: /home/brace/codeSpace/navi/install/rtabmap/include/rtabmap-0.23/rtabmap/core\n'}
[258.597107] (rtabmap) StdoutLine: {'line': b'-- Installing: /home/brace/codeSpace/navi/install/rtabmap/include/rtabmap-0.23/rtabmap/core/GlobalDescriptorExtractor.h\n'}
[258.597500] (rtabmap) StdoutLine: {'line': b'-- Installing: /home/brace/codeSpace/navi/install/rtabmap/include/rtabmap-0.23/rtabmap/core/RegistrationInfo.h\n'}
[258.597632] (rtabmap) StdoutLine: {'line': b'-- Installing: /home/brace/codeSpace/navi/install/rtabmap/include/rtabmap-0.23/rtabmap/core/ProgressState.h\n'}
[258.597724] (rtabmap) StdoutLine: {'line': b'-- Installing: /home/brace/codeSpace/navi/install/rtabmap/include/rtabmap-0.23/rtabmap/core/Optimizer.h\n'}
[258.597759] (rtabmap) StdoutLine: {'line': b'-- Installing: /home/brace/codeSpace/navi/install/rtabmap/include/rtabmap-0.23/rtabmap/core/util3d_registration.h\n'}
[258.597983] (rtabmap) StdoutLine: {'line': b'-- Installing: /home/brace/codeSpace/navi/install/rtabmap/include/rtabmap-0.23/rtabmap/core/global_map\n'}
[258.598240] (rtabmap) StdoutLine: {'line': b'-- Installing: /home/brace/codeSpace/navi/install/rtabmap/include/rtabmap-0.23/rtabmap/core/global_map/OctoMap.h\n'}
[258.598471] (rtabmap) StdoutLine: {'line': b'-- Installing: /home/brace/codeSpace/navi/install/rtabmap/include/rtabmap-0.23/rtabmap/core/global_map/OccupancyGrid.h\n'}
[258.598565] (rtabmap) StdoutLine: {'line': b'-- Installing: /home/brace/codeSpace/navi/install/rtabmap/include/rtabmap-0.23/rtabmap/core/global_map/CloudMap.h\n'}
[258.598712] (rtabmap) StdoutLine: {'line': b'-- Installing: /home/brace/codeSpace/navi/install/rtabmap/include/rtabmap-0.23/rtabmap/core/global_map/GridMap.h\n'}
[258.598928] (rtabmap) StdoutLine: {'line': b'-- Installing: /home/brace/codeSpace/navi/install/rtabmap/include/rtabmap-0.23/rtabmap/core/util3d_filtering.h\n'}
[258.598998] (rtabmap) StdoutLine: {'line': b'-- Installing: /home/brace/codeSpace/navi/install/rtabmap/include/rtabmap-0.23/rtabmap/core/Signature.h\n'}
[258.599079] (rtabmap) StdoutLine: {'line': b'-- Installing: /home/brace/codeSpace/navi/install/rtabmap/include/rtabmap-0.23/rtabmap/core/RtabmapEvent.h\n'}
[258.599112] (rtabmap) StdoutLine: {'line': b'-- Installing: /home/brace/codeSpace/navi/install/rtabmap/include/rtabmap-0.23/rtabmap/core/LaserScan.h\n'}
[258.599190] (rtabmap) StdoutLine: {'line': b'-- Installing: /home/brace/codeSpace/navi/install/rtabmap/include/rtabmap-0.23/rtabmap/core/DBDriverSqlite3.h\n'}
[258.599494] (rtabmap) StdoutLine: {'line': b'-- Installing: /home/brace/codeSpace/navi/install/rtabmap/include/rtabmap-0.23/rtabmap/core/SensorEvent.h\n'}
[258.599555] (rtabmap) StdoutLine: {'line': b'-- Installing: /home/brace/codeSpace/navi/install/rtabmap/include/rtabmap-0.23/rtabmap/core/Features2d.h\n'}
[258.599944] (rtabmap) StdoutLine: {'line': b'-- Installing: /home/brace/codeSpace/navi/install/rtabmap/include/rtabmap-0.23/rtabmap/core/EpipolarGeometry.h\n'}
[258.600353] (rtabmap) StdoutLine: {'line': b'-- Installing: /home/brace/codeSpace/navi/install/rtabmap/include/rtabmap-0.23/rtabmap/core/IMUThread.h\n'}
[258.601023] (rtabmap) StdoutLine: {'line': b'-- Installing: /home/brace/codeSpace/navi/install/rtabmap/include/rtabmap-0.23/rtabmap/core/IMUFilter.h\n'}
[258.601140] (rtabmap) StdoutLine: {'line': b'-- Installing: /home/brace/codeSpace/navi/install/rtabmap/include/rtabmap-0.23/rtabmap/core/LocalGridMaker.h\n'}
[258.601196] (rtabmap) StdoutLine: {'line': b'-- Installing: /home/brace/codeSpace/navi/install/rtabmap/include/rtabmap-0.23/rtabmap/core/OctoMap.h\n'}
[258.601248] (rtabmap) StdoutLine: {'line': b'-- Installing: /home/brace/codeSpace/navi/install/rtabmap/include/rtabmap-0.23/rtabmap/core/Camera.h\n'}
[258.601298] (rtabmap) StdoutLine: {'line': b'-- Installing: /home/brace/codeSpace/navi/install/rtabmap/include/rtabmap-0.23/rtabmap/core/Landmark.h\n'}
[258.601349] (rtabmap) StdoutLine: {'line': b'-- Installing: /home/brace/codeSpace/navi/install/rtabmap/include/rtabmap-0.23/rtabmap/core/CameraModel.h\n'}
[258.601415] (rtabmap) StdoutLine: {'line': b'-- Installing: /home/brace/codeSpace/navi/install/rtabmap/include/rtabmap-0.23/rtabmap/core/util3d_correspondences.h\n'}
[258.601469] (rtabmap) StdoutLine: {'line': b'-- Installing: /home/brace/codeSpace/navi/install/rtabmap/include/rtabmap-0.23/rtabmap/core/Memory.h\n'}
[258.601564] (rtabmap) StdoutLine: {'line': b'-- Installing: /home/brace/codeSpace/navi/install/rtabmap/include/rtabmap-0.23/rtabmap/core/Statistics.h\n'}
[258.601607] (rtabmap) StdoutLine: {'line': b'-- Installing: /home/brace/codeSpace/navi/install/rtabmap/include/rtabmap-0.23/rtabmap/core/CameraInfo.h\n'}
[258.601776] (rtabmap) StdoutLine: {'line': b'-- Installing: /home/brace/codeSpace/navi/install/rtabmap/include/rtabmap-0.23/rtabmap/core/clams\n'}
[258.602120] (rtabmap) StdoutLine: {'line': b'-- Installing: /home/brace/codeSpace/navi/install/rtabmap/include/rtabmap-0.23/rtabmap/core/clams/discrete_depth_distortion_model.h\n'}
[258.602315] (rtabmap) StdoutLine: {'line': b'-- Installing: /home/brace/codeSpace/navi/install/rtabmap/include/rtabmap-0.23/rtabmap/core/clams/frame_projector.h\n'}
[258.602446] (rtabmap) StdoutLine: {'line': b'-- Installing: /home/brace/codeSpace/navi/install/rtabmap/include/rtabmap-0.23/rtabmap/core/clams/slam_calibrator.h\n'}
[258.602530] (rtabmap) StdoutLine: {'line': b'-- Installing: /home/brace/codeSpace/navi/install/rtabmap/include/rtabmap-0.23/rtabmap/core/CameraRGBD.h\n'}
[258.602636] (rtabmap) StdoutLine: {'line': b'-- Installing: /home/brace/codeSpace/navi/install/rtabmap/include/rtabmap-0.23/rtabmap/core/OdometryInfo.h\n'}
[258.602727] (rtabmap) StdoutLine: {'line': b'-- Installing: /home/brace/codeSpace/navi/install/rtabmap/include/rtabmap-0.23/rtabmap/core/SensorData.h\n'}
[258.602764] (rtabmap) StdoutLine: {'line': b'-- Installing: /home/brace/codeSpace/navi/install/rtabmap/include/rtabmap-0.23/rtabmap/core/stereo\n'}
[258.602876] (rtabmap) StdoutLine: {'line': b'-- Installing: /home/brace/codeSpace/navi/install/rtabmap/include/rtabmap-0.23/rtabmap/core/stereo/StereoBM.h\n'}
[258.603085] (rtabmap) StdoutLine: {'line': b'-- Installing: /home/brace/codeSpace/navi/install/rtabmap/include/rtabmap-0.23/rtabmap/core/stereo/stereoRectifyFisheye.h\n'}
[258.603948] (rtabmap) StdoutLine: {'line': b'-- Installing: /home/brace/codeSpace/navi/install/rtabmap/include/rtabmap-0.23/rtabmap/core/stereo/StereoSGBM.h\n'}
[258.604028] (rtabmap) StdoutLine: {'line': b'-- Installing: /home/brace/codeSpace/navi/install/rtabmap/include/rtabmap-0.23/rtabmap/core/StereoCameraModel.h\n'}
[258.604061] (rtabmap) StdoutLine: {'line': b'-- Installing: /home/brace/codeSpace/navi/install/rtabmap/include/rtabmap-0.23/rtabmap/core/util2d.h\n'}
[258.604163] (rtabmap) StdoutLine: {'line': b'-- Installing: /home/brace/codeSpace/navi/install/rtabmap/include/rtabmap-0.23/rtabmap/core/RtabmapThread.h\n'}
[258.604232] (rtabmap) StdoutLine: {'line': b'-- Installing: /home/brace/codeSpace/navi/install/rtabmap/include/rtabmap-0.23/rtabmap/core/GainCompensator.h\n'}
[258.604444] (rtabmap) StdoutLine: {'line': b'-- Installing: /home/brace/codeSpace/navi/install/rtabmap/include/rtabmap-0.23/rtabmap/core/StereoDense.h\n'}
[258.604654] (rtabmap) StdoutLine: {'line': b'-- Installing: /home/brace/codeSpace/navi/install/rtabmap/include/rtabmap-0.23/rtabmap/core/GeodeticCoords.h\n'}
[258.604723] (rtabmap) StdoutLine: {'line': b'-- Installing: /home/brace/codeSpace/navi/install/rtabmap/include/rtabmap-0.23/rtabmap/core/ParticleFilter.h\n'}
[258.604937] (rtabmap) StdoutLine: {'line': b'-- Installing: /home/brace/codeSpace/navi/install/rtabmap/include/rtabmap-0.23/rtabmap/core/Recovery.h\n'}
[258.605004] (rtabmap) StdoutLine: {'line': b'-- Installing: /home/brace/codeSpace/navi/install/rtabmap/include/rtabmap-0.23/rtabmap/core/EnvSensor.h\n'}
[258.605068] (rtabmap) StdoutLine: {'line': b'-- Installing: /home/brace/codeSpace/navi/install/rtabmap/include/rtabmap-0.23/rtabmap/core/CameraEvent.h\n'}
[258.605263] (rtabmap) StdoutLine: {'line': b'-- Installing: /home/brace/codeSpace/navi/install/rtabmap/include/rtabmap-0.23/rtabmap/core/Transform.h\n'}
[258.605334] (rtabmap) StdoutLine: {'line': b'-- Installing: /home/brace/codeSpace/navi/install/rtabmap/include/rtabmap-0.23/rtabmap/core/optimizer\n'}
[258.605515] (rtabmap) StdoutLine: {'line': b'-- Installing: /home/brace/codeSpace/navi/install/rtabmap/include/rtabmap-0.23/rtabmap/core/optimizer/OptimizerGTSAM.h\n'}
[258.605724] (rtabmap) StdoutLine: {'line': b'-- Installing: /home/brace/codeSpace/navi/install/rtabmap/include/rtabmap-0.23/rtabmap/core/optimizer/OptimizerCeres.h\n'}
[258.605921] (rtabmap) StdoutLine: {'line': b'-- Installing: /home/brace/codeSpace/navi/install/rtabmap/include/rtabmap-0.23/rtabmap/core/optimizer/OptimizerG2O.h\n'}
[258.607199] (rtabmap) StdoutLine: {'line': b'-- Installing: /home/brace/codeSpace/navi/install/rtabmap/include/rtabmap-0.23/rtabmap/core/optimizer/OptimizerTORO.h\n'}
[258.607329] (rtabmap) StdoutLine: {'line': b'-- Installing: /home/brace/codeSpace/navi/install/rtabmap/include/rtabmap-0.23/rtabmap/core/optimizer/OptimizerCVSBA.h\n'}
[258.607538] (rtabmap) StdoutLine: {'line': b'-- Installing: /home/brace/codeSpace/navi/install/rtabmap/include/rtabmap-0.23/rtabmap/core/IMU.h\n'}
[258.607597] (rtabmap) StdoutLine: {'line': b'-- Installing: /home/brace/codeSpace/navi/install/rtabmap/include/rtabmap-0.23/rtabmap/core/CameraRGB.h\n'}
[258.607752] (rtabmap) StdoutLine: {'line': b'-- Installing: /home/brace/codeSpace/navi/install/rtabmap/include/rtabmap-0.23/rtabmap/core/ParamEvent.h\n'}
[258.607961] (rtabmap) StdoutLine: {'line': b'-- Installing: /home/brace/codeSpace/navi/install/rtabmap/include/rtabmap-0.23/rtabmap/core/OccupancyGrid.h\n'}
[258.608021] (rtabmap) StdoutLine: {'line': b'-- Installing: /home/brace/codeSpace/navi/install/rtabmap/include/rtabmap-0.23/rtabmap/core/Rtabmap.h\n'}
[258.608104] (rtabmap) StdoutLine: {'line': b'-- Installing: /home/brace/codeSpace/navi/install/rtabmap/include/rtabmap-0.23/rtabmap/core/OdometryEvent.h\n'}
[258.608134] (rtabmap) StdoutLine: {'line': b'-- Installing: /home/brace/codeSpace/navi/install/rtabmap/include/rtabmap-0.23/rtabmap/core/RegistrationVis.h\n'}
[258.608297] (rtabmap) StdoutLine: {'line': b'-- Installing: /home/brace/codeSpace/navi/install/rtabmap/include/rtabmap-0.23/rtabmap/core/util3d_mapping.h\n'}
[258.608509] (rtabmap) StdoutLine: {'line': b'-- Installing: /home/brace/codeSpace/navi/install/rtabmap/include/rtabmap-0.23/rtabmap/core/Parameters.h\n'}
[258.608612] (rtabmap) StdoutLine: {'line': b'-- Installing: /home/brace/codeSpace/navi/install/rtabmap/include/rtabmap-0.23/rtabmap/core/PythonInterface.h\n'}
[258.608820] (rtabmap) StdoutLine: {'line': b'-- Installing: /home/brace/codeSpace/navi/install/rtabmap/include/rtabmap-0.23/rtabmap/core/util3d_surface.h\n'}
[258.609394] (rtabmap) StdoutLine: {'line': b'-- Installing: /home/brace/codeSpace/navi/install/rtabmap/include/rtabmap-0.23/rtabmap/core/MarkerDetector.h\n'}
[258.609604] (rtabmap) StdoutLine: {'line': b'-- Installing: /home/brace/codeSpace/navi/install/rtabmap/include/rtabmap-0.23/rtabmap/core/DBReader.h\n'}
[258.609821] (rtabmap) StdoutLine: {'line': b'-- Installing: /home/brace/codeSpace/navi/install/rtabmap/include/rtabmap-0.23/rtabmap/core/impl\n'}
[258.610073] (rtabmap) StdoutLine: {'line': b'-- Installing: /home/brace/codeSpace/navi/install/rtabmap/include/rtabmap-0.23/rtabmap/core/impl/LocalMapMaker.hpp\n'}
[258.610273] (rtabmap) StdoutLine: {'line': b'-- Installing: /home/brace/codeSpace/navi/install/rtabmap/include/rtabmap-0.23/rtabmap/core/impl/util3d.hpp\n'}
[258.610330] (rtabmap) StdoutLine: {'line': b'-- Installing: /home/brace/codeSpace/navi/install/rtabmap/include/rtabmap-0.23/rtabmap/core/impl/util3d_mapping.hpp\n'}
[258.610539] (rtabmap) StdoutLine: {'line': b'-- Installing: /home/brace/codeSpace/navi/install/rtabmap/include/rtabmap-0.23/rtabmap/core/impl/util3d_surface.hpp\n'}
[258.610763] (rtabmap) StdoutLine: {'line': b'-- Installing: /home/brace/codeSpace/navi/install/rtabmap/include/rtabmap-0.23/rtabmap/core/FlannIndex.h\n'}
[258.610983] (rtabmap) StdoutLine: {'line': b'-- Installing: /home/brace/codeSpace/navi/install/rtabmap/include/rtabmap-0.23/rtabmap/core/rvl_codec.h\n'}
[258.611210] (-) TimerEvent: {}
[258.611259] (rtabmap) StdoutLine: {'line': b'-- Installing: /home/brace/codeSpace/navi/install/rtabmap/include/rtabmap-0.23/rtabmap/core/Registration.h\n'}
[258.611478] (rtabmap) StdoutLine: {'line': b'-- Installing: /home/brace/codeSpace/navi/install/rtabmap/include/rtabmap-0.23/rtabmap/core/util3d_motion_estimation.h\n'}
[258.611872] (rtabmap) StdoutLine: {'line': b'-- Installing: /home/brace/codeSpace/navi/install/rtabmap/include/rtabmap-0.23/rtabmap/core/SensorCapture.h\n'}
[258.611911] (rtabmap) StdoutLine: {'line': b'-- Installing: /home/brace/codeSpace/navi/install/rtabmap/include/rtabmap-0.23/rtabmap/core/lidar\n'}
[258.612070] (rtabmap) StdoutLine: {'line': b'-- Installing: /home/brace/codeSpace/navi/install/rtabmap/include/rtabmap-0.23/rtabmap/core/lidar/LidarVLP16.h\n'}
[258.612134] (rtabmap) StdoutLine: {'line': b'-- Installing: /home/brace/codeSpace/navi/install/rtabmap/include/rtabmap-0.23/rtabmap/core/util3d.h\n'}
[258.612219] (rtabmap) StdoutLine: {'line': b'-- Installing: /home/brace/codeSpace/navi/install/rtabmap/include/rtabmap-0.23/rtabmap/core/LASWriter.h\n'}
[258.612477] (rtabmap) StdoutLine: {'line': b'-- Installing: /home/brace/codeSpace/navi/install/rtabmap/include/rtabmap-0.23/rtabmap/core/Image.h\n'}
[258.612739] (rtabmap) StdoutLine: {'line': b'-- Installing: /home/brace/codeSpace/navi/install/rtabmap/include/rtabmap-0.23/rtabmap/core/camera\n'}
[258.612844] (rtabmap) StdoutLine: {'line': b'-- Installing: /home/brace/codeSpace/navi/install/rtabmap/include/rtabmap-0.23/rtabmap/core/camera/CameraStereoVideo.h\n'}
[258.612924] (rtabmap) StdoutLine: {'line': b'-- Installing: /home/brace/codeSpace/navi/install/rtabmap/include/rtabmap-0.23/rtabmap/core/camera/CameraStereoFlyCapture2.h\n'}
[258.613005] (rtabmap) StdoutLine: {'line': b'-- Installing: /home/brace/codeSpace/navi/install/rtabmap/include/rtabmap-0.23/rtabmap/core/camera/CameraImages.h\n'}
[258.613108] (rtabmap) StdoutLine: {'line': b'-- Installing: /home/brace/codeSpace/navi/install/rtabmap/include/rtabmap-0.23/rtabmap/core/camera/CameraMyntEye.h\n'}
[258.613152] (rtabmap) StdoutLine: {'line': b'-- Installing: /home/brace/codeSpace/navi/install/rtabmap/include/rtabmap-0.23/rtabmap/core/camera/CameraK4W2.h\n'}
[258.613229] (rtabmap) StdoutLine: {'line': b'-- Installing: /home/brace/codeSpace/navi/install/rtabmap/include/rtabmap-0.23/rtabmap/core/camera/CameraStereoDC1394.h\n'}
[258.613341] (rtabmap) StdoutLine: {'line': b'-- Installing: /home/brace/codeSpace/navi/install/rtabmap/include/rtabmap-0.23/rtabmap/core/camera/CameraFreenect2.h\n'}
[258.613386] (rtabmap) StdoutLine: {'line': b'-- Installing: /home/brace/codeSpace/navi/install/rtabmap/include/rtabmap-0.23/rtabmap/core/camera/CameraStereoImages.h\n'}
[258.613481] (rtabmap) StdoutLine: {'line': b'-- Installing: /home/brace/codeSpace/navi/install/rtabmap/include/rtabmap-0.23/rtabmap/core/camera/CameraFreenect.h\n'}
[258.613609] (rtabmap) StdoutLine: {'line': b'-- Installing: /home/brace/codeSpace/navi/install/rtabmap/include/rtabmap-0.23/rtabmap/core/camera/CameraOrbbecSDK.h\n'}
[258.613676] (rtabmap) StdoutLine: {'line': b'-- Installing: /home/brace/codeSpace/navi/install/rtabmap/include/rtabmap-0.23/rtabmap/core/camera/CameraStereoZed.h\n'}
[258.613748] (rtabmap) StdoutLine: {'line': b'-- Installing: /home/brace/codeSpace/navi/install/rtabmap/include/rtabmap-0.23/rtabmap/core/camera/CameraRealSense.h\n'}
[258.613781] (rtabmap) StdoutLine: {'line': b'-- Installing: /home/brace/codeSpace/navi/install/rtabmap/include/rtabmap-0.23/rtabmap/core/camera/CameraStereoTara.h\n'}
[258.613846] (rtabmap) StdoutLine: {'line': b'-- Installing: /home/brace/codeSpace/navi/install/rtabmap/include/rtabmap-0.23/rtabmap/core/camera/CameraVideo.h\n'}
[258.613921] (rtabmap) StdoutLine: {'line': b'-- Installing: /home/brace/codeSpace/navi/install/rtabmap/include/rtabmap-0.23/rtabmap/core/camera/CameraRealSense2.h\n'}
[258.613989] (rtabmap) StdoutLine: {'line': b'-- Installing: /home/brace/codeSpace/navi/install/rtabmap/include/rtabmap-0.23/rtabmap/core/camera/CameraDepthAI.h\n'}
[258.614114] (rtabmap) StdoutLine: {'line': b'-- Installing: /home/brace/codeSpace/navi/install/rtabmap/include/rtabmap-0.23/rtabmap/core/camera/CameraK4A.h\n'}
[258.614147] (rtabmap) StdoutLine: {'line': b'-- Installing: /home/brace/codeSpace/navi/install/rtabmap/include/rtabmap-0.23/rtabmap/core/camera/CameraStereoZedOC.h\n'}
[258.614205] (rtabmap) StdoutLine: {'line': b'-- Installing: /home/brace/codeSpace/navi/install/rtabmap/include/rtabmap-0.23/rtabmap/core/camera/CameraOpenni.h\n'}
[258.614268] (rtabmap) StdoutLine: {'line': b'-- Installing: /home/brace/codeSpace/navi/install/rtabmap/include/rtabmap-0.23/rtabmap/core/camera/CameraOpenNI2.h\n'}
[258.614322] (rtabmap) StdoutLine: {'line': b'-- Installing: /home/brace/codeSpace/navi/install/rtabmap/include/rtabmap-0.23/rtabmap/core/camera/CameraRGBDImages.h\n'}
[258.614394] (rtabmap) StdoutLine: {'line': b'-- Installing: /home/brace/codeSpace/navi/install/rtabmap/include/rtabmap-0.23/rtabmap/core/camera/CameraOpenNICV.h\n'}
[258.614476] (rtabmap) StdoutLine: {'line': b'-- Installing: /home/brace/codeSpace/navi/install/rtabmap/include/rtabmap-0.23/rtabmap/core/camera/CameraSeerSense.h\n'}
[258.614534] (rtabmap) StdoutLine: {'line': b'-- Installing: /home/brace/codeSpace/navi/install/rtabmap/include/rtabmap-0.23/rtabmap/core/util3d_features.h\n'}
[258.614799] (rtabmap) StdoutLine: {'line': b'-- Installing: /home/brace/codeSpace/navi/install/rtabmap/include/rtabmap-0.23/rtabmap/core/VWDictionary.h\n'}
[258.615088] (rtabmap) StdoutLine: {'line': b'-- Installing: /home/brace/codeSpace/navi/install/rtabmap/include/rtabmap-0.23/rtabmap/core/GlobalDescriptor.h\n'}
[258.615327] (rtabmap) StdoutLine: {'line': b'-- Installing: /home/brace/codeSpace/navi/install/rtabmap/include/rtabmap-0.23/rtabmap/core/GlobalMap.h\n'}
[258.615561] (rtabmap) StdoutLine: {'line': b'-- Installing: /home/brace/codeSpace/navi/install/rtabmap/include/rtabmap-0.23/rtabmap/core/Graph.h\n'}
[258.615809] (rtabmap) StdoutLine: {'line': b'-- Installing: /home/brace/codeSpace/navi/install/rtabmap/include/rtabmap-0.23/rtabmap/core/GPS.h\n'}
[258.615894] (rtabmap) StdoutLine: {'line': b'-- Installing: /home/brace/codeSpace/navi/install/rtabmap/include/rtabmap-0.23/rtabmap/core/RegistrationIcp.h\n'}
[258.616106] (rtabmap) StdoutLine: {'line': b'-- Installing: /home/brace/codeSpace/navi/install/rtabmap/include/rtabmap-0.23/rtabmap/core/Stereo.h\n'}
[258.616309] (rtabmap) StdoutLine: {'line': b'-- Installing: /home/brace/codeSpace/navi/install/rtabmap/include/rtabmap-0.23/rtabmap/core/LocalGrid.h\n'}
[258.616365] (rtabmap) StdoutLine: {'line': b'-- Installing: /home/brace/codeSpace/navi/install/rtabmap/include/rtabmap-0.23/rtabmap/core/CameraStereo.h\n'}
[258.616425] (rtabmap) StdoutLine: {'line': b'-- Installing: /home/brace/codeSpace/navi/install/rtabmap/include/rtabmap-0.23/rtabmap/core/BayesFilter.h\n'}
[258.616710] (rtabmap) StdoutLine: {'line': b'-- Installing: /home/brace/codeSpace/navi/install/rtabmap/include/rtabmap-0.23/rtabmap/core/OdometryThread.h\n'}
[258.616790] (rtabmap) StdoutLine: {'line': b'-- Installing: /home/brace/codeSpace/navi/install/rtabmap/include/rtabmap-0.23/rtabmap/core/Compression.h\n'}
[258.617070] (rtabmap) StdoutLine: {'line': b'-- Installing: /home/brace/codeSpace/navi/install/rtabmap/include/rtabmap-0.23/rtabmap/core/PDALWriter.h\n'}
[258.617349] (rtabmap) StdoutLine: {'line': b'-- Installing: /home/brace/codeSpace/navi/install/rtabmap/include/rtabmap-0.23/rtabmap/core/odometry\n'}
[258.617622] (rtabmap) StdoutLine: {'line': b'-- Installing: /home/brace/codeSpace/navi/install/rtabmap/include/rtabmap-0.23/rtabmap/core/odometry/OdometryORBSLAM3.h\n'}
[258.617810] (rtabmap) StdoutLine: {'line': b'-- Installing: /home/brace/codeSpace/navi/install/rtabmap/include/rtabmap-0.23/rtabmap/core/odometry/OdometryFovis.h\n'}
[258.618011] (rtabmap) StdoutLine: {'line': b'-- Installing: /home/brace/codeSpace/navi/install/rtabmap/include/rtabmap-0.23/rtabmap/core/odometry/OdometryORBSLAM2.h\n'}
[258.618186] (rtabmap) StdoutLine: {'line': b'-- Installing: /home/brace/codeSpace/navi/install/rtabmap/include/rtabmap-0.23/rtabmap/core/odometry/OdometryF2M.h\n'}
[258.618389] (rtabmap) StdoutLine: {'line': b'-- Installing: /home/brace/codeSpace/navi/install/rtabmap/include/rtabmap-0.23/rtabmap/core/odometry/OdometryMSCKF.h\n'}
[258.618594] (rtabmap) StdoutLine: {'line': b'-- Installing: /home/brace/codeSpace/navi/install/rtabmap/include/rtabmap-0.23/rtabmap/core/odometry/OdometryVINSFusion.h\n'}
[258.618795] (rtabmap) StdoutLine: {'line': b'-- Installing: /home/brace/codeSpace/navi/install/rtabmap/include/rtabmap-0.23/rtabmap/core/odometry/OdometryOpen3D.h\n'}
[258.618972] (rtabmap) StdoutLine: {'line': b'-- Installing: /home/brace/codeSpace/navi/install/rtabmap/include/rtabmap-0.23/rtabmap/core/odometry/OdometryVINS.h\n'}
[258.619143] (rtabmap) StdoutLine: {'line': b'-- Installing: /home/brace/codeSpace/navi/install/rtabmap/include/rtabmap-0.23/rtabmap/core/odometry/OdometryDVO.h\n'}
[258.619346] (rtabmap) StdoutLine: {'line': b'-- Installing: /home/brace/codeSpace/navi/install/rtabmap/include/rtabmap-0.23/rtabmap/core/odometry/OdometryLOAM.h\n'}
[258.619555] (rtabmap) StdoutLine: {'line': b'-- Installing: /home/brace/codeSpace/navi/install/rtabmap/include/rtabmap-0.23/rtabmap/core/odometry/OdometryViso2.h\n'}
[258.619752] (rtabmap) StdoutLine: {'line': b'-- Installing: /home/brace/codeSpace/navi/install/rtabmap/include/rtabmap-0.23/rtabmap/core/odometry/OdometryOkvis.h\n'}
[258.619944] (rtabmap) StdoutLine: {'line': b'-- Installing: /home/brace/codeSpace/navi/install/rtabmap/include/rtabmap-0.23/rtabmap/core/odometry/OdometryFLOAM.h\n'}
[258.620147] (rtabmap) StdoutLine: {'line': b'-- Installing: /home/brace/codeSpace/navi/install/rtabmap/include/rtabmap-0.23/rtabmap/core/odometry/OdometryCuVSLAM.h\n'}
[258.620365] (rtabmap) StdoutLine: {'line': b'-- Installing: /home/brace/codeSpace/navi/install/rtabmap/include/rtabmap-0.23/rtabmap/core/odometry/OdometryMono.h\n'}
[258.620562] (rtabmap) StdoutLine: {'line': b'-- Installing: /home/brace/codeSpace/navi/install/rtabmap/include/rtabmap-0.23/rtabmap/core/odometry/OdometryOpenVINS.h\n'}
[258.620749] (rtabmap) StdoutLine: {'line': b'-- Installing: /home/brace/codeSpace/navi/install/rtabmap/include/rtabmap-0.23/rtabmap/core/odometry/OdometryF2F.h\n'}
[258.620860] (rtabmap) StdoutLine: {'line': b'-- Installing: /home/brace/codeSpace/navi/install/rtabmap/include/rtabmap-0.23/rtabmap/core/VisualWord.h\n'}
[258.621017] (rtabmap) StdoutLine: {'line': b'-- Installing: /home/brace/codeSpace/navi/install/rtabmap/include/rtabmap-0.23/rtabmap/core/UserDataEvent.h\n'}
[258.621080] (rtabmap) StdoutLine: {'line': b'-- Installing: /home/brace/codeSpace/navi/install/rtabmap/include/rtabmap-0.23/rtabmap/core/CameraThread.h\n'}
[258.621240] (rtabmap) StdoutLine: {'line': b'-- Installing: /home/brace/codeSpace/navi/install/rtabmap/include/rtabmap-0.23/rtabmap/core/util3d_transforms.h\n'}
[258.621294] (rtabmap) StdoutLine: {'line': b'-- Installing: /home/brace/codeSpace/navi/install/rtabmap/include/rtabmap-0.23/rtabmap/core/DBDriver.h\n'}
[258.621537] (rtabmap) StdoutLine: {'line': b'-- Installing: /home/brace/codeSpace/navi/install/rtabmap/include/rtabmap-0.23/rtabmap/core/SensorCaptureInfo.h\n'}
[258.621590] (rtabmap) StdoutLine: {'line': b'-- Installing: /home/brace/codeSpace/navi/install/rtabmap/include/rtabmap-0.23/rtabmap/core/Odometry.h\n'}
[258.621644] (rtabmap) StdoutLine: {'line': b'-- Installing: /home/brace/codeSpace/navi/install/rtabmap/include/rtabmap-0.23/rtabmap/core/Lidar.h\n'}
[258.621714] (rtabmap) StdoutLine: {'line': b'-- Installing: /home/brace/codeSpace/navi/install/rtabmap/include/rtabmap-0.23/rtabmap/core/Link.h\n'}
[258.621747] (rtabmap) StdoutLine: {'line': b'-- Installing: /home/brace/codeSpace/navi/install/rtabmap/include/rtabmap-0.23/rtabmap/core/SensorCaptureThread.h\n'}
[258.621802] (rtabmap) StdoutLine: {'line': b'-- Up-to-date: /home/brace/codeSpace/navi/install/rtabmap/include/rtabmap-0.23/rtabmap\n'}
[258.621927] (rtabmap) StdoutLine: {'line': b'-- Up-to-date: /home/brace/codeSpace/navi/install/rtabmap/include/rtabmap-0.23/rtabmap/core\n'}
[258.622016] (rtabmap) StdoutLine: {'line': b'-- Installing: /home/brace/codeSpace/navi/install/rtabmap/include/rtabmap-0.23/rtabmap/core/rtabmap_core_export.h\n'}
[258.622066] (rtabmap) StdoutLine: {'line': b'-- Installing: /home/brace/codeSpace/navi/install/rtabmap/include/rtabmap-0.23/rtabmap/core/Version.h\n'}
[258.622174] (rtabmap) StdoutLine: {'line': b'-- Installing: /home/brace/codeSpace/navi/install/rtabmap/lib/rtabmap-0.23/RTABMap_coreTargets.cmake\n'}
[258.622408] (rtabmap) StdoutLine: {'line': b'-- Installing: /home/brace/codeSpace/navi/install/rtabmap/lib/rtabmap-0.23/RTABMap_coreTargets-release.cmake\n'}
[258.622917] (rtabmap) StdoutLine: {'line': b'-- Installing: /home/brace/codeSpace/navi/install/rtabmap/lib/librtabmap_gui.so.0.23.4\n'}
[258.626500] (rtabmap) StdoutLine: {'line': b'-- Installing: /home/brace/codeSpace/navi/install/rtabmap/lib/librtabmap_gui.so.0.23\n'}
[258.626639] (rtabmap) StdoutLine: {'line': b'-- Set runtime path of "/home/brace/codeSpace/navi/install/rtabmap/lib/librtabmap_gui.so.0.23.4" to ""\n'}
[258.626695] (rtabmap) StdoutLine: {'line': b'-- Installing: /home/brace/codeSpace/navi/install/rtabmap/lib/librtabmap_gui.so\n'}
[258.626753] (rtabmap) StdoutLine: {'line': b'-- Up-to-date: /home/brace/codeSpace/navi/install/rtabmap/include/rtabmap-0.23/rtabmap\n'}
[258.626899] (rtabmap) StdoutLine: {'line': b'-- Up-to-date: /home/brace/codeSpace/navi/install/rtabmap/include/rtabmap-0.23/rtabmap/utilite\n'}
[258.627075] (rtabmap) StdoutLine: {'line': b'-- Installing: /home/brace/codeSpace/navi/install/rtabmap/include/rtabmap-0.23/rtabmap/utilite/UCv2Qt.h\n'}
[258.627129] (rtabmap) StdoutLine: {'line': b'-- Installing: /home/brace/codeSpace/navi/install/rtabmap/include/rtabmap-0.23/rtabmap/utilite/UPlot.h\n'}
[258.627561] (rtabmap) StdoutLine: {'line': b'-- Installing: /home/brace/codeSpace/navi/install/rtabmap/include/rtabmap-0.23/rtabmap/utilite/UImageView.h\n'}
[258.627791] (rtabmap) StdoutLine: {'line': b'-- Installing: /home/brace/codeSpace/navi/install/rtabmap/include/rtabmap-0.23/rtabmap/gui\n'}
[258.627862] (rtabmap) StdoutLine: {'line': b'-- Installing: /home/brace/codeSpace/navi/install/rtabmap/include/rtabmap-0.23/rtabmap/gui/LoopClosureViewer.h\n'}
[258.628033] (rtabmap) StdoutLine: {'line': b'-- Installing: /home/brace/codeSpace/navi/install/rtabmap/include/rtabmap-0.23/rtabmap/gui/MapVisibilityWidget.h\n'}
[258.628211] (rtabmap) StdoutLine: {'line': b'-- Installing: /home/brace/codeSpace/navi/install/rtabmap/include/rtabmap-0.23/rtabmap/gui/EditConstraintDialog.h\n'}
[258.628424] (rtabmap) StdoutLine: {'line': b'-- Installing: /home/brace/codeSpace/navi/install/rtabmap/include/rtabmap-0.23/rtabmap/gui/ProgressDialog.h\n'}
[258.628634] (rtabmap) StdoutLine: {'line': b'-- Installing: /home/brace/codeSpace/navi/install/rtabmap/include/rtabmap-0.23/rtabmap/gui/StatsToolBox.h\n'}
[258.628872] (rtabmap) StdoutLine: {'line': b'-- Installing: /home/brace/codeSpace/navi/install/rtabmap/include/rtabmap-0.23/rtabmap/gui/ExportBundlerDialog.h\n'}
[258.629097] (rtabmap) StdoutLine: {'line': b'-- Installing: /home/brace/codeSpace/navi/install/rtabmap/include/rtabmap-0.23/rtabmap/gui/CloudViewerCellPicker.h\n'}
[258.629300] (rtabmap) StdoutLine: {'line': b'-- Installing: /home/brace/codeSpace/navi/install/rtabmap/include/rtabmap-0.23/rtabmap/gui/ConsoleWidget.h\n'}
[258.629500] (rtabmap) StdoutLine: {'line': b'-- Installing: /home/brace/codeSpace/navi/install/rtabmap/include/rtabmap-0.23/rtabmap/gui/LinkRefiningDialog.h\n'}
[258.629728] (rtabmap) StdoutLine: {'line': b'-- Installing: /home/brace/codeSpace/navi/install/rtabmap/include/rtabmap-0.23/rtabmap/gui/MultiSessionLocSubView.h\n'}
[258.629951] (rtabmap) StdoutLine: {'line': b'-- Installing: /home/brace/codeSpace/navi/install/rtabmap/include/rtabmap-0.23/rtabmap/gui/AboutDialog.h\n'}
[258.630184] (rtabmap) StdoutLine: {'line': b'-- Installing: /home/brace/codeSpace/navi/install/rtabmap/include/rtabmap-0.23/rtabmap/gui/PreferencesDialog.h\n'}
[258.630728] (rtabmap) StdoutLine: {'line': b'-- Installing: /home/brace/codeSpace/navi/install/rtabmap/include/rtabmap-0.23/rtabmap/gui/PointCloudColorHandlerIntensityField.h\n'}
[258.630964] (rtabmap) StdoutLine: {'line': b'-- Installing: /home/brace/codeSpace/navi/install/rtabmap/include/rtabmap-0.23/rtabmap/gui/ParametersToolBox.h\n'}
[258.631174] (rtabmap) StdoutLine: {'line': b'-- Installing: /home/brace/codeSpace/navi/install/rtabmap/include/rtabmap-0.23/rtabmap/gui/MultiSessionLocWidget.h\n'}
[258.631396] (rtabmap) StdoutLine: {'line': b'-- Installing: /home/brace/codeSpace/navi/install/rtabmap/include/rtabmap-0.23/rtabmap/gui/PostProcessingDialog.h\n'}
[258.631622] (rtabmap) StdoutLine: {'line': b'-- Installing: /home/brace/codeSpace/navi/install/rtabmap/include/rtabmap-0.23/rtabmap/gui/OdometryViewer.h\n'}
[258.631835] (rtabmap) StdoutLine: {'line': b'-- Installing: /home/brace/codeSpace/navi/install/rtabmap/include/rtabmap-0.23/rtabmap/gui/GraphViewer.h\n'}
[258.632084] (rtabmap) StdoutLine: {'line': b'-- Installing: /home/brace/codeSpace/navi/install/rtabmap/include/rtabmap-0.23/rtabmap/gui/MainWindow.h\n'}
[258.632341] (rtabmap) StdoutLine: {'line': b'-- Installing: /home/brace/codeSpace/navi/install/rtabmap/include/rtabmap-0.23/rtabmap/gui/CameraViewer.h\n'}
[258.632587] (rtabmap) StdoutLine: {'line': b'-- Installing: /home/brace/codeSpace/navi/install/rtabmap/include/rtabmap-0.23/rtabmap/gui/CreateSimpleCalibrationDialog.h\n'}
[258.632804] (rtabmap) StdoutLine: {'line': b'-- Installing: /home/brace/codeSpace/navi/install/rtabmap/include/rtabmap-0.23/rtabmap/gui/EditDepthArea.h\n'}
[258.633034] (rtabmap) StdoutLine: {'line': b'-- Installing: /home/brace/codeSpace/navi/install/rtabmap/include/rtabmap-0.23/rtabmap/gui/DataRecorder.h\n'}
[258.633241] (rtabmap) StdoutLine: {'line': b'-- Installing: /home/brace/codeSpace/navi/install/rtabmap/include/rtabmap-0.23/rtabmap/gui/ExportCloudsDialog.h\n'}
[258.633334] (rtabmap) StdoutLine: {'line': b'-- Installing: /home/brace/codeSpace/navi/install/rtabmap/include/rtabmap-0.23/rtabmap/gui/ImageView.h\n'}
[258.633413] (rtabmap) StdoutLine: {'line': b'-- Installing: /home/brace/codeSpace/navi/install/rtabmap/include/rtabmap-0.23/rtabmap/gui/EditMapArea.h\n'}
[258.633504] (rtabmap) StdoutLine: {'line': b'-- Installing: /home/brace/codeSpace/navi/install/rtabmap/include/rtabmap-0.23/rtabmap/gui/PointCloudColorHandlerMinMaxGenericField.h\n'}
[258.633738] (rtabmap) StdoutLine: {'line': b'-- Installing: /home/brace/codeSpace/navi/install/rtabmap/include/rtabmap-0.23/rtabmap/gui/CalibrationDialog.h\n'}
[258.633966] (rtabmap) StdoutLine: {'line': b'-- Installing: /home/brace/codeSpace/navi/install/rtabmap/include/rtabmap-0.23/rtabmap/gui/CloudViewer.h\n'}
[258.634044] (rtabmap) StdoutLine: {'line': b'-- Installing: /home/brace/codeSpace/navi/install/rtabmap/include/rtabmap-0.23/rtabmap/gui/RecoveryState.h\n'}
[258.634137] (rtabmap) StdoutLine: {'line': b'-- Installing: /home/brace/codeSpace/navi/install/rtabmap/include/rtabmap-0.23/rtabmap/gui/PdfPlot.h\n'}
[258.634352] (rtabmap) StdoutLine: {'line': b'-- Installing: /home/brace/codeSpace/navi/install/rtabmap/include/rtabmap-0.23/rtabmap/gui/ExportDialog.h\n'}
[258.634568] (rtabmap) StdoutLine: {'line': b'-- Installing: /home/brace/codeSpace/navi/install/rtabmap/include/rtabmap-0.23/rtabmap/gui/KeypointItem.h\n'}
[258.634651] (rtabmap) StdoutLine: {'line': b'-- Installing: /home/brace/codeSpace/navi/install/rtabmap/include/rtabmap-0.23/rtabmap/gui/CloudViewerInteractorStyle.h\n'}
[258.634722] (rtabmap) StdoutLine: {'line': b'-- Installing: /home/brace/codeSpace/navi/install/rtabmap/include/rtabmap-0.23/rtabmap/gui/TexturingState.h\n'}
[258.634938] (rtabmap) StdoutLine: {'line': b'-- Installing: /home/brace/codeSpace/navi/install/rtabmap/include/rtabmap-0.23/rtabmap/gui/DepthCalibrationDialog.h\n'}
[258.635156] (rtabmap) StdoutLine: {'line': b'-- Installing: /home/brace/codeSpace/navi/install/rtabmap/include/rtabmap-0.23/rtabmap/gui/DatabaseViewer.h\n'}
[258.635395] (rtabmap) StdoutLine: {'line': b'-- Up-to-date: /home/brace/codeSpace/navi/install/rtabmap/include/rtabmap-0.23/rtabmap\n'}
[258.635499] (rtabmap) StdoutLine: {'line': b'-- Up-to-date: /home/brace/codeSpace/navi/install/rtabmap/include/rtabmap-0.23/rtabmap/gui\n'}
[258.635593] (rtabmap) StdoutLine: {'line': b'-- Installing: /home/brace/codeSpace/navi/install/rtabmap/include/rtabmap-0.23/rtabmap/gui/rtabmap_gui_export.h\n'}
[258.635718] (rtabmap) StdoutLine: {'line': b'-- Installing: /home/brace/codeSpace/navi/install/rtabmap/lib/rtabmap-0.23/RTABMap_guiTargets.cmake\n'}
[258.635898] (rtabmap) StdoutLine: {'line': b'-- Installing: /home/brace/codeSpace/navi/install/rtabmap/lib/rtabmap-0.23/RTABMap_guiTargets-release.cmake\n'}
[258.636398] (rtabmap) StdoutLine: {'line': b'-- Installing: /home/brace/codeSpace/navi/install/rtabmap/bin/rtabmap\n'}
[258.636581] (rtabmap) StdoutLine: {'line': b'-- Set runtime path of "/home/brace/codeSpace/navi/install/rtabmap/bin/rtabmap" to ""\n'}
[258.637039] (rtabmap) StdoutLine: {'line': b'-- Installing: /home/brace/codeSpace/navi/install/rtabmap/bin/rtabmap-console\n'}
[258.637497] (rtabmap) StdoutLine: {'line': b'-- Set runtime path of "/home/brace/codeSpace/navi/install/rtabmap/bin/rtabmap-console" to ""\n'}
[258.637865] (rtabmap) StdoutLine: {'line': b'-- Installing: /home/brace/codeSpace/navi/install/rtabmap/bin/rtabmap-extractObject\n'}
[258.638444] (rtabmap) StdoutLine: {'line': b'-- Set runtime path of "/home/brace/codeSpace/navi/install/rtabmap/bin/rtabmap-extractObject" to ""\n'}
[258.638605] (rtabmap) StdoutLine: {'line': b'-- Installing: /home/brace/codeSpace/navi/install/rtabmap/bin/rtabmap-camera\n'}
[258.639071] (rtabmap) StdoutLine: {'line': b'-- Set runtime path of "/home/brace/codeSpace/navi/install/rtabmap/bin/rtabmap-camera" to ""\n'}
[258.639341] (rtabmap) StdoutLine: {'line': b'-- Installing: /home/brace/codeSpace/navi/install/rtabmap/bin/rtabmap-kitti_dataset\n'}
[258.639996] (rtabmap) StdoutLine: {'line': b'-- Set runtime path of "/home/brace/codeSpace/navi/install/rtabmap/bin/rtabmap-kitti_dataset" to ""\n'}
[258.640173] (rtabmap) StdoutLine: {'line': b'-- Installing: /home/brace/codeSpace/navi/install/rtabmap/bin/rtabmap-rgbd_dataset\n'}
[258.640691] (rtabmap) StdoutLine: {'line': b'-- Set runtime path of "/home/brace/codeSpace/navi/install/rtabmap/bin/rtabmap-rgbd_dataset" to ""\n'}
[258.640961] (rtabmap) StdoutLine: {'line': b'-- Installing: /home/brace/codeSpace/navi/install/rtabmap/bin/rtabmap-euroc_dataset\n'}
[258.641595] (rtabmap) StdoutLine: {'line': b'-- Set runtime path of "/home/brace/codeSpace/navi/install/rtabmap/bin/rtabmap-euroc_dataset" to ""\n'}
[258.641795] (rtabmap) StdoutLine: {'line': b'-- Installing: /home/brace/codeSpace/navi/install/rtabmap/bin/rtabmap-recovery\n'}
[258.642163] (rtabmap) StdoutLine: {'line': b'-- Set runtime path of "/home/brace/codeSpace/navi/install/rtabmap/bin/rtabmap-recovery" to ""\n'}
[258.642358] (rtabmap) StdoutLine: {'line': b'-- Installing: /home/brace/codeSpace/navi/install/rtabmap/bin/rtabmap-reprocess\n'}
[258.643059] (rtabmap) StdoutLine: {'line': b'-- Set runtime path of "/home/brace/codeSpace/navi/install/rtabmap/bin/rtabmap-reprocess" to ""\n'}
[258.643265] (rtabmap) StdoutLine: {'line': b'-- Installing: /home/brace/codeSpace/navi/install/rtabmap/bin/rtabmap-detectMoreLoopClosures\n'}
[258.643751] (rtabmap) StdoutLine: {'line': b'-- Set runtime path of "/home/brace/codeSpace/navi/install/rtabmap/bin/rtabmap-detectMoreLoopClosures" to ""\n'}
[258.643952] (rtabmap) StdoutLine: {'line': b'-- Installing: /home/brace/codeSpace/navi/install/rtabmap/bin/rtabmap-export\n'}
[258.644768] (rtabmap) StdoutLine: {'line': b'-- Set runtime path of "/home/brace/codeSpace/navi/install/rtabmap/bin/rtabmap-export" to ""\n'}
[258.644965] (rtabmap) StdoutLine: {'line': b'-- Installing: /home/brace/codeSpace/navi/install/rtabmap/bin/rtabmap-report\n'}
[258.645351] (rtabmap) StdoutLine: {'line': b'-- Set runtime path of "/home/brace/codeSpace/navi/install/rtabmap/bin/rtabmap-report" to ""\n'}
[258.645626] (rtabmap) StdoutLine: {'line': b'-- Installing: /home/brace/codeSpace/navi/install/rtabmap/bin/rtabmap-info\n'}
[258.646225] (rtabmap) StdoutLine: {'line': b'-- Set runtime path of "/home/brace/codeSpace/navi/install/rtabmap/bin/rtabmap-info" to ""\n'}
[258.646394] (rtabmap) StdoutLine: {'line': b'-- Installing: /home/brace/codeSpace/navi/install/rtabmap/bin/rtabmap-cleanupLocalGrids\n'}
[258.646821] (rtabmap) StdoutLine: {'line': b'-- Set runtime path of "/home/brace/codeSpace/navi/install/rtabmap/bin/rtabmap-cleanupLocalGrids" to ""\n'}
[258.647034] (rtabmap) StdoutLine: {'line': b'-- Installing: /home/brace/codeSpace/navi/install/rtabmap/bin/rtabmap-globalBundleAdjustment\n'}
[258.647489] (rtabmap) StdoutLine: {'line': b'-- Set runtime path of "/home/brace/codeSpace/navi/install/rtabmap/bin/rtabmap-globalBundleAdjustment" to ""\n'}
[258.647668] (rtabmap) StdoutLine: {'line': b'-- Installing: /home/brace/codeSpace/navi/install/rtabmap/bin/rtabmap-rgbd_camera\n'}
[258.647940] (rtabmap) StdoutLine: {'line': b'-- Set runtime path of "/home/brace/codeSpace/navi/install/rtabmap/bin/rtabmap-rgbd_camera" to ""\n'}
[258.648159] (rtabmap) StdoutLine: {'line': b'-- Installing: /home/brace/codeSpace/navi/install/rtabmap/bin/rtabmap-lidar_viewer\n'}
[258.648772] (rtabmap) StdoutLine: {'line': b'-- Set runtime path of "/home/brace/codeSpace/navi/install/rtabmap/bin/rtabmap-lidar_viewer" to ""\n'}
[258.648956] (rtabmap) StdoutLine: {'line': b'-- Installing: /home/brace/codeSpace/navi/install/rtabmap/bin/rtabmap-databaseViewer\n'}
[258.649172] (rtabmap) StdoutLine: {'line': b'-- Set runtime path of "/home/brace/codeSpace/navi/install/rtabmap/bin/rtabmap-databaseViewer" to ""\n'}
[258.649576] (rtabmap) StdoutLine: {'line': b'-- Installing: /home/brace/codeSpace/navi/install/rtabmap/bin/rtabmap-odometryViewer\n'}
[258.649767] (rtabmap) StdoutLine: {'line': b'-- Set runtime path of "/home/brace/codeSpace/navi/install/rtabmap/bin/rtabmap-odometryViewer" to ""\n'}
[258.649985] (rtabmap) StdoutLine: {'line': b'-- Installing: /home/brace/codeSpace/navi/install/rtabmap/bin/rtabmap-dataRecorder\n'}
[258.650234] (rtabmap) StdoutLine: {'line': b'-- Set runtime path of "/home/brace/codeSpace/navi/install/rtabmap/bin/rtabmap-dataRecorder" to ""\n'}
[258.650440] (rtabmap) StdoutLine: {'line': b'-- Installing: /home/brace/codeSpace/navi/install/rtabmap/bin/rtabmap-calibration\n'}
[258.650657] (rtabmap) StdoutLine: {'line': b'-- Set runtime path of "/home/brace/codeSpace/navi/install/rtabmap/bin/rtabmap-calibration" to ""\n'}
[258.651607] (rtabmap) StdoutLine: {'line': b'-- Installing: /home/brace/codeSpace/navi/install/rtabmap/lib/rtabmap-0.23/RTABMapTargets.cmake\n'}
[258.651851] (rtabmap) StdoutLine: {'line': b'-- Installing: /home/brace/codeSpace/navi/install/rtabmap/lib/rtabmap-0.23/RTABMapConfig.cmake\n'}
[258.651978] (rtabmap) StdoutLine: {'line': b'-- Installing: /home/brace/codeSpace/navi/install/rtabmap/lib/rtabmap-0.23/RTABMapConfigVersion.cmake\n'}
[258.652158] (rtabmap) StdoutLine: {'line': b'-- Installing: /home/brace/codeSpace/navi/install/rtabmap/share/rtabmap/package.xml\n'}
[258.654185] (rtabmap) CommandEnded: {'returncode': 0}
[258.711426] (-) TimerEvent: {}
[258.785515] (rtabmap) JobEnded: {'identifier': 'rtabmap', 'rc': 0}
[258.792121] (-) EventReactorShutdown: {}
