[0.000000] (-) TimerEvent: {}
[0.000260] (rtabmap) JobQueued: {'identifier': 'rtabmap', 'dependencies': OrderedDict()}
[0.000298] (rtabmap_msgs) JobQueued: {'identifier': 'rtabmap_msgs', 'dependencies': OrderedDict()}
[0.000322] (rtabmap_python) JobQueued: {'identifier': 'rtabmap_python', 'dependencies': OrderedDict()}
[0.000343] (rtabmap_conversions) JobQueued: {'identifier': 'rtabmap_conversions', 'dependencies': OrderedDict([('rtabmap', '/home/brace/codeSpace/navi/install/rtabmap'), ('rtabmap_msgs', '/home/brace/codeSpace/navi/install/rtabmap_msgs')])}
[0.000368] (rtabmap_rviz_plugins) JobQueued: {'identifier': 'rtabmap_rviz_plugins', 'dependencies': OrderedDict([('rtabmap', '/home/brace/codeSpace/navi/install/rtabmap'), ('rtabmap_msgs', '/home/brace/codeSpace/navi/install/rtabmap_msgs'), ('rtabmap_conversions', '/home/brace/codeSpace/navi/install/rtabmap_conversions')])}
[0.000393] (rtabmap_sync) JobQueued: {'identifier': 'rtabmap_sync', 'dependencies': OrderedDict([('rtabmap', '/home/brace/codeSpace/navi/install/rtabmap'), ('rtabmap_msgs', '/home/brace/codeSpace/navi/install/rtabmap_msgs'), ('rtabmap_conversions', '/home/brace/codeSpace/navi/install/rtabmap_conversions')])}
[0.000416] (rtabmap_util) JobQueued: {'identifier': 'rtabmap_util', 'dependencies': OrderedDict([('rtabmap', '/home/brace/codeSpace/navi/install/rtabmap'), ('rtabmap_msgs', '/home/brace/codeSpace/navi/install/rtabmap_msgs'), ('rtabmap_conversions', '/home/brace/codeSpace/navi/install/rtabmap_conversions')])}
[0.000437] (rtabmap_odom) JobQueued: {'identifier': 'rtabmap_odom', 'dependencies': OrderedDict([('rtabmap', '/home/brace/codeSpace/navi/install/rtabmap'), ('rtabmap_msgs', '/home/brace/codeSpace/navi/install/rtabmap_msgs'), ('rtabmap_conversions', '/home/brace/codeSpace/navi/install/rtabmap_conversions'), ('rtabmap_sync', '/home/brace/codeSpace/navi/install/rtabmap_sync'), ('rtabmap_util', '/home/brace/codeSpace/navi/install/rtabmap_util')])}
[0.000462] (rtabmap_slam) JobQueued: {'identifier': 'rtabmap_slam', 'dependencies': OrderedDict([('rtabmap', '/home/brace/codeSpace/navi/install/rtabmap'), ('rtabmap_msgs', '/home/brace/codeSpace/navi/install/rtabmap_msgs'), ('rtabmap_conversions', '/home/brace/codeSpace/navi/install/rtabmap_conversions'), ('rtabmap_sync', '/home/brace/codeSpace/navi/install/rtabmap_sync'), ('rtabmap_util', '/home/brace/codeSpace/navi/install/rtabmap_util')])}
[0.000485] (rtabmap_viz) JobQueued: {'identifier': 'rtabmap_viz', 'dependencies': OrderedDict([('rtabmap', '/home/brace/codeSpace/navi/install/rtabmap'), ('rtabmap_msgs', '/home/brace/codeSpace/navi/install/rtabmap_msgs'), ('rtabmap_conversions', '/home/brace/codeSpace/navi/install/rtabmap_conversions'), ('rtabmap_sync', '/home/brace/codeSpace/navi/install/rtabmap_sync')])}
[0.000507] (rtabmap_demos) JobQueued: {'identifier': 'rtabmap_demos', 'dependencies': OrderedDict([('rtabmap', '/home/brace/codeSpace/navi/install/rtabmap'), ('rtabmap_msgs', '/home/brace/codeSpace/navi/install/rtabmap_msgs'), ('rtabmap_conversions', '/home/brace/codeSpace/navi/install/rtabmap_conversions'), ('rtabmap_rviz_plugins', '/home/brace/codeSpace/navi/install/rtabmap_rviz_plugins'), ('rtabmap_sync', '/home/brace/codeSpace/navi/install/rtabmap_sync'), ('rtabmap_util', '/home/brace/codeSpace/navi/install/rtabmap_util'), ('rtabmap_odom', '/home/brace/codeSpace/navi/install/rtabmap_odom'), ('rtabmap_slam', '/home/brace/codeSpace/navi/install/rtabmap_slam'), ('rtabmap_viz', '/home/brace/codeSpace/navi/install/rtabmap_viz')])}
[0.000538] (rtabmap_examples) JobQueued: {'identifier': 'rtabmap_examples', 'dependencies': OrderedDict([('rtabmap', '/home/brace/codeSpace/navi/install/rtabmap'), ('rtabmap_msgs', '/home/brace/codeSpace/navi/install/rtabmap_msgs'), ('rtabmap_conversions', '/home/brace/codeSpace/navi/install/rtabmap_conversions'), ('rtabmap_rviz_plugins', '/home/brace/codeSpace/navi/install/rtabmap_rviz_plugins'), ('rtabmap_sync', '/home/brace/codeSpace/navi/install/rtabmap_sync'), ('rtabmap_util', '/home/brace/codeSpace/navi/install/rtabmap_util'), ('rtabmap_odom', '/home/brace/codeSpace/navi/install/rtabmap_odom'), ('rtabmap_slam', '/home/brace/codeSpace/navi/install/rtabmap_slam'), ('rtabmap_viz', '/home/brace/codeSpace/navi/install/rtabmap_viz')])}
[0.000573] (rtabmap_launch) JobQueued: {'identifier': 'rtabmap_launch', 'dependencies': OrderedDict([('rtabmap', '/home/brace/codeSpace/navi/install/rtabmap'), ('rtabmap_msgs', '/home/brace/codeSpace/navi/install/rtabmap_msgs'), ('rtabmap_conversions', '/home/brace/codeSpace/navi/install/rtabmap_conversions'), ('rtabmap_rviz_plugins', '/home/brace/codeSpace/navi/install/rtabmap_rviz_plugins'), ('rtabmap_sync', '/home/brace/codeSpace/navi/install/rtabmap_sync'), ('rtabmap_util', '/home/brace/codeSpace/navi/install/rtabmap_util'), ('rtabmap_odom', '/home/brace/codeSpace/navi/install/rtabmap_odom'), ('rtabmap_slam', '/home/brace/codeSpace/navi/install/rtabmap_slam'), ('rtabmap_viz', '/home/brace/codeSpace/navi/install/rtabmap_viz')])}
[0.000601] (rtabmap_ros) JobQueued: {'identifier': 'rtabmap_ros', 'dependencies': OrderedDict([('rtabmap', '/home/brace/codeSpace/navi/install/rtabmap'), ('rtabmap_msgs', '/home/brace/codeSpace/navi/install/rtabmap_msgs'), ('rtabmap_python', '/home/brace/codeSpace/navi/install/rtabmap_python'), ('rtabmap_conversions', '/home/brace/codeSpace/navi/install/rtabmap_conversions'), ('rtabmap_rviz_plugins', '/home/brace/codeSpace/navi/install/rtabmap_rviz_plugins'), ('rtabmap_sync', '/home/brace/codeSpace/navi/install/rtabmap_sync'), ('rtabmap_util', '/home/brace/codeSpace/navi/install/rtabmap_util'), ('rtabmap_odom', '/home/brace/codeSpace/navi/install/rtabmap_odom'), ('rtabmap_slam', '/home/brace/codeSpace/navi/install/rtabmap_slam'), ('rtabmap_viz', '/home/brace/codeSpace/navi/install/rtabmap_viz'), ('rtabmap_demos', '/home/brace/codeSpace/navi/install/rtabmap_demos'), ('rtabmap_examples', '/home/brace/codeSpace/navi/install/rtabmap_examples'), ('rtabmap_launch', '/home/brace/codeSpace/navi/install/rtabmap_launch')])}
[0.000635] (rtabmap) JobStarted: {'identifier': 'rtabmap'}
[0.007146] (rtabmap_msgs) JobStarted: {'identifier': 'rtabmap_msgs'}
[0.009100] (rtabmap_python) JobStarted: {'identifier': 'rtabmap_python'}
[0.013805] (rtabmap) JobProgress: {'identifier': 'rtabmap', 'progress': 'cmake'}
[0.015520] (rtabmap) JobProgress: {'identifier': 'rtabmap', 'progress': 'build'}
[0.016104] (rtabmap) Command: {'cmd': ['/usr/bin/cmake', '--build', '/home/brace/codeSpace/navi/build/rtabmap', '--', '-j16', '-l16'], 'cwd': '/home/brace/codeSpace/navi/build/rtabmap', 'env': OrderedDict([('LESSOPEN', '| /usr/bin/lesspipe %s'), ('LANGUAGE', 'zh_CN:zh:en_US:en'), ('USER', 'brace'), ('LC_TIME', 'zh_CN.UTF-8'), ('XDG_SESSION_TYPE', 'x11'), ('SHLVL', '1'), ('LD_LIBRARY_PATH', '/opt/ros/humble/opt/rviz_ogre_vendor/lib:/opt/ros/humble/lib/x86_64-linux-gnu:/opt/ros/humble/lib'), ('HOME', '/home/brace'), ('OLDPWD', '/home/brace'), ('DESKTOP_SESSION', 'ubuntu'), ('ROS_PYTHON_VERSION', '3'), ('GNOME_SHELL_SESSION_MODE', 'ubuntu'), ('GTK_MODULES', 'gail:atk-bridge'), ('LC_MONETARY', 'zh_CN.UTF-8'), ('SYSTEMD_EXEC_PID', '1661'), ('DBUS_SESSION_BUS_ADDRESS', 'unix:path=/run/user/1000/bus'), ('COLORTERM', 'truecolor'), ('MANDATORY_PATH', '/usr/share/gconf/ubuntu.mandatory.path'), ('ROS_DISTRO', 'humble'), ('GTK_IM_MODULE', 'ibus'), ('LOGNAME', 'brace'), ('_', '/usr/bin/colcon'), ('ROS_VERSION', '2'), ('XDG_SESSION_CLASS', 'user'), ('DEFAULTS_PATH', '/usr/share/gconf/ubuntu.default.path'), ('USERNAME', 'brace'), ('TERM', 'xterm-256color'), ('GNOME_DESKTOP_SESSION_ID', 'this-is-deprecated'), ('ROS_LOCALHOST_ONLY', '0'), ('WINDOWPATH', '2'), ('PATH', '/opt/ros/humble/bin:/usr/local/sbin:/usr/local/bin:/usr/sbin:/usr/bin:/sbin:/bin:/usr/games:/usr/local/games:/snap/bin:/snap/bin'), ('SESSION_MANAGER', 'local/brace-NUC13:@/tmp/.ICE-unix/1416,unix/brace-NUC13:/tmp/.ICE-unix/1416'), ('XDG_MENU_PREFIX', 'gnome-'), ('LC_ADDRESS', 'zh_CN.UTF-8'), ('GNOME_TERMINAL_SCREEN', '/org/gnome/Terminal/screen/c4f32225_e76e_4484_b663_a77ce475952b'), ('XDG_RUNTIME_DIR', '/run/user/1000'), ('DISPLAY', ':0'), ('LANG', 'zh_CN.UTF-8'), ('XDG_CURRENT_DESKTOP', 'ubuntu:GNOME'), ('LC_TELEPHONE', 'zh_CN.UTF-8'), ('XMODIFIERS', '@im=ibus'), ('XDG_SESSION_DESKTOP', 'ubuntu'), ('XAUTHORITY', '/run/user/1000/gdm/Xauthority'), ('LS_COLORS', 'rs=0:di=01;34:ln=01;36:mh=00:pi=40;33:so=01;35:do=01;35:bd=40;33;01:cd=40;33;01:or=40;31;01:mi=00:su=37;41:sg=30;43:ca=30;41:tw=30;42:ow=34;42:st=37;44:ex=01;32:*.tar=01;31:*.tgz=01;31:*.arc=01;31:*.arj=01;31:*.taz=01;31:*.lha=01;31:*.lz4=01;31:*.lzh=01;31:*.lzma=01;31:*.tlz=01;31:*.txz=01;31:*.tzo=01;31:*.t7z=01;31:*.zip=01;31:*.z=01;31:*.dz=01;31:*.gz=01;31:*.lrz=01;31:*.lz=01;31:*.lzo=01;31:*.xz=01;31:*.zst=01;31:*.tzst=01;31:*.bz2=01;31:*.bz=01;31:*.tbz=01;31:*.tbz2=01;31:*.tz=01;31:*.deb=01;31:*.rpm=01;31:*.jar=01;31:*.war=01;31:*.ear=01;31:*.sar=01;31:*.rar=01;31:*.alz=01;31:*.ace=01;31:*.zoo=01;31:*.cpio=01;31:*.7z=01;31:*.rz=01;31:*.cab=01;31:*.wim=01;31:*.swm=01;31:*.dwm=01;31:*.esd=01;31:*.jpg=01;35:*.jpeg=01;35:*.mjpg=01;35:*.mjpeg=01;35:*.gif=01;35:*.bmp=01;35:*.pbm=01;35:*.pgm=01;35:*.ppm=01;35:*.tga=01;35:*.xbm=01;35:*.xpm=01;35:*.tif=01;35:*.tiff=01;35:*.png=01;35:*.svg=01;35:*.svgz=01;35:*.mng=01;35:*.pcx=01;35:*.mov=01;35:*.mpg=01;35:*.mpeg=01;35:*.m2v=01;35:*.mkv=01;35:*.webm=01;35:*.webp=01;35:*.ogm=01;35:*.mp4=01;35:*.m4v=01;35:*.mp4v=01;35:*.vob=01;35:*.qt=01;35:*.nuv=01;35:*.wmv=01;35:*.asf=01;35:*.rm=01;35:*.rmvb=01;35:*.flc=01;35:*.avi=01;35:*.fli=01;35:*.flv=01;35:*.gl=01;35:*.dl=01;35:*.xcf=01;35:*.xwd=01;35:*.yuv=01;35:*.cgm=01;35:*.emf=01;35:*.ogv=01;35:*.ogx=01;35:*.aac=00;36:*.au=00;36:*.flac=00;36:*.m4a=00;36:*.mid=00;36:*.midi=00;36:*.mka=00;36:*.mp3=00;36:*.mpc=00;36:*.ogg=00;36:*.ra=00;36:*.wav=00;36:*.oga=00;36:*.opus=00;36:*.spx=00;36:*.xspf=00;36:'), ('GNOME_TERMINAL_SERVICE', ':1.117'), ('SSH_AGENT_LAUNCHER', 'gnome-keyring'), ('SSH_AUTH_SOCK', '/run/user/1000/keyring/ssh'), ('AMENT_PREFIX_PATH', '/opt/ros/humble'), ('SHELL', '/bin/bash'), ('LC_NAME', 'zh_CN.UTF-8'), ('QT_ACCESSIBILITY', '1'), ('GDMSESSION', 'ubuntu'), ('LESSCLOSE', '/usr/bin/lesspipe %s %s'), ('LC_MEASUREMENT', 'zh_CN.UTF-8'), ('GPG_AGENT_INFO', '/run/user/1000/gnupg/S.gpg-agent:0:1'), ('LC_IDENTIFICATION', 'zh_CN.UTF-8'), ('QT_IM_MODULE', 'ibus'), ('PWD', '/home/brace/codeSpace/navi/build/rtabmap'), ('XDG_CONFIG_DIRS', '/etc/xdg/xdg-ubuntu:/etc/xdg'), ('XDG_DATA_DIRS', '/usr/share/ubuntu:/usr/share/gnome:/usr/local/share/:/usr/share/:/var/lib/snapd/desktop'), ('PYTHONPATH', '/opt/ros/humble/lib/python3.10/site-packages:/opt/ros/humble/local/lib/python3.10/dist-packages'), ('LC_NUMERIC', 'zh_CN.UTF-8'), ('LC_PAPER', 'zh_CN.UTF-8'), ('COLCON', '1'), ('VTE_VERSION', '6800'), ('CMAKE_PREFIX_PATH', '/opt/ros/humble')]), 'shell': False}
[0.018610] (rtabmap_msgs) JobProgress: {'identifier': 'rtabmap_msgs', 'progress': 'cmake'}
[0.020101] (rtabmap_msgs) JobProgress: {'identifier': 'rtabmap_msgs', 'progress': 'build'}
[0.020264] (rtabmap_msgs) Command: {'cmd': ['/usr/bin/cmake', '--build', '/home/brace/codeSpace/navi/build/rtabmap_msgs', '--', '-j16', '-l16'], 'cwd': '/home/brace/codeSpace/navi/build/rtabmap_msgs', 'env': OrderedDict([('LESSOPEN', '| /usr/bin/lesspipe %s'), ('LANGUAGE', 'zh_CN:zh:en_US:en'), ('USER', 'brace'), ('LC_TIME', 'zh_CN.UTF-8'), ('XDG_SESSION_TYPE', 'x11'), ('SHLVL', '1'), ('LD_LIBRARY_PATH', '/opt/ros/humble/opt/rviz_ogre_vendor/lib:/opt/ros/humble/lib/x86_64-linux-gnu:/opt/ros/humble/lib'), ('HOME', '/home/brace'), ('OLDPWD', '/home/brace'), ('DESKTOP_SESSION', 'ubuntu'), ('ROS_PYTHON_VERSION', '3'), ('GNOME_SHELL_SESSION_MODE', 'ubuntu'), ('GTK_MODULES', 'gail:atk-bridge'), ('LC_MONETARY', 'zh_CN.UTF-8'), ('SYSTEMD_EXEC_PID', '1661'), ('DBUS_SESSION_BUS_ADDRESS', 'unix:path=/run/user/1000/bus'), ('COLORTERM', 'truecolor'), ('MANDATORY_PATH', '/usr/share/gconf/ubuntu.mandatory.path'), ('ROS_DISTRO', 'humble'), ('GTK_IM_MODULE', 'ibus'), ('LOGNAME', 'brace'), ('_', '/usr/bin/colcon'), ('ROS_VERSION', '2'), ('XDG_SESSION_CLASS', 'user'), ('DEFAULTS_PATH', '/usr/share/gconf/ubuntu.default.path'), ('USERNAME', 'brace'), ('TERM', 'xterm-256color'), ('GNOME_DESKTOP_SESSION_ID', 'this-is-deprecated'), ('ROS_LOCALHOST_ONLY', '0'), ('WINDOWPATH', '2'), ('PATH', '/opt/ros/humble/bin:/usr/local/sbin:/usr/local/bin:/usr/sbin:/usr/bin:/sbin:/bin:/usr/games:/usr/local/games:/snap/bin:/snap/bin'), ('SESSION_MANAGER', 'local/brace-NUC13:@/tmp/.ICE-unix/1416,unix/brace-NUC13:/tmp/.ICE-unix/1416'), ('XDG_MENU_PREFIX', 'gnome-'), ('LC_ADDRESS', 'zh_CN.UTF-8'), ('GNOME_TERMINAL_SCREEN', '/org/gnome/Terminal/screen/c4f32225_e76e_4484_b663_a77ce475952b'), ('XDG_RUNTIME_DIR', '/run/user/1000'), ('DISPLAY', ':0'), ('LANG', 'zh_CN.UTF-8'), ('XDG_CURRENT_DESKTOP', 'ubuntu:GNOME'), ('LC_TELEPHONE', 'zh_CN.UTF-8'), ('XMODIFIERS', '@im=ibus'), ('XDG_SESSION_DESKTOP', 'ubuntu'), ('XAUTHORITY', '/run/user/1000/gdm/Xauthority'), ('LS_COLORS', 'rs=0:di=01;34:ln=01;36:mh=00:pi=40;33:so=01;35:do=01;35:bd=40;33;01:cd=40;33;01:or=40;31;01:mi=00:su=37;41:sg=30;43:ca=30;41:tw=30;42:ow=34;42:st=37;44:ex=01;32:*.tar=01;31:*.tgz=01;31:*.arc=01;31:*.arj=01;31:*.taz=01;31:*.lha=01;31:*.lz4=01;31:*.lzh=01;31:*.lzma=01;31:*.tlz=01;31:*.txz=01;31:*.tzo=01;31:*.t7z=01;31:*.zip=01;31:*.z=01;31:*.dz=01;31:*.gz=01;31:*.lrz=01;31:*.lz=01;31:*.lzo=01;31:*.xz=01;31:*.zst=01;31:*.tzst=01;31:*.bz2=01;31:*.bz=01;31:*.tbz=01;31:*.tbz2=01;31:*.tz=01;31:*.deb=01;31:*.rpm=01;31:*.jar=01;31:*.war=01;31:*.ear=01;31:*.sar=01;31:*.rar=01;31:*.alz=01;31:*.ace=01;31:*.zoo=01;31:*.cpio=01;31:*.7z=01;31:*.rz=01;31:*.cab=01;31:*.wim=01;31:*.swm=01;31:*.dwm=01;31:*.esd=01;31:*.jpg=01;35:*.jpeg=01;35:*.mjpg=01;35:*.mjpeg=01;35:*.gif=01;35:*.bmp=01;35:*.pbm=01;35:*.pgm=01;35:*.ppm=01;35:*.tga=01;35:*.xbm=01;35:*.xpm=01;35:*.tif=01;35:*.tiff=01;35:*.png=01;35:*.svg=01;35:*.svgz=01;35:*.mng=01;35:*.pcx=01;35:*.mov=01;35:*.mpg=01;35:*.mpeg=01;35:*.m2v=01;35:*.mkv=01;35:*.webm=01;35:*.webp=01;35:*.ogm=01;35:*.mp4=01;35:*.m4v=01;35:*.mp4v=01;35:*.vob=01;35:*.qt=01;35:*.nuv=01;35:*.wmv=01;35:*.asf=01;35:*.rm=01;35:*.rmvb=01;35:*.flc=01;35:*.avi=01;35:*.fli=01;35:*.flv=01;35:*.gl=01;35:*.dl=01;35:*.xcf=01;35:*.xwd=01;35:*.yuv=01;35:*.cgm=01;35:*.emf=01;35:*.ogv=01;35:*.ogx=01;35:*.aac=00;36:*.au=00;36:*.flac=00;36:*.m4a=00;36:*.mid=00;36:*.midi=00;36:*.mka=00;36:*.mp3=00;36:*.mpc=00;36:*.ogg=00;36:*.ra=00;36:*.wav=00;36:*.oga=00;36:*.opus=00;36:*.spx=00;36:*.xspf=00;36:'), ('GNOME_TERMINAL_SERVICE', ':1.117'), ('SSH_AGENT_LAUNCHER', 'gnome-keyring'), ('SSH_AUTH_SOCK', '/run/user/1000/keyring/ssh'), ('AMENT_PREFIX_PATH', '/opt/ros/humble'), ('SHELL', '/bin/bash'), ('LC_NAME', 'zh_CN.UTF-8'), ('QT_ACCESSIBILITY', '1'), ('GDMSESSION', 'ubuntu'), ('LESSCLOSE', '/usr/bin/lesspipe %s %s'), ('LC_MEASUREMENT', 'zh_CN.UTF-8'), ('GPG_AGENT_INFO', '/run/user/1000/gnupg/S.gpg-agent:0:1'), ('LC_IDENTIFICATION', 'zh_CN.UTF-8'), ('QT_IM_MODULE', 'ibus'), ('PWD', '/home/brace/codeSpace/navi/build/rtabmap_msgs'), ('XDG_CONFIG_DIRS', '/etc/xdg/xdg-ubuntu:/etc/xdg'), ('XDG_DATA_DIRS', '/usr/share/ubuntu:/usr/share/gnome:/usr/local/share/:/usr/share/:/var/lib/snapd/desktop'), ('PYTHONPATH', '/opt/ros/humble/lib/python3.10/site-packages:/opt/ros/humble/local/lib/python3.10/dist-packages'), ('LC_NUMERIC', 'zh_CN.UTF-8'), ('LC_PAPER', 'zh_CN.UTF-8'), ('COLCON', '1'), ('VTE_VERSION', '6800'), ('CMAKE_PREFIX_PATH', '/opt/ros/humble')]), 'shell': False}
[0.099389] (-) TimerEvent: {}
[0.138313] (rtabmap) StdoutLine: {'line': b'\x1b[35m\x1b[1mConsolidate compiler generated dependencies of target rtabmap_utilite\x1b[0m\n'}
[0.144579] (rtabmap_msgs) StdoutLine: {'line': b'[  0%] Built target rtabmap_msgs__cpp\n'}
[0.147987] (rtabmap_msgs) StdoutLine: {'line': b'[  0%] Built target ament_cmake_python_symlink_rtabmap_msgs\n'}
[0.155287] (rtabmap_msgs) StdoutLine: {'line': b'\x1b[35m\x1b[1mConsolidate compiler generated dependencies of target rtabmap_msgs__rosidl_generator_c\x1b[0m\n'}
[0.174051] (rtabmap) StdoutLine: {'line': b'[  5%] Built target rtabmap_utilite\n'}
[0.182081] (rtabmap_msgs) StdoutLine: {'line': b'\x1b[35m\x1b[1mConsolidate compiler generated dependencies of target rtabmap_msgs__rosidl_typesupport_cpp\x1b[0m\n'}
[0.182843] (rtabmap_msgs) StdoutLine: {'line': b'\x1b[35m\x1b[1mConsolidate compiler generated dependencies of target rtabmap_msgs__rosidl_typesupport_introspection_cpp\x1b[0m\n'}
[0.184211] (rtabmap_msgs) StdoutLine: {'line': b'\x1b[35m\x1b[1mConsolidate compiler generated dependencies of target rtabmap_msgs__rosidl_typesupport_fastrtps_cpp\x1b[0m\n'}
[0.185337] (rtabmap) StdoutLine: {'line': b'\x1b[35m\x1b[1mConsolidate compiler generated dependencies of target res_tool\x1b[0m\n'}
[0.190794] (rtabmap_msgs) StdoutLine: {'line': b'[ 12%] Built target rtabmap_msgs__rosidl_generator_c\n'}
[0.197476] (rtabmap) StdoutLine: {'line': b'[  6%] Built target res_tool\n'}
[0.199490] (-) TimerEvent: {}
[0.214999] (rtabmap_msgs) StdoutLine: {'line': b'[ 25%] Built target rtabmap_msgs__rosidl_typesupport_introspection_cpp\n'}
[0.215247] (rtabmap_msgs) StdoutLine: {'line': b'[ 37%] Built target rtabmap_msgs__rosidl_typesupport_cpp\n'}
[0.220620] (rtabmap_msgs) StdoutLine: {'line': b'\x1b[35m\x1b[1mConsolidate compiler generated dependencies of target rtabmap_msgs__rosidl_typesupport_c\x1b[0m\n'}
[0.223765] (rtabmap_msgs) StdoutLine: {'line': b'[ 49%] Built target rtabmap_msgs__rosidl_typesupport_fastrtps_cpp\n'}
[0.225213] (rtabmap_msgs) StdoutLine: {'line': b'\x1b[35m\x1b[1mConsolidate compiler generated dependencies of target rtabmap_msgs__rosidl_typesupport_introspection_c\x1b[0m\n'}
[0.227823] (rtabmap_msgs) StdoutLine: {'line': b'\x1b[35m\x1b[1mConsolidate compiler generated dependencies of target rtabmap_msgs__rosidl_typesupport_fastrtps_c\x1b[0m\n'}
[0.234240] (rtabmap_msgs) StdoutLine: {'line': b'[ 62%] Built target rtabmap_msgs__rosidl_typesupport_c\n'}
[0.242717] (rtabmap_msgs) StdoutLine: {'line': b'[ 75%] Built target rtabmap_msgs__rosidl_typesupport_introspection_c\n'}
[0.256165] (rtabmap_msgs) StdoutLine: {'line': b'[ 88%] Built target rtabmap_msgs__rosidl_typesupport_fastrtps_c\n'}
[0.274313] (rtabmap_msgs) StdoutLine: {'line': b'[ 88%] Built target rtabmap_msgs\n'}
[0.296039] (rtabmap_msgs) StdoutLine: {'line': b'[ 88%] Built target rtabmap_msgs__py\n'}
[0.299554] (-) TimerEvent: {}
[0.316159] (rtabmap_msgs) StdoutLine: {'line': b'running egg_info\n'}
[0.316717] (rtabmap_msgs) StdoutLine: {'line': b'writing rtabmap_msgs.egg-info/PKG-INFO\n'}
[0.316830] (rtabmap_msgs) StdoutLine: {'line': b'writing dependency_links to rtabmap_msgs.egg-info/dependency_links.txt\n'}
[0.316930] (rtabmap_msgs) StdoutLine: {'line': b'writing top-level names to rtabmap_msgs.egg-info/top_level.txt\n'}
[0.319758] (rtabmap_msgs) StdoutLine: {'line': b"reading manifest file 'rtabmap_msgs.egg-info/SOURCES.txt'\n"}
[0.320788] (rtabmap_msgs) StdoutLine: {'line': b"writing manifest file 'rtabmap_msgs.egg-info/SOURCES.txt'\n"}
[0.324326] (rtabmap_msgs) StdoutLine: {'line': b'\x1b[35m\x1b[1mConsolidate compiler generated dependencies of target rtabmap_msgs__rosidl_generator_py\x1b[0m\n'}
[0.337834] (rtabmap) StdoutLine: {'line': b'\x1b[35m\x1b[1mConsolidate compiler generated dependencies of target rtabmap_core\x1b[0m\n'}
[0.341327] (rtabmap_msgs) StdoutLine: {'line': b'[ 88%] Built target ament_cmake_python_build_rtabmap_msgs_egg\n'}
[0.359128] (rtabmap_msgs) StdoutLine: {'line': b'[100%] Built target rtabmap_msgs__rosidl_generator_py\n'}
[0.369021] (rtabmap_msgs) StdoutLine: {'line': b'\x1b[35m\x1b[1mConsolidate compiler generated dependencies of target rtabmap_msgs__rosidl_typesupport_c__pyext\x1b[0m\n'}
[0.370356] (rtabmap_msgs) StdoutLine: {'line': b'\x1b[35m\x1b[1mConsolidate compiler generated dependencies of target rtabmap_msgs__rosidl_typesupport_fastrtps_c__pyext\x1b[0m\n'}
[0.371867] (rtabmap_msgs) StdoutLine: {'line': b'\x1b[35m\x1b[1mConsolidate compiler generated dependencies of target rtabmap_msgs__rosidl_typesupport_introspection_c__pyext\x1b[0m\n'}
[0.377681] (rtabmap_msgs) StdoutLine: {'line': b'[100%] Built target rtabmap_msgs__rosidl_typesupport_c__pyext\n'}
[0.382934] (rtabmap_msgs) StdoutLine: {'line': b'[100%] Built target rtabmap_msgs__rosidl_typesupport_introspection_c__pyext\n'}
[0.383031] (rtabmap_msgs) StdoutLine: {'line': b'[100%] Built target rtabmap_msgs__rosidl_typesupport_fastrtps_c__pyext\n'}
[0.390418] (rtabmap_msgs) CommandEnded: {'returncode': 0}
[0.392145] (rtabmap_msgs) JobProgress: {'identifier': 'rtabmap_msgs', 'progress': 'install'}
[0.398924] (rtabmap_msgs) Command: {'cmd': ['/usr/bin/cmake', '--install', '/home/brace/codeSpace/navi/build/rtabmap_msgs'], 'cwd': '/home/brace/codeSpace/navi/build/rtabmap_msgs', 'env': OrderedDict([('LESSOPEN', '| /usr/bin/lesspipe %s'), ('LANGUAGE', 'zh_CN:zh:en_US:en'), ('USER', 'brace'), ('LC_TIME', 'zh_CN.UTF-8'), ('XDG_SESSION_TYPE', 'x11'), ('SHLVL', '1'), ('LD_LIBRARY_PATH', '/opt/ros/humble/opt/rviz_ogre_vendor/lib:/opt/ros/humble/lib/x86_64-linux-gnu:/opt/ros/humble/lib'), ('HOME', '/home/brace'), ('OLDPWD', '/home/brace'), ('DESKTOP_SESSION', 'ubuntu'), ('ROS_PYTHON_VERSION', '3'), ('GNOME_SHELL_SESSION_MODE', 'ubuntu'), ('GTK_MODULES', 'gail:atk-bridge'), ('LC_MONETARY', 'zh_CN.UTF-8'), ('SYSTEMD_EXEC_PID', '1661'), ('DBUS_SESSION_BUS_ADDRESS', 'unix:path=/run/user/1000/bus'), ('COLORTERM', 'truecolor'), ('MANDATORY_PATH', '/usr/share/gconf/ubuntu.mandatory.path'), ('ROS_DISTRO', 'humble'), ('GTK_IM_MODULE', 'ibus'), ('LOGNAME', 'brace'), ('_', '/usr/bin/colcon'), ('ROS_VERSION', '2'), ('XDG_SESSION_CLASS', 'user'), ('DEFAULTS_PATH', '/usr/share/gconf/ubuntu.default.path'), ('USERNAME', 'brace'), ('TERM', 'xterm-256color'), ('GNOME_DESKTOP_SESSION_ID', 'this-is-deprecated'), ('ROS_LOCALHOST_ONLY', '0'), ('WINDOWPATH', '2'), ('PATH', '/opt/ros/humble/bin:/usr/local/sbin:/usr/local/bin:/usr/sbin:/usr/bin:/sbin:/bin:/usr/games:/usr/local/games:/snap/bin:/snap/bin'), ('SESSION_MANAGER', 'local/brace-NUC13:@/tmp/.ICE-unix/1416,unix/brace-NUC13:/tmp/.ICE-unix/1416'), ('XDG_MENU_PREFIX', 'gnome-'), ('LC_ADDRESS', 'zh_CN.UTF-8'), ('GNOME_TERMINAL_SCREEN', '/org/gnome/Terminal/screen/c4f32225_e76e_4484_b663_a77ce475952b'), ('XDG_RUNTIME_DIR', '/run/user/1000'), ('DISPLAY', ':0'), ('LANG', 'zh_CN.UTF-8'), ('XDG_CURRENT_DESKTOP', 'ubuntu:GNOME'), ('LC_TELEPHONE', 'zh_CN.UTF-8'), ('XMODIFIERS', '@im=ibus'), ('XDG_SESSION_DESKTOP', 'ubuntu'), ('XAUTHORITY', '/run/user/1000/gdm/Xauthority'), ('LS_COLORS', 'rs=0:di=01;34:ln=01;36:mh=00:pi=40;33:so=01;35:do=01;35:bd=40;33;01:cd=40;33;01:or=40;31;01:mi=00:su=37;41:sg=30;43:ca=30;41:tw=30;42:ow=34;42:st=37;44:ex=01;32:*.tar=01;31:*.tgz=01;31:*.arc=01;31:*.arj=01;31:*.taz=01;31:*.lha=01;31:*.lz4=01;31:*.lzh=01;31:*.lzma=01;31:*.tlz=01;31:*.txz=01;31:*.tzo=01;31:*.t7z=01;31:*.zip=01;31:*.z=01;31:*.dz=01;31:*.gz=01;31:*.lrz=01;31:*.lz=01;31:*.lzo=01;31:*.xz=01;31:*.zst=01;31:*.tzst=01;31:*.bz2=01;31:*.bz=01;31:*.tbz=01;31:*.tbz2=01;31:*.tz=01;31:*.deb=01;31:*.rpm=01;31:*.jar=01;31:*.war=01;31:*.ear=01;31:*.sar=01;31:*.rar=01;31:*.alz=01;31:*.ace=01;31:*.zoo=01;31:*.cpio=01;31:*.7z=01;31:*.rz=01;31:*.cab=01;31:*.wim=01;31:*.swm=01;31:*.dwm=01;31:*.esd=01;31:*.jpg=01;35:*.jpeg=01;35:*.mjpg=01;35:*.mjpeg=01;35:*.gif=01;35:*.bmp=01;35:*.pbm=01;35:*.pgm=01;35:*.ppm=01;35:*.tga=01;35:*.xbm=01;35:*.xpm=01;35:*.tif=01;35:*.tiff=01;35:*.png=01;35:*.svg=01;35:*.svgz=01;35:*.mng=01;35:*.pcx=01;35:*.mov=01;35:*.mpg=01;35:*.mpeg=01;35:*.m2v=01;35:*.mkv=01;35:*.webm=01;35:*.webp=01;35:*.ogm=01;35:*.mp4=01;35:*.m4v=01;35:*.mp4v=01;35:*.vob=01;35:*.qt=01;35:*.nuv=01;35:*.wmv=01;35:*.asf=01;35:*.rm=01;35:*.rmvb=01;35:*.flc=01;35:*.avi=01;35:*.fli=01;35:*.flv=01;35:*.gl=01;35:*.dl=01;35:*.xcf=01;35:*.xwd=01;35:*.yuv=01;35:*.cgm=01;35:*.emf=01;35:*.ogv=01;35:*.ogx=01;35:*.aac=00;36:*.au=00;36:*.flac=00;36:*.m4a=00;36:*.mid=00;36:*.midi=00;36:*.mka=00;36:*.mp3=00;36:*.mpc=00;36:*.ogg=00;36:*.ra=00;36:*.wav=00;36:*.oga=00;36:*.opus=00;36:*.spx=00;36:*.xspf=00;36:'), ('GNOME_TERMINAL_SERVICE', ':1.117'), ('SSH_AGENT_LAUNCHER', 'gnome-keyring'), ('SSH_AUTH_SOCK', '/run/user/1000/keyring/ssh'), ('AMENT_PREFIX_PATH', '/opt/ros/humble'), ('SHELL', '/bin/bash'), ('LC_NAME', 'zh_CN.UTF-8'), ('QT_ACCESSIBILITY', '1'), ('GDMSESSION', 'ubuntu'), ('LESSCLOSE', '/usr/bin/lesspipe %s %s'), ('LC_MEASUREMENT', 'zh_CN.UTF-8'), ('GPG_AGENT_INFO', '/run/user/1000/gnupg/S.gpg-agent:0:1'), ('LC_IDENTIFICATION', 'zh_CN.UTF-8'), ('QT_IM_MODULE', 'ibus'), ('PWD', '/home/brace/codeSpace/navi/build/rtabmap_msgs'), ('XDG_CONFIG_DIRS', '/etc/xdg/xdg-ubuntu:/etc/xdg'), ('XDG_DATA_DIRS', '/usr/share/ubuntu:/usr/share/gnome:/usr/local/share/:/usr/share/:/var/lib/snapd/desktop'), ('PYTHONPATH', '/opt/ros/humble/lib/python3.10/site-packages:/opt/ros/humble/local/lib/python3.10/dist-packages'), ('LC_NUMERIC', 'zh_CN.UTF-8'), ('LC_PAPER', 'zh_CN.UTF-8'), ('COLCON', '1'), ('VTE_VERSION', '6800'), ('CMAKE_PREFIX_PATH', '/opt/ros/humble')]), 'shell': False}
[0.399893] (-) TimerEvent: {}
[0.405159] (rtabmap_msgs) StdoutLine: {'line': b'-- Install configuration: "Release"\n'}
[0.407074] (rtabmap_msgs) StdoutLine: {'line': b'-- Execute custom install script\n'}
[0.407760] (rtabmap_msgs) StdoutLine: {'line': b'-- Up-to-date symlink: /home/brace/codeSpace/navi/install/rtabmap_msgs/share/ament_index/resource_index/rosidl_interfaces/rtabmap_msgs\n'}
[0.410920] (rtabmap_msgs) StdoutLine: {'line': b'-- Up-to-date symlink: /home/brace/codeSpace/navi/install/rtabmap_msgs/include/rtabmap_msgs/rtabmap_msgs/msg/camera_model.h\n'}
[0.411046] (rtabmap_msgs) StdoutLine: {'line': b'-- Up-to-date symlink: /home/brace/codeSpace/navi/install/rtabmap_msgs/include/rtabmap_msgs/rtabmap_msgs/msg/camera_models.h\n'}
[0.411389] (rtabmap_msgs) StdoutLine: {'line': b'-- Up-to-date symlink: /home/brace/codeSpace/navi/install/rtabmap_msgs/include/rtabmap_msgs/rtabmap_msgs/msg/detail/camera_model__functions.h\n'}
[0.411937] (rtabmap_msgs) StdoutLine: {'line': b'-- Up-to-date symlink: /home/brace/codeSpace/navi/install/rtabmap_msgs/include/rtabmap_msgs/rtabmap_msgs/msg/detail/camera_model__struct.h\n'}
[0.411982] (rtabmap_msgs) StdoutLine: {'line': b'-- Up-to-date symlink: /home/brace/codeSpace/navi/install/rtabmap_msgs/include/rtabmap_msgs/rtabmap_msgs/msg/detail/camera_model__type_support.h\n'}
[0.412104] (rtabmap_msgs) StdoutLine: {'line': b'-- Up-to-date symlink: /home/brace/codeSpace/navi/install/rtabmap_msgs/include/rtabmap_msgs/rtabmap_msgs/msg/detail/camera_models__functions.h\n'}
[0.412436] (rtabmap_msgs) StdoutLine: {'line': b'-- Up-to-date symlink: /home/brace/codeSpace/navi/install/rtabmap_msgs/include/rtabmap_msgs/rtabmap_msgs/msg/detail/camera_models__struct.h\n'}
[0.412526] (rtabmap_msgs) StdoutLine: {'line': b'-- Up-to-date symlink: /home/brace/codeSpace/navi/install/rtabmap_msgs/include/rtabmap_msgs/rtabmap_msgs/msg/detail/camera_models__type_support.h\n'}
[0.412766] (rtabmap_msgs) StdoutLine: {'line': b'-- Up-to-date symlink: /home/brace/codeSpace/navi/install/rtabmap_msgs/include/rtabmap_msgs/rtabmap_msgs/msg/detail/env_sensor__functions.h\n'}
[0.412955] (rtabmap_msgs) StdoutLine: {'line': b'-- Up-to-date symlink: /home/brace/codeSpace/navi/install/rtabmap_msgs/include/rtabmap_msgs/rtabmap_msgs/msg/detail/env_sensor__struct.h\n'}
[0.413118] (rtabmap_msgs) StdoutLine: {'line': b'-- Up-to-date symlink: /home/brace/codeSpace/navi/install/rtabmap_msgs/include/rtabmap_msgs/rtabmap_msgs/msg/detail/env_sensor__type_support.h\n'}
[0.413207] (rtabmap_msgs) StdoutLine: {'line': b'-- Up-to-date symlink: /home/brace/codeSpace/navi/install/rtabmap_msgs/include/rtabmap_msgs/rtabmap_msgs/msg/detail/global_descriptor__functions.h\n'}
[0.413331] (rtabmap_msgs) StdoutLine: {'line': b'-- Up-to-date symlink: /home/brace/codeSpace/navi/install/rtabmap_msgs/include/rtabmap_msgs/rtabmap_msgs/msg/detail/global_descriptor__struct.h\n'}
[0.413458] (rtabmap_msgs) StdoutLine: {'line': b'-- Up-to-date symlink: /home/brace/codeSpace/navi/install/rtabmap_msgs/include/rtabmap_msgs/rtabmap_msgs/msg/detail/global_descriptor__type_support.h\n'}
[0.413585] (rtabmap_msgs) StdoutLine: {'line': b'-- Up-to-date symlink: /home/brace/codeSpace/navi/install/rtabmap_msgs/include/rtabmap_msgs/rtabmap_msgs/msg/detail/goal__functions.h\n'}
[0.413714] (rtabmap_msgs) StdoutLine: {'line': b'-- Up-to-date symlink: /home/brace/codeSpace/navi/install/rtabmap_msgs/include/rtabmap_msgs/rtabmap_msgs/msg/detail/goal__struct.h\n'}
[0.413838] (rtabmap_msgs) StdoutLine: {'line': b'-- Up-to-date symlink: /home/brace/codeSpace/navi/install/rtabmap_msgs/include/rtabmap_msgs/rtabmap_msgs/msg/detail/goal__type_support.h\n'}
[0.414073] (rtabmap_msgs) StdoutLine: {'line': b'-- Up-to-date symlink: /home/brace/codeSpace/navi/install/rtabmap_msgs/include/rtabmap_msgs/rtabmap_msgs/msg/detail/gps__functions.h\n'}
[0.414218] (rtabmap_msgs) StdoutLine: {'line': b'-- Up-to-date symlink: /home/brace/codeSpace/navi/install/rtabmap_msgs/include/rtabmap_msgs/rtabmap_msgs/msg/detail/gps__struct.h\n'}
[0.414344] (rtabmap_msgs) StdoutLine: {'line': b'-- Up-to-date symlink: /home/brace/codeSpace/navi/install/rtabmap_msgs/include/rtabmap_msgs/rtabmap_msgs/msg/detail/gps__type_support.h\n'}
[0.414469] (rtabmap_msgs) StdoutLine: {'line': b'-- Up-to-date symlink: /home/brace/codeSpace/navi/install/rtabmap_msgs/include/rtabmap_msgs/rtabmap_msgs/msg/detail/info__functions.h\n'}
[0.414789] (rtabmap_msgs) StdoutLine: {'line': b'-- Up-to-date symlink: /home/brace/codeSpace/navi/install/rtabmap_msgs/include/rtabmap_msgs/rtabmap_msgs/msg/detail/info__struct.h\n'}
[0.414935] (rtabmap_msgs) StdoutLine: {'line': b'-- Up-to-date symlink: /home/brace/codeSpace/navi/install/rtabmap_msgs/include/rtabmap_msgs/rtabmap_msgs/msg/detail/info__type_support.h\n'}
[0.415053] (rtabmap_msgs) StdoutLine: {'line': b'-- Up-to-date symlink: /home/brace/codeSpace/navi/install/rtabmap_msgs/include/rtabmap_msgs/rtabmap_msgs/msg/detail/key_point__functions.h\n'}
[0.415276] (rtabmap_msgs) StdoutLine: {'line': b'-- Up-to-date symlink: /home/brace/codeSpace/navi/install/rtabmap_msgs/include/rtabmap_msgs/rtabmap_msgs/msg/detail/key_point__struct.h\n'}
[0.415435] (rtabmap_msgs) StdoutLine: {'line': b'-- Up-to-date symlink: /home/brace/codeSpace/navi/install/rtabmap_msgs/include/rtabmap_msgs/rtabmap_msgs/msg/detail/key_point__type_support.h\n'}
[0.415558] (rtabmap_msgs) StdoutLine: {'line': b'-- Up-to-date symlink: /home/brace/codeSpace/navi/install/rtabmap_msgs/include/rtabmap_msgs/rtabmap_msgs/msg/detail/landmark_detection__functions.h\n'}
[0.415684] (rtabmap_msgs) StdoutLine: {'line': b'-- Up-to-date symlink: /home/brace/codeSpace/navi/install/rtabmap_msgs/include/rtabmap_msgs/rtabmap_msgs/msg/detail/landmark_detection__struct.h\n'}
[0.415808] (rtabmap_msgs) StdoutLine: {'line': b'-- Up-to-date symlink: /home/brace/codeSpace/navi/install/rtabmap_msgs/include/rtabmap_msgs/rtabmap_msgs/msg/detail/landmark_detection__type_support.h\n'}
[0.415998] (rtabmap_msgs) StdoutLine: {'line': b'-- Up-to-date symlink: /home/brace/codeSpace/navi/install/rtabmap_msgs/include/rtabmap_msgs/rtabmap_msgs/msg/detail/landmark_detections__functions.h\n'}
[0.416121] (rtabmap_msgs) StdoutLine: {'line': b'-- Up-to-date symlink: /home/brace/codeSpace/navi/install/rtabmap_msgs/include/rtabmap_msgs/rtabmap_msgs/msg/detail/landmark_detections__struct.h\n'}
[0.416330] (rtabmap_msgs) StdoutLine: {'line': b'-- Up-to-date symlink: /home/brace/codeSpace/navi/install/rtabmap_msgs/include/rtabmap_msgs/rtabmap_msgs/msg/detail/landmark_detections__type_support.h\n'}
[0.416468] (rtabmap_msgs) StdoutLine: {'line': b'-- Up-to-date symlink: /home/brace/codeSpace/navi/install/rtabmap_msgs/include/rtabmap_msgs/rtabmap_msgs/msg/detail/link__functions.h\n'}
[0.416585] (rtabmap_msgs) StdoutLine: {'line': b'-- Up-to-date symlink: /home/brace/codeSpace/navi/install/rtabmap_msgs/include/rtabmap_msgs/rtabmap_msgs/msg/detail/link__struct.h\n'}
[0.416711] (rtabmap_msgs) StdoutLine: {'line': b'-- Up-to-date symlink: /home/brace/codeSpace/navi/install/rtabmap_msgs/include/rtabmap_msgs/rtabmap_msgs/msg/detail/link__type_support.h\n'}
[0.416834] (rtabmap_msgs) StdoutLine: {'line': b'-- Up-to-date symlink: /home/brace/codeSpace/navi/install/rtabmap_msgs/include/rtabmap_msgs/rtabmap_msgs/msg/detail/map_data__functions.h\n'}
[0.416964] (rtabmap_msgs) StdoutLine: {'line': b'-- Up-to-date symlink: /home/brace/codeSpace/navi/install/rtabmap_msgs/include/rtabmap_msgs/rtabmap_msgs/msg/detail/map_data__struct.h\n'}
[0.417082] (rtabmap_msgs) StdoutLine: {'line': b'-- Up-to-date symlink: /home/brace/codeSpace/navi/install/rtabmap_msgs/include/rtabmap_msgs/rtabmap_msgs/msg/detail/map_data__type_support.h\n'}
[0.417272] (rtabmap_msgs) StdoutLine: {'line': b'-- Up-to-date symlink: /home/brace/codeSpace/navi/install/rtabmap_msgs/include/rtabmap_msgs/rtabmap_msgs/msg/detail/map_graph__functions.h\n'}
[0.417440] (rtabmap_msgs) StdoutLine: {'line': b'-- Up-to-date symlink: /home/brace/codeSpace/navi/install/rtabmap_msgs/include/rtabmap_msgs/rtabmap_msgs/msg/detail/map_graph__struct.h\n'}
[0.417668] (rtabmap_msgs) StdoutLine: {'line': b'-- Up-to-date symlink: /home/brace/codeSpace/navi/install/rtabmap_msgs/include/rtabmap_msgs/rtabmap_msgs/msg/detail/map_graph__type_support.h\n'}
[0.417868] (rtabmap_msgs) StdoutLine: {'line': b'-- Up-to-date symlink: /home/brace/codeSpace/navi/install/rtabmap_msgs/include/rtabmap_msgs/rtabmap_msgs/msg/detail/node__functions.h\n'}
[0.418063] (rtabmap_msgs) StdoutLine: {'line': b'-- Up-to-date symlink: /home/brace/codeSpace/navi/install/rtabmap_msgs/include/rtabmap_msgs/rtabmap_msgs/msg/detail/node__struct.h\n'}
[0.418150] (rtabmap_msgs) StdoutLine: {'line': b'-- Up-to-date symlink: /home/brace/codeSpace/navi/install/rtabmap_msgs/include/rtabmap_msgs/rtabmap_msgs/msg/detail/node__type_support.h\n'}
[0.418274] (rtabmap_msgs) StdoutLine: {'line': b'-- Up-to-date symlink: /home/brace/codeSpace/navi/install/rtabmap_msgs/include/rtabmap_msgs/rtabmap_msgs/msg/detail/odom_info__functions.h\n'}
[0.418394] (rtabmap_msgs) StdoutLine: {'line': b'-- Up-to-date symlink: /home/brace/codeSpace/navi/install/rtabmap_msgs/include/rtabmap_msgs/rtabmap_msgs/msg/detail/odom_info__struct.h\n'}
[0.418519] (rtabmap_msgs) StdoutLine: {'line': b'-- Up-to-date symlink: /home/brace/codeSpace/navi/install/rtabmap_msgs/include/rtabmap_msgs/rtabmap_msgs/msg/detail/odom_info__type_support.h\n'}
[0.418679] (rtabmap_msgs) StdoutLine: {'line': b'-- Up-to-date symlink: /home/brace/codeSpace/navi/install/rtabmap_msgs/include/rtabmap_msgs/rtabmap_msgs/msg/detail/path__functions.h\n'}
[0.418823] (rtabmap_msgs) StdoutLine: {'line': b'-- Up-to-date symlink: /home/brace/codeSpace/navi/install/rtabmap_msgs/include/rtabmap_msgs/rtabmap_msgs/msg/detail/path__struct.h\n'}
[0.418946] (rtabmap_msgs) StdoutLine: {'line': b'-- Up-to-date symlink: /home/brace/codeSpace/navi/install/rtabmap_msgs/include/rtabmap_msgs/rtabmap_msgs/msg/detail/path__type_support.h\n'}
[0.419067] (rtabmap_msgs) StdoutLine: {'line': b'-- Up-to-date symlink: /home/brace/codeSpace/navi/install/rtabmap_msgs/include/rtabmap_msgs/rtabmap_msgs/msg/detail/point2f__functions.h\n'}
[0.419253] (rtabmap_msgs) StdoutLine: {'line': b'-- Up-to-date symlink: /home/brace/codeSpace/navi/install/rtabmap_msgs/include/rtabmap_msgs/rtabmap_msgs/msg/detail/point2f__struct.h\n'}
[0.419381] (rtabmap_msgs) StdoutLine: {'line': b'-- Up-to-date symlink: /home/brace/codeSpace/navi/install/rtabmap_msgs/include/rtabmap_msgs/rtabmap_msgs/msg/detail/point2f__type_support.h\n'}
[0.419567] (rtabmap_msgs) StdoutLine: {'line': b'-- Up-to-date symlink: /home/brace/codeSpace/navi/install/rtabmap_msgs/include/rtabmap_msgs/rtabmap_msgs/msg/detail/point3f__functions.h\n'}
[0.419735] (rtabmap_msgs) StdoutLine: {'line': b'-- Up-to-date symlink: /home/brace/codeSpace/navi/install/rtabmap_msgs/include/rtabmap_msgs/rtabmap_msgs/msg/detail/point3f__struct.h\n'}
[0.419911] (rtabmap_msgs) StdoutLine: {'line': b'-- Up-to-date symlink: /home/brace/codeSpace/navi/install/rtabmap_msgs/include/rtabmap_msgs/rtabmap_msgs/msg/detail/point3f__type_support.h\n'}
[0.420042] (rtabmap_msgs) StdoutLine: {'line': b'-- Up-to-date symlink: /home/brace/codeSpace/navi/install/rtabmap_msgs/include/rtabmap_msgs/rtabmap_msgs/msg/detail/rgbd_image__functions.h\n'}
[0.420160] (rtabmap_msgs) StdoutLine: {'line': b'-- Up-to-date symlink: /home/brace/codeSpace/navi/install/rtabmap_msgs/include/rtabmap_msgs/rtabmap_msgs/msg/detail/rgbd_image__struct.h\n'}
[0.420283] (rtabmap_msgs) StdoutLine: {'line': b'-- Up-to-date symlink: /home/brace/codeSpace/navi/install/rtabmap_msgs/include/rtabmap_msgs/rtabmap_msgs/msg/detail/rgbd_image__type_support.h\n'}
[0.420407] (rtabmap_msgs) StdoutLine: {'line': b'-- Up-to-date symlink: /home/brace/codeSpace/navi/install/rtabmap_msgs/include/rtabmap_msgs/rtabmap_msgs/msg/detail/rgbd_images__functions.h\n'}
[0.420532] (rtabmap_msgs) StdoutLine: {'line': b'-- Up-to-date symlink: /home/brace/codeSpace/navi/install/rtabmap_msgs/include/rtabmap_msgs/rtabmap_msgs/msg/detail/rgbd_images__struct.h\n'}
[0.420676] (rtabmap_msgs) StdoutLine: {'line': b'-- Up-to-date symlink: /home/brace/codeSpace/navi/install/rtabmap_msgs/include/rtabmap_msgs/rtabmap_msgs/msg/detail/rgbd_images__type_support.h\n'}
[0.420794] (rtabmap_msgs) StdoutLine: {'line': b'-- Up-to-date symlink: /home/brace/codeSpace/navi/install/rtabmap_msgs/include/rtabmap_msgs/rtabmap_msgs/msg/detail/scan_descriptor__functions.h\n'}
[0.420912] (rtabmap_msgs) StdoutLine: {'line': b'-- Up-to-date symlink: /home/brace/codeSpace/navi/install/rtabmap_msgs/include/rtabmap_msgs/rtabmap_msgs/msg/detail/scan_descriptor__struct.h\n'}
[0.421032] (rtabmap_msgs) StdoutLine: {'line': b'-- Up-to-date symlink: /home/brace/codeSpace/navi/install/rtabmap_msgs/include/rtabmap_msgs/rtabmap_msgs/msg/detail/scan_descriptor__type_support.h\n'}
[0.421160] (rtabmap_msgs) StdoutLine: {'line': b'-- Up-to-date symlink: /home/brace/codeSpace/navi/install/rtabmap_msgs/include/rtabmap_msgs/rtabmap_msgs/msg/detail/sensor_data__functions.h\n'}
[0.421348] (rtabmap_msgs) StdoutLine: {'line': b'-- Up-to-date symlink: /home/brace/codeSpace/navi/install/rtabmap_msgs/include/rtabmap_msgs/rtabmap_msgs/msg/detail/sensor_data__struct.h\n'}
[0.421529] (rtabmap_msgs) StdoutLine: {'line': b'-- Up-to-date symlink: /home/brace/codeSpace/navi/install/rtabmap_msgs/include/rtabmap_msgs/rtabmap_msgs/msg/detail/sensor_data__type_support.h\n'}
[0.421687] (rtabmap_msgs) StdoutLine: {'line': b'-- Up-to-date symlink: /home/brace/codeSpace/navi/install/rtabmap_msgs/include/rtabmap_msgs/rtabmap_msgs/msg/detail/user_data__functions.h\n'}
[0.421810] (rtabmap_msgs) StdoutLine: {'line': b'-- Up-to-date symlink: /home/brace/codeSpace/navi/install/rtabmap_msgs/include/rtabmap_msgs/rtabmap_msgs/msg/detail/user_data__struct.h\n'}
[0.421936] (rtabmap_msgs) StdoutLine: {'line': b'-- Up-to-date symlink: /home/brace/codeSpace/navi/install/rtabmap_msgs/include/rtabmap_msgs/rtabmap_msgs/msg/detail/user_data__type_support.h\n'}
[0.422066] (rtabmap_msgs) StdoutLine: {'line': b'-- Up-to-date symlink: /home/brace/codeSpace/navi/install/rtabmap_msgs/include/rtabmap_msgs/rtabmap_msgs/msg/env_sensor.h\n'}
[0.422189] (rtabmap_msgs) StdoutLine: {'line': b'-- Up-to-date symlink: /home/brace/codeSpace/navi/install/rtabmap_msgs/include/rtabmap_msgs/rtabmap_msgs/msg/global_descriptor.h\n'}
[0.422314] (rtabmap_msgs) StdoutLine: {'line': b'-- Up-to-date symlink: /home/brace/codeSpace/navi/install/rtabmap_msgs/include/rtabmap_msgs/rtabmap_msgs/msg/goal.h\n'}
[0.422438] (rtabmap_msgs) StdoutLine: {'line': b'-- Up-to-date symlink: /home/brace/codeSpace/navi/install/rtabmap_msgs/include/rtabmap_msgs/rtabmap_msgs/msg/gps.h\n'}
[0.422561] (rtabmap_msgs) StdoutLine: {'line': b'-- Up-to-date symlink: /home/brace/codeSpace/navi/install/rtabmap_msgs/include/rtabmap_msgs/rtabmap_msgs/msg/info.h\n'}
[0.422685] (rtabmap_msgs) StdoutLine: {'line': b'-- Up-to-date symlink: /home/brace/codeSpace/navi/install/rtabmap_msgs/include/rtabmap_msgs/rtabmap_msgs/msg/key_point.h\n'}
[0.422809] (rtabmap_msgs) StdoutLine: {'line': b'-- Up-to-date symlink: /home/brace/codeSpace/navi/install/rtabmap_msgs/include/rtabmap_msgs/rtabmap_msgs/msg/landmark_detection.h\n'}
[0.423059] (rtabmap_msgs) StdoutLine: {'line': b'-- Up-to-date symlink: /home/brace/codeSpace/navi/install/rtabmap_msgs/include/rtabmap_msgs/rtabmap_msgs/msg/landmark_detections.h\n'}
[0.423207] (rtabmap_msgs) StdoutLine: {'line': b'-- Up-to-date symlink: /home/brace/codeSpace/navi/install/rtabmap_msgs/include/rtabmap_msgs/rtabmap_msgs/msg/link.h\n'}
[0.423330] (rtabmap_msgs) StdoutLine: {'line': b'-- Up-to-date symlink: /home/brace/codeSpace/navi/install/rtabmap_msgs/include/rtabmap_msgs/rtabmap_msgs/msg/map_data.h\n'}
[0.423483] (rtabmap_msgs) StdoutLine: {'line': b'-- Up-to-date symlink: /home/brace/codeSpace/navi/install/rtabmap_msgs/include/rtabmap_msgs/rtabmap_msgs/msg/map_graph.h\n'}
[0.423627] (rtabmap_msgs) StdoutLine: {'line': b'-- Up-to-date symlink: /home/brace/codeSpace/navi/install/rtabmap_msgs/include/rtabmap_msgs/rtabmap_msgs/msg/node.h\n'}
[0.423753] (rtabmap_msgs) StdoutLine: {'line': b'-- Up-to-date symlink: /home/brace/codeSpace/navi/install/rtabmap_msgs/include/rtabmap_msgs/rtabmap_msgs/msg/odom_info.h\n'}
[0.423876] (rtabmap_msgs) StdoutLine: {'line': b'-- Up-to-date symlink: /home/brace/codeSpace/navi/install/rtabmap_msgs/include/rtabmap_msgs/rtabmap_msgs/msg/path.h\n'}
[0.423997] (rtabmap_msgs) StdoutLine: {'line': b'-- Up-to-date symlink: /home/brace/codeSpace/navi/install/rtabmap_msgs/include/rtabmap_msgs/rtabmap_msgs/msg/point2f.h\n'}
[0.424118] (rtabmap_msgs) StdoutLine: {'line': b'-- Up-to-date symlink: /home/brace/codeSpace/navi/install/rtabmap_msgs/include/rtabmap_msgs/rtabmap_msgs/msg/point3f.h\n'}
[0.424250] (rtabmap_msgs) StdoutLine: {'line': b'-- Up-to-date symlink: /home/brace/codeSpace/navi/install/rtabmap_msgs/include/rtabmap_msgs/rtabmap_msgs/msg/rgbd_image.h\n'}
[0.424377] (rtabmap_msgs) StdoutLine: {'line': b'-- Up-to-date symlink: /home/brace/codeSpace/navi/install/rtabmap_msgs/include/rtabmap_msgs/rtabmap_msgs/msg/rgbd_images.h\n'}
[0.424503] (rtabmap_msgs) StdoutLine: {'line': b'-- Up-to-date symlink: /home/brace/codeSpace/navi/install/rtabmap_msgs/include/rtabmap_msgs/rtabmap_msgs/msg/rosidl_generator_c__visibility_control.h\n'}
[0.424630] (rtabmap_msgs) StdoutLine: {'line': b'-- Up-to-date symlink: /home/brace/codeSpace/navi/install/rtabmap_msgs/include/rtabmap_msgs/rtabmap_msgs/msg/scan_descriptor.h\n'}
[0.424754] (rtabmap_msgs) StdoutLine: {'line': b'-- Up-to-date symlink: /home/brace/codeSpace/navi/install/rtabmap_msgs/include/rtabmap_msgs/rtabmap_msgs/msg/sensor_data.h\n'}
[0.424877] (rtabmap_msgs) StdoutLine: {'line': b'-- Up-to-date symlink: /home/brace/codeSpace/navi/install/rtabmap_msgs/include/rtabmap_msgs/rtabmap_msgs/msg/user_data.h\n'}
[0.425082] (rtabmap_msgs) StdoutLine: {'line': b'-- Up-to-date symlink: /home/brace/codeSpace/navi/install/rtabmap_msgs/include/rtabmap_msgs/rtabmap_msgs/srv/add_link.h\n'}
[0.425206] (rtabmap_msgs) StdoutLine: {'line': b'-- Up-to-date symlink: /home/brace/codeSpace/navi/install/rtabmap_msgs/include/rtabmap_msgs/rtabmap_msgs/srv/cleanup_local_grids.h\n'}
[0.425611] (rtabmap_msgs) StdoutLine: {'line': b'-- Up-to-date symlink: /home/brace/codeSpace/navi/install/rtabmap_msgs/include/rtabmap_msgs/rtabmap_msgs/srv/detail/add_link__functions.h\n'}
[0.425832] (rtabmap_msgs) StdoutLine: {'line': b'-- Up-to-date symlink: /home/brace/codeSpace/navi/install/rtabmap_msgs/include/rtabmap_msgs/rtabmap_msgs/srv/detail/add_link__struct.h\n'}
[0.425997] (rtabmap_msgs) StdoutLine: {'line': b'-- Up-to-date symlink: /home/brace/codeSpace/navi/install/rtabmap_msgs/include/rtabmap_msgs/rtabmap_msgs/srv/detail/add_link__type_support.h\n'}
[0.426266] (rtabmap_msgs) StdoutLine: {'line': b'-- Up-to-date symlink: /home/brace/codeSpace/navi/install/rtabmap_msgs/include/rtabmap_msgs/rtabmap_msgs/srv/detail/cleanup_local_grids__functions.h\n'}
[0.426392] (rtabmap_msgs) StdoutLine: {'line': b'-- Up-to-date symlink: /home/brace/codeSpace/navi/install/rtabmap_msgs/include/rtabmap_msgs/rtabmap_msgs/srv/detail/cleanup_local_grids__struct.h\n'}
[0.426514] (rtabmap_msgs) StdoutLine: {'line': b'-- Up-to-date symlink: /home/brace/codeSpace/navi/install/rtabmap_msgs/include/rtabmap_msgs/rtabmap_msgs/srv/detail/cleanup_local_grids__type_support.h\n'}
[0.426638] (rtabmap_msgs) StdoutLine: {'line': b'-- Up-to-date symlink: /home/brace/codeSpace/navi/install/rtabmap_msgs/include/rtabmap_msgs/rtabmap_msgs/srv/detail/detect_more_loop_closures__functions.h\n'}
[0.426795] (rtabmap_msgs) StdoutLine: {'line': b'-- Up-to-date symlink: /home/brace/codeSpace/navi/install/rtabmap_msgs/include/rtabmap_msgs/rtabmap_msgs/srv/detail/detect_more_loop_closures__struct.h\n'}
[0.426941] (rtabmap_msgs) StdoutLine: {'line': b'-- Up-to-date symlink: /home/brace/codeSpace/navi/install/rtabmap_msgs/include/rtabmap_msgs/rtabmap_msgs/srv/detail/detect_more_loop_closures__type_support.h\n'}
[0.427072] (rtabmap_msgs) StdoutLine: {'line': b'-- Up-to-date symlink: /home/brace/codeSpace/navi/install/rtabmap_msgs/include/rtabmap_msgs/rtabmap_msgs/srv/detail/get_map2__functions.h\n'}
[0.427293] (rtabmap_msgs) StdoutLine: {'line': b'-- Up-to-date symlink: /home/brace/codeSpace/navi/install/rtabmap_msgs/include/rtabmap_msgs/rtabmap_msgs/srv/detail/get_map2__struct.h\n'}
[0.427426] (rtabmap_msgs) StdoutLine: {'line': b'-- Up-to-date symlink: /home/brace/codeSpace/navi/install/rtabmap_msgs/include/rtabmap_msgs/rtabmap_msgs/srv/detail/get_map2__type_support.h\n'}
[0.427694] (rtabmap_msgs) StdoutLine: {'line': b'-- Up-to-date symlink: /home/brace/codeSpace/navi/install/rtabmap_msgs/include/rtabmap_msgs/rtabmap_msgs/srv/detail/get_map__functions.h\n'}
[0.427778] (rtabmap_msgs) StdoutLine: {'line': b'-- Up-to-date symlink: /home/brace/codeSpace/navi/install/rtabmap_msgs/include/rtabmap_msgs/rtabmap_msgs/srv/detail/get_map__struct.h\n'}
[0.427900] (rtabmap_msgs) StdoutLine: {'line': b'-- Up-to-date symlink: /home/brace/codeSpace/navi/install/rtabmap_msgs/include/rtabmap_msgs/rtabmap_msgs/srv/detail/get_map__type_support.h\n'}
[0.428020] (rtabmap_msgs) StdoutLine: {'line': b'-- Up-to-date symlink: /home/brace/codeSpace/navi/install/rtabmap_msgs/include/rtabmap_msgs/rtabmap_msgs/srv/detail/get_node_data__functions.h\n'}
[0.428178] (rtabmap_msgs) StdoutLine: {'line': b'-- Up-to-date symlink: /home/brace/codeSpace/navi/install/rtabmap_msgs/include/rtabmap_msgs/rtabmap_msgs/srv/detail/get_node_data__struct.h\n'}
[0.428303] (rtabmap_msgs) StdoutLine: {'line': b'-- Up-to-date symlink: /home/brace/codeSpace/navi/install/rtabmap_msgs/include/rtabmap_msgs/rtabmap_msgs/srv/detail/get_node_data__type_support.h\n'}
[0.428426] (rtabmap_msgs) StdoutLine: {'line': b'-- Up-to-date symlink: /home/brace/codeSpace/navi/install/rtabmap_msgs/include/rtabmap_msgs/rtabmap_msgs/srv/detail/get_nodes_in_radius__functions.h\n'}
[0.428551] (rtabmap_msgs) StdoutLine: {'line': b'-- Up-to-date symlink: /home/brace/codeSpace/navi/install/rtabmap_msgs/include/rtabmap_msgs/rtabmap_msgs/srv/detail/get_nodes_in_radius__struct.h\n'}
[0.428684] (rtabmap_msgs) StdoutLine: {'line': b'-- Up-to-date symlink: /home/brace/codeSpace/navi/install/rtabmap_msgs/include/rtabmap_msgs/rtabmap_msgs/srv/detail/get_nodes_in_radius__type_support.h\n'}
[0.428809] (rtabmap_msgs) StdoutLine: {'line': b'-- Up-to-date symlink: /home/brace/codeSpace/navi/install/rtabmap_msgs/include/rtabmap_msgs/rtabmap_msgs/srv/detail/get_plan__functions.h\n'}
[0.428933] (rtabmap_msgs) StdoutLine: {'line': b'-- Up-to-date symlink: /home/brace/codeSpace/navi/install/rtabmap_msgs/include/rtabmap_msgs/rtabmap_msgs/srv/detail/get_plan__struct.h\n'}
[0.429056] (rtabmap_msgs) StdoutLine: {'line': b'-- Up-to-date symlink: /home/brace/codeSpace/navi/install/rtabmap_msgs/include/rtabmap_msgs/rtabmap_msgs/srv/detail/get_plan__type_support.h\n'}
[0.429179] (rtabmap_msgs) StdoutLine: {'line': b'-- Up-to-date symlink: /home/brace/codeSpace/navi/install/rtabmap_msgs/include/rtabmap_msgs/rtabmap_msgs/srv/detail/global_bundle_adjustment__functions.h\n'}
[0.429303] (rtabmap_msgs) StdoutLine: {'line': b'-- Up-to-date symlink: /home/brace/codeSpace/navi/install/rtabmap_msgs/include/rtabmap_msgs/rtabmap_msgs/srv/detail/global_bundle_adjustment__struct.h\n'}
[0.429429] (rtabmap_msgs) StdoutLine: {'line': b'-- Up-to-date symlink: /home/brace/codeSpace/navi/install/rtabmap_msgs/include/rtabmap_msgs/rtabmap_msgs/srv/detail/global_bundle_adjustment__type_support.h\n'}
[0.429553] (rtabmap_msgs) StdoutLine: {'line': b'-- Up-to-date symlink: /home/brace/codeSpace/navi/install/rtabmap_msgs/include/rtabmap_msgs/rtabmap_msgs/srv/detail/list_labels__functions.h\n'}
[0.429677] (rtabmap_msgs) StdoutLine: {'line': b'-- Up-to-date symlink: /home/brace/codeSpace/navi/install/rtabmap_msgs/include/rtabmap_msgs/rtabmap_msgs/srv/detail/list_labels__struct.h\n'}
[0.429806] (rtabmap_msgs) StdoutLine: {'line': b'-- Up-to-date symlink: /home/brace/codeSpace/navi/install/rtabmap_msgs/include/rtabmap_msgs/rtabmap_msgs/srv/detail/list_labels__type_support.h\n'}
[0.429929] (rtabmap_msgs) StdoutLine: {'line': b'-- Up-to-date symlink: /home/brace/codeSpace/navi/install/rtabmap_msgs/include/rtabmap_msgs/rtabmap_msgs/srv/detail/load_database__functions.h\n'}
[0.430052] (rtabmap_msgs) StdoutLine: {'line': b'-- Up-to-date symlink: /home/brace/codeSpace/navi/install/rtabmap_msgs/include/rtabmap_msgs/rtabmap_msgs/srv/detail/load_database__struct.h\n'}
[0.430177] (rtabmap_msgs) StdoutLine: {'line': b'-- Up-to-date symlink: /home/brace/codeSpace/navi/install/rtabmap_msgs/include/rtabmap_msgs/rtabmap_msgs/srv/detail/load_database__type_support.h\n'}
[0.430303] (rtabmap_msgs) StdoutLine: {'line': b'-- Up-to-date symlink: /home/brace/codeSpace/navi/install/rtabmap_msgs/include/rtabmap_msgs/rtabmap_msgs/srv/detail/publish_map__functions.h\n'}
[0.430615] (rtabmap_msgs) StdoutLine: {'line': b'-- Up-to-date symlink: /home/brace/codeSpace/navi/install/rtabmap_msgs/include/rtabmap_msgs/rtabmap_msgs/srv/detail/publish_map__struct.h\n'}
[0.430724] (rtabmap_msgs) StdoutLine: {'line': b'-- Up-to-date symlink: /home/brace/codeSpace/navi/install/rtabmap_msgs/include/rtabmap_msgs/rtabmap_msgs/srv/detail/publish_map__type_support.h\n'}
[0.430992] (rtabmap_msgs) StdoutLine: {'line': b'-- Up-to-date symlink: /home/brace/codeSpace/navi/install/rtabmap_msgs/include/rtabmap_msgs/rtabmap_msgs/srv/detail/remove_label__functions.h\n'}
[0.431139] (rtabmap_msgs) StdoutLine: {'line': b'-- Up-to-date symlink: /home/brace/codeSpace/navi/install/rtabmap_msgs/include/rtabmap_msgs/rtabmap_msgs/srv/detail/remove_label__struct.h\n'}
[0.431266] (rtabmap_msgs) StdoutLine: {'line': b'-- Up-to-date symlink: /home/brace/codeSpace/navi/install/rtabmap_msgs/include/rtabmap_msgs/rtabmap_msgs/srv/detail/remove_label__type_support.h\n'}
[0.431388] (rtabmap_msgs) StdoutLine: {'line': b'-- Up-to-date symlink: /home/brace/codeSpace/navi/install/rtabmap_msgs/include/rtabmap_msgs/rtabmap_msgs/srv/detail/reset_pose__functions.h\n'}
[0.431511] (rtabmap_msgs) StdoutLine: {'line': b'-- Up-to-date symlink: /home/brace/codeSpace/navi/install/rtabmap_msgs/include/rtabmap_msgs/rtabmap_msgs/srv/detail/reset_pose__struct.h\n'}
[0.431633] (rtabmap_msgs) StdoutLine: {'line': b'-- Up-to-date symlink: /home/brace/codeSpace/navi/install/rtabmap_msgs/include/rtabmap_msgs/rtabmap_msgs/srv/detail/reset_pose__type_support.h\n'}
[0.431759] (rtabmap_msgs) StdoutLine: {'line': b'-- Up-to-date symlink: /home/brace/codeSpace/navi/install/rtabmap_msgs/include/rtabmap_msgs/rtabmap_msgs/srv/detail/set_goal__functions.h\n'}
[0.431888] (rtabmap_msgs) StdoutLine: {'line': b'-- Up-to-date symlink: /home/brace/codeSpace/navi/install/rtabmap_msgs/include/rtabmap_msgs/rtabmap_msgs/srv/detail/set_goal__struct.h\n'}
[0.432015] (rtabmap_msgs) StdoutLine: {'line': b'-- Up-to-date symlink: /home/brace/codeSpace/navi/install/rtabmap_msgs/include/rtabmap_msgs/rtabmap_msgs/srv/detail/set_goal__type_support.h\n'}
[0.432144] (rtabmap_msgs) StdoutLine: {'line': b'-- Up-to-date symlink: /home/brace/codeSpace/navi/install/rtabmap_msgs/include/rtabmap_msgs/rtabmap_msgs/srv/detail/set_label__functions.h\n'}
[0.432298] (rtabmap_msgs) StdoutLine: {'line': b'-- Up-to-date symlink: /home/brace/codeSpace/navi/install/rtabmap_msgs/include/rtabmap_msgs/rtabmap_msgs/srv/detail/set_label__struct.h\n'}
[0.432429] (rtabmap_msgs) StdoutLine: {'line': b'-- Up-to-date symlink: /home/brace/codeSpace/navi/install/rtabmap_msgs/include/rtabmap_msgs/rtabmap_msgs/srv/detail/set_label__type_support.h\n'}
[0.432554] (rtabmap_msgs) StdoutLine: {'line': b'-- Up-to-date symlink: /home/brace/codeSpace/navi/install/rtabmap_msgs/include/rtabmap_msgs/rtabmap_msgs/srv/detect_more_loop_closures.h\n'}
[0.432684] (rtabmap_msgs) StdoutLine: {'line': b'-- Up-to-date symlink: /home/brace/codeSpace/navi/install/rtabmap_msgs/include/rtabmap_msgs/rtabmap_msgs/srv/get_map.h\n'}
[0.432814] (rtabmap_msgs) StdoutLine: {'line': b'-- Up-to-date symlink: /home/brace/codeSpace/navi/install/rtabmap_msgs/include/rtabmap_msgs/rtabmap_msgs/srv/get_map2.h\n'}
[0.432940] (rtabmap_msgs) StdoutLine: {'line': b'-- Up-to-date symlink: /home/brace/codeSpace/navi/install/rtabmap_msgs/include/rtabmap_msgs/rtabmap_msgs/srv/get_node_data.h\n'}
[0.433064] (rtabmap_msgs) StdoutLine: {'line': b'-- Up-to-date symlink: /home/brace/codeSpace/navi/install/rtabmap_msgs/include/rtabmap_msgs/rtabmap_msgs/srv/get_nodes_in_radius.h\n'}
[0.433189] (rtabmap_msgs) StdoutLine: {'line': b'-- Up-to-date symlink: /home/brace/codeSpace/navi/install/rtabmap_msgs/include/rtabmap_msgs/rtabmap_msgs/srv/get_plan.h\n'}
[0.433320] (rtabmap_msgs) StdoutLine: {'line': b'-- Up-to-date symlink: /home/brace/codeSpace/navi/install/rtabmap_msgs/include/rtabmap_msgs/rtabmap_msgs/srv/global_bundle_adjustment.h\n'}
[0.433523] (rtabmap_msgs) StdoutLine: {'line': b'-- Up-to-date symlink: /home/brace/codeSpace/navi/install/rtabmap_msgs/include/rtabmap_msgs/rtabmap_msgs/srv/list_labels.h\n'}
[0.433707] (rtabmap_msgs) StdoutLine: {'line': b'-- Up-to-date symlink: /home/brace/codeSpace/navi/install/rtabmap_msgs/include/rtabmap_msgs/rtabmap_msgs/srv/load_database.h\n'}
[0.433938] (rtabmap_msgs) StdoutLine: {'line': b'-- Up-to-date symlink: /home/brace/codeSpace/navi/install/rtabmap_msgs/include/rtabmap_msgs/rtabmap_msgs/srv/publish_map.h\n'}
[0.434015] (rtabmap_msgs) StdoutLine: {'line': b'-- Up-to-date symlink: /home/brace/codeSpace/navi/install/rtabmap_msgs/include/rtabmap_msgs/rtabmap_msgs/srv/remove_label.h\n'}
[0.434137] (rtabmap_msgs) StdoutLine: {'line': b'-- Up-to-date symlink: /home/brace/codeSpace/navi/install/rtabmap_msgs/include/rtabmap_msgs/rtabmap_msgs/srv/reset_pose.h\n'}
[0.434403] (rtabmap_msgs) StdoutLine: {'line': b'-- Up-to-date symlink: /home/brace/codeSpace/navi/install/rtabmap_msgs/include/rtabmap_msgs/rtabmap_msgs/srv/set_goal.h\n'}
[0.437721] (rtabmap_msgs) StdoutLine: {'line': b'-- Up-to-date symlink: /home/brace/codeSpace/navi/install/rtabmap_msgs/include/rtabmap_msgs/rtabmap_msgs/srv/set_label.h\n'}
[0.438225] (rtabmap_msgs) StdoutLine: {'line': b'-- Up-to-date symlink: /home/brace/codeSpace/navi/install/rtabmap_msgs/share/rtabmap_msgs/environment/library_path.sh\n'}
[0.438388] (rtabmap_msgs) StdoutLine: {'line': b'-- Up-to-date symlink: /home/brace/codeSpace/navi/install/rtabmap_msgs/share/rtabmap_msgs/environment/library_path.dsv\n'}
[0.439308] (rtabmap_msgs) StdoutLine: {'line': b'-- Up-to-date symlink: /home/brace/codeSpace/navi/install/rtabmap_msgs/include/rtabmap_msgs/rtabmap_msgs/msg/detail/camera_model__rosidl_typesupport_fastrtps_c.h\n'}
[0.439516] (rtabmap_msgs) StdoutLine: {'line': b'-- Up-to-date symlink: /home/brace/codeSpace/navi/install/rtabmap_msgs/include/rtabmap_msgs/rtabmap_msgs/msg/detail/camera_models__rosidl_typesupport_fastrtps_c.h\n'}
[0.439603] (rtabmap_msgs) StdoutLine: {'line': b'-- Up-to-date symlink: /home/brace/codeSpace/navi/install/rtabmap_msgs/include/rtabmap_msgs/rtabmap_msgs/msg/detail/env_sensor__rosidl_typesupport_fastrtps_c.h\n'}
[0.439722] (rtabmap_msgs) StdoutLine: {'line': b'-- Up-to-date symlink: /home/brace/codeSpace/navi/install/rtabmap_msgs/include/rtabmap_msgs/rtabmap_msgs/msg/detail/global_descriptor__rosidl_typesupport_fastrtps_c.h\n'}
[0.439989] (rtabmap_msgs) StdoutLine: {'line': b'-- Up-to-date symlink: /home/brace/codeSpace/navi/install/rtabmap_msgs/include/rtabmap_msgs/rtabmap_msgs/msg/detail/goal__rosidl_typesupport_fastrtps_c.h\n'}
[0.440105] (rtabmap_msgs) StdoutLine: {'line': b'-- Up-to-date symlink: /home/brace/codeSpace/navi/install/rtabmap_msgs/include/rtabmap_msgs/rtabmap_msgs/msg/detail/gps__rosidl_typesupport_fastrtps_c.h\n'}
[0.440229] (rtabmap_msgs) StdoutLine: {'line': b'-- Up-to-date symlink: /home/brace/codeSpace/navi/install/rtabmap_msgs/include/rtabmap_msgs/rtabmap_msgs/msg/detail/info__rosidl_typesupport_fastrtps_c.h\n'}
[0.440359] (rtabmap_msgs) StdoutLine: {'line': b'-- Up-to-date symlink: /home/brace/codeSpace/navi/install/rtabmap_msgs/include/rtabmap_msgs/rtabmap_msgs/msg/detail/key_point__rosidl_typesupport_fastrtps_c.h\n'}
[0.440485] (rtabmap_msgs) StdoutLine: {'line': b'-- Up-to-date symlink: /home/brace/codeSpace/navi/install/rtabmap_msgs/include/rtabmap_msgs/rtabmap_msgs/msg/detail/landmark_detection__rosidl_typesupport_fastrtps_c.h\n'}
[0.440612] (rtabmap_msgs) StdoutLine: {'line': b'-- Up-to-date symlink: /home/brace/codeSpace/navi/install/rtabmap_msgs/include/rtabmap_msgs/rtabmap_msgs/msg/detail/landmark_detections__rosidl_typesupport_fastrtps_c.h\n'}
[0.440738] (rtabmap_msgs) StdoutLine: {'line': b'-- Up-to-date symlink: /home/brace/codeSpace/navi/install/rtabmap_msgs/include/rtabmap_msgs/rtabmap_msgs/msg/detail/link__rosidl_typesupport_fastrtps_c.h\n'}
[0.440935] (rtabmap_msgs) StdoutLine: {'line': b'-- Up-to-date symlink: /home/brace/codeSpace/navi/install/rtabmap_msgs/include/rtabmap_msgs/rtabmap_msgs/msg/detail/map_data__rosidl_typesupport_fastrtps_c.h\n'}
[0.441052] (rtabmap_msgs) StdoutLine: {'line': b'-- Up-to-date symlink: /home/brace/codeSpace/navi/install/rtabmap_msgs/include/rtabmap_msgs/rtabmap_msgs/msg/detail/map_graph__rosidl_typesupport_fastrtps_c.h\n'}
[0.441177] (rtabmap_msgs) StdoutLine: {'line': b'-- Up-to-date symlink: /home/brace/codeSpace/navi/install/rtabmap_msgs/include/rtabmap_msgs/rtabmap_msgs/msg/detail/node__rosidl_typesupport_fastrtps_c.h\n'}
[0.441300] (rtabmap_msgs) StdoutLine: {'line': b'-- Up-to-date symlink: /home/brace/codeSpace/navi/install/rtabmap_msgs/include/rtabmap_msgs/rtabmap_msgs/msg/detail/odom_info__rosidl_typesupport_fastrtps_c.h\n'}
[0.441424] (rtabmap_msgs) StdoutLine: {'line': b'-- Up-to-date symlink: /home/brace/codeSpace/navi/install/rtabmap_msgs/include/rtabmap_msgs/rtabmap_msgs/msg/detail/path__rosidl_typesupport_fastrtps_c.h\n'}
[0.441548] (rtabmap_msgs) StdoutLine: {'line': b'-- Up-to-date symlink: /home/brace/codeSpace/navi/install/rtabmap_msgs/include/rtabmap_msgs/rtabmap_msgs/msg/detail/point2f__rosidl_typesupport_fastrtps_c.h\n'}
[0.441675] (rtabmap_msgs) StdoutLine: {'line': b'-- Up-to-date symlink: /home/brace/codeSpace/navi/install/rtabmap_msgs/include/rtabmap_msgs/rtabmap_msgs/msg/detail/point3f__rosidl_typesupport_fastrtps_c.h\n'}
[0.441799] (rtabmap_msgs) StdoutLine: {'line': b'-- Up-to-date symlink: /home/brace/codeSpace/navi/install/rtabmap_msgs/include/rtabmap_msgs/rtabmap_msgs/msg/detail/rgbd_image__rosidl_typesupport_fastrtps_c.h\n'}
[0.441980] (rtabmap_msgs) StdoutLine: {'line': b'-- Up-to-date symlink: /home/brace/codeSpace/navi/install/rtabmap_msgs/include/rtabmap_msgs/rtabmap_msgs/msg/detail/rgbd_images__rosidl_typesupport_fastrtps_c.h\n'}
[0.442107] (rtabmap_msgs) StdoutLine: {'line': b'-- Up-to-date symlink: /home/brace/codeSpace/navi/install/rtabmap_msgs/include/rtabmap_msgs/rtabmap_msgs/msg/detail/scan_descriptor__rosidl_typesupport_fastrtps_c.h\n'}
[0.442250] (rtabmap_msgs) StdoutLine: {'line': b'-- Up-to-date symlink: /home/brace/codeSpace/navi/install/rtabmap_msgs/include/rtabmap_msgs/rtabmap_msgs/msg/detail/sensor_data__rosidl_typesupport_fastrtps_c.h\n'}
[0.442379] (rtabmap_msgs) StdoutLine: {'line': b'-- Up-to-date symlink: /home/brace/codeSpace/navi/install/rtabmap_msgs/include/rtabmap_msgs/rtabmap_msgs/msg/detail/user_data__rosidl_typesupport_fastrtps_c.h\n'}
[0.442615] (rtabmap_msgs) StdoutLine: {'line': b'-- Up-to-date symlink: /home/brace/codeSpace/navi/install/rtabmap_msgs/include/rtabmap_msgs/rtabmap_msgs/msg/rosidl_typesupport_fastrtps_c__visibility_control.h\n'}
[0.442696] (rtabmap_msgs) StdoutLine: {'line': b'-- Up-to-date symlink: /home/brace/codeSpace/navi/install/rtabmap_msgs/include/rtabmap_msgs/rtabmap_msgs/srv/detail/add_link__rosidl_typesupport_fastrtps_c.h\n'}
[0.442821] (rtabmap_msgs) StdoutLine: {'line': b'-- Up-to-date symlink: /home/brace/codeSpace/navi/install/rtabmap_msgs/include/rtabmap_msgs/rtabmap_msgs/srv/detail/cleanup_local_grids__rosidl_typesupport_fastrtps_c.h\n'}
[0.442948] (rtabmap_msgs) StdoutLine: {'line': b'-- Up-to-date symlink: /home/brace/codeSpace/navi/install/rtabmap_msgs/include/rtabmap_msgs/rtabmap_msgs/srv/detail/detect_more_loop_closures__rosidl_typesupport_fastrtps_c.h\n'}
[0.443187] (rtabmap_msgs) StdoutLine: {'line': b'-- Up-to-date symlink: /home/brace/codeSpace/navi/install/rtabmap_msgs/include/rtabmap_msgs/rtabmap_msgs/srv/detail/get_map2__rosidl_typesupport_fastrtps_c.h\n'}
[0.443305] (rtabmap_msgs) StdoutLine: {'line': b'-- Up-to-date symlink: /home/brace/codeSpace/navi/install/rtabmap_msgs/include/rtabmap_msgs/rtabmap_msgs/srv/detail/get_map__rosidl_typesupport_fastrtps_c.h\n'}
[0.443430] (rtabmap_msgs) StdoutLine: {'line': b'-- Up-to-date symlink: /home/brace/codeSpace/navi/install/rtabmap_msgs/include/rtabmap_msgs/rtabmap_msgs/srv/detail/get_node_data__rosidl_typesupport_fastrtps_c.h\n'}
[0.443620] (rtabmap_msgs) StdoutLine: {'line': b'-- Up-to-date symlink: /home/brace/codeSpace/navi/install/rtabmap_msgs/include/rtabmap_msgs/rtabmap_msgs/srv/detail/get_nodes_in_radius__rosidl_typesupport_fastrtps_c.h\n'}
[0.443819] (rtabmap_msgs) StdoutLine: {'line': b'-- Up-to-date symlink: /home/brace/codeSpace/navi/install/rtabmap_msgs/include/rtabmap_msgs/rtabmap_msgs/srv/detail/get_plan__rosidl_typesupport_fastrtps_c.h\n'}
[0.443904] (rtabmap_msgs) StdoutLine: {'line': b'-- Up-to-date symlink: /home/brace/codeSpace/navi/install/rtabmap_msgs/include/rtabmap_msgs/rtabmap_msgs/srv/detail/global_bundle_adjustment__rosidl_typesupport_fastrtps_c.h\n'}
[0.444027] (rtabmap_msgs) StdoutLine: {'line': b'-- Up-to-date symlink: /home/brace/codeSpace/navi/install/rtabmap_msgs/include/rtabmap_msgs/rtabmap_msgs/srv/detail/list_labels__rosidl_typesupport_fastrtps_c.h\n'}
[0.444163] (rtabmap_msgs) StdoutLine: {'line': b'-- Up-to-date symlink: /home/brace/codeSpace/navi/install/rtabmap_msgs/include/rtabmap_msgs/rtabmap_msgs/srv/detail/load_database__rosidl_typesupport_fastrtps_c.h\n'}
[0.444277] (rtabmap_msgs) StdoutLine: {'line': b'-- Up-to-date symlink: /home/brace/codeSpace/navi/install/rtabmap_msgs/include/rtabmap_msgs/rtabmap_msgs/srv/detail/publish_map__rosidl_typesupport_fastrtps_c.h\n'}
[0.444500] (rtabmap_msgs) StdoutLine: {'line': b'-- Up-to-date symlink: /home/brace/codeSpace/navi/install/rtabmap_msgs/include/rtabmap_msgs/rtabmap_msgs/srv/detail/remove_label__rosidl_typesupport_fastrtps_c.h\n'}
[0.444581] (rtabmap_msgs) StdoutLine: {'line': b'-- Up-to-date symlink: /home/brace/codeSpace/navi/install/rtabmap_msgs/include/rtabmap_msgs/rtabmap_msgs/srv/detail/reset_pose__rosidl_typesupport_fastrtps_c.h\n'}
[0.444704] (rtabmap_msgs) StdoutLine: {'line': b'-- Up-to-date symlink: /home/brace/codeSpace/navi/install/rtabmap_msgs/include/rtabmap_msgs/rtabmap_msgs/srv/detail/set_goal__rosidl_typesupport_fastrtps_c.h\n'}
[0.444827] (rtabmap_msgs) StdoutLine: {'line': b'-- Up-to-date symlink: /home/brace/codeSpace/navi/install/rtabmap_msgs/include/rtabmap_msgs/rtabmap_msgs/srv/detail/set_label__rosidl_typesupport_fastrtps_c.h\n'}
[0.445404] (rtabmap_msgs) StdoutLine: {'line': b'-- Up-to-date symlink: /home/brace/codeSpace/navi/install/rtabmap_msgs/include/rtabmap_msgs/rtabmap_msgs/msg/detail/camera_model__rosidl_typesupport_introspection_c.h\n'}
[0.445655] (rtabmap_msgs) StdoutLine: {'line': b'-- Up-to-date symlink: /home/brace/codeSpace/navi/install/rtabmap_msgs/include/rtabmap_msgs/rtabmap_msgs/msg/detail/camera_models__rosidl_typesupport_introspection_c.h\n'}
[0.445774] (rtabmap_msgs) StdoutLine: {'line': b'-- Up-to-date symlink: /home/brace/codeSpace/navi/install/rtabmap_msgs/include/rtabmap_msgs/rtabmap_msgs/msg/detail/env_sensor__rosidl_typesupport_introspection_c.h\n'}
[0.445897] (rtabmap_msgs) StdoutLine: {'line': b'-- Up-to-date symlink: /home/brace/codeSpace/navi/install/rtabmap_msgs/include/rtabmap_msgs/rtabmap_msgs/msg/detail/global_descriptor__rosidl_typesupport_introspection_c.h\n'}
[0.446023] (rtabmap_msgs) StdoutLine: {'line': b'-- Up-to-date symlink: /home/brace/codeSpace/navi/install/rtabmap_msgs/include/rtabmap_msgs/rtabmap_msgs/msg/detail/goal__rosidl_typesupport_introspection_c.h\n'}
[0.446147] (rtabmap_msgs) StdoutLine: {'line': b'-- Up-to-date symlink: /home/brace/codeSpace/navi/install/rtabmap_msgs/include/rtabmap_msgs/rtabmap_msgs/msg/detail/gps__rosidl_typesupport_introspection_c.h\n'}
[0.446274] (rtabmap_msgs) StdoutLine: {'line': b'-- Up-to-date symlink: /home/brace/codeSpace/navi/install/rtabmap_msgs/include/rtabmap_msgs/rtabmap_msgs/msg/detail/info__rosidl_typesupport_introspection_c.h\n'}
[0.446399] (rtabmap_msgs) StdoutLine: {'line': b'-- Up-to-date symlink: /home/brace/codeSpace/navi/install/rtabmap_msgs/include/rtabmap_msgs/rtabmap_msgs/msg/detail/key_point__rosidl_typesupport_introspection_c.h\n'}
[0.446525] (rtabmap_msgs) StdoutLine: {'line': b'-- Up-to-date symlink: /home/brace/codeSpace/navi/install/rtabmap_msgs/include/rtabmap_msgs/rtabmap_msgs/msg/detail/landmark_detection__rosidl_typesupport_introspection_c.h\n'}
[0.446657] (rtabmap_msgs) StdoutLine: {'line': b'-- Up-to-date symlink: /home/brace/codeSpace/navi/install/rtabmap_msgs/include/rtabmap_msgs/rtabmap_msgs/msg/detail/landmark_detections__rosidl_typesupport_introspection_c.h\n'}
[0.446777] (rtabmap_msgs) StdoutLine: {'line': b'-- Up-to-date symlink: /home/brace/codeSpace/navi/install/rtabmap_msgs/include/rtabmap_msgs/rtabmap_msgs/msg/detail/link__rosidl_typesupport_introspection_c.h\n'}
[0.446900] (rtabmap_msgs) StdoutLine: {'line': b'-- Up-to-date symlink: /home/brace/codeSpace/navi/install/rtabmap_msgs/include/rtabmap_msgs/rtabmap_msgs/msg/detail/map_data__rosidl_typesupport_introspection_c.h\n'}
[0.447023] (rtabmap_msgs) StdoutLine: {'line': b'-- Up-to-date symlink: /home/brace/codeSpace/navi/install/rtabmap_msgs/include/rtabmap_msgs/rtabmap_msgs/msg/detail/map_graph__rosidl_typesupport_introspection_c.h\n'}
[0.447183] (rtabmap_msgs) StdoutLine: {'line': b'-- Up-to-date symlink: /home/brace/codeSpace/navi/install/rtabmap_msgs/include/rtabmap_msgs/rtabmap_msgs/msg/detail/node__rosidl_typesupport_introspection_c.h\n'}
[0.447306] (rtabmap_msgs) StdoutLine: {'line': b'-- Up-to-date symlink: /home/brace/codeSpace/navi/install/rtabmap_msgs/include/rtabmap_msgs/rtabmap_msgs/msg/detail/odom_info__rosidl_typesupport_introspection_c.h\n'}
[0.447517] (rtabmap_msgs) StdoutLine: {'line': b'-- Up-to-date symlink: /home/brace/codeSpace/navi/install/rtabmap_msgs/include/rtabmap_msgs/rtabmap_msgs/msg/detail/path__rosidl_typesupport_introspection_c.h\n'}
[0.447643] (rtabmap_msgs) StdoutLine: {'line': b'-- Up-to-date symlink: /home/brace/codeSpace/navi/install/rtabmap_msgs/include/rtabmap_msgs/rtabmap_msgs/msg/detail/point2f__rosidl_typesupport_introspection_c.h\n'}
[0.447760] (rtabmap_msgs) StdoutLine: {'line': b'-- Up-to-date symlink: /home/brace/codeSpace/navi/install/rtabmap_msgs/include/rtabmap_msgs/rtabmap_msgs/msg/detail/point3f__rosidl_typesupport_introspection_c.h\n'}
[0.447949] (rtabmap_msgs) StdoutLine: {'line': b'-- Up-to-date symlink: /home/brace/codeSpace/navi/install/rtabmap_msgs/include/rtabmap_msgs/rtabmap_msgs/msg/detail/rgbd_image__rosidl_typesupport_introspection_c.h\n'}
[0.448073] (rtabmap_msgs) StdoutLine: {'line': b'-- Up-to-date symlink: /home/brace/codeSpace/navi/install/rtabmap_msgs/include/rtabmap_msgs/rtabmap_msgs/msg/detail/rgbd_images__rosidl_typesupport_introspection_c.h\n'}
[0.448198] (rtabmap_msgs) StdoutLine: {'line': b'-- Up-to-date symlink: /home/brace/codeSpace/navi/install/rtabmap_msgs/include/rtabmap_msgs/rtabmap_msgs/msg/detail/scan_descriptor__rosidl_typesupport_introspection_c.h\n'}
[0.448323] (rtabmap_msgs) StdoutLine: {'line': b'-- Up-to-date symlink: /home/brace/codeSpace/navi/install/rtabmap_msgs/include/rtabmap_msgs/rtabmap_msgs/msg/detail/sensor_data__rosidl_typesupport_introspection_c.h\n'}
[0.448453] (rtabmap_msgs) StdoutLine: {'line': b'-- Up-to-date symlink: /home/brace/codeSpace/navi/install/rtabmap_msgs/include/rtabmap_msgs/rtabmap_msgs/msg/detail/user_data__rosidl_typesupport_introspection_c.h\n'}
[0.448567] (rtabmap_msgs) StdoutLine: {'line': b'-- Up-to-date symlink: /home/brace/codeSpace/navi/install/rtabmap_msgs/include/rtabmap_msgs/rtabmap_msgs/msg/rosidl_typesupport_introspection_c__visibility_control.h\n'}
[0.448734] (rtabmap_msgs) StdoutLine: {'line': b'-- Up-to-date symlink: /home/brace/codeSpace/navi/install/rtabmap_msgs/include/rtabmap_msgs/rtabmap_msgs/srv/detail/add_link__rosidl_typesupport_introspection_c.h\n'}
[0.449126] (rtabmap_msgs) StdoutLine: {'line': b'-- Up-to-date symlink: /home/brace/codeSpace/navi/install/rtabmap_msgs/include/rtabmap_msgs/rtabmap_msgs/srv/detail/cleanup_local_grids__rosidl_typesupport_introspection_c.h\n'}
[0.449173] (rtabmap_msgs) StdoutLine: {'line': b'-- Up-to-date symlink: /home/brace/codeSpace/navi/install/rtabmap_msgs/include/rtabmap_msgs/rtabmap_msgs/srv/detail/detect_more_loop_closures__rosidl_typesupport_introspection_c.h\n'}
[0.449298] (rtabmap_msgs) StdoutLine: {'line': b'-- Up-to-date symlink: /home/brace/codeSpace/navi/install/rtabmap_msgs/include/rtabmap_msgs/rtabmap_msgs/srv/detail/get_map2__rosidl_typesupport_introspection_c.h\n'}
[0.449421] (rtabmap_msgs) StdoutLine: {'line': b'-- Up-to-date symlink: /home/brace/codeSpace/navi/install/rtabmap_msgs/include/rtabmap_msgs/rtabmap_msgs/srv/detail/get_map__rosidl_typesupport_introspection_c.h\n'}
[0.449553] (rtabmap_msgs) StdoutLine: {'line': b'-- Up-to-date symlink: /home/brace/codeSpace/navi/install/rtabmap_msgs/include/rtabmap_msgs/rtabmap_msgs/srv/detail/get_node_data__rosidl_typesupport_introspection_c.h\n'}
[0.449666] (rtabmap_msgs) StdoutLine: {'line': b'-- Up-to-date symlink: /home/brace/codeSpace/navi/install/rtabmap_msgs/include/rtabmap_msgs/rtabmap_msgs/srv/detail/get_nodes_in_radius__rosidl_typesupport_introspection_c.h\n'}
[0.449790] (rtabmap_msgs) StdoutLine: {'line': b'-- Up-to-date symlink: /home/brace/codeSpace/navi/install/rtabmap_msgs/include/rtabmap_msgs/rtabmap_msgs/srv/detail/get_plan__rosidl_typesupport_introspection_c.h\n'}
[0.449913] (rtabmap_msgs) StdoutLine: {'line': b'-- Up-to-date symlink: /home/brace/codeSpace/navi/install/rtabmap_msgs/include/rtabmap_msgs/rtabmap_msgs/srv/detail/global_bundle_adjustment__rosidl_typesupport_introspection_c.h\n'}
[0.450107] (rtabmap_msgs) StdoutLine: {'line': b'-- Up-to-date symlink: /home/brace/codeSpace/navi/install/rtabmap_msgs/include/rtabmap_msgs/rtabmap_msgs/srv/detail/list_labels__rosidl_typesupport_introspection_c.h\n'}
[0.450232] (rtabmap_msgs) StdoutLine: {'line': b'-- Up-to-date symlink: /home/brace/codeSpace/navi/install/rtabmap_msgs/include/rtabmap_msgs/rtabmap_msgs/srv/detail/load_database__rosidl_typesupport_introspection_c.h\n'}
[0.450360] (rtabmap_msgs) StdoutLine: {'line': b'-- Up-to-date symlink: /home/brace/codeSpace/navi/install/rtabmap_msgs/include/rtabmap_msgs/rtabmap_msgs/srv/detail/publish_map__rosidl_typesupport_introspection_c.h\n'}
[0.450483] (rtabmap_msgs) StdoutLine: {'line': b'-- Up-to-date symlink: /home/brace/codeSpace/navi/install/rtabmap_msgs/include/rtabmap_msgs/rtabmap_msgs/srv/detail/remove_label__rosidl_typesupport_introspection_c.h\n'}
[0.450606] (rtabmap_msgs) StdoutLine: {'line': b'-- Up-to-date symlink: /home/brace/codeSpace/navi/install/rtabmap_msgs/include/rtabmap_msgs/rtabmap_msgs/srv/detail/reset_pose__rosidl_typesupport_introspection_c.h\n'}
[0.450730] (rtabmap_msgs) StdoutLine: {'line': b'-- Up-to-date symlink: /home/brace/codeSpace/navi/install/rtabmap_msgs/include/rtabmap_msgs/rtabmap_msgs/srv/detail/set_goal__rosidl_typesupport_introspection_c.h\n'}
[0.450855] (rtabmap_msgs) StdoutLine: {'line': b'-- Up-to-date symlink: /home/brace/codeSpace/navi/install/rtabmap_msgs/include/rtabmap_msgs/rtabmap_msgs/srv/detail/set_label__rosidl_typesupport_introspection_c.h\n'}
[0.452053] (rtabmap_msgs) StdoutLine: {'line': b'-- Up-to-date symlink: /home/brace/codeSpace/navi/install/rtabmap_msgs/include/rtabmap_msgs/rtabmap_msgs/msg/camera_model.hpp\n'}
[0.452342] (rtabmap_msgs) StdoutLine: {'line': b'-- Up-to-date symlink: /home/brace/codeSpace/navi/install/rtabmap_msgs/include/rtabmap_msgs/rtabmap_msgs/msg/camera_models.hpp\n'}
[0.452520] (rtabmap_msgs) StdoutLine: {'line': b'-- Up-to-date symlink: /home/brace/codeSpace/navi/install/rtabmap_msgs/include/rtabmap_msgs/rtabmap_msgs/msg/detail/camera_model__builder.hpp\n'}
[0.452678] (rtabmap_msgs) StdoutLine: {'line': b'-- Up-to-date symlink: /home/brace/codeSpace/navi/install/rtabmap_msgs/include/rtabmap_msgs/rtabmap_msgs/msg/detail/camera_model__struct.hpp\n'}
[0.452853] (rtabmap_msgs) StdoutLine: {'line': b'-- Up-to-date symlink: /home/brace/codeSpace/navi/install/rtabmap_msgs/include/rtabmap_msgs/rtabmap_msgs/msg/detail/camera_model__traits.hpp\n'}
[0.453012] (rtabmap_msgs) StdoutLine: {'line': b'-- Up-to-date symlink: /home/brace/codeSpace/navi/install/rtabmap_msgs/include/rtabmap_msgs/rtabmap_msgs/msg/detail/camera_model__type_support.hpp\n'}
[0.453229] (rtabmap_msgs) StdoutLine: {'line': b'-- Up-to-date symlink: /home/brace/codeSpace/navi/install/rtabmap_msgs/include/rtabmap_msgs/rtabmap_msgs/msg/detail/camera_models__builder.hpp\n'}
[0.453337] (rtabmap_msgs) StdoutLine: {'line': b'-- Up-to-date symlink: /home/brace/codeSpace/navi/install/rtabmap_msgs/include/rtabmap_msgs/rtabmap_msgs/msg/detail/camera_models__struct.hpp\n'}
[0.453466] (rtabmap_msgs) StdoutLine: {'line': b'-- Up-to-date symlink: /home/brace/codeSpace/navi/install/rtabmap_msgs/include/rtabmap_msgs/rtabmap_msgs/msg/detail/camera_models__traits.hpp\n'}
[0.453726] (rtabmap_msgs) StdoutLine: {'line': b'-- Up-to-date symlink: /home/brace/codeSpace/navi/install/rtabmap_msgs/include/rtabmap_msgs/rtabmap_msgs/msg/detail/camera_models__type_support.hpp\n'}
[0.453911] (rtabmap_msgs) StdoutLine: {'line': b'-- Up-to-date symlink: /home/brace/codeSpace/navi/install/rtabmap_msgs/include/rtabmap_msgs/rtabmap_msgs/msg/detail/env_sensor__builder.hpp\n'}
[0.454021] (rtabmap_msgs) StdoutLine: {'line': b'-- Up-to-date symlink: /home/brace/codeSpace/navi/install/rtabmap_msgs/include/rtabmap_msgs/rtabmap_msgs/msg/detail/env_sensor__struct.hpp\n'}
[0.454298] (rtabmap_msgs) StdoutLine: {'line': b'-- Up-to-date symlink: /home/brace/codeSpace/navi/install/rtabmap_msgs/include/rtabmap_msgs/rtabmap_msgs/msg/detail/env_sensor__traits.hpp\n'}
[0.454408] (rtabmap_msgs) StdoutLine: {'line': b'-- Up-to-date symlink: /home/brace/codeSpace/navi/install/rtabmap_msgs/include/rtabmap_msgs/rtabmap_msgs/msg/detail/env_sensor__type_support.hpp\n'}
[0.454587] (rtabmap_msgs) StdoutLine: {'line': b'-- Up-to-date symlink: /home/brace/codeSpace/navi/install/rtabmap_msgs/include/rtabmap_msgs/rtabmap_msgs/msg/detail/global_descriptor__builder.hpp\n'}
[0.454815] (rtabmap_msgs) StdoutLine: {'line': b'-- Up-to-date symlink: /home/brace/codeSpace/navi/install/rtabmap_msgs/include/rtabmap_msgs/rtabmap_msgs/msg/detail/global_descriptor__struct.hpp\n'}
[0.454908] (rtabmap_msgs) StdoutLine: {'line': b'-- Up-to-date symlink: /home/brace/codeSpace/navi/install/rtabmap_msgs/include/rtabmap_msgs/rtabmap_msgs/msg/detail/global_descriptor__traits.hpp\n'}
[0.455041] (rtabmap_msgs) StdoutLine: {'line': b'-- Up-to-date symlink: /home/brace/codeSpace/navi/install/rtabmap_msgs/include/rtabmap_msgs/rtabmap_msgs/msg/detail/global_descriptor__type_support.hpp\n'}
[0.455123] (rtabmap_msgs) StdoutLine: {'line': b'-- Up-to-date symlink: /home/brace/codeSpace/navi/install/rtabmap_msgs/include/rtabmap_msgs/rtabmap_msgs/msg/detail/goal__builder.hpp\n'}
[0.455288] (rtabmap_msgs) StdoutLine: {'line': b'-- Up-to-date symlink: /home/brace/codeSpace/navi/install/rtabmap_msgs/include/rtabmap_msgs/rtabmap_msgs/msg/detail/goal__struct.hpp\n'}
[0.455382] (rtabmap_msgs) StdoutLine: {'line': b'-- Up-to-date symlink: /home/brace/codeSpace/navi/install/rtabmap_msgs/include/rtabmap_msgs/rtabmap_msgs/msg/detail/goal__traits.hpp\n'}
[0.455528] (rtabmap_msgs) StdoutLine: {'line': b'-- Up-to-date symlink: /home/brace/codeSpace/navi/install/rtabmap_msgs/include/rtabmap_msgs/rtabmap_msgs/msg/detail/goal__type_support.hpp\n'}
[0.455617] (rtabmap_msgs) StdoutLine: {'line': b'-- Up-to-date symlink: /home/brace/codeSpace/navi/install/rtabmap_msgs/include/rtabmap_msgs/rtabmap_msgs/msg/detail/gps__builder.hpp\n'}
[0.455794] (rtabmap_msgs) StdoutLine: {'line': b'-- Up-to-date symlink: /home/brace/codeSpace/navi/install/rtabmap_msgs/include/rtabmap_msgs/rtabmap_msgs/msg/detail/gps__struct.hpp\n'}
[0.455930] (rtabmap_msgs) StdoutLine: {'line': b'-- Up-to-date symlink: /home/brace/codeSpace/navi/install/rtabmap_msgs/include/rtabmap_msgs/rtabmap_msgs/msg/detail/gps__traits.hpp\n'}
[0.456047] (rtabmap_msgs) StdoutLine: {'line': b'-- Up-to-date symlink: /home/brace/codeSpace/navi/install/rtabmap_msgs/include/rtabmap_msgs/rtabmap_msgs/msg/detail/gps__type_support.hpp\n'}
[0.456259] (rtabmap_msgs) StdoutLine: {'line': b'-- Up-to-date symlink: /home/brace/codeSpace/navi/install/rtabmap_msgs/include/rtabmap_msgs/rtabmap_msgs/msg/detail/info__builder.hpp\n'}
[0.456450] (rtabmap_msgs) StdoutLine: {'line': b'-- Up-to-date symlink: /home/brace/codeSpace/navi/install/rtabmap_msgs/include/rtabmap_msgs/rtabmap_msgs/msg/detail/info__struct.hpp\n'}
[0.456587] (rtabmap_msgs) StdoutLine: {'line': b'-- Up-to-date symlink: /home/brace/codeSpace/navi/install/rtabmap_msgs/include/rtabmap_msgs/rtabmap_msgs/msg/detail/info__traits.hpp\n'}
[0.456708] (rtabmap_msgs) StdoutLine: {'line': b'-- Up-to-date symlink: /home/brace/codeSpace/navi/install/rtabmap_msgs/include/rtabmap_msgs/rtabmap_msgs/msg/detail/info__type_support.hpp\n'}
[0.456835] (rtabmap_msgs) StdoutLine: {'line': b'-- Up-to-date symlink: /home/brace/codeSpace/navi/install/rtabmap_msgs/include/rtabmap_msgs/rtabmap_msgs/msg/detail/key_point__builder.hpp\n'}
[0.456968] (rtabmap_msgs) StdoutLine: {'line': b'-- Up-to-date symlink: /home/brace/codeSpace/navi/install/rtabmap_msgs/include/rtabmap_msgs/rtabmap_msgs/msg/detail/key_point__struct.hpp\n'}
[0.457085] (rtabmap_msgs) StdoutLine: {'line': b'-- Up-to-date symlink: /home/brace/codeSpace/navi/install/rtabmap_msgs/include/rtabmap_msgs/rtabmap_msgs/msg/detail/key_point__traits.hpp\n'}
[0.457214] (rtabmap_msgs) StdoutLine: {'line': b'-- Up-to-date symlink: /home/brace/codeSpace/navi/install/rtabmap_msgs/include/rtabmap_msgs/rtabmap_msgs/msg/detail/key_point__type_support.hpp\n'}
[0.457434] (rtabmap_msgs) StdoutLine: {'line': b'-- Up-to-date symlink: /home/brace/codeSpace/navi/install/rtabmap_msgs/include/rtabmap_msgs/rtabmap_msgs/msg/detail/landmark_detection__builder.hpp\n'}
[0.457609] (rtabmap_msgs) StdoutLine: {'line': b'-- Up-to-date symlink: /home/brace/codeSpace/navi/install/rtabmap_msgs/include/rtabmap_msgs/rtabmap_msgs/msg/detail/landmark_detection__struct.hpp\n'}
[0.457807] (rtabmap_msgs) StdoutLine: {'line': b'-- Up-to-date symlink: /home/brace/codeSpace/navi/install/rtabmap_msgs/include/rtabmap_msgs/rtabmap_msgs/msg/detail/landmark_detection__traits.hpp\n'}
[0.457930] (rtabmap_msgs) StdoutLine: {'line': b'-- Up-to-date symlink: /home/brace/codeSpace/navi/install/rtabmap_msgs/include/rtabmap_msgs/rtabmap_msgs/msg/detail/landmark_detection__type_support.hpp\n'}
[0.458134] (rtabmap_msgs) StdoutLine: {'line': b'-- Up-to-date symlink: /home/brace/codeSpace/navi/install/rtabmap_msgs/include/rtabmap_msgs/rtabmap_msgs/msg/detail/landmark_detections__builder.hpp\n'}
[0.458257] (rtabmap_msgs) StdoutLine: {'line': b'-- Up-to-date symlink: /home/brace/codeSpace/navi/install/rtabmap_msgs/include/rtabmap_msgs/rtabmap_msgs/msg/detail/landmark_detections__struct.hpp\n'}
[0.458434] (rtabmap_msgs) StdoutLine: {'line': b'-- Up-to-date symlink: /home/brace/codeSpace/navi/install/rtabmap_msgs/include/rtabmap_msgs/rtabmap_msgs/msg/detail/landmark_detections__traits.hpp\n'}
[0.458548] (rtabmap_msgs) StdoutLine: {'line': b'-- Up-to-date symlink: /home/brace/codeSpace/navi/install/rtabmap_msgs/include/rtabmap_msgs/rtabmap_msgs/msg/detail/landmark_detections__type_support.hpp\n'}
[0.458645] (rtabmap_msgs) StdoutLine: {'line': b'-- Up-to-date symlink: /home/brace/codeSpace/navi/install/rtabmap_msgs/include/rtabmap_msgs/rtabmap_msgs/msg/detail/link__builder.hpp\n'}
[0.458776] (rtabmap_msgs) StdoutLine: {'line': b'-- Up-to-date symlink: /home/brace/codeSpace/navi/install/rtabmap_msgs/include/rtabmap_msgs/rtabmap_msgs/msg/detail/link__struct.hpp\n'}
[0.458910] (rtabmap_msgs) StdoutLine: {'line': b'-- Up-to-date symlink: /home/brace/codeSpace/navi/install/rtabmap_msgs/include/rtabmap_msgs/rtabmap_msgs/msg/detail/link__traits.hpp\n'}
[0.459046] (rtabmap_msgs) StdoutLine: {'line': b'-- Up-to-date symlink: /home/brace/codeSpace/navi/install/rtabmap_msgs/include/rtabmap_msgs/rtabmap_msgs/msg/detail/link__type_support.hpp\n'}
[0.459171] (rtabmap_msgs) StdoutLine: {'line': b'-- Up-to-date symlink: /home/brace/codeSpace/navi/install/rtabmap_msgs/include/rtabmap_msgs/rtabmap_msgs/msg/detail/map_data__builder.hpp\n'}
[0.459302] (rtabmap_msgs) StdoutLine: {'line': b'-- Up-to-date symlink: /home/brace/codeSpace/navi/install/rtabmap_msgs/include/rtabmap_msgs/rtabmap_msgs/msg/detail/map_data__struct.hpp\n'}
[0.459439] (rtabmap_msgs) StdoutLine: {'line': b'-- Up-to-date symlink: /home/brace/codeSpace/navi/install/rtabmap_msgs/include/rtabmap_msgs/rtabmap_msgs/msg/detail/map_data__traits.hpp\n'}
[0.459567] (rtabmap_msgs) StdoutLine: {'line': b'-- Up-to-date symlink: /home/brace/codeSpace/navi/install/rtabmap_msgs/include/rtabmap_msgs/rtabmap_msgs/msg/detail/map_data__type_support.hpp\n'}
[0.459733] (rtabmap_msgs) StdoutLine: {'line': b'-- Up-to-date symlink: /home/brace/codeSpace/navi/install/rtabmap_msgs/include/rtabmap_msgs/rtabmap_msgs/msg/detail/map_graph__builder.hpp\n'}
[0.459899] (rtabmap_msgs) StdoutLine: {'line': b'-- Up-to-date symlink: /home/brace/codeSpace/navi/install/rtabmap_msgs/include/rtabmap_msgs/rtabmap_msgs/msg/detail/map_graph__struct.hpp\n'}
[0.459985] (rtabmap_msgs) StdoutLine: {'line': b'-- Up-to-date symlink: /home/brace/codeSpace/navi/install/rtabmap_msgs/include/rtabmap_msgs/rtabmap_msgs/msg/detail/map_graph__traits.hpp\n'}
[0.460113] (rtabmap_msgs) StdoutLine: {'line': b'-- Up-to-date symlink: /home/brace/codeSpace/navi/install/rtabmap_msgs/include/rtabmap_msgs/rtabmap_msgs/msg/detail/map_graph__type_support.hpp\n'}
[0.460244] (rtabmap_msgs) StdoutLine: {'line': b'-- Up-to-date symlink: /home/brace/codeSpace/navi/install/rtabmap_msgs/include/rtabmap_msgs/rtabmap_msgs/msg/detail/node__builder.hpp\n'}
[0.460374] (rtabmap_msgs) StdoutLine: {'line': b'-- Up-to-date symlink: /home/brace/codeSpace/navi/install/rtabmap_msgs/include/rtabmap_msgs/rtabmap_msgs/msg/detail/node__struct.hpp\n'}
[0.460499] (rtabmap_msgs) StdoutLine: {'line': b'-- Up-to-date symlink: /home/brace/codeSpace/navi/install/rtabmap_msgs/include/rtabmap_msgs/rtabmap_msgs/msg/detail/node__traits.hpp\n'}
[0.460628] (rtabmap_msgs) StdoutLine: {'line': b'-- Up-to-date symlink: /home/brace/codeSpace/navi/install/rtabmap_msgs/include/rtabmap_msgs/rtabmap_msgs/msg/detail/node__type_support.hpp\n'}
[0.460767] (rtabmap_msgs) StdoutLine: {'line': b'-- Up-to-date symlink: /home/brace/codeSpace/navi/install/rtabmap_msgs/include/rtabmap_msgs/rtabmap_msgs/msg/detail/odom_info__builder.hpp\n'}
[0.460890] (rtabmap_msgs) StdoutLine: {'line': b'-- Up-to-date symlink: /home/brace/codeSpace/navi/install/rtabmap_msgs/include/rtabmap_msgs/rtabmap_msgs/msg/detail/odom_info__struct.hpp\n'}
[0.461017] (rtabmap_msgs) StdoutLine: {'line': b'-- Up-to-date symlink: /home/brace/codeSpace/navi/install/rtabmap_msgs/include/rtabmap_msgs/rtabmap_msgs/msg/detail/odom_info__traits.hpp\n'}
[0.461150] (rtabmap_msgs) StdoutLine: {'line': b'-- Up-to-date symlink: /home/brace/codeSpace/navi/install/rtabmap_msgs/include/rtabmap_msgs/rtabmap_msgs/msg/detail/odom_info__type_support.hpp\n'}
[0.461282] (rtabmap_msgs) StdoutLine: {'line': b'-- Up-to-date symlink: /home/brace/codeSpace/navi/install/rtabmap_msgs/include/rtabmap_msgs/rtabmap_msgs/msg/detail/path__builder.hpp\n'}
[0.461418] (rtabmap_msgs) StdoutLine: {'line': b'-- Up-to-date symlink: /home/brace/codeSpace/navi/install/rtabmap_msgs/include/rtabmap_msgs/rtabmap_msgs/msg/detail/path__struct.hpp\n'}
[0.461548] (rtabmap_msgs) StdoutLine: {'line': b'-- Up-to-date symlink: /home/brace/codeSpace/navi/install/rtabmap_msgs/include/rtabmap_msgs/rtabmap_msgs/msg/detail/path__traits.hpp\n'}
[0.461673] (rtabmap_msgs) StdoutLine: {'line': b'-- Up-to-date symlink: /home/brace/codeSpace/navi/install/rtabmap_msgs/include/rtabmap_msgs/rtabmap_msgs/msg/detail/path__type_support.hpp\n'}
[0.461840] (rtabmap_msgs) StdoutLine: {'line': b'-- Up-to-date symlink: /home/brace/codeSpace/navi/install/rtabmap_msgs/include/rtabmap_msgs/rtabmap_msgs/msg/detail/point2f__builder.hpp\n'}
[0.462030] (rtabmap_msgs) StdoutLine: {'line': b'-- Up-to-date symlink: /home/brace/codeSpace/navi/install/rtabmap_msgs/include/rtabmap_msgs/rtabmap_msgs/msg/detail/point2f__struct.hpp\n'}
[0.462159] (rtabmap_msgs) StdoutLine: {'line': b'-- Up-to-date symlink: /home/brace/codeSpace/navi/install/rtabmap_msgs/include/rtabmap_msgs/rtabmap_msgs/msg/detail/point2f__traits.hpp\n'}
[0.462288] (rtabmap_msgs) StdoutLine: {'line': b'-- Up-to-date symlink: /home/brace/codeSpace/navi/install/rtabmap_msgs/include/rtabmap_msgs/rtabmap_msgs/msg/detail/point2f__type_support.hpp\n'}
[0.462413] (rtabmap_msgs) StdoutLine: {'line': b'-- Up-to-date symlink: /home/brace/codeSpace/navi/install/rtabmap_msgs/include/rtabmap_msgs/rtabmap_msgs/msg/detail/point3f__builder.hpp\n'}
[0.462644] (rtabmap_msgs) StdoutLine: {'line': b'-- Up-to-date symlink: /home/brace/codeSpace/navi/install/rtabmap_msgs/include/rtabmap_msgs/rtabmap_msgs/msg/detail/point3f__struct.hpp\n'}
[0.462733] (rtabmap_msgs) StdoutLine: {'line': b'-- Up-to-date symlink: /home/brace/codeSpace/navi/install/rtabmap_msgs/include/rtabmap_msgs/rtabmap_msgs/msg/detail/point3f__traits.hpp\n'}
[0.462862] (rtabmap_msgs) StdoutLine: {'line': b'-- Up-to-date symlink: /home/brace/codeSpace/navi/install/rtabmap_msgs/include/rtabmap_msgs/rtabmap_msgs/msg/detail/point3f__type_support.hpp\n'}
[0.462986] (rtabmap_msgs) StdoutLine: {'line': b'-- Up-to-date symlink: /home/brace/codeSpace/navi/install/rtabmap_msgs/include/rtabmap_msgs/rtabmap_msgs/msg/detail/rgbd_image__builder.hpp\n'}
[0.463116] (rtabmap_msgs) StdoutLine: {'line': b'-- Up-to-date symlink: /home/brace/codeSpace/navi/install/rtabmap_msgs/include/rtabmap_msgs/rtabmap_msgs/msg/detail/rgbd_image__struct.hpp\n'}
[0.463245] (rtabmap_msgs) StdoutLine: {'line': b'-- Up-to-date symlink: /home/brace/codeSpace/navi/install/rtabmap_msgs/include/rtabmap_msgs/rtabmap_msgs/msg/detail/rgbd_image__traits.hpp\n'}
[0.463376] (rtabmap_msgs) StdoutLine: {'line': b'-- Up-to-date symlink: /home/brace/codeSpace/navi/install/rtabmap_msgs/include/rtabmap_msgs/rtabmap_msgs/msg/detail/rgbd_image__type_support.hpp\n'}
[0.463504] (rtabmap_msgs) StdoutLine: {'line': b'-- Up-to-date symlink: /home/brace/codeSpace/navi/install/rtabmap_msgs/include/rtabmap_msgs/rtabmap_msgs/msg/detail/rgbd_images__builder.hpp\n'}
[0.463632] (rtabmap_msgs) StdoutLine: {'line': b'-- Up-to-date symlink: /home/brace/codeSpace/navi/install/rtabmap_msgs/include/rtabmap_msgs/rtabmap_msgs/msg/detail/rgbd_images__struct.hpp\n'}
[0.463831] (rtabmap_msgs) StdoutLine: {'line': b'-- Up-to-date symlink: /home/brace/codeSpace/navi/install/rtabmap_msgs/include/rtabmap_msgs/rtabmap_msgs/msg/detail/rgbd_images__traits.hpp\n'}
[0.463994] (rtabmap_msgs) StdoutLine: {'line': b'-- Up-to-date symlink: /home/brace/codeSpace/navi/install/rtabmap_msgs/include/rtabmap_msgs/rtabmap_msgs/msg/detail/rgbd_images__type_support.hpp\n'}
[0.464123] (rtabmap_msgs) StdoutLine: {'line': b'-- Up-to-date symlink: /home/brace/codeSpace/navi/install/rtabmap_msgs/include/rtabmap_msgs/rtabmap_msgs/msg/detail/scan_descriptor__builder.hpp\n'}
[0.464256] (rtabmap_msgs) StdoutLine: {'line': b'-- Up-to-date symlink: /home/brace/codeSpace/navi/install/rtabmap_msgs/include/rtabmap_msgs/rtabmap_msgs/msg/detail/scan_descriptor__struct.hpp\n'}
[0.464382] (rtabmap_msgs) StdoutLine: {'line': b'-- Up-to-date symlink: /home/brace/codeSpace/navi/install/rtabmap_msgs/include/rtabmap_msgs/rtabmap_msgs/msg/detail/scan_descriptor__traits.hpp\n'}
[0.464511] (rtabmap_msgs) StdoutLine: {'line': b'-- Up-to-date symlink: /home/brace/codeSpace/navi/install/rtabmap_msgs/include/rtabmap_msgs/rtabmap_msgs/msg/detail/scan_descriptor__type_support.hpp\n'}
[0.464740] (rtabmap_msgs) StdoutLine: {'line': b'-- Up-to-date symlink: /home/brace/codeSpace/navi/install/rtabmap_msgs/include/rtabmap_msgs/rtabmap_msgs/msg/detail/sensor_data__builder.hpp\n'}
[0.464870] (rtabmap_msgs) StdoutLine: {'line': b'-- Up-to-date symlink: /home/brace/codeSpace/navi/install/rtabmap_msgs/include/rtabmap_msgs/rtabmap_msgs/msg/detail/sensor_data__struct.hpp\n'}
[0.464999] (rtabmap_msgs) StdoutLine: {'line': b'-- Up-to-date symlink: /home/brace/codeSpace/navi/install/rtabmap_msgs/include/rtabmap_msgs/rtabmap_msgs/msg/detail/sensor_data__traits.hpp\n'}
[0.465191] (rtabmap_msgs) StdoutLine: {'line': b'-- Up-to-date symlink: /home/brace/codeSpace/navi/install/rtabmap_msgs/include/rtabmap_msgs/rtabmap_msgs/msg/detail/sensor_data__type_support.hpp\n'}
[0.465275] (rtabmap_msgs) StdoutLine: {'line': b'-- Up-to-date symlink: /home/brace/codeSpace/navi/install/rtabmap_msgs/include/rtabmap_msgs/rtabmap_msgs/msg/detail/user_data__builder.hpp\n'}
[0.465395] (rtabmap_msgs) StdoutLine: {'line': b'-- Up-to-date symlink: /home/brace/codeSpace/navi/install/rtabmap_msgs/include/rtabmap_msgs/rtabmap_msgs/msg/detail/user_data__struct.hpp\n'}
[0.465522] (rtabmap_msgs) StdoutLine: {'line': b'-- Up-to-date symlink: /home/brace/codeSpace/navi/install/rtabmap_msgs/include/rtabmap_msgs/rtabmap_msgs/msg/detail/user_data__traits.hpp\n'}
[0.465646] (rtabmap_msgs) StdoutLine: {'line': b'-- Up-to-date symlink: /home/brace/codeSpace/navi/install/rtabmap_msgs/include/rtabmap_msgs/rtabmap_msgs/msg/detail/user_data__type_support.hpp\n'}
[0.465772] (rtabmap_msgs) StdoutLine: {'line': b'-- Up-to-date symlink: /home/brace/codeSpace/navi/install/rtabmap_msgs/include/rtabmap_msgs/rtabmap_msgs/msg/env_sensor.hpp\n'}
[0.465897] (rtabmap_msgs) StdoutLine: {'line': b'-- Up-to-date symlink: /home/brace/codeSpace/navi/install/rtabmap_msgs/include/rtabmap_msgs/rtabmap_msgs/msg/global_descriptor.hpp\n'}
[0.466086] (rtabmap_msgs) StdoutLine: {'line': b'-- Up-to-date symlink: /home/brace/codeSpace/navi/install/rtabmap_msgs/include/rtabmap_msgs/rtabmap_msgs/msg/goal.hpp\n'}
[0.466209] (rtabmap_msgs) StdoutLine: {'line': b'-- Up-to-date symlink: /home/brace/codeSpace/navi/install/rtabmap_msgs/include/rtabmap_msgs/rtabmap_msgs/msg/gps.hpp\n'}
[0.466338] (rtabmap_msgs) StdoutLine: {'line': b'-- Up-to-date symlink: /home/brace/codeSpace/navi/install/rtabmap_msgs/include/rtabmap_msgs/rtabmap_msgs/msg/info.hpp\n'}
[0.466463] (rtabmap_msgs) StdoutLine: {'line': b'-- Up-to-date symlink: /home/brace/codeSpace/navi/install/rtabmap_msgs/include/rtabmap_msgs/rtabmap_msgs/msg/key_point.hpp\n'}
[0.466591] (rtabmap_msgs) StdoutLine: {'line': b'-- Up-to-date symlink: /home/brace/codeSpace/navi/install/rtabmap_msgs/include/rtabmap_msgs/rtabmap_msgs/msg/landmark_detection.hpp\n'}
[0.466720] (rtabmap_msgs) StdoutLine: {'line': b'-- Up-to-date symlink: /home/brace/codeSpace/navi/install/rtabmap_msgs/include/rtabmap_msgs/rtabmap_msgs/msg/landmark_detections.hpp\n'}
[0.466873] (rtabmap_msgs) StdoutLine: {'line': b'-- Up-to-date symlink: /home/brace/codeSpace/navi/install/rtabmap_msgs/include/rtabmap_msgs/rtabmap_msgs/msg/link.hpp\n'}
[0.466954] (rtabmap_msgs) StdoutLine: {'line': b'-- Up-to-date symlink: /home/brace/codeSpace/navi/install/rtabmap_msgs/include/rtabmap_msgs/rtabmap_msgs/msg/map_data.hpp\n'}
[0.467075] (rtabmap_msgs) StdoutLine: {'line': b'-- Up-to-date symlink: /home/brace/codeSpace/navi/install/rtabmap_msgs/include/rtabmap_msgs/rtabmap_msgs/msg/map_graph.hpp\n'}
[0.467195] (rtabmap_msgs) StdoutLine: {'line': b'-- Up-to-date symlink: /home/brace/codeSpace/navi/install/rtabmap_msgs/include/rtabmap_msgs/rtabmap_msgs/msg/node.hpp\n'}
[0.467319] (rtabmap_msgs) StdoutLine: {'line': b'-- Up-to-date symlink: /home/brace/codeSpace/navi/install/rtabmap_msgs/include/rtabmap_msgs/rtabmap_msgs/msg/odom_info.hpp\n'}
[0.467441] (rtabmap_msgs) StdoutLine: {'line': b'-- Up-to-date symlink: /home/brace/codeSpace/navi/install/rtabmap_msgs/include/rtabmap_msgs/rtabmap_msgs/msg/path.hpp\n'}
[0.467561] (rtabmap_msgs) StdoutLine: {'line': b'-- Up-to-date symlink: /home/brace/codeSpace/navi/install/rtabmap_msgs/include/rtabmap_msgs/rtabmap_msgs/msg/point2f.hpp\n'}
[0.467683] (rtabmap_msgs) StdoutLine: {'line': b'-- Up-to-date symlink: /home/brace/codeSpace/navi/install/rtabmap_msgs/include/rtabmap_msgs/rtabmap_msgs/msg/point3f.hpp\n'}
[0.467803] (rtabmap_msgs) StdoutLine: {'line': b'-- Up-to-date symlink: /home/brace/codeSpace/navi/install/rtabmap_msgs/include/rtabmap_msgs/rtabmap_msgs/msg/rgbd_image.hpp\n'}
[0.467922] (rtabmap_msgs) StdoutLine: {'line': b'-- Up-to-date symlink: /home/brace/codeSpace/navi/install/rtabmap_msgs/include/rtabmap_msgs/rtabmap_msgs/msg/rgbd_images.hpp\n'}
[0.468047] (rtabmap_msgs) StdoutLine: {'line': b'-- Up-to-date symlink: /home/brace/codeSpace/navi/install/rtabmap_msgs/include/rtabmap_msgs/rtabmap_msgs/msg/rosidl_generator_cpp__visibility_control.hpp\n'}
[0.468172] (rtabmap_msgs) StdoutLine: {'line': b'-- Up-to-date symlink: /home/brace/codeSpace/navi/install/rtabmap_msgs/include/rtabmap_msgs/rtabmap_msgs/msg/scan_descriptor.hpp\n'}
[0.468295] (rtabmap_msgs) StdoutLine: {'line': b'-- Up-to-date symlink: /home/brace/codeSpace/navi/install/rtabmap_msgs/include/rtabmap_msgs/rtabmap_msgs/msg/sensor_data.hpp\n'}
[0.468413] (rtabmap_msgs) StdoutLine: {'line': b'-- Up-to-date symlink: /home/brace/codeSpace/navi/install/rtabmap_msgs/include/rtabmap_msgs/rtabmap_msgs/msg/user_data.hpp\n'}
[0.468593] (rtabmap_msgs) StdoutLine: {'line': b'-- Up-to-date symlink: /home/brace/codeSpace/navi/install/rtabmap_msgs/include/rtabmap_msgs/rtabmap_msgs/srv/add_link.hpp\n'}
[0.468807] (rtabmap_msgs) StdoutLine: {'line': b'-- Up-to-date symlink: /home/brace/codeSpace/navi/install/rtabmap_msgs/include/rtabmap_msgs/rtabmap_msgs/srv/cleanup_local_grids.hpp\n'}
[0.468973] (rtabmap_msgs) StdoutLine: {'line': b'-- Up-to-date symlink: /home/brace/codeSpace/navi/install/rtabmap_msgs/include/rtabmap_msgs/rtabmap_msgs/srv/detail/add_link__builder.hpp\n'}
[0.469063] (rtabmap_msgs) StdoutLine: {'line': b'-- Up-to-date symlink: /home/brace/codeSpace/navi/install/rtabmap_msgs/include/rtabmap_msgs/rtabmap_msgs/srv/detail/add_link__struct.hpp\n'}
[0.469187] (rtabmap_msgs) StdoutLine: {'line': b'-- Up-to-date symlink: /home/brace/codeSpace/navi/install/rtabmap_msgs/include/rtabmap_msgs/rtabmap_msgs/srv/detail/add_link__traits.hpp\n'}
[0.469312] (rtabmap_msgs) StdoutLine: {'line': b'-- Up-to-date symlink: /home/brace/codeSpace/navi/install/rtabmap_msgs/include/rtabmap_msgs/rtabmap_msgs/srv/detail/add_link__type_support.hpp\n'}
[0.469436] (rtabmap_msgs) StdoutLine: {'line': b'-- Up-to-date symlink: /home/brace/codeSpace/navi/install/rtabmap_msgs/include/rtabmap_msgs/rtabmap_msgs/srv/detail/cleanup_local_grids__builder.hpp\n'}
[0.469557] (rtabmap_msgs) StdoutLine: {'line': b'-- Up-to-date symlink: /home/brace/codeSpace/navi/install/rtabmap_msgs/include/rtabmap_msgs/rtabmap_msgs/srv/detail/cleanup_local_grids__struct.hpp\n'}
[0.469678] (rtabmap_msgs) StdoutLine: {'line': b'-- Up-to-date symlink: /home/brace/codeSpace/navi/install/rtabmap_msgs/include/rtabmap_msgs/rtabmap_msgs/srv/detail/cleanup_local_grids__traits.hpp\n'}
[0.469929] (rtabmap_msgs) StdoutLine: {'line': b'-- Up-to-date symlink: /home/brace/codeSpace/navi/install/rtabmap_msgs/include/rtabmap_msgs/rtabmap_msgs/srv/detail/cleanup_local_grids__type_support.hpp\n'}
[0.470051] (rtabmap_msgs) StdoutLine: {'line': b'-- Up-to-date symlink: /home/brace/codeSpace/navi/install/rtabmap_msgs/include/rtabmap_msgs/rtabmap_msgs/srv/detail/detect_more_loop_closures__builder.hpp\n'}
[0.470177] (rtabmap_msgs) StdoutLine: {'line': b'-- Up-to-date symlink: /home/brace/codeSpace/navi/install/rtabmap_msgs/include/rtabmap_msgs/rtabmap_msgs/srv/detail/detect_more_loop_closures__struct.hpp\n'}
[0.470298] (rtabmap_msgs) StdoutLine: {'line': b'-- Up-to-date symlink: /home/brace/codeSpace/navi/install/rtabmap_msgs/include/rtabmap_msgs/rtabmap_msgs/srv/detail/detect_more_loop_closures__traits.hpp\n'}
[0.470495] (rtabmap_msgs) StdoutLine: {'line': b'-- Up-to-date symlink: /home/brace/codeSpace/navi/install/rtabmap_msgs/include/rtabmap_msgs/rtabmap_msgs/srv/detail/detect_more_loop_closures__type_support.hpp\n'}
[0.470679] (rtabmap_msgs) StdoutLine: {'line': b'-- Up-to-date symlink: /home/brace/codeSpace/navi/install/rtabmap_msgs/include/rtabmap_msgs/rtabmap_msgs/srv/detail/get_map2__builder.hpp\n'}
[0.470827] (rtabmap_msgs) StdoutLine: {'line': b'-- Up-to-date symlink: /home/brace/codeSpace/navi/install/rtabmap_msgs/include/rtabmap_msgs/rtabmap_msgs/srv/detail/get_map2__struct.hpp\n'}
[0.470951] (rtabmap_msgs) StdoutLine: {'line': b'-- Up-to-date symlink: /home/brace/codeSpace/navi/install/rtabmap_msgs/include/rtabmap_msgs/rtabmap_msgs/srv/detail/get_map2__traits.hpp\n'}
[0.471146] (rtabmap_msgs) StdoutLine: {'line': b'-- Up-to-date symlink: /home/brace/codeSpace/navi/install/rtabmap_msgs/include/rtabmap_msgs/rtabmap_msgs/srv/detail/get_map2__type_support.hpp\n'}
[0.471327] (rtabmap_msgs) StdoutLine: {'line': b'-- Up-to-date symlink: /home/brace/codeSpace/navi/install/rtabmap_msgs/include/rtabmap_msgs/rtabmap_msgs/srv/detail/get_map__builder.hpp\n'}
[0.471513] (rtabmap_msgs) StdoutLine: {'line': b'-- Up-to-date symlink: /home/brace/codeSpace/navi/install/rtabmap_msgs/include/rtabmap_msgs/rtabmap_msgs/srv/detail/get_map__struct.hpp\n'}
[0.471673] (rtabmap_msgs) StdoutLine: {'line': b'-- Up-to-date symlink: /home/brace/codeSpace/navi/install/rtabmap_msgs/include/rtabmap_msgs/rtabmap_msgs/srv/detail/get_map__traits.hpp\n'}
[0.471834] (rtabmap_msgs) StdoutLine: {'line': b'-- Up-to-date symlink: /home/brace/codeSpace/navi/install/rtabmap_msgs/include/rtabmap_msgs/rtabmap_msgs/srv/detail/get_map__type_support.hpp\n'}
[0.471956] (rtabmap_msgs) StdoutLine: {'line': b'-- Up-to-date symlink: /home/brace/codeSpace/navi/install/rtabmap_msgs/include/rtabmap_msgs/rtabmap_msgs/srv/detail/get_node_data__builder.hpp\n'}
[0.472183] (rtabmap_msgs) StdoutLine: {'line': b'-- Up-to-date symlink: /home/brace/codeSpace/navi/install/rtabmap_msgs/include/rtabmap_msgs/rtabmap_msgs/srv/detail/get_node_data__struct.hpp\n'}
[0.472368] (rtabmap_msgs) StdoutLine: {'line': b'-- Up-to-date symlink: /home/brace/codeSpace/navi/install/rtabmap_msgs/include/rtabmap_msgs/rtabmap_msgs/srv/detail/get_node_data__traits.hpp\n'}
[0.472491] (rtabmap_msgs) StdoutLine: {'line': b'-- Up-to-date symlink: /home/brace/codeSpace/navi/install/rtabmap_msgs/include/rtabmap_msgs/rtabmap_msgs/srv/detail/get_node_data__type_support.hpp\n'}
[0.472613] (rtabmap_msgs) StdoutLine: {'line': b'-- Up-to-date symlink: /home/brace/codeSpace/navi/install/rtabmap_msgs/include/rtabmap_msgs/rtabmap_msgs/srv/detail/get_nodes_in_radius__builder.hpp\n'}
[0.472809] (rtabmap_msgs) StdoutLine: {'line': b'-- Up-to-date symlink: /home/brace/codeSpace/navi/install/rtabmap_msgs/include/rtabmap_msgs/rtabmap_msgs/srv/detail/get_nodes_in_radius__struct.hpp\n'}
[0.472931] (rtabmap_msgs) StdoutLine: {'line': b'-- Up-to-date symlink: /home/brace/codeSpace/navi/install/rtabmap_msgs/include/rtabmap_msgs/rtabmap_msgs/srv/detail/get_nodes_in_radius__traits.hpp\n'}
[0.473052] (rtabmap_msgs) StdoutLine: {'line': b'-- Up-to-date symlink: /home/brace/codeSpace/navi/install/rtabmap_msgs/include/rtabmap_msgs/rtabmap_msgs/srv/detail/get_nodes_in_radius__type_support.hpp\n'}
[0.473177] (rtabmap_msgs) StdoutLine: {'line': b'-- Up-to-date symlink: /home/brace/codeSpace/navi/install/rtabmap_msgs/include/rtabmap_msgs/rtabmap_msgs/srv/detail/get_plan__builder.hpp\n'}
[0.473301] (rtabmap_msgs) StdoutLine: {'line': b'-- Up-to-date symlink: /home/brace/codeSpace/navi/install/rtabmap_msgs/include/rtabmap_msgs/rtabmap_msgs/srv/detail/get_plan__struct.hpp\n'}
[0.473425] (rtabmap_msgs) StdoutLine: {'line': b'-- Up-to-date symlink: /home/brace/codeSpace/navi/install/rtabmap_msgs/include/rtabmap_msgs/rtabmap_msgs/srv/detail/get_plan__traits.hpp\n'}
[0.473548] (rtabmap_msgs) StdoutLine: {'line': b'-- Up-to-date symlink: /home/brace/codeSpace/navi/install/rtabmap_msgs/include/rtabmap_msgs/rtabmap_msgs/srv/detail/get_plan__type_support.hpp\n'}
[0.473739] (rtabmap_msgs) StdoutLine: {'line': b'-- Up-to-date symlink: /home/brace/codeSpace/navi/install/rtabmap_msgs/include/rtabmap_msgs/rtabmap_msgs/srv/detail/global_bundle_adjustment__builder.hpp\n'}
[0.473865] (rtabmap_msgs) StdoutLine: {'line': b'-- Up-to-date symlink: /home/brace/codeSpace/navi/install/rtabmap_msgs/include/rtabmap_msgs/rtabmap_msgs/srv/detail/global_bundle_adjustment__struct.hpp\n'}
[0.473988] (rtabmap_msgs) StdoutLine: {'line': b'-- Up-to-date symlink: /home/brace/codeSpace/navi/install/rtabmap_msgs/include/rtabmap_msgs/rtabmap_msgs/srv/detail/global_bundle_adjustment__traits.hpp\n'}
[0.474113] (rtabmap_msgs) StdoutLine: {'line': b'-- Up-to-date symlink: /home/brace/codeSpace/navi/install/rtabmap_msgs/include/rtabmap_msgs/rtabmap_msgs/srv/detail/global_bundle_adjustment__type_support.hpp\n'}
[0.474234] (rtabmap_msgs) StdoutLine: {'line': b'-- Up-to-date symlink: /home/brace/codeSpace/navi/install/rtabmap_msgs/include/rtabmap_msgs/rtabmap_msgs/srv/detail/list_labels__builder.hpp\n'}
[0.474357] (rtabmap_msgs) StdoutLine: {'line': b'-- Up-to-date symlink: /home/brace/codeSpace/navi/install/rtabmap_msgs/include/rtabmap_msgs/rtabmap_msgs/srv/detail/list_labels__struct.hpp\n'}
[0.474478] (rtabmap_msgs) StdoutLine: {'line': b'-- Up-to-date symlink: /home/brace/codeSpace/navi/install/rtabmap_msgs/include/rtabmap_msgs/rtabmap_msgs/srv/detail/list_labels__traits.hpp\n'}
[0.474713] (rtabmap_msgs) StdoutLine: {'line': b'-- Up-to-date symlink: /home/brace/codeSpace/navi/install/rtabmap_msgs/include/rtabmap_msgs/rtabmap_msgs/srv/detail/list_labels__type_support.hpp\n'}
[0.474899] (rtabmap_msgs) StdoutLine: {'line': b'-- Up-to-date symlink: /home/brace/codeSpace/navi/install/rtabmap_msgs/include/rtabmap_msgs/rtabmap_msgs/srv/detail/load_database__builder.hpp\n'}
[0.475065] (rtabmap_msgs) StdoutLine: {'line': b'-- Up-to-date symlink: /home/brace/codeSpace/navi/install/rtabmap_msgs/include/rtabmap_msgs/rtabmap_msgs/srv/detail/load_database__struct.hpp\n'}
[0.475148] (rtabmap_msgs) StdoutLine: {'line': b'-- Up-to-date symlink: /home/brace/codeSpace/navi/install/rtabmap_msgs/include/rtabmap_msgs/rtabmap_msgs/srv/detail/load_database__traits.hpp\n'}
[0.475284] (rtabmap_msgs) StdoutLine: {'line': b'-- Up-to-date symlink: /home/brace/codeSpace/navi/install/rtabmap_msgs/include/rtabmap_msgs/rtabmap_msgs/srv/detail/load_database__type_support.hpp\n'}
[0.475412] (rtabmap_msgs) StdoutLine: {'line': b'-- Up-to-date symlink: /home/brace/codeSpace/navi/install/rtabmap_msgs/include/rtabmap_msgs/rtabmap_msgs/srv/detail/publish_map__builder.hpp\n'}
[0.475536] (rtabmap_msgs) StdoutLine: {'line': b'-- Up-to-date symlink: /home/brace/codeSpace/navi/install/rtabmap_msgs/include/rtabmap_msgs/rtabmap_msgs/srv/detail/publish_map__struct.hpp\n'}
[0.475658] (rtabmap_msgs) StdoutLine: {'line': b'-- Up-to-date symlink: /home/brace/codeSpace/navi/install/rtabmap_msgs/include/rtabmap_msgs/rtabmap_msgs/srv/detail/publish_map__traits.hpp\n'}
[0.475783] (rtabmap_msgs) StdoutLine: {'line': b'-- Up-to-date symlink: /home/brace/codeSpace/navi/install/rtabmap_msgs/include/rtabmap_msgs/rtabmap_msgs/srv/detail/publish_map__type_support.hpp\n'}
[0.475906] (rtabmap_msgs) StdoutLine: {'line': b'-- Up-to-date symlink: /home/brace/codeSpace/navi/install/rtabmap_msgs/include/rtabmap_msgs/rtabmap_msgs/srv/detail/remove_label__builder.hpp\n'}
[0.476120] (rtabmap_msgs) StdoutLine: {'line': b'-- Up-to-date symlink: /home/brace/codeSpace/navi/install/rtabmap_msgs/include/rtabmap_msgs/rtabmap_msgs/srv/detail/remove_label__struct.hpp\n'}
[0.476245] (rtabmap_msgs) StdoutLine: {'line': b'-- Up-to-date symlink: /home/brace/codeSpace/navi/install/rtabmap_msgs/include/rtabmap_msgs/rtabmap_msgs/srv/detail/remove_label__traits.hpp\n'}
[0.476369] (rtabmap_msgs) StdoutLine: {'line': b'-- Up-to-date symlink: /home/brace/codeSpace/navi/install/rtabmap_msgs/include/rtabmap_msgs/rtabmap_msgs/srv/detail/remove_label__type_support.hpp\n'}
[0.476501] (rtabmap_msgs) StdoutLine: {'line': b'-- Up-to-date symlink: /home/brace/codeSpace/navi/install/rtabmap_msgs/include/rtabmap_msgs/rtabmap_msgs/srv/detail/reset_pose__builder.hpp\n'}
[0.476628] (rtabmap_msgs) StdoutLine: {'line': b'-- Up-to-date symlink: /home/brace/codeSpace/navi/install/rtabmap_msgs/include/rtabmap_msgs/rtabmap_msgs/srv/detail/reset_pose__struct.hpp\n'}
[0.476753] (rtabmap_msgs) StdoutLine: {'line': b'-- Up-to-date symlink: /home/brace/codeSpace/navi/install/rtabmap_msgs/include/rtabmap_msgs/rtabmap_msgs/srv/detail/reset_pose__traits.hpp\n'}
[0.476875] (rtabmap_msgs) StdoutLine: {'line': b'-- Up-to-date symlink: /home/brace/codeSpace/navi/install/rtabmap_msgs/include/rtabmap_msgs/rtabmap_msgs/srv/detail/reset_pose__type_support.hpp\n'}
[0.476999] (rtabmap_msgs) StdoutLine: {'line': b'-- Up-to-date symlink: /home/brace/codeSpace/navi/install/rtabmap_msgs/include/rtabmap_msgs/rtabmap_msgs/srv/detail/set_goal__builder.hpp\n'}
[0.477122] (rtabmap_msgs) StdoutLine: {'line': b'-- Up-to-date symlink: /home/brace/codeSpace/navi/install/rtabmap_msgs/include/rtabmap_msgs/rtabmap_msgs/srv/detail/set_goal__struct.hpp\n'}
[0.477267] (rtabmap_msgs) StdoutLine: {'line': b'-- Up-to-date symlink: /home/brace/codeSpace/navi/install/rtabmap_msgs/include/rtabmap_msgs/rtabmap_msgs/srv/detail/set_goal__traits.hpp\n'}
[0.477532] (rtabmap_msgs) StdoutLine: {'line': b'-- Up-to-date symlink: /home/brace/codeSpace/navi/install/rtabmap_msgs/include/rtabmap_msgs/rtabmap_msgs/srv/detail/set_goal__type_support.hpp\n'}
[0.477619] (rtabmap_msgs) StdoutLine: {'line': b'-- Up-to-date symlink: /home/brace/codeSpace/navi/install/rtabmap_msgs/include/rtabmap_msgs/rtabmap_msgs/srv/detail/set_label__builder.hpp\n'}
[0.477803] (rtabmap_msgs) StdoutLine: {'line': b'-- Up-to-date symlink: /home/brace/codeSpace/navi/install/rtabmap_msgs/include/rtabmap_msgs/rtabmap_msgs/srv/detail/set_label__struct.hpp\n'}
[0.477973] (rtabmap_msgs) StdoutLine: {'line': b'-- Up-to-date symlink: /home/brace/codeSpace/navi/install/rtabmap_msgs/include/rtabmap_msgs/rtabmap_msgs/srv/detail/set_label__traits.hpp\n'}
[0.478095] (rtabmap_msgs) StdoutLine: {'line': b'-- Up-to-date symlink: /home/brace/codeSpace/navi/install/rtabmap_msgs/include/rtabmap_msgs/rtabmap_msgs/srv/detail/set_label__type_support.hpp\n'}
[0.478220] (rtabmap_msgs) StdoutLine: {'line': b'-- Up-to-date symlink: /home/brace/codeSpace/navi/install/rtabmap_msgs/include/rtabmap_msgs/rtabmap_msgs/srv/detect_more_loop_closures.hpp\n'}
[0.478341] (rtabmap_msgs) StdoutLine: {'line': b'-- Up-to-date symlink: /home/brace/codeSpace/navi/install/rtabmap_msgs/include/rtabmap_msgs/rtabmap_msgs/srv/get_map.hpp\n'}
[0.478466] (rtabmap_msgs) StdoutLine: {'line': b'-- Up-to-date symlink: /home/brace/codeSpace/navi/install/rtabmap_msgs/include/rtabmap_msgs/rtabmap_msgs/srv/get_map2.hpp\n'}
[0.478594] (rtabmap_msgs) StdoutLine: {'line': b'-- Up-to-date symlink: /home/brace/codeSpace/navi/install/rtabmap_msgs/include/rtabmap_msgs/rtabmap_msgs/srv/get_node_data.hpp\n'}
[0.478719] (rtabmap_msgs) StdoutLine: {'line': b'-- Up-to-date symlink: /home/brace/codeSpace/navi/install/rtabmap_msgs/include/rtabmap_msgs/rtabmap_msgs/srv/get_nodes_in_radius.hpp\n'}
[0.478843] (rtabmap_msgs) StdoutLine: {'line': b'-- Up-to-date symlink: /home/brace/codeSpace/navi/install/rtabmap_msgs/include/rtabmap_msgs/rtabmap_msgs/srv/get_plan.hpp\n'}
[0.478967] (rtabmap_msgs) StdoutLine: {'line': b'-- Up-to-date symlink: /home/brace/codeSpace/navi/install/rtabmap_msgs/include/rtabmap_msgs/rtabmap_msgs/srv/global_bundle_adjustment.hpp\n'}
[0.479139] (rtabmap_msgs) StdoutLine: {'line': b'-- Up-to-date symlink: /home/brace/codeSpace/navi/install/rtabmap_msgs/include/rtabmap_msgs/rtabmap_msgs/srv/list_labels.hpp\n'}
[0.479220] (rtabmap_msgs) StdoutLine: {'line': b'-- Up-to-date symlink: /home/brace/codeSpace/navi/install/rtabmap_msgs/include/rtabmap_msgs/rtabmap_msgs/srv/load_database.hpp\n'}
[0.479452] (rtabmap_msgs) StdoutLine: {'line': b'-- Up-to-date symlink: /home/brace/codeSpace/navi/install/rtabmap_msgs/include/rtabmap_msgs/rtabmap_msgs/srv/publish_map.hpp\n'}
[0.479579] (rtabmap_msgs) StdoutLine: {'line': b'-- Up-to-date symlink: /home/brace/codeSpace/navi/install/rtabmap_msgs/include/rtabmap_msgs/rtabmap_msgs/srv/remove_label.hpp\n'}
[0.479702] (rtabmap_msgs) StdoutLine: {'line': b'-- Up-to-date symlink: /home/brace/codeSpace/navi/install/rtabmap_msgs/include/rtabmap_msgs/rtabmap_msgs/srv/reset_pose.hpp\n'}
[0.479828] (rtabmap_msgs) StdoutLine: {'line': b'-- Up-to-date symlink: /home/brace/codeSpace/navi/install/rtabmap_msgs/include/rtabmap_msgs/rtabmap_msgs/srv/set_goal.hpp\n'}
[0.479964] (rtabmap_msgs) StdoutLine: {'line': b'-- Up-to-date symlink: /home/brace/codeSpace/navi/install/rtabmap_msgs/include/rtabmap_msgs/rtabmap_msgs/srv/set_label.hpp\n'}
[0.481140] (rtabmap_msgs) StdoutLine: {'line': b'-- Up-to-date symlink: /home/brace/codeSpace/navi/install/rtabmap_msgs/include/rtabmap_msgs/rtabmap_msgs/msg/detail/camera_model__rosidl_typesupport_fastrtps_cpp.hpp\n'}
[0.481214] (rtabmap_msgs) StdoutLine: {'line': b'-- Up-to-date symlink: /home/brace/codeSpace/navi/install/rtabmap_msgs/include/rtabmap_msgs/rtabmap_msgs/msg/detail/camera_models__rosidl_typesupport_fastrtps_cpp.hpp\n'}
[0.481464] (rtabmap_msgs) StdoutLine: {'line': b'-- Up-to-date symlink: /home/brace/codeSpace/navi/install/rtabmap_msgs/include/rtabmap_msgs/rtabmap_msgs/msg/detail/env_sensor__rosidl_typesupport_fastrtps_cpp.hpp\n'}
[0.481630] (rtabmap_msgs) StdoutLine: {'line': b'-- Up-to-date symlink: /home/brace/codeSpace/navi/install/rtabmap_msgs/include/rtabmap_msgs/rtabmap_msgs/msg/detail/global_descriptor__rosidl_typesupport_fastrtps_cpp.hpp\n'}
[0.481718] (rtabmap_msgs) StdoutLine: {'line': b'-- Up-to-date symlink: /home/brace/codeSpace/navi/install/rtabmap_msgs/include/rtabmap_msgs/rtabmap_msgs/msg/detail/goal__rosidl_typesupport_fastrtps_cpp.hpp\n'}
[0.481911] (rtabmap_msgs) StdoutLine: {'line': b'-- Up-to-date symlink: /home/brace/codeSpace/navi/install/rtabmap_msgs/include/rtabmap_msgs/rtabmap_msgs/msg/detail/gps__rosidl_typesupport_fastrtps_cpp.hpp\n'}
[0.482034] (rtabmap_msgs) StdoutLine: {'line': b'-- Up-to-date symlink: /home/brace/codeSpace/navi/install/rtabmap_msgs/include/rtabmap_msgs/rtabmap_msgs/msg/detail/info__rosidl_typesupport_fastrtps_cpp.hpp\n'}
[0.482237] (rtabmap_msgs) StdoutLine: {'line': b'-- Up-to-date symlink: /home/brace/codeSpace/navi/install/rtabmap_msgs/include/rtabmap_msgs/rtabmap_msgs/msg/detail/key_point__rosidl_typesupport_fastrtps_cpp.hpp\n'}
[0.482338] (rtabmap_msgs) StdoutLine: {'line': b'-- Up-to-date symlink: /home/brace/codeSpace/navi/install/rtabmap_msgs/include/rtabmap_msgs/rtabmap_msgs/msg/detail/landmark_detection__rosidl_typesupport_fastrtps_cpp.hpp\n'}
[0.482463] (rtabmap_msgs) StdoutLine: {'line': b'-- Up-to-date symlink: /home/brace/codeSpace/navi/install/rtabmap_msgs/include/rtabmap_msgs/rtabmap_msgs/msg/detail/landmark_detections__rosidl_typesupport_fastrtps_cpp.hpp\n'}
[0.482584] (rtabmap_msgs) StdoutLine: {'line': b'-- Up-to-date symlink: /home/brace/codeSpace/navi/install/rtabmap_msgs/include/rtabmap_msgs/rtabmap_msgs/msg/detail/link__rosidl_typesupport_fastrtps_cpp.hpp\n'}
[0.482712] (rtabmap_msgs) StdoutLine: {'line': b'-- Up-to-date symlink: /home/brace/codeSpace/navi/install/rtabmap_msgs/include/rtabmap_msgs/rtabmap_msgs/msg/detail/map_data__rosidl_typesupport_fastrtps_cpp.hpp\n'}
[0.482834] (rtabmap_msgs) StdoutLine: {'line': b'-- Up-to-date symlink: /home/brace/codeSpace/navi/install/rtabmap_msgs/include/rtabmap_msgs/rtabmap_msgs/msg/detail/map_graph__rosidl_typesupport_fastrtps_cpp.hpp\n'}
[0.482958] (rtabmap_msgs) StdoutLine: {'line': b'-- Up-to-date symlink: /home/brace/codeSpace/navi/install/rtabmap_msgs/include/rtabmap_msgs/rtabmap_msgs/msg/detail/node__rosidl_typesupport_fastrtps_cpp.hpp\n'}
[0.483081] (rtabmap_msgs) StdoutLine: {'line': b'-- Up-to-date symlink: /home/brace/codeSpace/navi/install/rtabmap_msgs/include/rtabmap_msgs/rtabmap_msgs/msg/detail/odom_info__rosidl_typesupport_fastrtps_cpp.hpp\n'}
[0.483219] (rtabmap_msgs) StdoutLine: {'line': b'-- Up-to-date symlink: /home/brace/codeSpace/navi/install/rtabmap_msgs/include/rtabmap_msgs/rtabmap_msgs/msg/detail/path__rosidl_typesupport_fastrtps_cpp.hpp\n'}
[0.483341] (rtabmap_msgs) StdoutLine: {'line': b'-- Up-to-date symlink: /home/brace/codeSpace/navi/install/rtabmap_msgs/include/rtabmap_msgs/rtabmap_msgs/msg/detail/point2f__rosidl_typesupport_fastrtps_cpp.hpp\n'}
[0.484080] (rtabmap_msgs) StdoutLine: {'line': b'-- Up-to-date symlink: /home/brace/codeSpace/navi/install/rtabmap_msgs/include/rtabmap_msgs/rtabmap_msgs/msg/detail/point3f__rosidl_typesupport_fastrtps_cpp.hpp\n'}
[0.484135] (rtabmap_msgs) StdoutLine: {'line': b'-- Up-to-date symlink: /home/brace/codeSpace/navi/install/rtabmap_msgs/include/rtabmap_msgs/rtabmap_msgs/msg/detail/rgbd_image__rosidl_typesupport_fastrtps_cpp.hpp\n'}
[0.484286] (rtabmap_msgs) StdoutLine: {'line': b'-- Up-to-date symlink: /home/brace/codeSpace/navi/install/rtabmap_msgs/include/rtabmap_msgs/rtabmap_msgs/msg/detail/rgbd_images__rosidl_typesupport_fastrtps_cpp.hpp\n'}
[0.484417] (rtabmap_msgs) StdoutLine: {'line': b'-- Up-to-date symlink: /home/brace/codeSpace/navi/install/rtabmap_msgs/include/rtabmap_msgs/rtabmap_msgs/msg/detail/scan_descriptor__rosidl_typesupport_fastrtps_cpp.hpp\n'}
[0.484536] (rtabmap_msgs) StdoutLine: {'line': b'-- Up-to-date symlink: /home/brace/codeSpace/navi/install/rtabmap_msgs/include/rtabmap_msgs/rtabmap_msgs/msg/detail/sensor_data__rosidl_typesupport_fastrtps_cpp.hpp\n'}
[0.484661] (rtabmap_msgs) StdoutLine: {'line': b'-- Up-to-date symlink: /home/brace/codeSpace/navi/install/rtabmap_msgs/include/rtabmap_msgs/rtabmap_msgs/msg/detail/user_data__rosidl_typesupport_fastrtps_cpp.hpp\n'}
[0.484781] (rtabmap_msgs) StdoutLine: {'line': b'-- Up-to-date symlink: /home/brace/codeSpace/navi/install/rtabmap_msgs/include/rtabmap_msgs/rtabmap_msgs/msg/rosidl_typesupport_fastrtps_cpp__visibility_control.h\n'}
[0.485003] (rtabmap_msgs) StdoutLine: {'line': b'-- Up-to-date symlink: /home/brace/codeSpace/navi/install/rtabmap_msgs/include/rtabmap_msgs/rtabmap_msgs/srv/detail/add_link__rosidl_typesupport_fastrtps_cpp.hpp\n'}
[0.485069] (rtabmap_msgs) StdoutLine: {'line': b'-- Up-to-date symlink: /home/brace/codeSpace/navi/install/rtabmap_msgs/include/rtabmap_msgs/rtabmap_msgs/srv/detail/cleanup_local_grids__rosidl_typesupport_fastrtps_cpp.hpp\n'}
[0.485143] (rtabmap_msgs) StdoutLine: {'line': b'-- Up-to-date symlink: /home/brace/codeSpace/navi/install/rtabmap_msgs/include/rtabmap_msgs/rtabmap_msgs/srv/detail/detect_more_loop_closures__rosidl_typesupport_fastrtps_cpp.hpp\n'}
[0.485211] (rtabmap_msgs) StdoutLine: {'line': b'-- Up-to-date symlink: /home/brace/codeSpace/navi/install/rtabmap_msgs/include/rtabmap_msgs/rtabmap_msgs/srv/detail/get_map2__rosidl_typesupport_fastrtps_cpp.hpp\n'}
[0.485282] (rtabmap_msgs) StdoutLine: {'line': b'-- Up-to-date symlink: /home/brace/codeSpace/navi/install/rtabmap_msgs/include/rtabmap_msgs/rtabmap_msgs/srv/detail/get_map__rosidl_typesupport_fastrtps_cpp.hpp\n'}
[0.485382] (rtabmap_msgs) StdoutLine: {'line': b'-- Up-to-date symlink: /home/brace/codeSpace/navi/install/rtabmap_msgs/include/rtabmap_msgs/rtabmap_msgs/srv/detail/get_node_data__rosidl_typesupport_fastrtps_cpp.hpp\n'}
[0.485446] (rtabmap_msgs) StdoutLine: {'line': b'-- Up-to-date symlink: /home/brace/codeSpace/navi/install/rtabmap_msgs/include/rtabmap_msgs/rtabmap_msgs/srv/detail/get_nodes_in_radius__rosidl_typesupport_fastrtps_cpp.hpp\n'}
[0.485513] (rtabmap_msgs) StdoutLine: {'line': b'-- Up-to-date symlink: /home/brace/codeSpace/navi/install/rtabmap_msgs/include/rtabmap_msgs/rtabmap_msgs/srv/detail/get_plan__rosidl_typesupport_fastrtps_cpp.hpp\n'}
[0.485581] (rtabmap_msgs) StdoutLine: {'line': b'-- Up-to-date symlink: /home/brace/codeSpace/navi/install/rtabmap_msgs/include/rtabmap_msgs/rtabmap_msgs/srv/detail/global_bundle_adjustment__rosidl_typesupport_fastrtps_cpp.hpp\n'}
[0.485645] (rtabmap_msgs) StdoutLine: {'line': b'-- Up-to-date symlink: /home/brace/codeSpace/navi/install/rtabmap_msgs/include/rtabmap_msgs/rtabmap_msgs/srv/detail/list_labels__rosidl_typesupport_fastrtps_cpp.hpp\n'}
[0.485711] (rtabmap_msgs) StdoutLine: {'line': b'-- Up-to-date symlink: /home/brace/codeSpace/navi/install/rtabmap_msgs/include/rtabmap_msgs/rtabmap_msgs/srv/detail/load_database__rosidl_typesupport_fastrtps_cpp.hpp\n'}
[0.485832] (rtabmap_msgs) StdoutLine: {'line': b'-- Up-to-date symlink: /home/brace/codeSpace/navi/install/rtabmap_msgs/include/rtabmap_msgs/rtabmap_msgs/srv/detail/publish_map__rosidl_typesupport_fastrtps_cpp.hpp\n'}
[0.485897] (rtabmap_msgs) StdoutLine: {'line': b'-- Up-to-date symlink: /home/brace/codeSpace/navi/install/rtabmap_msgs/include/rtabmap_msgs/rtabmap_msgs/srv/detail/remove_label__rosidl_typesupport_fastrtps_cpp.hpp\n'}
[0.485963] (rtabmap_msgs) StdoutLine: {'line': b'-- Up-to-date symlink: /home/brace/codeSpace/navi/install/rtabmap_msgs/include/rtabmap_msgs/rtabmap_msgs/srv/detail/reset_pose__rosidl_typesupport_fastrtps_cpp.hpp\n'}
[0.486027] (rtabmap_msgs) StdoutLine: {'line': b'-- Up-to-date symlink: /home/brace/codeSpace/navi/install/rtabmap_msgs/include/rtabmap_msgs/rtabmap_msgs/srv/detail/set_goal__rosidl_typesupport_fastrtps_cpp.hpp\n'}
[0.486089] (rtabmap_msgs) StdoutLine: {'line': b'-- Up-to-date symlink: /home/brace/codeSpace/navi/install/rtabmap_msgs/include/rtabmap_msgs/rtabmap_msgs/srv/detail/set_label__rosidl_typesupport_fastrtps_cpp.hpp\n'}
[0.486701] (rtabmap_msgs) StdoutLine: {'line': b'-- Up-to-date symlink: /home/brace/codeSpace/navi/install/rtabmap_msgs/include/rtabmap_msgs/rtabmap_msgs/msg/detail/camera_model__rosidl_typesupport_introspection_cpp.hpp\n'}
[0.486735] (rtabmap_msgs) StdoutLine: {'line': b'-- Up-to-date symlink: /home/brace/codeSpace/navi/install/rtabmap_msgs/include/rtabmap_msgs/rtabmap_msgs/msg/detail/camera_models__rosidl_typesupport_introspection_cpp.hpp\n'}
[0.486790] (rtabmap_msgs) StdoutLine: {'line': b'-- Up-to-date symlink: /home/brace/codeSpace/navi/install/rtabmap_msgs/include/rtabmap_msgs/rtabmap_msgs/msg/detail/env_sensor__rosidl_typesupport_introspection_cpp.hpp\n'}
[0.486836] (rtabmap_msgs) StdoutLine: {'line': b'-- Up-to-date symlink: /home/brace/codeSpace/navi/install/rtabmap_msgs/include/rtabmap_msgs/rtabmap_msgs/msg/detail/global_descriptor__rosidl_typesupport_introspection_cpp.hpp\n'}
[0.486887] (rtabmap_msgs) StdoutLine: {'line': b'-- Up-to-date symlink: /home/brace/codeSpace/navi/install/rtabmap_msgs/include/rtabmap_msgs/rtabmap_msgs/msg/detail/goal__rosidl_typesupport_introspection_cpp.hpp\n'}
[0.486938] (rtabmap_msgs) StdoutLine: {'line': b'-- Up-to-date symlink: /home/brace/codeSpace/navi/install/rtabmap_msgs/include/rtabmap_msgs/rtabmap_msgs/msg/detail/gps__rosidl_typesupport_introspection_cpp.hpp\n'}
[0.486985] (rtabmap_msgs) StdoutLine: {'line': b'-- Up-to-date symlink: /home/brace/codeSpace/navi/install/rtabmap_msgs/include/rtabmap_msgs/rtabmap_msgs/msg/detail/info__rosidl_typesupport_introspection_cpp.hpp\n'}
[0.487043] (rtabmap_msgs) StdoutLine: {'line': b'-- Up-to-date symlink: /home/brace/codeSpace/navi/install/rtabmap_msgs/include/rtabmap_msgs/rtabmap_msgs/msg/detail/key_point__rosidl_typesupport_introspection_cpp.hpp\n'}
[0.487110] (rtabmap_msgs) StdoutLine: {'line': b'-- Up-to-date symlink: /home/brace/codeSpace/navi/install/rtabmap_msgs/include/rtabmap_msgs/rtabmap_msgs/msg/detail/landmark_detection__rosidl_typesupport_introspection_cpp.hpp\n'}
[0.487180] (rtabmap_msgs) StdoutLine: {'line': b'-- Up-to-date symlink: /home/brace/codeSpace/navi/install/rtabmap_msgs/include/rtabmap_msgs/rtabmap_msgs/msg/detail/landmark_detections__rosidl_typesupport_introspection_cpp.hpp\n'}
[0.487244] (rtabmap_msgs) StdoutLine: {'line': b'-- Up-to-date symlink: /home/brace/codeSpace/navi/install/rtabmap_msgs/include/rtabmap_msgs/rtabmap_msgs/msg/detail/link__rosidl_typesupport_introspection_cpp.hpp\n'}
[0.487306] (rtabmap_msgs) StdoutLine: {'line': b'-- Up-to-date symlink: /home/brace/codeSpace/navi/install/rtabmap_msgs/include/rtabmap_msgs/rtabmap_msgs/msg/detail/map_data__rosidl_typesupport_introspection_cpp.hpp\n'}
[0.487375] (rtabmap_msgs) StdoutLine: {'line': b'-- Up-to-date symlink: /home/brace/codeSpace/navi/install/rtabmap_msgs/include/rtabmap_msgs/rtabmap_msgs/msg/detail/map_graph__rosidl_typesupport_introspection_cpp.hpp\n'}
[0.487440] (rtabmap_msgs) StdoutLine: {'line': b'-- Up-to-date symlink: /home/brace/codeSpace/navi/install/rtabmap_msgs/include/rtabmap_msgs/rtabmap_msgs/msg/detail/node__rosidl_typesupport_introspection_cpp.hpp\n'}
[0.487501] (rtabmap_msgs) StdoutLine: {'line': b'-- Up-to-date symlink: /home/brace/codeSpace/navi/install/rtabmap_msgs/include/rtabmap_msgs/rtabmap_msgs/msg/detail/odom_info__rosidl_typesupport_introspection_cpp.hpp\n'}
[0.487568] (rtabmap_msgs) StdoutLine: {'line': b'-- Up-to-date symlink: /home/brace/codeSpace/navi/install/rtabmap_msgs/include/rtabmap_msgs/rtabmap_msgs/msg/detail/path__rosidl_typesupport_introspection_cpp.hpp\n'}
[0.487635] (rtabmap_msgs) StdoutLine: {'line': b'-- Up-to-date symlink: /home/brace/codeSpace/navi/install/rtabmap_msgs/include/rtabmap_msgs/rtabmap_msgs/msg/detail/point2f__rosidl_typesupport_introspection_cpp.hpp\n'}
[0.487696] (rtabmap_msgs) StdoutLine: {'line': b'-- Up-to-date symlink: /home/brace/codeSpace/navi/install/rtabmap_msgs/include/rtabmap_msgs/rtabmap_msgs/msg/detail/point3f__rosidl_typesupport_introspection_cpp.hpp\n'}
[0.487760] (rtabmap_msgs) StdoutLine: {'line': b'-- Up-to-date symlink: /home/brace/codeSpace/navi/install/rtabmap_msgs/include/rtabmap_msgs/rtabmap_msgs/msg/detail/rgbd_image__rosidl_typesupport_introspection_cpp.hpp\n'}
[0.487823] (rtabmap_msgs) StdoutLine: {'line': b'-- Up-to-date symlink: /home/brace/codeSpace/navi/install/rtabmap_msgs/include/rtabmap_msgs/rtabmap_msgs/msg/detail/rgbd_images__rosidl_typesupport_introspection_cpp.hpp\n'}
[0.487883] (rtabmap_msgs) StdoutLine: {'line': b'-- Up-to-date symlink: /home/brace/codeSpace/navi/install/rtabmap_msgs/include/rtabmap_msgs/rtabmap_msgs/msg/detail/scan_descriptor__rosidl_typesupport_introspection_cpp.hpp\n'}
[0.487951] (rtabmap_msgs) StdoutLine: {'line': b'-- Up-to-date symlink: /home/brace/codeSpace/navi/install/rtabmap_msgs/include/rtabmap_msgs/rtabmap_msgs/msg/detail/sensor_data__rosidl_typesupport_introspection_cpp.hpp\n'}
[0.488015] (rtabmap_msgs) StdoutLine: {'line': b'-- Up-to-date symlink: /home/brace/codeSpace/navi/install/rtabmap_msgs/include/rtabmap_msgs/rtabmap_msgs/msg/detail/user_data__rosidl_typesupport_introspection_cpp.hpp\n'}
[0.488081] (rtabmap_msgs) StdoutLine: {'line': b'-- Up-to-date symlink: /home/brace/codeSpace/navi/install/rtabmap_msgs/include/rtabmap_msgs/rtabmap_msgs/srv/detail/add_link__rosidl_typesupport_introspection_cpp.hpp\n'}
[0.488152] (rtabmap_msgs) StdoutLine: {'line': b'-- Up-to-date symlink: /home/brace/codeSpace/navi/install/rtabmap_msgs/include/rtabmap_msgs/rtabmap_msgs/srv/detail/cleanup_local_grids__rosidl_typesupport_introspection_cpp.hpp\n'}
[0.488217] (rtabmap_msgs) StdoutLine: {'line': b'-- Up-to-date symlink: /home/brace/codeSpace/navi/install/rtabmap_msgs/include/rtabmap_msgs/rtabmap_msgs/srv/detail/detect_more_loop_closures__rosidl_typesupport_introspection_cpp.hpp\n'}
[0.488285] (rtabmap_msgs) StdoutLine: {'line': b'-- Up-to-date symlink: /home/brace/codeSpace/navi/install/rtabmap_msgs/include/rtabmap_msgs/rtabmap_msgs/srv/detail/get_map2__rosidl_typesupport_introspection_cpp.hpp\n'}
[0.488348] (rtabmap_msgs) StdoutLine: {'line': b'-- Up-to-date symlink: /home/brace/codeSpace/navi/install/rtabmap_msgs/include/rtabmap_msgs/rtabmap_msgs/srv/detail/get_map__rosidl_typesupport_introspection_cpp.hpp\n'}
[0.488413] (rtabmap_msgs) StdoutLine: {'line': b'-- Up-to-date symlink: /home/brace/codeSpace/navi/install/rtabmap_msgs/include/rtabmap_msgs/rtabmap_msgs/srv/detail/get_node_data__rosidl_typesupport_introspection_cpp.hpp\n'}
[0.488480] (rtabmap_msgs) StdoutLine: {'line': b'-- Up-to-date symlink: /home/brace/codeSpace/navi/install/rtabmap_msgs/include/rtabmap_msgs/rtabmap_msgs/srv/detail/get_nodes_in_radius__rosidl_typesupport_introspection_cpp.hpp\n'}
[0.488545] (rtabmap_msgs) StdoutLine: {'line': b'-- Up-to-date symlink: /home/brace/codeSpace/navi/install/rtabmap_msgs/include/rtabmap_msgs/rtabmap_msgs/srv/detail/get_plan__rosidl_typesupport_introspection_cpp.hpp\n'}
[0.488610] (rtabmap_msgs) StdoutLine: {'line': b'-- Up-to-date symlink: /home/brace/codeSpace/navi/install/rtabmap_msgs/include/rtabmap_msgs/rtabmap_msgs/srv/detail/global_bundle_adjustment__rosidl_typesupport_introspection_cpp.hpp\n'}
[0.488674] (rtabmap_msgs) StdoutLine: {'line': b'-- Up-to-date symlink: /home/brace/codeSpace/navi/install/rtabmap_msgs/include/rtabmap_msgs/rtabmap_msgs/srv/detail/list_labels__rosidl_typesupport_introspection_cpp.hpp\n'}
[0.488743] (rtabmap_msgs) StdoutLine: {'line': b'-- Up-to-date symlink: /home/brace/codeSpace/navi/install/rtabmap_msgs/include/rtabmap_msgs/rtabmap_msgs/srv/detail/load_database__rosidl_typesupport_introspection_cpp.hpp\n'}
[0.488809] (rtabmap_msgs) StdoutLine: {'line': b'-- Up-to-date symlink: /home/brace/codeSpace/navi/install/rtabmap_msgs/include/rtabmap_msgs/rtabmap_msgs/srv/detail/publish_map__rosidl_typesupport_introspection_cpp.hpp\n'}
[0.488876] (rtabmap_msgs) StdoutLine: {'line': b'-- Up-to-date symlink: /home/brace/codeSpace/navi/install/rtabmap_msgs/include/rtabmap_msgs/rtabmap_msgs/srv/detail/remove_label__rosidl_typesupport_introspection_cpp.hpp\n'}
[0.488938] (rtabmap_msgs) StdoutLine: {'line': b'-- Up-to-date symlink: /home/brace/codeSpace/navi/install/rtabmap_msgs/include/rtabmap_msgs/rtabmap_msgs/srv/detail/reset_pose__rosidl_typesupport_introspection_cpp.hpp\n'}
[0.489004] (rtabmap_msgs) StdoutLine: {'line': b'-- Up-to-date symlink: /home/brace/codeSpace/navi/install/rtabmap_msgs/include/rtabmap_msgs/rtabmap_msgs/srv/detail/set_goal__rosidl_typesupport_introspection_cpp.hpp\n'}
[0.489140] (rtabmap_msgs) StdoutLine: {'line': b'-- Up-to-date symlink: /home/brace/codeSpace/navi/install/rtabmap_msgs/include/rtabmap_msgs/rtabmap_msgs/srv/detail/set_label__rosidl_typesupport_introspection_cpp.hpp\n'}
[0.489255] (rtabmap_msgs) StdoutLine: {'line': b'-- Up-to-date symlink: /home/brace/codeSpace/navi/install/rtabmap_msgs/share/rtabmap_msgs/environment/pythonpath.sh\n'}
[0.489352] (rtabmap_msgs) StdoutLine: {'line': b'-- Up-to-date symlink: /home/brace/codeSpace/navi/install/rtabmap_msgs/share/rtabmap_msgs/environment/pythonpath.dsv\n'}
[0.489622] (rtabmap_msgs) StdoutLine: {'line': b'-- Up-to-date symlink: /home/brace/codeSpace/navi/install/rtabmap_msgs/local/lib/python3.10/dist-packages/rtabmap_msgs-0.22.1-py3.10.egg-info/PKG-INFO\n'}
[0.489692] (rtabmap_msgs) StdoutLine: {'line': b'-- Up-to-date symlink: /home/brace/codeSpace/navi/install/rtabmap_msgs/local/lib/python3.10/dist-packages/rtabmap_msgs-0.22.1-py3.10.egg-info/SOURCES.txt\n'}
[0.489755] (rtabmap_msgs) StdoutLine: {'line': b'-- Up-to-date symlink: /home/brace/codeSpace/navi/install/rtabmap_msgs/local/lib/python3.10/dist-packages/rtabmap_msgs-0.22.1-py3.10.egg-info/dependency_links.txt\n'}
[0.489823] (rtabmap_msgs) StdoutLine: {'line': b'-- Up-to-date symlink: /home/brace/codeSpace/navi/install/rtabmap_msgs/local/lib/python3.10/dist-packages/rtabmap_msgs-0.22.1-py3.10.egg-info/top_level.txt\n'}
[0.490792] (rtabmap_msgs) StdoutLine: {'line': b'-- Up-to-date symlink: /home/brace/codeSpace/navi/install/rtabmap_msgs/local/lib/python3.10/dist-packages/rtabmap_msgs/__init__.py\n'}
[0.490850] (rtabmap_msgs) StdoutLine: {'line': b'-- Up-to-date symlink: /home/brace/codeSpace/navi/install/rtabmap_msgs/local/lib/python3.10/dist-packages/rtabmap_msgs/_rtabmap_msgs_s.ep.rosidl_typesupport_c.c\n'}
[0.490899] (rtabmap_msgs) StdoutLine: {'line': b'-- Up-to-date symlink: /home/brace/codeSpace/navi/install/rtabmap_msgs/local/lib/python3.10/dist-packages/rtabmap_msgs/_rtabmap_msgs_s.ep.rosidl_typesupport_fastrtps_c.c\n'}
[0.490947] (rtabmap_msgs) StdoutLine: {'line': b'-- Up-to-date symlink: /home/brace/codeSpace/navi/install/rtabmap_msgs/local/lib/python3.10/dist-packages/rtabmap_msgs/_rtabmap_msgs_s.ep.rosidl_typesupport_introspection_c.c\n'}
[0.491001] (rtabmap_msgs) StdoutLine: {'line': b'-- Up-to-date symlink: /home/brace/codeSpace/navi/install/rtabmap_msgs/local/lib/python3.10/dist-packages/rtabmap_msgs/librtabmap_msgs__rosidl_generator_py.so\n'}
[0.491087] (rtabmap_msgs) StdoutLine: {'line': b'-- Up-to-date symlink: /home/brace/codeSpace/navi/install/rtabmap_msgs/local/lib/python3.10/dist-packages/rtabmap_msgs/msg/__init__.py\n'}
[0.491157] (rtabmap_msgs) StdoutLine: {'line': b'-- Up-to-date symlink: /home/brace/codeSpace/navi/install/rtabmap_msgs/local/lib/python3.10/dist-packages/rtabmap_msgs/msg/_camera_model.py\n'}
[0.491226] (rtabmap_msgs) StdoutLine: {'line': b'-- Up-to-date symlink: /home/brace/codeSpace/navi/install/rtabmap_msgs/local/lib/python3.10/dist-packages/rtabmap_msgs/msg/_camera_model_s.c\n'}
[0.491290] (rtabmap_msgs) StdoutLine: {'line': b'-- Up-to-date symlink: /home/brace/codeSpace/navi/install/rtabmap_msgs/local/lib/python3.10/dist-packages/rtabmap_msgs/msg/_camera_models.py\n'}
[0.491382] (rtabmap_msgs) StdoutLine: {'line': b'-- Up-to-date symlink: /home/brace/codeSpace/navi/install/rtabmap_msgs/local/lib/python3.10/dist-packages/rtabmap_msgs/msg/_camera_models_s.c\n'}
[0.491445] (rtabmap_msgs) StdoutLine: {'line': b'-- Up-to-date symlink: /home/brace/codeSpace/navi/install/rtabmap_msgs/local/lib/python3.10/dist-packages/rtabmap_msgs/msg/_env_sensor.py\n'}
[0.491532] (rtabmap_msgs) StdoutLine: {'line': b'-- Up-to-date symlink: /home/brace/codeSpace/navi/install/rtabmap_msgs/local/lib/python3.10/dist-packages/rtabmap_msgs/msg/_env_sensor_s.c\n'}
[0.491595] (rtabmap_msgs) StdoutLine: {'line': b'-- Up-to-date symlink: /home/brace/codeSpace/navi/install/rtabmap_msgs/local/lib/python3.10/dist-packages/rtabmap_msgs/msg/_global_descriptor.py\n'}
[0.491659] (rtabmap_msgs) StdoutLine: {'line': b'-- Up-to-date symlink: /home/brace/codeSpace/navi/install/rtabmap_msgs/local/lib/python3.10/dist-packages/rtabmap_msgs/msg/_global_descriptor_s.c\n'}
[0.491725] (rtabmap_msgs) StdoutLine: {'line': b'-- Up-to-date symlink: /home/brace/codeSpace/navi/install/rtabmap_msgs/local/lib/python3.10/dist-packages/rtabmap_msgs/msg/_goal.py\n'}
[0.491789] (rtabmap_msgs) StdoutLine: {'line': b'-- Up-to-date symlink: /home/brace/codeSpace/navi/install/rtabmap_msgs/local/lib/python3.10/dist-packages/rtabmap_msgs/msg/_goal_s.c\n'}
[0.491855] (rtabmap_msgs) StdoutLine: {'line': b'-- Up-to-date symlink: /home/brace/codeSpace/navi/install/rtabmap_msgs/local/lib/python3.10/dist-packages/rtabmap_msgs/msg/_gps.py\n'}
[0.491918] (rtabmap_msgs) StdoutLine: {'line': b'-- Up-to-date symlink: /home/brace/codeSpace/navi/install/rtabmap_msgs/local/lib/python3.10/dist-packages/rtabmap_msgs/msg/_gps_s.c\n'}
[0.491982] (rtabmap_msgs) StdoutLine: {'line': b'-- Up-to-date symlink: /home/brace/codeSpace/navi/install/rtabmap_msgs/local/lib/python3.10/dist-packages/rtabmap_msgs/msg/_info.py\n'}
[0.492047] (rtabmap_msgs) StdoutLine: {'line': b'-- Up-to-date symlink: /home/brace/codeSpace/navi/install/rtabmap_msgs/local/lib/python3.10/dist-packages/rtabmap_msgs/msg/_info_s.c\n'}
[0.492111] (rtabmap_msgs) StdoutLine: {'line': b'-- Up-to-date symlink: /home/brace/codeSpace/navi/install/rtabmap_msgs/local/lib/python3.10/dist-packages/rtabmap_msgs/msg/_key_point.py\n'}
[0.492180] (rtabmap_msgs) StdoutLine: {'line': b'-- Up-to-date symlink: /home/brace/codeSpace/navi/install/rtabmap_msgs/local/lib/python3.10/dist-packages/rtabmap_msgs/msg/_key_point_s.c\n'}
[0.492248] (rtabmap_msgs) StdoutLine: {'line': b'-- Up-to-date symlink: /home/brace/codeSpace/navi/install/rtabmap_msgs/local/lib/python3.10/dist-packages/rtabmap_msgs/msg/_landmark_detection.py\n'}
[0.492310] (rtabmap_msgs) StdoutLine: {'line': b'-- Up-to-date symlink: /home/brace/codeSpace/navi/install/rtabmap_msgs/local/lib/python3.10/dist-packages/rtabmap_msgs/msg/_landmark_detection_s.c\n'}
[0.492373] (rtabmap_msgs) StdoutLine: {'line': b'-- Up-to-date symlink: /home/brace/codeSpace/navi/install/rtabmap_msgs/local/lib/python3.10/dist-packages/rtabmap_msgs/msg/_landmark_detections.py\n'}
[0.492439] (rtabmap_msgs) StdoutLine: {'line': b'-- Up-to-date symlink: /home/brace/codeSpace/navi/install/rtabmap_msgs/local/lib/python3.10/dist-packages/rtabmap_msgs/msg/_landmark_detections_s.c\n'}
[0.492558] (rtabmap_msgs) StdoutLine: {'line': b'-- Up-to-date symlink: /home/brace/codeSpace/navi/install/rtabmap_msgs/local/lib/python3.10/dist-packages/rtabmap_msgs/msg/_link.py\n'}
[0.492623] (rtabmap_msgs) StdoutLine: {'line': b'-- Up-to-date symlink: /home/brace/codeSpace/navi/install/rtabmap_msgs/local/lib/python3.10/dist-packages/rtabmap_msgs/msg/_link_s.c\n'}
[0.492685] (rtabmap_msgs) StdoutLine: {'line': b'-- Up-to-date symlink: /home/brace/codeSpace/navi/install/rtabmap_msgs/local/lib/python3.10/dist-packages/rtabmap_msgs/msg/_map_data.py\n'}
[0.492748] (rtabmap_msgs) StdoutLine: {'line': b'-- Up-to-date symlink: /home/brace/codeSpace/navi/install/rtabmap_msgs/local/lib/python3.10/dist-packages/rtabmap_msgs/msg/_map_data_s.c\n'}
[0.492812] (rtabmap_msgs) StdoutLine: {'line': b'-- Up-to-date symlink: /home/brace/codeSpace/navi/install/rtabmap_msgs/local/lib/python3.10/dist-packages/rtabmap_msgs/msg/_map_graph.py\n'}
[0.492878] (rtabmap_msgs) StdoutLine: {'line': b'-- Up-to-date symlink: /home/brace/codeSpace/navi/install/rtabmap_msgs/local/lib/python3.10/dist-packages/rtabmap_msgs/msg/_map_graph_s.c\n'}
[0.492940] (rtabmap_msgs) StdoutLine: {'line': b'-- Up-to-date symlink: /home/brace/codeSpace/navi/install/rtabmap_msgs/local/lib/python3.10/dist-packages/rtabmap_msgs/msg/_node.py\n'}
[0.493001] (rtabmap_msgs) StdoutLine: {'line': b'-- Up-to-date symlink: /home/brace/codeSpace/navi/install/rtabmap_msgs/local/lib/python3.10/dist-packages/rtabmap_msgs/msg/_node_s.c\n'}
[0.493067] (rtabmap_msgs) StdoutLine: {'line': b'-- Up-to-date symlink: /home/brace/codeSpace/navi/install/rtabmap_msgs/local/lib/python3.10/dist-packages/rtabmap_msgs/msg/_odom_info.py\n'}
[0.493132] (rtabmap_msgs) StdoutLine: {'line': b'-- Up-to-date symlink: /home/brace/codeSpace/navi/install/rtabmap_msgs/local/lib/python3.10/dist-packages/rtabmap_msgs/msg/_odom_info_s.c\n'}
[0.493197] (rtabmap_msgs) StdoutLine: {'line': b'-- Up-to-date symlink: /home/brace/codeSpace/navi/install/rtabmap_msgs/local/lib/python3.10/dist-packages/rtabmap_msgs/msg/_path.py\n'}
[0.493263] (rtabmap_msgs) StdoutLine: {'line': b'-- Up-to-date symlink: /home/brace/codeSpace/navi/install/rtabmap_msgs/local/lib/python3.10/dist-packages/rtabmap_msgs/msg/_path_s.c\n'}
[0.493324] (rtabmap_msgs) StdoutLine: {'line': b'-- Up-to-date symlink: /home/brace/codeSpace/navi/install/rtabmap_msgs/local/lib/python3.10/dist-packages/rtabmap_msgs/msg/_point2f.py\n'}
[0.493385] (rtabmap_msgs) StdoutLine: {'line': b'-- Up-to-date symlink: /home/brace/codeSpace/navi/install/rtabmap_msgs/local/lib/python3.10/dist-packages/rtabmap_msgs/msg/_point2f_s.c\n'}
[0.493448] (rtabmap_msgs) StdoutLine: {'line': b'-- Up-to-date symlink: /home/brace/codeSpace/navi/install/rtabmap_msgs/local/lib/python3.10/dist-packages/rtabmap_msgs/msg/_point3f.py\n'}
[0.493510] (rtabmap_msgs) StdoutLine: {'line': b'-- Up-to-date symlink: /home/brace/codeSpace/navi/install/rtabmap_msgs/local/lib/python3.10/dist-packages/rtabmap_msgs/msg/_point3f_s.c\n'}
[0.493573] (rtabmap_msgs) StdoutLine: {'line': b'-- Up-to-date symlink: /home/brace/codeSpace/navi/install/rtabmap_msgs/local/lib/python3.10/dist-packages/rtabmap_msgs/msg/_rgbd_image.py\n'}
[0.493637] (rtabmap_msgs) StdoutLine: {'line': b'-- Up-to-date symlink: /home/brace/codeSpace/navi/install/rtabmap_msgs/local/lib/python3.10/dist-packages/rtabmap_msgs/msg/_rgbd_image_s.c\n'}
[0.493698] (rtabmap_msgs) StdoutLine: {'line': b'-- Up-to-date symlink: /home/brace/codeSpace/navi/install/rtabmap_msgs/local/lib/python3.10/dist-packages/rtabmap_msgs/msg/_rgbd_images.py\n'}
[0.493759] (rtabmap_msgs) StdoutLine: {'line': b'-- Up-to-date symlink: /home/brace/codeSpace/navi/install/rtabmap_msgs/local/lib/python3.10/dist-packages/rtabmap_msgs/msg/_rgbd_images_s.c\n'}
[0.493820] (rtabmap_msgs) StdoutLine: {'line': b'-- Up-to-date symlink: /home/brace/codeSpace/navi/install/rtabmap_msgs/local/lib/python3.10/dist-packages/rtabmap_msgs/msg/_scan_descriptor.py\n'}
[0.493885] (rtabmap_msgs) StdoutLine: {'line': b'-- Up-to-date symlink: /home/brace/codeSpace/navi/install/rtabmap_msgs/local/lib/python3.10/dist-packages/rtabmap_msgs/msg/_scan_descriptor_s.c\n'}
[0.493950] (rtabmap_msgs) StdoutLine: {'line': b'-- Up-to-date symlink: /home/brace/codeSpace/navi/install/rtabmap_msgs/local/lib/python3.10/dist-packages/rtabmap_msgs/msg/_sensor_data.py\n'}
[0.494013] (rtabmap_msgs) StdoutLine: {'line': b'-- Up-to-date symlink: /home/brace/codeSpace/navi/install/rtabmap_msgs/local/lib/python3.10/dist-packages/rtabmap_msgs/msg/_sensor_data_s.c\n'}
[0.494080] (rtabmap_msgs) StdoutLine: {'line': b'-- Up-to-date symlink: /home/brace/codeSpace/navi/install/rtabmap_msgs/local/lib/python3.10/dist-packages/rtabmap_msgs/msg/_user_data.py\n'}
[0.494181] (rtabmap_msgs) StdoutLine: {'line': b'-- Up-to-date symlink: /home/brace/codeSpace/navi/install/rtabmap_msgs/local/lib/python3.10/dist-packages/rtabmap_msgs/msg/_user_data_s.c\n'}
[0.494248] (rtabmap_msgs) StdoutLine: {'line': b'-- Up-to-date symlink: /home/brace/codeSpace/navi/install/rtabmap_msgs/local/lib/python3.10/dist-packages/rtabmap_msgs/rtabmap_msgs_s__rosidl_typesupport_c.cpython-310-x86_64-linux-gnu.so\n'}
[0.494314] (rtabmap_msgs) StdoutLine: {'line': b'-- Up-to-date symlink: /home/brace/codeSpace/navi/install/rtabmap_msgs/local/lib/python3.10/dist-packages/rtabmap_msgs/rtabmap_msgs_s__rosidl_typesupport_fastrtps_c.cpython-310-x86_64-linux-gnu.so\n'}
[0.494417] (rtabmap_msgs) StdoutLine: {'line': b'-- Up-to-date symlink: /home/brace/codeSpace/navi/install/rtabmap_msgs/local/lib/python3.10/dist-packages/rtabmap_msgs/rtabmap_msgs_s__rosidl_typesupport_introspection_c.cpython-310-x86_64-linux-gnu.so\n'}
[0.494498] (rtabmap_msgs) StdoutLine: {'line': b'-- Up-to-date symlink: /home/brace/codeSpace/navi/install/rtabmap_msgs/local/lib/python3.10/dist-packages/rtabmap_msgs/srv/__init__.py\n'}
[0.494623] (rtabmap_msgs) StdoutLine: {'line': b'-- Up-to-date symlink: /home/brace/codeSpace/navi/install/rtabmap_msgs/local/lib/python3.10/dist-packages/rtabmap_msgs/srv/_add_link.py\n'}
[0.494683] (rtabmap_msgs) StdoutLine: {'line': b'-- Up-to-date symlink: /home/brace/codeSpace/navi/install/rtabmap_msgs/local/lib/python3.10/dist-packages/rtabmap_msgs/srv/_add_link_s.c\n'}
[0.494746] (rtabmap_msgs) StdoutLine: {'line': b'-- Up-to-date symlink: /home/brace/codeSpace/navi/install/rtabmap_msgs/local/lib/python3.10/dist-packages/rtabmap_msgs/srv/_cleanup_local_grids.py\n'}
[0.494809] (rtabmap_msgs) StdoutLine: {'line': b'-- Up-to-date symlink: /home/brace/codeSpace/navi/install/rtabmap_msgs/local/lib/python3.10/dist-packages/rtabmap_msgs/srv/_cleanup_local_grids_s.c\n'}
[0.494871] (rtabmap_msgs) StdoutLine: {'line': b'-- Up-to-date symlink: /home/brace/codeSpace/navi/install/rtabmap_msgs/local/lib/python3.10/dist-packages/rtabmap_msgs/srv/_detect_more_loop_closures.py\n'}
[0.494933] (rtabmap_msgs) StdoutLine: {'line': b'-- Up-to-date symlink: /home/brace/codeSpace/navi/install/rtabmap_msgs/local/lib/python3.10/dist-packages/rtabmap_msgs/srv/_detect_more_loop_closures_s.c\n'}
[0.494995] (rtabmap_msgs) StdoutLine: {'line': b'-- Up-to-date symlink: /home/brace/codeSpace/navi/install/rtabmap_msgs/local/lib/python3.10/dist-packages/rtabmap_msgs/srv/_get_map.py\n'}
[0.495055] (rtabmap_msgs) StdoutLine: {'line': b'-- Up-to-date symlink: /home/brace/codeSpace/navi/install/rtabmap_msgs/local/lib/python3.10/dist-packages/rtabmap_msgs/srv/_get_map2.py\n'}
[0.495119] (rtabmap_msgs) StdoutLine: {'line': b'-- Up-to-date symlink: /home/brace/codeSpace/navi/install/rtabmap_msgs/local/lib/python3.10/dist-packages/rtabmap_msgs/srv/_get_map2_s.c\n'}
[0.495184] (rtabmap_msgs) StdoutLine: {'line': b'-- Up-to-date symlink: /home/brace/codeSpace/navi/install/rtabmap_msgs/local/lib/python3.10/dist-packages/rtabmap_msgs/srv/_get_map_s.c\n'}
[0.495247] (rtabmap_msgs) StdoutLine: {'line': b'-- Up-to-date symlink: /home/brace/codeSpace/navi/install/rtabmap_msgs/local/lib/python3.10/dist-packages/rtabmap_msgs/srv/_get_node_data.py\n'}
[0.495311] (rtabmap_msgs) StdoutLine: {'line': b'-- Up-to-date symlink: /home/brace/codeSpace/navi/install/rtabmap_msgs/local/lib/python3.10/dist-packages/rtabmap_msgs/srv/_get_node_data_s.c\n'}
[0.495375] (rtabmap_msgs) StdoutLine: {'line': b'-- Up-to-date symlink: /home/brace/codeSpace/navi/install/rtabmap_msgs/local/lib/python3.10/dist-packages/rtabmap_msgs/srv/_get_nodes_in_radius.py\n'}
[0.495453] (rtabmap_msgs) StdoutLine: {'line': b'-- Up-to-date symlink: /home/brace/codeSpace/navi/install/rtabmap_msgs/local/lib/python3.10/dist-packages/rtabmap_msgs/srv/_get_nodes_in_radius_s.c\n'}
[0.495568] (rtabmap_msgs) StdoutLine: {'line': b'-- Up-to-date symlink: /home/brace/codeSpace/navi/install/rtabmap_msgs/local/lib/python3.10/dist-packages/rtabmap_msgs/srv/_get_plan.py\n'}
[0.495629] (rtabmap_msgs) StdoutLine: {'line': b'-- Up-to-date symlink: /home/brace/codeSpace/navi/install/rtabmap_msgs/local/lib/python3.10/dist-packages/rtabmap_msgs/srv/_get_plan_s.c\n'}
[0.495694] (rtabmap_msgs) StdoutLine: {'line': b'-- Up-to-date symlink: /home/brace/codeSpace/navi/install/rtabmap_msgs/local/lib/python3.10/dist-packages/rtabmap_msgs/srv/_global_bundle_adjustment.py\n'}
[0.495758] (rtabmap_msgs) StdoutLine: {'line': b'-- Up-to-date symlink: /home/brace/codeSpace/navi/install/rtabmap_msgs/local/lib/python3.10/dist-packages/rtabmap_msgs/srv/_global_bundle_adjustment_s.c\n'}
[0.495820] (rtabmap_msgs) StdoutLine: {'line': b'-- Up-to-date symlink: /home/brace/codeSpace/navi/install/rtabmap_msgs/local/lib/python3.10/dist-packages/rtabmap_msgs/srv/_list_labels.py\n'}
[0.495884] (rtabmap_msgs) StdoutLine: {'line': b'-- Up-to-date symlink: /home/brace/codeSpace/navi/install/rtabmap_msgs/local/lib/python3.10/dist-packages/rtabmap_msgs/srv/_list_labels_s.c\n'}
[0.495949] (rtabmap_msgs) StdoutLine: {'line': b'-- Up-to-date symlink: /home/brace/codeSpace/navi/install/rtabmap_msgs/local/lib/python3.10/dist-packages/rtabmap_msgs/srv/_load_database.py\n'}
[0.496013] (rtabmap_msgs) StdoutLine: {'line': b'-- Up-to-date symlink: /home/brace/codeSpace/navi/install/rtabmap_msgs/local/lib/python3.10/dist-packages/rtabmap_msgs/srv/_load_database_s.c\n'}
[0.496152] (rtabmap_msgs) StdoutLine: {'line': b'-- Up-to-date symlink: /home/brace/codeSpace/navi/install/rtabmap_msgs/local/lib/python3.10/dist-packages/rtabmap_msgs/srv/_publish_map.py\n'}
[0.496214] (rtabmap_msgs) StdoutLine: {'line': b'-- Up-to-date symlink: /home/brace/codeSpace/navi/install/rtabmap_msgs/local/lib/python3.10/dist-packages/rtabmap_msgs/srv/_publish_map_s.c\n'}
[0.496279] (rtabmap_msgs) StdoutLine: {'line': b'-- Up-to-date symlink: /home/brace/codeSpace/navi/install/rtabmap_msgs/local/lib/python3.10/dist-packages/rtabmap_msgs/srv/_remove_label.py\n'}
[0.496343] (rtabmap_msgs) StdoutLine: {'line': b'-- Up-to-date symlink: /home/brace/codeSpace/navi/install/rtabmap_msgs/local/lib/python3.10/dist-packages/rtabmap_msgs/srv/_remove_label_s.c\n'}
[0.496406] (rtabmap_msgs) StdoutLine: {'line': b'-- Up-to-date symlink: /home/brace/codeSpace/navi/install/rtabmap_msgs/local/lib/python3.10/dist-packages/rtabmap_msgs/srv/_reset_pose.py\n'}
[0.496468] (rtabmap_msgs) StdoutLine: {'line': b'-- Up-to-date symlink: /home/brace/codeSpace/navi/install/rtabmap_msgs/local/lib/python3.10/dist-packages/rtabmap_msgs/srv/_reset_pose_s.c\n'}
[0.496646] (rtabmap_msgs) StdoutLine: {'line': b'-- Up-to-date symlink: /home/brace/codeSpace/navi/install/rtabmap_msgs/local/lib/python3.10/dist-packages/rtabmap_msgs/srv/_set_goal.py\n'}
[0.496708] (rtabmap_msgs) StdoutLine: {'line': b'-- Up-to-date symlink: /home/brace/codeSpace/navi/install/rtabmap_msgs/local/lib/python3.10/dist-packages/rtabmap_msgs/srv/_set_goal_s.c\n'}
[0.496771] (rtabmap_msgs) StdoutLine: {'line': b'-- Up-to-date symlink: /home/brace/codeSpace/navi/install/rtabmap_msgs/local/lib/python3.10/dist-packages/rtabmap_msgs/srv/_set_label.py\n'}
[0.496832] (rtabmap_msgs) StdoutLine: {'line': b'-- Up-to-date symlink: /home/brace/codeSpace/navi/install/rtabmap_msgs/local/lib/python3.10/dist-packages/rtabmap_msgs/srv/_set_label_s.c\n'}
[0.497277] (rtabmap_msgs) StdoutLine: {'line': b'-- Up-to-date symlink: /home/brace/codeSpace/navi/install/rtabmap_msgs/local/lib/python3.10/dist-packages/rtabmap_msgs/rtabmap_msgs_s__rosidl_typesupport_fastrtps_c.cpython-310-x86_64-linux-gnu.so\n'}
[0.497678] (rtabmap_msgs) StdoutLine: {'line': b'-- Up-to-date symlink: /home/brace/codeSpace/navi/install/rtabmap_msgs/local/lib/python3.10/dist-packages/rtabmap_msgs/rtabmap_msgs_s__rosidl_typesupport_introspection_c.cpython-310-x86_64-linux-gnu.so\n'}
[0.497895] (rtabmap_msgs) StdoutLine: {'line': b'-- Up-to-date symlink: /home/brace/codeSpace/navi/install/rtabmap_msgs/local/lib/python3.10/dist-packages/rtabmap_msgs/rtabmap_msgs_s__rosidl_typesupport_c.cpython-310-x86_64-linux-gnu.so\n'}
[0.498510] (rtabmap_msgs) StdoutLine: {'line': b'-- Up-to-date symlink: /home/brace/codeSpace/navi/install/rtabmap_msgs/share/rtabmap_msgs/msg/Info.idl\n'}
[0.498753] (rtabmap_msgs) StdoutLine: {'line': b'-- Up-to-date symlink: /home/brace/codeSpace/navi/install/rtabmap_msgs/share/rtabmap_msgs/msg/KeyPoint.idl\n'}
[0.499145] (rtabmap_msgs) StdoutLine: {'line': b'-- Up-to-date symlink: /home/brace/codeSpace/navi/install/rtabmap_msgs/share/rtabmap_msgs/msg/GlobalDescriptor.idl\n'}
[0.499201] (rtabmap_msgs) StdoutLine: {'line': b'-- Up-to-date symlink: /home/brace/codeSpace/navi/install/rtabmap_msgs/share/rtabmap_msgs/msg/ScanDescriptor.idl\n'}
[0.499343] (rtabmap_msgs) StdoutLine: {'line': b'-- Up-to-date symlink: /home/brace/codeSpace/navi/install/rtabmap_msgs/share/rtabmap_msgs/msg/MapData.idl\n'}
[0.499601] (rtabmap_msgs) StdoutLine: {'line': b'-- Up-to-date symlink: /home/brace/codeSpace/navi/install/rtabmap_msgs/share/rtabmap_msgs/msg/MapGraph.idl\n'}
[0.499744] (rtabmap_msgs) StdoutLine: {'line': b'-- Up-to-date symlink: /home/brace/codeSpace/navi/install/rtabmap_msgs/share/rtabmap_msgs/msg/Node.idl\n'}
[0.499886] (rtabmap_msgs) StdoutLine: {'line': b'-- Up-to-date symlink: /home/brace/codeSpace/navi/install/rtabmap_msgs/share/rtabmap_msgs/msg/SensorData.idl\n'}
[0.499913] (-) TimerEvent: {}
[0.500039] (rtabmap_msgs) StdoutLine: {'line': b'-- Up-to-date symlink: /home/brace/codeSpace/navi/install/rtabmap_msgs/share/rtabmap_msgs/msg/Link.idl\n'}
[0.500274] (rtabmap_msgs) StdoutLine: {'line': b'-- Up-to-date symlink: /home/brace/codeSpace/navi/install/rtabmap_msgs/share/rtabmap_msgs/msg/LandmarkDetection.idl\n'}
[0.500770] (rtabmap_msgs) StdoutLine: {'line': b'-- Up-to-date symlink: /home/brace/codeSpace/navi/install/rtabmap_msgs/share/rtabmap_msgs/msg/LandmarkDetections.idl\n'}
[0.500829] (rtabmap_msgs) StdoutLine: {'line': b'-- Up-to-date symlink: /home/brace/codeSpace/navi/install/rtabmap_msgs/share/rtabmap_msgs/msg/OdomInfo.idl\n'}
[0.500974] (rtabmap_msgs) StdoutLine: {'line': b'-- Up-to-date symlink: /home/brace/codeSpace/navi/install/rtabmap_msgs/share/rtabmap_msgs/msg/Point2f.idl\n'}
[0.501178] (rtabmap_msgs) StdoutLine: {'line': b'-- Up-to-date symlink: /home/brace/codeSpace/navi/install/rtabmap_msgs/share/rtabmap_msgs/msg/Point3f.idl\n'}
[0.501319] (rtabmap_msgs) StdoutLine: {'line': b'-- Up-to-date symlink: /home/brace/codeSpace/navi/install/rtabmap_msgs/share/rtabmap_msgs/msg/Goal.idl\n'}
[0.501564] (rtabmap_msgs) StdoutLine: {'line': b'-- Up-to-date symlink: /home/brace/codeSpace/navi/install/rtabmap_msgs/share/rtabmap_msgs/msg/RGBDImage.idl\n'}
[0.501749] (rtabmap_msgs) StdoutLine: {'line': b'-- Up-to-date symlink: /home/brace/codeSpace/navi/install/rtabmap_msgs/share/rtabmap_msgs/msg/RGBDImages.idl\n'}
[0.501890] (rtabmap_msgs) StdoutLine: {'line': b'-- Up-to-date symlink: /home/brace/codeSpace/navi/install/rtabmap_msgs/share/rtabmap_msgs/msg/UserData.idl\n'}
[0.502030] (rtabmap_msgs) StdoutLine: {'line': b'-- Up-to-date symlink: /home/brace/codeSpace/navi/install/rtabmap_msgs/share/rtabmap_msgs/msg/GPS.idl\n'}
[0.502694] (rtabmap_msgs) StdoutLine: {'line': b'-- Up-to-date symlink: /home/brace/codeSpace/navi/install/rtabmap_msgs/share/rtabmap_msgs/msg/Path.idl\n'}
[0.502765] (rtabmap_msgs) StdoutLine: {'line': b'-- Up-to-date symlink: /home/brace/codeSpace/navi/install/rtabmap_msgs/share/rtabmap_msgs/msg/EnvSensor.idl\n'}
[0.502900] (rtabmap_msgs) StdoutLine: {'line': b'-- Up-to-date symlink: /home/brace/codeSpace/navi/install/rtabmap_msgs/share/rtabmap_msgs/msg/CameraModel.idl\n'}
[0.503039] (rtabmap_msgs) StdoutLine: {'line': b'-- Up-to-date symlink: /home/brace/codeSpace/navi/install/rtabmap_msgs/share/rtabmap_msgs/msg/CameraModels.idl\n'}
[0.503256] (rtabmap_msgs) StdoutLine: {'line': b'-- Up-to-date symlink: /home/brace/codeSpace/navi/install/rtabmap_msgs/share/rtabmap_msgs/srv/GetMap.idl\n'}
[0.503443] (rtabmap_msgs) StdoutLine: {'line': b'-- Up-to-date symlink: /home/brace/codeSpace/navi/install/rtabmap_msgs/share/rtabmap_msgs/srv/GetMap2.idl\n'}
[0.503590] (rtabmap_msgs) StdoutLine: {'line': b'-- Up-to-date symlink: /home/brace/codeSpace/navi/install/rtabmap_msgs/share/rtabmap_msgs/srv/ListLabels.idl\n'}
[0.503730] (rtabmap_msgs) StdoutLine: {'line': b'-- Up-to-date symlink: /home/brace/codeSpace/navi/install/rtabmap_msgs/share/rtabmap_msgs/srv/PublishMap.idl\n'}
[0.503961] (rtabmap_msgs) StdoutLine: {'line': b'-- Up-to-date symlink: /home/brace/codeSpace/navi/install/rtabmap_msgs/share/rtabmap_msgs/srv/ResetPose.idl\n'}
[0.504357] (rtabmap_msgs) StdoutLine: {'line': b'-- Up-to-date symlink: /home/brace/codeSpace/navi/install/rtabmap_msgs/share/rtabmap_msgs/srv/SetGoal.idl\n'}
[0.504501] (rtabmap_msgs) StdoutLine: {'line': b'-- Up-to-date symlink: /home/brace/codeSpace/navi/install/rtabmap_msgs/share/rtabmap_msgs/srv/SetLabel.idl\n'}
[0.505008] (rtabmap_msgs) StdoutLine: {'line': b'-- Up-to-date symlink: /home/brace/codeSpace/navi/install/rtabmap_msgs/share/rtabmap_msgs/srv/RemoveLabel.idl\n'}
[0.505077] (rtabmap_msgs) StdoutLine: {'line': b'-- Up-to-date symlink: /home/brace/codeSpace/navi/install/rtabmap_msgs/share/rtabmap_msgs/srv/GetPlan.idl\n'}
[0.505647] (rtabmap_msgs) StdoutLine: {'line': b'-- Up-to-date symlink: /home/brace/codeSpace/navi/install/rtabmap_msgs/share/rtabmap_msgs/srv/AddLink.idl\n'}
[0.505712] (rtabmap_msgs) StdoutLine: {'line': b'-- Up-to-date symlink: /home/brace/codeSpace/navi/install/rtabmap_msgs/share/rtabmap_msgs/srv/GetNodeData.idl\n'}
[0.506226] (rtabmap_msgs) StdoutLine: {'line': b'-- Up-to-date symlink: /home/brace/codeSpace/navi/install/rtabmap_msgs/share/rtabmap_msgs/srv/GetNodesInRadius.idl\n'}
[0.506450] (rtabmap_msgs) StdoutLine: {'line': b'-- Up-to-date symlink: /home/brace/codeSpace/navi/install/rtabmap_msgs/share/rtabmap_msgs/srv/LoadDatabase.idl\n'}
[0.506592] (rtabmap_msgs) StdoutLine: {'line': b'-- Up-to-date symlink: /home/brace/codeSpace/navi/install/rtabmap_msgs/share/rtabmap_msgs/srv/DetectMoreLoopClosures.idl\n'}
[0.506735] (rtabmap_msgs) StdoutLine: {'line': b'-- Up-to-date symlink: /home/brace/codeSpace/navi/install/rtabmap_msgs/share/rtabmap_msgs/srv/GlobalBundleAdjustment.idl\n'}
[0.506948] (rtabmap_msgs) StdoutLine: {'line': b'-- Up-to-date symlink: /home/brace/codeSpace/navi/install/rtabmap_msgs/share/rtabmap_msgs/srv/CleanupLocalGrids.idl\n'}
[0.507120] (rtabmap_msgs) StdoutLine: {'line': b'-- Up-to-date symlink: /home/brace/codeSpace/navi/install/rtabmap_msgs/share/rtabmap_msgs/msg/Info.msg\n'}
[0.507275] (rtabmap_msgs) StdoutLine: {'line': b'-- Up-to-date symlink: /home/brace/codeSpace/navi/install/rtabmap_msgs/share/rtabmap_msgs/msg/KeyPoint.msg\n'}
[0.507505] (rtabmap_msgs) StdoutLine: {'line': b'-- Up-to-date symlink: /home/brace/codeSpace/navi/install/rtabmap_msgs/share/rtabmap_msgs/msg/GlobalDescriptor.msg\n'}
[0.507647] (rtabmap_msgs) StdoutLine: {'line': b'-- Up-to-date symlink: /home/brace/codeSpace/navi/install/rtabmap_msgs/share/rtabmap_msgs/msg/ScanDescriptor.msg\n'}
[0.507791] (rtabmap_msgs) StdoutLine: {'line': b'-- Up-to-date symlink: /home/brace/codeSpace/navi/install/rtabmap_msgs/share/rtabmap_msgs/msg/MapData.msg\n'}
[0.508038] (rtabmap_msgs) StdoutLine: {'line': b'-- Up-to-date symlink: /home/brace/codeSpace/navi/install/rtabmap_msgs/share/rtabmap_msgs/msg/MapGraph.msg\n'}
[0.508223] (rtabmap_msgs) StdoutLine: {'line': b'-- Up-to-date symlink: /home/brace/codeSpace/navi/install/rtabmap_msgs/share/rtabmap_msgs/msg/Node.msg\n'}
[0.508913] (rtabmap_msgs) StdoutLine: {'line': b'-- Up-to-date symlink: /home/brace/codeSpace/navi/install/rtabmap_msgs/share/rtabmap_msgs/msg/SensorData.msg\n'}
[0.509026] (rtabmap_msgs) StdoutLine: {'line': b'-- Up-to-date symlink: /home/brace/codeSpace/navi/install/rtabmap_msgs/share/rtabmap_msgs/msg/Link.msg\n'}
[0.509230] (rtabmap_msgs) StdoutLine: {'line': b'-- Up-to-date symlink: /home/brace/codeSpace/navi/install/rtabmap_msgs/share/rtabmap_msgs/msg/LandmarkDetection.msg\n'}
[0.509407] (rtabmap_msgs) StdoutLine: {'line': b'-- Up-to-date symlink: /home/brace/codeSpace/navi/install/rtabmap_msgs/share/rtabmap_msgs/msg/LandmarkDetections.msg\n'}
[0.509534] (rtabmap_msgs) StdoutLine: {'line': b'-- Up-to-date symlink: /home/brace/codeSpace/navi/install/rtabmap_msgs/share/rtabmap_msgs/msg/OdomInfo.msg\n'}
[0.509668] (rtabmap_msgs) StdoutLine: {'line': b'-- Up-to-date symlink: /home/brace/codeSpace/navi/install/rtabmap_msgs/share/rtabmap_msgs/msg/Point2f.msg\n'}
[0.510187] (rtabmap_msgs) StdoutLine: {'line': b'-- Up-to-date symlink: /home/brace/codeSpace/navi/install/rtabmap_msgs/share/rtabmap_msgs/msg/Point3f.msg\n'}
[0.510345] (rtabmap_msgs) StdoutLine: {'line': b'-- Up-to-date symlink: /home/brace/codeSpace/navi/install/rtabmap_msgs/share/rtabmap_msgs/msg/Goal.msg\n'}
[0.510494] (rtabmap_msgs) StdoutLine: {'line': b'-- Up-to-date symlink: /home/brace/codeSpace/navi/install/rtabmap_msgs/share/rtabmap_msgs/msg/RGBDImage.msg\n'}
[0.510655] (rtabmap_msgs) StdoutLine: {'line': b'-- Up-to-date symlink: /home/brace/codeSpace/navi/install/rtabmap_msgs/share/rtabmap_msgs/msg/RGBDImages.msg\n'}
[0.510781] (rtabmap_msgs) StdoutLine: {'line': b'-- Up-to-date symlink: /home/brace/codeSpace/navi/install/rtabmap_msgs/share/rtabmap_msgs/msg/UserData.msg\n'}
[0.510970] (rtabmap_msgs) StdoutLine: {'line': b'-- Up-to-date symlink: /home/brace/codeSpace/navi/install/rtabmap_msgs/share/rtabmap_msgs/msg/GPS.msg\n'}
[0.511111] (rtabmap_msgs) StdoutLine: {'line': b'-- Up-to-date symlink: /home/brace/codeSpace/navi/install/rtabmap_msgs/share/rtabmap_msgs/msg/Path.msg\n'}
[0.511256] (rtabmap_msgs) StdoutLine: {'line': b'-- Up-to-date symlink: /home/brace/codeSpace/navi/install/rtabmap_msgs/share/rtabmap_msgs/msg/EnvSensor.msg\n'}
[0.511478] (rtabmap_msgs) StdoutLine: {'line': b'-- Up-to-date symlink: /home/brace/codeSpace/navi/install/rtabmap_msgs/share/rtabmap_msgs/msg/CameraModel.msg\n'}
[0.511618] (rtabmap_msgs) StdoutLine: {'line': b'-- Up-to-date symlink: /home/brace/codeSpace/navi/install/rtabmap_msgs/share/rtabmap_msgs/msg/CameraModels.msg\n'}
[0.511898] (rtabmap_msgs) StdoutLine: {'line': b'-- Up-to-date symlink: /home/brace/codeSpace/navi/install/rtabmap_msgs/share/rtabmap_msgs/srv/GetMap.srv\n'}
[0.512491] (rtabmap_msgs) StdoutLine: {'line': b'-- Up-to-date symlink: /home/brace/codeSpace/navi/install/rtabmap_msgs/share/rtabmap_msgs/srv/GetMap_Request.msg\n'}
[0.512824] (rtabmap_msgs) StdoutLine: {'line': b'-- Up-to-date symlink: /home/brace/codeSpace/navi/install/rtabmap_msgs/share/rtabmap_msgs/srv/GetMap_Response.msg\n'}
[0.512957] (rtabmap_msgs) StdoutLine: {'line': b'-- Up-to-date symlink: /home/brace/codeSpace/navi/install/rtabmap_msgs/share/rtabmap_msgs/srv/GetMap2.srv\n'}
[0.513156] (rtabmap_msgs) StdoutLine: {'line': b'-- Up-to-date symlink: /home/brace/codeSpace/navi/install/rtabmap_msgs/share/rtabmap_msgs/srv/GetMap2_Request.msg\n'}
[0.514193] (rtabmap_msgs) StdoutLine: {'line': b'-- Up-to-date symlink: /home/brace/codeSpace/navi/install/rtabmap_msgs/share/rtabmap_msgs/srv/GetMap2_Response.msg\n'}
[0.514321] (rtabmap_msgs) StdoutLine: {'line': b'-- Up-to-date symlink: /home/brace/codeSpace/navi/install/rtabmap_msgs/share/rtabmap_msgs/srv/ListLabels.srv\n'}
[0.514465] (rtabmap_msgs) StdoutLine: {'line': b'-- Up-to-date symlink: /home/brace/codeSpace/navi/install/rtabmap_msgs/share/rtabmap_msgs/srv/ListLabels_Request.msg\n'}
[0.514609] (rtabmap_msgs) StdoutLine: {'line': b'-- Up-to-date symlink: /home/brace/codeSpace/navi/install/rtabmap_msgs/share/rtabmap_msgs/srv/ListLabels_Response.msg\n'}
[0.514757] (rtabmap_msgs) StdoutLine: {'line': b'-- Up-to-date symlink: /home/brace/codeSpace/navi/install/rtabmap_msgs/share/rtabmap_msgs/srv/PublishMap.srv\n'}
[0.515220] (rtabmap_msgs) StdoutLine: {'line': b'-- Up-to-date symlink: /home/brace/codeSpace/navi/install/rtabmap_msgs/share/rtabmap_msgs/srv/PublishMap_Request.msg\n'}
[0.516378] (rtabmap_msgs) StdoutLine: {'line': b'-- Up-to-date symlink: /home/brace/codeSpace/navi/install/rtabmap_msgs/share/rtabmap_msgs/srv/PublishMap_Response.msg\n'}
[0.516607] (rtabmap_msgs) StdoutLine: {'line': b'-- Up-to-date symlink: /home/brace/codeSpace/navi/install/rtabmap_msgs/share/rtabmap_msgs/srv/ResetPose.srv\n'}
[0.516821] (rtabmap_msgs) StdoutLine: {'line': b'-- Up-to-date symlink: /home/brace/codeSpace/navi/install/rtabmap_msgs/share/rtabmap_msgs/srv/ResetPose_Request.msg\n'}
[0.517580] (rtabmap_msgs) StdoutLine: {'line': b'-- Up-to-date symlink: /home/brace/codeSpace/navi/install/rtabmap_msgs/share/rtabmap_msgs/srv/ResetPose_Response.msg\n'}
[0.517690] (rtabmap_msgs) StdoutLine: {'line': b'-- Up-to-date symlink: /home/brace/codeSpace/navi/install/rtabmap_msgs/share/rtabmap_msgs/srv/SetGoal.srv\n'}
[0.517869] (rtabmap_msgs) StdoutLine: {'line': b'-- Up-to-date symlink: /home/brace/codeSpace/navi/install/rtabmap_msgs/share/rtabmap_msgs/srv/SetGoal_Request.msg\n'}
[0.518165] (rtabmap_msgs) StdoutLine: {'line': b'-- Up-to-date symlink: /home/brace/codeSpace/navi/install/rtabmap_msgs/share/rtabmap_msgs/srv/SetGoal_Response.msg\n'}
[0.518371] (rtabmap_msgs) StdoutLine: {'line': b'-- Up-to-date symlink: /home/brace/codeSpace/navi/install/rtabmap_msgs/share/rtabmap_msgs/srv/SetLabel.srv\n'}
[0.518560] (rtabmap_msgs) StdoutLine: {'line': b'-- Up-to-date symlink: /home/brace/codeSpace/navi/install/rtabmap_msgs/share/rtabmap_msgs/srv/SetLabel_Request.msg\n'}
[0.518740] (rtabmap_msgs) StdoutLine: {'line': b'-- Up-to-date symlink: /home/brace/codeSpace/navi/install/rtabmap_msgs/share/rtabmap_msgs/srv/SetLabel_Response.msg\n'}
[0.519283] (rtabmap_msgs) StdoutLine: {'line': b'-- Up-to-date symlink: /home/brace/codeSpace/navi/install/rtabmap_msgs/share/rtabmap_msgs/srv/RemoveLabel.srv\n'}
[0.519565] (rtabmap_msgs) StdoutLine: {'line': b'-- Up-to-date symlink: /home/brace/codeSpace/navi/install/rtabmap_msgs/share/rtabmap_msgs/srv/RemoveLabel_Request.msg\n'}
[0.519849] (rtabmap_msgs) StdoutLine: {'line': b'-- Up-to-date symlink: /home/brace/codeSpace/navi/install/rtabmap_msgs/share/rtabmap_msgs/srv/RemoveLabel_Response.msg\n'}
[0.520099] (rtabmap_msgs) StdoutLine: {'line': b'-- Up-to-date symlink: /home/brace/codeSpace/navi/install/rtabmap_msgs/share/rtabmap_msgs/srv/GetPlan.srv\n'}
[0.520352] (rtabmap_msgs) StdoutLine: {'line': b'-- Up-to-date symlink: /home/brace/codeSpace/navi/install/rtabmap_msgs/share/rtabmap_msgs/srv/GetPlan_Request.msg\n'}
[0.520914] (rtabmap_msgs) StdoutLine: {'line': b'-- Up-to-date symlink: /home/brace/codeSpace/navi/install/rtabmap_msgs/share/rtabmap_msgs/srv/GetPlan_Response.msg\n'}
[0.521066] (rtabmap_msgs) StdoutLine: {'line': b'-- Up-to-date symlink: /home/brace/codeSpace/navi/install/rtabmap_msgs/share/rtabmap_msgs/srv/AddLink.srv\n'}
[0.521553] (rtabmap_msgs) StdoutLine: {'line': b'-- Up-to-date symlink: /home/brace/codeSpace/navi/install/rtabmap_msgs/share/rtabmap_msgs/srv/AddLink_Request.msg\n'}
[0.521702] (rtabmap_msgs) StdoutLine: {'line': b'-- Up-to-date symlink: /home/brace/codeSpace/navi/install/rtabmap_msgs/share/rtabmap_msgs/srv/AddLink_Response.msg\n'}
[0.521938] (rtabmap_msgs) StdoutLine: {'line': b'-- Up-to-date symlink: /home/brace/codeSpace/navi/install/rtabmap_msgs/share/rtabmap_msgs/srv/GetNodeData.srv\n'}
[0.522177] (rtabmap_msgs) StdoutLine: {'line': b'-- Up-to-date symlink: /home/brace/codeSpace/navi/install/rtabmap_msgs/share/rtabmap_msgs/srv/GetNodeData_Request.msg\n'}
[0.522944] (rtabmap_msgs) StdoutLine: {'line': b'-- Up-to-date symlink: /home/brace/codeSpace/navi/install/rtabmap_msgs/share/rtabmap_msgs/srv/GetNodeData_Response.msg\n'}
[0.523020] (rtabmap_msgs) StdoutLine: {'line': b'-- Up-to-date symlink: /home/brace/codeSpace/navi/install/rtabmap_msgs/share/rtabmap_msgs/srv/GetNodesInRadius.srv\n'}
[0.523184] (rtabmap_msgs) StdoutLine: {'line': b'-- Up-to-date symlink: /home/brace/codeSpace/navi/install/rtabmap_msgs/share/rtabmap_msgs/srv/GetNodesInRadius_Request.msg\n'}
[0.523390] (rtabmap_msgs) StdoutLine: {'line': b'-- Up-to-date symlink: /home/brace/codeSpace/navi/install/rtabmap_msgs/share/rtabmap_msgs/srv/GetNodesInRadius_Response.msg\n'}
[0.523947] (rtabmap_msgs) StdoutLine: {'line': b'-- Up-to-date symlink: /home/brace/codeSpace/navi/install/rtabmap_msgs/share/rtabmap_msgs/srv/LoadDatabase.srv\n'}
[0.524279] (rtabmap_msgs) StdoutLine: {'line': b'-- Up-to-date symlink: /home/brace/codeSpace/navi/install/rtabmap_msgs/share/rtabmap_msgs/srv/LoadDatabase_Request.msg\n'}
[0.525039] (rtabmap_msgs) StdoutLine: {'line': b'-- Up-to-date symlink: /home/brace/codeSpace/navi/install/rtabmap_msgs/share/rtabmap_msgs/srv/LoadDatabase_Response.msg\n'}
[0.525212] (rtabmap_msgs) StdoutLine: {'line': b'-- Up-to-date symlink: /home/brace/codeSpace/navi/install/rtabmap_msgs/share/rtabmap_msgs/srv/DetectMoreLoopClosures.srv\n'}
[0.525452] (rtabmap_msgs) StdoutLine: {'line': b'-- Up-to-date symlink: /home/brace/codeSpace/navi/install/rtabmap_msgs/share/rtabmap_msgs/srv/DetectMoreLoopClosures_Request.msg\n'}
[0.525771] (rtabmap_msgs) StdoutLine: {'line': b'-- Up-to-date symlink: /home/brace/codeSpace/navi/install/rtabmap_msgs/share/rtabmap_msgs/srv/DetectMoreLoopClosures_Response.msg\n'}
[0.525996] (rtabmap_msgs) StdoutLine: {'line': b'-- Up-to-date symlink: /home/brace/codeSpace/navi/install/rtabmap_msgs/share/rtabmap_msgs/srv/GlobalBundleAdjustment.srv\n'}
[0.526235] (rtabmap_msgs) StdoutLine: {'line': b'-- Up-to-date symlink: /home/brace/codeSpace/navi/install/rtabmap_msgs/share/rtabmap_msgs/srv/GlobalBundleAdjustment_Request.msg\n'}
[0.526563] (rtabmap_msgs) StdoutLine: {'line': b'-- Up-to-date symlink: /home/brace/codeSpace/navi/install/rtabmap_msgs/share/rtabmap_msgs/srv/GlobalBundleAdjustment_Response.msg\n'}
[0.526792] (rtabmap_msgs) StdoutLine: {'line': b'-- Up-to-date symlink: /home/brace/codeSpace/navi/install/rtabmap_msgs/share/rtabmap_msgs/srv/CleanupLocalGrids.srv\n'}
[0.527684] (rtabmap_msgs) StdoutLine: {'line': b'-- Up-to-date symlink: /home/brace/codeSpace/navi/install/rtabmap_msgs/share/rtabmap_msgs/srv/CleanupLocalGrids_Request.msg\n'}
[0.528534] (rtabmap_msgs) StdoutLine: {'line': b'-- Up-to-date symlink: /home/brace/codeSpace/navi/install/rtabmap_msgs/share/rtabmap_msgs/srv/CleanupLocalGrids_Response.msg\n'}
[0.529183] (rtabmap_msgs) StdoutLine: {'line': b'-- Up-to-date symlink: /home/brace/codeSpace/navi/install/rtabmap_msgs/share/ament_index/resource_index/package_run_dependencies/rtabmap_msgs\n'}
[0.529417] (rtabmap_msgs) StdoutLine: {'line': b'-- Up-to-date symlink: /home/brace/codeSpace/navi/install/rtabmap_msgs/share/ament_index/resource_index/parent_prefix_path/rtabmap_msgs\n'}
[0.529898] (rtabmap_msgs) StdoutLine: {'line': b'-- Up-to-date symlink: /home/brace/codeSpace/navi/install/rtabmap_msgs/share/rtabmap_msgs/environment/ament_prefix_path.sh\n'}
[0.530016] (rtabmap_msgs) StdoutLine: {'line': b'-- Up-to-date symlink: /home/brace/codeSpace/navi/install/rtabmap_msgs/share/rtabmap_msgs/environment/ament_prefix_path.dsv\n'}
[0.530193] (rtabmap_msgs) StdoutLine: {'line': b'-- Up-to-date symlink: /home/brace/codeSpace/navi/install/rtabmap_msgs/share/rtabmap_msgs/environment/path.sh\n'}
[0.530415] (rtabmap_msgs) StdoutLine: {'line': b'-- Up-to-date symlink: /home/brace/codeSpace/navi/install/rtabmap_msgs/share/rtabmap_msgs/environment/path.dsv\n'}
[0.530619] (rtabmap_msgs) StdoutLine: {'line': b'-- Up-to-date symlink: /home/brace/codeSpace/navi/install/rtabmap_msgs/share/rtabmap_msgs/local_setup.bash\n'}
[0.530891] (rtabmap_msgs) StdoutLine: {'line': b'-- Up-to-date symlink: /home/brace/codeSpace/navi/install/rtabmap_msgs/share/rtabmap_msgs/local_setup.sh\n'}
[0.531211] (rtabmap_msgs) StdoutLine: {'line': b'-- Up-to-date symlink: /home/brace/codeSpace/navi/install/rtabmap_msgs/share/rtabmap_msgs/local_setup.zsh\n'}
[0.531435] (rtabmap_msgs) StdoutLine: {'line': b'-- Up-to-date symlink: /home/brace/codeSpace/navi/install/rtabmap_msgs/share/rtabmap_msgs/local_setup.dsv\n'}
[0.531534] (rtabmap_msgs) StdoutLine: {'line': b'-- Symlinking: /home/brace/codeSpace/navi/install/rtabmap_msgs/share/rtabmap_msgs/package.dsv\n'}
[0.539046] (rtabmap_msgs) StdoutLine: {'line': b'-- Up-to-date symlink: /home/brace/codeSpace/navi/install/rtabmap_msgs/share/ament_index/resource_index/packages/rtabmap_msgs\n'}
[0.539376] (rtabmap_msgs) StdoutLine: {'line': b'-- Up-to-date symlink: /home/brace/codeSpace/navi/install/rtabmap_msgs/share/rtabmap_msgs/cmake/rosidl_cmake-extras.cmake\n'}
[0.539601] (rtabmap_msgs) StdoutLine: {'line': b'-- Up-to-date symlink: /home/brace/codeSpace/navi/install/rtabmap_msgs/share/rtabmap_msgs/cmake/ament_cmake_export_dependencies-extras.cmake\n'}
[0.539836] (rtabmap_msgs) StdoutLine: {'line': b'-- Up-to-date symlink: /home/brace/codeSpace/navi/install/rtabmap_msgs/share/rtabmap_msgs/cmake/ament_cmake_export_include_directories-extras.cmake\n'}
[0.540755] (rtabmap_msgs) StdoutLine: {'line': b'-- Up-to-date symlink: /home/brace/codeSpace/navi/install/rtabmap_msgs/share/rtabmap_msgs/cmake/ament_cmake_export_libraries-extras.cmake\n'}
[0.540965] (rtabmap_msgs) StdoutLine: {'line': b'-- Up-to-date symlink: /home/brace/codeSpace/navi/install/rtabmap_msgs/share/rtabmap_msgs/cmake/ament_cmake_export_targets-extras.cmake\n'}
[0.541201] (rtabmap_msgs) StdoutLine: {'line': b'-- Up-to-date symlink: /home/brace/codeSpace/navi/install/rtabmap_msgs/share/rtabmap_msgs/cmake/rosidl_cmake_export_typesupport_targets-extras.cmake\n'}
[0.541440] (rtabmap_msgs) StdoutLine: {'line': b'-- Up-to-date symlink: /home/brace/codeSpace/navi/install/rtabmap_msgs/share/rtabmap_msgs/cmake/rosidl_cmake_export_typesupport_libraries-extras.cmake\n'}
[0.542135] (rtabmap_msgs) StdoutLine: {'line': b'-- Up-to-date symlink: /home/brace/codeSpace/navi/install/rtabmap_msgs/share/rtabmap_msgs/cmake/rtabmap_msgsConfig.cmake\n'}
[0.542340] (rtabmap_msgs) StdoutLine: {'line': b'-- Up-to-date symlink: /home/brace/codeSpace/navi/install/rtabmap_msgs/share/rtabmap_msgs/cmake/rtabmap_msgsConfig-version.cmake\n'}
[0.542580] (rtabmap_msgs) StdoutLine: {'line': b'-- Up-to-date symlink: /home/brace/codeSpace/navi/install/rtabmap_msgs/share/rtabmap_msgs/package.xml\n'}
[0.543796] (rtabmap_msgs) StdoutLine: {'line': b'-- Up-to-date: /home/brace/codeSpace/navi/install/rtabmap_msgs/lib/librtabmap_msgs__rosidl_generator_c.so\n'}
[0.545716] (rtabmap_msgs) StdoutLine: {'line': b'-- Up-to-date: /home/brace/codeSpace/navi/install/rtabmap_msgs/lib/librtabmap_msgs__rosidl_typesupport_fastrtps_c.so\n'}
[0.547117] (rtabmap_msgs) StdoutLine: {'line': b'-- Up-to-date: /home/brace/codeSpace/navi/install/rtabmap_msgs/lib/librtabmap_msgs__rosidl_typesupport_introspection_c.so\n'}
[0.548167] (rtabmap_msgs) StdoutLine: {'line': b'-- Up-to-date: /home/brace/codeSpace/navi/install/rtabmap_msgs/lib/librtabmap_msgs__rosidl_typesupport_c.so\n'}
[0.549256] (rtabmap_msgs) StdoutLine: {'line': b'-- Up-to-date: /home/brace/codeSpace/navi/install/rtabmap_msgs/lib/librtabmap_msgs__rosidl_typesupport_fastrtps_cpp.so\n'}
[0.549867] (rtabmap_msgs) StdoutLine: {'line': b'-- Up-to-date: /home/brace/codeSpace/navi/install/rtabmap_msgs/lib/librtabmap_msgs__rosidl_typesupport_introspection_cpp.so\n'}
[0.550751] (rtabmap_msgs) StdoutLine: {'line': b'-- Up-to-date: /home/brace/codeSpace/navi/install/rtabmap_msgs/lib/librtabmap_msgs__rosidl_typesupport_cpp.so\n'}
[0.554423] (rtabmap_python) Command: {'cmd': ['/usr/bin/python3', '-W', 'ignore:setup.py install is deprecated', '-W', 'ignore:easy_install command is deprecated', 'setup.py', 'develop', '--editable', '--build-directory', '/home/brace/codeSpace/navi/build/rtabmap_python/build', '--no-deps', 'symlink_data'], 'cwd': '/home/brace/codeSpace/navi/build/rtabmap_python', 'env': {'LESSOPEN': '| /usr/bin/lesspipe %s', 'LANGUAGE': 'zh_CN:zh:en_US:en', 'USER': 'brace', 'LC_TIME': 'zh_CN.UTF-8', 'XDG_SESSION_TYPE': 'x11', 'SHLVL': '1', 'LD_LIBRARY_PATH': '/opt/ros/humble/opt/rviz_ogre_vendor/lib:/opt/ros/humble/lib/x86_64-linux-gnu:/opt/ros/humble/lib', 'HOME': '/home/brace', 'OLDPWD': '/home/brace', 'DESKTOP_SESSION': 'ubuntu', 'ROS_PYTHON_VERSION': '3', 'GNOME_SHELL_SESSION_MODE': 'ubuntu', 'GTK_MODULES': 'gail:atk-bridge', 'LC_MONETARY': 'zh_CN.UTF-8', 'SYSTEMD_EXEC_PID': '1661', 'DBUS_SESSION_BUS_ADDRESS': 'unix:path=/run/user/1000/bus', 'COLORTERM': 'truecolor', 'MANDATORY_PATH': '/usr/share/gconf/ubuntu.mandatory.path', 'ROS_DISTRO': 'humble', 'GTK_IM_MODULE': 'ibus', 'LOGNAME': 'brace', '_': '/usr/bin/colcon', 'ROS_VERSION': '2', 'XDG_SESSION_CLASS': 'user', 'DEFAULTS_PATH': '/usr/share/gconf/ubuntu.default.path', 'USERNAME': 'brace', 'TERM': 'xterm-256color', 'GNOME_DESKTOP_SESSION_ID': 'this-is-deprecated', 'ROS_LOCALHOST_ONLY': '0', 'WINDOWPATH': '2', 'PATH': '/opt/ros/humble/bin:/usr/local/sbin:/usr/local/bin:/usr/sbin:/usr/bin:/sbin:/bin:/usr/games:/usr/local/games:/snap/bin:/snap/bin', 'SESSION_MANAGER': 'local/brace-NUC13:@/tmp/.ICE-unix/1416,unix/brace-NUC13:/tmp/.ICE-unix/1416', 'XDG_MENU_PREFIX': 'gnome-', 'LC_ADDRESS': 'zh_CN.UTF-8', 'GNOME_TERMINAL_SCREEN': '/org/gnome/Terminal/screen/c4f32225_e76e_4484_b663_a77ce475952b', 'XDG_RUNTIME_DIR': '/run/user/1000', 'DISPLAY': ':0', 'LANG': 'zh_CN.UTF-8', 'XDG_CURRENT_DESKTOP': 'ubuntu:GNOME', 'LC_TELEPHONE': 'zh_CN.UTF-8', 'XMODIFIERS': '@im=ibus', 'XDG_SESSION_DESKTOP': 'ubuntu', 'XAUTHORITY': '/run/user/1000/gdm/Xauthority', 'LS_COLORS': 'rs=0:di=01;34:ln=01;36:mh=00:pi=40;33:so=01;35:do=01;35:bd=40;33;01:cd=40;33;01:or=40;31;01:mi=00:su=37;41:sg=30;43:ca=30;41:tw=30;42:ow=34;42:st=37;44:ex=01;32:*.tar=01;31:*.tgz=01;31:*.arc=01;31:*.arj=01;31:*.taz=01;31:*.lha=01;31:*.lz4=01;31:*.lzh=01;31:*.lzma=01;31:*.tlz=01;31:*.txz=01;31:*.tzo=01;31:*.t7z=01;31:*.zip=01;31:*.z=01;31:*.dz=01;31:*.gz=01;31:*.lrz=01;31:*.lz=01;31:*.lzo=01;31:*.xz=01;31:*.zst=01;31:*.tzst=01;31:*.bz2=01;31:*.bz=01;31:*.tbz=01;31:*.tbz2=01;31:*.tz=01;31:*.deb=01;31:*.rpm=01;31:*.jar=01;31:*.war=01;31:*.ear=01;31:*.sar=01;31:*.rar=01;31:*.alz=01;31:*.ace=01;31:*.zoo=01;31:*.cpio=01;31:*.7z=01;31:*.rz=01;31:*.cab=01;31:*.wim=01;31:*.swm=01;31:*.dwm=01;31:*.esd=01;31:*.jpg=01;35:*.jpeg=01;35:*.mjpg=01;35:*.mjpeg=01;35:*.gif=01;35:*.bmp=01;35:*.pbm=01;35:*.pgm=01;35:*.ppm=01;35:*.tga=01;35:*.xbm=01;35:*.xpm=01;35:*.tif=01;35:*.tiff=01;35:*.png=01;35:*.svg=01;35:*.svgz=01;35:*.mng=01;35:*.pcx=01;35:*.mov=01;35:*.mpg=01;35:*.mpeg=01;35:*.m2v=01;35:*.mkv=01;35:*.webm=01;35:*.webp=01;35:*.ogm=01;35:*.mp4=01;35:*.m4v=01;35:*.mp4v=01;35:*.vob=01;35:*.qt=01;35:*.nuv=01;35:*.wmv=01;35:*.asf=01;35:*.rm=01;35:*.rmvb=01;35:*.flc=01;35:*.avi=01;35:*.fli=01;35:*.flv=01;35:*.gl=01;35:*.dl=01;35:*.xcf=01;35:*.xwd=01;35:*.yuv=01;35:*.cgm=01;35:*.emf=01;35:*.ogv=01;35:*.ogx=01;35:*.aac=00;36:*.au=00;36:*.flac=00;36:*.m4a=00;36:*.mid=00;36:*.midi=00;36:*.mka=00;36:*.mp3=00;36:*.mpc=00;36:*.ogg=00;36:*.ra=00;36:*.wav=00;36:*.oga=00;36:*.opus=00;36:*.spx=00;36:*.xspf=00;36:', 'GNOME_TERMINAL_SERVICE': ':1.117', 'SSH_AGENT_LAUNCHER': 'gnome-keyring', 'SSH_AUTH_SOCK': '/run/user/1000/keyring/ssh', 'AMENT_PREFIX_PATH': '/opt/ros/humble', 'SHELL': '/bin/bash', 'LC_NAME': 'zh_CN.UTF-8', 'QT_ACCESSIBILITY': '1', 'GDMSESSION': 'ubuntu', 'LESSCLOSE': '/usr/bin/lesspipe %s %s', 'LC_MEASUREMENT': 'zh_CN.UTF-8', 'GPG_AGENT_INFO': '/run/user/1000/gnupg/S.gpg-agent:0:1', 'LC_IDENTIFICATION': 'zh_CN.UTF-8', 'QT_IM_MODULE': 'ibus', 'PWD': '/home/brace/codeSpace/navi/build/rtabmap_python', 'XDG_CONFIG_DIRS': '/etc/xdg/xdg-ubuntu:/etc/xdg', 'XDG_DATA_DIRS': '/usr/share/ubuntu:/usr/share/gnome:/usr/local/share/:/usr/share/:/var/lib/snapd/desktop', 'PYTHONPATH': '/home/brace/codeSpace/navi/build/rtabmap_python/prefix_override:/usr/lib/python3/dist-packages/colcon_core/task/python/colcon_distutils_commands:/home/brace/codeSpace/navi/install/rtabmap_python/lib/python3.10/site-packages:/opt/ros/humble/lib/python3.10/site-packages:/opt/ros/humble/local/lib/python3.10/dist-packages', 'LC_NUMERIC': 'zh_CN.UTF-8', 'LC_PAPER': 'zh_CN.UTF-8', 'COLCON': '1', 'VTE_VERSION': '6800'}, 'shell': False}
[0.587040] (rtabmap_msgs) StdoutLine: {'line': b"Listing '/home/brace/codeSpace/navi/install/rtabmap_msgs/local/lib/python3.10/dist-packages/rtabmap_msgs'...\n"}
[0.587222] (rtabmap_msgs) StdoutLine: {'line': b"Listing '/home/brace/codeSpace/navi/install/rtabmap_msgs/local/lib/python3.10/dist-packages/rtabmap_msgs/msg'...\n"}
[0.587313] (rtabmap_msgs) StdoutLine: {'line': b"Listing '/home/brace/codeSpace/navi/install/rtabmap_msgs/local/lib/python3.10/dist-packages/rtabmap_msgs/srv'...\n"}
[0.591065] (rtabmap_msgs) StdoutLine: {'line': b'-- Up-to-date: /home/brace/codeSpace/navi/install/rtabmap_msgs/lib/librtabmap_msgs__rosidl_generator_py.so\n'}
[0.592943] (rtabmap_msgs) StdoutLine: {'line': b'-- Up-to-date: /home/brace/codeSpace/navi/install/rtabmap_msgs/share/rtabmap_msgs/cmake/export_rtabmap_msgs__rosidl_generator_cExport.cmake\n'}
[0.593100] (rtabmap_msgs) StdoutLine: {'line': b'-- Up-to-date: /home/brace/codeSpace/navi/install/rtabmap_msgs/share/rtabmap_msgs/cmake/export_rtabmap_msgs__rosidl_generator_cExport-release.cmake\n'}
[0.593502] (rtabmap_msgs) StdoutLine: {'line': b'-- Up-to-date: /home/brace/codeSpace/navi/install/rtabmap_msgs/share/rtabmap_msgs/cmake/export_rtabmap_msgs__rosidl_typesupport_fastrtps_cExport.cmake\n'}
[0.593608] (rtabmap_msgs) StdoutLine: {'line': b'-- Up-to-date: /home/brace/codeSpace/navi/install/rtabmap_msgs/share/rtabmap_msgs/cmake/export_rtabmap_msgs__rosidl_typesupport_fastrtps_cExport-release.cmake\n'}
[0.594140] (rtabmap_msgs) StdoutLine: {'line': b'-- Up-to-date: /home/brace/codeSpace/navi/install/rtabmap_msgs/share/rtabmap_msgs/cmake/rtabmap_msgs__rosidl_typesupport_introspection_cExport.cmake\n'}
[0.594269] (rtabmap_msgs) StdoutLine: {'line': b'-- Up-to-date: /home/brace/codeSpace/navi/install/rtabmap_msgs/share/rtabmap_msgs/cmake/rtabmap_msgs__rosidl_typesupport_introspection_cExport-release.cmake\n'}
[0.594591] (rtabmap_msgs) StdoutLine: {'line': b'-- Up-to-date: /home/brace/codeSpace/navi/install/rtabmap_msgs/share/rtabmap_msgs/cmake/rtabmap_msgs__rosidl_typesupport_cExport.cmake\n'}
[0.594687] (rtabmap_msgs) StdoutLine: {'line': b'-- Up-to-date: /home/brace/codeSpace/navi/install/rtabmap_msgs/share/rtabmap_msgs/cmake/rtabmap_msgs__rosidl_typesupport_cExport-release.cmake\n'}
[0.594797] (rtabmap_msgs) StdoutLine: {'line': b'-- Up-to-date: /home/brace/codeSpace/navi/install/rtabmap_msgs/share/rtabmap_msgs/cmake/export_rtabmap_msgs__rosidl_generator_cppExport.cmake\n'}
[0.595189] (rtabmap_msgs) StdoutLine: {'line': b'-- Up-to-date: /home/brace/codeSpace/navi/install/rtabmap_msgs/share/rtabmap_msgs/cmake/export_rtabmap_msgs__rosidl_typesupport_fastrtps_cppExport.cmake\n'}
[0.595300] (rtabmap_msgs) StdoutLine: {'line': b'-- Up-to-date: /home/brace/codeSpace/navi/install/rtabmap_msgs/share/rtabmap_msgs/cmake/export_rtabmap_msgs__rosidl_typesupport_fastrtps_cppExport-release.cmake\n'}
[0.595413] (rtabmap_msgs) StdoutLine: {'line': b'-- Up-to-date: /home/brace/codeSpace/navi/install/rtabmap_msgs/share/rtabmap_msgs/cmake/rtabmap_msgs__rosidl_typesupport_introspection_cppExport.cmake\n'}
[0.595491] (rtabmap_msgs) StdoutLine: {'line': b'-- Up-to-date: /home/brace/codeSpace/navi/install/rtabmap_msgs/share/rtabmap_msgs/cmake/rtabmap_msgs__rosidl_typesupport_introspection_cppExport-release.cmake\n'}
[0.595762] (rtabmap_msgs) StdoutLine: {'line': b'-- Up-to-date: /home/brace/codeSpace/navi/install/rtabmap_msgs/share/rtabmap_msgs/cmake/rtabmap_msgs__rosidl_typesupport_cppExport.cmake\n'}
[0.595868] (rtabmap_msgs) StdoutLine: {'line': b'-- Up-to-date: /home/brace/codeSpace/navi/install/rtabmap_msgs/share/rtabmap_msgs/cmake/rtabmap_msgs__rosidl_typesupport_cppExport-release.cmake\n'}
[0.596026] (rtabmap_msgs) StdoutLine: {'line': b'-- Up-to-date: /home/brace/codeSpace/navi/install/rtabmap_msgs/share/rtabmap_msgs/cmake/export_rtabmap_msgs__rosidl_generator_pyExport.cmake\n'}
[0.596150] (rtabmap_msgs) StdoutLine: {'line': b'-- Up-to-date: /home/brace/codeSpace/navi/install/rtabmap_msgs/share/rtabmap_msgs/cmake/export_rtabmap_msgs__rosidl_generator_pyExport-release.cmake\n'}
[0.598319] (rtabmap_msgs) CommandEnded: {'returncode': 0}
[0.600033] (-) TimerEvent: {}
[0.622741] (rtabmap_msgs) JobEnded: {'identifier': 'rtabmap_msgs', 'rc': 0}
[0.654183] (rtabmap) StdoutLine: {'line': b'[ 57%] Built target rtabmap_core\n'}
[0.666308] (rtabmap) StdoutLine: {'line': b'\x1b[35m\x1b[1mConsolidate compiler generated dependencies of target camera\x1b[0m\n'}
[0.666976] (rtabmap) StdoutLine: {'line': b'\x1b[35m\x1b[1mConsolidate compiler generated dependencies of target globalBundleAdjustment\x1b[0m\n'}
[0.667407] (rtabmap) StdoutLine: {'line': b'\x1b[35m\x1b[1mConsolidate compiler generated dependencies of target imagesJoiner\x1b[0m\n'}
[0.667725] (rtabmap) StdoutLine: {'line': b'\x1b[35m\x1b[1mConsolidate compiler generated dependencies of target consoleApp\x1b[0m\n'}
[0.668840] (rtabmap) StdoutLine: {'line': b'\x1b[35m\x1b[1mConsolidate compiler generated dependencies of target recovery\x1b[0m\n'}
[0.668947] (rtabmap) StdoutLine: {'line': b'\x1b[35m\x1b[1mConsolidate compiler generated dependencies of target kitti_dataset\x1b[0m\n'}
[0.670277] (rtabmap) StdoutLine: {'line': b'\x1b[35m\x1b[1mConsolidate compiler generated dependencies of target rgbd_dataset\x1b[0m\n'}
[0.670403] (rtabmap) StdoutLine: {'line': b'\x1b[35m\x1b[1mConsolidate compiler generated dependencies of target extractObject\x1b[0m\n'}
[0.670978] (rtabmap) StdoutLine: {'line': b'[ 57%] \x1b[34m\x1b[1mAutomatic MOC and UIC for target rtabmap_gui\x1b[0m\n'}
[0.671082] (rtabmap) StdoutLine: {'line': b'\x1b[35m\x1b[1mConsolidate compiler generated dependencies of target reprocess\x1b[0m\n'}
[0.672089] (rtabmap) StdoutLine: {'line': b'\x1b[35m\x1b[1mConsolidate compiler generated dependencies of target cleanupLocalGrids\x1b[0m\n'}
[0.672490] (rtabmap) StdoutLine: {'line': b'\x1b[35m\x1b[1mConsolidate compiler generated dependencies of target stereoEval\x1b[0m\n'}
[0.673269] (rtabmap) StdoutLine: {'line': b'\x1b[35m\x1b[1mConsolidate compiler generated dependencies of target euroc_dataset\x1b[0m\n'}
[0.673848] (rtabmap) StdoutLine: {'line': b'\x1b[35m\x1b[1mConsolidate compiler generated dependencies of target detectMoreLoopClosures\x1b[0m\n'}
[0.674721] (rtabmap) StdoutLine: {'line': b'\x1b[35m\x1b[1mConsolidate compiler generated dependencies of target info\x1b[0m\n'}
[0.674867] (rtabmap) StdoutLine: {'line': b'\x1b[35m\x1b[1mConsolidate compiler generated dependencies of target export\x1b[0m\n'}
[0.678965] (rtabmap) StdoutLine: {'line': b'[ 57%] Built target recovery\n'}
[0.679252] (rtabmap) StdoutLine: {'line': b'[ 58%] Built target camera\n'}
[0.679323] (rtabmap) StdoutLine: {'line': b'[ 59%] Built target globalBundleAdjustment\n'}
[0.679377] (rtabmap) StdoutLine: {'line': b'[ 59%] Built target imagesJoiner\n'}
[0.683320] (rtabmap) StdoutLine: {'line': b'[ 60%] Built target kitti_dataset\n'}
[0.683585] (rtabmap) StdoutLine: {'line': b'[ 60%] Built target consoleApp\n'}
[0.686385] (rtabmap) StdoutLine: {'line': b'[ 61%] Built target stereoEval\n'}
[0.687023] (rtabmap) StdoutLine: {'line': b'[ 62%] Built target rgbd_dataset\n'}
[0.689020] (rtabmap) StdoutLine: {'line': b'[ 62%] Built target euroc_dataset\n'}
[0.689182] (rtabmap) StdoutLine: {'line': b'[ 63%] Built target reprocess\n'}
[0.689272] (rtabmap) StdoutLine: {'line': b'[ 64%] Built target info\n'}
[0.689437] (rtabmap) StdoutLine: {'line': b'[ 65%] Built target cleanupLocalGrids\n'}
[0.690885] (rtabmap) StdoutLine: {'line': b'\x1b[35m\x1b[1mConsolidate compiler generated dependencies of target lidar_viewer\x1b[0m\n'}
[0.691101] (rtabmap) StdoutLine: {'line': b'[ 66%] Built target detectMoreLoopClosures\n'}
[0.691248] (rtabmap) StdoutLine: {'line': b'[ 67%] Built target extractObject\n'}
[0.692388] (rtabmap) StdoutLine: {'line': b'[ 68%] Built target export\n'}
[0.700179] (-) TimerEvent: {}
[0.712357] (rtabmap) StdoutLine: {'line': b'[ 68%] Built target lidar_viewer\n'}
[0.715204] (rtabmap_python) StdoutLine: {'line': b'running develop\n'}
[0.719427] (rtabmap) StdoutLine: {'line': b'[ 68%] Built target rtabmap_gui_autogen\n'}
[0.770432] (rtabmap) StdoutLine: {'line': b'\x1b[35m\x1b[1mConsolidate compiler generated dependencies of target rtabmap_gui\x1b[0m\n'}
[0.800272] (-) TimerEvent: {}
[0.804203] (rtabmap_python) StdoutLine: {'line': b'running egg_info\n'}
[0.804311] (rtabmap_python) StdoutLine: {'line': b'writing rtabmap_python.egg-info/PKG-INFO\n'}
[0.804471] (rtabmap_python) StdoutLine: {'line': b'writing dependency_links to rtabmap_python.egg-info/dependency_links.txt\n'}
[0.804593] (rtabmap_python) StdoutLine: {'line': b'writing entry points to rtabmap_python.egg-info/entry_points.txt\n'}
[0.804631] (rtabmap_python) StdoutLine: {'line': b'writing requirements to rtabmap_python.egg-info/requires.txt\n'}
[0.804664] (rtabmap_python) StdoutLine: {'line': b'writing top-level names to rtabmap_python.egg-info/top_level.txt\n'}
[0.805928] (rtabmap_python) StdoutLine: {'line': b"reading manifest file 'rtabmap_python.egg-info/SOURCES.txt'\n"}
[0.806825] (rtabmap_python) StdoutLine: {'line': b"writing manifest file 'rtabmap_python.egg-info/SOURCES.txt'\n"}
[0.807640] (rtabmap_python) StdoutLine: {'line': b'running build_ext\n'}
[0.807703] (rtabmap_python) StdoutLine: {'line': b'Creating /home/brace/codeSpace/navi/install/rtabmap_python/lib/python3.10/site-packages/rtabmap-python.egg-link (link to .)\n'}
[0.808236] (rtabmap_python) StdoutLine: {'line': b'\n'}
[0.808319] (rtabmap_python) StdoutLine: {'line': b'Installed /home/brace/codeSpace/navi/build/rtabmap_python\n'}
[0.808357] (rtabmap_python) StdoutLine: {'line': b'running symlink_data\n'}
[0.824954] (rtabmap_python) CommandEnded: {'returncode': 0}
[0.831839] (rtabmap_python) JobEnded: {'identifier': 'rtabmap_python', 'rc': 0}
[0.844817] (rtabmap) StdoutLine: {'line': b'[ 84%] Built target rtabmap_gui\n'}
[0.858649] (rtabmap) StdoutLine: {'line': b'\x1b[35m\x1b[1mConsolidate compiler generated dependencies of target databaseViewer\x1b[0m\n'}
[0.859361] (rtabmap) StdoutLine: {'line': b'\x1b[35m\x1b[1mConsolidate compiler generated dependencies of target epipolar_geometry\x1b[0m\n'}
[0.860227] (rtabmap) StdoutLine: {'line': b'\x1b[35m\x1b[1mConsolidate compiler generated dependencies of target rtabmap_app\x1b[0m\n'}
[0.860376] (rtabmap) StdoutLine: {'line': b'\x1b[35m\x1b[1mConsolidate compiler generated dependencies of target calibration\x1b[0m\n'}
[0.861830] (rtabmap) StdoutLine: {'line': b'\x1b[35m\x1b[1mConsolidate compiler generated dependencies of target report\x1b[0m\n'}
[0.862392] (rtabmap) StdoutLine: {'line': b'\x1b[35m\x1b[1mConsolidate compiler generated dependencies of target odometryViewer\x1b[0m\n'}
[0.863505] (rtabmap) StdoutLine: {'line': b'\x1b[35m\x1b[1mConsolidate compiler generated dependencies of target bow_mapping\x1b[0m\n'}
[0.864991] (rtabmap) StdoutLine: {'line': b'\x1b[35m\x1b[1mConsolidate compiler generated dependencies of target dataRecorder\x1b[0m\n'}
[0.865338] (rtabmap) StdoutLine: {'line': b'\x1b[35m\x1b[1mConsolidate compiler generated dependencies of target matcher\x1b[0m\n'}
[0.865662] (rtabmap) StdoutLine: {'line': b'\x1b[35m\x1b[1mConsolidate compiler generated dependencies of target rgbd_camera\x1b[0m\n'}
[0.874962] (rtabmap) StdoutLine: {'line': b'[ 85%] \x1b[34m\x1b[1mAutomatic MOC and UIC for target noEventsExample\x1b[0m\n'}
[0.875312] (rtabmap) StdoutLine: {'line': b'[ 86%] \x1b[34m\x1b[1mAutomatic MOC and UIC for target rgbd_mapping\x1b[0m\n'}
[0.877287] (rtabmap) StdoutLine: {'line': b'[ 87%] \x1b[34m\x1b[1mAutomatic MOC and UIC for target lidar_mapping\x1b[0m\n'}
[0.877548] (rtabmap) StdoutLine: {'line': b'[ 88%] \x1b[34m\x1b[1mAutomatic MOC and UIC for target wifi_mapping\x1b[0m\n'}
[0.889756] (rtabmap) StdoutLine: {'line': b'[ 89%] Built target epipolar_geometry\n'}
[0.890707] (rtabmap) StdoutLine: {'line': b'[ 90%] Built target databaseViewer\n'}
[0.893622] (rtabmap) StdoutLine: {'line': b'[ 91%] Built target rtabmap_app\n'}
[0.893917] (rtabmap) StdoutLine: {'line': b'[ 91%] Built target bow_mapping\n'}
[0.895422] (rtabmap) StdoutLine: {'line': b'[ 92%] Built target report\n'}
[0.896033] (rtabmap) StdoutLine: {'line': b'[ 93%] Built target matcher\n'}
[0.896349] (rtabmap) StdoutLine: {'line': b'[ 94%] Built target calibration\n'}
[0.900360] (-) TimerEvent: {}
[0.901898] (rtabmap) StdoutLine: {'line': b'[ 94%] Built target rgbd_camera\n'}
[0.902598] (rtabmap) StdoutLine: {'line': b'[ 95%] Built target dataRecorder\n'}
[0.903699] (rtabmap) StdoutLine: {'line': b'[ 95%] Built target noEventsExample_autogen\n'}
[0.904017] (rtabmap) StdoutLine: {'line': b'[ 96%] Built target lidar_mapping_autogen\n'}
[0.904435] (rtabmap) StdoutLine: {'line': b'[ 96%] Built target odometryViewer\n'}
[0.904725] (rtabmap) StdoutLine: {'line': b'[ 96%] Built target rgbd_mapping_autogen\n'}
[0.905004] (rtabmap) StdoutLine: {'line': b'[ 96%] Built target wifi_mapping_autogen\n'}
[0.917073] (rtabmap) StdoutLine: {'line': b'\x1b[35m\x1b[1mConsolidate compiler generated dependencies of target lidar_mapping\x1b[0m\n'}
[0.917525] (rtabmap) StdoutLine: {'line': b'\x1b[35m\x1b[1mConsolidate compiler generated dependencies of target rgbd_mapping\x1b[0m\n'}
[0.917952] (rtabmap) StdoutLine: {'line': b'\x1b[35m\x1b[1mConsolidate compiler generated dependencies of target wifi_mapping\x1b[0m\n'}
[0.920584] (rtabmap) StdoutLine: {'line': b'\x1b[35m\x1b[1mConsolidate compiler generated dependencies of target noEventsExample\x1b[0m\n'}
[0.936593] (rtabmap) StdoutLine: {'line': b'[ 97%] Built target noEventsExample\n'}
[0.937833] (rtabmap) StdoutLine: {'line': b'[ 99%] Built target lidar_mapping\n'}
[0.937949] (rtabmap) StdoutLine: {'line': b'[ 99%] Built target wifi_mapping\n'}
[0.938994] (rtabmap) StdoutLine: {'line': b'[100%] Built target rgbd_mapping\n'}
[0.949982] (rtabmap) CommandEnded: {'returncode': 0}
[0.951400] (rtabmap) JobProgress: {'identifier': 'rtabmap', 'progress': 'install'}
[0.951806] (rtabmap) Command: {'cmd': ['/usr/bin/cmake', '--install', '/home/brace/codeSpace/navi/build/rtabmap'], 'cwd': '/home/brace/codeSpace/navi/build/rtabmap', 'env': OrderedDict([('LESSOPEN', '| /usr/bin/lesspipe %s'), ('LANGUAGE', 'zh_CN:zh:en_US:en'), ('USER', 'brace'), ('LC_TIME', 'zh_CN.UTF-8'), ('XDG_SESSION_TYPE', 'x11'), ('SHLVL', '1'), ('LD_LIBRARY_PATH', '/opt/ros/humble/opt/rviz_ogre_vendor/lib:/opt/ros/humble/lib/x86_64-linux-gnu:/opt/ros/humble/lib'), ('HOME', '/home/brace'), ('OLDPWD', '/home/brace'), ('DESKTOP_SESSION', 'ubuntu'), ('ROS_PYTHON_VERSION', '3'), ('GNOME_SHELL_SESSION_MODE', 'ubuntu'), ('GTK_MODULES', 'gail:atk-bridge'), ('LC_MONETARY', 'zh_CN.UTF-8'), ('SYSTEMD_EXEC_PID', '1661'), ('DBUS_SESSION_BUS_ADDRESS', 'unix:path=/run/user/1000/bus'), ('COLORTERM', 'truecolor'), ('MANDATORY_PATH', '/usr/share/gconf/ubuntu.mandatory.path'), ('ROS_DISTRO', 'humble'), ('GTK_IM_MODULE', 'ibus'), ('LOGNAME', 'brace'), ('_', '/usr/bin/colcon'), ('ROS_VERSION', '2'), ('XDG_SESSION_CLASS', 'user'), ('DEFAULTS_PATH', '/usr/share/gconf/ubuntu.default.path'), ('USERNAME', 'brace'), ('TERM', 'xterm-256color'), ('GNOME_DESKTOP_SESSION_ID', 'this-is-deprecated'), ('ROS_LOCALHOST_ONLY', '0'), ('WINDOWPATH', '2'), ('PATH', '/opt/ros/humble/bin:/usr/local/sbin:/usr/local/bin:/usr/sbin:/usr/bin:/sbin:/bin:/usr/games:/usr/local/games:/snap/bin:/snap/bin'), ('SESSION_MANAGER', 'local/brace-NUC13:@/tmp/.ICE-unix/1416,unix/brace-NUC13:/tmp/.ICE-unix/1416'), ('XDG_MENU_PREFIX', 'gnome-'), ('LC_ADDRESS', 'zh_CN.UTF-8'), ('GNOME_TERMINAL_SCREEN', '/org/gnome/Terminal/screen/c4f32225_e76e_4484_b663_a77ce475952b'), ('XDG_RUNTIME_DIR', '/run/user/1000'), ('DISPLAY', ':0'), ('LANG', 'zh_CN.UTF-8'), ('XDG_CURRENT_DESKTOP', 'ubuntu:GNOME'), ('LC_TELEPHONE', 'zh_CN.UTF-8'), ('XMODIFIERS', '@im=ibus'), ('XDG_SESSION_DESKTOP', 'ubuntu'), ('XAUTHORITY', '/run/user/1000/gdm/Xauthority'), ('LS_COLORS', 'rs=0:di=01;34:ln=01;36:mh=00:pi=40;33:so=01;35:do=01;35:bd=40;33;01:cd=40;33;01:or=40;31;01:mi=00:su=37;41:sg=30;43:ca=30;41:tw=30;42:ow=34;42:st=37;44:ex=01;32:*.tar=01;31:*.tgz=01;31:*.arc=01;31:*.arj=01;31:*.taz=01;31:*.lha=01;31:*.lz4=01;31:*.lzh=01;31:*.lzma=01;31:*.tlz=01;31:*.txz=01;31:*.tzo=01;31:*.t7z=01;31:*.zip=01;31:*.z=01;31:*.dz=01;31:*.gz=01;31:*.lrz=01;31:*.lz=01;31:*.lzo=01;31:*.xz=01;31:*.zst=01;31:*.tzst=01;31:*.bz2=01;31:*.bz=01;31:*.tbz=01;31:*.tbz2=01;31:*.tz=01;31:*.deb=01;31:*.rpm=01;31:*.jar=01;31:*.war=01;31:*.ear=01;31:*.sar=01;31:*.rar=01;31:*.alz=01;31:*.ace=01;31:*.zoo=01;31:*.cpio=01;31:*.7z=01;31:*.rz=01;31:*.cab=01;31:*.wim=01;31:*.swm=01;31:*.dwm=01;31:*.esd=01;31:*.jpg=01;35:*.jpeg=01;35:*.mjpg=01;35:*.mjpeg=01;35:*.gif=01;35:*.bmp=01;35:*.pbm=01;35:*.pgm=01;35:*.ppm=01;35:*.tga=01;35:*.xbm=01;35:*.xpm=01;35:*.tif=01;35:*.tiff=01;35:*.png=01;35:*.svg=01;35:*.svgz=01;35:*.mng=01;35:*.pcx=01;35:*.mov=01;35:*.mpg=01;35:*.mpeg=01;35:*.m2v=01;35:*.mkv=01;35:*.webm=01;35:*.webp=01;35:*.ogm=01;35:*.mp4=01;35:*.m4v=01;35:*.mp4v=01;35:*.vob=01;35:*.qt=01;35:*.nuv=01;35:*.wmv=01;35:*.asf=01;35:*.rm=01;35:*.rmvb=01;35:*.flc=01;35:*.avi=01;35:*.fli=01;35:*.flv=01;35:*.gl=01;35:*.dl=01;35:*.xcf=01;35:*.xwd=01;35:*.yuv=01;35:*.cgm=01;35:*.emf=01;35:*.ogv=01;35:*.ogx=01;35:*.aac=00;36:*.au=00;36:*.flac=00;36:*.m4a=00;36:*.mid=00;36:*.midi=00;36:*.mka=00;36:*.mp3=00;36:*.mpc=00;36:*.ogg=00;36:*.ra=00;36:*.wav=00;36:*.oga=00;36:*.opus=00;36:*.spx=00;36:*.xspf=00;36:'), ('GNOME_TERMINAL_SERVICE', ':1.117'), ('SSH_AGENT_LAUNCHER', 'gnome-keyring'), ('SSH_AUTH_SOCK', '/run/user/1000/keyring/ssh'), ('AMENT_PREFIX_PATH', '/opt/ros/humble'), ('SHELL', '/bin/bash'), ('LC_NAME', 'zh_CN.UTF-8'), ('QT_ACCESSIBILITY', '1'), ('GDMSESSION', 'ubuntu'), ('LESSCLOSE', '/usr/bin/lesspipe %s %s'), ('LC_MEASUREMENT', 'zh_CN.UTF-8'), ('GPG_AGENT_INFO', '/run/user/1000/gnupg/S.gpg-agent:0:1'), ('LC_IDENTIFICATION', 'zh_CN.UTF-8'), ('QT_IM_MODULE', 'ibus'), ('PWD', '/home/brace/codeSpace/navi/build/rtabmap'), ('XDG_CONFIG_DIRS', '/etc/xdg/xdg-ubuntu:/etc/xdg'), ('XDG_DATA_DIRS', '/usr/share/ubuntu:/usr/share/gnome:/usr/local/share/:/usr/share/:/var/lib/snapd/desktop'), ('PYTHONPATH', '/opt/ros/humble/lib/python3.10/site-packages:/opt/ros/humble/local/lib/python3.10/dist-packages'), ('LC_NUMERIC', 'zh_CN.UTF-8'), ('LC_PAPER', 'zh_CN.UTF-8'), ('COLCON', '1'), ('VTE_VERSION', '6800'), ('CMAKE_PREFIX_PATH', '/opt/ros/humble')]), 'shell': False}
[0.960061] (rtabmap) StdoutLine: {'line': b'-- Install configuration: "Release"\n'}
[0.961465] (rtabmap) StdoutLine: {'line': b'-- Up-to-date: /home/brace/codeSpace/navi/install/rtabmap/lib/librtabmap_utilite.so.0.23.4\n'}
[0.961570] (rtabmap) StdoutLine: {'line': b'-- Up-to-date: /home/brace/codeSpace/navi/install/rtabmap/lib/librtabmap_utilite.so.0.23\n'}
[0.961629] (rtabmap) StdoutLine: {'line': b'-- Up-to-date: /home/brace/codeSpace/navi/install/rtabmap/lib/librtabmap_utilite.so\n'}
[0.961805] (rtabmap) StdoutLine: {'line': b'-- Up-to-date: /home/brace/codeSpace/navi/install/rtabmap/include/rtabmap-0.23/rtabmap\n'}
[0.961917] (rtabmap) StdoutLine: {'line': b'-- Up-to-date: /home/brace/codeSpace/navi/install/rtabmap/include/rtabmap-0.23/rtabmap/utilite\n'}
[0.962033] (rtabmap) StdoutLine: {'line': b'-- Up-to-date: /home/brace/codeSpace/navi/install/rtabmap/include/rtabmap-0.23/rtabmap/utilite/Posix\n'}
[0.962149] (rtabmap) StdoutLine: {'line': b'-- Up-to-date: /home/brace/codeSpace/navi/install/rtabmap/include/rtabmap-0.23/rtabmap/utilite/Posix/UThreadC.h\n'}
[0.962225] (rtabmap) StdoutLine: {'line': b'-- Up-to-date: /home/brace/codeSpace/navi/install/rtabmap/include/rtabmap-0.23/rtabmap/utilite/UtiLite.h\n'}
[0.962307] (rtabmap) StdoutLine: {'line': b'-- Up-to-date: /home/brace/codeSpace/navi/install/rtabmap/include/rtabmap-0.23/rtabmap/utilite/USemaphore.h\n'}
[0.962360] (rtabmap) StdoutLine: {'line': b'-- Up-to-date: /home/brace/codeSpace/navi/install/rtabmap/include/rtabmap-0.23/rtabmap/utilite/Win32\n'}
[0.962424] (rtabmap) StdoutLine: {'line': b'-- Up-to-date: /home/brace/codeSpace/navi/install/rtabmap/include/rtabmap-0.23/rtabmap/utilite/Win32/UWin32.h\n'}
[0.962517] (rtabmap) StdoutLine: {'line': b'-- Up-to-date: /home/brace/codeSpace/navi/install/rtabmap/include/rtabmap-0.23/rtabmap/utilite/Win32/UThreadC.h\n'}
[0.962575] (rtabmap) StdoutLine: {'line': b'-- Up-to-date: /home/brace/codeSpace/navi/install/rtabmap/include/rtabmap-0.23/rtabmap/utilite/UException.h\n'}
[0.962632] (rtabmap) StdoutLine: {'line': b'-- Up-to-date: /home/brace/codeSpace/navi/install/rtabmap/include/rtabmap-0.23/rtabmap/utilite/UEventsSender.h\n'}
[0.962685] (rtabmap) StdoutLine: {'line': b'-- Up-to-date: /home/brace/codeSpace/navi/install/rtabmap/include/rtabmap-0.23/rtabmap/utilite/UTimer.h\n'}
[0.962737] (rtabmap) StdoutLine: {'line': b'-- Up-to-date: /home/brace/codeSpace/navi/install/rtabmap/include/rtabmap-0.23/rtabmap/utilite/UMutex.h\n'}
[0.962812] (rtabmap) StdoutLine: {'line': b'-- Up-to-date: /home/brace/codeSpace/navi/install/rtabmap/include/rtabmap-0.23/rtabmap/utilite/UVariant.h\n'}
[0.962946] (rtabmap) StdoutLine: {'line': b'-- Up-to-date: /home/brace/codeSpace/navi/install/rtabmap/include/rtabmap-0.23/rtabmap/utilite/ULogger.h\n'}
[0.962999] (rtabmap) StdoutLine: {'line': b'-- Up-to-date: /home/brace/codeSpace/navi/install/rtabmap/include/rtabmap-0.23/rtabmap/utilite/UDirectory.h\n'}
[0.963050] (rtabmap) StdoutLine: {'line': b'-- Up-to-date: /home/brace/codeSpace/navi/install/rtabmap/include/rtabmap-0.23/rtabmap/utilite/UStl.h\n'}
[0.963101] (rtabmap) StdoutLine: {'line': b'-- Up-to-date: /home/brace/codeSpace/navi/install/rtabmap/include/rtabmap-0.23/rtabmap/utilite/UConversion.h\n'}
[0.963258] (rtabmap) StdoutLine: {'line': b'-- Up-to-date: /home/brace/codeSpace/navi/install/rtabmap/include/rtabmap-0.23/rtabmap/utilite/UEventsManager.h\n'}
[0.963363] (rtabmap) StdoutLine: {'line': b'-- Up-to-date: /home/brace/codeSpace/navi/install/rtabmap/include/rtabmap-0.23/rtabmap/utilite/UEvent.h\n'}
[0.963430] (rtabmap) StdoutLine: {'line': b'-- Up-to-date: /home/brace/codeSpace/navi/install/rtabmap/include/rtabmap-0.23/rtabmap/utilite/UProcessInfo.h\n'}
[0.963486] (rtabmap) StdoutLine: {'line': b'-- Up-to-date: /home/brace/codeSpace/navi/install/rtabmap/include/rtabmap-0.23/rtabmap/utilite/UFile.h\n'}
[0.963536] (rtabmap) StdoutLine: {'line': b'-- Up-to-date: /home/brace/codeSpace/navi/install/rtabmap/include/rtabmap-0.23/rtabmap/utilite/UThread.h\n'}
[0.963584] (rtabmap) StdoutLine: {'line': b'-- Up-to-date: /home/brace/codeSpace/navi/install/rtabmap/include/rtabmap-0.23/rtabmap/utilite/UMath.h\n'}
[0.963643] (rtabmap) StdoutLine: {'line': b'-- Up-to-date: /home/brace/codeSpace/navi/install/rtabmap/include/rtabmap-0.23/rtabmap/utilite/UThreadC.h\n'}
[0.963695] (rtabmap) StdoutLine: {'line': b'-- Up-to-date: /home/brace/codeSpace/navi/install/rtabmap/include/rtabmap-0.23/rtabmap/utilite/UThreadNode.h\n'}
[0.963746] (rtabmap) StdoutLine: {'line': b'-- Up-to-date: /home/brace/codeSpace/navi/install/rtabmap/include/rtabmap-0.23/rtabmap/utilite/UDestroyer.h\n'}
[0.963796] (rtabmap) StdoutLine: {'line': b'-- Up-to-date: /home/brace/codeSpace/navi/install/rtabmap/include/rtabmap-0.23/rtabmap/utilite/UEventsHandler.h\n'}
[0.963848] (rtabmap) StdoutLine: {'line': b'-- Up-to-date: /home/brace/codeSpace/navi/install/rtabmap/include/rtabmap-0.23/rtabmap/utilite/UObjDeletionThread.h\n'}
[0.963898] (rtabmap) StdoutLine: {'line': b'-- Up-to-date: /home/brace/codeSpace/navi/install/rtabmap/include/rtabmap-0.23/rtabmap\n'}
[0.963948] (rtabmap) StdoutLine: {'line': b'-- Up-to-date: /home/brace/codeSpace/navi/install/rtabmap/include/rtabmap-0.23/rtabmap/utilite\n'}
[0.964000] (rtabmap) StdoutLine: {'line': b'-- Up-to-date: /home/brace/codeSpace/navi/install/rtabmap/include/rtabmap-0.23/rtabmap/utilite/utilite_export.h\n'}
[0.964095] (rtabmap) StdoutLine: {'line': b'-- Up-to-date: /home/brace/codeSpace/navi/install/rtabmap/lib/rtabmap-0.23/RTABMap_utiliteTargets.cmake\n'}
[0.964184] (rtabmap) StdoutLine: {'line': b'-- Up-to-date: /home/brace/codeSpace/navi/install/rtabmap/lib/rtabmap-0.23/RTABMap_utiliteTargets-release.cmake\n'}
[0.964506] (rtabmap) StdoutLine: {'line': b'-- Up-to-date: /home/brace/codeSpace/navi/install/rtabmap/bin/rtabmap-res_tool-0.3.0\n'}
[0.964586] (rtabmap) StdoutLine: {'line': b'-- Up-to-date: /home/brace/codeSpace/navi/install/rtabmap/bin/rtabmap-res_tool\n'}
[0.966048] (rtabmap) StdoutLine: {'line': b'-- Up-to-date: /home/brace/codeSpace/navi/install/rtabmap/lib/librtabmap_core.so.0.23.4\n'}
[0.966103] (rtabmap) StdoutLine: {'line': b'-- Up-to-date: /home/brace/codeSpace/navi/install/rtabmap/lib/librtabmap_core.so.0.23\n'}
[0.966224] (rtabmap) StdoutLine: {'line': b'-- Up-to-date: /home/brace/codeSpace/navi/install/rtabmap/lib/librtabmap_core.so\n'}
[0.966291] (rtabmap) StdoutLine: {'line': b'-- Up-to-date: /home/brace/codeSpace/navi/install/rtabmap/include/rtabmap-0.23/rtabmap\n'}
[0.966366] (rtabmap) StdoutLine: {'line': b'-- Up-to-date: /home/brace/codeSpace/navi/install/rtabmap/include/rtabmap-0.23/rtabmap/core\n'}
[0.966476] (rtabmap) StdoutLine: {'line': b'-- Up-to-date: /home/brace/codeSpace/navi/install/rtabmap/include/rtabmap-0.23/rtabmap/core/GlobalDescriptorExtractor.h\n'}
[0.966567] (rtabmap) StdoutLine: {'line': b'-- Up-to-date: /home/brace/codeSpace/navi/install/rtabmap/include/rtabmap-0.23/rtabmap/core/RegistrationInfo.h\n'}
[0.966625] (rtabmap) StdoutLine: {'line': b'-- Up-to-date: /home/brace/codeSpace/navi/install/rtabmap/include/rtabmap-0.23/rtabmap/core/ProgressState.h\n'}
[0.966680] (rtabmap) StdoutLine: {'line': b'-- Up-to-date: /home/brace/codeSpace/navi/install/rtabmap/include/rtabmap-0.23/rtabmap/core/Optimizer.h\n'}
[0.966735] (rtabmap) StdoutLine: {'line': b'-- Up-to-date: /home/brace/codeSpace/navi/install/rtabmap/include/rtabmap-0.23/rtabmap/core/util3d_registration.h\n'}
[0.966809] (rtabmap) StdoutLine: {'line': b'-- Up-to-date: /home/brace/codeSpace/navi/install/rtabmap/include/rtabmap-0.23/rtabmap/core/global_map\n'}
[0.966935] (rtabmap) StdoutLine: {'line': b'-- Up-to-date: /home/brace/codeSpace/navi/install/rtabmap/include/rtabmap-0.23/rtabmap/core/global_map/OctoMap.h\n'}
[0.967016] (rtabmap) StdoutLine: {'line': b'-- Up-to-date: /home/brace/codeSpace/navi/install/rtabmap/include/rtabmap-0.23/rtabmap/core/global_map/OccupancyGrid.h\n'}
[0.967070] (rtabmap) StdoutLine: {'line': b'-- Up-to-date: /home/brace/codeSpace/navi/install/rtabmap/include/rtabmap-0.23/rtabmap/core/global_map/CloudMap.h\n'}
[0.967123] (rtabmap) StdoutLine: {'line': b'-- Up-to-date: /home/brace/codeSpace/navi/install/rtabmap/include/rtabmap-0.23/rtabmap/core/global_map/GridMap.h\n'}
[0.967187] (rtabmap) StdoutLine: {'line': b'-- Up-to-date: /home/brace/codeSpace/navi/install/rtabmap/include/rtabmap-0.23/rtabmap/core/util3d_filtering.h\n'}
[0.967239] (rtabmap) StdoutLine: {'line': b'-- Up-to-date: /home/brace/codeSpace/navi/install/rtabmap/include/rtabmap-0.23/rtabmap/core/Signature.h\n'}
[0.967292] (rtabmap) StdoutLine: {'line': b'-- Up-to-date: /home/brace/codeSpace/navi/install/rtabmap/include/rtabmap-0.23/rtabmap/core/RtabmapEvent.h\n'}
[0.967343] (rtabmap) StdoutLine: {'line': b'-- Up-to-date: /home/brace/codeSpace/navi/install/rtabmap/include/rtabmap-0.23/rtabmap/core/LaserScan.h\n'}
[0.967394] (rtabmap) StdoutLine: {'line': b'-- Up-to-date: /home/brace/codeSpace/navi/install/rtabmap/include/rtabmap-0.23/rtabmap/core/DBDriverSqlite3.h\n'}
[0.967461] (rtabmap) StdoutLine: {'line': b'-- Up-to-date: /home/brace/codeSpace/navi/install/rtabmap/include/rtabmap-0.23/rtabmap/core/SensorEvent.h\n'}
[0.967512] (rtabmap) StdoutLine: {'line': b'-- Up-to-date: /home/brace/codeSpace/navi/install/rtabmap/include/rtabmap-0.23/rtabmap/core/Features2d.h\n'}
[0.967562] (rtabmap) StdoutLine: {'line': b'-- Up-to-date: /home/brace/codeSpace/navi/install/rtabmap/include/rtabmap-0.23/rtabmap/core/EpipolarGeometry.h\n'}
[0.967611] (rtabmap) StdoutLine: {'line': b'-- Up-to-date: /home/brace/codeSpace/navi/install/rtabmap/include/rtabmap-0.23/rtabmap/core/IMUThread.h\n'}
[0.967662] (rtabmap) StdoutLine: {'line': b'-- Up-to-date: /home/brace/codeSpace/navi/install/rtabmap/include/rtabmap-0.23/rtabmap/core/IMUFilter.h\n'}
[0.967711] (rtabmap) StdoutLine: {'line': b'-- Up-to-date: /home/brace/codeSpace/navi/install/rtabmap/include/rtabmap-0.23/rtabmap/core/LocalGridMaker.h\n'}
[0.967825] (rtabmap) StdoutLine: {'line': b'-- Up-to-date: /home/brace/codeSpace/navi/install/rtabmap/include/rtabmap-0.23/rtabmap/core/OctoMap.h\n'}
[0.967884] (rtabmap) StdoutLine: {'line': b'-- Up-to-date: /home/brace/codeSpace/navi/install/rtabmap/include/rtabmap-0.23/rtabmap/core/Camera.h\n'}
[0.967939] (rtabmap) StdoutLine: {'line': b'-- Up-to-date: /home/brace/codeSpace/navi/install/rtabmap/include/rtabmap-0.23/rtabmap/core/Landmark.h\n'}
[0.967994] (rtabmap) StdoutLine: {'line': b'-- Up-to-date: /home/brace/codeSpace/navi/install/rtabmap/include/rtabmap-0.23/rtabmap/core/CameraModel.h\n'}
[0.968047] (rtabmap) StdoutLine: {'line': b'-- Up-to-date: /home/brace/codeSpace/navi/install/rtabmap/include/rtabmap-0.23/rtabmap/core/util3d_correspondences.h\n'}
[0.968098] (rtabmap) StdoutLine: {'line': b'-- Up-to-date: /home/brace/codeSpace/navi/install/rtabmap/include/rtabmap-0.23/rtabmap/core/Memory.h\n'}
[0.968156] (rtabmap) StdoutLine: {'line': b'-- Up-to-date: /home/brace/codeSpace/navi/install/rtabmap/include/rtabmap-0.23/rtabmap/core/Statistics.h\n'}
[0.968209] (rtabmap) StdoutLine: {'line': b'-- Up-to-date: /home/brace/codeSpace/navi/install/rtabmap/include/rtabmap-0.23/rtabmap/core/CameraInfo.h\n'}
[0.968264] (rtabmap) StdoutLine: {'line': b'-- Up-to-date: /home/brace/codeSpace/navi/install/rtabmap/include/rtabmap-0.23/rtabmap/core/clams\n'}
[0.968312] (rtabmap) StdoutLine: {'line': b'-- Up-to-date: /home/brace/codeSpace/navi/install/rtabmap/include/rtabmap-0.23/rtabmap/core/clams/discrete_depth_distortion_model.h\n'}
[0.968364] (rtabmap) StdoutLine: {'line': b'-- Up-to-date: /home/brace/codeSpace/navi/install/rtabmap/include/rtabmap-0.23/rtabmap/core/clams/frame_projector.h\n'}
[0.968471] (rtabmap) StdoutLine: {'line': b'-- Up-to-date: /home/brace/codeSpace/navi/install/rtabmap/include/rtabmap-0.23/rtabmap/core/clams/slam_calibrator.h\n'}
[0.968526] (rtabmap) StdoutLine: {'line': b'-- Up-to-date: /home/brace/codeSpace/navi/install/rtabmap/include/rtabmap-0.23/rtabmap/core/CameraRGBD.h\n'}
[0.968578] (rtabmap) StdoutLine: {'line': b'-- Up-to-date: /home/brace/codeSpace/navi/install/rtabmap/include/rtabmap-0.23/rtabmap/core/OdometryInfo.h\n'}
[0.968633] (rtabmap) StdoutLine: {'line': b'-- Up-to-date: /home/brace/codeSpace/navi/install/rtabmap/include/rtabmap-0.23/rtabmap/core/SensorData.h\n'}
[0.968709] (rtabmap) StdoutLine: {'line': b'-- Up-to-date: /home/brace/codeSpace/navi/install/rtabmap/include/rtabmap-0.23/rtabmap/core/stereo\n'}
[0.968767] (rtabmap) StdoutLine: {'line': b'-- Up-to-date: /home/brace/codeSpace/navi/install/rtabmap/include/rtabmap-0.23/rtabmap/core/stereo/StereoBM.h\n'}
[0.968829] (rtabmap) StdoutLine: {'line': b'-- Up-to-date: /home/brace/codeSpace/navi/install/rtabmap/include/rtabmap-0.23/rtabmap/core/stereo/stereoRectifyFisheye.h\n'}
[0.968887] (rtabmap) StdoutLine: {'line': b'-- Up-to-date: /home/brace/codeSpace/navi/install/rtabmap/include/rtabmap-0.23/rtabmap/core/stereo/StereoSGBM.h\n'}
[0.968940] (rtabmap) StdoutLine: {'line': b'-- Up-to-date: /home/brace/codeSpace/navi/install/rtabmap/include/rtabmap-0.23/rtabmap/core/StereoCameraModel.h\n'}
[0.968992] (rtabmap) StdoutLine: {'line': b'-- Up-to-date: /home/brace/codeSpace/navi/install/rtabmap/include/rtabmap-0.23/rtabmap/core/util2d.h\n'}
[0.969043] (rtabmap) StdoutLine: {'line': b'-- Up-to-date: /home/brace/codeSpace/navi/install/rtabmap/include/rtabmap-0.23/rtabmap/core/RtabmapThread.h\n'}
[0.969088] (rtabmap) StdoutLine: {'line': b'-- Up-to-date: /home/brace/codeSpace/navi/install/rtabmap/include/rtabmap-0.23/rtabmap/core/GainCompensator.h\n'}
[0.969139] (rtabmap) StdoutLine: {'line': b'-- Up-to-date: /home/brace/codeSpace/navi/install/rtabmap/include/rtabmap-0.23/rtabmap/core/StereoDense.h\n'}
[0.969190] (rtabmap) StdoutLine: {'line': b'-- Up-to-date: /home/brace/codeSpace/navi/install/rtabmap/include/rtabmap-0.23/rtabmap/core/GeodeticCoords.h\n'}
[0.969236] (rtabmap) StdoutLine: {'line': b'-- Up-to-date: /home/brace/codeSpace/navi/install/rtabmap/include/rtabmap-0.23/rtabmap/core/ParticleFilter.h\n'}
[0.969282] (rtabmap) StdoutLine: {'line': b'-- Up-to-date: /home/brace/codeSpace/navi/install/rtabmap/include/rtabmap-0.23/rtabmap/core/Recovery.h\n'}
[0.969328] (rtabmap) StdoutLine: {'line': b'-- Up-to-date: /home/brace/codeSpace/navi/install/rtabmap/include/rtabmap-0.23/rtabmap/core/EnvSensor.h\n'}
[0.969373] (rtabmap) StdoutLine: {'line': b'-- Up-to-date: /home/brace/codeSpace/navi/install/rtabmap/include/rtabmap-0.23/rtabmap/core/CameraEvent.h\n'}
[0.969420] (rtabmap) StdoutLine: {'line': b'-- Up-to-date: /home/brace/codeSpace/navi/install/rtabmap/include/rtabmap-0.23/rtabmap/core/Transform.h\n'}
[0.969540] (rtabmap) StdoutLine: {'line': b'-- Up-to-date: /home/brace/codeSpace/navi/install/rtabmap/include/rtabmap-0.23/rtabmap/core/optimizer\n'}
[0.969592] (rtabmap) StdoutLine: {'line': b'-- Up-to-date: /home/brace/codeSpace/navi/install/rtabmap/include/rtabmap-0.23/rtabmap/core/optimizer/OptimizerGTSAM.h\n'}
[0.969638] (rtabmap) StdoutLine: {'line': b'-- Up-to-date: /home/brace/codeSpace/navi/install/rtabmap/include/rtabmap-0.23/rtabmap/core/optimizer/OptimizerCeres.h\n'}
[0.969685] (rtabmap) StdoutLine: {'line': b'-- Up-to-date: /home/brace/codeSpace/navi/install/rtabmap/include/rtabmap-0.23/rtabmap/core/optimizer/OptimizerG2O.h\n'}
[0.969732] (rtabmap) StdoutLine: {'line': b'-- Up-to-date: /home/brace/codeSpace/navi/install/rtabmap/include/rtabmap-0.23/rtabmap/core/optimizer/OptimizerTORO.h\n'}
[0.969780] (rtabmap) StdoutLine: {'line': b'-- Up-to-date: /home/brace/codeSpace/navi/install/rtabmap/include/rtabmap-0.23/rtabmap/core/optimizer/OptimizerCVSBA.h\n'}
[0.969826] (rtabmap) StdoutLine: {'line': b'-- Up-to-date: /home/brace/codeSpace/navi/install/rtabmap/include/rtabmap-0.23/rtabmap/core/IMU.h\n'}
[0.969874] (rtabmap) StdoutLine: {'line': b'-- Up-to-date: /home/brace/codeSpace/navi/install/rtabmap/include/rtabmap-0.23/rtabmap/core/CameraRGB.h\n'}
[0.969925] (rtabmap) StdoutLine: {'line': b'-- Up-to-date: /home/brace/codeSpace/navi/install/rtabmap/include/rtabmap-0.23/rtabmap/core/ParamEvent.h\n'}
[0.969971] (rtabmap) StdoutLine: {'line': b'-- Up-to-date: /home/brace/codeSpace/navi/install/rtabmap/include/rtabmap-0.23/rtabmap/core/OccupancyGrid.h\n'}
[0.970018] (rtabmap) StdoutLine: {'line': b'-- Up-to-date: /home/brace/codeSpace/navi/install/rtabmap/include/rtabmap-0.23/rtabmap/core/Rtabmap.h\n'}
[0.970063] (rtabmap) StdoutLine: {'line': b'-- Up-to-date: /home/brace/codeSpace/navi/install/rtabmap/include/rtabmap-0.23/rtabmap/core/OdometryEvent.h\n'}
[0.970112] (rtabmap) StdoutLine: {'line': b'-- Up-to-date: /home/brace/codeSpace/navi/install/rtabmap/include/rtabmap-0.23/rtabmap/core/RegistrationVis.h\n'}
[0.970168] (rtabmap) StdoutLine: {'line': b'-- Up-to-date: /home/brace/codeSpace/navi/install/rtabmap/include/rtabmap-0.23/rtabmap/core/util3d_mapping.h\n'}
[0.970215] (rtabmap) StdoutLine: {'line': b'-- Up-to-date: /home/brace/codeSpace/navi/install/rtabmap/include/rtabmap-0.23/rtabmap/core/Parameters.h\n'}
[0.970268] (rtabmap) StdoutLine: {'line': b'-- Up-to-date: /home/brace/codeSpace/navi/install/rtabmap/include/rtabmap-0.23/rtabmap/core/PythonInterface.h\n'}
[0.970317] (rtabmap) StdoutLine: {'line': b'-- Up-to-date: /home/brace/codeSpace/navi/install/rtabmap/include/rtabmap-0.23/rtabmap/core/util3d_surface.h\n'}
[0.970364] (rtabmap) StdoutLine: {'line': b'-- Up-to-date: /home/brace/codeSpace/navi/install/rtabmap/include/rtabmap-0.23/rtabmap/core/MarkerDetector.h\n'}
[0.970410] (rtabmap) StdoutLine: {'line': b'-- Up-to-date: /home/brace/codeSpace/navi/install/rtabmap/include/rtabmap-0.23/rtabmap/core/DBReader.h\n'}
[0.970646] (rtabmap) StdoutLine: {'line': b'-- Up-to-date: /home/brace/codeSpace/navi/install/rtabmap/include/rtabmap-0.23/rtabmap/core/impl\n'}
[0.970692] (rtabmap) StdoutLine: {'line': b'-- Up-to-date: /home/brace/codeSpace/navi/install/rtabmap/include/rtabmap-0.23/rtabmap/core/impl/LocalMapMaker.hpp\n'}
[0.970736] (rtabmap) StdoutLine: {'line': b'-- Up-to-date: /home/brace/codeSpace/navi/install/rtabmap/include/rtabmap-0.23/rtabmap/core/impl/util3d.hpp\n'}
[0.970778] (rtabmap) StdoutLine: {'line': b'-- Up-to-date: /home/brace/codeSpace/navi/install/rtabmap/include/rtabmap-0.23/rtabmap/core/impl/util3d_mapping.hpp\n'}
[0.970823] (rtabmap) StdoutLine: {'line': b'-- Up-to-date: /home/brace/codeSpace/navi/install/rtabmap/include/rtabmap-0.23/rtabmap/core/impl/util3d_surface.hpp\n'}
[0.970860] (rtabmap) StdoutLine: {'line': b'-- Up-to-date: /home/brace/codeSpace/navi/install/rtabmap/include/rtabmap-0.23/rtabmap/core/FlannIndex.h\n'}
[0.970896] (rtabmap) StdoutLine: {'line': b'-- Up-to-date: /home/brace/codeSpace/navi/install/rtabmap/include/rtabmap-0.23/rtabmap/core/rvl_codec.h\n'}
[0.970933] (rtabmap) StdoutLine: {'line': b'-- Up-to-date: /home/brace/codeSpace/navi/install/rtabmap/include/rtabmap-0.23/rtabmap/core/Registration.h\n'}
[0.970970] (rtabmap) StdoutLine: {'line': b'-- Up-to-date: /home/brace/codeSpace/navi/install/rtabmap/include/rtabmap-0.23/rtabmap/core/util3d_motion_estimation.h\n'}
[0.971007] (rtabmap) StdoutLine: {'line': b'-- Up-to-date: /home/brace/codeSpace/navi/install/rtabmap/include/rtabmap-0.23/rtabmap/core/SensorCapture.h\n'}
[0.971044] (rtabmap) StdoutLine: {'line': b'-- Up-to-date: /home/brace/codeSpace/navi/install/rtabmap/include/rtabmap-0.23/rtabmap/core/lidar\n'}
[0.971081] (rtabmap) StdoutLine: {'line': b'-- Up-to-date: /home/brace/codeSpace/navi/install/rtabmap/include/rtabmap-0.23/rtabmap/core/lidar/LidarVLP16.h\n'}
[0.971118] (rtabmap) StdoutLine: {'line': b'-- Up-to-date: /home/brace/codeSpace/navi/install/rtabmap/include/rtabmap-0.23/rtabmap/core/util3d.h\n'}
[0.971160] (rtabmap) StdoutLine: {'line': b'-- Up-to-date: /home/brace/codeSpace/navi/install/rtabmap/include/rtabmap-0.23/rtabmap/core/LASWriter.h\n'}
[0.971198] (rtabmap) StdoutLine: {'line': b'-- Up-to-date: /home/brace/codeSpace/navi/install/rtabmap/include/rtabmap-0.23/rtabmap/core/Image.h\n'}
[0.971237] (rtabmap) StdoutLine: {'line': b'-- Up-to-date: /home/brace/codeSpace/navi/install/rtabmap/include/rtabmap-0.23/rtabmap/core/camera\n'}
[0.971277] (rtabmap) StdoutLine: {'line': b'-- Up-to-date: /home/brace/codeSpace/navi/install/rtabmap/include/rtabmap-0.23/rtabmap/core/camera/CameraStereoVideo.h\n'}
[0.971317] (rtabmap) StdoutLine: {'line': b'-- Up-to-date: /home/brace/codeSpace/navi/install/rtabmap/include/rtabmap-0.23/rtabmap/core/camera/CameraStereoFlyCapture2.h\n'}
[0.971356] (rtabmap) StdoutLine: {'line': b'-- Up-to-date: /home/brace/codeSpace/navi/install/rtabmap/include/rtabmap-0.23/rtabmap/core/camera/CameraImages.h\n'}
[0.971395] (rtabmap) StdoutLine: {'line': b'-- Up-to-date: /home/brace/codeSpace/navi/install/rtabmap/include/rtabmap-0.23/rtabmap/core/camera/CameraMyntEye.h\n'}
[0.971434] (rtabmap) StdoutLine: {'line': b'-- Up-to-date: /home/brace/codeSpace/navi/install/rtabmap/include/rtabmap-0.23/rtabmap/core/camera/CameraK4W2.h\n'}
[0.971473] (rtabmap) StdoutLine: {'line': b'-- Up-to-date: /home/brace/codeSpace/navi/install/rtabmap/include/rtabmap-0.23/rtabmap/core/camera/CameraStereoDC1394.h\n'}
[0.971511] (rtabmap) StdoutLine: {'line': b'-- Up-to-date: /home/brace/codeSpace/navi/install/rtabmap/include/rtabmap-0.23/rtabmap/core/camera/CameraFreenect2.h\n'}
[0.971549] (rtabmap) StdoutLine: {'line': b'-- Up-to-date: /home/brace/codeSpace/navi/install/rtabmap/include/rtabmap-0.23/rtabmap/core/camera/CameraStereoImages.h\n'}
[0.971587] (rtabmap) StdoutLine: {'line': b'-- Up-to-date: /home/brace/codeSpace/navi/install/rtabmap/include/rtabmap-0.23/rtabmap/core/camera/CameraFreenect.h\n'}
[0.971625] (rtabmap) StdoutLine: {'line': b'-- Up-to-date: /home/brace/codeSpace/navi/install/rtabmap/include/rtabmap-0.23/rtabmap/core/camera/CameraOrbbecSDK.h\n'}
[0.971662] (rtabmap) StdoutLine: {'line': b'-- Up-to-date: /home/brace/codeSpace/navi/install/rtabmap/include/rtabmap-0.23/rtabmap/core/camera/CameraStereoZed.h\n'}
[0.971700] (rtabmap) StdoutLine: {'line': b'-- Up-to-date: /home/brace/codeSpace/navi/install/rtabmap/include/rtabmap-0.23/rtabmap/core/camera/CameraRealSense.h\n'}
[0.971738] (rtabmap) StdoutLine: {'line': b'-- Up-to-date: /home/brace/codeSpace/navi/install/rtabmap/include/rtabmap-0.23/rtabmap/core/camera/CameraStereoTara.h\n'}
[0.971775] (rtabmap) StdoutLine: {'line': b'-- Up-to-date: /home/brace/codeSpace/navi/install/rtabmap/include/rtabmap-0.23/rtabmap/core/camera/CameraVideo.h\n'}
[0.971814] (rtabmap) StdoutLine: {'line': b'-- Up-to-date: /home/brace/codeSpace/navi/install/rtabmap/include/rtabmap-0.23/rtabmap/core/camera/CameraRealSense2.h\n'}
[0.971852] (rtabmap) StdoutLine: {'line': b'-- Up-to-date: /home/brace/codeSpace/navi/install/rtabmap/include/rtabmap-0.23/rtabmap/core/camera/CameraDepthAI.h\n'}
[0.971890] (rtabmap) StdoutLine: {'line': b'-- Up-to-date: /home/brace/codeSpace/navi/install/rtabmap/include/rtabmap-0.23/rtabmap/core/camera/CameraK4A.h\n'}
[0.971928] (rtabmap) StdoutLine: {'line': b'-- Up-to-date: /home/brace/codeSpace/navi/install/rtabmap/include/rtabmap-0.23/rtabmap/core/camera/CameraStereoZedOC.h\n'}
[0.971966] (rtabmap) StdoutLine: {'line': b'-- Up-to-date: /home/brace/codeSpace/navi/install/rtabmap/include/rtabmap-0.23/rtabmap/core/camera/CameraOpenni.h\n'}
[0.972004] (rtabmap) StdoutLine: {'line': b'-- Up-to-date: /home/brace/codeSpace/navi/install/rtabmap/include/rtabmap-0.23/rtabmap/core/camera/CameraOpenNI2.h\n'}
[0.972065] (rtabmap) StdoutLine: {'line': b'-- Up-to-date: /home/brace/codeSpace/navi/install/rtabmap/include/rtabmap-0.23/rtabmap/core/camera/CameraRGBDImages.h\n'}
[0.972104] (rtabmap) StdoutLine: {'line': b'-- Up-to-date: /home/brace/codeSpace/navi/install/rtabmap/include/rtabmap-0.23/rtabmap/core/camera/CameraOpenNICV.h\n'}
[0.972143] (rtabmap) StdoutLine: {'line': b'-- Up-to-date: /home/brace/codeSpace/navi/install/rtabmap/include/rtabmap-0.23/rtabmap/core/camera/CameraSeerSense.h\n'}
[0.972182] (rtabmap) StdoutLine: {'line': b'-- Up-to-date: /home/brace/codeSpace/navi/install/rtabmap/include/rtabmap-0.23/rtabmap/core/util3d_features.h\n'}
[0.972218] (rtabmap) StdoutLine: {'line': b'-- Up-to-date: /home/brace/codeSpace/navi/install/rtabmap/include/rtabmap-0.23/rtabmap/core/VWDictionary.h\n'}
[0.972256] (rtabmap) StdoutLine: {'line': b'-- Up-to-date: /home/brace/codeSpace/navi/install/rtabmap/include/rtabmap-0.23/rtabmap/core/GlobalDescriptor.h\n'}
[0.972292] (rtabmap) StdoutLine: {'line': b'-- Up-to-date: /home/brace/codeSpace/navi/install/rtabmap/include/rtabmap-0.23/rtabmap/core/GlobalMap.h\n'}
[0.972327] (rtabmap) StdoutLine: {'line': b'-- Up-to-date: /home/brace/codeSpace/navi/install/rtabmap/include/rtabmap-0.23/rtabmap/core/Graph.h\n'}
[0.972362] (rtabmap) StdoutLine: {'line': b'-- Up-to-date: /home/brace/codeSpace/navi/install/rtabmap/include/rtabmap-0.23/rtabmap/core/GPS.h\n'}
[0.972396] (rtabmap) StdoutLine: {'line': b'-- Up-to-date: /home/brace/codeSpace/navi/install/rtabmap/include/rtabmap-0.23/rtabmap/core/RegistrationIcp.h\n'}
[0.972431] (rtabmap) StdoutLine: {'line': b'-- Up-to-date: /home/brace/codeSpace/navi/install/rtabmap/include/rtabmap-0.23/rtabmap/core/Stereo.h\n'}
[0.972465] (rtabmap) StdoutLine: {'line': b'-- Up-to-date: /home/brace/codeSpace/navi/install/rtabmap/include/rtabmap-0.23/rtabmap/core/LocalGrid.h\n'}
[0.972498] (rtabmap) StdoutLine: {'line': b'-- Up-to-date: /home/brace/codeSpace/navi/install/rtabmap/include/rtabmap-0.23/rtabmap/core/CameraStereo.h\n'}
[0.972534] (rtabmap) StdoutLine: {'line': b'-- Up-to-date: /home/brace/codeSpace/navi/install/rtabmap/include/rtabmap-0.23/rtabmap/core/BayesFilter.h\n'}
[0.972567] (rtabmap) StdoutLine: {'line': b'-- Up-to-date: /home/brace/codeSpace/navi/install/rtabmap/include/rtabmap-0.23/rtabmap/core/OdometryThread.h\n'}
[0.972624] (rtabmap) StdoutLine: {'line': b'-- Up-to-date: /home/brace/codeSpace/navi/install/rtabmap/include/rtabmap-0.23/rtabmap/core/Compression.h\n'}
[0.972658] (rtabmap) StdoutLine: {'line': b'-- Up-to-date: /home/brace/codeSpace/navi/install/rtabmap/include/rtabmap-0.23/rtabmap/core/PDALWriter.h\n'}
[0.972692] (rtabmap) StdoutLine: {'line': b'-- Up-to-date: /home/brace/codeSpace/navi/install/rtabmap/include/rtabmap-0.23/rtabmap/core/odometry\n'}
[0.972726] (rtabmap) StdoutLine: {'line': b'-- Up-to-date: /home/brace/codeSpace/navi/install/rtabmap/include/rtabmap-0.23/rtabmap/core/odometry/OdometryORBSLAM3.h\n'}
[0.972764] (rtabmap) StdoutLine: {'line': b'-- Up-to-date: /home/brace/codeSpace/navi/install/rtabmap/include/rtabmap-0.23/rtabmap/core/odometry/OdometryFovis.h\n'}
[0.972800] (rtabmap) StdoutLine: {'line': b'-- Up-to-date: /home/brace/codeSpace/navi/install/rtabmap/include/rtabmap-0.23/rtabmap/core/odometry/OdometryORBSLAM2.h\n'}
[0.972837] (rtabmap) StdoutLine: {'line': b'-- Up-to-date: /home/brace/codeSpace/navi/install/rtabmap/include/rtabmap-0.23/rtabmap/core/odometry/OdometryF2M.h\n'}
[0.972874] (rtabmap) StdoutLine: {'line': b'-- Up-to-date: /home/brace/codeSpace/navi/install/rtabmap/include/rtabmap-0.23/rtabmap/core/odometry/OdometryMSCKF.h\n'}
[0.972910] (rtabmap) StdoutLine: {'line': b'-- Up-to-date: /home/brace/codeSpace/navi/install/rtabmap/include/rtabmap-0.23/rtabmap/core/odometry/OdometryVINSFusion.h\n'}
[0.972946] (rtabmap) StdoutLine: {'line': b'-- Up-to-date: /home/brace/codeSpace/navi/install/rtabmap/include/rtabmap-0.23/rtabmap/core/odometry/OdometryOpen3D.h\n'}
[0.972982] (rtabmap) StdoutLine: {'line': b'-- Up-to-date: /home/brace/codeSpace/navi/install/rtabmap/include/rtabmap-0.23/rtabmap/core/odometry/OdometryVINS.h\n'}
[0.973020] (rtabmap) StdoutLine: {'line': b'-- Up-to-date: /home/brace/codeSpace/navi/install/rtabmap/include/rtabmap-0.23/rtabmap/core/odometry/OdometryDVO.h\n'}
[0.973056] (rtabmap) StdoutLine: {'line': b'-- Up-to-date: /home/brace/codeSpace/navi/install/rtabmap/include/rtabmap-0.23/rtabmap/core/odometry/OdometryLOAM.h\n'}
[0.973093] (rtabmap) StdoutLine: {'line': b'-- Up-to-date: /home/brace/codeSpace/navi/install/rtabmap/include/rtabmap-0.23/rtabmap/core/odometry/OdometryViso2.h\n'}
[0.973130] (rtabmap) StdoutLine: {'line': b'-- Up-to-date: /home/brace/codeSpace/navi/install/rtabmap/include/rtabmap-0.23/rtabmap/core/odometry/OdometryOkvis.h\n'}
[0.973173] (rtabmap) StdoutLine: {'line': b'-- Up-to-date: /home/brace/codeSpace/navi/install/rtabmap/include/rtabmap-0.23/rtabmap/core/odometry/OdometryFLOAM.h\n'}
[0.973226] (rtabmap) StdoutLine: {'line': b'-- Up-to-date: /home/brace/codeSpace/navi/install/rtabmap/include/rtabmap-0.23/rtabmap/core/odometry/OdometryCuVSLAM.h\n'}
[0.973265] (rtabmap) StdoutLine: {'line': b'-- Up-to-date: /home/brace/codeSpace/navi/install/rtabmap/include/rtabmap-0.23/rtabmap/core/odometry/OdometryMono.h\n'}
[0.973303] (rtabmap) StdoutLine: {'line': b'-- Up-to-date: /home/brace/codeSpace/navi/install/rtabmap/include/rtabmap-0.23/rtabmap/core/odometry/OdometryOpenVINS.h\n'}
[0.973340] (rtabmap) StdoutLine: {'line': b'-- Up-to-date: /home/brace/codeSpace/navi/install/rtabmap/include/rtabmap-0.23/rtabmap/core/odometry/OdometryF2F.h\n'}
[0.973378] (rtabmap) StdoutLine: {'line': b'-- Up-to-date: /home/brace/codeSpace/navi/install/rtabmap/include/rtabmap-0.23/rtabmap/core/VisualWord.h\n'}
[0.973416] (rtabmap) StdoutLine: {'line': b'-- Up-to-date: /home/brace/codeSpace/navi/install/rtabmap/include/rtabmap-0.23/rtabmap/core/UserDataEvent.h\n'}
[0.973499] (rtabmap) StdoutLine: {'line': b'-- Up-to-date: /home/brace/codeSpace/navi/install/rtabmap/include/rtabmap-0.23/rtabmap/core/CameraThread.h\n'}
[0.973537] (rtabmap) StdoutLine: {'line': b'-- Up-to-date: /home/brace/codeSpace/navi/install/rtabmap/include/rtabmap-0.23/rtabmap/core/util3d_transforms.h\n'}
[0.973574] (rtabmap) StdoutLine: {'line': b'-- Up-to-date: /home/brace/codeSpace/navi/install/rtabmap/include/rtabmap-0.23/rtabmap/core/DBDriver.h\n'}
[0.973611] (rtabmap) StdoutLine: {'line': b'-- Up-to-date: /home/brace/codeSpace/navi/install/rtabmap/include/rtabmap-0.23/rtabmap/core/SensorCaptureInfo.h\n'}
[0.973648] (rtabmap) StdoutLine: {'line': b'-- Up-to-date: /home/brace/codeSpace/navi/install/rtabmap/include/rtabmap-0.23/rtabmap/core/Odometry.h\n'}
[0.973684] (rtabmap) StdoutLine: {'line': b'-- Up-to-date: /home/brace/codeSpace/navi/install/rtabmap/include/rtabmap-0.23/rtabmap/core/Lidar.h\n'}
[0.973721] (rtabmap) StdoutLine: {'line': b'-- Up-to-date: /home/brace/codeSpace/navi/install/rtabmap/include/rtabmap-0.23/rtabmap/core/Link.h\n'}
[0.973757] (rtabmap) StdoutLine: {'line': b'-- Up-to-date: /home/brace/codeSpace/navi/install/rtabmap/include/rtabmap-0.23/rtabmap/core/SensorCaptureThread.h\n'}
[0.973793] (rtabmap) StdoutLine: {'line': b'-- Up-to-date: /home/brace/codeSpace/navi/install/rtabmap/include/rtabmap-0.23/rtabmap\n'}
[0.973830] (rtabmap) StdoutLine: {'line': b'-- Up-to-date: /home/brace/codeSpace/navi/install/rtabmap/include/rtabmap-0.23/rtabmap/core\n'}
[0.973909] (rtabmap) StdoutLine: {'line': b'-- Up-to-date: /home/brace/codeSpace/navi/install/rtabmap/include/rtabmap-0.23/rtabmap/core/rtabmap_core_export.h\n'}
[0.973948] (rtabmap) StdoutLine: {'line': b'-- Up-to-date: /home/brace/codeSpace/navi/install/rtabmap/include/rtabmap-0.23/rtabmap/core/Version.h\n'}
[0.973984] (rtabmap) StdoutLine: {'line': b'-- Up-to-date: /home/brace/codeSpace/navi/install/rtabmap/lib/rtabmap-0.23/RTABMap_coreTargets.cmake\n'}
[0.974021] (rtabmap) StdoutLine: {'line': b'-- Up-to-date: /home/brace/codeSpace/navi/install/rtabmap/lib/rtabmap-0.23/RTABMap_coreTargets-release.cmake\n'}
[0.974060] (rtabmap) StdoutLine: {'line': b'-- Up-to-date: /home/brace/codeSpace/navi/install/rtabmap/lib/librtabmap_gui.so.0.23.4\n'}
[0.974098] (rtabmap) StdoutLine: {'line': b'-- Up-to-date: /home/brace/codeSpace/navi/install/rtabmap/lib/librtabmap_gui.so.0.23\n'}
[0.974138] (rtabmap) StdoutLine: {'line': b'-- Up-to-date: /home/brace/codeSpace/navi/install/rtabmap/lib/librtabmap_gui.so\n'}
[0.974178] (rtabmap) StdoutLine: {'line': b'-- Up-to-date: /home/brace/codeSpace/navi/install/rtabmap/include/rtabmap-0.23/rtabmap\n'}
[0.974215] (rtabmap) StdoutLine: {'line': b'-- Up-to-date: /home/brace/codeSpace/navi/install/rtabmap/include/rtabmap-0.23/rtabmap/utilite\n'}
[0.974252] (rtabmap) StdoutLine: {'line': b'-- Up-to-date: /home/brace/codeSpace/navi/install/rtabmap/include/rtabmap-0.23/rtabmap/utilite/UCv2Qt.h\n'}
[0.974289] (rtabmap) StdoutLine: {'line': b'-- Up-to-date: /home/brace/codeSpace/navi/install/rtabmap/include/rtabmap-0.23/rtabmap/utilite/UPlot.h\n'}
[0.974365] (rtabmap) StdoutLine: {'line': b'-- Up-to-date: /home/brace/codeSpace/navi/install/rtabmap/include/rtabmap-0.23/rtabmap/utilite/UImageView.h\n'}
[0.974400] (rtabmap) StdoutLine: {'line': b'-- Up-to-date: /home/brace/codeSpace/navi/install/rtabmap/include/rtabmap-0.23/rtabmap/gui\n'}
[0.974438] (rtabmap) StdoutLine: {'line': b'-- Up-to-date: /home/brace/codeSpace/navi/install/rtabmap/include/rtabmap-0.23/rtabmap/gui/LoopClosureViewer.h\n'}
[0.974473] (rtabmap) StdoutLine: {'line': b'-- Up-to-date: /home/brace/codeSpace/navi/install/rtabmap/include/rtabmap-0.23/rtabmap/gui/MapVisibilityWidget.h\n'}
[0.974507] (rtabmap) StdoutLine: {'line': b'-- Up-to-date: /home/brace/codeSpace/navi/install/rtabmap/include/rtabmap-0.23/rtabmap/gui/EditConstraintDialog.h\n'}
[0.974540] (rtabmap) StdoutLine: {'line': b'-- Up-to-date: /home/brace/codeSpace/navi/install/rtabmap/include/rtabmap-0.23/rtabmap/gui/ProgressDialog.h\n'}
[0.974574] (rtabmap) StdoutLine: {'line': b'-- Up-to-date: /home/brace/codeSpace/navi/install/rtabmap/include/rtabmap-0.23/rtabmap/gui/StatsToolBox.h\n'}
[0.974608] (rtabmap) StdoutLine: {'line': b'-- Up-to-date: /home/brace/codeSpace/navi/install/rtabmap/include/rtabmap-0.23/rtabmap/gui/ExportBundlerDialog.h\n'}
[0.974642] (rtabmap) StdoutLine: {'line': b'-- Up-to-date: /home/brace/codeSpace/navi/install/rtabmap/include/rtabmap-0.23/rtabmap/gui/CloudViewerCellPicker.h\n'}
[0.974675] (rtabmap) StdoutLine: {'line': b'-- Up-to-date: /home/brace/codeSpace/navi/install/rtabmap/include/rtabmap-0.23/rtabmap/gui/ConsoleWidget.h\n'}
[0.974708] (rtabmap) StdoutLine: {'line': b'-- Up-to-date: /home/brace/codeSpace/navi/install/rtabmap/include/rtabmap-0.23/rtabmap/gui/LinkRefiningDialog.h\n'}
[0.974742] (rtabmap) StdoutLine: {'line': b'-- Up-to-date: /home/brace/codeSpace/navi/install/rtabmap/include/rtabmap-0.23/rtabmap/gui/MultiSessionLocSubView.h\n'}
[0.974776] (rtabmap) StdoutLine: {'line': b'-- Up-to-date: /home/brace/codeSpace/navi/install/rtabmap/include/rtabmap-0.23/rtabmap/gui/AboutDialog.h\n'}
[0.974809] (rtabmap) StdoutLine: {'line': b'-- Up-to-date: /home/brace/codeSpace/navi/install/rtabmap/include/rtabmap-0.23/rtabmap/gui/PreferencesDialog.h\n'}
[0.974842] (rtabmap) StdoutLine: {'line': b'-- Up-to-date: /home/brace/codeSpace/navi/install/rtabmap/include/rtabmap-0.23/rtabmap/gui/PointCloudColorHandlerIntensityField.h\n'}
[0.974877] (rtabmap) StdoutLine: {'line': b'-- Up-to-date: /home/brace/codeSpace/navi/install/rtabmap/include/rtabmap-0.23/rtabmap/gui/ParametersToolBox.h\n'}
[0.974910] (rtabmap) StdoutLine: {'line': b'-- Up-to-date: /home/brace/codeSpace/navi/install/rtabmap/include/rtabmap-0.23/rtabmap/gui/MultiSessionLocWidget.h\n'}
[0.974943] (rtabmap) StdoutLine: {'line': b'-- Up-to-date: /home/brace/codeSpace/navi/install/rtabmap/include/rtabmap-0.23/rtabmap/gui/PostProcessingDialog.h\n'}
[0.974982] (rtabmap) StdoutLine: {'line': b'-- Up-to-date: /home/brace/codeSpace/navi/install/rtabmap/include/rtabmap-0.23/rtabmap/gui/OdometryViewer.h\n'}
[0.975014] (rtabmap) StdoutLine: {'line': b'-- Up-to-date: /home/brace/codeSpace/navi/install/rtabmap/include/rtabmap-0.23/rtabmap/gui/GraphViewer.h\n'}
[0.975045] (rtabmap) StdoutLine: {'line': b'-- Up-to-date: /home/brace/codeSpace/navi/install/rtabmap/include/rtabmap-0.23/rtabmap/gui/MainWindow.h\n'}
[0.975085] (rtabmap) StdoutLine: {'line': b'-- Up-to-date: /home/brace/codeSpace/navi/install/rtabmap/include/rtabmap-0.23/rtabmap/gui/CameraViewer.h\n'}
[0.975119] (rtabmap) StdoutLine: {'line': b'-- Up-to-date: /home/brace/codeSpace/navi/install/rtabmap/include/rtabmap-0.23/rtabmap/gui/CreateSimpleCalibrationDialog.h\n'}
[0.975158] (rtabmap) StdoutLine: {'line': b'-- Up-to-date: /home/brace/codeSpace/navi/install/rtabmap/include/rtabmap-0.23/rtabmap/gui/EditDepthArea.h\n'}
[0.975193] (rtabmap) StdoutLine: {'line': b'-- Up-to-date: /home/brace/codeSpace/navi/install/rtabmap/include/rtabmap-0.23/rtabmap/gui/DataRecorder.h\n'}
[0.975229] (rtabmap) StdoutLine: {'line': b'-- Up-to-date: /home/brace/codeSpace/navi/install/rtabmap/include/rtabmap-0.23/rtabmap/gui/ExportCloudsDialog.h\n'}
[0.975275] (rtabmap) StdoutLine: {'line': b'-- Up-to-date: /home/brace/codeSpace/navi/install/rtabmap/include/rtabmap-0.23/rtabmap/gui/ImageView.h\n'}
[0.975305] (rtabmap) StdoutLine: {'line': b'-- Up-to-date: /home/brace/codeSpace/navi/install/rtabmap/include/rtabmap-0.23/rtabmap/gui/EditMapArea.h\n'}
[0.975335] (rtabmap) StdoutLine: {'line': b'-- Up-to-date: /home/brace/codeSpace/navi/install/rtabmap/include/rtabmap-0.23/rtabmap/gui/PointCloudColorHandlerMinMaxGenericField.h\n'}
[0.975367] (rtabmap) StdoutLine: {'line': b'-- Up-to-date: /home/brace/codeSpace/navi/install/rtabmap/include/rtabmap-0.23/rtabmap/gui/CalibrationDialog.h\n'}
[0.975398] (rtabmap) StdoutLine: {'line': b'-- Up-to-date: /home/brace/codeSpace/navi/install/rtabmap/include/rtabmap-0.23/rtabmap/gui/CloudViewer.h\n'}
[0.975429] (rtabmap) StdoutLine: {'line': b'-- Up-to-date: /home/brace/codeSpace/navi/install/rtabmap/include/rtabmap-0.23/rtabmap/gui/RecoveryState.h\n'}
[0.975460] (rtabmap) StdoutLine: {'line': b'-- Up-to-date: /home/brace/codeSpace/navi/install/rtabmap/include/rtabmap-0.23/rtabmap/gui/PdfPlot.h\n'}
[0.975492] (rtabmap) StdoutLine: {'line': b'-- Up-to-date: /home/brace/codeSpace/navi/install/rtabmap/include/rtabmap-0.23/rtabmap/gui/ExportDialog.h\n'}
[0.975524] (rtabmap) StdoutLine: {'line': b'-- Up-to-date: /home/brace/codeSpace/navi/install/rtabmap/include/rtabmap-0.23/rtabmap/gui/KeypointItem.h\n'}
[0.975556] (rtabmap) StdoutLine: {'line': b'-- Up-to-date: /home/brace/codeSpace/navi/install/rtabmap/include/rtabmap-0.23/rtabmap/gui/CloudViewerInteractorStyle.h\n'}
[0.975589] (rtabmap) StdoutLine: {'line': b'-- Up-to-date: /home/brace/codeSpace/navi/install/rtabmap/include/rtabmap-0.23/rtabmap/gui/TexturingState.h\n'}
[0.975621] (rtabmap) StdoutLine: {'line': b'-- Up-to-date: /home/brace/codeSpace/navi/install/rtabmap/include/rtabmap-0.23/rtabmap/gui/DepthCalibrationDialog.h\n'}
[0.975653] (rtabmap) StdoutLine: {'line': b'-- Up-to-date: /home/brace/codeSpace/navi/install/rtabmap/include/rtabmap-0.23/rtabmap/gui/DatabaseViewer.h\n'}
[0.975684] (rtabmap) StdoutLine: {'line': b'-- Up-to-date: /home/brace/codeSpace/navi/install/rtabmap/include/rtabmap-0.23/rtabmap\n'}
[0.975715] (rtabmap) StdoutLine: {'line': b'-- Up-to-date: /home/brace/codeSpace/navi/install/rtabmap/include/rtabmap-0.23/rtabmap/gui\n'}
[0.975746] (rtabmap) StdoutLine: {'line': b'-- Up-to-date: /home/brace/codeSpace/navi/install/rtabmap/include/rtabmap-0.23/rtabmap/gui/rtabmap_gui_export.h\n'}
[0.975777] (rtabmap) StdoutLine: {'line': b'-- Up-to-date: /home/brace/codeSpace/navi/install/rtabmap/lib/rtabmap-0.23/RTABMap_guiTargets.cmake\n'}
[0.975809] (rtabmap) StdoutLine: {'line': b'-- Up-to-date: /home/brace/codeSpace/navi/install/rtabmap/lib/rtabmap-0.23/RTABMap_guiTargets-release.cmake\n'}
[0.975839] (rtabmap) StdoutLine: {'line': b'-- Up-to-date: /home/brace/codeSpace/navi/install/rtabmap/bin/rtabmap\n'}
[0.976198] (rtabmap) StdoutLine: {'line': b'-- Up-to-date: /home/brace/codeSpace/navi/install/rtabmap/bin/rtabmap-console\n'}
[0.977095] (rtabmap) StdoutLine: {'line': b'-- Up-to-date: /home/brace/codeSpace/navi/install/rtabmap/bin/rtabmap-extractObject\n'}
[0.977697] (rtabmap) StdoutLine: {'line': b'-- Up-to-date: /home/brace/codeSpace/navi/install/rtabmap/bin/rtabmap-camera\n'}
[0.978514] (rtabmap) StdoutLine: {'line': b'-- Up-to-date: /home/brace/codeSpace/navi/install/rtabmap/bin/rtabmap-kitti_dataset\n'}
[0.979159] (rtabmap) StdoutLine: {'line': b'-- Up-to-date: /home/brace/codeSpace/navi/install/rtabmap/bin/rtabmap-rgbd_dataset\n'}
[0.979825] (rtabmap) StdoutLine: {'line': b'-- Up-to-date: /home/brace/codeSpace/navi/install/rtabmap/bin/rtabmap-euroc_dataset\n'}
[0.980365] (rtabmap) StdoutLine: {'line': b'-- Up-to-date: /home/brace/codeSpace/navi/install/rtabmap/bin/rtabmap-recovery\n'}
[0.981159] (rtabmap) StdoutLine: {'line': b'-- Up-to-date: /home/brace/codeSpace/navi/install/rtabmap/bin/rtabmap-reprocess\n'}
[0.981820] (rtabmap) StdoutLine: {'line': b'-- Up-to-date: /home/brace/codeSpace/navi/install/rtabmap/bin/rtabmap-detectMoreLoopClosures\n'}
[0.982562] (rtabmap) StdoutLine: {'line': b'-- Up-to-date: /home/brace/codeSpace/navi/install/rtabmap/bin/rtabmap-export\n'}
[0.983200] (rtabmap) StdoutLine: {'line': b'-- Up-to-date: /home/brace/codeSpace/navi/install/rtabmap/bin/rtabmap-report\n'}
[0.984006] (rtabmap) StdoutLine: {'line': b'-- Up-to-date: /home/brace/codeSpace/navi/install/rtabmap/bin/rtabmap-info\n'}
[0.984593] (rtabmap) StdoutLine: {'line': b'-- Up-to-date: /home/brace/codeSpace/navi/install/rtabmap/bin/rtabmap-cleanupLocalGrids\n'}
[0.985174] (rtabmap) StdoutLine: {'line': b'-- Up-to-date: /home/brace/codeSpace/navi/install/rtabmap/bin/rtabmap-globalBundleAdjustment\n'}
[0.985825] (rtabmap) StdoutLine: {'line': b'-- Up-to-date: /home/brace/codeSpace/navi/install/rtabmap/bin/rtabmap-rgbd_camera\n'}
[0.986424] (rtabmap) StdoutLine: {'line': b'-- Up-to-date: /home/brace/codeSpace/navi/install/rtabmap/bin/rtabmap-lidar_viewer\n'}
[0.987024] (rtabmap) StdoutLine: {'line': b'-- Up-to-date: /home/brace/codeSpace/navi/install/rtabmap/bin/rtabmap-databaseViewer\n'}
[0.987919] (rtabmap) StdoutLine: {'line': b'-- Up-to-date: /home/brace/codeSpace/navi/install/rtabmap/bin/rtabmap-odometryViewer\n'}
[0.988497] (rtabmap) StdoutLine: {'line': b'-- Up-to-date: /home/brace/codeSpace/navi/install/rtabmap/bin/rtabmap-dataRecorder\n'}
[0.989147] (rtabmap) StdoutLine: {'line': b'-- Up-to-date: /home/brace/codeSpace/navi/install/rtabmap/bin/rtabmap-calibration\n'}
[0.991533] (rtabmap) StdoutLine: {'line': b'-- Up-to-date: /home/brace/codeSpace/navi/install/rtabmap/lib/rtabmap-0.23/RTABMapTargets.cmake\n'}
[0.991601] (rtabmap) StdoutLine: {'line': b'-- Up-to-date: /home/brace/codeSpace/navi/install/rtabmap/lib/rtabmap-0.23/RTABMapConfig.cmake\n'}
[0.991640] (rtabmap) StdoutLine: {'line': b'-- Up-to-date: /home/brace/codeSpace/navi/install/rtabmap/lib/rtabmap-0.23/RTABMapConfigVersion.cmake\n'}
[0.991737] (rtabmap) StdoutLine: {'line': b'-- Up-to-date: /home/brace/codeSpace/navi/install/rtabmap/share/rtabmap/package.xml\n'}
[0.993325] (rtabmap) CommandEnded: {'returncode': 0}
[1.000464] (-) TimerEvent: {}
[1.028556] (rtabmap) JobEnded: {'identifier': 'rtabmap', 'rc': 0}
[1.029643] (rtabmap_conversions) JobStarted: {'identifier': 'rtabmap_conversions'}
[1.045641] (rtabmap_conversions) JobProgress: {'identifier': 'rtabmap_conversions', 'progress': 'cmake'}
[1.047352] (rtabmap_conversions) JobProgress: {'identifier': 'rtabmap_conversions', 'progress': 'build'}
[1.048105] (rtabmap_conversions) Command: {'cmd': ['/usr/bin/cmake', '--build', '/home/brace/codeSpace/navi/build/rtabmap_conversions', '--', '-j16', '-l16'], 'cwd': '/home/brace/codeSpace/navi/build/rtabmap_conversions', 'env': OrderedDict([('LESSOPEN', '| /usr/bin/lesspipe %s'), ('LANGUAGE', 'zh_CN:zh:en_US:en'), ('USER', 'brace'), ('LC_TIME', 'zh_CN.UTF-8'), ('XDG_SESSION_TYPE', 'x11'), ('SHLVL', '1'), ('LD_LIBRARY_PATH', '/home/brace/codeSpace/navi/install/rtabmap_msgs/lib:/home/brace/codeSpace/navi/install/rtabmap/lib:/opt/ros/humble/opt/rviz_ogre_vendor/lib:/opt/ros/humble/lib/x86_64-linux-gnu:/opt/ros/humble/lib'), ('HOME', '/home/brace'), ('OLDPWD', '/home/brace'), ('DESKTOP_SESSION', 'ubuntu'), ('ROS_PYTHON_VERSION', '3'), ('GNOME_SHELL_SESSION_MODE', 'ubuntu'), ('GTK_MODULES', 'gail:atk-bridge'), ('LC_MONETARY', 'zh_CN.UTF-8'), ('SYSTEMD_EXEC_PID', '1661'), ('DBUS_SESSION_BUS_ADDRESS', 'unix:path=/run/user/1000/bus'), ('COLORTERM', 'truecolor'), ('MANDATORY_PATH', '/usr/share/gconf/ubuntu.mandatory.path'), ('ROS_DISTRO', 'humble'), ('GTK_IM_MODULE', 'ibus'), ('LOGNAME', 'brace'), ('_', '/usr/bin/colcon'), ('ROS_VERSION', '2'), ('XDG_SESSION_CLASS', 'user'), ('DEFAULTS_PATH', '/usr/share/gconf/ubuntu.default.path'), ('PKG_CONFIG_PATH', '/home/brace/codeSpace/navi/install/rtabmap/lib/x86_64-linux-gnu/pkgconfig:/home/brace/codeSpace/navi/install/rtabmap/lib/pkgconfig'), ('USERNAME', 'brace'), ('TERM', 'xterm-256color'), ('GNOME_DESKTOP_SESSION_ID', 'this-is-deprecated'), ('ROS_LOCALHOST_ONLY', '0'), ('WINDOWPATH', '2'), ('PATH', '/home/brace/codeSpace/navi/install/rtabmap/bin:/opt/ros/humble/bin:/usr/local/sbin:/usr/local/bin:/usr/sbin:/usr/bin:/sbin:/bin:/usr/games:/usr/local/games:/snap/bin:/snap/bin'), ('SESSION_MANAGER', 'local/brace-NUC13:@/tmp/.ICE-unix/1416,unix/brace-NUC13:/tmp/.ICE-unix/1416'), ('XDG_MENU_PREFIX', 'gnome-'), ('LC_ADDRESS', 'zh_CN.UTF-8'), ('GNOME_TERMINAL_SCREEN', '/org/gnome/Terminal/screen/c4f32225_e76e_4484_b663_a77ce475952b'), ('XDG_RUNTIME_DIR', '/run/user/1000'), ('DISPLAY', ':0'), ('LANG', 'zh_CN.UTF-8'), ('XDG_CURRENT_DESKTOP', 'ubuntu:GNOME'), ('LC_TELEPHONE', 'zh_CN.UTF-8'), ('XMODIFIERS', '@im=ibus'), ('XDG_SESSION_DESKTOP', 'ubuntu'), ('XAUTHORITY', '/run/user/1000/gdm/Xauthority'), ('LS_COLORS', 'rs=0:di=01;34:ln=01;36:mh=00:pi=40;33:so=01;35:do=01;35:bd=40;33;01:cd=40;33;01:or=40;31;01:mi=00:su=37;41:sg=30;43:ca=30;41:tw=30;42:ow=34;42:st=37;44:ex=01;32:*.tar=01;31:*.tgz=01;31:*.arc=01;31:*.arj=01;31:*.taz=01;31:*.lha=01;31:*.lz4=01;31:*.lzh=01;31:*.lzma=01;31:*.tlz=01;31:*.txz=01;31:*.tzo=01;31:*.t7z=01;31:*.zip=01;31:*.z=01;31:*.dz=01;31:*.gz=01;31:*.lrz=01;31:*.lz=01;31:*.lzo=01;31:*.xz=01;31:*.zst=01;31:*.tzst=01;31:*.bz2=01;31:*.bz=01;31:*.tbz=01;31:*.tbz2=01;31:*.tz=01;31:*.deb=01;31:*.rpm=01;31:*.jar=01;31:*.war=01;31:*.ear=01;31:*.sar=01;31:*.rar=01;31:*.alz=01;31:*.ace=01;31:*.zoo=01;31:*.cpio=01;31:*.7z=01;31:*.rz=01;31:*.cab=01;31:*.wim=01;31:*.swm=01;31:*.dwm=01;31:*.esd=01;31:*.jpg=01;35:*.jpeg=01;35:*.mjpg=01;35:*.mjpeg=01;35:*.gif=01;35:*.bmp=01;35:*.pbm=01;35:*.pgm=01;35:*.ppm=01;35:*.tga=01;35:*.xbm=01;35:*.xpm=01;35:*.tif=01;35:*.tiff=01;35:*.png=01;35:*.svg=01;35:*.svgz=01;35:*.mng=01;35:*.pcx=01;35:*.mov=01;35:*.mpg=01;35:*.mpeg=01;35:*.m2v=01;35:*.mkv=01;35:*.webm=01;35:*.webp=01;35:*.ogm=01;35:*.mp4=01;35:*.m4v=01;35:*.mp4v=01;35:*.vob=01;35:*.qt=01;35:*.nuv=01;35:*.wmv=01;35:*.asf=01;35:*.rm=01;35:*.rmvb=01;35:*.flc=01;35:*.avi=01;35:*.fli=01;35:*.flv=01;35:*.gl=01;35:*.dl=01;35:*.xcf=01;35:*.xwd=01;35:*.yuv=01;35:*.cgm=01;35:*.emf=01;35:*.ogv=01;35:*.ogx=01;35:*.aac=00;36:*.au=00;36:*.flac=00;36:*.m4a=00;36:*.mid=00;36:*.midi=00;36:*.mka=00;36:*.mp3=00;36:*.mpc=00;36:*.ogg=00;36:*.ra=00;36:*.wav=00;36:*.oga=00;36:*.opus=00;36:*.spx=00;36:*.xspf=00;36:'), ('GNOME_TERMINAL_SERVICE', ':1.117'), ('SSH_AGENT_LAUNCHER', 'gnome-keyring'), ('SSH_AUTH_SOCK', '/run/user/1000/keyring/ssh'), ('AMENT_PREFIX_PATH', '/home/brace/codeSpace/navi/install/rtabmap_msgs:/opt/ros/humble'), ('SHELL', '/bin/bash'), ('LC_NAME', 'zh_CN.UTF-8'), ('QT_ACCESSIBILITY', '1'), ('GDMSESSION', 'ubuntu'), ('LESSCLOSE', '/usr/bin/lesspipe %s %s'), ('LC_MEASUREMENT', 'zh_CN.UTF-8'), ('GPG_AGENT_INFO', '/run/user/1000/gnupg/S.gpg-agent:0:1'), ('LC_IDENTIFICATION', 'zh_CN.UTF-8'), ('QT_IM_MODULE', 'ibus'), ('PWD', '/home/brace/codeSpace/navi/build/rtabmap_conversions'), ('XDG_CONFIG_DIRS', '/etc/xdg/xdg-ubuntu:/etc/xdg'), ('XDG_DATA_DIRS', '/usr/share/ubuntu:/usr/share/gnome:/usr/local/share/:/usr/share/:/var/lib/snapd/desktop'), ('PYTHONPATH', '/home/brace/codeSpace/navi/install/rtabmap_msgs/local/lib/python3.10/dist-packages:/opt/ros/humble/lib/python3.10/site-packages:/opt/ros/humble/local/lib/python3.10/dist-packages'), ('LC_NUMERIC', 'zh_CN.UTF-8'), ('LC_PAPER', 'zh_CN.UTF-8'), ('COLCON', '1'), ('VTE_VERSION', '6800'), ('CMAKE_PREFIX_PATH', '/home/brace/codeSpace/navi/install/rtabmap_msgs:/home/brace/codeSpace/navi/install/rtabmap:/opt/ros/humble')]), 'shell': False}
[1.100615] (-) TimerEvent: {}
[1.130122] (rtabmap_conversions) StdoutLine: {'line': b'\x1b[35m\x1b[1mConsolidate compiler generated dependencies of target rtabmap_conversions\x1b[0m\n'}
[1.184911] (rtabmap_conversions) StdoutLine: {'line': b'[100%] Built target rtabmap_conversions\n'}
[1.198312] (rtabmap_conversions) CommandEnded: {'returncode': 0}
[1.199738] (rtabmap_conversions) JobProgress: {'identifier': 'rtabmap_conversions', 'progress': 'install'}
[1.200519] (rtabmap_conversions) Command: {'cmd': ['/usr/bin/cmake', '--install', '/home/brace/codeSpace/navi/build/rtabmap_conversions'], 'cwd': '/home/brace/codeSpace/navi/build/rtabmap_conversions', 'env': OrderedDict([('LESSOPEN', '| /usr/bin/lesspipe %s'), ('LANGUAGE', 'zh_CN:zh:en_US:en'), ('USER', 'brace'), ('LC_TIME', 'zh_CN.UTF-8'), ('XDG_SESSION_TYPE', 'x11'), ('SHLVL', '1'), ('LD_LIBRARY_PATH', '/home/brace/codeSpace/navi/install/rtabmap_msgs/lib:/home/brace/codeSpace/navi/install/rtabmap/lib:/opt/ros/humble/opt/rviz_ogre_vendor/lib:/opt/ros/humble/lib/x86_64-linux-gnu:/opt/ros/humble/lib'), ('HOME', '/home/brace'), ('OLDPWD', '/home/brace'), ('DESKTOP_SESSION', 'ubuntu'), ('ROS_PYTHON_VERSION', '3'), ('GNOME_SHELL_SESSION_MODE', 'ubuntu'), ('GTK_MODULES', 'gail:atk-bridge'), ('LC_MONETARY', 'zh_CN.UTF-8'), ('SYSTEMD_EXEC_PID', '1661'), ('DBUS_SESSION_BUS_ADDRESS', 'unix:path=/run/user/1000/bus'), ('COLORTERM', 'truecolor'), ('MANDATORY_PATH', '/usr/share/gconf/ubuntu.mandatory.path'), ('ROS_DISTRO', 'humble'), ('GTK_IM_MODULE', 'ibus'), ('LOGNAME', 'brace'), ('_', '/usr/bin/colcon'), ('ROS_VERSION', '2'), ('XDG_SESSION_CLASS', 'user'), ('DEFAULTS_PATH', '/usr/share/gconf/ubuntu.default.path'), ('PKG_CONFIG_PATH', '/home/brace/codeSpace/navi/install/rtabmap/lib/x86_64-linux-gnu/pkgconfig:/home/brace/codeSpace/navi/install/rtabmap/lib/pkgconfig'), ('USERNAME', 'brace'), ('TERM', 'xterm-256color'), ('GNOME_DESKTOP_SESSION_ID', 'this-is-deprecated'), ('ROS_LOCALHOST_ONLY', '0'), ('WINDOWPATH', '2'), ('PATH', '/home/brace/codeSpace/navi/install/rtabmap/bin:/opt/ros/humble/bin:/usr/local/sbin:/usr/local/bin:/usr/sbin:/usr/bin:/sbin:/bin:/usr/games:/usr/local/games:/snap/bin:/snap/bin'), ('SESSION_MANAGER', 'local/brace-NUC13:@/tmp/.ICE-unix/1416,unix/brace-NUC13:/tmp/.ICE-unix/1416'), ('XDG_MENU_PREFIX', 'gnome-'), ('LC_ADDRESS', 'zh_CN.UTF-8'), ('GNOME_TERMINAL_SCREEN', '/org/gnome/Terminal/screen/c4f32225_e76e_4484_b663_a77ce475952b'), ('XDG_RUNTIME_DIR', '/run/user/1000'), ('DISPLAY', ':0'), ('LANG', 'zh_CN.UTF-8'), ('XDG_CURRENT_DESKTOP', 'ubuntu:GNOME'), ('LC_TELEPHONE', 'zh_CN.UTF-8'), ('XMODIFIERS', '@im=ibus'), ('XDG_SESSION_DESKTOP', 'ubuntu'), ('XAUTHORITY', '/run/user/1000/gdm/Xauthority'), ('LS_COLORS', 'rs=0:di=01;34:ln=01;36:mh=00:pi=40;33:so=01;35:do=01;35:bd=40;33;01:cd=40;33;01:or=40;31;01:mi=00:su=37;41:sg=30;43:ca=30;41:tw=30;42:ow=34;42:st=37;44:ex=01;32:*.tar=01;31:*.tgz=01;31:*.arc=01;31:*.arj=01;31:*.taz=01;31:*.lha=01;31:*.lz4=01;31:*.lzh=01;31:*.lzma=01;31:*.tlz=01;31:*.txz=01;31:*.tzo=01;31:*.t7z=01;31:*.zip=01;31:*.z=01;31:*.dz=01;31:*.gz=01;31:*.lrz=01;31:*.lz=01;31:*.lzo=01;31:*.xz=01;31:*.zst=01;31:*.tzst=01;31:*.bz2=01;31:*.bz=01;31:*.tbz=01;31:*.tbz2=01;31:*.tz=01;31:*.deb=01;31:*.rpm=01;31:*.jar=01;31:*.war=01;31:*.ear=01;31:*.sar=01;31:*.rar=01;31:*.alz=01;31:*.ace=01;31:*.zoo=01;31:*.cpio=01;31:*.7z=01;31:*.rz=01;31:*.cab=01;31:*.wim=01;31:*.swm=01;31:*.dwm=01;31:*.esd=01;31:*.jpg=01;35:*.jpeg=01;35:*.mjpg=01;35:*.mjpeg=01;35:*.gif=01;35:*.bmp=01;35:*.pbm=01;35:*.pgm=01;35:*.ppm=01;35:*.tga=01;35:*.xbm=01;35:*.xpm=01;35:*.tif=01;35:*.tiff=01;35:*.png=01;35:*.svg=01;35:*.svgz=01;35:*.mng=01;35:*.pcx=01;35:*.mov=01;35:*.mpg=01;35:*.mpeg=01;35:*.m2v=01;35:*.mkv=01;35:*.webm=01;35:*.webp=01;35:*.ogm=01;35:*.mp4=01;35:*.m4v=01;35:*.mp4v=01;35:*.vob=01;35:*.qt=01;35:*.nuv=01;35:*.wmv=01;35:*.asf=01;35:*.rm=01;35:*.rmvb=01;35:*.flc=01;35:*.avi=01;35:*.fli=01;35:*.flv=01;35:*.gl=01;35:*.dl=01;35:*.xcf=01;35:*.xwd=01;35:*.yuv=01;35:*.cgm=01;35:*.emf=01;35:*.ogv=01;35:*.ogx=01;35:*.aac=00;36:*.au=00;36:*.flac=00;36:*.m4a=00;36:*.mid=00;36:*.midi=00;36:*.mka=00;36:*.mp3=00;36:*.mpc=00;36:*.ogg=00;36:*.ra=00;36:*.wav=00;36:*.oga=00;36:*.opus=00;36:*.spx=00;36:*.xspf=00;36:'), ('GNOME_TERMINAL_SERVICE', ':1.117'), ('SSH_AGENT_LAUNCHER', 'gnome-keyring'), ('SSH_AUTH_SOCK', '/run/user/1000/keyring/ssh'), ('AMENT_PREFIX_PATH', '/home/brace/codeSpace/navi/install/rtabmap_msgs:/opt/ros/humble'), ('SHELL', '/bin/bash'), ('LC_NAME', 'zh_CN.UTF-8'), ('QT_ACCESSIBILITY', '1'), ('GDMSESSION', 'ubuntu'), ('LESSCLOSE', '/usr/bin/lesspipe %s %s'), ('LC_MEASUREMENT', 'zh_CN.UTF-8'), ('GPG_AGENT_INFO', '/run/user/1000/gnupg/S.gpg-agent:0:1'), ('LC_IDENTIFICATION', 'zh_CN.UTF-8'), ('QT_IM_MODULE', 'ibus'), ('PWD', '/home/brace/codeSpace/navi/build/rtabmap_conversions'), ('XDG_CONFIG_DIRS', '/etc/xdg/xdg-ubuntu:/etc/xdg'), ('XDG_DATA_DIRS', '/usr/share/ubuntu:/usr/share/gnome:/usr/local/share/:/usr/share/:/var/lib/snapd/desktop'), ('PYTHONPATH', '/home/brace/codeSpace/navi/install/rtabmap_msgs/local/lib/python3.10/dist-packages:/opt/ros/humble/lib/python3.10/site-packages:/opt/ros/humble/local/lib/python3.10/dist-packages'), ('LC_NUMERIC', 'zh_CN.UTF-8'), ('LC_PAPER', 'zh_CN.UTF-8'), ('COLCON', '1'), ('VTE_VERSION', '6800'), ('CMAKE_PREFIX_PATH', '/home/brace/codeSpace/navi/install/rtabmap_msgs:/home/brace/codeSpace/navi/install/rtabmap:/opt/ros/humble')]), 'shell': False}
[1.202094] (-) TimerEvent: {}
[1.212280] (rtabmap_conversions) StdoutLine: {'line': b'-- Install configuration: "Release"\n'}
[1.213262] (rtabmap_conversions) StdoutLine: {'line': b'-- Execute custom install script\n'}
[1.214103] (rtabmap_conversions) StdoutLine: {'line': b'-- Up-to-date symlink: /home/brace/codeSpace/navi/install/rtabmap_conversions/share/rtabmap_conversions/environment/library_path.sh\n'}
[1.214502] (rtabmap_conversions) StdoutLine: {'line': b'-- Up-to-date symlink: /home/brace/codeSpace/navi/install/rtabmap_conversions/share/rtabmap_conversions/environment/library_path.dsv\n'}
[1.215154] (rtabmap_conversions) StdoutLine: {'line': b'-- Up-to-date symlink: /home/brace/codeSpace/navi/install/rtabmap_conversions/share/ament_index/resource_index/package_run_dependencies/rtabmap_conversions\n'}
[1.215757] (rtabmap_conversions) StdoutLine: {'line': b'-- Up-to-date symlink: /home/brace/codeSpace/navi/install/rtabmap_conversions/share/ament_index/resource_index/parent_prefix_path/rtabmap_conversions\n'}
[1.216086] (rtabmap_conversions) StdoutLine: {'line': b'-- Up-to-date symlink: /home/brace/codeSpace/navi/install/rtabmap_conversions/share/rtabmap_conversions/environment/ament_prefix_path.sh\n'}
[1.216361] (rtabmap_conversions) StdoutLine: {'line': b'-- Up-to-date symlink: /home/brace/codeSpace/navi/install/rtabmap_conversions/share/rtabmap_conversions/environment/ament_prefix_path.dsv\n'}
[1.216634] (rtabmap_conversions) StdoutLine: {'line': b'-- Up-to-date symlink: /home/brace/codeSpace/navi/install/rtabmap_conversions/share/rtabmap_conversions/environment/path.sh\n'}
[1.216892] (rtabmap_conversions) StdoutLine: {'line': b'-- Up-to-date symlink: /home/brace/codeSpace/navi/install/rtabmap_conversions/share/rtabmap_conversions/environment/path.dsv\n'}
[1.217141] (rtabmap_conversions) StdoutLine: {'line': b'-- Up-to-date symlink: /home/brace/codeSpace/navi/install/rtabmap_conversions/share/rtabmap_conversions/local_setup.bash\n'}
[1.217396] (rtabmap_conversions) StdoutLine: {'line': b'-- Up-to-date symlink: /home/brace/codeSpace/navi/install/rtabmap_conversions/share/rtabmap_conversions/local_setup.sh\n'}
[1.217571] (rtabmap_conversions) StdoutLine: {'line': b'-- Up-to-date symlink: /home/brace/codeSpace/navi/install/rtabmap_conversions/share/rtabmap_conversions/local_setup.zsh\n'}
[1.217752] (rtabmap_conversions) StdoutLine: {'line': b'-- Up-to-date symlink: /home/brace/codeSpace/navi/install/rtabmap_conversions/share/rtabmap_conversions/local_setup.dsv\n'}
[1.217874] (rtabmap_conversions) StdoutLine: {'line': b'-- Symlinking: /home/brace/codeSpace/navi/install/rtabmap_conversions/share/rtabmap_conversions/package.dsv\n'}
[1.230127] (rtabmap_conversions) StdoutLine: {'line': b'-- Up-to-date symlink: /home/brace/codeSpace/navi/install/rtabmap_conversions/share/ament_index/resource_index/packages/rtabmap_conversions\n'}
[1.230363] (rtabmap_conversions) StdoutLine: {'line': b'-- Up-to-date symlink: /home/brace/codeSpace/navi/install/rtabmap_conversions/share/rtabmap_conversions/cmake/ament_cmake_export_dependencies-extras.cmake\n'}
[1.230479] (rtabmap_conversions) StdoutLine: {'line': b'-- Up-to-date symlink: /home/brace/codeSpace/navi/install/rtabmap_conversions/share/rtabmap_conversions/cmake/ament_cmake_export_include_directories-extras.cmake\n'}
[1.230636] (rtabmap_conversions) StdoutLine: {'line': b'-- Up-to-date symlink: /home/brace/codeSpace/navi/install/rtabmap_conversions/share/rtabmap_conversions/cmake/ament_cmake_export_targets-extras.cmake\n'}
[1.230828] (rtabmap_conversions) StdoutLine: {'line': b'-- Up-to-date symlink: /home/brace/codeSpace/navi/install/rtabmap_conversions/share/rtabmap_conversions/cmake/ament_cmake_export_libraries-extras.cmake\n'}
[1.231068] (rtabmap_conversions) StdoutLine: {'line': b'-- Up-to-date symlink: /home/brace/codeSpace/navi/install/rtabmap_conversions/share/rtabmap_conversions/cmake/rtabmap_conversionsConfig.cmake\n'}
[1.231191] (rtabmap_conversions) StdoutLine: {'line': b'-- Up-to-date symlink: /home/brace/codeSpace/navi/install/rtabmap_conversions/share/rtabmap_conversions/cmake/rtabmap_conversionsConfig-version.cmake\n'}
[1.231422] (rtabmap_conversions) StdoutLine: {'line': b'-- Up-to-date symlink: /home/brace/codeSpace/navi/install/rtabmap_conversions/share/rtabmap_conversions/package.xml\n'}
[1.232221] (rtabmap_conversions) StdoutLine: {'line': b'-- Up-to-date: /home/brace/codeSpace/navi/install/rtabmap_conversions/lib/librtabmap_conversions.so\n'}
[1.232440] (rtabmap_conversions) StdoutLine: {'line': b'-- Up-to-date: /home/brace/codeSpace/navi/install/rtabmap_conversions/include\n'}
[1.232527] (rtabmap_conversions) StdoutLine: {'line': b'-- Up-to-date: /home/brace/codeSpace/navi/install/rtabmap_conversions/include/rtabmap_conversions\n'}
[1.232623] (rtabmap_conversions) StdoutLine: {'line': b'-- Up-to-date: /home/brace/codeSpace/navi/install/rtabmap_conversions/include/rtabmap_conversions/MsgConversion.h\n'}
[1.233267] (rtabmap_conversions) StdoutLine: {'line': b'-- Up-to-date: /home/brace/codeSpace/navi/install/rtabmap_conversions/share/rtabmap_conversions/cmake/rtabmap_conversionsExport.cmake\n'}
[1.233358] (rtabmap_conversions) StdoutLine: {'line': b'-- Up-to-date: /home/brace/codeSpace/navi/install/rtabmap_conversions/share/rtabmap_conversions/cmake/rtabmap_conversionsExport-release.cmake\n'}
[1.236059] (rtabmap_conversions) CommandEnded: {'returncode': 0}
[1.256213] (rtabmap_conversions) JobEnded: {'identifier': 'rtabmap_conversions', 'rc': 0}
[1.257371] (rtabmap_sync) JobStarted: {'identifier': 'rtabmap_sync'}
[1.260764] (rtabmap_util) JobStarted: {'identifier': 'rtabmap_util'}
[1.265693] (rtabmap_rviz_plugins) JobStarted: {'identifier': 'rtabmap_rviz_plugins'}
[1.271975] (rtabmap_sync) JobProgress: {'identifier': 'rtabmap_sync', 'progress': 'cmake'}
[1.273705] (rtabmap_sync) JobProgress: {'identifier': 'rtabmap_sync', 'progress': 'build'}
[1.274451] (rtabmap_sync) Command: {'cmd': ['/usr/bin/cmake', '--build', '/home/brace/codeSpace/navi/build/rtabmap_sync', '--', '-j16', '-l16'], 'cwd': '/home/brace/codeSpace/navi/build/rtabmap_sync', 'env': OrderedDict([('LESSOPEN', '| /usr/bin/lesspipe %s'), ('LANGUAGE', 'zh_CN:zh:en_US:en'), ('USER', 'brace'), ('LC_TIME', 'zh_CN.UTF-8'), ('XDG_SESSION_TYPE', 'x11'), ('SHLVL', '1'), ('LD_LIBRARY_PATH', '/home/brace/codeSpace/navi/install/rtabmap_conversions/lib:/home/brace/codeSpace/navi/install/rtabmap_msgs/lib:/home/brace/codeSpace/navi/install/rtabmap/lib:/opt/ros/humble/opt/rviz_ogre_vendor/lib:/opt/ros/humble/lib/x86_64-linux-gnu:/opt/ros/humble/lib'), ('HOME', '/home/brace'), ('OLDPWD', '/home/brace'), ('DESKTOP_SESSION', 'ubuntu'), ('ROS_PYTHON_VERSION', '3'), ('GNOME_SHELL_SESSION_MODE', 'ubuntu'), ('GTK_MODULES', 'gail:atk-bridge'), ('LC_MONETARY', 'zh_CN.UTF-8'), ('SYSTEMD_EXEC_PID', '1661'), ('DBUS_SESSION_BUS_ADDRESS', 'unix:path=/run/user/1000/bus'), ('COLORTERM', 'truecolor'), ('MANDATORY_PATH', '/usr/share/gconf/ubuntu.mandatory.path'), ('ROS_DISTRO', 'humble'), ('GTK_IM_MODULE', 'ibus'), ('LOGNAME', 'brace'), ('_', '/usr/bin/colcon'), ('ROS_VERSION', '2'), ('XDG_SESSION_CLASS', 'user'), ('DEFAULTS_PATH', '/usr/share/gconf/ubuntu.default.path'), ('PKG_CONFIG_PATH', '/home/brace/codeSpace/navi/install/rtabmap/lib/x86_64-linux-gnu/pkgconfig:/home/brace/codeSpace/navi/install/rtabmap/lib/pkgconfig'), ('USERNAME', 'brace'), ('TERM', 'xterm-256color'), ('GNOME_DESKTOP_SESSION_ID', 'this-is-deprecated'), ('ROS_LOCALHOST_ONLY', '0'), ('WINDOWPATH', '2'), ('PATH', '/home/brace/codeSpace/navi/install/rtabmap/bin:/opt/ros/humble/bin:/usr/local/sbin:/usr/local/bin:/usr/sbin:/usr/bin:/sbin:/bin:/usr/games:/usr/local/games:/snap/bin:/snap/bin'), ('SESSION_MANAGER', 'local/brace-NUC13:@/tmp/.ICE-unix/1416,unix/brace-NUC13:/tmp/.ICE-unix/1416'), ('XDG_MENU_PREFIX', 'gnome-'), ('LC_ADDRESS', 'zh_CN.UTF-8'), ('GNOME_TERMINAL_SCREEN', '/org/gnome/Terminal/screen/c4f32225_e76e_4484_b663_a77ce475952b'), ('XDG_RUNTIME_DIR', '/run/user/1000'), ('DISPLAY', ':0'), ('LANG', 'zh_CN.UTF-8'), ('XDG_CURRENT_DESKTOP', 'ubuntu:GNOME'), ('LC_TELEPHONE', 'zh_CN.UTF-8'), ('XMODIFIERS', '@im=ibus'), ('XDG_SESSION_DESKTOP', 'ubuntu'), ('XAUTHORITY', '/run/user/1000/gdm/Xauthority'), ('LS_COLORS', 'rs=0:di=01;34:ln=01;36:mh=00:pi=40;33:so=01;35:do=01;35:bd=40;33;01:cd=40;33;01:or=40;31;01:mi=00:su=37;41:sg=30;43:ca=30;41:tw=30;42:ow=34;42:st=37;44:ex=01;32:*.tar=01;31:*.tgz=01;31:*.arc=01;31:*.arj=01;31:*.taz=01;31:*.lha=01;31:*.lz4=01;31:*.lzh=01;31:*.lzma=01;31:*.tlz=01;31:*.txz=01;31:*.tzo=01;31:*.t7z=01;31:*.zip=01;31:*.z=01;31:*.dz=01;31:*.gz=01;31:*.lrz=01;31:*.lz=01;31:*.lzo=01;31:*.xz=01;31:*.zst=01;31:*.tzst=01;31:*.bz2=01;31:*.bz=01;31:*.tbz=01;31:*.tbz2=01;31:*.tz=01;31:*.deb=01;31:*.rpm=01;31:*.jar=01;31:*.war=01;31:*.ear=01;31:*.sar=01;31:*.rar=01;31:*.alz=01;31:*.ace=01;31:*.zoo=01;31:*.cpio=01;31:*.7z=01;31:*.rz=01;31:*.cab=01;31:*.wim=01;31:*.swm=01;31:*.dwm=01;31:*.esd=01;31:*.jpg=01;35:*.jpeg=01;35:*.mjpg=01;35:*.mjpeg=01;35:*.gif=01;35:*.bmp=01;35:*.pbm=01;35:*.pgm=01;35:*.ppm=01;35:*.tga=01;35:*.xbm=01;35:*.xpm=01;35:*.tif=01;35:*.tiff=01;35:*.png=01;35:*.svg=01;35:*.svgz=01;35:*.mng=01;35:*.pcx=01;35:*.mov=01;35:*.mpg=01;35:*.mpeg=01;35:*.m2v=01;35:*.mkv=01;35:*.webm=01;35:*.webp=01;35:*.ogm=01;35:*.mp4=01;35:*.m4v=01;35:*.mp4v=01;35:*.vob=01;35:*.qt=01;35:*.nuv=01;35:*.wmv=01;35:*.asf=01;35:*.rm=01;35:*.rmvb=01;35:*.flc=01;35:*.avi=01;35:*.fli=01;35:*.flv=01;35:*.gl=01;35:*.dl=01;35:*.xcf=01;35:*.xwd=01;35:*.yuv=01;35:*.cgm=01;35:*.emf=01;35:*.ogv=01;35:*.ogx=01;35:*.aac=00;36:*.au=00;36:*.flac=00;36:*.m4a=00;36:*.mid=00;36:*.midi=00;36:*.mka=00;36:*.mp3=00;36:*.mpc=00;36:*.ogg=00;36:*.ra=00;36:*.wav=00;36:*.oga=00;36:*.opus=00;36:*.spx=00;36:*.xspf=00;36:'), ('GNOME_TERMINAL_SERVICE', ':1.117'), ('SSH_AGENT_LAUNCHER', 'gnome-keyring'), ('SSH_AUTH_SOCK', '/run/user/1000/keyring/ssh'), ('AMENT_PREFIX_PATH', '/home/brace/codeSpace/navi/install/rtabmap_conversions:/home/brace/codeSpace/navi/install/rtabmap_msgs:/opt/ros/humble'), ('SHELL', '/bin/bash'), ('LC_NAME', 'zh_CN.UTF-8'), ('QT_ACCESSIBILITY', '1'), ('GDMSESSION', 'ubuntu'), ('LESSCLOSE', '/usr/bin/lesspipe %s %s'), ('LC_MEASUREMENT', 'zh_CN.UTF-8'), ('GPG_AGENT_INFO', '/run/user/1000/gnupg/S.gpg-agent:0:1'), ('LC_IDENTIFICATION', 'zh_CN.UTF-8'), ('QT_IM_MODULE', 'ibus'), ('PWD', '/home/brace/codeSpace/navi/build/rtabmap_sync'), ('XDG_CONFIG_DIRS', '/etc/xdg/xdg-ubuntu:/etc/xdg'), ('XDG_DATA_DIRS', '/usr/share/ubuntu:/usr/share/gnome:/usr/local/share/:/usr/share/:/var/lib/snapd/desktop'), ('PYTHONPATH', '/home/brace/codeSpace/navi/install/rtabmap_msgs/local/lib/python3.10/dist-packages:/opt/ros/humble/lib/python3.10/site-packages:/opt/ros/humble/local/lib/python3.10/dist-packages'), ('LC_NUMERIC', 'zh_CN.UTF-8'), ('LC_PAPER', 'zh_CN.UTF-8'), ('COLCON', '1'), ('VTE_VERSION', '6800'), ('CMAKE_PREFIX_PATH', '/home/brace/codeSpace/navi/install/rtabmap_conversions:/home/brace/codeSpace/navi/install/rtabmap_msgs:/home/brace/codeSpace/navi/install/rtabmap:/opt/ros/humble')]), 'shell': False}
[1.277142] (rtabmap_util) JobProgress: {'identifier': 'rtabmap_util', 'progress': 'cmake'}
[1.278699] (rtabmap_util) JobProgress: {'identifier': 'rtabmap_util', 'progress': 'build'}
[1.279303] (rtabmap_util) Command: {'cmd': ['/usr/bin/cmake', '--build', '/home/brace/codeSpace/navi/build/rtabmap_util', '--', '-j16', '-l16'], 'cwd': '/home/brace/codeSpace/navi/build/rtabmap_util', 'env': OrderedDict([('LESSOPEN', '| /usr/bin/lesspipe %s'), ('LANGUAGE', 'zh_CN:zh:en_US:en'), ('USER', 'brace'), ('LC_TIME', 'zh_CN.UTF-8'), ('XDG_SESSION_TYPE', 'x11'), ('SHLVL', '1'), ('LD_LIBRARY_PATH', '/home/brace/codeSpace/navi/install/rtabmap_conversions/lib:/home/brace/codeSpace/navi/install/rtabmap_msgs/lib:/home/brace/codeSpace/navi/install/rtabmap/lib:/opt/ros/humble/opt/rviz_ogre_vendor/lib:/opt/ros/humble/lib/x86_64-linux-gnu:/opt/ros/humble/lib'), ('HOME', '/home/brace'), ('OLDPWD', '/home/brace'), ('DESKTOP_SESSION', 'ubuntu'), ('ROS_PYTHON_VERSION', '3'), ('GNOME_SHELL_SESSION_MODE', 'ubuntu'), ('GTK_MODULES', 'gail:atk-bridge'), ('LC_MONETARY', 'zh_CN.UTF-8'), ('SYSTEMD_EXEC_PID', '1661'), ('DBUS_SESSION_BUS_ADDRESS', 'unix:path=/run/user/1000/bus'), ('COLORTERM', 'truecolor'), ('MANDATORY_PATH', '/usr/share/gconf/ubuntu.mandatory.path'), ('ROS_DISTRO', 'humble'), ('GTK_IM_MODULE', 'ibus'), ('LOGNAME', 'brace'), ('_', '/usr/bin/colcon'), ('ROS_VERSION', '2'), ('XDG_SESSION_CLASS', 'user'), ('DEFAULTS_PATH', '/usr/share/gconf/ubuntu.default.path'), ('PKG_CONFIG_PATH', '/home/brace/codeSpace/navi/install/rtabmap/lib/x86_64-linux-gnu/pkgconfig:/home/brace/codeSpace/navi/install/rtabmap/lib/pkgconfig'), ('USERNAME', 'brace'), ('TERM', 'xterm-256color'), ('GNOME_DESKTOP_SESSION_ID', 'this-is-deprecated'), ('ROS_LOCALHOST_ONLY', '0'), ('WINDOWPATH', '2'), ('PATH', '/home/brace/codeSpace/navi/install/rtabmap/bin:/opt/ros/humble/bin:/usr/local/sbin:/usr/local/bin:/usr/sbin:/usr/bin:/sbin:/bin:/usr/games:/usr/local/games:/snap/bin:/snap/bin'), ('SESSION_MANAGER', 'local/brace-NUC13:@/tmp/.ICE-unix/1416,unix/brace-NUC13:/tmp/.ICE-unix/1416'), ('XDG_MENU_PREFIX', 'gnome-'), ('LC_ADDRESS', 'zh_CN.UTF-8'), ('GNOME_TERMINAL_SCREEN', '/org/gnome/Terminal/screen/c4f32225_e76e_4484_b663_a77ce475952b'), ('XDG_RUNTIME_DIR', '/run/user/1000'), ('DISPLAY', ':0'), ('LANG', 'zh_CN.UTF-8'), ('XDG_CURRENT_DESKTOP', 'ubuntu:GNOME'), ('LC_TELEPHONE', 'zh_CN.UTF-8'), ('XMODIFIERS', '@im=ibus'), ('XDG_SESSION_DESKTOP', 'ubuntu'), ('XAUTHORITY', '/run/user/1000/gdm/Xauthority'), ('LS_COLORS', 'rs=0:di=01;34:ln=01;36:mh=00:pi=40;33:so=01;35:do=01;35:bd=40;33;01:cd=40;33;01:or=40;31;01:mi=00:su=37;41:sg=30;43:ca=30;41:tw=30;42:ow=34;42:st=37;44:ex=01;32:*.tar=01;31:*.tgz=01;31:*.arc=01;31:*.arj=01;31:*.taz=01;31:*.lha=01;31:*.lz4=01;31:*.lzh=01;31:*.lzma=01;31:*.tlz=01;31:*.txz=01;31:*.tzo=01;31:*.t7z=01;31:*.zip=01;31:*.z=01;31:*.dz=01;31:*.gz=01;31:*.lrz=01;31:*.lz=01;31:*.lzo=01;31:*.xz=01;31:*.zst=01;31:*.tzst=01;31:*.bz2=01;31:*.bz=01;31:*.tbz=01;31:*.tbz2=01;31:*.tz=01;31:*.deb=01;31:*.rpm=01;31:*.jar=01;31:*.war=01;31:*.ear=01;31:*.sar=01;31:*.rar=01;31:*.alz=01;31:*.ace=01;31:*.zoo=01;31:*.cpio=01;31:*.7z=01;31:*.rz=01;31:*.cab=01;31:*.wim=01;31:*.swm=01;31:*.dwm=01;31:*.esd=01;31:*.jpg=01;35:*.jpeg=01;35:*.mjpg=01;35:*.mjpeg=01;35:*.gif=01;35:*.bmp=01;35:*.pbm=01;35:*.pgm=01;35:*.ppm=01;35:*.tga=01;35:*.xbm=01;35:*.xpm=01;35:*.tif=01;35:*.tiff=01;35:*.png=01;35:*.svg=01;35:*.svgz=01;35:*.mng=01;35:*.pcx=01;35:*.mov=01;35:*.mpg=01;35:*.mpeg=01;35:*.m2v=01;35:*.mkv=01;35:*.webm=01;35:*.webp=01;35:*.ogm=01;35:*.mp4=01;35:*.m4v=01;35:*.mp4v=01;35:*.vob=01;35:*.qt=01;35:*.nuv=01;35:*.wmv=01;35:*.asf=01;35:*.rm=01;35:*.rmvb=01;35:*.flc=01;35:*.avi=01;35:*.fli=01;35:*.flv=01;35:*.gl=01;35:*.dl=01;35:*.xcf=01;35:*.xwd=01;35:*.yuv=01;35:*.cgm=01;35:*.emf=01;35:*.ogv=01;35:*.ogx=01;35:*.aac=00;36:*.au=00;36:*.flac=00;36:*.m4a=00;36:*.mid=00;36:*.midi=00;36:*.mka=00;36:*.mp3=00;36:*.mpc=00;36:*.ogg=00;36:*.ra=00;36:*.wav=00;36:*.oga=00;36:*.opus=00;36:*.spx=00;36:*.xspf=00;36:'), ('GNOME_TERMINAL_SERVICE', ':1.117'), ('SSH_AGENT_LAUNCHER', 'gnome-keyring'), ('SSH_AUTH_SOCK', '/run/user/1000/keyring/ssh'), ('AMENT_PREFIX_PATH', '/home/brace/codeSpace/navi/install/rtabmap_conversions:/home/brace/codeSpace/navi/install/rtabmap_msgs:/opt/ros/humble'), ('SHELL', '/bin/bash'), ('LC_NAME', 'zh_CN.UTF-8'), ('QT_ACCESSIBILITY', '1'), ('GDMSESSION', 'ubuntu'), ('LESSCLOSE', '/usr/bin/lesspipe %s %s'), ('LC_MEASUREMENT', 'zh_CN.UTF-8'), ('GPG_AGENT_INFO', '/run/user/1000/gnupg/S.gpg-agent:0:1'), ('LC_IDENTIFICATION', 'zh_CN.UTF-8'), ('QT_IM_MODULE', 'ibus'), ('PWD', '/home/brace/codeSpace/navi/build/rtabmap_util'), ('XDG_CONFIG_DIRS', '/etc/xdg/xdg-ubuntu:/etc/xdg'), ('XDG_DATA_DIRS', '/usr/share/ubuntu:/usr/share/gnome:/usr/local/share/:/usr/share/:/var/lib/snapd/desktop'), ('PYTHONPATH', '/home/brace/codeSpace/navi/install/rtabmap_msgs/local/lib/python3.10/dist-packages:/opt/ros/humble/lib/python3.10/site-packages:/opt/ros/humble/local/lib/python3.10/dist-packages'), ('LC_NUMERIC', 'zh_CN.UTF-8'), ('LC_PAPER', 'zh_CN.UTF-8'), ('COLCON', '1'), ('VTE_VERSION', '6800'), ('CMAKE_PREFIX_PATH', '/home/brace/codeSpace/navi/install/rtabmap_conversions:/home/brace/codeSpace/navi/install/rtabmap_msgs:/home/brace/codeSpace/navi/install/rtabmap:/opt/ros/humble')]), 'shell': False}
[1.281813] (rtabmap_rviz_plugins) JobProgress: {'identifier': 'rtabmap_rviz_plugins', 'progress': 'cmake'}
[1.284079] (rtabmap_rviz_plugins) JobProgress: {'identifier': 'rtabmap_rviz_plugins', 'progress': 'build'}
[1.284996] (rtabmap_rviz_plugins) Command: {'cmd': ['/usr/bin/cmake', '--build', '/home/brace/codeSpace/navi/build/rtabmap_rviz_plugins', '--', '-j16', '-l16'], 'cwd': '/home/brace/codeSpace/navi/build/rtabmap_rviz_plugins', 'env': OrderedDict([('LESSOPEN', '| /usr/bin/lesspipe %s'), ('LANGUAGE', 'zh_CN:zh:en_US:en'), ('USER', 'brace'), ('LC_TIME', 'zh_CN.UTF-8'), ('XDG_SESSION_TYPE', 'x11'), ('SHLVL', '1'), ('LD_LIBRARY_PATH', '/home/brace/codeSpace/navi/install/rtabmap_conversions/lib:/home/brace/codeSpace/navi/install/rtabmap_msgs/lib:/home/brace/codeSpace/navi/install/rtabmap/lib:/opt/ros/humble/opt/rviz_ogre_vendor/lib:/opt/ros/humble/lib/x86_64-linux-gnu:/opt/ros/humble/lib'), ('HOME', '/home/brace'), ('OLDPWD', '/home/brace'), ('DESKTOP_SESSION', 'ubuntu'), ('ROS_PYTHON_VERSION', '3'), ('GNOME_SHELL_SESSION_MODE', 'ubuntu'), ('GTK_MODULES', 'gail:atk-bridge'), ('LC_MONETARY', 'zh_CN.UTF-8'), ('SYSTEMD_EXEC_PID', '1661'), ('DBUS_SESSION_BUS_ADDRESS', 'unix:path=/run/user/1000/bus'), ('COLORTERM', 'truecolor'), ('MANDATORY_PATH', '/usr/share/gconf/ubuntu.mandatory.path'), ('ROS_DISTRO', 'humble'), ('GTK_IM_MODULE', 'ibus'), ('LOGNAME', 'brace'), ('_', '/usr/bin/colcon'), ('ROS_VERSION', '2'), ('XDG_SESSION_CLASS', 'user'), ('DEFAULTS_PATH', '/usr/share/gconf/ubuntu.default.path'), ('PKG_CONFIG_PATH', '/home/brace/codeSpace/navi/install/rtabmap/lib/x86_64-linux-gnu/pkgconfig:/home/brace/codeSpace/navi/install/rtabmap/lib/pkgconfig'), ('USERNAME', 'brace'), ('TERM', 'xterm-256color'), ('GNOME_DESKTOP_SESSION_ID', 'this-is-deprecated'), ('ROS_LOCALHOST_ONLY', '0'), ('WINDOWPATH', '2'), ('PATH', '/home/brace/codeSpace/navi/install/rtabmap/bin:/opt/ros/humble/bin:/usr/local/sbin:/usr/local/bin:/usr/sbin:/usr/bin:/sbin:/bin:/usr/games:/usr/local/games:/snap/bin:/snap/bin'), ('SESSION_MANAGER', 'local/brace-NUC13:@/tmp/.ICE-unix/1416,unix/brace-NUC13:/tmp/.ICE-unix/1416'), ('XDG_MENU_PREFIX', 'gnome-'), ('LC_ADDRESS', 'zh_CN.UTF-8'), ('GNOME_TERMINAL_SCREEN', '/org/gnome/Terminal/screen/c4f32225_e76e_4484_b663_a77ce475952b'), ('XDG_RUNTIME_DIR', '/run/user/1000'), ('DISPLAY', ':0'), ('LANG', 'zh_CN.UTF-8'), ('XDG_CURRENT_DESKTOP', 'ubuntu:GNOME'), ('LC_TELEPHONE', 'zh_CN.UTF-8'), ('XMODIFIERS', '@im=ibus'), ('XDG_SESSION_DESKTOP', 'ubuntu'), ('XAUTHORITY', '/run/user/1000/gdm/Xauthority'), ('LS_COLORS', 'rs=0:di=01;34:ln=01;36:mh=00:pi=40;33:so=01;35:do=01;35:bd=40;33;01:cd=40;33;01:or=40;31;01:mi=00:su=37;41:sg=30;43:ca=30;41:tw=30;42:ow=34;42:st=37;44:ex=01;32:*.tar=01;31:*.tgz=01;31:*.arc=01;31:*.arj=01;31:*.taz=01;31:*.lha=01;31:*.lz4=01;31:*.lzh=01;31:*.lzma=01;31:*.tlz=01;31:*.txz=01;31:*.tzo=01;31:*.t7z=01;31:*.zip=01;31:*.z=01;31:*.dz=01;31:*.gz=01;31:*.lrz=01;31:*.lz=01;31:*.lzo=01;31:*.xz=01;31:*.zst=01;31:*.tzst=01;31:*.bz2=01;31:*.bz=01;31:*.tbz=01;31:*.tbz2=01;31:*.tz=01;31:*.deb=01;31:*.rpm=01;31:*.jar=01;31:*.war=01;31:*.ear=01;31:*.sar=01;31:*.rar=01;31:*.alz=01;31:*.ace=01;31:*.zoo=01;31:*.cpio=01;31:*.7z=01;31:*.rz=01;31:*.cab=01;31:*.wim=01;31:*.swm=01;31:*.dwm=01;31:*.esd=01;31:*.jpg=01;35:*.jpeg=01;35:*.mjpg=01;35:*.mjpeg=01;35:*.gif=01;35:*.bmp=01;35:*.pbm=01;35:*.pgm=01;35:*.ppm=01;35:*.tga=01;35:*.xbm=01;35:*.xpm=01;35:*.tif=01;35:*.tiff=01;35:*.png=01;35:*.svg=01;35:*.svgz=01;35:*.mng=01;35:*.pcx=01;35:*.mov=01;35:*.mpg=01;35:*.mpeg=01;35:*.m2v=01;35:*.mkv=01;35:*.webm=01;35:*.webp=01;35:*.ogm=01;35:*.mp4=01;35:*.m4v=01;35:*.mp4v=01;35:*.vob=01;35:*.qt=01;35:*.nuv=01;35:*.wmv=01;35:*.asf=01;35:*.rm=01;35:*.rmvb=01;35:*.flc=01;35:*.avi=01;35:*.fli=01;35:*.flv=01;35:*.gl=01;35:*.dl=01;35:*.xcf=01;35:*.xwd=01;35:*.yuv=01;35:*.cgm=01;35:*.emf=01;35:*.ogv=01;35:*.ogx=01;35:*.aac=00;36:*.au=00;36:*.flac=00;36:*.m4a=00;36:*.mid=00;36:*.midi=00;36:*.mka=00;36:*.mp3=00;36:*.mpc=00;36:*.ogg=00;36:*.ra=00;36:*.wav=00;36:*.oga=00;36:*.opus=00;36:*.spx=00;36:*.xspf=00;36:'), ('GNOME_TERMINAL_SERVICE', ':1.117'), ('SSH_AGENT_LAUNCHER', 'gnome-keyring'), ('SSH_AUTH_SOCK', '/run/user/1000/keyring/ssh'), ('AMENT_PREFIX_PATH', '/home/brace/codeSpace/navi/install/rtabmap_conversions:/home/brace/codeSpace/navi/install/rtabmap_msgs:/opt/ros/humble'), ('SHELL', '/bin/bash'), ('LC_NAME', 'zh_CN.UTF-8'), ('QT_ACCESSIBILITY', '1'), ('GDMSESSION', 'ubuntu'), ('LESSCLOSE', '/usr/bin/lesspipe %s %s'), ('LC_MEASUREMENT', 'zh_CN.UTF-8'), ('GPG_AGENT_INFO', '/run/user/1000/gnupg/S.gpg-agent:0:1'), ('LC_IDENTIFICATION', 'zh_CN.UTF-8'), ('QT_IM_MODULE', 'ibus'), ('PWD', '/home/brace/codeSpace/navi/build/rtabmap_rviz_plugins'), ('XDG_CONFIG_DIRS', '/etc/xdg/xdg-ubuntu:/etc/xdg'), ('XDG_DATA_DIRS', '/usr/share/ubuntu:/usr/share/gnome:/usr/local/share/:/usr/share/:/var/lib/snapd/desktop'), ('PYTHONPATH', '/home/brace/codeSpace/navi/install/rtabmap_msgs/local/lib/python3.10/dist-packages:/opt/ros/humble/lib/python3.10/site-packages:/opt/ros/humble/local/lib/python3.10/dist-packages'), ('LC_NUMERIC', 'zh_CN.UTF-8'), ('LC_PAPER', 'zh_CN.UTF-8'), ('COLCON', '1'), ('VTE_VERSION', '6800'), ('CMAKE_PREFIX_PATH', '/home/brace/codeSpace/navi/install/rtabmap_conversions:/home/brace/codeSpace/navi/install/rtabmap_msgs:/home/brace/codeSpace/navi/install/rtabmap:/opt/ros/humble')]), 'shell': False}
[1.302231] (-) TimerEvent: {}
[1.349231] (rtabmap_sync) StdoutLine: {'line': b'[  8%] \x1b[32mBuilding CXX object CMakeFiles/rtabmap_sync_plugins.dir/src/nodelets/rgbd_sync.cpp.o\x1b[0m\n'}
[1.353665] (rtabmap_sync) StdoutLine: {'line': b'[  4%] \x1b[32mBuilding CXX object CMakeFiles/rtabmap_sync_plugins.dir/src/nodelets/rgb_sync.cpp.o\x1b[0m\n'}
[1.354209] (rtabmap_sync) StdoutLine: {'line': b'[ 13%] \x1b[32mBuilding CXX object CMakeFiles/rtabmap_sync_plugins.dir/src/nodelets/stereo_sync.cpp.o\x1b[0m\n'}
[1.354457] (rtabmap_sync) StdoutLine: {'line': b'[ 17%] \x1b[32mBuilding CXX object CMakeFiles/rtabmap_sync_plugins.dir/src/nodelets/rgbdx_sync.cpp.o\x1b[0m\n'}
[1.354649] (rtabmap_util) StdoutLine: {'line': b'[  2%] \x1b[32mBuilding CXX object CMakeFiles/rtabmap_util_plugins.dir/src/MapsManager.cpp.o\x1b[0m\n'}
[1.354895] (rtabmap_util) StdoutLine: {'line': b'[  5%] \x1b[32mBuilding CXX object CMakeFiles/rtabmap_util_plugins.dir/src/nodelets/point_cloud_xyzrgb.cpp.o\x1b[0m\n'}
[1.355078] (rtabmap_sync) StdoutLine: {'line': b'[ 21%] \x1b[32mBuilding CXX object CMakeFiles/rtabmap_sync.dir/src/impl/CommonDataSubscriberScan.cpp.o\x1b[0m\n'}
[1.355414] (rtabmap_sync) StdoutLine: {'line': b'[ 26%] \x1b[32mBuilding CXX object CMakeFiles/rtabmap_sync.dir/src/impl/CommonDataSubscriberDepth.cpp.o\x1b[0m\n'}
[1.355667] (rtabmap_sync) StdoutLine: {'line': b'[ 30%] \x1b[32mBuilding CXX object CMakeFiles/rtabmap_sync.dir/src/impl/CommonDataSubscriberStereo.cpp.o\x1b[0m\n'}
[1.356016] (rtabmap_sync) StdoutLine: {'line': b'[ 34%] \x1b[32mBuilding CXX object CMakeFiles/rtabmap_sync.dir/src/impl/CommonDataSubscriberOdom.cpp.o\x1b[0m\n'}
[1.356501] (rtabmap_util) StdoutLine: {'line': b'[  7%] \x1b[32mBuilding CXX object CMakeFiles/rtabmap_util_plugins.dir/src/nodelets/disparity_to_depth.cpp.o\x1b[0m\n'}
[1.357015] (rtabmap_sync) StdoutLine: {'line': b'[ 39%] \x1b[32mBuilding CXX object CMakeFiles/rtabmap_sync.dir/src/CommonDataSubscriber.cpp.o\x1b[0m\n'}
[1.358853] (rtabmap_util) StdoutLine: {'line': b'[ 10%] \x1b[32mBuilding CXX object CMakeFiles/rtabmap_util_plugins.dir/src/nodelets/point_cloud_xyz.cpp.o\x1b[0m\n'}
[1.360508] (rtabmap_sync) StdoutLine: {'line': b'[ 43%] \x1b[32mBuilding CXX object CMakeFiles/rtabmap_sync.dir/src/impl/CommonDataSubscriberRGB.cpp.o\x1b[0m\n'}
[1.360874] (rtabmap_util) StdoutLine: {'line': b'[ 13%] \x1b[32mBuilding CXX object CMakeFiles/rtabmap_util_plugins.dir/src/nodelets/obstacles_detection.cpp.o\x1b[0m\n'}
[1.362903] (rtabmap_sync) StdoutLine: {'line': b'[ 52%] \x1b[32mBuilding CXX object CMakeFiles/rtabmap_sync.dir/src/impl/CommonDataSubscriberRGBD.cpp.o\x1b[0m\n'}
[1.363209] (rtabmap_sync) StdoutLine: {'line': b'[ 52%] \x1b[32mBuilding CXX object CMakeFiles/rtabmap_sync.dir/src/impl/CommonDataSubscriberRGBDX.cpp.o\x1b[0m\n'}
[1.363856] (rtabmap_util) StdoutLine: {'line': b'[ 15%] \x1b[32mBuilding CXX object CMakeFiles/rtabmap_util_plugins.dir/src/nodelets/pointcloud_to_depthimage.cpp.o\x1b[0m\n'}
[1.364078] (rtabmap_util) StdoutLine: {'line': b'[ 18%] \x1b[32mBuilding CXX object CMakeFiles/rtabmap_util_plugins.dir/src/nodelets/point_cloud_aggregator.cpp.o\x1b[0m\n'}
[1.365179] (rtabmap_util) StdoutLine: {'line': b'[ 21%] \x1b[32mBuilding CXX object CMakeFiles/rtabmap_util_plugins.dir/src/nodelets/lidar_deskewing.cpp.o\x1b[0m\n'}
[1.365385] (rtabmap_util) StdoutLine: {'line': b'[ 23%] \x1b[32mBuilding CXX object CMakeFiles/rtabmap_util_plugins.dir/src/nodelets/point_cloud_assembler.cpp.o\x1b[0m\n'}
[1.366455] (rtabmap_sync) StdoutLine: {'line': b'[ 56%] \x1b[32mBuilding CXX object CMakeFiles/rtabmap_sync.dir/src/impl/CommonDataSubscriberSensorData.cpp.o\x1b[0m\n'}
[1.366721] (rtabmap_util) StdoutLine: {'line': b'[ 26%] \x1b[32mBuilding CXX object CMakeFiles/rtabmap_util_plugins.dir/src/nodelets/rgbd_split.cpp.o\x1b[0m\n'}
[1.367105] (rtabmap_util) StdoutLine: {'line': b'[ 28%] \x1b[32mBuilding CXX object CMakeFiles/rtabmap_util_plugins.dir/src/nodelets/imu_to_tf.cpp.o\x1b[0m\n'}
[1.367612] (rtabmap_rviz_plugins) StdoutLine: {'line': b'[ 16%] \x1b[34m\x1b[1mAutomatic MOC for target rtabmap_rviz_plugins\x1b[0m\n'}
[1.370513] (rtabmap_util) StdoutLine: {'line': b'[ 31%] \x1b[32mBuilding CXX object CMakeFiles/rtabmap_util_plugins.dir/src/nodelets/map_assembler.cpp.o\x1b[0m\n'}
[1.370676] (rtabmap_util) StdoutLine: {'line': b'[ 34%] \x1b[32mBuilding CXX object CMakeFiles/rtabmap_util_plugins.dir/src/nodelets/rgbd_relay.cpp.o\x1b[0m\n'}
[1.402403] (-) TimerEvent: {}
[1.424261] (rtabmap_rviz_plugins) StdoutLine: {'line': b'[ 16%] Built target rtabmap_rviz_plugins_autogen\n'}
[1.491011] (rtabmap_rviz_plugins) StdoutLine: {'line': b'[ 33%] \x1b[32mBuilding CXX object CMakeFiles/rtabmap_rviz_plugins.dir/rtabmap_rviz_plugins_autogen/mocs_compilation.cpp.o\x1b[0m\n'}
[1.491188] (rtabmap_rviz_plugins) StdoutLine: {'line': b'[ 50%] \x1b[32mBuilding CXX object CMakeFiles/rtabmap_rviz_plugins.dir/src/MapCloudDisplay.cpp.o\x1b[0m\n'}
[1.491290] (rtabmap_rviz_plugins) StdoutLine: {'line': b'[ 66%] \x1b[32mBuilding CXX object CMakeFiles/rtabmap_rviz_plugins.dir/src/MapGraphDisplay.cpp.o\x1b[0m\n'}
[1.491348] (rtabmap_rviz_plugins) StdoutLine: {'line': b'[ 83%] \x1b[32mBuilding CXX object CMakeFiles/rtabmap_rviz_plugins.dir/src/InfoDisplay.cpp.o\x1b[0m\n'}
[1.505189] (-) TimerEvent: {}
[1.605473] (-) TimerEvent: {}
[1.705751] (-) TimerEvent: {}
[1.806029] (-) TimerEvent: {}
[1.906314] (-) TimerEvent: {}
[2.006588] (-) TimerEvent: {}
[2.106873] (-) TimerEvent: {}
[2.210236] (-) TimerEvent: {}
[2.310585] (-) TimerEvent: {}
[2.415234] (-) TimerEvent: {}
[2.515788] (-) TimerEvent: {}
[2.616222] (-) TimerEvent: {}
[2.716698] (-) TimerEvent: {}
[2.817219] (-) TimerEvent: {}
[2.917695] (-) TimerEvent: {}
[3.018170] (-) TimerEvent: {}
[3.121211] (-) TimerEvent: {}
[3.223194] (-) TimerEvent: {}
[3.323543] (-) TimerEvent: {}
[3.426204] (-) TimerEvent: {}
[3.526523] (-) TimerEvent: {}
[3.629200] (-) TimerEvent: {}
[3.729518] (-) TimerEvent: {}
[3.829835] (-) TimerEvent: {}
[3.930153] (-) TimerEvent: {}
[4.030556] (-) TimerEvent: {}
[4.130952] (-) TimerEvent: {}
[4.233200] (-) TimerEvent: {}
[4.333522] (-) TimerEvent: {}
[4.437216] (-) TimerEvent: {}
[4.537574] (-) TimerEvent: {}
[4.637917] (-) TimerEvent: {}
[4.742212] (-) TimerEvent: {}
[4.842558] (-) TimerEvent: {}
[4.942900] (-) TimerEvent: {}
[5.047227] (-) TimerEvent: {}
[5.147685] (-) TimerEvent: {}
[5.248166] (-) TimerEvent: {}
[5.352199] (-) TimerEvent: {}
[5.452544] (-) TimerEvent: {}
[5.552959] (-) TimerEvent: {}
[5.653434] (-) TimerEvent: {}
[5.753832] (-) TimerEvent: {}
[5.854218] (-) TimerEvent: {}
[5.955052] (-) TimerEvent: {}
[6.055437] (-) TimerEvent: {}
[6.155831] (-) TimerEvent: {}
[6.259228] (-) TimerEvent: {}
[6.360007] (-) TimerEvent: {}
[6.460398] (-) TimerEvent: {}
[6.560780] (-) TimerEvent: {}
[6.662220] (-) TimerEvent: {}
[6.762593] (-) TimerEvent: {}
[6.862967] (-) TimerEvent: {}
[6.963354] (-) TimerEvent: {}
[7.065229] (-) TimerEvent: {}
[7.168268] (-) TimerEvent: {}
[7.268710] (-) TimerEvent: {}
[7.376220] (-) TimerEvent: {}
[7.476592] (-) TimerEvent: {}
[7.576948] (-) TimerEvent: {}
[7.677331] (-) TimerEvent: {}
[7.777734] (-) TimerEvent: {}
[7.878428] (-) TimerEvent: {}
[7.978805] (-) TimerEvent: {}
[8.079210] (-) TimerEvent: {}
[8.179878] (-) TimerEvent: {}
[8.283281] (-) TimerEvent: {}
[8.387024] (-) TimerEvent: {}
[8.487557] (-) TimerEvent: {}
[8.588017] (-) TimerEvent: {}
[8.688334] (-) TimerEvent: {}
[8.791229] (-) TimerEvent: {}
[8.893212] (-) TimerEvent: {}
[8.993573] (-) TimerEvent: {}
[9.093931] (-) TimerEvent: {}
[9.194304] (-) TimerEvent: {}
[9.294590] (-) TimerEvent: {}
[9.397490] (-) TimerEvent: {}
[9.498033] (-) TimerEvent: {}
[9.599217] (-) TimerEvent: {}
[9.699663] (-) TimerEvent: {}
[9.801473] (-) TimerEvent: {}
[9.901818] (-) TimerEvent: {}
[10.002153] (-) TimerEvent: {}
[10.102543] (-) TimerEvent: {}
[10.202922] (-) TimerEvent: {}
[10.314317] (-) TimerEvent: {}
[10.414685] (-) TimerEvent: {}
[10.515585] (-) TimerEvent: {}
[10.615934] (-) TimerEvent: {}
[10.719216] (-) TimerEvent: {}
[10.819613] (-) TimerEvent: {}
[10.921361] (-) TimerEvent: {}
[11.024618] (-) TimerEvent: {}
[11.125092] (-) TimerEvent: {}
[11.225490] (-) TimerEvent: {}
[11.325900] (-) TimerEvent: {}
[11.426228] (-) TimerEvent: {}
[11.526536] (-) TimerEvent: {}
[11.626809] (-) TimerEvent: {}
[11.728251] (-) TimerEvent: {}
[11.828741] (-) TimerEvent: {}
[11.929037] (-) TimerEvent: {}
[12.029346] (-) TimerEvent: {}
[12.129610] (-) TimerEvent: {}
[12.229895] (-) TimerEvent: {}
[12.330269] (-) TimerEvent: {}
[12.430685] (-) TimerEvent: {}
[12.530967] (-) TimerEvent: {}
[12.631280] (-) TimerEvent: {}
[12.731936] (-) TimerEvent: {}
[12.832296] (-) TimerEvent: {}
[12.933918] (-) TimerEvent: {}
[13.034539] (-) TimerEvent: {}
[13.135004] (-) TimerEvent: {}
[13.235460] (-) TimerEvent: {}
[13.335797] (-) TimerEvent: {}
[13.441515] (-) TimerEvent: {}
[13.542049] (-) TimerEvent: {}
[13.642380] (-) TimerEvent: {}
[13.742736] (-) TimerEvent: {}
[13.846120] (-) TimerEvent: {}
[13.946612] (-) TimerEvent: {}
[14.047055] (-) TimerEvent: {}
[14.147461] (-) TimerEvent: {}
[14.247763] (-) TimerEvent: {}
[14.348075] (-) TimerEvent: {}
[14.450218] (-) TimerEvent: {}
[14.550645] (-) TimerEvent: {}
[14.651050] (-) TimerEvent: {}
[14.751456] (-) TimerEvent: {}
[14.852151] (-) TimerEvent: {}
[14.952465] (-) TimerEvent: {}
[15.053043] (-) TimerEvent: {}
[15.153326] (-) TimerEvent: {}
[15.253679] (-) TimerEvent: {}
[15.354162] (-) TimerEvent: {}
[15.454420] (-) TimerEvent: {}
[15.554747] (-) TimerEvent: {}
[15.655018] (-) TimerEvent: {}
[15.755448] (-) TimerEvent: {}
[15.855941] (-) TimerEvent: {}
[15.956257] (-) TimerEvent: {}
[16.056747] (-) TimerEvent: {}
[16.156993] (-) TimerEvent: {}
[16.257311] (-) TimerEvent: {}
[16.357584] (-) TimerEvent: {}
[16.457881] (-) TimerEvent: {}
[16.558255] (-) TimerEvent: {}
[16.658661] (-) TimerEvent: {}
[16.759065] (-) TimerEvent: {}
[16.859364] (-) TimerEvent: {}
[16.959902] (-) TimerEvent: {}
[17.060142] (-) TimerEvent: {}
[17.160398] (-) TimerEvent: {}
[17.260782] (-) TimerEvent: {}
[17.361153] (-) TimerEvent: {}
[17.461472] (-) TimerEvent: {}
[17.561813] (-) TimerEvent: {}
[17.662143] (-) TimerEvent: {}
[17.762497] (-) TimerEvent: {}
[17.862918] (-) TimerEvent: {}
[17.963222] (-) TimerEvent: {}
[18.063659] (-) TimerEvent: {}
[18.163980] (-) TimerEvent: {}
[18.264244] (-) TimerEvent: {}
[18.364474] (-) TimerEvent: {}
[18.464732] (-) TimerEvent: {}
[18.565013] (-) TimerEvent: {}
[18.665277] (-) TimerEvent: {}
[18.765507] (-) TimerEvent: {}
[18.865773] (-) TimerEvent: {}
[18.966025] (-) TimerEvent: {}
[19.066328] (-) TimerEvent: {}
[19.166599] (-) TimerEvent: {}
[19.266877] (-) TimerEvent: {}
[19.367150] (-) TimerEvent: {}
[19.467391] (-) TimerEvent: {}
[19.567637] (-) TimerEvent: {}
[19.667907] (-) TimerEvent: {}
[19.768188] (-) TimerEvent: {}
[19.868437] (-) TimerEvent: {}
[19.968729] (-) TimerEvent: {}
[20.069122] (-) TimerEvent: {}
[20.169367] (-) TimerEvent: {}
[20.269640] (-) TimerEvent: {}
[20.369967] (-) TimerEvent: {}
[20.470254] (-) TimerEvent: {}
[20.570572] (-) TimerEvent: {}
[20.670842] (-) TimerEvent: {}
[20.771115] (-) TimerEvent: {}
[20.871373] (-) TimerEvent: {}
[20.971691] (-) TimerEvent: {}
[21.071926] (-) TimerEvent: {}
[21.172190] (-) TimerEvent: {}
[21.272422] (-) TimerEvent: {}
[21.372663] (-) TimerEvent: {}
[21.472929] (-) TimerEvent: {}
[21.573207] (-) TimerEvent: {}
[21.673503] (-) TimerEvent: {}
[21.773989] (-) TimerEvent: {}
[21.874198] (-) TimerEvent: {}
[21.974529] (-) TimerEvent: {}
[22.074842] (-) TimerEvent: {}
[22.175146] (-) TimerEvent: {}
[22.275438] (-) TimerEvent: {}
[22.375747] (-) TimerEvent: {}
[22.476047] (-) TimerEvent: {}
[22.576341] (-) TimerEvent: {}
[22.676631] (-) TimerEvent: {}
[22.776922] (-) TimerEvent: {}
[22.877193] (-) TimerEvent: {}
[22.977480] (-) TimerEvent: {}
[23.077762] (-) TimerEvent: {}
[23.178050] (-) TimerEvent: {}
[23.278354] (-) TimerEvent: {}
[23.378659] (-) TimerEvent: {}
[23.479055] (-) TimerEvent: {}
[23.579298] (-) TimerEvent: {}
[23.679596] (-) TimerEvent: {}
[23.779989] (-) TimerEvent: {}
[23.880274] (-) TimerEvent: {}
[23.981523] (-) TimerEvent: {}
[24.081829] (-) TimerEvent: {}
[24.182163] (-) TimerEvent: {}
[24.282476] (-) TimerEvent: {}
[24.382794] (-) TimerEvent: {}
[24.483124] (-) TimerEvent: {}
[24.583452] (-) TimerEvent: {}
[24.683769] (-) TimerEvent: {}
[24.784128] (-) TimerEvent: {}
[24.884501] (-) TimerEvent: {}
[24.984834] (-) TimerEvent: {}
[25.085198] (-) TimerEvent: {}
[25.185582] (-) TimerEvent: {}
[25.285891] (-) TimerEvent: {}
[25.386198] (-) TimerEvent: {}
[25.486534] (-) TimerEvent: {}
[25.586887] (-) TimerEvent: {}
[25.687235] (-) TimerEvent: {}
[25.787678] (-) TimerEvent: {}
[25.887993] (-) TimerEvent: {}
[25.988306] (-) TimerEvent: {}
[26.088614] (-) TimerEvent: {}
[26.188921] (-) TimerEvent: {}
[26.289303] (-) TimerEvent: {}
[26.389602] (-) TimerEvent: {}
[26.489926] (-) TimerEvent: {}
[26.590243] (-) TimerEvent: {}
[26.690548] (-) TimerEvent: {}
[26.790869] (-) TimerEvent: {}
[26.891212] (-) TimerEvent: {}
[26.991512] (-) TimerEvent: {}
[27.091808] (-) TimerEvent: {}
[27.192125] (-) TimerEvent: {}
[27.292439] (-) TimerEvent: {}
[27.392747] (-) TimerEvent: {}
[27.493061] (-) TimerEvent: {}
[27.593402] (-) TimerEvent: {}
[27.693767] (-) TimerEvent: {}
[27.794087] (-) TimerEvent: {}
[27.894406] (-) TimerEvent: {}
[27.994752] (-) TimerEvent: {}
[28.095085] (-) TimerEvent: {}
[28.195413] (-) TimerEvent: {}
[28.295766] (-) TimerEvent: {}
[28.396092] (-) TimerEvent: {}
[28.496382] (-) TimerEvent: {}
[28.596628] (-) TimerEvent: {}
[28.696911] (-) TimerEvent: {}
[28.797197] (-) TimerEvent: {}
[28.897429] (-) TimerEvent: {}
[28.997683] (-) TimerEvent: {}
[29.097970] (-) TimerEvent: {}
[29.198220] (-) TimerEvent: {}
[29.298454] (-) TimerEvent: {}
[29.398692] (-) TimerEvent: {}
[29.498933] (-) TimerEvent: {}
[29.599181] (-) TimerEvent: {}
[29.699416] (-) TimerEvent: {}
[29.799675] (-) TimerEvent: {}
[29.899941] (-) TimerEvent: {}
[30.000243] (-) TimerEvent: {}
[30.100536] (-) TimerEvent: {}
[30.200796] (-) TimerEvent: {}
[30.301058] (-) TimerEvent: {}
[30.401334] (-) TimerEvent: {}
[30.501628] (-) TimerEvent: {}
[30.601873] (-) TimerEvent: {}
[30.702109] (-) TimerEvent: {}
[30.802350] (-) TimerEvent: {}
[30.902583] (-) TimerEvent: {}
[31.002857] (-) TimerEvent: {}
[31.103160] (-) TimerEvent: {}
[31.203396] (-) TimerEvent: {}
[31.315550] (-) TimerEvent: {}
[31.532557] (-) TimerEvent: {}
[31.667768] (-) TimerEvent: {}
[31.781122] (-) TimerEvent: {}
[31.881367] (-) TimerEvent: {}
[31.981599] (-) TimerEvent: {}
[32.081834] (-) TimerEvent: {}
[32.182109] (-) TimerEvent: {}
[32.282446] (-) TimerEvent: {}
[32.382734] (-) TimerEvent: {}
[32.482985] (-) TimerEvent: {}
[32.583299] (-) TimerEvent: {}
[32.683589] (-) TimerEvent: {}
[32.783897] (-) TimerEvent: {}
[32.884188] (-) TimerEvent: {}
[32.984463] (-) TimerEvent: {}
[33.084738] (-) TimerEvent: {}
[33.185019] (-) TimerEvent: {}
[33.285267] (-) TimerEvent: {}
[33.385568] (-) TimerEvent: {}
[33.485878] (-) TimerEvent: {}
[33.586124] (-) TimerEvent: {}
[33.686374] (-) TimerEvent: {}
[33.786655] (-) TimerEvent: {}
[33.886919] (-) TimerEvent: {}
[33.987168] (-) TimerEvent: {}
[34.087412] (-) TimerEvent: {}
[34.187696] (-) TimerEvent: {}
[34.287985] (-) TimerEvent: {}
[34.388273] (-) TimerEvent: {}
[34.488557] (-) TimerEvent: {}
[34.588854] (-) TimerEvent: {}
[34.689102] (-) TimerEvent: {}
[34.789393] (-) TimerEvent: {}
[34.889669] (-) TimerEvent: {}
[34.990000] (-) TimerEvent: {}
[35.090248] (-) TimerEvent: {}
[35.190533] (-) TimerEvent: {}
[35.290775] (-) TimerEvent: {}
[35.391019] (-) TimerEvent: {}
[35.491289] (-) TimerEvent: {}
[35.591571] (-) TimerEvent: {}
[35.691859] (-) TimerEvent: {}
[35.792102] (-) TimerEvent: {}
[35.892363] (-) TimerEvent: {}
[35.992633] (-) TimerEvent: {}
[36.092903] (-) TimerEvent: {}
[36.193190] (-) TimerEvent: {}
[36.293454] (-) TimerEvent: {}
[36.393785] (-) TimerEvent: {}
[36.494048] (-) TimerEvent: {}
[36.594344] (-) TimerEvent: {}
[36.694588] (-) TimerEvent: {}
[36.794877] (-) TimerEvent: {}
[36.895175] (-) TimerEvent: {}
[37.003368] (-) TimerEvent: {}
[37.037943] (rtabmap_util) StderrLine: {'line': b'\x1b[01m\x1b[K/home/brace/codeSpace/navi/src/rtabmap_ros/rtabmap_util/src/MapsManager.cpp:\x1b[m\x1b[K In member function \xe2\x80\x98\x1b[01m\x1b[Kvoid rtabmap_util::MapsManager::publishMaps(const std::map<int, rtabmap::Transform>&, const rclcpp::Time&, const string&)\x1b[m\x1b[K\xe2\x80\x99:\n'}
[37.178902] (-) TimerEvent: {}
[37.181833] (rtabmap_util) StderrLine: {'line': b'\x1b[01m\x1b[K/home/brace/codeSpace/navi/src/rtabmap_ros/rtabmap_util/src/MapsManager.cpp:852:55:\x1b[m\x1b[K \x1b[01;31m\x1b[Kerror: \x1b[m\x1b[K\xe2\x80\x98\x1b[01m\x1b[Kclass rtabmap::FlannIndex\x1b[m\x1b[K\xe2\x80\x99 has no member named \xe2\x80\x98\x1b[01m\x1b[KbuildKDTreeSingleIndex\x1b[m\x1b[K\xe2\x80\x99\n'}
[37.184770] (rtabmap_util) StderrLine: {'line': b'  852 |                                 assembledGroundIndex_.\x1b[01;31m\x1b[KbuildKDTreeSingleIndex\x1b[m\x1b[K(tmpGroundPts, 15);\n'}
[37.186791] (rtabmap_util) StderrLine: {'line': b'      |                                                       \x1b[01;31m\x1b[K^~~~~~~~~~~~~~~~~~~~~~\x1b[m\x1b[K\n'}
[37.189196] (rtabmap_util) StderrLine: {'line': b'\x1b[01m\x1b[K/home/brace/codeSpace/navi/src/rtabmap_ros/rtabmap_util/src/MapsManager.cpp:856:57:\x1b[m\x1b[K \x1b[01;31m\x1b[Kerror: \x1b[m\x1b[K\xe2\x80\x98\x1b[01m\x1b[Kclass rtabmap::FlannIndex\x1b[m\x1b[K\xe2\x80\x99 has no member named \xe2\x80\x98\x1b[01m\x1b[KbuildKDTreeSingleIndex\x1b[m\x1b[K\xe2\x80\x99\n'}
[37.189233] (rtabmap_util) StderrLine: {'line': b'  856 |                                 assembledObstacleIndex_.\x1b[01;31m\x1b[KbuildKDTreeSingleIndex\x1b[m\x1b[K(tmpObstaclePts, 15);\n'}
[37.189266] (rtabmap_util) StderrLine: {'line': b'      |                                                         \x1b[01;31m\x1b[K^~~~~~~~~~~~~~~~~~~~~~\x1b[m\x1b[K\n'}
[37.189294] (rtabmap_util) StderrLine: {'line': b'\x1b[01m\x1b[K/home/brace/codeSpace/navi/src/rtabmap_ros/rtabmap_util/src/MapsManager.cpp:897:87:\x1b[m\x1b[K \x1b[01;31m\x1b[Kerror: \x1b[m\x1b[K\xe2\x80\x98\x1b[01m\x1b[Kclass rtabmap::FlannIndex\x1b[m\x1b[K\xe2\x80\x99 has no member named \xe2\x80\x98\x1b[01m\x1b[KbuildKDTreeSingleIndex\x1b[m\x1b[K\xe2\x80\x99\n'}
[37.189323] (rtabmap_util) StderrLine: {'line': b'  897 |                                       assembledGroundIndex_.\x1b[01;31m\x1b[KbuildKDTreeSingleIndex\x1b[m\x1b[K(pts, 15);\n'}
[37.189360] (rtabmap_util) StderrLine: {'line': b'      |                                                             \x1b[01;31m\x1b[K^~~~~~~~~~~~~~~~~~~~~~\x1b[m\x1b[K\n'}
[37.189396] (rtabmap_util) StderrLine: {'line': b'\n'}
[37.189423] (rtabmap_util) StderrLine: {'line': b'\x1b[01m\x1b[K/home/brace/codeSpace/navi/src/rtabmap_ros/rtabmap_util/src/MapsManager.cpp:944:89:\x1b[m\x1b[K \x1b[01;31m\x1b[Kerror: \x1b[m\x1b[K\xe2\x80\x98\x1b[01m\x1b[Kclass rtabmap::FlannIndex\x1b[m\x1b[K\xe2\x80\x99 has no member named \xe2\x80\x98\x1b[01m\x1b[KbuildKDTreeSingleIndex\x1b[m\x1b[K\xe2\x80\x99\n'}
[37.189449] (rtabmap_util) StderrLine: {'line': b'  944 |                                     assembledObstacleIndex_.\x1b[01;31m\x1b[KbuildKDTreeSingleIndex\x1b[m\x1b[K(pts, 15);\n'}
[37.189475] (rtabmap_util) StderrLine: {'line': b'      |                                                             \x1b[01;31m\x1b[K^~~~~~~~~~~~~~~~~~~~~~\x1b[m\x1b[K\n'}
[37.189501] (rtabmap_util) StderrLine: {'line': b'\n'}
[37.279026] (-) TimerEvent: {}
[37.379260] (-) TimerEvent: {}
[37.479495] (-) TimerEvent: {}
[37.579744] (-) TimerEvent: {}
[37.679974] (-) TimerEvent: {}
[37.780244] (-) TimerEvent: {}
[37.880486] (-) TimerEvent: {}
[37.980755] (-) TimerEvent: {}
[38.081039] (-) TimerEvent: {}
[38.181404] (-) TimerEvent: {}
[38.281784] (-) TimerEvent: {}
[38.382126] (-) TimerEvent: {}
[38.482457] (-) TimerEvent: {}
[38.582829] (-) TimerEvent: {}
[38.683165] (-) TimerEvent: {}
[38.783405] (-) TimerEvent: {}
[38.880621] (rtabmap_util) StderrLine: {'line': b'gmake[2]: *** [CMakeFiles/rtabmap_util_plugins.dir/build.make:76\xef\xbc\x9aCMakeFiles/rtabmap_util_plugins.dir/src/MapsManager.cpp.o] \xe9\x94\x99\xe8\xaf\xaf 1\n'}
[38.882900] (rtabmap_util) StderrLine: {'line': b'gmake[2]: *** \xe6\xad\xa3\xe5\x9c\xa8\xe7\xad\x89\xe5\xbe\x85\xe6\x9c\xaa\xe5\xae\x8c\xe6\x88\x90\xe7\x9a\x84\xe4\xbb\xbb\xe5\x8a\xa1....\n'}
[38.883495] (-) TimerEvent: {}
[38.983667] (-) TimerEvent: {}
[39.083924] (-) TimerEvent: {}
[39.184175] (-) TimerEvent: {}
[39.284442] (-) TimerEvent: {}
[39.384687] (-) TimerEvent: {}
[39.484964] (-) TimerEvent: {}
[39.585214] (-) TimerEvent: {}
[39.685470] (-) TimerEvent: {}
[39.785708] (-) TimerEvent: {}
[39.885949] (-) TimerEvent: {}
[39.986180] (-) TimerEvent: {}
[40.086452] (-) TimerEvent: {}
[40.186755] (-) TimerEvent: {}
[40.286987] (-) TimerEvent: {}
[40.387178] (-) TimerEvent: {}
[40.487407] (-) TimerEvent: {}
[40.587658] (-) TimerEvent: {}
[40.687890] (-) TimerEvent: {}
[40.788117] (-) TimerEvent: {}
[40.888358] (-) TimerEvent: {}
[40.988596] (-) TimerEvent: {}
[41.088857] (-) TimerEvent: {}
[41.189172] (-) TimerEvent: {}
[41.289407] (-) TimerEvent: {}
[41.389731] (-) TimerEvent: {}
[41.490296] (-) TimerEvent: {}
[41.590889] (-) TimerEvent: {}
[41.691261] (-) TimerEvent: {}
[41.791697] (-) TimerEvent: {}
[41.892371] (-) TimerEvent: {}
[41.993057] (-) TimerEvent: {}
[42.093645] (-) TimerEvent: {}
[42.194235] (-) TimerEvent: {}
[42.294756] (-) TimerEvent: {}
[42.395204] (-) TimerEvent: {}
[42.495567] (-) TimerEvent: {}
[42.596082] (-) TimerEvent: {}
[42.696608] (-) TimerEvent: {}
[42.797121] (-) TimerEvent: {}
[42.897604] (-) TimerEvent: {}
[42.998079] (-) TimerEvent: {}
[43.098570] (-) TimerEvent: {}
[43.199036] (-) TimerEvent: {}
[43.299404] (-) TimerEvent: {}
[43.399778] (-) TimerEvent: {}
[43.500208] (-) TimerEvent: {}
[43.600544] (-) TimerEvent: {}
[43.701018] (-) TimerEvent: {}
[43.801817] (-) TimerEvent: {}
[43.902499] (-) TimerEvent: {}
[44.002848] (-) TimerEvent: {}
[44.103141] (-) TimerEvent: {}
[44.203393] (-) TimerEvent: {}
[44.303702] (-) TimerEvent: {}
[44.404022] (-) TimerEvent: {}
[44.504355] (-) TimerEvent: {}
[44.604633] (-) TimerEvent: {}
[44.704897] (-) TimerEvent: {}
[44.805204] (-) TimerEvent: {}
[44.905726] (-) TimerEvent: {}
[45.006220] (-) TimerEvent: {}
[45.106552] (-) TimerEvent: {}
[45.206877] (-) TimerEvent: {}
[45.307191] (-) TimerEvent: {}
[45.407490] (-) TimerEvent: {}
[45.507837] (-) TimerEvent: {}
[45.608155] (-) TimerEvent: {}
[45.708480] (-) TimerEvent: {}
[45.808878] (-) TimerEvent: {}
[45.909197] (-) TimerEvent: {}
[46.009558] (-) TimerEvent: {}
[46.110059] (-) TimerEvent: {}
[46.210511] (-) TimerEvent: {}
[46.310882] (-) TimerEvent: {}
[46.411459] (-) TimerEvent: {}
[46.512050] (-) TimerEvent: {}
[46.612387] (-) TimerEvent: {}
[46.712746] (-) TimerEvent: {}
[46.813052] (-) TimerEvent: {}
[46.913398] (-) TimerEvent: {}
[47.013658] (-) TimerEvent: {}
[47.113979] (-) TimerEvent: {}
[47.214283] (-) TimerEvent: {}
[47.314696] (-) TimerEvent: {}
[47.415116] (-) TimerEvent: {}
[47.515492] (-) TimerEvent: {}
[47.615811] (-) TimerEvent: {}
[47.716218] (-) TimerEvent: {}
[47.816606] (-) TimerEvent: {}
[47.916964] (-) TimerEvent: {}
[48.017332] (-) TimerEvent: {}
[48.117621] (-) TimerEvent: {}
[48.217886] (-) TimerEvent: {}
[48.318168] (-) TimerEvent: {}
[48.418412] (-) TimerEvent: {}
[48.518672] (-) TimerEvent: {}
[48.618968] (-) TimerEvent: {}
[48.719222] (-) TimerEvent: {}
[48.819576] (-) TimerEvent: {}
[48.919902] (-) TimerEvent: {}
[49.020276] (-) TimerEvent: {}
[49.120630] (-) TimerEvent: {}
[49.220954] (-) TimerEvent: {}
[49.321265] (-) TimerEvent: {}
[49.421583] (-) TimerEvent: {}
[49.521941] (-) TimerEvent: {}
[49.622540] (-) TimerEvent: {}
[49.723119] (-) TimerEvent: {}
[49.823460] (-) TimerEvent: {}
[49.923908] (-) TimerEvent: {}
[50.024503] (-) TimerEvent: {}
[50.124959] (-) TimerEvent: {}
[50.225386] (-) TimerEvent: {}
[50.325917] (-) TimerEvent: {}
[50.426299] (-) TimerEvent: {}
[50.526769] (-) TimerEvent: {}
[50.627385] (-) TimerEvent: {}
[50.727806] (-) TimerEvent: {}
[50.828060] (-) TimerEvent: {}
[50.928365] (-) TimerEvent: {}
[51.028638] (-) TimerEvent: {}
[51.128918] (-) TimerEvent: {}
[51.229185] (-) TimerEvent: {}
[51.329428] (-) TimerEvent: {}
[51.429696] (-) TimerEvent: {}
[51.529950] (-) TimerEvent: {}
[51.630192] (-) TimerEvent: {}
[51.730468] (-) TimerEvent: {}
[51.830743] (-) TimerEvent: {}
[51.931088] (-) TimerEvent: {}
[52.031447] (-) TimerEvent: {}
[52.131770] (-) TimerEvent: {}
[52.232178] (-) TimerEvent: {}
[52.332583] (-) TimerEvent: {}
[52.432871] (-) TimerEvent: {}
[52.533120] (-) TimerEvent: {}
[52.633401] (-) TimerEvent: {}
[52.733651] (-) TimerEvent: {}
[52.833917] (-) TimerEvent: {}
[52.934205] (-) TimerEvent: {}
[53.034460] (-) TimerEvent: {}
[53.134779] (-) TimerEvent: {}
[53.235034] (-) TimerEvent: {}
[53.335424] (-) TimerEvent: {}
[53.435747] (-) TimerEvent: {}
[53.536104] (-) TimerEvent: {}
[53.636420] (-) TimerEvent: {}
[53.736744] (-) TimerEvent: {}
[53.837056] (-) TimerEvent: {}
[53.937379] (-) TimerEvent: {}
[54.037693] (-) TimerEvent: {}
[54.138017] (-) TimerEvent: {}
[54.238364] (-) TimerEvent: {}
[54.338692] (-) TimerEvent: {}
[54.439068] (-) TimerEvent: {}
[54.539423] (-) TimerEvent: {}
[54.639779] (-) TimerEvent: {}
[54.740046] (-) TimerEvent: {}
[54.840394] (-) TimerEvent: {}
[54.940742] (-) TimerEvent: {}
[55.041080] (-) TimerEvent: {}
[55.141405] (-) TimerEvent: {}
[55.241733] (-) TimerEvent: {}
[55.342047] (-) TimerEvent: {}
[55.442376] (-) TimerEvent: {}
[55.542695] (-) TimerEvent: {}
[55.643005] (-) TimerEvent: {}
[55.743344] (-) TimerEvent: {}
[55.843652] (-) TimerEvent: {}
[55.944054] (-) TimerEvent: {}
[56.044363] (-) TimerEvent: {}
[56.144671] (-) TimerEvent: {}
[56.244982] (-) TimerEvent: {}
[56.345323] (-) TimerEvent: {}
[56.445687] (-) TimerEvent: {}
[56.546038] (-) TimerEvent: {}
[56.646359] (-) TimerEvent: {}
[56.746643] (-) TimerEvent: {}
[56.846893] (-) TimerEvent: {}
[56.947129] (-) TimerEvent: {}
[57.047452] (-) TimerEvent: {}
[57.147694] (-) TimerEvent: {}
[57.247951] (-) TimerEvent: {}
[57.348293] (-) TimerEvent: {}
[57.448567] (-) TimerEvent: {}
[57.548834] (-) TimerEvent: {}
[57.649073] (-) TimerEvent: {}
[57.749314] (-) TimerEvent: {}
[57.849592] (-) TimerEvent: {}
[57.949867] (-) TimerEvent: {}
[58.050146] (-) TimerEvent: {}
[58.150390] (-) TimerEvent: {}
[58.250633] (-) TimerEvent: {}
[58.350915] (-) TimerEvent: {}
[58.451187] (-) TimerEvent: {}
[58.551528] (-) TimerEvent: {}
[58.651874] (-) TimerEvent: {}
[58.752450] (-) TimerEvent: {}
[58.852787] (-) TimerEvent: {}
[58.953028] (-) TimerEvent: {}
[59.053287] (-) TimerEvent: {}
[59.153562] (-) TimerEvent: {}
[59.253810] (-) TimerEvent: {}
[59.354071] (-) TimerEvent: {}
[59.454315] (-) TimerEvent: {}
[59.554593] (-) TimerEvent: {}
[59.655690] (-) TimerEvent: {}
[59.755961] (-) TimerEvent: {}
[59.856261] (-) TimerEvent: {}
[59.956652] (-) TimerEvent: {}
[60.056920] (-) TimerEvent: {}
[60.157156] (-) TimerEvent: {}
[60.257402] (-) TimerEvent: {}
[60.357631] (-) TimerEvent: {}
[60.457893] (-) TimerEvent: {}
[60.558181] (-) TimerEvent: {}
[60.658464] (-) TimerEvent: {}
[60.758863] (-) TimerEvent: {}
[60.859182] (-) TimerEvent: {}
[60.959480] (-) TimerEvent: {}
[61.059843] (-) TimerEvent: {}
[61.160175] (-) TimerEvent: {}
[61.260495] (-) TimerEvent: {}
[61.360812] (-) TimerEvent: {}
[61.461130] (-) TimerEvent: {}
[61.561457] (-) TimerEvent: {}
[61.661801] (-) TimerEvent: {}
[61.762126] (-) TimerEvent: {}
[61.862501] (-) TimerEvent: {}
[61.962806] (-) TimerEvent: {}
[62.063112] (-) TimerEvent: {}
[62.163436] (-) TimerEvent: {}
[62.263831] (-) TimerEvent: {}
[62.364107] (-) TimerEvent: {}
[62.464425] (-) TimerEvent: {}
[62.564723] (-) TimerEvent: {}
[62.665021] (-) TimerEvent: {}
[62.765336] (-) TimerEvent: {}
[62.865684] (-) TimerEvent: {}
[62.965986] (-) TimerEvent: {}
[63.066301] (-) TimerEvent: {}
[63.166633] (-) TimerEvent: {}
[63.266944] (-) TimerEvent: {}
[63.367262] (-) TimerEvent: {}
[63.467645] (-) TimerEvent: {}
[63.567966] (-) TimerEvent: {}
[63.668283] (-) TimerEvent: {}
[63.768605] (-) TimerEvent: {}
[63.868925] (-) TimerEvent: {}
[63.969272] (-) TimerEvent: {}
[64.069596] (-) TimerEvent: {}
[64.169919] (-) TimerEvent: {}
[64.270275] (-) TimerEvent: {}
[64.370616] (-) TimerEvent: {}
[64.470924] (-) TimerEvent: {}
[64.571197] (-) TimerEvent: {}
[64.671539] (-) TimerEvent: {}
[64.771850] (-) TimerEvent: {}
[64.872299] (-) TimerEvent: {}
[64.972587] (-) TimerEvent: {}
[65.072985] (-) TimerEvent: {}
[65.173287] (-) TimerEvent: {}
[65.273624] (-) TimerEvent: {}
[65.373923] (-) TimerEvent: {}
[65.474268] (-) TimerEvent: {}
[65.574612] (-) TimerEvent: {}
[65.674926] (-) TimerEvent: {}
[65.775219] (-) TimerEvent: {}
[65.875477] (-) TimerEvent: {}
[65.975747] (-) TimerEvent: {}
[66.076044] (-) TimerEvent: {}
[66.176278] (-) TimerEvent: {}
[66.276533] (-) TimerEvent: {}
[66.376852] (-) TimerEvent: {}
[66.477121] (-) TimerEvent: {}
[66.577354] (-) TimerEvent: {}
[66.677592] (-) TimerEvent: {}
[66.777867] (-) TimerEvent: {}
[66.878092] (-) TimerEvent: {}
[66.978319] (-) TimerEvent: {}
[67.078585] (-) TimerEvent: {}
[67.178811] (-) TimerEvent: {}
[67.279050] (-) TimerEvent: {}
[67.379282] (-) TimerEvent: {}
[67.479510] (-) TimerEvent: {}
[67.579777] (-) TimerEvent: {}
[67.680043] (-) TimerEvent: {}
[67.780291] (-) TimerEvent: {}
[67.880525] (-) TimerEvent: {}
[67.980833] (-) TimerEvent: {}
[68.081110] (-) TimerEvent: {}
[68.181455] (-) TimerEvent: {}
[68.281780] (-) TimerEvent: {}
[68.382121] (-) TimerEvent: {}
[68.482499] (-) TimerEvent: {}
[68.582868] (-) TimerEvent: {}
[68.683195] (-) TimerEvent: {}
[68.783544] (-) TimerEvent: {}
[68.883920] (-) TimerEvent: {}
[68.984285] (-) TimerEvent: {}
[69.084653] (-) TimerEvent: {}
[69.185089] (-) TimerEvent: {}
[69.285405] (-) TimerEvent: {}
[69.385717] (-) TimerEvent: {}
[69.486023] (-) TimerEvent: {}
[69.587242] (-) TimerEvent: {}
[69.687587] (-) TimerEvent: {}
[69.787933] (-) TimerEvent: {}
[69.888199] (-) TimerEvent: {}
[69.988537] (-) TimerEvent: {}
[70.088862] (-) TimerEvent: {}
[70.189207] (-) TimerEvent: {}
[70.289451] (-) TimerEvent: {}
[70.389741] (-) TimerEvent: {}
[70.490059] (-) TimerEvent: {}
[70.590299] (-) TimerEvent: {}
[70.690580] (-) TimerEvent: {}
[70.790814] (-) TimerEvent: {}
[70.891050] (-) TimerEvent: {}
[70.991297] (-) TimerEvent: {}
[71.091607] (-) TimerEvent: {}
[71.191848] (-) TimerEvent: {}
[71.292101] (-) TimerEvent: {}
[71.392395] (-) TimerEvent: {}
[71.492702] (-) TimerEvent: {}
[71.592938] (-) TimerEvent: {}
[71.693199] (-) TimerEvent: {}
[71.793540] (-) TimerEvent: {}
[71.893898] (-) TimerEvent: {}
[71.994207] (-) TimerEvent: {}
[72.094538] (-) TimerEvent: {}
[72.194857] (-) TimerEvent: {}
[72.295239] (-) TimerEvent: {}
[72.395554] (-) TimerEvent: {}
[72.495894] (-) TimerEvent: {}
[72.596209] (-) TimerEvent: {}
[72.696454] (-) TimerEvent: {}
[72.796706] (-) TimerEvent: {}
[72.897015] (-) TimerEvent: {}
[72.997292] (-) TimerEvent: {}
[73.097537] (-) TimerEvent: {}
[73.197836] (-) TimerEvent: {}
[73.298147] (-) TimerEvent: {}
[73.398415] (-) TimerEvent: {}
[73.498657] (-) TimerEvent: {}
[73.598929] (-) TimerEvent: {}
[73.699180] (-) TimerEvent: {}
[73.799411] (-) TimerEvent: {}
[73.899669] (-) TimerEvent: {}
[73.999899] (-) TimerEvent: {}
[74.100204] (-) TimerEvent: {}
[74.200442] (-) TimerEvent: {}
[74.300784] (-) TimerEvent: {}
[74.401035] (-) TimerEvent: {}
[74.501352] (-) TimerEvent: {}
[74.601600] (-) TimerEvent: {}
[74.701843] (-) TimerEvent: {}
[74.802112] (-) TimerEvent: {}
[74.902360] (-) TimerEvent: {}
[75.002623] (-) TimerEvent: {}
[75.102892] (-) TimerEvent: {}
[75.203170] (-) TimerEvent: {}
[75.303424] (-) TimerEvent: {}
[75.403698] (-) TimerEvent: {}
[75.503943] (-) TimerEvent: {}
[75.604229] (-) TimerEvent: {}
[75.704487] (-) TimerEvent: {}
[75.804841] (-) TimerEvent: {}
[75.905105] (-) TimerEvent: {}
[76.005349] (-) TimerEvent: {}
[76.105583] (-) TimerEvent: {}
[76.205813] (-) TimerEvent: {}
[76.306049] (-) TimerEvent: {}
[76.406284] (-) TimerEvent: {}
[76.506513] (-) TimerEvent: {}
[76.606752] (-) TimerEvent: {}
[76.706997] (-) TimerEvent: {}
[76.807249] (-) TimerEvent: {}
[76.907521] (-) TimerEvent: {}
[77.007755] (-) TimerEvent: {}
[77.108021] (-) TimerEvent: {}
[77.208285] (-) TimerEvent: {}
[77.308541] (-) TimerEvent: {}
[77.408783] (-) TimerEvent: {}
[77.509040] (-) TimerEvent: {}
[77.609294] (-) TimerEvent: {}
[77.709571] (-) TimerEvent: {}
[77.809915] (-) TimerEvent: {}
[77.910198] (-) TimerEvent: {}
[78.010518] (-) TimerEvent: {}
[78.110844] (-) TimerEvent: {}
[78.211214] (-) TimerEvent: {}
[78.311547] (-) TimerEvent: {}
[78.411872] (-) TimerEvent: {}
[78.512311] (-) TimerEvent: {}
[78.612670] (-) TimerEvent: {}
[78.712976] (-) TimerEvent: {}
[78.813348] (-) TimerEvent: {}
[78.913757] (-) TimerEvent: {}
[79.014196] (-) TimerEvent: {}
[79.114556] (-) TimerEvent: {}
[79.214948] (-) TimerEvent: {}
[79.315211] (-) TimerEvent: {}
[79.415490] (-) TimerEvent: {}
[79.515815] (-) TimerEvent: {}
[79.616142] (-) TimerEvent: {}
[79.716386] (-) TimerEvent: {}
[79.816680] (-) TimerEvent: {}
[79.916956] (-) TimerEvent: {}
[80.017177] (-) TimerEvent: {}
[80.117420] (-) TimerEvent: {}
[80.217675] (-) TimerEvent: {}
[80.317902] (-) TimerEvent: {}
[80.418212] (-) TimerEvent: {}
[80.518497] (-) TimerEvent: {}
[80.618758] (-) TimerEvent: {}
[80.719030] (-) TimerEvent: {}
[80.819305] (-) TimerEvent: {}
[80.919530] (-) TimerEvent: {}
[81.019761] (-) TimerEvent: {}
[81.119987] (-) TimerEvent: {}
[81.220178] (-) TimerEvent: {}
[81.320403] (-) TimerEvent: {}
[81.420673] (-) TimerEvent: {}
[81.520923] (-) TimerEvent: {}
[81.621155] (-) TimerEvent: {}
[81.721425] (-) TimerEvent: {}
[81.821688] (-) TimerEvent: {}
[81.921934] (-) TimerEvent: {}
[82.022207] (-) TimerEvent: {}
[82.122431] (-) TimerEvent: {}
[82.222695] (-) TimerEvent: {}
[82.322976] (-) TimerEvent: {}
[82.423221] (-) TimerEvent: {}
[82.523459] (-) TimerEvent: {}
[82.623744] (-) TimerEvent: {}
[82.723968] (-) TimerEvent: {}
[82.824182] (-) TimerEvent: {}
[82.924425] (-) TimerEvent: {}
[83.024725] (-) TimerEvent: {}
[83.124998] (-) TimerEvent: {}
[83.225273] (-) TimerEvent: {}
[83.325547] (-) TimerEvent: {}
[83.425836] (-) TimerEvent: {}
[83.526126] (-) TimerEvent: {}
[83.626405] (-) TimerEvent: {}
[83.726657] (-) TimerEvent: {}
[83.826888] (-) TimerEvent: {}
[83.927140] (-) TimerEvent: {}
[84.027383] (-) TimerEvent: {}
[84.127625] (-) TimerEvent: {}
[84.227827] (-) TimerEvent: {}
[84.328078] (-) TimerEvent: {}
[84.428323] (-) TimerEvent: {}
[84.528596] (-) TimerEvent: {}
[84.628845] (-) TimerEvent: {}
[84.729108] (-) TimerEvent: {}
[84.829350] (-) TimerEvent: {}
[84.929590] (-) TimerEvent: {}
[85.029864] (-) TimerEvent: {}
[85.130121] (-) TimerEvent: {}
[85.230426] (-) TimerEvent: {}
[85.330697] (-) TimerEvent: {}
[85.430948] (-) TimerEvent: {}
[85.531201] (-) TimerEvent: {}
[85.631570] (-) TimerEvent: {}
[85.731901] (-) TimerEvent: {}
[85.832293] (-) TimerEvent: {}
[85.932606] (-) TimerEvent: {}
[86.032943] (-) TimerEvent: {}
[86.133318] (-) TimerEvent: {}
[86.233731] (-) TimerEvent: {}
[86.334052] (-) TimerEvent: {}
[86.434373] (-) TimerEvent: {}
[86.534658] (-) TimerEvent: {}
[86.634898] (-) TimerEvent: {}
[86.735160] (-) TimerEvent: {}
[86.835444] (-) TimerEvent: {}
[86.935756] (-) TimerEvent: {}
[87.035995] (-) TimerEvent: {}
[87.136241] (-) TimerEvent: {}
[87.236586] (-) TimerEvent: {}
[87.336834] (-) TimerEvent: {}
[87.437120] (-) TimerEvent: {}
[87.537530] (-) TimerEvent: {}
[87.637848] (-) TimerEvent: {}
[87.738292] (-) TimerEvent: {}
[87.838608] (-) TimerEvent: {}
[87.938913] (-) TimerEvent: {}
[88.039202] (-) TimerEvent: {}
[88.139493] (-) TimerEvent: {}
[88.239832] (-) TimerEvent: {}
[88.340199] (-) TimerEvent: {}
[88.440576] (-) TimerEvent: {}
[88.540902] (-) TimerEvent: {}
[88.641202] (-) TimerEvent: {}
[88.741548] (-) TimerEvent: {}
[88.841880] (-) TimerEvent: {}
[88.942197] (-) TimerEvent: {}
[89.042515] (-) TimerEvent: {}
[89.142825] (-) TimerEvent: {}
[89.243150] (-) TimerEvent: {}
[89.343458] (-) TimerEvent: {}
[89.443773] (-) TimerEvent: {}
[89.544086] (-) TimerEvent: {}
[89.644420] (-) TimerEvent: {}
[89.744740] (-) TimerEvent: {}
[89.844983] (-) TimerEvent: {}
[89.945209] (-) TimerEvent: {}
[90.045528] (-) TimerEvent: {}
[90.145839] (-) TimerEvent: {}
[90.246163] (-) TimerEvent: {}
[90.346475] (-) TimerEvent: {}
[90.446802] (-) TimerEvent: {}
[90.547143] (-) TimerEvent: {}
[90.647467] (-) TimerEvent: {}
[90.747858] (-) TimerEvent: {}
[90.848297] (-) TimerEvent: {}
[90.948635] (-) TimerEvent: {}
[91.048971] (-) TimerEvent: {}
[91.149299] (-) TimerEvent: {}
[91.249640] (-) TimerEvent: {}
[91.350025] (-) TimerEvent: {}
[91.450383] (-) TimerEvent: {}
[91.550685] (-) TimerEvent: {}
[91.650985] (-) TimerEvent: {}
[91.751307] (-) TimerEvent: {}
[91.851669] (-) TimerEvent: {}
[91.951979] (-) TimerEvent: {}
[92.052297] (-) TimerEvent: {}
[92.152605] (-) TimerEvent: {}
[92.252917] (-) TimerEvent: {}
[92.353196] (-) TimerEvent: {}
[92.453506] (-) TimerEvent: {}
[92.553809] (-) TimerEvent: {}
[92.654112] (-) TimerEvent: {}
[92.754472] (-) TimerEvent: {}
[92.854886] (-) TimerEvent: {}
[92.955202] (-) TimerEvent: {}
[93.055500] (-) TimerEvent: {}
[93.155897] (-) TimerEvent: {}
[93.256545] (-) TimerEvent: {}
[93.357202] (-) TimerEvent: {}
[93.458004] (-) TimerEvent: {}
[93.558432] (-) TimerEvent: {}
[93.658961] (-) TimerEvent: {}
[93.759279] (-) TimerEvent: {}
[93.859627] (-) TimerEvent: {}
[93.959928] (-) TimerEvent: {}
[94.060211] (-) TimerEvent: {}
[94.160450] (-) TimerEvent: {}
[94.260707] (-) TimerEvent: {}
[94.360979] (-) TimerEvent: {}
[94.461219] (-) TimerEvent: {}
[94.561451] (-) TimerEvent: {}
[94.661703] (-) TimerEvent: {}
[94.761932] (-) TimerEvent: {}
[94.862205] (-) TimerEvent: {}
[94.962429] (-) TimerEvent: {}
[95.062696] (-) TimerEvent: {}
[95.162956] (-) TimerEvent: {}
[95.263179] (-) TimerEvent: {}
[95.363414] (-) TimerEvent: {}
[95.463692] (-) TimerEvent: {}
[95.563958] (-) TimerEvent: {}
[95.664180] (-) TimerEvent: {}
[95.764439] (-) TimerEvent: {}
[95.864663] (-) TimerEvent: {}
[95.964892] (-) TimerEvent: {}
[96.065122] (-) TimerEvent: {}
[96.165360] (-) TimerEvent: {}
[96.265617] (-) TimerEvent: {}
[96.365878] (-) TimerEvent: {}
[96.466128] (-) TimerEvent: {}
[96.566372] (-) TimerEvent: {}
[96.666629] (-) TimerEvent: {}
[96.766863] (-) TimerEvent: {}
[96.867095] (-) TimerEvent: {}
[96.967337] (-) TimerEvent: {}
[97.067575] (-) TimerEvent: {}
[97.167817] (-) TimerEvent: {}
[97.268092] (-) TimerEvent: {}
[97.368335] (-) TimerEvent: {}
[97.468568] (-) TimerEvent: {}
[97.568803] (-) TimerEvent: {}
[97.669042] (-) TimerEvent: {}
[97.769281] (-) TimerEvent: {}
[97.869550] (-) TimerEvent: {}
[97.969783] (-) TimerEvent: {}
[98.070019] (-) TimerEvent: {}
[98.170266] (-) TimerEvent: {}
[98.270508] (-) TimerEvent: {}
[98.370778] (-) TimerEvent: {}
[98.471018] (-) TimerEvent: {}
[98.571259] (-) TimerEvent: {}
[98.671491] (-) TimerEvent: {}
[98.771719] (-) TimerEvent: {}
[98.871965] (-) TimerEvent: {}
[98.972238] (-) TimerEvent: {}
[99.072505] (-) TimerEvent: {}
[99.172768] (-) TimerEvent: {}
[99.273037] (-) TimerEvent: {}
[99.373284] (-) TimerEvent: {}
[99.473518] (-) TimerEvent: {}
[99.573789] (-) TimerEvent: {}
[99.674058] (-) TimerEvent: {}
[99.774327] (-) TimerEvent: {}
[99.874590] (-) TimerEvent: {}
[99.974861] (-) TimerEvent: {}
[100.075097] (-) TimerEvent: {}
[100.175330] (-) TimerEvent: {}
[100.275575] (-) TimerEvent: {}
[100.375825] (-) TimerEvent: {}
[100.476074] (-) TimerEvent: {}
[100.576333] (-) TimerEvent: {}
[100.676579] (-) TimerEvent: {}
[100.776873] (-) TimerEvent: {}
[100.877120] (-) TimerEvent: {}
[100.977388] (-) TimerEvent: {}
[101.079369] (-) TimerEvent: {}
[101.179633] (-) TimerEvent: {}
[101.279901] (-) TimerEvent: {}
[101.380195] (-) TimerEvent: {}
[101.480464] (-) TimerEvent: {}
[101.580778] (-) TimerEvent: {}
[101.681040] (-) TimerEvent: {}
[101.781310] (-) TimerEvent: {}
[101.881543] (-) TimerEvent: {}
[101.981812] (-) TimerEvent: {}
[102.082085] (-) TimerEvent: {}
[102.182379] (-) TimerEvent: {}
[102.282620] (-) TimerEvent: {}
[102.382915] (-) TimerEvent: {}
[102.483199] (-) TimerEvent: {}
[102.583452] (-) TimerEvent: {}
[102.683682] (-) TimerEvent: {}
[102.783941] (-) TimerEvent: {}
[102.884183] (-) TimerEvent: {}
[102.984412] (-) TimerEvent: {}
[103.084673] (-) TimerEvent: {}
[103.184929] (-) TimerEvent: {}
[103.285193] (-) TimerEvent: {}
[103.385419] (-) TimerEvent: {}
[103.485647] (-) TimerEvent: {}
[103.585923] (-) TimerEvent: {}
[103.686212] (-) TimerEvent: {}
[103.786406] (-) TimerEvent: {}
[103.886646] (-) TimerEvent: {}
[103.986879] (-) TimerEvent: {}
[104.087149] (-) TimerEvent: {}
[104.187379] (-) TimerEvent: {}
[104.287613] (-) TimerEvent: {}
[104.387847] (-) TimerEvent: {}
[104.488118] (-) TimerEvent: {}
[104.588354] (-) TimerEvent: {}
[104.688612] (-) TimerEvent: {}
[104.788850] (-) TimerEvent: {}
[104.889079] (-) TimerEvent: {}
[104.989313] (-) TimerEvent: {}
[105.089553] (-) TimerEvent: {}
[105.189815] (-) TimerEvent: {}
[105.290047] (-) TimerEvent: {}
[105.390287] (-) TimerEvent: {}
[105.490525] (-) TimerEvent: {}
[105.590788] (-) TimerEvent: {}
[105.691018] (-) TimerEvent: {}
[105.791271] (-) TimerEvent: {}
[105.891495] (-) TimerEvent: {}
[105.991783] (-) TimerEvent: {}
[106.092082] (-) TimerEvent: {}
[106.192333] (-) TimerEvent: {}
[106.292568] (-) TimerEvent: {}
[106.392850] (-) TimerEvent: {}
[106.493092] (-) TimerEvent: {}
[106.593342] (-) TimerEvent: {}
[106.693597] (-) TimerEvent: {}
[106.793839] (-) TimerEvent: {}
[106.894144] (-) TimerEvent: {}
[106.994396] (-) TimerEvent: {}
[107.094708] (-) TimerEvent: {}
[107.194945] (-) TimerEvent: {}
[107.295219] (-) TimerEvent: {}
[107.395479] (-) TimerEvent: {}
[107.495763] (-) TimerEvent: {}
[107.596047] (-) TimerEvent: {}
[107.696290] (-) TimerEvent: {}
[107.796575] (-) TimerEvent: {}
[107.896840] (-) TimerEvent: {}
[107.997130] (-) TimerEvent: {}
[108.097379] (-) TimerEvent: {}
[108.197640] (-) TimerEvent: {}
[108.297960] (-) TimerEvent: {}
[108.398312] (-) TimerEvent: {}
[108.498722] (-) TimerEvent: {}
[108.599000] (-) TimerEvent: {}
[108.699348] (-) TimerEvent: {}
[108.799674] (-) TimerEvent: {}
[108.900006] (-) TimerEvent: {}
[109.000253] (-) TimerEvent: {}
[109.100498] (-) TimerEvent: {}
[109.200773] (-) TimerEvent: {}
[109.301025] (-) TimerEvent: {}
[109.401307] (-) TimerEvent: {}
[109.501604] (-) TimerEvent: {}
[109.601863] (-) TimerEvent: {}
[109.702229] (-) TimerEvent: {}
[109.802462] (-) TimerEvent: {}
[109.902701] (-) TimerEvent: {}
[110.002938] (-) TimerEvent: {}
[110.103181] (-) TimerEvent: {}
[110.203424] (-) TimerEvent: {}
[110.303683] (-) TimerEvent: {}
[110.403955] (-) TimerEvent: {}
[110.504226] (-) TimerEvent: {}
[110.604466] (-) TimerEvent: {}
[110.704703] (-) TimerEvent: {}
[110.805002] (-) TimerEvent: {}
[110.905413] (-) TimerEvent: {}
[111.005696] (-) TimerEvent: {}
[111.105960] (-) TimerEvent: {}
[111.206198] (-) TimerEvent: {}
[111.306498] (-) TimerEvent: {}
[111.406775] (-) TimerEvent: {}
[111.507064] (-) TimerEvent: {}
[111.607360] (-) TimerEvent: {}
[111.707612] (-) TimerEvent: {}
[111.807924] (-) TimerEvent: {}
[111.908195] (-) TimerEvent: {}
[112.008487] (-) TimerEvent: {}
[112.108800] (-) TimerEvent: {}
[112.209045] (-) TimerEvent: {}
[112.309347] (-) TimerEvent: {}
[112.409625] (-) TimerEvent: {}
[112.509896] (-) TimerEvent: {}
[112.610191] (-) TimerEvent: {}
[112.710498] (-) TimerEvent: {}
[112.810763] (-) TimerEvent: {}
[112.911031] (-) TimerEvent: {}
[113.011307] (-) TimerEvent: {}
[113.111603] (-) TimerEvent: {}
[113.211899] (-) TimerEvent: {}
[113.312167] (-) TimerEvent: {}
[113.412506] (-) TimerEvent: {}
[113.512837] (-) TimerEvent: {}
[113.613201] (-) TimerEvent: {}
[113.713545] (-) TimerEvent: {}
[113.813885] (-) TimerEvent: {}
[113.914201] (-) TimerEvent: {}
[114.014551] (-) TimerEvent: {}
[114.114875] (-) TimerEvent: {}
[114.215203] (-) TimerEvent: {}
[114.315528] (-) TimerEvent: {}
[114.415853] (-) TimerEvent: {}
[114.516198] (-) TimerEvent: {}
[114.616515] (-) TimerEvent: {}
[114.716835] (-) TimerEvent: {}
[114.817155] (-) TimerEvent: {}
[114.917475] (-) TimerEvent: {}
[115.017809] (-) TimerEvent: {}
[115.118138] (-) TimerEvent: {}
[115.218493] (-) TimerEvent: {}
[115.318764] (-) TimerEvent: {}
[115.419019] (-) TimerEvent: {}
[115.519292] (-) TimerEvent: {}
[115.619575] (-) TimerEvent: {}
[115.719860] (-) TimerEvent: {}
[115.820154] (-) TimerEvent: {}
[115.920420] (-) TimerEvent: {}
[116.020657] (-) TimerEvent: {}
[116.120943] (-) TimerEvent: {}
[116.221194] (-) TimerEvent: {}
[116.321455] (-) TimerEvent: {}
[116.421702] (-) TimerEvent: {}
[116.521964] (-) TimerEvent: {}
[116.622184] (-) TimerEvent: {}
[116.722417] (-) TimerEvent: {}
[116.822647] (-) TimerEvent: {}
[116.922872] (-) TimerEvent: {}
[117.023101] (-) TimerEvent: {}
[117.123369] (-) TimerEvent: {}
[117.223601] (-) TimerEvent: {}
[117.323862] (-) TimerEvent: {}
[117.424114] (-) TimerEvent: {}
[117.524446] (-) TimerEvent: {}
[117.624771] (-) TimerEvent: {}
[117.725072] (-) TimerEvent: {}
[117.825406] (-) TimerEvent: {}
[117.925727] (-) TimerEvent: {}
[118.026041] (-) TimerEvent: {}
[118.126359] (-) TimerEvent: {}
[118.226674] (-) TimerEvent: {}
[118.326976] (-) TimerEvent: {}
[118.427293] (-) TimerEvent: {}
[118.527611] (-) TimerEvent: {}
[118.627923] (-) TimerEvent: {}
[118.728260] (-) TimerEvent: {}
[118.828585] (-) TimerEvent: {}
[118.928909] (-) TimerEvent: {}
[119.029214] (-) TimerEvent: {}
[119.129450] (-) TimerEvent: {}
[119.229701] (-) TimerEvent: {}
[119.330003] (-) TimerEvent: {}
[119.430260] (-) TimerEvent: {}
[119.530579] (-) TimerEvent: {}
[119.630884] (-) TimerEvent: {}
[119.731180] (-) TimerEvent: {}
[119.831451] (-) TimerEvent: {}
[119.931764] (-) TimerEvent: {}
[120.032034] (-) TimerEvent: {}
[120.132436] (-) TimerEvent: {}
[120.232708] (-) TimerEvent: {}
[120.332949] (-) TimerEvent: {}
[120.433183] (-) TimerEvent: {}
[120.533419] (-) TimerEvent: {}
[120.633652] (-) TimerEvent: {}
[120.733911] (-) TimerEvent: {}
[120.834140] (-) TimerEvent: {}
[120.934369] (-) TimerEvent: {}
[121.034606] (-) TimerEvent: {}
[121.134834] (-) TimerEvent: {}
[121.235100] (-) TimerEvent: {}
[121.336526] (-) TimerEvent: {}
[121.436796] (-) TimerEvent: {}
[121.537028] (-) TimerEvent: {}
[121.637280] (-) TimerEvent: {}
[121.737519] (-) TimerEvent: {}
[121.837770] (-) TimerEvent: {}
[121.938000] (-) TimerEvent: {}
[122.038181] (-) TimerEvent: {}
[122.138408] (-) TimerEvent: {}
[122.238641] (-) TimerEvent: {}
[122.338877] (-) TimerEvent: {}
[122.439118] (-) TimerEvent: {}
[122.539419] (-) TimerEvent: {}
[122.639649] (-) TimerEvent: {}
[122.739879] (-) TimerEvent: {}
[122.840104] (-) TimerEvent: {}
[122.940337] (-) TimerEvent: {}
[123.040606] (-) TimerEvent: {}
[123.140871] (-) TimerEvent: {}
[123.241104] (-) TimerEvent: {}
[123.341343] (-) TimerEvent: {}
[123.441565] (-) TimerEvent: {}
[123.541790] (-) TimerEvent: {}
[123.642015] (-) TimerEvent: {}
[123.742243] (-) TimerEvent: {}
[123.842462] (-) TimerEvent: {}
[123.942693] (-) TimerEvent: {}
[124.042957] (-) TimerEvent: {}
[124.143191] (-) TimerEvent: {}
[124.243439] (-) TimerEvent: {}
[124.343668] (-) TimerEvent: {}
[124.443929] (-) TimerEvent: {}
[124.544168] (-) TimerEvent: {}
[124.644402] (-) TimerEvent: {}
[124.744677] (-) TimerEvent: {}
[124.844917] (-) TimerEvent: {}
[124.945195] (-) TimerEvent: {}
[125.045437] (-) TimerEvent: {}
[125.145685] (-) TimerEvent: {}
[125.245950] (-) TimerEvent: {}
[125.346203] (-) TimerEvent: {}
[125.446505] (-) TimerEvent: {}
[125.546744] (-) TimerEvent: {}
[125.647027] (-) TimerEvent: {}
[125.747319] (-) TimerEvent: {}
[125.847685] (-) TimerEvent: {}
[125.947911] (-) TimerEvent: {}
[126.048152] (-) TimerEvent: {}
[126.148372] (-) TimerEvent: {}
[126.248635] (-) TimerEvent: {}
[126.348863] (-) TimerEvent: {}
[126.449103] (-) TimerEvent: {}
[126.549340] (-) TimerEvent: {}
[126.649616] (-) TimerEvent: {}
[126.749881] (-) TimerEvent: {}
[126.850111] (-) TimerEvent: {}
[126.950333] (-) TimerEvent: {}
[127.050560] (-) TimerEvent: {}
[127.150825] (-) TimerEvent: {}
[127.251119] (-) TimerEvent: {}
[127.351369] (-) TimerEvent: {}
[127.451618] (-) TimerEvent: {}
[127.551863] (-) TimerEvent: {}
[127.652167] (-) TimerEvent: {}
[127.752437] (-) TimerEvent: {}
[127.852709] (-) TimerEvent: {}
[127.952963] (-) TimerEvent: {}
[128.053183] (-) TimerEvent: {}
[128.153432] (-) TimerEvent: {}
[128.253684] (-) TimerEvent: {}
[128.353910] (-) TimerEvent: {}
[128.454142] (-) TimerEvent: {}
[128.554372] (-) TimerEvent: {}
[128.654604] (-) TimerEvent: {}
[128.754835] (-) TimerEvent: {}
[128.855100] (-) TimerEvent: {}
[128.955337] (-) TimerEvent: {}
[129.055569] (-) TimerEvent: {}
[129.155828] (-) TimerEvent: {}
[129.256064] (-) TimerEvent: {}
[129.356307] (-) TimerEvent: {}
[129.456587] (-) TimerEvent: {}
[129.556813] (-) TimerEvent: {}
[129.657113] (-) TimerEvent: {}
[129.757345] (-) TimerEvent: {}
[129.857602] (-) TimerEvent: {}
[129.957839] (-) TimerEvent: {}
[130.058100] (-) TimerEvent: {}
[130.158340] (-) TimerEvent: {}
[130.258573] (-) TimerEvent: {}
[130.358864] (-) TimerEvent: {}
[130.459173] (-) TimerEvent: {}
[130.559505] (-) TimerEvent: {}
[130.659822] (-) TimerEvent: {}
[130.760123] (-) TimerEvent: {}
[130.860443] (-) TimerEvent: {}
[130.960772] (-) TimerEvent: {}
[131.061099] (-) TimerEvent: {}
[131.161404] (-) TimerEvent: {}
[131.261720] (-) TimerEvent: {}
[131.362044] (-) TimerEvent: {}
[131.462360] (-) TimerEvent: {}
[131.562685] (-) TimerEvent: {}
[131.663001] (-) TimerEvent: {}
[131.763236] (-) TimerEvent: {}
[131.863492] (-) TimerEvent: {}
[131.963720] (-) TimerEvent: {}
[132.063949] (-) TimerEvent: {}
[132.164179] (-) TimerEvent: {}
[132.264408] (-) TimerEvent: {}
[132.364631] (-) TimerEvent: {}
[132.464859] (-) TimerEvent: {}
[132.565114] (-) TimerEvent: {}
[132.665357] (-) TimerEvent: {}
[132.765586] (-) TimerEvent: {}
[132.865904] (-) TimerEvent: {}
[132.966530] (-) TimerEvent: {}
[133.067170] (-) TimerEvent: {}
[133.167720] (-) TimerEvent: {}
[133.267966] (-) TimerEvent: {}
[133.368227] (-) TimerEvent: {}
[133.468452] (-) TimerEvent: {}
[133.568693] (-) TimerEvent: {}
[133.668951] (-) TimerEvent: {}
[133.769267] (-) TimerEvent: {}
[133.869608] (-) TimerEvent: {}
[133.969943] (-) TimerEvent: {}
[134.070227] (-) TimerEvent: {}
[134.170523] (-) TimerEvent: {}
[134.270836] (-) TimerEvent: {}
[134.371176] (-) TimerEvent: {}
[134.471476] (-) TimerEvent: {}
[134.571780] (-) TimerEvent: {}
[134.672135] (-) TimerEvent: {}
[134.772411] (-) TimerEvent: {}
[134.872651] (-) TimerEvent: {}
[134.972896] (-) TimerEvent: {}
[135.073142] (-) TimerEvent: {}
[135.173378] (-) TimerEvent: {}
[135.273613] (-) TimerEvent: {}
[135.373853] (-) TimerEvent: {}
[135.474086] (-) TimerEvent: {}
[135.574309] (-) TimerEvent: {}
[135.674562] (-) TimerEvent: {}
[135.774821] (-) TimerEvent: {}
[135.875043] (-) TimerEvent: {}
[135.975266] (-) TimerEvent: {}
[136.075490] (-) TimerEvent: {}
[136.175736] (-) TimerEvent: {}
[136.275953] (-) TimerEvent: {}
[136.376196] (-) TimerEvent: {}
[136.476460] (-) TimerEvent: {}
[136.576704] (-) TimerEvent: {}
[136.676949] (-) TimerEvent: {}
[136.777270] (-) TimerEvent: {}
[136.877577] (-) TimerEvent: {}
[136.977880] (-) TimerEvent: {}
[137.078195] (-) TimerEvent: {}
[137.178514] (-) TimerEvent: {}
[137.278828] (-) TimerEvent: {}
[137.379138] (-) TimerEvent: {}
[137.479388] (-) TimerEvent: {}
[137.579754] (-) TimerEvent: {}
[137.680006] (-) TimerEvent: {}
[137.780280] (-) TimerEvent: {}
[137.880558] (-) TimerEvent: {}
[137.980820] (-) TimerEvent: {}
[138.081071] (-) TimerEvent: {}
[138.181379] (-) TimerEvent: {}
[138.281639] (-) TimerEvent: {}
[138.381963] (-) TimerEvent: {}
[138.482628] (-) TimerEvent: {}
[138.582895] (-) TimerEvent: {}
[138.683174] (-) TimerEvent: {}
[138.783581] (-) TimerEvent: {}
[138.884021] (-) TimerEvent: {}
[138.984489] (-) TimerEvent: {}
[139.085077] (-) TimerEvent: {}
[139.185713] (-) TimerEvent: {}
[139.286357] (-) TimerEvent: {}
[139.387017] (-) TimerEvent: {}
[139.487706] (-) TimerEvent: {}
[139.588473] (-) TimerEvent: {}
[139.689055] (-) TimerEvent: {}
[139.789729] (-) TimerEvent: {}
[139.890316] (-) TimerEvent: {}
[139.990858] (-) TimerEvent: {}
[140.091492] (-) TimerEvent: {}
[140.192081] (-) TimerEvent: {}
[140.292664] (-) TimerEvent: {}
[140.393167] (-) TimerEvent: {}
[140.493682] (-) TimerEvent: {}
[140.594280] (-) TimerEvent: {}
[140.694797] (-) TimerEvent: {}
[140.795478] (-) TimerEvent: {}
[140.896184] (-) TimerEvent: {}
[140.996704] (-) TimerEvent: {}
[141.097206] (-) TimerEvent: {}
[141.197684] (-) TimerEvent: {}
[141.298118] (-) TimerEvent: {}
[141.398796] (-) TimerEvent: {}
[141.499275] (-) TimerEvent: {}
[141.599851] (-) TimerEvent: {}
[141.700336] (-) TimerEvent: {}
[141.800752] (-) TimerEvent: {}
[141.901306] (-) TimerEvent: {}
[142.001916] (-) TimerEvent: {}
[142.102445] (-) TimerEvent: {}
[142.202941] (-) TimerEvent: {}
[142.303543] (-) TimerEvent: {}
[142.404103] (-) TimerEvent: {}
[142.504764] (-) TimerEvent: {}
[142.605247] (-) TimerEvent: {}
[142.705752] (-) TimerEvent: {}
[142.806259] (-) TimerEvent: {}
[142.906753] (-) TimerEvent: {}
[143.007263] (-) TimerEvent: {}
[143.107840] (-) TimerEvent: {}
[143.208299] (-) TimerEvent: {}
[143.308758] (-) TimerEvent: {}
[143.409242] (-) TimerEvent: {}
[143.509759] (-) TimerEvent: {}
[143.610324] (-) TimerEvent: {}
[143.710802] (-) TimerEvent: {}
[143.811190] (-) TimerEvent: {}
[143.911600] (-) TimerEvent: {}
[144.012222] (-) TimerEvent: {}
[144.112604] (-) TimerEvent: {}
[144.213083] (-) TimerEvent: {}
[144.313657] (-) TimerEvent: {}
[144.414086] (-) TimerEvent: {}
[144.514529] (-) TimerEvent: {}
[144.615035] (-) TimerEvent: {}
[144.715573] (-) TimerEvent: {}
[144.816079] (-) TimerEvent: {}
[144.916679] (-) TimerEvent: {}
[145.017196] (-) TimerEvent: {}
[145.117679] (-) TimerEvent: {}
[145.218115] (-) TimerEvent: {}
[145.318571] (-) TimerEvent: {}
[145.418890] (-) TimerEvent: {}
[145.519318] (-) TimerEvent: {}
[145.619710] (-) TimerEvent: {}
[145.720157] (-) TimerEvent: {}
[145.820613] (-) TimerEvent: {}
[145.921108] (-) TimerEvent: {}
[146.021561] (-) TimerEvent: {}
[146.122025] (-) TimerEvent: {}
[146.222467] (-) TimerEvent: {}
[146.322785] (-) TimerEvent: {}
[146.423144] (-) TimerEvent: {}
[146.523582] (-) TimerEvent: {}
[146.623892] (-) TimerEvent: {}
[146.724203] (-) TimerEvent: {}
[146.824533] (-) TimerEvent: {}
[146.924911] (-) TimerEvent: {}
[147.025346] (-) TimerEvent: {}
[147.125588] (-) TimerEvent: {}
[147.225909] (-) TimerEvent: {}
[147.326186] (-) TimerEvent: {}
[147.426503] (-) TimerEvent: {}
[147.526949] (-) TimerEvent: {}
[147.627393] (-) TimerEvent: {}
[147.727720] (-) TimerEvent: {}
[147.828060] (-) TimerEvent: {}
[147.928526] (-) TimerEvent: {}
[148.028859] (-) TimerEvent: {}
[148.129301] (-) TimerEvent: {}
[148.229593] (-) TimerEvent: {}
[148.330032] (-) TimerEvent: {}
[148.430328] (-) TimerEvent: {}
[148.530743] (-) TimerEvent: {}
[148.631062] (-) TimerEvent: {}
[148.731375] (-) TimerEvent: {}
[148.831700] (-) TimerEvent: {}
[148.932062] (-) TimerEvent: {}
[149.032474] (-) TimerEvent: {}
[149.132845] (-) TimerEvent: {}
[149.233150] (-) TimerEvent: {}
[149.333544] (-) TimerEvent: {}
[149.433808] (-) TimerEvent: {}
[149.534116] (-) TimerEvent: {}
[149.634459] (-) TimerEvent: {}
[149.734919] (-) TimerEvent: {}
[149.835221] (-) TimerEvent: {}
[149.935554] (-) TimerEvent: {}
[150.035908] (-) TimerEvent: {}
[150.136335] (-) TimerEvent: {}
[150.236675] (-) TimerEvent: {}
[150.337016] (-) TimerEvent: {}
[150.437505] (-) TimerEvent: {}
[150.538221] (-) TimerEvent: {}
[150.638564] (-) TimerEvent: {}
[150.738873] (-) TimerEvent: {}
[150.839199] (-) TimerEvent: {}
[150.939617] (-) TimerEvent: {}
[151.040344] (-) TimerEvent: {}
[151.140899] (-) TimerEvent: {}
[151.241279] (-) TimerEvent: {}
[151.341601] (-) TimerEvent: {}
[151.441921] (-) TimerEvent: {}
[151.542198] (-) TimerEvent: {}
[151.642510] (-) TimerEvent: {}
[151.742836] (-) TimerEvent: {}
[151.843417] (-) TimerEvent: {}
[151.943759] (-) TimerEvent: {}
[152.044128] (-) TimerEvent: {}
[152.144496] (-) TimerEvent: {}
[152.244847] (-) TimerEvent: {}
[152.345220] (-) TimerEvent: {}
[152.445577] (-) TimerEvent: {}
[152.545917] (-) TimerEvent: {}
[152.646274] (-) TimerEvent: {}
[152.746627] (-) TimerEvent: {}
[152.846957] (-) TimerEvent: {}
[152.947302] (-) TimerEvent: {}
[153.047645] (-) TimerEvent: {}
[153.149261] (-) TimerEvent: {}
[153.249681] (-) TimerEvent: {}
[153.349999] (-) TimerEvent: {}
[153.450457] (-) TimerEvent: {}
[153.550836] (-) TimerEvent: {}
[153.651317] (-) TimerEvent: {}
[153.751657] (-) TimerEvent: {}
[153.852025] (-) TimerEvent: {}
[153.952396] (-) TimerEvent: {}
[154.052756] (-) TimerEvent: {}
[154.153117] (-) TimerEvent: {}
[154.253442] (-) TimerEvent: {}
[154.353766] (-) TimerEvent: {}
[154.454140] (-) TimerEvent: {}
[154.554470] (-) TimerEvent: {}
[154.654819] (-) TimerEvent: {}
[154.755187] (-) TimerEvent: {}
[154.855606] (-) TimerEvent: {}
[154.956290] (-) TimerEvent: {}
[155.056662] (-) TimerEvent: {}
[155.156923] (-) TimerEvent: {}
[155.257290] (-) TimerEvent: {}
[155.357601] (-) TimerEvent: {}
[155.458227] (-) TimerEvent: {}
[155.558807] (-) TimerEvent: {}
[155.659421] (-) TimerEvent: {}
[155.759738] (-) TimerEvent: {}
[155.860260] (-) TimerEvent: {}
[155.960617] (-) TimerEvent: {}
[156.061145] (-) TimerEvent: {}
[156.161510] (-) TimerEvent: {}
[156.262061] (-) TimerEvent: {}
[156.362492] (-) TimerEvent: {}
[156.462765] (-) TimerEvent: {}
[156.563073] (-) TimerEvent: {}
[156.663345] (-) TimerEvent: {}
[156.763737] (-) TimerEvent: {}
[156.864193] (-) TimerEvent: {}
[156.964668] (-) TimerEvent: {}
[157.064967] (-) TimerEvent: {}
[157.165530] (-) TimerEvent: {}
[157.265841] (-) TimerEvent: {}
[157.366476] (-) TimerEvent: {}
[157.466795] (-) TimerEvent: {}
[157.567334] (-) TimerEvent: {}
[157.667839] (-) TimerEvent: {}
[157.768159] (-) TimerEvent: {}
[157.868763] (-) TimerEvent: {}
[157.969212] (-) TimerEvent: {}
[158.069740] (-) TimerEvent: {}
[158.170460] (-) TimerEvent: {}
[158.271119] (-) TimerEvent: {}
[158.371536] (-) TimerEvent: {}
[158.471943] (-) TimerEvent: {}
[158.572559] (-) TimerEvent: {}
[158.673028] (-) TimerEvent: {}
[158.773471] (-) TimerEvent: {}
[158.873981] (-) TimerEvent: {}
[158.974643] (-) TimerEvent: {}
[159.075092] (-) TimerEvent: {}
[159.175442] (-) TimerEvent: {}
[159.276016] (-) TimerEvent: {}
[159.376715] (-) TimerEvent: {}
[159.477248] (-) TimerEvent: {}
[159.577968] (-) TimerEvent: {}
[159.678502] (-) TimerEvent: {}
[159.778823] (-) TimerEvent: {}
[159.879275] (-) TimerEvent: {}
[159.979918] (-) TimerEvent: {}
[160.080266] (-) TimerEvent: {}
[160.180774] (-) TimerEvent: {}
[160.281099] (-) TimerEvent: {}
[160.381484] (-) TimerEvent: {}
[160.481836] (-) TimerEvent: {}
[160.582208] (-) TimerEvent: {}
[160.682555] (-) TimerEvent: {}
[160.782964] (-) TimerEvent: {}
[160.883308] (-) TimerEvent: {}
[160.983752] (-) TimerEvent: {}
[161.084212] (-) TimerEvent: {}
[161.184742] (-) TimerEvent: {}
[161.285057] (-) TimerEvent: {}
[161.385397] (-) TimerEvent: {}
[161.485710] (-) TimerEvent: {}
[161.586029] (-) TimerEvent: {}
[161.686375] (-) TimerEvent: {}
[161.786728] (-) TimerEvent: {}
[161.887074] (-) TimerEvent: {}
[161.987392] (-) TimerEvent: {}
[162.087750] (-) TimerEvent: {}
[162.188266] (-) TimerEvent: {}
[162.288655] (-) TimerEvent: {}
[162.388884] (-) TimerEvent: {}
[162.489225] (-) TimerEvent: {}
[162.589742] (-) TimerEvent: {}
[162.689977] (-) TimerEvent: {}
[162.790250] (-) TimerEvent: {}
[162.890485] (-) TimerEvent: {}
[162.990750] (-) TimerEvent: {}
[163.091194] (-) TimerEvent: {}
[163.191670] (-) TimerEvent: {}
[163.291948] (-) TimerEvent: {}
[163.392436] (-) TimerEvent: {}
[163.492729] (-) TimerEvent: {}
[163.592974] (-) TimerEvent: {}
[163.693257] (-) TimerEvent: {}
[163.793534] (-) TimerEvent: {}
[163.893785] (-) TimerEvent: {}
[163.994052] (-) TimerEvent: {}
[164.094437] (-) TimerEvent: {}
[164.194665] (-) TimerEvent: {}
[164.294895] (-) TimerEvent: {}
[164.395162] (-) TimerEvent: {}
[164.495401] (-) TimerEvent: {}
[164.595639] (-) TimerEvent: {}
[164.695944] (-) TimerEvent: {}
[164.796268] (-) TimerEvent: {}
[164.896507] (-) TimerEvent: {}
[164.996750] (-) TimerEvent: {}
[165.097031] (-) TimerEvent: {}
[165.197282] (-) TimerEvent: {}
[165.297595] (-) TimerEvent: {}
[165.397850] (-) TimerEvent: {}
[165.498069] (-) TimerEvent: {}
[165.598321] (-) TimerEvent: {}
[165.698635] (-) TimerEvent: {}
[165.798874] (-) TimerEvent: {}
[165.899166] (-) TimerEvent: {}
[165.999407] (-) TimerEvent: {}
[166.099725] (-) TimerEvent: {}
[166.200163] (-) TimerEvent: {}
[166.300589] (-) TimerEvent: {}
[166.401337] (-) TimerEvent: {}
[166.501845] (-) TimerEvent: {}
[166.602436] (-) TimerEvent: {}
[166.702775] (-) TimerEvent: {}
[166.803206] (-) TimerEvent: {}
[166.903696] (-) TimerEvent: {}
[167.004013] (-) TimerEvent: {}
[167.104504] (-) TimerEvent: {}
[167.204981] (-) TimerEvent: {}
[167.305527] (-) TimerEvent: {}
[167.406097] (-) TimerEvent: {}
[167.506614] (-) TimerEvent: {}
[167.606975] (-) TimerEvent: {}
[167.707355] (-) TimerEvent: {}
[167.807777] (-) TimerEvent: {}
[167.908383] (-) TimerEvent: {}
[168.008997] (-) TimerEvent: {}
[168.109638] (-) TimerEvent: {}
[168.210278] (-) TimerEvent: {}
[168.310997] (-) TimerEvent: {}
[168.411645] (-) TimerEvent: {}
[168.512179] (-) TimerEvent: {}
[168.612625] (-) TimerEvent: {}
[168.713084] (-) TimerEvent: {}
[168.813613] (-) TimerEvent: {}
[168.913939] (-) TimerEvent: {}
[169.014203] (-) TimerEvent: {}
[169.114526] (-) TimerEvent: {}
[169.214858] (-) TimerEvent: {}
[169.315114] (-) TimerEvent: {}
[169.415394] (-) TimerEvent: {}
[169.515659] (-) TimerEvent: {}
[169.615960] (-) TimerEvent: {}
[169.716213] (-) TimerEvent: {}
[169.816476] (-) TimerEvent: {}
[169.916735] (-) TimerEvent: {}
[170.017010] (-) TimerEvent: {}
[170.117327] (-) TimerEvent: {}
[170.217725] (-) TimerEvent: {}
[170.317973] (-) TimerEvent: {}
[170.418192] (-) TimerEvent: {}
[170.518431] (-) TimerEvent: {}
[170.618673] (-) TimerEvent: {}
[170.718918] (-) TimerEvent: {}
[170.819169] (-) TimerEvent: {}
[170.919447] (-) TimerEvent: {}
[171.019676] (-) TimerEvent: {}
[171.119947] (-) TimerEvent: {}
[171.220214] (-) TimerEvent: {}
[171.320454] (-) TimerEvent: {}
[171.420707] (-) TimerEvent: {}
[171.520954] (-) TimerEvent: {}
[171.621182] (-) TimerEvent: {}
[171.721416] (-) TimerEvent: {}
[171.821688] (-) TimerEvent: {}
[171.921958] (-) TimerEvent: {}
[172.022182] (-) TimerEvent: {}
[172.122413] (-) TimerEvent: {}
[172.222647] (-) TimerEvent: {}
[172.322919] (-) TimerEvent: {}
[172.423156] (-) TimerEvent: {}
[172.523403] (-) TimerEvent: {}
[172.623673] (-) TimerEvent: {}
[172.723917] (-) TimerEvent: {}
[172.824186] (-) TimerEvent: {}
[172.924437] (-) TimerEvent: {}
[173.024702] (-) TimerEvent: {}
[173.124932] (-) TimerEvent: {}
[173.225175] (-) TimerEvent: {}
[173.325413] (-) TimerEvent: {}
[173.425669] (-) TimerEvent: {}
[173.525943] (-) TimerEvent: {}
[173.626198] (-) TimerEvent: {}
[173.726491] (-) TimerEvent: {}
[173.826740] (-) TimerEvent: {}
[173.926984] (-) TimerEvent: {}
[174.027181] (-) TimerEvent: {}
[174.127414] (-) TimerEvent: {}
[174.227685] (-) TimerEvent: {}
[174.327927] (-) TimerEvent: {}
[174.428180] (-) TimerEvent: {}
[174.528429] (-) TimerEvent: {}
[174.628715] (-) TimerEvent: {}
[174.729007] (-) TimerEvent: {}
[174.829280] (-) TimerEvent: {}
[174.929563] (-) TimerEvent: {}
[175.029858] (-) TimerEvent: {}
[175.130180] (-) TimerEvent: {}
[175.230483] (-) TimerEvent: {}
[175.330776] (-) TimerEvent: {}
[175.431086] (-) TimerEvent: {}
[175.531415] (-) TimerEvent: {}
[175.631736] (-) TimerEvent: {}
[175.732051] (-) TimerEvent: {}
[175.832406] (-) TimerEvent: {}
[175.932755] (-) TimerEvent: {}
[176.033104] (-) TimerEvent: {}
[176.133464] (-) TimerEvent: {}
[176.233835] (-) TimerEvent: {}
[176.334290] (-) TimerEvent: {}
[176.434699] (-) TimerEvent: {}
[176.535169] (-) TimerEvent: {}
[176.635582] (-) TimerEvent: {}
[176.735987] (-) TimerEvent: {}
[176.836412] (-) TimerEvent: {}
[176.936905] (-) TimerEvent: {}
[177.037309] (-) TimerEvent: {}
[177.137653] (-) TimerEvent: {}
[177.238082] (-) TimerEvent: {}
[177.338458] (-) TimerEvent: {}
[177.438760] (-) TimerEvent: {}
[177.539094] (-) TimerEvent: {}
[177.639481] (-) TimerEvent: {}
[177.739858] (-) TimerEvent: {}
[177.840220] (-) TimerEvent: {}
[177.940575] (-) TimerEvent: {}
[178.040905] (-) TimerEvent: {}
[178.141204] (-) TimerEvent: {}
[178.241531] (-) TimerEvent: {}
[178.341882] (-) TimerEvent: {}
[178.442209] (-) TimerEvent: {}
[178.542521] (-) TimerEvent: {}
[178.642895] (-) TimerEvent: {}
[178.743202] (-) TimerEvent: {}
[178.843537] (-) TimerEvent: {}
[178.943875] (-) TimerEvent: {}
[179.044201] (-) TimerEvent: {}
[179.144543] (-) TimerEvent: {}
[179.244885] (-) TimerEvent: {}
[179.345243] (-) TimerEvent: {}
[179.445592] (-) TimerEvent: {}
[179.546076] (-) TimerEvent: {}
[179.646446] (-) TimerEvent: {}
[179.746777] (-) TimerEvent: {}
[179.847100] (-) TimerEvent: {}
[179.947441] (-) TimerEvent: {}
[180.047760] (-) TimerEvent: {}
[180.148086] (-) TimerEvent: {}
[180.248440] (-) TimerEvent: {}
[180.348775] (-) TimerEvent: {}
[180.449112] (-) TimerEvent: {}
[180.549437] (-) TimerEvent: {}
[180.649791] (-) TimerEvent: {}
[180.750129] (-) TimerEvent: {}
[180.850418] (-) TimerEvent: {}
[180.950793] (-) TimerEvent: {}
[181.051204] (-) TimerEvent: {}
[181.151557] (-) TimerEvent: {}
[181.251978] (-) TimerEvent: {}
[181.381440] (-) TimerEvent: {}
[181.481769] (-) TimerEvent: {}
[181.582109] (-) TimerEvent: {}
[181.682458] (-) TimerEvent: {}
[181.782820] (-) TimerEvent: {}
[181.883143] (-) TimerEvent: {}
[181.983468] (-) TimerEvent: {}
[182.083794] (-) TimerEvent: {}
[182.184113] (-) TimerEvent: {}
[182.284474] (-) TimerEvent: {}
[182.384866] (-) TimerEvent: {}
[182.485205] (-) TimerEvent: {}
[182.585533] (-) TimerEvent: {}
[182.685854] (-) TimerEvent: {}
[182.786203] (-) TimerEvent: {}
[182.886521] (-) TimerEvent: {}
[182.986840] (-) TimerEvent: {}
[183.087172] (-) TimerEvent: {}
[183.187494] (-) TimerEvent: {}
[183.287817] (-) TimerEvent: {}
[183.388183] (-) TimerEvent: {}
[183.488505] (-) TimerEvent: {}
[183.588833] (-) TimerEvent: {}
[183.689192] (-) TimerEvent: {}
[183.789497] (-) TimerEvent: {}
[183.889800] (-) TimerEvent: {}
[183.990125] (-) TimerEvent: {}
[184.090455] (-) TimerEvent: {}
[184.190781] (-) TimerEvent: {}
[184.291104] (-) TimerEvent: {}
[184.391457] (-) TimerEvent: {}
[184.491759] (-) TimerEvent: {}
[184.592119] (-) TimerEvent: {}
[184.692439] (-) TimerEvent: {}
[184.792771] (-) TimerEvent: {}
[184.893087] (-) TimerEvent: {}
[184.993433] (-) TimerEvent: {}
[185.093735] (-) TimerEvent: {}
[185.194055] (-) TimerEvent: {}
[185.294395] (-) TimerEvent: {}
[185.394787] (-) TimerEvent: {}
[185.495105] (-) TimerEvent: {}
[185.595439] (-) TimerEvent: {}
[185.695777] (-) TimerEvent: {}
[185.796128] (-) TimerEvent: {}
[185.896568] (-) TimerEvent: {}
[185.996923] (-) TimerEvent: {}
[186.097286] (-) TimerEvent: {}
[186.197611] (-) TimerEvent: {}
[186.297971] (-) TimerEvent: {}
[186.398309] (-) TimerEvent: {}
[186.498725] (-) TimerEvent: {}
[186.599038] (-) TimerEvent: {}
[186.699371] (-) TimerEvent: {}
[186.799770] (-) TimerEvent: {}
[186.900329] (-) TimerEvent: {}
[187.000730] (-) TimerEvent: {}
[187.101190] (-) TimerEvent: {}
[187.201560] (-) TimerEvent: {}
[187.301960] (-) TimerEvent: {}
[187.402345] (-) TimerEvent: {}
[187.502820] (-) TimerEvent: {}
[187.603260] (-) TimerEvent: {}
[187.703557] (-) TimerEvent: {}
[187.803861] (-) TimerEvent: {}
[187.904202] (-) TimerEvent: {}
[188.004522] (-) TimerEvent: {}
[188.034255] (rtabmap_rviz_plugins) StdoutLine: {'line': b'[100%] \x1b[32m\x1b[1mLinking CXX shared library librtabmap_rviz_plugins.so\x1b[0m\n'}
[188.104627] (-) TimerEvent: {}
[188.204920] (-) TimerEvent: {}
[188.230739] (rtabmap_sync) StdoutLine: {'line': b'[ 60%] \x1b[32m\x1b[1mLinking CXX shared library librtabmap_sync_plugins.so\x1b[0m\n'}
[188.305043] (-) TimerEvent: {}
[188.405350] (-) TimerEvent: {}
[188.505648] (-) TimerEvent: {}
[188.605972] (-) TimerEvent: {}
[188.706325] (-) TimerEvent: {}
[188.806644] (-) TimerEvent: {}
[188.906987] (-) TimerEvent: {}
[189.007345] (-) TimerEvent: {}
[189.107719] (-) TimerEvent: {}
[189.208015] (-) TimerEvent: {}
[189.308373] (-) TimerEvent: {}
[189.408732] (-) TimerEvent: {}
[189.509056] (-) TimerEvent: {}
[189.609436] (-) TimerEvent: {}
[189.709824] (-) TimerEvent: {}
[189.808414] (rtabmap_sync) StdoutLine: {'line': b'[ 60%] Built target rtabmap_sync_plugins\n'}
[189.809874] (-) TimerEvent: {}
[189.849969] (rtabmap_sync) StdoutLine: {'line': b'[ 65%] \x1b[32mBuilding CXX object CMakeFiles/rtabmap_rgbd_sync.dir/src/RGBDSyncNode.cpp.o\x1b[0m\n'}
[189.910017] (-) TimerEvent: {}
[190.010367] (-) TimerEvent: {}
[190.110682] (-) TimerEvent: {}
[190.153239] (rtabmap_rviz_plugins) StdoutLine: {'line': b'[100%] Built target rtabmap_rviz_plugins\n'}
[190.213275] (-) TimerEvent: {}
[190.257428] (rtabmap_rviz_plugins) CommandEnded: {'returncode': 0}
[190.315125] (rtabmap_rviz_plugins) JobProgress: {'identifier': 'rtabmap_rviz_plugins', 'progress': 'install'}
[190.320276] (-) TimerEvent: {}
[190.339630] (rtabmap_rviz_plugins) Command: {'cmd': ['/usr/bin/cmake', '--install', '/home/brace/codeSpace/navi/build/rtabmap_rviz_plugins'], 'cwd': '/home/brace/codeSpace/navi/build/rtabmap_rviz_plugins', 'env': OrderedDict([('LESSOPEN', '| /usr/bin/lesspipe %s'), ('LANGUAGE', 'zh_CN:zh:en_US:en'), ('USER', 'brace'), ('LC_TIME', 'zh_CN.UTF-8'), ('XDG_SESSION_TYPE', 'x11'), ('SHLVL', '1'), ('LD_LIBRARY_PATH', '/home/brace/codeSpace/navi/install/rtabmap_conversions/lib:/home/brace/codeSpace/navi/install/rtabmap_msgs/lib:/home/brace/codeSpace/navi/install/rtabmap/lib:/opt/ros/humble/opt/rviz_ogre_vendor/lib:/opt/ros/humble/lib/x86_64-linux-gnu:/opt/ros/humble/lib'), ('HOME', '/home/brace'), ('OLDPWD', '/home/brace'), ('DESKTOP_SESSION', 'ubuntu'), ('ROS_PYTHON_VERSION', '3'), ('GNOME_SHELL_SESSION_MODE', 'ubuntu'), ('GTK_MODULES', 'gail:atk-bridge'), ('LC_MONETARY', 'zh_CN.UTF-8'), ('SYSTEMD_EXEC_PID', '1661'), ('DBUS_SESSION_BUS_ADDRESS', 'unix:path=/run/user/1000/bus'), ('COLORTERM', 'truecolor'), ('MANDATORY_PATH', '/usr/share/gconf/ubuntu.mandatory.path'), ('ROS_DISTRO', 'humble'), ('GTK_IM_MODULE', 'ibus'), ('LOGNAME', 'brace'), ('_', '/usr/bin/colcon'), ('ROS_VERSION', '2'), ('XDG_SESSION_CLASS', 'user'), ('DEFAULTS_PATH', '/usr/share/gconf/ubuntu.default.path'), ('PKG_CONFIG_PATH', '/home/brace/codeSpace/navi/install/rtabmap/lib/x86_64-linux-gnu/pkgconfig:/home/brace/codeSpace/navi/install/rtabmap/lib/pkgconfig'), ('USERNAME', 'brace'), ('TERM', 'xterm-256color'), ('GNOME_DESKTOP_SESSION_ID', 'this-is-deprecated'), ('ROS_LOCALHOST_ONLY', '0'), ('WINDOWPATH', '2'), ('PATH', '/home/brace/codeSpace/navi/install/rtabmap/bin:/opt/ros/humble/bin:/usr/local/sbin:/usr/local/bin:/usr/sbin:/usr/bin:/sbin:/bin:/usr/games:/usr/local/games:/snap/bin:/snap/bin'), ('SESSION_MANAGER', 'local/brace-NUC13:@/tmp/.ICE-unix/1416,unix/brace-NUC13:/tmp/.ICE-unix/1416'), ('XDG_MENU_PREFIX', 'gnome-'), ('LC_ADDRESS', 'zh_CN.UTF-8'), ('GNOME_TERMINAL_SCREEN', '/org/gnome/Terminal/screen/c4f32225_e76e_4484_b663_a77ce475952b'), ('XDG_RUNTIME_DIR', '/run/user/1000'), ('DISPLAY', ':0'), ('LANG', 'zh_CN.UTF-8'), ('XDG_CURRENT_DESKTOP', 'ubuntu:GNOME'), ('LC_TELEPHONE', 'zh_CN.UTF-8'), ('XMODIFIERS', '@im=ibus'), ('XDG_SESSION_DESKTOP', 'ubuntu'), ('XAUTHORITY', '/run/user/1000/gdm/Xauthority'), ('LS_COLORS', 'rs=0:di=01;34:ln=01;36:mh=00:pi=40;33:so=01;35:do=01;35:bd=40;33;01:cd=40;33;01:or=40;31;01:mi=00:su=37;41:sg=30;43:ca=30;41:tw=30;42:ow=34;42:st=37;44:ex=01;32:*.tar=01;31:*.tgz=01;31:*.arc=01;31:*.arj=01;31:*.taz=01;31:*.lha=01;31:*.lz4=01;31:*.lzh=01;31:*.lzma=01;31:*.tlz=01;31:*.txz=01;31:*.tzo=01;31:*.t7z=01;31:*.zip=01;31:*.z=01;31:*.dz=01;31:*.gz=01;31:*.lrz=01;31:*.lz=01;31:*.lzo=01;31:*.xz=01;31:*.zst=01;31:*.tzst=01;31:*.bz2=01;31:*.bz=01;31:*.tbz=01;31:*.tbz2=01;31:*.tz=01;31:*.deb=01;31:*.rpm=01;31:*.jar=01;31:*.war=01;31:*.ear=01;31:*.sar=01;31:*.rar=01;31:*.alz=01;31:*.ace=01;31:*.zoo=01;31:*.cpio=01;31:*.7z=01;31:*.rz=01;31:*.cab=01;31:*.wim=01;31:*.swm=01;31:*.dwm=01;31:*.esd=01;31:*.jpg=01;35:*.jpeg=01;35:*.mjpg=01;35:*.mjpeg=01;35:*.gif=01;35:*.bmp=01;35:*.pbm=01;35:*.pgm=01;35:*.ppm=01;35:*.tga=01;35:*.xbm=01;35:*.xpm=01;35:*.tif=01;35:*.tiff=01;35:*.png=01;35:*.svg=01;35:*.svgz=01;35:*.mng=01;35:*.pcx=01;35:*.mov=01;35:*.mpg=01;35:*.mpeg=01;35:*.m2v=01;35:*.mkv=01;35:*.webm=01;35:*.webp=01;35:*.ogm=01;35:*.mp4=01;35:*.m4v=01;35:*.mp4v=01;35:*.vob=01;35:*.qt=01;35:*.nuv=01;35:*.wmv=01;35:*.asf=01;35:*.rm=01;35:*.rmvb=01;35:*.flc=01;35:*.avi=01;35:*.fli=01;35:*.flv=01;35:*.gl=01;35:*.dl=01;35:*.xcf=01;35:*.xwd=01;35:*.yuv=01;35:*.cgm=01;35:*.emf=01;35:*.ogv=01;35:*.ogx=01;35:*.aac=00;36:*.au=00;36:*.flac=00;36:*.m4a=00;36:*.mid=00;36:*.midi=00;36:*.mka=00;36:*.mp3=00;36:*.mpc=00;36:*.ogg=00;36:*.ra=00;36:*.wav=00;36:*.oga=00;36:*.opus=00;36:*.spx=00;36:*.xspf=00;36:'), ('GNOME_TERMINAL_SERVICE', ':1.117'), ('SSH_AGENT_LAUNCHER', 'gnome-keyring'), ('SSH_AUTH_SOCK', '/run/user/1000/keyring/ssh'), ('AMENT_PREFIX_PATH', '/home/brace/codeSpace/navi/install/rtabmap_conversions:/home/brace/codeSpace/navi/install/rtabmap_msgs:/opt/ros/humble'), ('SHELL', '/bin/bash'), ('LC_NAME', 'zh_CN.UTF-8'), ('QT_ACCESSIBILITY', '1'), ('GDMSESSION', 'ubuntu'), ('LESSCLOSE', '/usr/bin/lesspipe %s %s'), ('LC_MEASUREMENT', 'zh_CN.UTF-8'), ('GPG_AGENT_INFO', '/run/user/1000/gnupg/S.gpg-agent:0:1'), ('LC_IDENTIFICATION', 'zh_CN.UTF-8'), ('QT_IM_MODULE', 'ibus'), ('PWD', '/home/brace/codeSpace/navi/build/rtabmap_rviz_plugins'), ('XDG_CONFIG_DIRS', '/etc/xdg/xdg-ubuntu:/etc/xdg'), ('XDG_DATA_DIRS', '/usr/share/ubuntu:/usr/share/gnome:/usr/local/share/:/usr/share/:/var/lib/snapd/desktop'), ('PYTHONPATH', '/home/brace/codeSpace/navi/install/rtabmap_msgs/local/lib/python3.10/dist-packages:/opt/ros/humble/lib/python3.10/site-packages:/opt/ros/humble/local/lib/python3.10/dist-packages'), ('LC_NUMERIC', 'zh_CN.UTF-8'), ('LC_PAPER', 'zh_CN.UTF-8'), ('COLCON', '1'), ('VTE_VERSION', '6800'), ('CMAKE_PREFIX_PATH', '/home/brace/codeSpace/navi/install/rtabmap_conversions:/home/brace/codeSpace/navi/install/rtabmap_msgs:/home/brace/codeSpace/navi/install/rtabmap:/opt/ros/humble')]), 'shell': False}
[190.367523] (rtabmap_rviz_plugins) StdoutLine: {'line': b'-- Install configuration: "Release"\n'}
[190.367766] (rtabmap_rviz_plugins) StdoutLine: {'line': b'-- Execute custom install script\n'}
[190.367860] (rtabmap_rviz_plugins) StdoutLine: {'line': b'-- Symlinking: /home/brace/codeSpace/navi/install/rtabmap_rviz_plugins/share/rtabmap_rviz_plugins//rviz_plugins.xml\n'}
[190.377145] (rtabmap_rviz_plugins) StdoutLine: {'line': b'-- Symlinking: /home/brace/codeSpace/navi/install/rtabmap_rviz_plugins/share/ament_index/resource_index/package_run_dependencies/rtabmap_rviz_plugins\n'}
[190.387954] (rtabmap_rviz_plugins) StdoutLine: {'line': b'-- Symlinking: /home/brace/codeSpace/navi/install/rtabmap_rviz_plugins/share/ament_index/resource_index/parent_prefix_path/rtabmap_rviz_plugins\n'}
[190.397604] (rtabmap_rviz_plugins) StdoutLine: {'line': b'-- Symlinking: /home/brace/codeSpace/navi/install/rtabmap_rviz_plugins/share/rtabmap_rviz_plugins/environment/ament_prefix_path.sh\n'}
[190.408432] (rtabmap_rviz_plugins) StdoutLine: {'line': b'-- Symlinking: /home/brace/codeSpace/navi/install/rtabmap_rviz_plugins/share/rtabmap_rviz_plugins/environment/ament_prefix_path.dsv\n'}
[190.418681] (rtabmap_rviz_plugins) StdoutLine: {'line': b'-- Symlinking: /home/brace/codeSpace/navi/install/rtabmap_rviz_plugins/share/rtabmap_rviz_plugins/environment/path.sh\n'}
[190.420353] (-) TimerEvent: {}
[190.426846] (rtabmap_rviz_plugins) StdoutLine: {'line': b'-- Symlinking: /home/brace/codeSpace/navi/install/rtabmap_rviz_plugins/share/rtabmap_rviz_plugins/environment/path.dsv\n'}
[190.437939] (rtabmap_rviz_plugins) StdoutLine: {'line': b'-- Symlinking: /home/brace/codeSpace/navi/install/rtabmap_rviz_plugins/share/rtabmap_rviz_plugins/local_setup.bash\n'}
[190.447040] (rtabmap_rviz_plugins) StdoutLine: {'line': b'-- Symlinking: /home/brace/codeSpace/navi/install/rtabmap_rviz_plugins/share/rtabmap_rviz_plugins/local_setup.sh\n'}
[190.454992] (rtabmap_rviz_plugins) StdoutLine: {'line': b'-- Symlinking: /home/brace/codeSpace/navi/install/rtabmap_rviz_plugins/share/rtabmap_rviz_plugins/local_setup.zsh\n'}
[190.463541] (rtabmap_rviz_plugins) StdoutLine: {'line': b'-- Symlinking: /home/brace/codeSpace/navi/install/rtabmap_rviz_plugins/share/rtabmap_rviz_plugins/local_setup.dsv\n'}
[190.471763] (rtabmap_rviz_plugins) StdoutLine: {'line': b'-- Symlinking: /home/brace/codeSpace/navi/install/rtabmap_rviz_plugins/share/rtabmap_rviz_plugins/package.dsv\n'}
[190.479784] (rtabmap_rviz_plugins) StdoutLine: {'line': b'-- Symlinking: /home/brace/codeSpace/navi/install/rtabmap_rviz_plugins/share/ament_index/resource_index/packages/rtabmap_rviz_plugins\n'}
[190.486438] (rtabmap_rviz_plugins) StdoutLine: {'line': b'-- Symlinking: /home/brace/codeSpace/navi/install/rtabmap_rviz_plugins/share/ament_index/resource_index/rviz_common__pluginlib__plugin/rtabmap_rviz_plugins\n'}
[190.494778] (rtabmap_rviz_plugins) StdoutLine: {'line': b'-- Symlinking: /home/brace/codeSpace/navi/install/rtabmap_rviz_plugins/share/rtabmap_rviz_plugins/cmake/rtabmap_rviz_pluginsConfig.cmake\n'}
[190.504976] (rtabmap_rviz_plugins) StdoutLine: {'line': b'-- Symlinking: /home/brace/codeSpace/navi/install/rtabmap_rviz_plugins/share/rtabmap_rviz_plugins/cmake/rtabmap_rviz_pluginsConfig-version.cmake\n'}
[190.515179] (rtabmap_rviz_plugins) StdoutLine: {'line': b'-- Symlinking: /home/brace/codeSpace/navi/install/rtabmap_rviz_plugins/share/rtabmap_rviz_plugins/package.xml\n'}
[190.520470] (-) TimerEvent: {}
[190.525933] (rtabmap_rviz_plugins) StdoutLine: {'line': b'-- Installing: /home/brace/codeSpace/navi/install/rtabmap_rviz_plugins/include\n'}
[190.526374] (rtabmap_rviz_plugins) StdoutLine: {'line': b'-- Installing: /home/brace/codeSpace/navi/install/rtabmap_rviz_plugins/include/rtabmap_rviz_plugins\n'}
[190.526777] (rtabmap_rviz_plugins) StdoutLine: {'line': b'-- Installing: /home/brace/codeSpace/navi/install/rtabmap_rviz_plugins/include/rtabmap_rviz_plugins/MapCloudDisplay.h\n'}
[190.527412] (rtabmap_rviz_plugins) StdoutLine: {'line': b'-- Installing: /home/brace/codeSpace/navi/install/rtabmap_rviz_plugins/include/rtabmap_rviz_plugins/InfoDisplay.h\n'}
[190.527852] (rtabmap_rviz_plugins) StdoutLine: {'line': b'-- Installing: /home/brace/codeSpace/navi/install/rtabmap_rviz_plugins/include/rtabmap_rviz_plugins/visibility.h\n'}
[190.528383] (rtabmap_rviz_plugins) StdoutLine: {'line': b'-- Installing: /home/brace/codeSpace/navi/install/rtabmap_rviz_plugins/include/rtabmap_rviz_plugins/MapGraphDisplay.h\n'}
[190.528798] (rtabmap_rviz_plugins) StdoutLine: {'line': b'-- Installing: /home/brace/codeSpace/navi/install/rtabmap_rviz_plugins/lib/librtabmap_rviz_plugins.so\n'}
[190.531235] (rtabmap_rviz_plugins) StdoutLine: {'line': b'-- Set runtime path of "/home/brace/codeSpace/navi/install/rtabmap_rviz_plugins/lib/librtabmap_rviz_plugins.so" to ""\n'}
[190.537268] (rtabmap_rviz_plugins) CommandEnded: {'returncode': 0}
[190.625816] (-) TimerEvent: {}
[190.654199] (rtabmap_rviz_plugins) JobEnded: {'identifier': 'rtabmap_rviz_plugins', 'rc': 0}
[190.725982] (-) TimerEvent: {}
[190.826324] (-) TimerEvent: {}
[190.909059] (rtabmap_util) StderrLine: {'line': b'gmake[1]: *** [CMakeFiles/Makefile2:161\xef\xbc\x9aCMakeFiles/rtabmap_util_plugins.dir/all] \xe9\x94\x99\xe8\xaf\xaf 2\n'}
[190.914618] (rtabmap_util) StderrLine: {'line': b'gmake: *** [Makefile:146\xef\xbc\x9aall] \xe9\x94\x99\xe8\xaf\xaf 2\n'}
[190.926428] (-) TimerEvent: {}
[190.957687] (rtabmap_util) CommandEnded: {'returncode': 2}
[190.969000] (rtabmap_util) JobEnded: {'identifier': 'rtabmap_util', 'rc': 2}
[191.026539] (-) TimerEvent: {}
[191.126978] (-) TimerEvent: {}
[191.227256] (-) TimerEvent: {}
[191.327584] (-) TimerEvent: {}
[191.427885] (-) TimerEvent: {}
[191.528248] (-) TimerEvent: {}
[191.628540] (-) TimerEvent: {}
[191.728936] (-) TimerEvent: {}
[191.829236] (-) TimerEvent: {}
[191.929564] (-) TimerEvent: {}
[192.029902] (-) TimerEvent: {}
[192.130200] (-) TimerEvent: {}
[192.230491] (-) TimerEvent: {}
[192.330893] (-) TimerEvent: {}
[192.431204] (-) TimerEvent: {}
[192.531512] (-) TimerEvent: {}
[192.631849] (-) TimerEvent: {}
[192.732260] (-) TimerEvent: {}
[192.832562] (-) TimerEvent: {}
[192.932933] (-) TimerEvent: {}
[193.033260] (-) TimerEvent: {}
[193.133663] (-) TimerEvent: {}
[193.234059] (-) TimerEvent: {}
[193.334448] (-) TimerEvent: {}
[193.434765] (-) TimerEvent: {}
[193.535211] (-) TimerEvent: {}
[193.635544] (-) TimerEvent: {}
[193.735896] (-) TimerEvent: {}
[193.836193] (-) TimerEvent: {}
[193.936494] (-) TimerEvent: {}
[194.036785] (-) TimerEvent: {}
[194.137075] (-) TimerEvent: {}
[194.237392] (-) TimerEvent: {}
[194.337696] (-) TimerEvent: {}
[194.438020] (-) TimerEvent: {}
[194.538329] (-) TimerEvent: {}
[194.638664] (-) TimerEvent: {}
[194.738955] (-) TimerEvent: {}
[194.839262] (-) TimerEvent: {}
[194.939604] (-) TimerEvent: {}
[195.039938] (-) TimerEvent: {}
[195.140249] (-) TimerEvent: {}
[195.240555] (-) TimerEvent: {}
[195.340859] (-) TimerEvent: {}
[195.441155] (-) TimerEvent: {}
[195.541449] (-) TimerEvent: {}
[195.641773] (-) TimerEvent: {}
[195.742087] (-) TimerEvent: {}
[195.842404] (-) TimerEvent: {}
[195.942733] (-) TimerEvent: {}
[196.043069] (-) TimerEvent: {}
[196.143391] (-) TimerEvent: {}
[196.243722] (-) TimerEvent: {}
[196.344022] (-) TimerEvent: {}
[196.444330] (-) TimerEvent: {}
[196.513476] (rtabmap_sync) StdoutLine: {'line': b'[ 69%] \x1b[32m\x1b[1mLinking CXX executable rgbd_sync\x1b[0m\n'}
[196.544434] (-) TimerEvent: {}
[196.644776] (-) TimerEvent: {}
[196.745113] (-) TimerEvent: {}
[196.845421] (-) TimerEvent: {}
[196.945715] (-) TimerEvent: {}
[197.046012] (-) TimerEvent: {}
[197.146329] (-) TimerEvent: {}
[197.246644] (-) TimerEvent: {}
[197.346936] (-) TimerEvent: {}
[197.447311] (-) TimerEvent: {}
[197.547644] (-) TimerEvent: {}
[197.647986] (-) TimerEvent: {}
[197.669728] (rtabmap_sync) StdoutLine: {'line': b'[ 69%] Built target rtabmap_rgbd_sync\n'}
[197.685654] (rtabmap_sync) StdoutLine: {'line': b'[ 73%] \x1b[32mBuilding CXX object CMakeFiles/rtabmap_rgbdx_sync.dir/src/RGBDXSyncNode.cpp.o\x1b[0m\n'}
[197.693647] (rtabmap_sync) StdoutLine: {'line': b'[ 78%] \x1b[32mBuilding CXX object CMakeFiles/rtabmap_rgb_sync.dir/src/RGBSyncNode.cpp.o\x1b[0m\n'}
[197.694051] (rtabmap_sync) StdoutLine: {'line': b'[ 82%] \x1b[32mBuilding CXX object CMakeFiles/rtabmap_stereo_sync.dir/src/StereoSyncNode.cpp.o\x1b[0m\n'}
[197.748093] (-) TimerEvent: {}
[197.848405] (-) TimerEvent: {}
[197.948772] (-) TimerEvent: {}
[198.049066] (-) TimerEvent: {}
[198.149385] (-) TimerEvent: {}
[198.249716] (-) TimerEvent: {}
[198.350036] (-) TimerEvent: {}
[198.450377] (-) TimerEvent: {}
[198.550704] (-) TimerEvent: {}
[198.651044] (-) TimerEvent: {}
[198.751408] (-) TimerEvent: {}
[198.851797] (-) TimerEvent: {}
[198.952166] (-) TimerEvent: {}
[199.052565] (-) TimerEvent: {}
[199.152886] (-) TimerEvent: {}
[199.253207] (-) TimerEvent: {}
[199.353526] (-) TimerEvent: {}
[199.453843] (-) TimerEvent: {}
[199.554188] (-) TimerEvent: {}
[199.654485] (-) TimerEvent: {}
[199.754829] (-) TimerEvent: {}
[199.855145] (-) TimerEvent: {}
[199.955439] (-) TimerEvent: {}
[200.055733] (-) TimerEvent: {}
[200.156030] (-) TimerEvent: {}
[200.256388] (-) TimerEvent: {}
[200.356698] (-) TimerEvent: {}
[200.456996] (-) TimerEvent: {}
[200.557302] (-) TimerEvent: {}
[200.657610] (-) TimerEvent: {}
[200.757912] (-) TimerEvent: {}
[200.858235] (-) TimerEvent: {}
[200.958526] (-) TimerEvent: {}
[201.058826] (-) TimerEvent: {}
[201.159167] (-) TimerEvent: {}
[201.259456] (-) TimerEvent: {}
[201.359742] (-) TimerEvent: {}
[201.460072] (-) TimerEvent: {}
[201.560360] (-) TimerEvent: {}
[201.660648] (-) TimerEvent: {}
[201.760952] (-) TimerEvent: {}
[201.861269] (-) TimerEvent: {}
[201.961563] (-) TimerEvent: {}
[202.061876] (-) TimerEvent: {}
[202.162197] (-) TimerEvent: {}
[202.262509] (-) TimerEvent: {}
[202.362859] (-) TimerEvent: {}
[202.463175] (-) TimerEvent: {}
[202.563497] (-) TimerEvent: {}
[202.663820] (-) TimerEvent: {}
[202.764200] (-) TimerEvent: {}
[202.864546] (-) TimerEvent: {}
[202.964845] (-) TimerEvent: {}
[203.065168] (-) TimerEvent: {}
[203.165472] (-) TimerEvent: {}
[203.265801] (-) TimerEvent: {}
[203.366151] (-) TimerEvent: {}
[203.466498] (-) TimerEvent: {}
[203.566906] (-) TimerEvent: {}
[203.667232] (-) TimerEvent: {}
[203.767585] (-) TimerEvent: {}
[203.799751] (rtabmap_sync) StdoutLine: {'line': b'[ 86%] \x1b[32m\x1b[1mLinking CXX executable rgb_sync\x1b[0m\n'}
[203.867699] (-) TimerEvent: {}
[203.968021] (-) TimerEvent: {}
[204.068376] (-) TimerEvent: {}
[204.100374] (rtabmap_sync) StdoutLine: {'line': b'[ 91%] \x1b[32m\x1b[1mLinking CXX executable rgbdx_sync\x1b[0m\n'}
[204.168473] (-) TimerEvent: {}
[204.268790] (-) TimerEvent: {}
[204.369187] (-) TimerEvent: {}
[204.461735] (rtabmap_sync) StdoutLine: {'line': b'[ 95%] \x1b[32m\x1b[1mLinking CXX executable stereo_sync\x1b[0m\n'}
[204.469321] (-) TimerEvent: {}
[204.569681] (-) TimerEvent: {}
[204.670032] (-) TimerEvent: {}
[204.730409] (rtabmap_sync) StdoutLine: {'line': b'[ 95%] Built target rtabmap_rgb_sync\n'}
[204.770170] (-) TimerEvent: {}
[204.870478] (-) TimerEvent: {}
[204.970831] (-) TimerEvent: {}
[205.071177] (-) TimerEvent: {}
[205.119402] (rtabmap_sync) StdoutLine: {'line': b'[ 95%] Built target rtabmap_rgbdx_sync\n'}
[205.171284] (-) TimerEvent: {}
[205.271610] (-) TimerEvent: {}
[205.364405] (rtabmap_sync) StdoutLine: {'line': b'[ 95%] Built target rtabmap_stereo_sync\n'}
[205.371688] (-) TimerEvent: {}
[205.471972] (-) TimerEvent: {}
[205.572257] (-) TimerEvent: {}
[205.672553] (-) TimerEvent: {}
[205.772877] (-) TimerEvent: {}
[205.873282] (-) TimerEvent: {}
[205.973576] (-) TimerEvent: {}
[206.073894] (-) TimerEvent: {}
[206.174377] (-) TimerEvent: {}
[206.274702] (-) TimerEvent: {}
[206.375024] (-) TimerEvent: {}
[206.475370] (-) TimerEvent: {}
[206.575689] (-) TimerEvent: {}
[206.676009] (-) TimerEvent: {}
[206.776341] (-) TimerEvent: {}
[206.876615] (-) TimerEvent: {}
[206.976962] (-) TimerEvent: {}
[207.077289] (-) TimerEvent: {}
[207.177624] (-) TimerEvent: {}
[207.277983] (-) TimerEvent: {}
[207.378281] (-) TimerEvent: {}
[207.478568] (-) TimerEvent: {}
[207.578865] (-) TimerEvent: {}
[207.679180] (-) TimerEvent: {}
[207.779471] (-) TimerEvent: {}
[207.879803] (-) TimerEvent: {}
[207.980095] (-) TimerEvent: {}
[208.080387] (-) TimerEvent: {}
[208.180703] (-) TimerEvent: {}
[208.281002] (-) TimerEvent: {}
[208.381301] (-) TimerEvent: {}
[208.481591] (-) TimerEvent: {}
[208.581976] (-) TimerEvent: {}
[208.682278] (-) TimerEvent: {}
[208.782602] (-) TimerEvent: {}
[208.882949] (-) TimerEvent: {}
[208.983293] (-) TimerEvent: {}
[209.083725] (-) TimerEvent: {}
[209.184125] (-) TimerEvent: {}
[209.284427] (-) TimerEvent: {}
[209.384747] (-) TimerEvent: {}
[209.485182] (-) TimerEvent: {}
[209.585500] (-) TimerEvent: {}
[209.685875] (-) TimerEvent: {}
[209.786187] (-) TimerEvent: {}
[209.886602] (-) TimerEvent: {}
[209.987214] (-) TimerEvent: {}
[210.087885] (-) TimerEvent: {}
[210.188897] (-) TimerEvent: {}
[210.289365] (-) TimerEvent: {}
[210.389660] (-) TimerEvent: {}
[210.490002] (-) TimerEvent: {}
[210.590283] (-) TimerEvent: {}
[210.690510] (-) TimerEvent: {}
[210.790772] (-) TimerEvent: {}
[210.891028] (-) TimerEvent: {}
[210.991272] (-) TimerEvent: {}
[211.091526] (-) TimerEvent: {}
[211.191790] (-) TimerEvent: {}
[211.292150] (-) TimerEvent: {}
[211.392392] (-) TimerEvent: {}
[211.492721] (-) TimerEvent: {}
[211.593052] (-) TimerEvent: {}
[211.693357] (-) TimerEvent: {}
[211.793661] (-) TimerEvent: {}
[211.893988] (-) TimerEvent: {}
[211.994270] (-) TimerEvent: {}
[212.094562] (-) TimerEvent: {}
[212.194888] (-) TimerEvent: {}
[212.295195] (-) TimerEvent: {}
[212.395509] (-) TimerEvent: {}
[212.495888] (-) TimerEvent: {}
[212.596180] (-) TimerEvent: {}
[212.696469] (-) TimerEvent: {}
[212.796796] (-) TimerEvent: {}
[212.897126] (-) TimerEvent: {}
[212.997455] (-) TimerEvent: {}
[213.097726] (-) TimerEvent: {}
[213.198029] (-) TimerEvent: {}
[213.298310] (-) TimerEvent: {}
[213.398599] (-) TimerEvent: {}
[213.498886] (-) TimerEvent: {}
[213.599244] (-) TimerEvent: {}
[213.699480] (-) TimerEvent: {}
[213.799774] (-) TimerEvent: {}
[213.900175] (-) TimerEvent: {}
[214.000410] (-) TimerEvent: {}
[214.100710] (-) TimerEvent: {}
[214.200960] (-) TimerEvent: {}
[214.301324] (-) TimerEvent: {}
[214.401642] (-) TimerEvent: {}
[214.502034] (-) TimerEvent: {}
[214.602391] (-) TimerEvent: {}
[214.702814] (-) TimerEvent: {}
[214.803207] (-) TimerEvent: {}
[214.903717] (-) TimerEvent: {}
[215.004106] (-) TimerEvent: {}
[215.104404] (-) TimerEvent: {}
[215.204713] (-) TimerEvent: {}
[215.305048] (-) TimerEvent: {}
[215.405386] (-) TimerEvent: {}
[215.505698] (-) TimerEvent: {}
[215.606068] (-) TimerEvent: {}
[215.706395] (-) TimerEvent: {}
[215.806705] (-) TimerEvent: {}
[215.907111] (-) TimerEvent: {}
[216.007394] (-) TimerEvent: {}
[216.107705] (-) TimerEvent: {}
[216.208020] (-) TimerEvent: {}
[216.308341] (-) TimerEvent: {}
[216.408620] (-) TimerEvent: {}
[216.508992] (-) TimerEvent: {}
[216.609322] (-) TimerEvent: {}
[216.709649] (-) TimerEvent: {}
[216.810042] (-) TimerEvent: {}
[216.910390] (-) TimerEvent: {}
[217.010703] (-) TimerEvent: {}
[217.111067] (-) TimerEvent: {}
[217.211362] (-) TimerEvent: {}
[217.311638] (-) TimerEvent: {}
[217.411916] (-) TimerEvent: {}
[217.512248] (-) TimerEvent: {}
[217.612623] (-) TimerEvent: {}
[217.712854] (-) TimerEvent: {}
[217.813187] (-) TimerEvent: {}
[217.913417] (-) TimerEvent: {}
[218.013699] (-) TimerEvent: {}
[218.114001] (-) TimerEvent: {}
[218.214308] (-) TimerEvent: {}
[218.314544] (-) TimerEvent: {}
[218.414799] (-) TimerEvent: {}
[218.515030] (-) TimerEvent: {}
[218.615398] (-) TimerEvent: {}
[218.715656] (-) TimerEvent: {}
[218.816009] (-) TimerEvent: {}
[218.916308] (-) TimerEvent: {}
[219.016538] (-) TimerEvent: {}
[219.116833] (-) TimerEvent: {}
[219.217209] (-) TimerEvent: {}
[219.317460] (-) TimerEvent: {}
[219.417814] (-) TimerEvent: {}
[219.518160] (-) TimerEvent: {}
[219.618413] (-) TimerEvent: {}
[219.718680] (-) TimerEvent: {}
[219.819050] (-) TimerEvent: {}
[219.919448] (-) TimerEvent: {}
[220.019834] (-) TimerEvent: {}
[220.120178] (-) TimerEvent: {}
[220.220527] (-) TimerEvent: {}
[220.320880] (-) TimerEvent: {}
[220.421239] (-) TimerEvent: {}
[220.521576] (-) TimerEvent: {}
[220.621911] (-) TimerEvent: {}
[220.722257] (-) TimerEvent: {}
[220.822481] (-) TimerEvent: {}
[220.922805] (-) TimerEvent: {}
[221.023153] (-) TimerEvent: {}
[221.123385] (-) TimerEvent: {}
[221.223621] (-) TimerEvent: {}
[221.323969] (-) TimerEvent: {}
[221.424326] (-) TimerEvent: {}
[221.524553] (-) TimerEvent: {}
[221.624892] (-) TimerEvent: {}
[221.725233] (-) TimerEvent: {}
[221.825697] (-) TimerEvent: {}
[221.926028] (-) TimerEvent: {}
[222.026297] (-) TimerEvent: {}
[222.126640] (-) TimerEvent: {}
[222.159478] (rtabmap_sync) StdoutLine: {'line': b'[100%] \x1b[32m\x1b[1mLinking CXX shared library librtabmap_sync.so\x1b[0m\n'}
[222.226836] (-) TimerEvent: {}
[222.327178] (-) TimerEvent: {}
[222.427513] (-) TimerEvent: {}
[222.527843] (-) TimerEvent: {}
[222.628093] (-) TimerEvent: {}
[222.728372] (-) TimerEvent: {}
[222.828633] (-) TimerEvent: {}
[222.928917] (-) TimerEvent: {}
[223.029296] (-) TimerEvent: {}
[223.129536] (-) TimerEvent: {}
[223.229807] (-) TimerEvent: {}
[223.330152] (-) TimerEvent: {}
[223.430376] (-) TimerEvent: {}
[223.530642] (-) TimerEvent: {}
[223.630988] (-) TimerEvent: {}
[223.731225] (-) TimerEvent: {}
[223.831504] (-) TimerEvent: {}
[223.931843] (-) TimerEvent: {}
[224.032187] (-) TimerEvent: {}
[224.132437] (-) TimerEvent: {}
[224.219483] (rtabmap_sync) StdoutLine: {'line': b'[100%] Built target rtabmap_sync\n'}
[224.232518] (-) TimerEvent: {}
[224.263090] (rtabmap_sync) JobEnded: {'identifier': 'rtabmap_sync', 'rc': 'SIGINT'}
[224.272543] (rtabmap_odom) JobSkipped: {'identifier': 'rtabmap_odom'}
[224.272608] (rtabmap_slam) JobSkipped: {'identifier': 'rtabmap_slam'}
[224.272640] (rtabmap_viz) JobSkipped: {'identifier': 'rtabmap_viz'}
[224.272667] (rtabmap_demos) JobSkipped: {'identifier': 'rtabmap_demos'}
[224.272694] (rtabmap_examples) JobSkipped: {'identifier': 'rtabmap_examples'}
[224.272787] (rtabmap_launch) JobSkipped: {'identifier': 'rtabmap_launch'}
[224.272815] (rtabmap_ros) JobSkipped: {'identifier': 'rtabmap_ros'}
[224.272841] (-) EventReactorShutdown: {}
