[0.000000] (-) TimerEvent: {}
[0.000631] (rtabmap) JobQueued: {'identifier': 'rtabmap', 'dependencies': OrderedDict()}
[0.000688] (rtabmap_msgs) JobQueued: {'identifier': 'rtabmap_msgs', 'dependencies': OrderedDict()}
[0.000722] (rtabmap_python) JobQueued: {'identifier': 'rtabmap_python', 'dependencies': OrderedDict()}
[0.000894] (rtabmap_conversions) JobQueued: {'identifier': 'rtabmap_conversions', 'dependencies': OrderedDict([('rtabmap', '/home/brace/codeSpace/navi/install/rtabmap'), ('rtabmap_msgs', '/home/brace/codeSpace/navi/install/rtabmap_msgs')])}
[0.000937] (rtabmap_rviz_plugins) JobQueued: {'identifier': 'rtabmap_rviz_plugins', 'dependencies': OrderedDict([('rtabmap', '/home/brace/codeSpace/navi/install/rtabmap'), ('rtabmap_msgs', '/home/brace/codeSpace/navi/install/rtabmap_msgs'), ('rtabmap_conversions', '/home/brace/codeSpace/navi/install/rtabmap_conversions')])}
[0.001050] (rtabmap_sync) JobQueued: {'identifier': 'rtabmap_sync', 'dependencies': OrderedDict([('rtabmap', '/home/brace/codeSpace/navi/install/rtabmap'), ('rtabmap_msgs', '/home/brace/codeSpace/navi/install/rtabmap_msgs'), ('rtabmap_conversions', '/home/brace/codeSpace/navi/install/rtabmap_conversions')])}
[0.001083] (rtabmap_util) JobQueued: {'identifier': 'rtabmap_util', 'dependencies': OrderedDict([('rtabmap', '/home/brace/codeSpace/navi/install/rtabmap'), ('rtabmap_msgs', '/home/brace/codeSpace/navi/install/rtabmap_msgs'), ('rtabmap_conversions', '/home/brace/codeSpace/navi/install/rtabmap_conversions')])}
[0.001113] (rtabmap_odom) JobQueued: {'identifier': 'rtabmap_odom', 'dependencies': OrderedDict([('rtabmap', '/home/brace/codeSpace/navi/install/rtabmap'), ('rtabmap_msgs', '/home/brace/codeSpace/navi/install/rtabmap_msgs'), ('rtabmap_conversions', '/home/brace/codeSpace/navi/install/rtabmap_conversions'), ('rtabmap_sync', '/home/brace/codeSpace/navi/install/rtabmap_sync'), ('rtabmap_util', '/home/brace/codeSpace/navi/install/rtabmap_util')])}
[0.001144] (rtabmap_slam) JobQueued: {'identifier': 'rtabmap_slam', 'dependencies': OrderedDict([('rtabmap', '/home/brace/codeSpace/navi/install/rtabmap'), ('rtabmap_msgs', '/home/brace/codeSpace/navi/install/rtabmap_msgs'), ('rtabmap_conversions', '/home/brace/codeSpace/navi/install/rtabmap_conversions'), ('rtabmap_sync', '/home/brace/codeSpace/navi/install/rtabmap_sync'), ('rtabmap_util', '/home/brace/codeSpace/navi/install/rtabmap_util')])}
[0.001175] (rtabmap_viz) JobQueued: {'identifier': 'rtabmap_viz', 'dependencies': OrderedDict([('rtabmap', '/home/brace/codeSpace/navi/install/rtabmap'), ('rtabmap_msgs', '/home/brace/codeSpace/navi/install/rtabmap_msgs'), ('rtabmap_conversions', '/home/brace/codeSpace/navi/install/rtabmap_conversions'), ('rtabmap_sync', '/home/brace/codeSpace/navi/install/rtabmap_sync')])}
[0.001340] (rtabmap_demos) JobQueued: {'identifier': 'rtabmap_demos', 'dependencies': OrderedDict([('rtabmap', '/home/brace/codeSpace/navi/install/rtabmap'), ('rtabmap_msgs', '/home/brace/codeSpace/navi/install/rtabmap_msgs'), ('rtabmap_conversions', '/home/brace/codeSpace/navi/install/rtabmap_conversions'), ('rtabmap_rviz_plugins', '/home/brace/codeSpace/navi/install/rtabmap_rviz_plugins'), ('rtabmap_sync', '/home/brace/codeSpace/navi/install/rtabmap_sync'), ('rtabmap_util', '/home/brace/codeSpace/navi/install/rtabmap_util'), ('rtabmap_odom', '/home/brace/codeSpace/navi/install/rtabmap_odom'), ('rtabmap_slam', '/home/brace/codeSpace/navi/install/rtabmap_slam'), ('rtabmap_viz', '/home/brace/codeSpace/navi/install/rtabmap_viz')])}
[0.001392] (rtabmap_examples) JobQueued: {'identifier': 'rtabmap_examples', 'dependencies': OrderedDict([('rtabmap', '/home/brace/codeSpace/navi/install/rtabmap'), ('rtabmap_msgs', '/home/brace/codeSpace/navi/install/rtabmap_msgs'), ('rtabmap_conversions', '/home/brace/codeSpace/navi/install/rtabmap_conversions'), ('rtabmap_rviz_plugins', '/home/brace/codeSpace/navi/install/rtabmap_rviz_plugins'), ('rtabmap_sync', '/home/brace/codeSpace/navi/install/rtabmap_sync'), ('rtabmap_util', '/home/brace/codeSpace/navi/install/rtabmap_util'), ('rtabmap_odom', '/home/brace/codeSpace/navi/install/rtabmap_odom'), ('rtabmap_slam', '/home/brace/codeSpace/navi/install/rtabmap_slam'), ('rtabmap_viz', '/home/brace/codeSpace/navi/install/rtabmap_viz')])}
[0.001454] (rtabmap_launch) JobQueued: {'identifier': 'rtabmap_launch', 'dependencies': OrderedDict([('rtabmap', '/home/brace/codeSpace/navi/install/rtabmap'), ('rtabmap_msgs', '/home/brace/codeSpace/navi/install/rtabmap_msgs'), ('rtabmap_conversions', '/home/brace/codeSpace/navi/install/rtabmap_conversions'), ('rtabmap_rviz_plugins', '/home/brace/codeSpace/navi/install/rtabmap_rviz_plugins'), ('rtabmap_sync', '/home/brace/codeSpace/navi/install/rtabmap_sync'), ('rtabmap_util', '/home/brace/codeSpace/navi/install/rtabmap_util'), ('rtabmap_odom', '/home/brace/codeSpace/navi/install/rtabmap_odom'), ('rtabmap_slam', '/home/brace/codeSpace/navi/install/rtabmap_slam'), ('rtabmap_viz', '/home/brace/codeSpace/navi/install/rtabmap_viz')])}
[0.001491] (rtabmap_ros) JobQueued: {'identifier': 'rtabmap_ros', 'dependencies': OrderedDict([('rtabmap', '/home/brace/codeSpace/navi/install/rtabmap'), ('rtabmap_msgs', '/home/brace/codeSpace/navi/install/rtabmap_msgs'), ('rtabmap_python', '/home/brace/codeSpace/navi/install/rtabmap_python'), ('rtabmap_conversions', '/home/brace/codeSpace/navi/install/rtabmap_conversions'), ('rtabmap_rviz_plugins', '/home/brace/codeSpace/navi/install/rtabmap_rviz_plugins'), ('rtabmap_sync', '/home/brace/codeSpace/navi/install/rtabmap_sync'), ('rtabmap_util', '/home/brace/codeSpace/navi/install/rtabmap_util'), ('rtabmap_odom', '/home/brace/codeSpace/navi/install/rtabmap_odom'), ('rtabmap_slam', '/home/brace/codeSpace/navi/install/rtabmap_slam'), ('rtabmap_viz', '/home/brace/codeSpace/navi/install/rtabmap_viz'), ('rtabmap_demos', '/home/brace/codeSpace/navi/install/rtabmap_demos'), ('rtabmap_examples', '/home/brace/codeSpace/navi/install/rtabmap_examples'), ('rtabmap_launch', '/home/brace/codeSpace/navi/install/rtabmap_launch')])}
[0.001533] (rtabmap) JobStarted: {'identifier': 'rtabmap'}
[0.004705] (rtabmap_msgs) JobStarted: {'identifier': 'rtabmap_msgs'}
[0.007568] (rtabmap_python) JobStarted: {'identifier': 'rtabmap_python'}
[0.011498] (rtabmap) JobProgress: {'identifier': 'rtabmap', 'progress': 'cmake'}
[0.012149] (rtabmap) JobProgress: {'identifier': 'rtabmap', 'progress': 'build'}
[0.012708] (rtabmap) Command: {'cmd': ['/usr/bin/cmake', '--build', '/home/brace/codeSpace/navi/build/rtabmap', '--', '-j16', '-l16'], 'cwd': '/home/brace/codeSpace/navi/build/rtabmap', 'env': OrderedDict([('GJS_DEBUG_TOPICS', 'JS ERROR;JS LOG'), ('PYTHON_BASIC_REPL', '1'), ('LESSOPEN', '| /usr/bin/lesspipe %s'), ('LANGUAGE', 'zh_CN:zh:en_US:en'), ('USER', 'brace'), ('LC_TIME', 'zh_CN.UTF-8'), ('XDG_SESSION_TYPE', 'x11'), ('GIT_ASKPASS', '/usr/share/code/resources/app/extensions/git/dist/askpass.sh'), ('SHLVL', '2'), ('LD_LIBRARY_PATH', '/opt/ros/humble/opt/rviz_ogre_vendor/lib:/opt/ros/humble/lib/x86_64-linux-gnu:/opt/ros/humble/lib'), ('HOME', '/home/brace'), ('CHROME_DESKTOP', 'code.desktop'), ('TERM_PROGRAM_VERSION', '1.107.1'), ('DESKTOP_SESSION', 'ubuntu'), ('GIO_LAUNCHED_DESKTOP_FILE', '/usr/share/applications/code.desktop'), ('ROS_PYTHON_VERSION', '3'), ('GNOME_SHELL_SESSION_MODE', 'ubuntu'), ('GTK_MODULES', 'gail:atk-bridge'), ('VSCODE_GIT_ASKPASS_MAIN', '/usr/share/code/resources/app/extensions/git/dist/askpass-main.js'), ('LC_MONETARY', 'zh_CN.UTF-8'), ('VSCODE_GIT_ASKPASS_NODE', '/usr/share/code/code'), ('MANAGERPID', '1039'), ('DBUS_STARTER_BUS_TYPE', 'session'), ('SYSTEMD_EXEC_PID', '1416'), ('VSCODE_PYTHON_AUTOACTIVATE_GUARD', '1'), ('DBUS_SESSION_BUS_ADDRESS', 'unix:path=/run/user/1000/bus,guid=133716b0af99defc56ab537f6979c3d3'), ('COLORTERM', 'truecolor'), ('GIO_LAUNCHED_DESKTOP_FILE_PID', '10396'), ('MANDATORY_PATH', '/usr/share/gconf/ubuntu.mandatory.path'), ('ROS_DISTRO', 'humble'), ('GTK_IM_MODULE', 'ibus'), ('LOGNAME', 'brace'), ('JOURNAL_STREAM', '8:18871'), ('_', '/usr/bin/colcon'), ('ROS_VERSION', '2'), ('XDG_SESSION_CLASS', 'user'), ('DEFAULTS_PATH', '/usr/share/gconf/ubuntu.default.path'), ('USERNAME', 'brace'), ('TERM', 'xterm-256color'), ('GNOME_DESKTOP_SESSION_ID', 'this-is-deprecated'), ('FC_FONTATIONS', '1'), ('ROS_LOCALHOST_ONLY', '0'), ('WINDOWPATH', '2'), ('PATH', '/home/brace/.config/Code/User/globalStorage/github.copilot-chat/debugCommand:/home/brace/.config/Code/User/globalStorage/github.copilot-chat/copilotCli:/opt/ros/humble/bin:/usr/local/sbin:/usr/local/bin:/usr/sbin:/usr/bin:/sbin:/bin:/usr/games:/usr/local/games:/snap/bin:/snap/bin'), ('SESSION_MANAGER', 'local/brace-NUC13:@/tmp/.ICE-unix/1416,unix/brace-NUC13:/tmp/.ICE-unix/1416'), ('INVOCATION_ID', 'ca189d607f5345e08a528b64f577a8bf'), ('XDG_MENU_PREFIX', 'gnome-'), ('LC_ADDRESS', 'zh_CN.UTF-8'), ('GNOME_TERMINAL_SCREEN', '/org/gnome/Terminal/screen/24c3bc49_b4df_45c6_b4e2_addcaecbe098'), ('XDG_RUNTIME_DIR', '/run/user/1000'), ('GDK_BACKEND', 'x11'), ('DISPLAY', ':0'), ('LANG', 'zh_CN.UTF-8'), ('XDG_CURRENT_DESKTOP', 'ubuntu:GNOME'), ('PYTHONSTARTUP', '/home/brace/.config/Code/User/workspaceStorage/bcb6da3f859dc44d5fe9070f270c614a/ms-python.python/pythonrc.py'), ('LC_TELEPHONE', 'zh_CN.UTF-8'), ('XMODIFIERS', '@im=ibus'), ('XDG_SESSION_DESKTOP', 'ubuntu'), ('XAUTHORITY', '/run/user/1000/gdm/Xauthority'), ('LS_COLORS', 'rs=0:di=01;34:ln=01;36:mh=00:pi=40;33:so=01;35:do=01;35:bd=40;33;01:cd=40;33;01:or=40;31;01:mi=00:su=37;41:sg=30;43:ca=30;41:tw=30;42:ow=34;42:st=37;44:ex=01;32:*.tar=01;31:*.tgz=01;31:*.arc=01;31:*.arj=01;31:*.taz=01;31:*.lha=01;31:*.lz4=01;31:*.lzh=01;31:*.lzma=01;31:*.tlz=01;31:*.txz=01;31:*.tzo=01;31:*.t7z=01;31:*.zip=01;31:*.z=01;31:*.dz=01;31:*.gz=01;31:*.lrz=01;31:*.lz=01;31:*.lzo=01;31:*.xz=01;31:*.zst=01;31:*.tzst=01;31:*.bz2=01;31:*.bz=01;31:*.tbz=01;31:*.tbz2=01;31:*.tz=01;31:*.deb=01;31:*.rpm=01;31:*.jar=01;31:*.war=01;31:*.ear=01;31:*.sar=01;31:*.rar=01;31:*.alz=01;31:*.ace=01;31:*.zoo=01;31:*.cpio=01;31:*.7z=01;31:*.rz=01;31:*.cab=01;31:*.wim=01;31:*.swm=01;31:*.dwm=01;31:*.esd=01;31:*.jpg=01;35:*.jpeg=01;35:*.mjpg=01;35:*.mjpeg=01;35:*.gif=01;35:*.bmp=01;35:*.pbm=01;35:*.pgm=01;35:*.ppm=01;35:*.tga=01;35:*.xbm=01;35:*.xpm=01;35:*.tif=01;35:*.tiff=01;35:*.png=01;35:*.svg=01;35:*.svgz=01;35:*.mng=01;35:*.pcx=01;35:*.mov=01;35:*.mpg=01;35:*.mpeg=01;35:*.m2v=01;35:*.mkv=01;35:*.webm=01;35:*.webp=01;35:*.ogm=01;35:*.mp4=01;35:*.m4v=01;35:*.mp4v=01;35:*.vob=01;35:*.qt=01;35:*.nuv=01;35:*.wmv=01;35:*.asf=01;35:*.rm=01;35:*.rmvb=01;35:*.flc=01;35:*.avi=01;35:*.fli=01;35:*.flv=01;35:*.gl=01;35:*.dl=01;35:*.xcf=01;35:*.xwd=01;35:*.yuv=01;35:*.cgm=01;35:*.emf=01;35:*.ogv=01;35:*.ogx=01;35:*.aac=00;36:*.au=00;36:*.flac=00;36:*.m4a=00;36:*.mid=00;36:*.midi=00;36:*.mka=00;36:*.mp3=00;36:*.mpc=00;36:*.ogg=00;36:*.ra=00;36:*.wav=00;36:*.oga=00;36:*.opus=00;36:*.spx=00;36:*.xspf=00;36:'), ('VSCODE_GIT_IPC_HANDLE', '/run/user/1000/vscode-git-2baa52ad55.sock'), ('GNOME_TERMINAL_SERVICE', ':1.117'), ('TERM_PROGRAM', 'vscode'), ('SSH_AGENT_LAUNCHER', 'gnome-keyring'), ('SSH_AUTH_SOCK', '/run/user/1000/keyring/ssh'), ('AMENT_PREFIX_PATH', '/opt/ros/humble'), ('SHELL', '/bin/bash'), ('LC_NAME', 'zh_CN.UTF-8'), ('QT_ACCESSIBILITY', '1'), ('NO_AT_BRIDGE', '1'), ('GDMSESSION', 'ubuntu'), ('LESSCLOSE', '/usr/bin/lesspipe %s %s'), ('LC_MEASUREMENT', 'zh_CN.UTF-8'), ('GPG_AGENT_INFO', '/run/user/1000/gnupg/S.gpg-agent:0:1'), ('GJS_DEBUG_OUTPUT', 'stderr'), ('LC_IDENTIFICATION', 'zh_CN.UTF-8'), ('VSCODE_GIT_ASKPASS_EXTRA_ARGS', ''), ('GIT_PAGER', 'cat'), ('QT_IM_MODULE', 'ibus'), ('PWD', '/home/brace/codeSpace/navi/build/rtabmap'), ('XDG_CONFIG_DIRS', '/etc/xdg/xdg-ubuntu:/etc/xdg'), ('DBUS_STARTER_ADDRESS', 'unix:path=/run/user/1000/bus,guid=133716b0af99defc56ab537f6979c3d3'), ('XDG_DATA_DIRS', '/usr/share/ubuntu:/usr/share/gnome:/usr/local/share/:/usr/share/:/var/lib/snapd/desktop'), ('PYTHONPATH', '/opt/ros/humble/lib/python3.10/site-packages:/opt/ros/humble/local/lib/python3.10/dist-packages'), ('LC_NUMERIC', 'zh_CN.UTF-8'), ('LC_PAPER', 'zh_CN.UTF-8'), ('COLCON', '1'), ('VTE_VERSION', '6800'), ('CMAKE_PREFIX_PATH', '/opt/ros/humble')]), 'shell': False}
[0.014192] (rtabmap_msgs) JobProgress: {'identifier': 'rtabmap_msgs', 'progress': 'cmake'}
[0.014503] (rtabmap_msgs) JobProgress: {'identifier': 'rtabmap_msgs', 'progress': 'build'}
[0.014743] (rtabmap_msgs) Command: {'cmd': ['/usr/bin/cmake', '--build', '/home/brace/codeSpace/navi/build/rtabmap_msgs', '--', '-j16', '-l16'], 'cwd': '/home/brace/codeSpace/navi/build/rtabmap_msgs', 'env': OrderedDict([('GJS_DEBUG_TOPICS', 'JS ERROR;JS LOG'), ('PYTHON_BASIC_REPL', '1'), ('LESSOPEN', '| /usr/bin/lesspipe %s'), ('LANGUAGE', 'zh_CN:zh:en_US:en'), ('USER', 'brace'), ('LC_TIME', 'zh_CN.UTF-8'), ('XDG_SESSION_TYPE', 'x11'), ('GIT_ASKPASS', '/usr/share/code/resources/app/extensions/git/dist/askpass.sh'), ('SHLVL', '2'), ('LD_LIBRARY_PATH', '/opt/ros/humble/opt/rviz_ogre_vendor/lib:/opt/ros/humble/lib/x86_64-linux-gnu:/opt/ros/humble/lib'), ('HOME', '/home/brace'), ('CHROME_DESKTOP', 'code.desktop'), ('TERM_PROGRAM_VERSION', '1.107.1'), ('DESKTOP_SESSION', 'ubuntu'), ('GIO_LAUNCHED_DESKTOP_FILE', '/usr/share/applications/code.desktop'), ('ROS_PYTHON_VERSION', '3'), ('GNOME_SHELL_SESSION_MODE', 'ubuntu'), ('GTK_MODULES', 'gail:atk-bridge'), ('VSCODE_GIT_ASKPASS_MAIN', '/usr/share/code/resources/app/extensions/git/dist/askpass-main.js'), ('LC_MONETARY', 'zh_CN.UTF-8'), ('VSCODE_GIT_ASKPASS_NODE', '/usr/share/code/code'), ('MANAGERPID', '1039'), ('DBUS_STARTER_BUS_TYPE', 'session'), ('SYSTEMD_EXEC_PID', '1416'), ('VSCODE_PYTHON_AUTOACTIVATE_GUARD', '1'), ('DBUS_SESSION_BUS_ADDRESS', 'unix:path=/run/user/1000/bus,guid=133716b0af99defc56ab537f6979c3d3'), ('COLORTERM', 'truecolor'), ('GIO_LAUNCHED_DESKTOP_FILE_PID', '10396'), ('MANDATORY_PATH', '/usr/share/gconf/ubuntu.mandatory.path'), ('ROS_DISTRO', 'humble'), ('GTK_IM_MODULE', 'ibus'), ('LOGNAME', 'brace'), ('JOURNAL_STREAM', '8:18871'), ('_', '/usr/bin/colcon'), ('ROS_VERSION', '2'), ('XDG_SESSION_CLASS', 'user'), ('DEFAULTS_PATH', '/usr/share/gconf/ubuntu.default.path'), ('USERNAME', 'brace'), ('TERM', 'xterm-256color'), ('GNOME_DESKTOP_SESSION_ID', 'this-is-deprecated'), ('FC_FONTATIONS', '1'), ('ROS_LOCALHOST_ONLY', '0'), ('WINDOWPATH', '2'), ('PATH', '/home/brace/.config/Code/User/globalStorage/github.copilot-chat/debugCommand:/home/brace/.config/Code/User/globalStorage/github.copilot-chat/copilotCli:/opt/ros/humble/bin:/usr/local/sbin:/usr/local/bin:/usr/sbin:/usr/bin:/sbin:/bin:/usr/games:/usr/local/games:/snap/bin:/snap/bin'), ('SESSION_MANAGER', 'local/brace-NUC13:@/tmp/.ICE-unix/1416,unix/brace-NUC13:/tmp/.ICE-unix/1416'), ('INVOCATION_ID', 'ca189d607f5345e08a528b64f577a8bf'), ('XDG_MENU_PREFIX', 'gnome-'), ('LC_ADDRESS', 'zh_CN.UTF-8'), ('GNOME_TERMINAL_SCREEN', '/org/gnome/Terminal/screen/24c3bc49_b4df_45c6_b4e2_addcaecbe098'), ('XDG_RUNTIME_DIR', '/run/user/1000'), ('GDK_BACKEND', 'x11'), ('DISPLAY', ':0'), ('LANG', 'zh_CN.UTF-8'), ('XDG_CURRENT_DESKTOP', 'ubuntu:GNOME'), ('PYTHONSTARTUP', '/home/brace/.config/Code/User/workspaceStorage/bcb6da3f859dc44d5fe9070f270c614a/ms-python.python/pythonrc.py'), ('LC_TELEPHONE', 'zh_CN.UTF-8'), ('XMODIFIERS', '@im=ibus'), ('XDG_SESSION_DESKTOP', 'ubuntu'), ('XAUTHORITY', '/run/user/1000/gdm/Xauthority'), ('LS_COLORS', 'rs=0:di=01;34:ln=01;36:mh=00:pi=40;33:so=01;35:do=01;35:bd=40;33;01:cd=40;33;01:or=40;31;01:mi=00:su=37;41:sg=30;43:ca=30;41:tw=30;42:ow=34;42:st=37;44:ex=01;32:*.tar=01;31:*.tgz=01;31:*.arc=01;31:*.arj=01;31:*.taz=01;31:*.lha=01;31:*.lz4=01;31:*.lzh=01;31:*.lzma=01;31:*.tlz=01;31:*.txz=01;31:*.tzo=01;31:*.t7z=01;31:*.zip=01;31:*.z=01;31:*.dz=01;31:*.gz=01;31:*.lrz=01;31:*.lz=01;31:*.lzo=01;31:*.xz=01;31:*.zst=01;31:*.tzst=01;31:*.bz2=01;31:*.bz=01;31:*.tbz=01;31:*.tbz2=01;31:*.tz=01;31:*.deb=01;31:*.rpm=01;31:*.jar=01;31:*.war=01;31:*.ear=01;31:*.sar=01;31:*.rar=01;31:*.alz=01;31:*.ace=01;31:*.zoo=01;31:*.cpio=01;31:*.7z=01;31:*.rz=01;31:*.cab=01;31:*.wim=01;31:*.swm=01;31:*.dwm=01;31:*.esd=01;31:*.jpg=01;35:*.jpeg=01;35:*.mjpg=01;35:*.mjpeg=01;35:*.gif=01;35:*.bmp=01;35:*.pbm=01;35:*.pgm=01;35:*.ppm=01;35:*.tga=01;35:*.xbm=01;35:*.xpm=01;35:*.tif=01;35:*.tiff=01;35:*.png=01;35:*.svg=01;35:*.svgz=01;35:*.mng=01;35:*.pcx=01;35:*.mov=01;35:*.mpg=01;35:*.mpeg=01;35:*.m2v=01;35:*.mkv=01;35:*.webm=01;35:*.webp=01;35:*.ogm=01;35:*.mp4=01;35:*.m4v=01;35:*.mp4v=01;35:*.vob=01;35:*.qt=01;35:*.nuv=01;35:*.wmv=01;35:*.asf=01;35:*.rm=01;35:*.rmvb=01;35:*.flc=01;35:*.avi=01;35:*.fli=01;35:*.flv=01;35:*.gl=01;35:*.dl=01;35:*.xcf=01;35:*.xwd=01;35:*.yuv=01;35:*.cgm=01;35:*.emf=01;35:*.ogv=01;35:*.ogx=01;35:*.aac=00;36:*.au=00;36:*.flac=00;36:*.m4a=00;36:*.mid=00;36:*.midi=00;36:*.mka=00;36:*.mp3=00;36:*.mpc=00;36:*.ogg=00;36:*.ra=00;36:*.wav=00;36:*.oga=00;36:*.opus=00;36:*.spx=00;36:*.xspf=00;36:'), ('VSCODE_GIT_IPC_HANDLE', '/run/user/1000/vscode-git-2baa52ad55.sock'), ('GNOME_TERMINAL_SERVICE', ':1.117'), ('TERM_PROGRAM', 'vscode'), ('SSH_AGENT_LAUNCHER', 'gnome-keyring'), ('SSH_AUTH_SOCK', '/run/user/1000/keyring/ssh'), ('AMENT_PREFIX_PATH', '/opt/ros/humble'), ('SHELL', '/bin/bash'), ('LC_NAME', 'zh_CN.UTF-8'), ('QT_ACCESSIBILITY', '1'), ('NO_AT_BRIDGE', '1'), ('GDMSESSION', 'ubuntu'), ('LESSCLOSE', '/usr/bin/lesspipe %s %s'), ('LC_MEASUREMENT', 'zh_CN.UTF-8'), ('GPG_AGENT_INFO', '/run/user/1000/gnupg/S.gpg-agent:0:1'), ('GJS_DEBUG_OUTPUT', 'stderr'), ('LC_IDENTIFICATION', 'zh_CN.UTF-8'), ('VSCODE_GIT_ASKPASS_EXTRA_ARGS', ''), ('GIT_PAGER', 'cat'), ('QT_IM_MODULE', 'ibus'), ('PWD', '/home/brace/codeSpace/navi/build/rtabmap_msgs'), ('XDG_CONFIG_DIRS', '/etc/xdg/xdg-ubuntu:/etc/xdg'), ('DBUS_STARTER_ADDRESS', 'unix:path=/run/user/1000/bus,guid=133716b0af99defc56ab537f6979c3d3'), ('XDG_DATA_DIRS', '/usr/share/ubuntu:/usr/share/gnome:/usr/local/share/:/usr/share/:/var/lib/snapd/desktop'), ('PYTHONPATH', '/opt/ros/humble/lib/python3.10/site-packages:/opt/ros/humble/local/lib/python3.10/dist-packages'), ('LC_NUMERIC', 'zh_CN.UTF-8'), ('LC_PAPER', 'zh_CN.UTF-8'), ('COLCON', '1'), ('VTE_VERSION', '6800'), ('CMAKE_PREFIX_PATH', '/opt/ros/humble')]), 'shell': False}
[0.063242] (rtabmap) StdoutLine: {'line': b'[  5%] Built target rtabmap_utilite\n'}
[0.068286] (rtabmap_msgs) StdoutLine: {'line': b'[  0%] Built target rtabmap_msgs__cpp\n'}
[0.069086] (rtabmap_msgs) StdoutLine: {'line': b'[  0%] Built target ament_cmake_python_symlink_rtabmap_msgs\n'}
[0.084126] (rtabmap) StdoutLine: {'line': b'[  6%] Built target res_tool\n'}
[0.087424] (rtabmap_msgs) StdoutLine: {'line': b'[ 12%] Built target rtabmap_msgs__rosidl_generator_c\n'}
[0.099828] (-) TimerEvent: {}
[0.106402] (rtabmap_msgs) StdoutLine: {'line': b'[ 25%] Built target rtabmap_msgs__rosidl_typesupport_introspection_cpp\n'}
[0.107370] (rtabmap_msgs) StdoutLine: {'line': b'[ 37%] Built target rtabmap_msgs__rosidl_typesupport_fastrtps_cpp\n'}
[0.109464] (rtabmap_msgs) StdoutLine: {'line': b'[ 50%] Built target rtabmap_msgs__rosidl_typesupport_c\n'}
[0.110035] (rtabmap_msgs) StdoutLine: {'line': b'[ 62%] Built target rtabmap_msgs__rosidl_typesupport_cpp\n'}
[0.113104] (rtabmap_msgs) StdoutLine: {'line': b'[ 75%] Built target rtabmap_msgs__rosidl_typesupport_introspection_c\n'}
[0.125554] (rtabmap_msgs) StdoutLine: {'line': b'[ 88%] Built target rtabmap_msgs__rosidl_typesupport_fastrtps_c\n'}
[0.144934] (rtabmap_msgs) StdoutLine: {'line': b'[ 88%] Built target rtabmap_msgs\n'}
[0.165671] (rtabmap_msgs) StdoutLine: {'line': b'[ 88%] Built target rtabmap_msgs__py\n'}
[0.198189] (rtabmap_msgs) StdoutLine: {'line': b'[100%] Built target rtabmap_msgs__rosidl_generator_py\n'}
[0.199908] (-) TimerEvent: {}
[0.215291] (rtabmap_msgs) StdoutLine: {'line': b'[100%] Built target rtabmap_msgs__rosidl_typesupport_fastrtps_c__pyext\n'}
[0.217660] (rtabmap_msgs) StdoutLine: {'line': b'[100%] Built target rtabmap_msgs__rosidl_typesupport_c__pyext\n'}
[0.219595] (rtabmap_msgs) StdoutLine: {'line': b'[100%] Built target rtabmap_msgs__rosidl_typesupport_introspection_c__pyext\n'}
[0.225819] (rtabmap) StdoutLine: {'line': b'[ 57%] Built target rtabmap_core\n'}
[0.231021] (rtabmap_msgs) StdoutLine: {'line': b'running egg_info\n'}
[0.234614] (rtabmap_msgs) StdoutLine: {'line': b'writing rtabmap_msgs.egg-info/PKG-INFO\n'}
[0.236773] (rtabmap_msgs) StdoutLine: {'line': b'writing dependency_links to rtabmap_msgs.egg-info/dependency_links.txt\n'}
[0.237351] (rtabmap_msgs) StdoutLine: {'line': b'writing top-level names to rtabmap_msgs.egg-info/top_level.txt\n'}
[0.237864] (rtabmap_msgs) StdoutLine: {'line': b"reading manifest file 'rtabmap_msgs.egg-info/SOURCES.txt'\n"}
[0.238336] (rtabmap_msgs) StdoutLine: {'line': b"writing manifest file 'rtabmap_msgs.egg-info/SOURCES.txt'\n"}
[0.243575] (rtabmap) StdoutLine: {'line': b'[ 57%] \x1b[34m\x1b[1mAutomatic MOC and UIC for target rtabmap_gui\x1b[0m\n'}
[0.249848] (rtabmap) StdoutLine: {'line': b'[ 57%] Built target imagesJoiner\n'}
[0.256992] (rtabmap) StdoutLine: {'line': b'[ 58%] Built target consoleApp\n'}
[0.257205] (rtabmap) StdoutLine: {'line': b'[ 58%] Built target stereoEval\n'}
[0.257982] (rtabmap) StdoutLine: {'line': b'[ 59%] Built target kitti_dataset\n'}
[0.258173] (rtabmap) StdoutLine: {'line': b'[ 61%] Built target detectMoreLoopClosures\n'}
[0.258661] (rtabmap) StdoutLine: {'line': b'[ 61%] Built target euroc_dataset\n'}
[0.259029] (rtabmap) StdoutLine: {'line': b'[ 61%] Built target extractObject\n'}
[0.259280] (rtabmap) StdoutLine: {'line': b'[ 62%] Built target export\n'}
[0.259571] (rtabmap) StdoutLine: {'line': b'[ 63%] Built target reprocess\n'}
[0.259739] (rtabmap) StdoutLine: {'line': b'[ 64%] Built target rgbd_dataset\n'}
[0.261194] (rtabmap) StdoutLine: {'line': b'[ 65%] Built target camera\n'}
[0.262175] (rtabmap) StdoutLine: {'line': b'[ 66%] Built target cleanupLocalGrids\n'}
[0.262479] (rtabmap) StdoutLine: {'line': b'[ 68%] Built target globalBundleAdjustment\n'}
[0.262599] (rtabmap) StdoutLine: {'line': b'[ 68%] Built target info\n'}
[0.263468] (rtabmap) StdoutLine: {'line': b'[ 68%] Built target recovery\n'}
[0.266897] (rtabmap_msgs) StdoutLine: {'line': b'[100%] Built target ament_cmake_python_build_rtabmap_msgs_egg\n'}
[0.276749] (rtabmap_msgs) CommandEnded: {'returncode': 0}
[0.277428] (rtabmap_msgs) JobProgress: {'identifier': 'rtabmap_msgs', 'progress': 'install'}
[0.277804] (rtabmap) StdoutLine: {'line': b'[ 68%] Built target lidar_viewer\n'}
[0.278037] (rtabmap) StdoutLine: {'line': b'[ 68%] Built target rtabmap_gui_autogen\n'}
[0.283052] (rtabmap_msgs) Command: {'cmd': ['/usr/bin/cmake', '--install', '/home/brace/codeSpace/navi/build/rtabmap_msgs'], 'cwd': '/home/brace/codeSpace/navi/build/rtabmap_msgs', 'env': OrderedDict([('GJS_DEBUG_TOPICS', 'JS ERROR;JS LOG'), ('PYTHON_BASIC_REPL', '1'), ('LESSOPEN', '| /usr/bin/lesspipe %s'), ('LANGUAGE', 'zh_CN:zh:en_US:en'), ('USER', 'brace'), ('LC_TIME', 'zh_CN.UTF-8'), ('XDG_SESSION_TYPE', 'x11'), ('GIT_ASKPASS', '/usr/share/code/resources/app/extensions/git/dist/askpass.sh'), ('SHLVL', '2'), ('LD_LIBRARY_PATH', '/opt/ros/humble/opt/rviz_ogre_vendor/lib:/opt/ros/humble/lib/x86_64-linux-gnu:/opt/ros/humble/lib'), ('HOME', '/home/brace'), ('CHROME_DESKTOP', 'code.desktop'), ('TERM_PROGRAM_VERSION', '1.107.1'), ('DESKTOP_SESSION', 'ubuntu'), ('GIO_LAUNCHED_DESKTOP_FILE', '/usr/share/applications/code.desktop'), ('ROS_PYTHON_VERSION', '3'), ('GNOME_SHELL_SESSION_MODE', 'ubuntu'), ('GTK_MODULES', 'gail:atk-bridge'), ('VSCODE_GIT_ASKPASS_MAIN', '/usr/share/code/resources/app/extensions/git/dist/askpass-main.js'), ('LC_MONETARY', 'zh_CN.UTF-8'), ('VSCODE_GIT_ASKPASS_NODE', '/usr/share/code/code'), ('MANAGERPID', '1039'), ('DBUS_STARTER_BUS_TYPE', 'session'), ('SYSTEMD_EXEC_PID', '1416'), ('VSCODE_PYTHON_AUTOACTIVATE_GUARD', '1'), ('DBUS_SESSION_BUS_ADDRESS', 'unix:path=/run/user/1000/bus,guid=133716b0af99defc56ab537f6979c3d3'), ('COLORTERM', 'truecolor'), ('GIO_LAUNCHED_DESKTOP_FILE_PID', '10396'), ('MANDATORY_PATH', '/usr/share/gconf/ubuntu.mandatory.path'), ('ROS_DISTRO', 'humble'), ('GTK_IM_MODULE', 'ibus'), ('LOGNAME', 'brace'), ('JOURNAL_STREAM', '8:18871'), ('_', '/usr/bin/colcon'), ('ROS_VERSION', '2'), ('XDG_SESSION_CLASS', 'user'), ('DEFAULTS_PATH', '/usr/share/gconf/ubuntu.default.path'), ('USERNAME', 'brace'), ('TERM', 'xterm-256color'), ('GNOME_DESKTOP_SESSION_ID', 'this-is-deprecated'), ('FC_FONTATIONS', '1'), ('ROS_LOCALHOST_ONLY', '0'), ('WINDOWPATH', '2'), ('PATH', '/home/brace/.config/Code/User/globalStorage/github.copilot-chat/debugCommand:/home/brace/.config/Code/User/globalStorage/github.copilot-chat/copilotCli:/opt/ros/humble/bin:/usr/local/sbin:/usr/local/bin:/usr/sbin:/usr/bin:/sbin:/bin:/usr/games:/usr/local/games:/snap/bin:/snap/bin'), ('SESSION_MANAGER', 'local/brace-NUC13:@/tmp/.ICE-unix/1416,unix/brace-NUC13:/tmp/.ICE-unix/1416'), ('INVOCATION_ID', 'ca189d607f5345e08a528b64f577a8bf'), ('XDG_MENU_PREFIX', 'gnome-'), ('LC_ADDRESS', 'zh_CN.UTF-8'), ('GNOME_TERMINAL_SCREEN', '/org/gnome/Terminal/screen/24c3bc49_b4df_45c6_b4e2_addcaecbe098'), ('XDG_RUNTIME_DIR', '/run/user/1000'), ('GDK_BACKEND', 'x11'), ('DISPLAY', ':0'), ('LANG', 'zh_CN.UTF-8'), ('XDG_CURRENT_DESKTOP', 'ubuntu:GNOME'), ('PYTHONSTARTUP', '/home/brace/.config/Code/User/workspaceStorage/bcb6da3f859dc44d5fe9070f270c614a/ms-python.python/pythonrc.py'), ('LC_TELEPHONE', 'zh_CN.UTF-8'), ('XMODIFIERS', '@im=ibus'), ('XDG_SESSION_DESKTOP', 'ubuntu'), ('XAUTHORITY', '/run/user/1000/gdm/Xauthority'), ('LS_COLORS', 'rs=0:di=01;34:ln=01;36:mh=00:pi=40;33:so=01;35:do=01;35:bd=40;33;01:cd=40;33;01:or=40;31;01:mi=00:su=37;41:sg=30;43:ca=30;41:tw=30;42:ow=34;42:st=37;44:ex=01;32:*.tar=01;31:*.tgz=01;31:*.arc=01;31:*.arj=01;31:*.taz=01;31:*.lha=01;31:*.lz4=01;31:*.lzh=01;31:*.lzma=01;31:*.tlz=01;31:*.txz=01;31:*.tzo=01;31:*.t7z=01;31:*.zip=01;31:*.z=01;31:*.dz=01;31:*.gz=01;31:*.lrz=01;31:*.lz=01;31:*.lzo=01;31:*.xz=01;31:*.zst=01;31:*.tzst=01;31:*.bz2=01;31:*.bz=01;31:*.tbz=01;31:*.tbz2=01;31:*.tz=01;31:*.deb=01;31:*.rpm=01;31:*.jar=01;31:*.war=01;31:*.ear=01;31:*.sar=01;31:*.rar=01;31:*.alz=01;31:*.ace=01;31:*.zoo=01;31:*.cpio=01;31:*.7z=01;31:*.rz=01;31:*.cab=01;31:*.wim=01;31:*.swm=01;31:*.dwm=01;31:*.esd=01;31:*.jpg=01;35:*.jpeg=01;35:*.mjpg=01;35:*.mjpeg=01;35:*.gif=01;35:*.bmp=01;35:*.pbm=01;35:*.pgm=01;35:*.ppm=01;35:*.tga=01;35:*.xbm=01;35:*.xpm=01;35:*.tif=01;35:*.tiff=01;35:*.png=01;35:*.svg=01;35:*.svgz=01;35:*.mng=01;35:*.pcx=01;35:*.mov=01;35:*.mpg=01;35:*.mpeg=01;35:*.m2v=01;35:*.mkv=01;35:*.webm=01;35:*.webp=01;35:*.ogm=01;35:*.mp4=01;35:*.m4v=01;35:*.mp4v=01;35:*.vob=01;35:*.qt=01;35:*.nuv=01;35:*.wmv=01;35:*.asf=01;35:*.rm=01;35:*.rmvb=01;35:*.flc=01;35:*.avi=01;35:*.fli=01;35:*.flv=01;35:*.gl=01;35:*.dl=01;35:*.xcf=01;35:*.xwd=01;35:*.yuv=01;35:*.cgm=01;35:*.emf=01;35:*.ogv=01;35:*.ogx=01;35:*.aac=00;36:*.au=00;36:*.flac=00;36:*.m4a=00;36:*.mid=00;36:*.midi=00;36:*.mka=00;36:*.mp3=00;36:*.mpc=00;36:*.ogg=00;36:*.ra=00;36:*.wav=00;36:*.oga=00;36:*.opus=00;36:*.spx=00;36:*.xspf=00;36:'), ('VSCODE_GIT_IPC_HANDLE', '/run/user/1000/vscode-git-2baa52ad55.sock'), ('GNOME_TERMINAL_SERVICE', ':1.117'), ('TERM_PROGRAM', 'vscode'), ('SSH_AGENT_LAUNCHER', 'gnome-keyring'), ('SSH_AUTH_SOCK', '/run/user/1000/keyring/ssh'), ('AMENT_PREFIX_PATH', '/opt/ros/humble'), ('SHELL', '/bin/bash'), ('LC_NAME', 'zh_CN.UTF-8'), ('QT_ACCESSIBILITY', '1'), ('NO_AT_BRIDGE', '1'), ('GDMSESSION', 'ubuntu'), ('LESSCLOSE', '/usr/bin/lesspipe %s %s'), ('LC_MEASUREMENT', 'zh_CN.UTF-8'), ('GPG_AGENT_INFO', '/run/user/1000/gnupg/S.gpg-agent:0:1'), ('GJS_DEBUG_OUTPUT', 'stderr'), ('LC_IDENTIFICATION', 'zh_CN.UTF-8'), ('VSCODE_GIT_ASKPASS_EXTRA_ARGS', ''), ('GIT_PAGER', 'cat'), ('QT_IM_MODULE', 'ibus'), ('PWD', '/home/brace/codeSpace/navi/build/rtabmap_msgs'), ('XDG_CONFIG_DIRS', '/etc/xdg/xdg-ubuntu:/etc/xdg'), ('DBUS_STARTER_ADDRESS', 'unix:path=/run/user/1000/bus,guid=133716b0af99defc56ab537f6979c3d3'), ('XDG_DATA_DIRS', '/usr/share/ubuntu:/usr/share/gnome:/usr/local/share/:/usr/share/:/var/lib/snapd/desktop'), ('PYTHONPATH', '/opt/ros/humble/lib/python3.10/site-packages:/opt/ros/humble/local/lib/python3.10/dist-packages'), ('LC_NUMERIC', 'zh_CN.UTF-8'), ('LC_PAPER', 'zh_CN.UTF-8'), ('COLCON', '1'), ('VTE_VERSION', '6800'), ('CMAKE_PREFIX_PATH', '/opt/ros/humble')]), 'shell': False}
[0.292053] (rtabmap_msgs) StdoutLine: {'line': b'-- Install configuration: "Release"\n'}
[0.293007] (rtabmap_msgs) StdoutLine: {'line': b'-- Execute custom install script\n'}
[0.293150] (rtabmap_msgs) StdoutLine: {'line': b'-- Up-to-date symlink: /home/brace/codeSpace/navi/install/rtabmap_msgs/share/ament_index/resource_index/rosidl_interfaces/rtabmap_msgs\n'}
[0.294482] (rtabmap_msgs) StdoutLine: {'line': b'-- Up-to-date symlink: /home/brace/codeSpace/navi/install/rtabmap_msgs/include/rtabmap_msgs/rtabmap_msgs/msg/camera_model.h\n'}
[0.294643] (rtabmap_msgs) StdoutLine: {'line': b'-- Up-to-date symlink: /home/brace/codeSpace/navi/install/rtabmap_msgs/include/rtabmap_msgs/rtabmap_msgs/msg/camera_models.h\n'}
[0.294770] (rtabmap_msgs) StdoutLine: {'line': b'-- Up-to-date symlink: /home/brace/codeSpace/navi/install/rtabmap_msgs/include/rtabmap_msgs/rtabmap_msgs/msg/detail/camera_model__functions.h\n'}
[0.294823] (rtabmap_msgs) StdoutLine: {'line': b'-- Up-to-date symlink: /home/brace/codeSpace/navi/install/rtabmap_msgs/include/rtabmap_msgs/rtabmap_msgs/msg/detail/camera_model__struct.h\n'}
[0.294894] (rtabmap_msgs) StdoutLine: {'line': b'-- Up-to-date symlink: /home/brace/codeSpace/navi/install/rtabmap_msgs/include/rtabmap_msgs/rtabmap_msgs/msg/detail/camera_model__type_support.h\n'}
[0.294991] (rtabmap_msgs) StdoutLine: {'line': b'-- Up-to-date symlink: /home/brace/codeSpace/navi/install/rtabmap_msgs/include/rtabmap_msgs/rtabmap_msgs/msg/detail/camera_models__functions.h\n'}
[0.295034] (rtabmap_msgs) StdoutLine: {'line': b'-- Up-to-date symlink: /home/brace/codeSpace/navi/install/rtabmap_msgs/include/rtabmap_msgs/rtabmap_msgs/msg/detail/camera_models__struct.h\n'}
[0.295075] (rtabmap_msgs) StdoutLine: {'line': b'-- Up-to-date symlink: /home/brace/codeSpace/navi/install/rtabmap_msgs/include/rtabmap_msgs/rtabmap_msgs/msg/detail/camera_models__type_support.h\n'}
[0.295116] (rtabmap_msgs) StdoutLine: {'line': b'-- Up-to-date symlink: /home/brace/codeSpace/navi/install/rtabmap_msgs/include/rtabmap_msgs/rtabmap_msgs/msg/detail/env_sensor__functions.h\n'}
[0.295156] (rtabmap_msgs) StdoutLine: {'line': b'-- Up-to-date symlink: /home/brace/codeSpace/navi/install/rtabmap_msgs/include/rtabmap_msgs/rtabmap_msgs/msg/detail/env_sensor__struct.h\n'}
[0.295220] (rtabmap_msgs) StdoutLine: {'line': b'-- Up-to-date symlink: /home/brace/codeSpace/navi/install/rtabmap_msgs/include/rtabmap_msgs/rtabmap_msgs/msg/detail/env_sensor__type_support.h\n'}
[0.295293] (rtabmap_msgs) StdoutLine: {'line': b'-- Up-to-date symlink: /home/brace/codeSpace/navi/install/rtabmap_msgs/include/rtabmap_msgs/rtabmap_msgs/msg/detail/global_descriptor__functions.h\n'}
[0.295335] (rtabmap_msgs) StdoutLine: {'line': b'-- Up-to-date symlink: /home/brace/codeSpace/navi/install/rtabmap_msgs/include/rtabmap_msgs/rtabmap_msgs/msg/detail/global_descriptor__struct.h\n'}
[0.295388] (rtabmap_msgs) StdoutLine: {'line': b'-- Up-to-date symlink: /home/brace/codeSpace/navi/install/rtabmap_msgs/include/rtabmap_msgs/rtabmap_msgs/msg/detail/global_descriptor__type_support.h\n'}
[0.295429] (rtabmap_msgs) StdoutLine: {'line': b'-- Up-to-date symlink: /home/brace/codeSpace/navi/install/rtabmap_msgs/include/rtabmap_msgs/rtabmap_msgs/msg/detail/goal__functions.h\n'}
[0.295516] (rtabmap_msgs) StdoutLine: {'line': b'-- Up-to-date symlink: /home/brace/codeSpace/navi/install/rtabmap_msgs/include/rtabmap_msgs/rtabmap_msgs/msg/detail/goal__struct.h\n'}
[0.295554] (rtabmap_msgs) StdoutLine: {'line': b'-- Up-to-date symlink: /home/brace/codeSpace/navi/install/rtabmap_msgs/include/rtabmap_msgs/rtabmap_msgs/msg/detail/goal__type_support.h\n'}
[0.295609] (rtabmap_msgs) StdoutLine: {'line': b'-- Up-to-date symlink: /home/brace/codeSpace/navi/install/rtabmap_msgs/include/rtabmap_msgs/rtabmap_msgs/msg/detail/gps__functions.h\n'}
[0.295648] (rtabmap_msgs) StdoutLine: {'line': b'-- Up-to-date symlink: /home/brace/codeSpace/navi/install/rtabmap_msgs/include/rtabmap_msgs/rtabmap_msgs/msg/detail/gps__struct.h\n'}
[0.295786] (rtabmap_msgs) StdoutLine: {'line': b'-- Up-to-date symlink: /home/brace/codeSpace/navi/install/rtabmap_msgs/include/rtabmap_msgs/rtabmap_msgs/msg/detail/gps__type_support.h\n'}
[0.295890] (rtabmap_msgs) StdoutLine: {'line': b'-- Up-to-date symlink: /home/brace/codeSpace/navi/install/rtabmap_msgs/include/rtabmap_msgs/rtabmap_msgs/msg/detail/info__functions.h\n'}
[0.295930] (rtabmap_msgs) StdoutLine: {'line': b'-- Up-to-date symlink: /home/brace/codeSpace/navi/install/rtabmap_msgs/include/rtabmap_msgs/rtabmap_msgs/msg/detail/info__struct.h\n'}
[0.295972] (rtabmap_msgs) StdoutLine: {'line': b'-- Up-to-date symlink: /home/brace/codeSpace/navi/install/rtabmap_msgs/include/rtabmap_msgs/rtabmap_msgs/msg/detail/info__type_support.h\n'}
[0.296010] (rtabmap_msgs) StdoutLine: {'line': b'-- Up-to-date symlink: /home/brace/codeSpace/navi/install/rtabmap_msgs/include/rtabmap_msgs/rtabmap_msgs/msg/detail/key_point__functions.h\n'}
[0.296076] (rtabmap_msgs) StdoutLine: {'line': b'-- Up-to-date symlink: /home/brace/codeSpace/navi/install/rtabmap_msgs/include/rtabmap_msgs/rtabmap_msgs/msg/detail/key_point__struct.h\n'}
[0.296117] (rtabmap_msgs) StdoutLine: {'line': b'-- Up-to-date symlink: /home/brace/codeSpace/navi/install/rtabmap_msgs/include/rtabmap_msgs/rtabmap_msgs/msg/detail/key_point__type_support.h\n'}
[0.296190] (rtabmap_msgs) StdoutLine: {'line': b'-- Up-to-date symlink: /home/brace/codeSpace/navi/install/rtabmap_msgs/include/rtabmap_msgs/rtabmap_msgs/msg/detail/landmark_detection__functions.h\n'}
[0.296231] (rtabmap_msgs) StdoutLine: {'line': b'-- Up-to-date symlink: /home/brace/codeSpace/navi/install/rtabmap_msgs/include/rtabmap_msgs/rtabmap_msgs/msg/detail/landmark_detection__struct.h\n'}
[0.296269] (rtabmap_msgs) StdoutLine: {'line': b'-- Up-to-date symlink: /home/brace/codeSpace/navi/install/rtabmap_msgs/include/rtabmap_msgs/rtabmap_msgs/msg/detail/landmark_detection__type_support.h\n'}
[0.296336] (rtabmap_msgs) StdoutLine: {'line': b'-- Up-to-date symlink: /home/brace/codeSpace/navi/install/rtabmap_msgs/include/rtabmap_msgs/rtabmap_msgs/msg/detail/landmark_detections__functions.h\n'}
[0.296377] (rtabmap_msgs) StdoutLine: {'line': b'-- Up-to-date symlink: /home/brace/codeSpace/navi/install/rtabmap_msgs/include/rtabmap_msgs/rtabmap_msgs/msg/detail/landmark_detections__struct.h\n'}
[0.296416] (rtabmap_msgs) StdoutLine: {'line': b'-- Up-to-date symlink: /home/brace/codeSpace/navi/install/rtabmap_msgs/include/rtabmap_msgs/rtabmap_msgs/msg/detail/landmark_detections__type_support.h\n'}
[0.296480] (rtabmap_msgs) StdoutLine: {'line': b'-- Up-to-date symlink: /home/brace/codeSpace/navi/install/rtabmap_msgs/include/rtabmap_msgs/rtabmap_msgs/msg/detail/link__functions.h\n'}
[0.296520] (rtabmap_msgs) StdoutLine: {'line': b'-- Up-to-date symlink: /home/brace/codeSpace/navi/install/rtabmap_msgs/include/rtabmap_msgs/rtabmap_msgs/msg/detail/link__struct.h\n'}
[0.296609] (rtabmap_msgs) StdoutLine: {'line': b'-- Up-to-date symlink: /home/brace/codeSpace/navi/install/rtabmap_msgs/include/rtabmap_msgs/rtabmap_msgs/msg/detail/link__type_support.h\n'}
[0.296652] (rtabmap_msgs) StdoutLine: {'line': b'-- Up-to-date symlink: /home/brace/codeSpace/navi/install/rtabmap_msgs/include/rtabmap_msgs/rtabmap_msgs/msg/detail/map_data__functions.h\n'}
[0.296691] (rtabmap_msgs) StdoutLine: {'line': b'-- Up-to-date symlink: /home/brace/codeSpace/navi/install/rtabmap_msgs/include/rtabmap_msgs/rtabmap_msgs/msg/detail/map_data__struct.h\n'}
[0.296728] (rtabmap_msgs) StdoutLine: {'line': b'-- Up-to-date symlink: /home/brace/codeSpace/navi/install/rtabmap_msgs/include/rtabmap_msgs/rtabmap_msgs/msg/detail/map_data__type_support.h\n'}
[0.296767] (rtabmap_msgs) StdoutLine: {'line': b'-- Up-to-date symlink: /home/brace/codeSpace/navi/install/rtabmap_msgs/include/rtabmap_msgs/rtabmap_msgs/msg/detail/map_graph__functions.h\n'}
[0.296830] (rtabmap_msgs) StdoutLine: {'line': b'-- Up-to-date symlink: /home/brace/codeSpace/navi/install/rtabmap_msgs/include/rtabmap_msgs/rtabmap_msgs/msg/detail/map_graph__struct.h\n'}
[0.296898] (rtabmap_msgs) StdoutLine: {'line': b'-- Up-to-date symlink: /home/brace/codeSpace/navi/install/rtabmap_msgs/include/rtabmap_msgs/rtabmap_msgs/msg/detail/map_graph__type_support.h\n'}
[0.296941] (rtabmap_msgs) StdoutLine: {'line': b'-- Up-to-date symlink: /home/brace/codeSpace/navi/install/rtabmap_msgs/include/rtabmap_msgs/rtabmap_msgs/msg/detail/node__functions.h\n'}
[0.296980] (rtabmap_msgs) StdoutLine: {'line': b'-- Up-to-date symlink: /home/brace/codeSpace/navi/install/rtabmap_msgs/include/rtabmap_msgs/rtabmap_msgs/msg/detail/node__struct.h\n'}
[0.297044] (rtabmap_msgs) StdoutLine: {'line': b'-- Up-to-date symlink: /home/brace/codeSpace/navi/install/rtabmap_msgs/include/rtabmap_msgs/rtabmap_msgs/msg/detail/node__type_support.h\n'}
[0.297087] (rtabmap_msgs) StdoutLine: {'line': b'-- Up-to-date symlink: /home/brace/codeSpace/navi/install/rtabmap_msgs/include/rtabmap_msgs/rtabmap_msgs/msg/detail/odom_info__functions.h\n'}
[0.297154] (rtabmap_msgs) StdoutLine: {'line': b'-- Up-to-date symlink: /home/brace/codeSpace/navi/install/rtabmap_msgs/include/rtabmap_msgs/rtabmap_msgs/msg/detail/odom_info__struct.h\n'}
[0.297193] (rtabmap_msgs) StdoutLine: {'line': b'-- Up-to-date symlink: /home/brace/codeSpace/navi/install/rtabmap_msgs/include/rtabmap_msgs/rtabmap_msgs/msg/detail/odom_info__type_support.h\n'}
[0.297259] (rtabmap_msgs) StdoutLine: {'line': b'-- Up-to-date symlink: /home/brace/codeSpace/navi/install/rtabmap_msgs/include/rtabmap_msgs/rtabmap_msgs/msg/detail/path__functions.h\n'}
[0.297299] (rtabmap_msgs) StdoutLine: {'line': b'-- Up-to-date symlink: /home/brace/codeSpace/navi/install/rtabmap_msgs/include/rtabmap_msgs/rtabmap_msgs/msg/detail/path__struct.h\n'}
[0.297341] (rtabmap_msgs) StdoutLine: {'line': b'-- Up-to-date symlink: /home/brace/codeSpace/navi/install/rtabmap_msgs/include/rtabmap_msgs/rtabmap_msgs/msg/detail/path__type_support.h\n'}
[0.297417] (rtabmap_msgs) StdoutLine: {'line': b'-- Up-to-date symlink: /home/brace/codeSpace/navi/install/rtabmap_msgs/include/rtabmap_msgs/rtabmap_msgs/msg/detail/point2f__functions.h\n'}
[0.297469] (rtabmap_msgs) StdoutLine: {'line': b'-- Up-to-date symlink: /home/brace/codeSpace/navi/install/rtabmap_msgs/include/rtabmap_msgs/rtabmap_msgs/msg/detail/point2f__struct.h\n'}
[0.297507] (rtabmap_msgs) StdoutLine: {'line': b'-- Up-to-date symlink: /home/brace/codeSpace/navi/install/rtabmap_msgs/include/rtabmap_msgs/rtabmap_msgs/msg/detail/point2f__type_support.h\n'}
[0.297545] (rtabmap_msgs) StdoutLine: {'line': b'-- Up-to-date symlink: /home/brace/codeSpace/navi/install/rtabmap_msgs/include/rtabmap_msgs/rtabmap_msgs/msg/detail/point3f__functions.h\n'}
[0.297589] (rtabmap_msgs) StdoutLine: {'line': b'-- Up-to-date symlink: /home/brace/codeSpace/navi/install/rtabmap_msgs/include/rtabmap_msgs/rtabmap_msgs/msg/detail/point3f__struct.h\n'}
[0.297649] (rtabmap_msgs) StdoutLine: {'line': b'-- Up-to-date symlink: /home/brace/codeSpace/navi/install/rtabmap_msgs/include/rtabmap_msgs/rtabmap_msgs/msg/detail/point3f__type_support.h\n'}
[0.297727] (rtabmap_msgs) StdoutLine: {'line': b'-- Up-to-date symlink: /home/brace/codeSpace/navi/install/rtabmap_msgs/include/rtabmap_msgs/rtabmap_msgs/msg/detail/rgbd_image__functions.h\n'}
[0.297767] (rtabmap_msgs) StdoutLine: {'line': b'-- Up-to-date symlink: /home/brace/codeSpace/navi/install/rtabmap_msgs/include/rtabmap_msgs/rtabmap_msgs/msg/detail/rgbd_image__struct.h\n'}
[0.297805] (rtabmap_msgs) StdoutLine: {'line': b'-- Up-to-date symlink: /home/brace/codeSpace/navi/install/rtabmap_msgs/include/rtabmap_msgs/rtabmap_msgs/msg/detail/rgbd_image__type_support.h\n'}
[0.297843] (rtabmap_msgs) StdoutLine: {'line': b'-- Up-to-date symlink: /home/brace/codeSpace/navi/install/rtabmap_msgs/include/rtabmap_msgs/rtabmap_msgs/msg/detail/rgbd_images__functions.h\n'}
[0.297904] (rtabmap_msgs) StdoutLine: {'line': b'-- Up-to-date symlink: /home/brace/codeSpace/navi/install/rtabmap_msgs/include/rtabmap_msgs/rtabmap_msgs/msg/detail/rgbd_images__struct.h\n'}
[0.297981] (rtabmap_msgs) StdoutLine: {'line': b'-- Up-to-date symlink: /home/brace/codeSpace/navi/install/rtabmap_msgs/include/rtabmap_msgs/rtabmap_msgs/msg/detail/rgbd_images__type_support.h\n'}
[0.298022] (rtabmap_msgs) StdoutLine: {'line': b'-- Up-to-date symlink: /home/brace/codeSpace/navi/install/rtabmap_msgs/include/rtabmap_msgs/rtabmap_msgs/msg/detail/scan_descriptor__functions.h\n'}
[0.298062] (rtabmap_msgs) StdoutLine: {'line': b'-- Up-to-date symlink: /home/brace/codeSpace/navi/install/rtabmap_msgs/include/rtabmap_msgs/rtabmap_msgs/msg/detail/scan_descriptor__struct.h\n'}
[0.298102] (rtabmap_msgs) StdoutLine: {'line': b'-- Up-to-date symlink: /home/brace/codeSpace/navi/install/rtabmap_msgs/include/rtabmap_msgs/rtabmap_msgs/msg/detail/scan_descriptor__type_support.h\n'}
[0.298163] (rtabmap_msgs) StdoutLine: {'line': b'-- Up-to-date symlink: /home/brace/codeSpace/navi/install/rtabmap_msgs/include/rtabmap_msgs/rtabmap_msgs/msg/detail/sensor_data__functions.h\n'}
[0.298233] (rtabmap_msgs) StdoutLine: {'line': b'-- Up-to-date symlink: /home/brace/codeSpace/navi/install/rtabmap_msgs/include/rtabmap_msgs/rtabmap_msgs/msg/detail/sensor_data__struct.h\n'}
[0.298273] (rtabmap_msgs) StdoutLine: {'line': b'-- Up-to-date symlink: /home/brace/codeSpace/navi/install/rtabmap_msgs/include/rtabmap_msgs/rtabmap_msgs/msg/detail/sensor_data__type_support.h\n'}
[0.298351] (rtabmap_msgs) StdoutLine: {'line': b'-- Up-to-date symlink: /home/brace/codeSpace/navi/install/rtabmap_msgs/include/rtabmap_msgs/rtabmap_msgs/msg/detail/user_data__functions.h\n'}
[0.298391] (rtabmap_msgs) StdoutLine: {'line': b'-- Up-to-date symlink: /home/brace/codeSpace/navi/install/rtabmap_msgs/include/rtabmap_msgs/rtabmap_msgs/msg/detail/user_data__struct.h\n'}
[0.298428] (rtabmap_msgs) StdoutLine: {'line': b'-- Up-to-date symlink: /home/brace/codeSpace/navi/install/rtabmap_msgs/include/rtabmap_msgs/rtabmap_msgs/msg/detail/user_data__type_support.h\n'}
[0.298464] (rtabmap_msgs) StdoutLine: {'line': b'-- Up-to-date symlink: /home/brace/codeSpace/navi/install/rtabmap_msgs/include/rtabmap_msgs/rtabmap_msgs/msg/env_sensor.h\n'}
[0.298535] (rtabmap_msgs) StdoutLine: {'line': b'-- Up-to-date symlink: /home/brace/codeSpace/navi/install/rtabmap_msgs/include/rtabmap_msgs/rtabmap_msgs/msg/global_descriptor.h\n'}
[0.298577] (rtabmap_msgs) StdoutLine: {'line': b'-- Up-to-date symlink: /home/brace/codeSpace/navi/install/rtabmap_msgs/include/rtabmap_msgs/rtabmap_msgs/msg/goal.h\n'}
[0.298616] (rtabmap_msgs) StdoutLine: {'line': b'-- Up-to-date symlink: /home/brace/codeSpace/navi/install/rtabmap_msgs/include/rtabmap_msgs/rtabmap_msgs/msg/gps.h\n'}
[0.298689] (rtabmap_msgs) StdoutLine: {'line': b'-- Up-to-date symlink: /home/brace/codeSpace/navi/install/rtabmap_msgs/include/rtabmap_msgs/rtabmap_msgs/msg/info.h\n'}
[0.298727] (rtabmap_msgs) StdoutLine: {'line': b'-- Up-to-date symlink: /home/brace/codeSpace/navi/install/rtabmap_msgs/include/rtabmap_msgs/rtabmap_msgs/msg/key_point.h\n'}
[0.298763] (rtabmap_msgs) StdoutLine: {'line': b'-- Up-to-date symlink: /home/brace/codeSpace/navi/install/rtabmap_msgs/include/rtabmap_msgs/rtabmap_msgs/msg/landmark_detection.h\n'}
[0.298834] (rtabmap_msgs) StdoutLine: {'line': b'-- Up-to-date symlink: /home/brace/codeSpace/navi/install/rtabmap_msgs/include/rtabmap_msgs/rtabmap_msgs/msg/landmark_detections.h\n'}
[0.298888] (rtabmap_msgs) StdoutLine: {'line': b'-- Up-to-date symlink: /home/brace/codeSpace/navi/install/rtabmap_msgs/include/rtabmap_msgs/rtabmap_msgs/msg/link.h\n'}
[0.298927] (rtabmap_msgs) StdoutLine: {'line': b'-- Up-to-date symlink: /home/brace/codeSpace/navi/install/rtabmap_msgs/include/rtabmap_msgs/rtabmap_msgs/msg/map_data.h\n'}
[0.298964] (rtabmap_msgs) StdoutLine: {'line': b'-- Up-to-date symlink: /home/brace/codeSpace/navi/install/rtabmap_msgs/include/rtabmap_msgs/rtabmap_msgs/msg/map_graph.h\n'}
[0.299020] (rtabmap_msgs) StdoutLine: {'line': b'-- Up-to-date symlink: /home/brace/codeSpace/navi/install/rtabmap_msgs/include/rtabmap_msgs/rtabmap_msgs/msg/node.h\n'}
[0.299091] (rtabmap_msgs) StdoutLine: {'line': b'-- Up-to-date symlink: /home/brace/codeSpace/navi/install/rtabmap_msgs/include/rtabmap_msgs/rtabmap_msgs/msg/odom_info.h\n'}
[0.299128] (rtabmap_msgs) StdoutLine: {'line': b'-- Up-to-date symlink: /home/brace/codeSpace/navi/install/rtabmap_msgs/include/rtabmap_msgs/rtabmap_msgs/msg/path.h\n'}
[0.299163] (rtabmap_msgs) StdoutLine: {'line': b'-- Up-to-date symlink: /home/brace/codeSpace/navi/install/rtabmap_msgs/include/rtabmap_msgs/rtabmap_msgs/msg/point2f.h\n'}
[0.299222] (rtabmap_msgs) StdoutLine: {'line': b'-- Up-to-date symlink: /home/brace/codeSpace/navi/install/rtabmap_msgs/include/rtabmap_msgs/rtabmap_msgs/msg/point3f.h\n'}
[0.299294] (rtabmap_msgs) StdoutLine: {'line': b'-- Up-to-date symlink: /home/brace/codeSpace/navi/install/rtabmap_msgs/include/rtabmap_msgs/rtabmap_msgs/msg/rgbd_image.h\n'}
[0.299333] (rtabmap_msgs) StdoutLine: {'line': b'-- Up-to-date symlink: /home/brace/codeSpace/navi/install/rtabmap_msgs/include/rtabmap_msgs/rtabmap_msgs/msg/rgbd_images.h\n'}
[0.299371] (rtabmap_msgs) StdoutLine: {'line': b'-- Up-to-date symlink: /home/brace/codeSpace/navi/install/rtabmap_msgs/include/rtabmap_msgs/rtabmap_msgs/msg/rosidl_generator_c__visibility_control.h\n'}
[0.299442] (rtabmap_msgs) StdoutLine: {'line': b'-- Up-to-date symlink: /home/brace/codeSpace/navi/install/rtabmap_msgs/include/rtabmap_msgs/rtabmap_msgs/msg/scan_descriptor.h\n'}
[0.299479] (rtabmap_msgs) StdoutLine: {'line': b'-- Up-to-date symlink: /home/brace/codeSpace/navi/install/rtabmap_msgs/include/rtabmap_msgs/rtabmap_msgs/msg/sensor_data.h\n'}
[0.299532] (rtabmap_msgs) StdoutLine: {'line': b'-- Up-to-date symlink: /home/brace/codeSpace/navi/install/rtabmap_msgs/include/rtabmap_msgs/rtabmap_msgs/msg/user_data.h\n'}
[0.299574] (rtabmap_msgs) StdoutLine: {'line': b'-- Up-to-date symlink: /home/brace/codeSpace/navi/install/rtabmap_msgs/include/rtabmap_msgs/rtabmap_msgs/srv/add_link.h\n'}
[0.299654] (rtabmap_msgs) StdoutLine: {'line': b'-- Up-to-date symlink: /home/brace/codeSpace/navi/install/rtabmap_msgs/include/rtabmap_msgs/rtabmap_msgs/srv/cleanup_local_grids.h\n'}
[0.299692] (rtabmap_msgs) StdoutLine: {'line': b'-- Up-to-date symlink: /home/brace/codeSpace/navi/install/rtabmap_msgs/include/rtabmap_msgs/rtabmap_msgs/srv/detail/add_link__functions.h\n'}
[0.299733] (rtabmap_msgs) StdoutLine: {'line': b'-- Up-to-date symlink: /home/brace/codeSpace/navi/install/rtabmap_msgs/include/rtabmap_msgs/rtabmap_msgs/srv/detail/add_link__struct.h\n'}
[0.299793] (rtabmap_msgs) StdoutLine: {'line': b'-- Up-to-date symlink: /home/brace/codeSpace/navi/install/rtabmap_msgs/include/rtabmap_msgs/rtabmap_msgs/srv/detail/add_link__type_support.h\n'}
[0.299852] (rtabmap_msgs) StdoutLine: {'line': b'-- Up-to-date symlink: /home/brace/codeSpace/navi/install/rtabmap_msgs/include/rtabmap_msgs/rtabmap_msgs/srv/detail/cleanup_local_grids__functions.h\n'}
[0.299927] (rtabmap_msgs) StdoutLine: {'line': b'-- Up-to-date symlink: /home/brace/codeSpace/navi/install/rtabmap_msgs/include/rtabmap_msgs/rtabmap_msgs/srv/detail/cleanup_local_grids__struct.h\n'}
[0.299965] (-) TimerEvent: {}
[0.300070] (rtabmap_msgs) StdoutLine: {'line': b'-- Up-to-date symlink: /home/brace/codeSpace/navi/install/rtabmap_msgs/include/rtabmap_msgs/rtabmap_msgs/srv/detail/cleanup_local_grids__type_support.h\n'}
[0.300131] (rtabmap_msgs) StdoutLine: {'line': b'-- Up-to-date symlink: /home/brace/codeSpace/navi/install/rtabmap_msgs/include/rtabmap_msgs/rtabmap_msgs/srv/detail/detect_more_loop_closures__functions.h\n'}
[0.300173] (rtabmap_msgs) StdoutLine: {'line': b'-- Up-to-date symlink: /home/brace/codeSpace/navi/install/rtabmap_msgs/include/rtabmap_msgs/rtabmap_msgs/srv/detail/detect_more_loop_closures__struct.h\n'}
[0.300212] (rtabmap_msgs) StdoutLine: {'line': b'-- Up-to-date symlink: /home/brace/codeSpace/navi/install/rtabmap_msgs/include/rtabmap_msgs/rtabmap_msgs/srv/detail/detect_more_loop_closures__type_support.h\n'}
[0.300250] (rtabmap_msgs) StdoutLine: {'line': b'-- Up-to-date symlink: /home/brace/codeSpace/navi/install/rtabmap_msgs/include/rtabmap_msgs/rtabmap_msgs/srv/detail/get_map2__functions.h\n'}
[0.300311] (rtabmap_msgs) StdoutLine: {'line': b'-- Up-to-date symlink: /home/brace/codeSpace/navi/install/rtabmap_msgs/include/rtabmap_msgs/rtabmap_msgs/srv/detail/get_map2__struct.h\n'}
[0.300393] (rtabmap_msgs) StdoutLine: {'line': b'-- Up-to-date symlink: /home/brace/codeSpace/navi/install/rtabmap_msgs/include/rtabmap_msgs/rtabmap_msgs/srv/detail/get_map2__type_support.h\n'}
[0.300445] (rtabmap_msgs) StdoutLine: {'line': b'-- Up-to-date symlink: /home/brace/codeSpace/navi/install/rtabmap_msgs/include/rtabmap_msgs/rtabmap_msgs/srv/detail/get_map__functions.h\n'}
[0.300494] (rtabmap_msgs) StdoutLine: {'line': b'-- Up-to-date symlink: /home/brace/codeSpace/navi/install/rtabmap_msgs/include/rtabmap_msgs/rtabmap_msgs/srv/detail/get_map__struct.h\n'}
[0.300546] (rtabmap_msgs) StdoutLine: {'line': b'-- Up-to-date symlink: /home/brace/codeSpace/navi/install/rtabmap_msgs/include/rtabmap_msgs/rtabmap_msgs/srv/detail/get_map__type_support.h\n'}
[0.300607] (rtabmap_msgs) StdoutLine: {'line': b'-- Up-to-date symlink: /home/brace/codeSpace/navi/install/rtabmap_msgs/include/rtabmap_msgs/rtabmap_msgs/srv/detail/get_node_data__functions.h\n'}
[0.300646] (rtabmap_msgs) StdoutLine: {'line': b'-- Up-to-date symlink: /home/brace/codeSpace/navi/install/rtabmap_msgs/include/rtabmap_msgs/rtabmap_msgs/srv/detail/get_node_data__struct.h\n'}
[0.300683] (rtabmap_msgs) StdoutLine: {'line': b'-- Up-to-date symlink: /home/brace/codeSpace/navi/install/rtabmap_msgs/include/rtabmap_msgs/rtabmap_msgs/srv/detail/get_node_data__type_support.h\n'}
[0.300718] (rtabmap_msgs) StdoutLine: {'line': b'-- Up-to-date symlink: /home/brace/codeSpace/navi/install/rtabmap_msgs/include/rtabmap_msgs/rtabmap_msgs/srv/detail/get_nodes_in_radius__functions.h\n'}
[0.300778] (rtabmap_msgs) StdoutLine: {'line': b'-- Up-to-date symlink: /home/brace/codeSpace/navi/install/rtabmap_msgs/include/rtabmap_msgs/rtabmap_msgs/srv/detail/get_nodes_in_radius__struct.h\n'}
[0.300842] (rtabmap_msgs) StdoutLine: {'line': b'-- Up-to-date symlink: /home/brace/codeSpace/navi/install/rtabmap_msgs/include/rtabmap_msgs/rtabmap_msgs/srv/detail/get_nodes_in_radius__type_support.h\n'}
[0.300881] (rtabmap_msgs) StdoutLine: {'line': b'-- Up-to-date symlink: /home/brace/codeSpace/navi/install/rtabmap_msgs/include/rtabmap_msgs/rtabmap_msgs/srv/detail/get_plan__functions.h\n'}
[0.300918] (rtabmap_msgs) StdoutLine: {'line': b'-- Up-to-date symlink: /home/brace/codeSpace/navi/install/rtabmap_msgs/include/rtabmap_msgs/rtabmap_msgs/srv/detail/get_plan__struct.h\n'}
[0.300977] (rtabmap_msgs) StdoutLine: {'line': b'-- Up-to-date symlink: /home/brace/codeSpace/navi/install/rtabmap_msgs/include/rtabmap_msgs/rtabmap_msgs/srv/detail/get_plan__type_support.h\n'}
[0.301015] (rtabmap_msgs) StdoutLine: {'line': b'-- Up-to-date symlink: /home/brace/codeSpace/navi/install/rtabmap_msgs/include/rtabmap_msgs/rtabmap_msgs/srv/detail/global_bundle_adjustment__functions.h\n'}
[0.301076] (rtabmap_msgs) StdoutLine: {'line': b'-- Up-to-date symlink: /home/brace/codeSpace/navi/install/rtabmap_msgs/include/rtabmap_msgs/rtabmap_msgs/srv/detail/global_bundle_adjustment__struct.h\n'}
[0.301112] (rtabmap_msgs) StdoutLine: {'line': b'-- Up-to-date symlink: /home/brace/codeSpace/navi/install/rtabmap_msgs/include/rtabmap_msgs/rtabmap_msgs/srv/detail/global_bundle_adjustment__type_support.h\n'}
[0.301161] (rtabmap_msgs) StdoutLine: {'line': b'-- Up-to-date symlink: /home/brace/codeSpace/navi/install/rtabmap_msgs/include/rtabmap_msgs/rtabmap_msgs/srv/detail/list_labels__functions.h\n'}
[0.301219] (rtabmap_msgs) StdoutLine: {'line': b'-- Up-to-date symlink: /home/brace/codeSpace/navi/install/rtabmap_msgs/include/rtabmap_msgs/rtabmap_msgs/srv/detail/list_labels__struct.h\n'}
[0.301254] (rtabmap_msgs) StdoutLine: {'line': b'-- Up-to-date symlink: /home/brace/codeSpace/navi/install/rtabmap_msgs/include/rtabmap_msgs/rtabmap_msgs/srv/detail/list_labels__type_support.h\n'}
[0.301300] (rtabmap_msgs) StdoutLine: {'line': b'-- Up-to-date symlink: /home/brace/codeSpace/navi/install/rtabmap_msgs/include/rtabmap_msgs/rtabmap_msgs/srv/detail/load_database__functions.h\n'}
[0.301335] (rtabmap_msgs) StdoutLine: {'line': b'-- Up-to-date symlink: /home/brace/codeSpace/navi/install/rtabmap_msgs/include/rtabmap_msgs/rtabmap_msgs/srv/detail/load_database__struct.h\n'}
[0.301386] (rtabmap_msgs) StdoutLine: {'line': b'-- Up-to-date symlink: /home/brace/codeSpace/navi/install/rtabmap_msgs/include/rtabmap_msgs/rtabmap_msgs/srv/detail/load_database__type_support.h\n'}
[0.301423] (rtabmap_msgs) StdoutLine: {'line': b'-- Up-to-date symlink: /home/brace/codeSpace/navi/install/rtabmap_msgs/include/rtabmap_msgs/rtabmap_msgs/srv/detail/publish_map__functions.h\n'}
[0.301475] (rtabmap_msgs) StdoutLine: {'line': b'-- Up-to-date symlink: /home/brace/codeSpace/navi/install/rtabmap_msgs/include/rtabmap_msgs/rtabmap_msgs/srv/detail/publish_map__struct.h\n'}
[0.301511] (rtabmap_msgs) StdoutLine: {'line': b'-- Up-to-date symlink: /home/brace/codeSpace/navi/install/rtabmap_msgs/include/rtabmap_msgs/rtabmap_msgs/srv/detail/publish_map__type_support.h\n'}
[0.301560] (rtabmap_msgs) StdoutLine: {'line': b'-- Up-to-date symlink: /home/brace/codeSpace/navi/install/rtabmap_msgs/include/rtabmap_msgs/rtabmap_msgs/srv/detail/remove_label__functions.h\n'}
[0.301615] (rtabmap_msgs) StdoutLine: {'line': b'-- Up-to-date symlink: /home/brace/codeSpace/navi/install/rtabmap_msgs/include/rtabmap_msgs/rtabmap_msgs/srv/detail/remove_label__struct.h\n'}
[0.301663] (rtabmap_msgs) StdoutLine: {'line': b'-- Up-to-date symlink: /home/brace/codeSpace/navi/install/rtabmap_msgs/include/rtabmap_msgs/rtabmap_msgs/srv/detail/remove_label__type_support.h\n'}
[0.301711] (rtabmap_msgs) StdoutLine: {'line': b'-- Up-to-date symlink: /home/brace/codeSpace/navi/install/rtabmap_msgs/include/rtabmap_msgs/rtabmap_msgs/srv/detail/reset_pose__functions.h\n'}
[0.301759] (rtabmap_msgs) StdoutLine: {'line': b'-- Up-to-date symlink: /home/brace/codeSpace/navi/install/rtabmap_msgs/include/rtabmap_msgs/rtabmap_msgs/srv/detail/reset_pose__struct.h\n'}
[0.301808] (rtabmap_msgs) StdoutLine: {'line': b'-- Up-to-date symlink: /home/brace/codeSpace/navi/install/rtabmap_msgs/include/rtabmap_msgs/rtabmap_msgs/srv/detail/reset_pose__type_support.h\n'}
[0.301856] (rtabmap_msgs) StdoutLine: {'line': b'-- Up-to-date symlink: /home/brace/codeSpace/navi/install/rtabmap_msgs/include/rtabmap_msgs/rtabmap_msgs/srv/detail/set_goal__functions.h\n'}
[0.301904] (rtabmap_msgs) StdoutLine: {'line': b'-- Up-to-date symlink: /home/brace/codeSpace/navi/install/rtabmap_msgs/include/rtabmap_msgs/rtabmap_msgs/srv/detail/set_goal__struct.h\n'}
[0.301952] (rtabmap_msgs) StdoutLine: {'line': b'-- Up-to-date symlink: /home/brace/codeSpace/navi/install/rtabmap_msgs/include/rtabmap_msgs/rtabmap_msgs/srv/detail/set_goal__type_support.h\n'}
[0.301999] (rtabmap_msgs) StdoutLine: {'line': b'-- Up-to-date symlink: /home/brace/codeSpace/navi/install/rtabmap_msgs/include/rtabmap_msgs/rtabmap_msgs/srv/detail/set_label__functions.h\n'}
[0.302046] (rtabmap_msgs) StdoutLine: {'line': b'-- Up-to-date symlink: /home/brace/codeSpace/navi/install/rtabmap_msgs/include/rtabmap_msgs/rtabmap_msgs/srv/detail/set_label__struct.h\n'}
[0.302093] (rtabmap_msgs) StdoutLine: {'line': b'-- Up-to-date symlink: /home/brace/codeSpace/navi/install/rtabmap_msgs/include/rtabmap_msgs/rtabmap_msgs/srv/detail/set_label__type_support.h\n'}
[0.302139] (rtabmap_msgs) StdoutLine: {'line': b'-- Up-to-date symlink: /home/brace/codeSpace/navi/install/rtabmap_msgs/include/rtabmap_msgs/rtabmap_msgs/srv/detect_more_loop_closures.h\n'}
[0.302190] (rtabmap_msgs) StdoutLine: {'line': b'-- Up-to-date symlink: /home/brace/codeSpace/navi/install/rtabmap_msgs/include/rtabmap_msgs/rtabmap_msgs/srv/get_map.h\n'}
[0.302245] (rtabmap_msgs) StdoutLine: {'line': b'-- Up-to-date symlink: /home/brace/codeSpace/navi/install/rtabmap_msgs/include/rtabmap_msgs/rtabmap_msgs/srv/get_map2.h\n'}
[0.302295] (rtabmap_msgs) StdoutLine: {'line': b'-- Up-to-date symlink: /home/brace/codeSpace/navi/install/rtabmap_msgs/include/rtabmap_msgs/rtabmap_msgs/srv/get_node_data.h\n'}
[0.302347] (rtabmap_msgs) StdoutLine: {'line': b'-- Up-to-date symlink: /home/brace/codeSpace/navi/install/rtabmap_msgs/include/rtabmap_msgs/rtabmap_msgs/srv/get_nodes_in_radius.h\n'}
[0.302400] (rtabmap_msgs) StdoutLine: {'line': b'-- Up-to-date symlink: /home/brace/codeSpace/navi/install/rtabmap_msgs/include/rtabmap_msgs/rtabmap_msgs/srv/get_plan.h\n'}
[0.302451] (rtabmap_msgs) StdoutLine: {'line': b'-- Up-to-date symlink: /home/brace/codeSpace/navi/install/rtabmap_msgs/include/rtabmap_msgs/rtabmap_msgs/srv/global_bundle_adjustment.h\n'}
[0.302501] (rtabmap_msgs) StdoutLine: {'line': b'-- Up-to-date symlink: /home/brace/codeSpace/navi/install/rtabmap_msgs/include/rtabmap_msgs/rtabmap_msgs/srv/list_labels.h\n'}
[0.302553] (rtabmap_msgs) StdoutLine: {'line': b'-- Up-to-date symlink: /home/brace/codeSpace/navi/install/rtabmap_msgs/include/rtabmap_msgs/rtabmap_msgs/srv/load_database.h\n'}
[0.302609] (rtabmap_msgs) StdoutLine: {'line': b'-- Up-to-date symlink: /home/brace/codeSpace/navi/install/rtabmap_msgs/include/rtabmap_msgs/rtabmap_msgs/srv/publish_map.h\n'}
[0.302666] (rtabmap_msgs) StdoutLine: {'line': b'-- Up-to-date symlink: /home/brace/codeSpace/navi/install/rtabmap_msgs/include/rtabmap_msgs/rtabmap_msgs/srv/remove_label.h\n'}
[0.302723] (rtabmap_msgs) StdoutLine: {'line': b'-- Up-to-date symlink: /home/brace/codeSpace/navi/install/rtabmap_msgs/include/rtabmap_msgs/rtabmap_msgs/srv/reset_pose.h\n'}
[0.302782] (rtabmap_msgs) StdoutLine: {'line': b'-- Up-to-date symlink: /home/brace/codeSpace/navi/install/rtabmap_msgs/include/rtabmap_msgs/rtabmap_msgs/srv/set_goal.h\n'}
[0.302834] (rtabmap_msgs) StdoutLine: {'line': b'-- Up-to-date symlink: /home/brace/codeSpace/navi/install/rtabmap_msgs/include/rtabmap_msgs/rtabmap_msgs/srv/set_label.h\n'}
[0.302959] (rtabmap_msgs) StdoutLine: {'line': b'-- Up-to-date symlink: /home/brace/codeSpace/navi/install/rtabmap_msgs/share/rtabmap_msgs/environment/library_path.sh\n'}
[0.303050] (rtabmap_msgs) StdoutLine: {'line': b'-- Up-to-date symlink: /home/brace/codeSpace/navi/install/rtabmap_msgs/share/rtabmap_msgs/environment/library_path.dsv\n'}
[0.304024] (rtabmap_msgs) StdoutLine: {'line': b'-- Up-to-date symlink: /home/brace/codeSpace/navi/install/rtabmap_msgs/include/rtabmap_msgs/rtabmap_msgs/msg/detail/camera_model__rosidl_typesupport_fastrtps_c.h\n'}
[0.304141] (rtabmap_msgs) StdoutLine: {'line': b'-- Up-to-date symlink: /home/brace/codeSpace/navi/install/rtabmap_msgs/include/rtabmap_msgs/rtabmap_msgs/msg/detail/camera_models__rosidl_typesupport_fastrtps_c.h\n'}
[0.304179] (rtabmap_msgs) StdoutLine: {'line': b'-- Up-to-date symlink: /home/brace/codeSpace/navi/install/rtabmap_msgs/include/rtabmap_msgs/rtabmap_msgs/msg/detail/env_sensor__rosidl_typesupport_fastrtps_c.h\n'}
[0.304222] (rtabmap_msgs) StdoutLine: {'line': b'-- Up-to-date symlink: /home/brace/codeSpace/navi/install/rtabmap_msgs/include/rtabmap_msgs/rtabmap_msgs/msg/detail/global_descriptor__rosidl_typesupport_fastrtps_c.h\n'}
[0.304267] (rtabmap_msgs) StdoutLine: {'line': b'-- Up-to-date symlink: /home/brace/codeSpace/navi/install/rtabmap_msgs/include/rtabmap_msgs/rtabmap_msgs/msg/detail/goal__rosidl_typesupport_fastrtps_c.h\n'}
[0.304322] (rtabmap_msgs) StdoutLine: {'line': b'-- Up-to-date symlink: /home/brace/codeSpace/navi/install/rtabmap_msgs/include/rtabmap_msgs/rtabmap_msgs/msg/detail/gps__rosidl_typesupport_fastrtps_c.h\n'}
[0.304374] (rtabmap_msgs) StdoutLine: {'line': b'-- Up-to-date symlink: /home/brace/codeSpace/navi/install/rtabmap_msgs/include/rtabmap_msgs/rtabmap_msgs/msg/detail/info__rosidl_typesupport_fastrtps_c.h\n'}
[0.304426] (rtabmap_msgs) StdoutLine: {'line': b'-- Up-to-date symlink: /home/brace/codeSpace/navi/install/rtabmap_msgs/include/rtabmap_msgs/rtabmap_msgs/msg/detail/key_point__rosidl_typesupport_fastrtps_c.h\n'}
[0.304480] (rtabmap_msgs) StdoutLine: {'line': b'-- Up-to-date symlink: /home/brace/codeSpace/navi/install/rtabmap_msgs/include/rtabmap_msgs/rtabmap_msgs/msg/detail/landmark_detection__rosidl_typesupport_fastrtps_c.h\n'}
[0.304534] (rtabmap_msgs) StdoutLine: {'line': b'-- Up-to-date symlink: /home/brace/codeSpace/navi/install/rtabmap_msgs/include/rtabmap_msgs/rtabmap_msgs/msg/detail/landmark_detections__rosidl_typesupport_fastrtps_c.h\n'}
[0.304594] (rtabmap_msgs) StdoutLine: {'line': b'-- Up-to-date symlink: /home/brace/codeSpace/navi/install/rtabmap_msgs/include/rtabmap_msgs/rtabmap_msgs/msg/detail/link__rosidl_typesupport_fastrtps_c.h\n'}
[0.304646] (rtabmap_msgs) StdoutLine: {'line': b'-- Up-to-date symlink: /home/brace/codeSpace/navi/install/rtabmap_msgs/include/rtabmap_msgs/rtabmap_msgs/msg/detail/map_data__rosidl_typesupport_fastrtps_c.h\n'}
[0.304697] (rtabmap_msgs) StdoutLine: {'line': b'-- Up-to-date symlink: /home/brace/codeSpace/navi/install/rtabmap_msgs/include/rtabmap_msgs/rtabmap_msgs/msg/detail/map_graph__rosidl_typesupport_fastrtps_c.h\n'}
[0.304748] (rtabmap_msgs) StdoutLine: {'line': b'-- Up-to-date symlink: /home/brace/codeSpace/navi/install/rtabmap_msgs/include/rtabmap_msgs/rtabmap_msgs/msg/detail/node__rosidl_typesupport_fastrtps_c.h\n'}
[0.304800] (rtabmap_msgs) StdoutLine: {'line': b'-- Up-to-date symlink: /home/brace/codeSpace/navi/install/rtabmap_msgs/include/rtabmap_msgs/rtabmap_msgs/msg/detail/odom_info__rosidl_typesupport_fastrtps_c.h\n'}
[0.304853] (rtabmap_msgs) StdoutLine: {'line': b'-- Up-to-date symlink: /home/brace/codeSpace/navi/install/rtabmap_msgs/include/rtabmap_msgs/rtabmap_msgs/msg/detail/path__rosidl_typesupport_fastrtps_c.h\n'}
[0.304904] (rtabmap_msgs) StdoutLine: {'line': b'-- Up-to-date symlink: /home/brace/codeSpace/navi/install/rtabmap_msgs/include/rtabmap_msgs/rtabmap_msgs/msg/detail/point2f__rosidl_typesupport_fastrtps_c.h\n'}
[0.304962] (rtabmap_msgs) StdoutLine: {'line': b'-- Up-to-date symlink: /home/brace/codeSpace/navi/install/rtabmap_msgs/include/rtabmap_msgs/rtabmap_msgs/msg/detail/point3f__rosidl_typesupport_fastrtps_c.h\n'}
[0.305013] (rtabmap_msgs) StdoutLine: {'line': b'-- Up-to-date symlink: /home/brace/codeSpace/navi/install/rtabmap_msgs/include/rtabmap_msgs/rtabmap_msgs/msg/detail/rgbd_image__rosidl_typesupport_fastrtps_c.h\n'}
[0.305066] (rtabmap_msgs) StdoutLine: {'line': b'-- Up-to-date symlink: /home/brace/codeSpace/navi/install/rtabmap_msgs/include/rtabmap_msgs/rtabmap_msgs/msg/detail/rgbd_images__rosidl_typesupport_fastrtps_c.h\n'}
[0.305118] (rtabmap_msgs) StdoutLine: {'line': b'-- Up-to-date symlink: /home/brace/codeSpace/navi/install/rtabmap_msgs/include/rtabmap_msgs/rtabmap_msgs/msg/detail/scan_descriptor__rosidl_typesupport_fastrtps_c.h\n'}
[0.305169] (rtabmap_msgs) StdoutLine: {'line': b'-- Up-to-date symlink: /home/brace/codeSpace/navi/install/rtabmap_msgs/include/rtabmap_msgs/rtabmap_msgs/msg/detail/sensor_data__rosidl_typesupport_fastrtps_c.h\n'}
[0.305220] (rtabmap_msgs) StdoutLine: {'line': b'-- Up-to-date symlink: /home/brace/codeSpace/navi/install/rtabmap_msgs/include/rtabmap_msgs/rtabmap_msgs/msg/detail/user_data__rosidl_typesupport_fastrtps_c.h\n'}
[0.305271] (rtabmap_msgs) StdoutLine: {'line': b'-- Up-to-date symlink: /home/brace/codeSpace/navi/install/rtabmap_msgs/include/rtabmap_msgs/rtabmap_msgs/msg/rosidl_typesupport_fastrtps_c__visibility_control.h\n'}
[0.305322] (rtabmap_msgs) StdoutLine: {'line': b'-- Up-to-date symlink: /home/brace/codeSpace/navi/install/rtabmap_msgs/include/rtabmap_msgs/rtabmap_msgs/srv/detail/add_link__rosidl_typesupport_fastrtps_c.h\n'}
[0.305381] (rtabmap_msgs) StdoutLine: {'line': b'-- Up-to-date symlink: /home/brace/codeSpace/navi/install/rtabmap_msgs/include/rtabmap_msgs/rtabmap_msgs/srv/detail/cleanup_local_grids__rosidl_typesupport_fastrtps_c.h\n'}
[0.305436] (rtabmap_msgs) StdoutLine: {'line': b'-- Up-to-date symlink: /home/brace/codeSpace/navi/install/rtabmap_msgs/include/rtabmap_msgs/rtabmap_msgs/srv/detail/detect_more_loop_closures__rosidl_typesupport_fastrtps_c.h\n'}
[0.305488] (rtabmap_msgs) StdoutLine: {'line': b'-- Up-to-date symlink: /home/brace/codeSpace/navi/install/rtabmap_msgs/include/rtabmap_msgs/rtabmap_msgs/srv/detail/get_map2__rosidl_typesupport_fastrtps_c.h\n'}
[0.305543] (rtabmap_msgs) StdoutLine: {'line': b'-- Up-to-date symlink: /home/brace/codeSpace/navi/install/rtabmap_msgs/include/rtabmap_msgs/rtabmap_msgs/srv/detail/get_map__rosidl_typesupport_fastrtps_c.h\n'}
[0.305602] (rtabmap_msgs) StdoutLine: {'line': b'-- Up-to-date symlink: /home/brace/codeSpace/navi/install/rtabmap_msgs/include/rtabmap_msgs/rtabmap_msgs/srv/detail/get_node_data__rosidl_typesupport_fastrtps_c.h\n'}
[0.305694] (rtabmap_msgs) StdoutLine: {'line': b'-- Up-to-date symlink: /home/brace/codeSpace/navi/install/rtabmap_msgs/include/rtabmap_msgs/rtabmap_msgs/srv/detail/get_nodes_in_radius__rosidl_typesupport_fastrtps_c.h\n'}
[0.305874] (rtabmap_msgs) StdoutLine: {'line': b'-- Up-to-date symlink: /home/brace/codeSpace/navi/install/rtabmap_msgs/include/rtabmap_msgs/rtabmap_msgs/srv/detail/get_plan__rosidl_typesupport_fastrtps_c.h\n'}
[0.306016] (rtabmap_msgs) StdoutLine: {'line': b'-- Up-to-date symlink: /home/brace/codeSpace/navi/install/rtabmap_msgs/include/rtabmap_msgs/rtabmap_msgs/srv/detail/global_bundle_adjustment__rosidl_typesupport_fastrtps_c.h\n'}
[0.306141] (rtabmap_msgs) StdoutLine: {'line': b'-- Up-to-date symlink: /home/brace/codeSpace/navi/install/rtabmap_msgs/include/rtabmap_msgs/rtabmap_msgs/srv/detail/list_labels__rosidl_typesupport_fastrtps_c.h\n'}
[0.306251] (rtabmap_msgs) StdoutLine: {'line': b'-- Up-to-date symlink: /home/brace/codeSpace/navi/install/rtabmap_msgs/include/rtabmap_msgs/rtabmap_msgs/srv/detail/load_database__rosidl_typesupport_fastrtps_c.h\n'}
[0.306352] (rtabmap_msgs) StdoutLine: {'line': b'-- Up-to-date symlink: /home/brace/codeSpace/navi/install/rtabmap_msgs/include/rtabmap_msgs/rtabmap_msgs/srv/detail/publish_map__rosidl_typesupport_fastrtps_c.h\n'}
[0.306437] (rtabmap_msgs) StdoutLine: {'line': b'-- Up-to-date symlink: /home/brace/codeSpace/navi/install/rtabmap_msgs/include/rtabmap_msgs/rtabmap_msgs/srv/detail/remove_label__rosidl_typesupport_fastrtps_c.h\n'}
[0.306517] (rtabmap_msgs) StdoutLine: {'line': b'-- Up-to-date symlink: /home/brace/codeSpace/navi/install/rtabmap_msgs/include/rtabmap_msgs/rtabmap_msgs/srv/detail/reset_pose__rosidl_typesupport_fastrtps_c.h\n'}
[0.306663] (rtabmap_msgs) StdoutLine: {'line': b'-- Up-to-date symlink: /home/brace/codeSpace/navi/install/rtabmap_msgs/include/rtabmap_msgs/rtabmap_msgs/srv/detail/set_goal__rosidl_typesupport_fastrtps_c.h\n'}
[0.306731] (rtabmap_msgs) StdoutLine: {'line': b'-- Up-to-date symlink: /home/brace/codeSpace/navi/install/rtabmap_msgs/include/rtabmap_msgs/rtabmap_msgs/srv/detail/set_label__rosidl_typesupport_fastrtps_c.h\n'}
[0.306810] (rtabmap_msgs) StdoutLine: {'line': b'-- Up-to-date symlink: /home/brace/codeSpace/navi/install/rtabmap_msgs/include/rtabmap_msgs/rtabmap_msgs/msg/detail/camera_model__rosidl_typesupport_introspection_c.h\n'}
[0.306896] (rtabmap_msgs) StdoutLine: {'line': b'-- Up-to-date symlink: /home/brace/codeSpace/navi/install/rtabmap_msgs/include/rtabmap_msgs/rtabmap_msgs/msg/detail/camera_models__rosidl_typesupport_introspection_c.h\n'}
[0.306943] (rtabmap_msgs) StdoutLine: {'line': b'-- Up-to-date symlink: /home/brace/codeSpace/navi/install/rtabmap_msgs/include/rtabmap_msgs/rtabmap_msgs/msg/detail/env_sensor__rosidl_typesupport_introspection_c.h\n'}
[0.306986] (rtabmap_msgs) StdoutLine: {'line': b'-- Up-to-date symlink: /home/brace/codeSpace/navi/install/rtabmap_msgs/include/rtabmap_msgs/rtabmap_msgs/msg/detail/global_descriptor__rosidl_typesupport_introspection_c.h\n'}
[0.307046] (rtabmap_msgs) StdoutLine: {'line': b'-- Up-to-date symlink: /home/brace/codeSpace/navi/install/rtabmap_msgs/include/rtabmap_msgs/rtabmap_msgs/msg/detail/goal__rosidl_typesupport_introspection_c.h\n'}
[0.307086] (rtabmap_msgs) StdoutLine: {'line': b'-- Up-to-date symlink: /home/brace/codeSpace/navi/install/rtabmap_msgs/include/rtabmap_msgs/rtabmap_msgs/msg/detail/gps__rosidl_typesupport_introspection_c.h\n'}
[0.307127] (rtabmap_msgs) StdoutLine: {'line': b'-- Up-to-date symlink: /home/brace/codeSpace/navi/install/rtabmap_msgs/include/rtabmap_msgs/rtabmap_msgs/msg/detail/info__rosidl_typesupport_introspection_c.h\n'}
[0.307182] (rtabmap_msgs) StdoutLine: {'line': b'-- Up-to-date symlink: /home/brace/codeSpace/navi/install/rtabmap_msgs/include/rtabmap_msgs/rtabmap_msgs/msg/detail/key_point__rosidl_typesupport_introspection_c.h\n'}
[0.307251] (rtabmap_msgs) StdoutLine: {'line': b'-- Up-to-date symlink: /home/brace/codeSpace/navi/install/rtabmap_msgs/include/rtabmap_msgs/rtabmap_msgs/msg/detail/landmark_detection__rosidl_typesupport_introspection_c.h\n'}
[0.307294] (rtabmap_msgs) StdoutLine: {'line': b'-- Up-to-date symlink: /home/brace/codeSpace/navi/install/rtabmap_msgs/include/rtabmap_msgs/rtabmap_msgs/msg/detail/landmark_detections__rosidl_typesupport_introspection_c.h\n'}
[0.307336] (rtabmap_msgs) StdoutLine: {'line': b'-- Up-to-date symlink: /home/brace/codeSpace/navi/install/rtabmap_msgs/include/rtabmap_msgs/rtabmap_msgs/msg/detail/link__rosidl_typesupport_introspection_c.h\n'}
[0.307397] (rtabmap_msgs) StdoutLine: {'line': b'-- Up-to-date symlink: /home/brace/codeSpace/navi/install/rtabmap_msgs/include/rtabmap_msgs/rtabmap_msgs/msg/detail/map_data__rosidl_typesupport_introspection_c.h\n'}
[0.307433] (rtabmap_msgs) StdoutLine: {'line': b'-- Up-to-date symlink: /home/brace/codeSpace/navi/install/rtabmap_msgs/include/rtabmap_msgs/rtabmap_msgs/msg/detail/map_graph__rosidl_typesupport_introspection_c.h\n'}
[0.307475] (rtabmap_msgs) StdoutLine: {'line': b'-- Up-to-date symlink: /home/brace/codeSpace/navi/install/rtabmap_msgs/include/rtabmap_msgs/rtabmap_msgs/msg/detail/node__rosidl_typesupport_introspection_c.h\n'}
[0.307531] (rtabmap_msgs) StdoutLine: {'line': b'-- Up-to-date symlink: /home/brace/codeSpace/navi/install/rtabmap_msgs/include/rtabmap_msgs/rtabmap_msgs/msg/detail/odom_info__rosidl_typesupport_introspection_c.h\n'}
[0.307583] (rtabmap_msgs) StdoutLine: {'line': b'-- Up-to-date symlink: /home/brace/codeSpace/navi/install/rtabmap_msgs/include/rtabmap_msgs/rtabmap_msgs/msg/detail/path__rosidl_typesupport_introspection_c.h\n'}
[0.307646] (rtabmap_msgs) StdoutLine: {'line': b'-- Up-to-date symlink: /home/brace/codeSpace/navi/install/rtabmap_msgs/include/rtabmap_msgs/rtabmap_msgs/msg/detail/point2f__rosidl_typesupport_introspection_c.h\n'}
[0.307703] (rtabmap_msgs) StdoutLine: {'line': b'-- Up-to-date symlink: /home/brace/codeSpace/navi/install/rtabmap_msgs/include/rtabmap_msgs/rtabmap_msgs/msg/detail/point3f__rosidl_typesupport_introspection_c.h\n'}
[0.307736] (rtabmap_msgs) StdoutLine: {'line': b'-- Up-to-date symlink: /home/brace/codeSpace/navi/install/rtabmap_msgs/include/rtabmap_msgs/rtabmap_msgs/msg/detail/rgbd_image__rosidl_typesupport_introspection_c.h\n'}
[0.307770] (rtabmap_msgs) StdoutLine: {'line': b'-- Up-to-date symlink: /home/brace/codeSpace/navi/install/rtabmap_msgs/include/rtabmap_msgs/rtabmap_msgs/msg/detail/rgbd_images__rosidl_typesupport_introspection_c.h\n'}
[0.307822] (rtabmap_msgs) StdoutLine: {'line': b'-- Up-to-date symlink: /home/brace/codeSpace/navi/install/rtabmap_msgs/include/rtabmap_msgs/rtabmap_msgs/msg/detail/scan_descriptor__rosidl_typesupport_introspection_c.h\n'}
[0.307857] (rtabmap_msgs) StdoutLine: {'line': b'-- Up-to-date symlink: /home/brace/codeSpace/navi/install/rtabmap_msgs/include/rtabmap_msgs/rtabmap_msgs/msg/detail/sensor_data__rosidl_typesupport_introspection_c.h\n'}
[0.307913] (rtabmap_msgs) StdoutLine: {'line': b'-- Up-to-date symlink: /home/brace/codeSpace/navi/install/rtabmap_msgs/include/rtabmap_msgs/rtabmap_msgs/msg/detail/user_data__rosidl_typesupport_introspection_c.h\n'}
[0.307947] (rtabmap_msgs) StdoutLine: {'line': b'-- Up-to-date symlink: /home/brace/codeSpace/navi/install/rtabmap_msgs/include/rtabmap_msgs/rtabmap_msgs/msg/rosidl_typesupport_introspection_c__visibility_control.h\n'}
[0.307992] (rtabmap_msgs) StdoutLine: {'line': b'-- Up-to-date symlink: /home/brace/codeSpace/navi/install/rtabmap_msgs/include/rtabmap_msgs/rtabmap_msgs/srv/detail/add_link__rosidl_typesupport_introspection_c.h\n'}
[0.308039] (rtabmap_msgs) StdoutLine: {'line': b'-- Up-to-date symlink: /home/brace/codeSpace/navi/install/rtabmap_msgs/include/rtabmap_msgs/rtabmap_msgs/srv/detail/cleanup_local_grids__rosidl_typesupport_introspection_c.h\n'}
[0.308086] (rtabmap_msgs) StdoutLine: {'line': b'-- Up-to-date symlink: /home/brace/codeSpace/navi/install/rtabmap_msgs/include/rtabmap_msgs/rtabmap_msgs/srv/detail/detect_more_loop_closures__rosidl_typesupport_introspection_c.h\n'}
[0.308128] (rtabmap_msgs) StdoutLine: {'line': b'-- Up-to-date symlink: /home/brace/codeSpace/navi/install/rtabmap_msgs/include/rtabmap_msgs/rtabmap_msgs/srv/detail/get_map2__rosidl_typesupport_introspection_c.h\n'}
[0.308172] (rtabmap_msgs) StdoutLine: {'line': b'-- Up-to-date symlink: /home/brace/codeSpace/navi/install/rtabmap_msgs/include/rtabmap_msgs/rtabmap_msgs/srv/detail/get_map__rosidl_typesupport_introspection_c.h\n'}
[0.308217] (rtabmap_msgs) StdoutLine: {'line': b'-- Up-to-date symlink: /home/brace/codeSpace/navi/install/rtabmap_msgs/include/rtabmap_msgs/rtabmap_msgs/srv/detail/get_node_data__rosidl_typesupport_introspection_c.h\n'}
[0.308268] (rtabmap_msgs) StdoutLine: {'line': b'-- Up-to-date symlink: /home/brace/codeSpace/navi/install/rtabmap_msgs/include/rtabmap_msgs/rtabmap_msgs/srv/detail/get_nodes_in_radius__rosidl_typesupport_introspection_c.h\n'}
[0.308319] (rtabmap_msgs) StdoutLine: {'line': b'-- Up-to-date symlink: /home/brace/codeSpace/navi/install/rtabmap_msgs/include/rtabmap_msgs/rtabmap_msgs/srv/detail/get_plan__rosidl_typesupport_introspection_c.h\n'}
[0.308375] (rtabmap_msgs) StdoutLine: {'line': b'-- Up-to-date symlink: /home/brace/codeSpace/navi/install/rtabmap_msgs/include/rtabmap_msgs/rtabmap_msgs/srv/detail/global_bundle_adjustment__rosidl_typesupport_introspection_c.h\n'}
[0.308427] (rtabmap_msgs) StdoutLine: {'line': b'-- Up-to-date symlink: /home/brace/codeSpace/navi/install/rtabmap_msgs/include/rtabmap_msgs/rtabmap_msgs/srv/detail/list_labels__rosidl_typesupport_introspection_c.h\n'}
[0.308480] (rtabmap_msgs) StdoutLine: {'line': b'-- Up-to-date symlink: /home/brace/codeSpace/navi/install/rtabmap_msgs/include/rtabmap_msgs/rtabmap_msgs/srv/detail/load_database__rosidl_typesupport_introspection_c.h\n'}
[0.308540] (rtabmap_msgs) StdoutLine: {'line': b'-- Up-to-date symlink: /home/brace/codeSpace/navi/install/rtabmap_msgs/include/rtabmap_msgs/rtabmap_msgs/srv/detail/publish_map__rosidl_typesupport_introspection_c.h\n'}
[0.308595] (rtabmap_msgs) StdoutLine: {'line': b'-- Up-to-date symlink: /home/brace/codeSpace/navi/install/rtabmap_msgs/include/rtabmap_msgs/rtabmap_msgs/srv/detail/remove_label__rosidl_typesupport_introspection_c.h\n'}
[0.308643] (rtabmap_msgs) StdoutLine: {'line': b'-- Up-to-date symlink: /home/brace/codeSpace/navi/install/rtabmap_msgs/include/rtabmap_msgs/rtabmap_msgs/srv/detail/reset_pose__rosidl_typesupport_introspection_c.h\n'}
[0.308693] (rtabmap_msgs) StdoutLine: {'line': b'-- Up-to-date symlink: /home/brace/codeSpace/navi/install/rtabmap_msgs/include/rtabmap_msgs/rtabmap_msgs/srv/detail/set_goal__rosidl_typesupport_introspection_c.h\n'}
[0.308752] (rtabmap_msgs) StdoutLine: {'line': b'-- Up-to-date symlink: /home/brace/codeSpace/navi/install/rtabmap_msgs/include/rtabmap_msgs/rtabmap_msgs/srv/detail/set_label__rosidl_typesupport_introspection_c.h\n'}
[0.309973] (rtabmap_msgs) StdoutLine: {'line': b'-- Up-to-date symlink: /home/brace/codeSpace/navi/install/rtabmap_msgs/include/rtabmap_msgs/rtabmap_msgs/msg/camera_model.hpp\n'}
[0.310092] (rtabmap_msgs) StdoutLine: {'line': b'-- Up-to-date symlink: /home/brace/codeSpace/navi/install/rtabmap_msgs/include/rtabmap_msgs/rtabmap_msgs/msg/camera_models.hpp\n'}
[0.310143] (rtabmap_msgs) StdoutLine: {'line': b'-- Up-to-date symlink: /home/brace/codeSpace/navi/install/rtabmap_msgs/include/rtabmap_msgs/rtabmap_msgs/msg/detail/camera_model__builder.hpp\n'}
[0.310216] (rtabmap_msgs) StdoutLine: {'line': b'-- Up-to-date symlink: /home/brace/codeSpace/navi/install/rtabmap_msgs/include/rtabmap_msgs/rtabmap_msgs/msg/detail/camera_model__struct.hpp\n'}
[0.310289] (rtabmap_msgs) StdoutLine: {'line': b'-- Up-to-date symlink: /home/brace/codeSpace/navi/install/rtabmap_msgs/include/rtabmap_msgs/rtabmap_msgs/msg/detail/camera_model__traits.hpp\n'}
[0.310341] (rtabmap_msgs) StdoutLine: {'line': b'-- Up-to-date symlink: /home/brace/codeSpace/navi/install/rtabmap_msgs/include/rtabmap_msgs/rtabmap_msgs/msg/detail/camera_model__type_support.hpp\n'}
[0.310398] (rtabmap_msgs) StdoutLine: {'line': b'-- Up-to-date symlink: /home/brace/codeSpace/navi/install/rtabmap_msgs/include/rtabmap_msgs/rtabmap_msgs/msg/detail/camera_models__builder.hpp\n'}
[0.310442] (rtabmap_msgs) StdoutLine: {'line': b'-- Up-to-date symlink: /home/brace/codeSpace/navi/install/rtabmap_msgs/include/rtabmap_msgs/rtabmap_msgs/msg/detail/camera_models__struct.hpp\n'}
[0.310481] (rtabmap_msgs) StdoutLine: {'line': b'-- Up-to-date symlink: /home/brace/codeSpace/navi/install/rtabmap_msgs/include/rtabmap_msgs/rtabmap_msgs/msg/detail/camera_models__traits.hpp\n'}
[0.310534] (rtabmap_msgs) StdoutLine: {'line': b'-- Up-to-date symlink: /home/brace/codeSpace/navi/install/rtabmap_msgs/include/rtabmap_msgs/rtabmap_msgs/msg/detail/camera_models__type_support.hpp\n'}
[0.310601] (rtabmap_msgs) StdoutLine: {'line': b'-- Up-to-date symlink: /home/brace/codeSpace/navi/install/rtabmap_msgs/include/rtabmap_msgs/rtabmap_msgs/msg/detail/env_sensor__builder.hpp\n'}
[0.310646] (rtabmap_msgs) StdoutLine: {'line': b'-- Up-to-date symlink: /home/brace/codeSpace/navi/install/rtabmap_msgs/include/rtabmap_msgs/rtabmap_msgs/msg/detail/env_sensor__struct.hpp\n'}
[0.310701] (rtabmap_msgs) StdoutLine: {'line': b'-- Up-to-date symlink: /home/brace/codeSpace/navi/install/rtabmap_msgs/include/rtabmap_msgs/rtabmap_msgs/msg/detail/env_sensor__traits.hpp\n'}
[0.310763] (rtabmap_msgs) StdoutLine: {'line': b'-- Up-to-date symlink: /home/brace/codeSpace/navi/install/rtabmap_msgs/include/rtabmap_msgs/rtabmap_msgs/msg/detail/env_sensor__type_support.hpp\n'}
[0.310807] (rtabmap_msgs) StdoutLine: {'line': b'-- Up-to-date symlink: /home/brace/codeSpace/navi/install/rtabmap_msgs/include/rtabmap_msgs/rtabmap_msgs/msg/detail/global_descriptor__builder.hpp\n'}
[0.310848] (rtabmap_msgs) StdoutLine: {'line': b'-- Up-to-date symlink: /home/brace/codeSpace/navi/install/rtabmap_msgs/include/rtabmap_msgs/rtabmap_msgs/msg/detail/global_descriptor__struct.hpp\n'}
[0.310902] (rtabmap_msgs) StdoutLine: {'line': b'-- Up-to-date symlink: /home/brace/codeSpace/navi/install/rtabmap_msgs/include/rtabmap_msgs/rtabmap_msgs/msg/detail/global_descriptor__traits.hpp\n'}
[0.310969] (rtabmap_msgs) StdoutLine: {'line': b'-- Up-to-date symlink: /home/brace/codeSpace/navi/install/rtabmap_msgs/include/rtabmap_msgs/rtabmap_msgs/msg/detail/global_descriptor__type_support.hpp\n'}
[0.311004] (rtabmap_msgs) StdoutLine: {'line': b'-- Up-to-date symlink: /home/brace/codeSpace/navi/install/rtabmap_msgs/include/rtabmap_msgs/rtabmap_msgs/msg/detail/goal__builder.hpp\n'}
[0.311044] (rtabmap_msgs) StdoutLine: {'line': b'-- Up-to-date symlink: /home/brace/codeSpace/navi/install/rtabmap_msgs/include/rtabmap_msgs/rtabmap_msgs/msg/detail/goal__struct.hpp\n'}
[0.311083] (rtabmap_msgs) StdoutLine: {'line': b'-- Up-to-date symlink: /home/brace/codeSpace/navi/install/rtabmap_msgs/include/rtabmap_msgs/rtabmap_msgs/msg/detail/goal__traits.hpp\n'}
[0.311135] (rtabmap_msgs) StdoutLine: {'line': b'-- Up-to-date symlink: /home/brace/codeSpace/navi/install/rtabmap_msgs/include/rtabmap_msgs/rtabmap_msgs/msg/detail/goal__type_support.hpp\n'}
[0.311192] (rtabmap_msgs) StdoutLine: {'line': b'-- Up-to-date symlink: /home/brace/codeSpace/navi/install/rtabmap_msgs/include/rtabmap_msgs/rtabmap_msgs/msg/detail/gps__builder.hpp\n'}
[0.311233] (rtabmap_msgs) StdoutLine: {'line': b'-- Up-to-date symlink: /home/brace/codeSpace/navi/install/rtabmap_msgs/include/rtabmap_msgs/rtabmap_msgs/msg/detail/gps__struct.hpp\n'}
[0.311271] (rtabmap_msgs) StdoutLine: {'line': b'-- Up-to-date symlink: /home/brace/codeSpace/navi/install/rtabmap_msgs/include/rtabmap_msgs/rtabmap_msgs/msg/detail/gps__traits.hpp\n'}
[0.311322] (rtabmap_msgs) StdoutLine: {'line': b'-- Up-to-date symlink: /home/brace/codeSpace/navi/install/rtabmap_msgs/include/rtabmap_msgs/rtabmap_msgs/msg/detail/gps__type_support.hpp\n'}
[0.311384] (rtabmap_msgs) StdoutLine: {'line': b'-- Up-to-date symlink: /home/brace/codeSpace/navi/install/rtabmap_msgs/include/rtabmap_msgs/rtabmap_msgs/msg/detail/info__builder.hpp\n'}
[0.311428] (rtabmap_msgs) StdoutLine: {'line': b'-- Up-to-date symlink: /home/brace/codeSpace/navi/install/rtabmap_msgs/include/rtabmap_msgs/rtabmap_msgs/msg/detail/info__struct.hpp\n'}
[0.311468] (rtabmap_msgs) StdoutLine: {'line': b'-- Up-to-date symlink: /home/brace/codeSpace/navi/install/rtabmap_msgs/include/rtabmap_msgs/rtabmap_msgs/msg/detail/info__traits.hpp\n'}
[0.311519] (rtabmap_msgs) StdoutLine: {'line': b'-- Up-to-date symlink: /home/brace/codeSpace/navi/install/rtabmap_msgs/include/rtabmap_msgs/rtabmap_msgs/msg/detail/info__type_support.hpp\n'}
[0.311591] (rtabmap_msgs) StdoutLine: {'line': b'-- Up-to-date symlink: /home/brace/codeSpace/navi/install/rtabmap_msgs/include/rtabmap_msgs/rtabmap_msgs/msg/detail/key_point__builder.hpp\n'}
[0.311632] (rtabmap_msgs) StdoutLine: {'line': b'-- Up-to-date symlink: /home/brace/codeSpace/navi/install/rtabmap_msgs/include/rtabmap_msgs/rtabmap_msgs/msg/detail/key_point__struct.hpp\n'}
[0.311673] (rtabmap_msgs) StdoutLine: {'line': b'-- Up-to-date symlink: /home/brace/codeSpace/navi/install/rtabmap_msgs/include/rtabmap_msgs/rtabmap_msgs/msg/detail/key_point__traits.hpp\n'}
[0.311712] (rtabmap_msgs) StdoutLine: {'line': b'-- Up-to-date symlink: /home/brace/codeSpace/navi/install/rtabmap_msgs/include/rtabmap_msgs/rtabmap_msgs/msg/detail/key_point__type_support.hpp\n'}
[0.311763] (rtabmap_msgs) StdoutLine: {'line': b'-- Up-to-date symlink: /home/brace/codeSpace/navi/install/rtabmap_msgs/include/rtabmap_msgs/rtabmap_msgs/msg/detail/landmark_detection__builder.hpp\n'}
[0.311818] (rtabmap_msgs) StdoutLine: {'line': b'-- Up-to-date symlink: /home/brace/codeSpace/navi/install/rtabmap_msgs/include/rtabmap_msgs/rtabmap_msgs/msg/detail/landmark_detection__struct.hpp\n'}
[0.311859] (rtabmap_msgs) StdoutLine: {'line': b'-- Up-to-date symlink: /home/brace/codeSpace/navi/install/rtabmap_msgs/include/rtabmap_msgs/rtabmap_msgs/msg/detail/landmark_detection__traits.hpp\n'}
[0.311898] (rtabmap_msgs) StdoutLine: {'line': b'-- Up-to-date symlink: /home/brace/codeSpace/navi/install/rtabmap_msgs/include/rtabmap_msgs/rtabmap_msgs/msg/detail/landmark_detection__type_support.hpp\n'}
[0.311951] (rtabmap_msgs) StdoutLine: {'line': b'-- Up-to-date symlink: /home/brace/codeSpace/navi/install/rtabmap_msgs/include/rtabmap_msgs/rtabmap_msgs/msg/detail/landmark_detections__builder.hpp\n'}
[0.311991] (rtabmap_msgs) StdoutLine: {'line': b'-- Up-to-date symlink: /home/brace/codeSpace/navi/install/rtabmap_msgs/include/rtabmap_msgs/rtabmap_msgs/msg/detail/landmark_detections__struct.hpp\n'}
[0.312045] (rtabmap_msgs) StdoutLine: {'line': b'-- Up-to-date symlink: /home/brace/codeSpace/navi/install/rtabmap_msgs/include/rtabmap_msgs/rtabmap_msgs/msg/detail/landmark_detections__traits.hpp\n'}
[0.312084] (rtabmap_msgs) StdoutLine: {'line': b'-- Up-to-date symlink: /home/brace/codeSpace/navi/install/rtabmap_msgs/include/rtabmap_msgs/rtabmap_msgs/msg/detail/landmark_detections__type_support.hpp\n'}
[0.312123] (rtabmap_msgs) StdoutLine: {'line': b'-- Up-to-date symlink: /home/brace/codeSpace/navi/install/rtabmap_msgs/include/rtabmap_msgs/rtabmap_msgs/msg/detail/link__builder.hpp\n'}
[0.312175] (rtabmap_msgs) StdoutLine: {'line': b'-- Up-to-date symlink: /home/brace/codeSpace/navi/install/rtabmap_msgs/include/rtabmap_msgs/rtabmap_msgs/msg/detail/link__struct.hpp\n'}
[0.312238] (rtabmap_msgs) StdoutLine: {'line': b'-- Up-to-date symlink: /home/brace/codeSpace/navi/install/rtabmap_msgs/include/rtabmap_msgs/rtabmap_msgs/msg/detail/link__traits.hpp\n'}
[0.312279] (rtabmap_msgs) StdoutLine: {'line': b'-- Up-to-date symlink: /home/brace/codeSpace/navi/install/rtabmap_msgs/include/rtabmap_msgs/rtabmap_msgs/msg/detail/link__type_support.hpp\n'}
[0.312319] (rtabmap_msgs) StdoutLine: {'line': b'-- Up-to-date symlink: /home/brace/codeSpace/navi/install/rtabmap_msgs/include/rtabmap_msgs/rtabmap_msgs/msg/detail/map_data__builder.hpp\n'}
[0.312371] (rtabmap_msgs) StdoutLine: {'line': b'-- Up-to-date symlink: /home/brace/codeSpace/navi/install/rtabmap_msgs/include/rtabmap_msgs/rtabmap_msgs/msg/detail/map_data__struct.hpp\n'}
[0.312433] (rtabmap_msgs) StdoutLine: {'line': b'-- Up-to-date symlink: /home/brace/codeSpace/navi/install/rtabmap_msgs/include/rtabmap_msgs/rtabmap_msgs/msg/detail/map_data__traits.hpp\n'}
[0.312474] (rtabmap_msgs) StdoutLine: {'line': b'-- Up-to-date symlink: /home/brace/codeSpace/navi/install/rtabmap_msgs/include/rtabmap_msgs/rtabmap_msgs/msg/detail/map_data__type_support.hpp\n'}
[0.312514] (rtabmap_msgs) StdoutLine: {'line': b'-- Up-to-date symlink: /home/brace/codeSpace/navi/install/rtabmap_msgs/include/rtabmap_msgs/rtabmap_msgs/msg/detail/map_graph__builder.hpp\n'}
[0.312570] (rtabmap_msgs) StdoutLine: {'line': b'-- Up-to-date symlink: /home/brace/codeSpace/navi/install/rtabmap_msgs/include/rtabmap_msgs/rtabmap_msgs/msg/detail/map_graph__struct.hpp\n'}
[0.312625] (rtabmap_msgs) StdoutLine: {'line': b'-- Up-to-date symlink: /home/brace/codeSpace/navi/install/rtabmap_msgs/include/rtabmap_msgs/rtabmap_msgs/msg/detail/map_graph__traits.hpp\n'}
[0.312758] (rtabmap_msgs) StdoutLine: {'line': b'-- Up-to-date symlink: /home/brace/codeSpace/navi/install/rtabmap_msgs/include/rtabmap_msgs/rtabmap_msgs/msg/detail/map_graph__type_support.hpp\n'}
[0.312928] (rtabmap_msgs) StdoutLine: {'line': b'-- Up-to-date symlink: /home/brace/codeSpace/navi/install/rtabmap_msgs/include/rtabmap_msgs/rtabmap_msgs/msg/detail/node__builder.hpp\n'}
[0.313052] (rtabmap_msgs) StdoutLine: {'line': b'-- Up-to-date symlink: /home/brace/codeSpace/navi/install/rtabmap_msgs/include/rtabmap_msgs/rtabmap_msgs/msg/detail/node__struct.hpp\n'}
[0.313179] (rtabmap_msgs) StdoutLine: {'line': b'-- Up-to-date symlink: /home/brace/codeSpace/navi/install/rtabmap_msgs/include/rtabmap_msgs/rtabmap_msgs/msg/detail/node__traits.hpp\n'}
[0.313300] (rtabmap_msgs) StdoutLine: {'line': b'-- Up-to-date symlink: /home/brace/codeSpace/navi/install/rtabmap_msgs/include/rtabmap_msgs/rtabmap_msgs/msg/detail/node__type_support.hpp\n'}
[0.313406] (rtabmap_msgs) StdoutLine: {'line': b'-- Up-to-date symlink: /home/brace/codeSpace/navi/install/rtabmap_msgs/include/rtabmap_msgs/rtabmap_msgs/msg/detail/odom_info__builder.hpp\n'}
[0.313511] (rtabmap_msgs) StdoutLine: {'line': b'-- Up-to-date symlink: /home/brace/codeSpace/navi/install/rtabmap_msgs/include/rtabmap_msgs/rtabmap_msgs/msg/detail/odom_info__struct.hpp\n'}
[0.313639] (rtabmap_msgs) StdoutLine: {'line': b'-- Up-to-date symlink: /home/brace/codeSpace/navi/install/rtabmap_msgs/include/rtabmap_msgs/rtabmap_msgs/msg/detail/odom_info__traits.hpp\n'}
[0.313744] (rtabmap_msgs) StdoutLine: {'line': b'-- Up-to-date symlink: /home/brace/codeSpace/navi/install/rtabmap_msgs/include/rtabmap_msgs/rtabmap_msgs/msg/detail/odom_info__type_support.hpp\n'}
[0.313845] (rtabmap_msgs) StdoutLine: {'line': b'-- Up-to-date symlink: /home/brace/codeSpace/navi/install/rtabmap_msgs/include/rtabmap_msgs/rtabmap_msgs/msg/detail/path__builder.hpp\n'}
[0.313953] (rtabmap_msgs) StdoutLine: {'line': b'-- Up-to-date symlink: /home/brace/codeSpace/navi/install/rtabmap_msgs/include/rtabmap_msgs/rtabmap_msgs/msg/detail/path__struct.hpp\n'}
[0.314061] (rtabmap_msgs) StdoutLine: {'line': b'-- Up-to-date symlink: /home/brace/codeSpace/navi/install/rtabmap_msgs/include/rtabmap_msgs/rtabmap_msgs/msg/detail/path__traits.hpp\n'}
[0.314171] (rtabmap_msgs) StdoutLine: {'line': b'-- Up-to-date symlink: /home/brace/codeSpace/navi/install/rtabmap_msgs/include/rtabmap_msgs/rtabmap_msgs/msg/detail/path__type_support.hpp\n'}
[0.314264] (rtabmap_msgs) StdoutLine: {'line': b'-- Up-to-date symlink: /home/brace/codeSpace/navi/install/rtabmap_msgs/include/rtabmap_msgs/rtabmap_msgs/msg/detail/point2f__builder.hpp\n'}
[0.314346] (rtabmap_msgs) StdoutLine: {'line': b'-- Up-to-date symlink: /home/brace/codeSpace/navi/install/rtabmap_msgs/include/rtabmap_msgs/rtabmap_msgs/msg/detail/point2f__struct.hpp\n'}
[0.314454] (rtabmap_msgs) StdoutLine: {'line': b'-- Up-to-date symlink: /home/brace/codeSpace/navi/install/rtabmap_msgs/include/rtabmap_msgs/rtabmap_msgs/msg/detail/point2f__traits.hpp\n'}
[0.314536] (rtabmap_msgs) StdoutLine: {'line': b'-- Up-to-date symlink: /home/brace/codeSpace/navi/install/rtabmap_msgs/include/rtabmap_msgs/rtabmap_msgs/msg/detail/point2f__type_support.hpp\n'}
[0.314691] (rtabmap_msgs) StdoutLine: {'line': b'-- Up-to-date symlink: /home/brace/codeSpace/navi/install/rtabmap_msgs/include/rtabmap_msgs/rtabmap_msgs/msg/detail/point3f__builder.hpp\n'}
[0.314787] (rtabmap_msgs) StdoutLine: {'line': b'-- Up-to-date symlink: /home/brace/codeSpace/navi/install/rtabmap_msgs/include/rtabmap_msgs/rtabmap_msgs/msg/detail/point3f__struct.hpp\n'}
[0.314867] (rtabmap_msgs) StdoutLine: {'line': b'-- Up-to-date symlink: /home/brace/codeSpace/navi/install/rtabmap_msgs/include/rtabmap_msgs/rtabmap_msgs/msg/detail/point3f__traits.hpp\n'}
[0.314945] (rtabmap_msgs) StdoutLine: {'line': b'-- Up-to-date symlink: /home/brace/codeSpace/navi/install/rtabmap_msgs/include/rtabmap_msgs/rtabmap_msgs/msg/detail/point3f__type_support.hpp\n'}
[0.315063] (rtabmap_msgs) StdoutLine: {'line': b'-- Up-to-date symlink: /home/brace/codeSpace/navi/install/rtabmap_msgs/include/rtabmap_msgs/rtabmap_msgs/msg/detail/rgbd_image__builder.hpp\n'}
[0.315142] (rtabmap_msgs) StdoutLine: {'line': b'-- Up-to-date symlink: /home/brace/codeSpace/navi/install/rtabmap_msgs/include/rtabmap_msgs/rtabmap_msgs/msg/detail/rgbd_image__struct.hpp\n'}
[0.315220] (rtabmap_msgs) StdoutLine: {'line': b'-- Up-to-date symlink: /home/brace/codeSpace/navi/install/rtabmap_msgs/include/rtabmap_msgs/rtabmap_msgs/msg/detail/rgbd_image__traits.hpp\n'}
[0.315298] (rtabmap_msgs) StdoutLine: {'line': b'-- Up-to-date symlink: /home/brace/codeSpace/navi/install/rtabmap_msgs/include/rtabmap_msgs/rtabmap_msgs/msg/detail/rgbd_image__type_support.hpp\n'}
[0.315376] (rtabmap_msgs) StdoutLine: {'line': b'-- Up-to-date symlink: /home/brace/codeSpace/navi/install/rtabmap_msgs/include/rtabmap_msgs/rtabmap_msgs/msg/detail/rgbd_images__builder.hpp\n'}
[0.315454] (rtabmap_msgs) StdoutLine: {'line': b'-- Up-to-date symlink: /home/brace/codeSpace/navi/install/rtabmap_msgs/include/rtabmap_msgs/rtabmap_msgs/msg/detail/rgbd_images__struct.hpp\n'}
[0.315532] (rtabmap_msgs) StdoutLine: {'line': b'-- Up-to-date symlink: /home/brace/codeSpace/navi/install/rtabmap_msgs/include/rtabmap_msgs/rtabmap_msgs/msg/detail/rgbd_images__traits.hpp\n'}
[0.315721] (rtabmap_msgs) StdoutLine: {'line': b'-- Up-to-date symlink: /home/brace/codeSpace/navi/install/rtabmap_msgs/include/rtabmap_msgs/rtabmap_msgs/msg/detail/rgbd_images__type_support.hpp\n'}
[0.315804] (rtabmap_msgs) StdoutLine: {'line': b'-- Up-to-date symlink: /home/brace/codeSpace/navi/install/rtabmap_msgs/include/rtabmap_msgs/rtabmap_msgs/msg/detail/scan_descriptor__builder.hpp\n'}
[0.315883] (rtabmap_msgs) StdoutLine: {'line': b'-- Up-to-date symlink: /home/brace/codeSpace/navi/install/rtabmap_msgs/include/rtabmap_msgs/rtabmap_msgs/msg/detail/scan_descriptor__struct.hpp\n'}
[0.315962] (rtabmap_msgs) StdoutLine: {'line': b'-- Up-to-date symlink: /home/brace/codeSpace/navi/install/rtabmap_msgs/include/rtabmap_msgs/rtabmap_msgs/msg/detail/scan_descriptor__traits.hpp\n'}
[0.316041] (rtabmap_msgs) StdoutLine: {'line': b'-- Up-to-date symlink: /home/brace/codeSpace/navi/install/rtabmap_msgs/include/rtabmap_msgs/rtabmap_msgs/msg/detail/scan_descriptor__type_support.hpp\n'}
[0.316120] (rtabmap_msgs) StdoutLine: {'line': b'-- Up-to-date symlink: /home/brace/codeSpace/navi/install/rtabmap_msgs/include/rtabmap_msgs/rtabmap_msgs/msg/detail/sensor_data__builder.hpp\n'}
[0.316198] (rtabmap_msgs) StdoutLine: {'line': b'-- Up-to-date symlink: /home/brace/codeSpace/navi/install/rtabmap_msgs/include/rtabmap_msgs/rtabmap_msgs/msg/detail/sensor_data__struct.hpp\n'}
[0.316276] (rtabmap_msgs) StdoutLine: {'line': b'-- Up-to-date symlink: /home/brace/codeSpace/navi/install/rtabmap_msgs/include/rtabmap_msgs/rtabmap_msgs/msg/detail/sensor_data__traits.hpp\n'}
[0.316354] (rtabmap_msgs) StdoutLine: {'line': b'-- Up-to-date symlink: /home/brace/codeSpace/navi/install/rtabmap_msgs/include/rtabmap_msgs/rtabmap_msgs/msg/detail/sensor_data__type_support.hpp\n'}
[0.316432] (rtabmap_msgs) StdoutLine: {'line': b'-- Up-to-date symlink: /home/brace/codeSpace/navi/install/rtabmap_msgs/include/rtabmap_msgs/rtabmap_msgs/msg/detail/user_data__builder.hpp\n'}
[0.316510] (rtabmap_msgs) StdoutLine: {'line': b'-- Up-to-date symlink: /home/brace/codeSpace/navi/install/rtabmap_msgs/include/rtabmap_msgs/rtabmap_msgs/msg/detail/user_data__struct.hpp\n'}
[0.316610] (rtabmap_msgs) StdoutLine: {'line': b'-- Up-to-date symlink: /home/brace/codeSpace/navi/install/rtabmap_msgs/include/rtabmap_msgs/rtabmap_msgs/msg/detail/user_data__traits.hpp\n'}
[0.316852] (rtabmap_msgs) StdoutLine: {'line': b'-- Up-to-date symlink: /home/brace/codeSpace/navi/install/rtabmap_msgs/include/rtabmap_msgs/rtabmap_msgs/msg/detail/user_data__type_support.hpp\n'}
[0.316997] (rtabmap_msgs) StdoutLine: {'line': b'-- Up-to-date symlink: /home/brace/codeSpace/navi/install/rtabmap_msgs/include/rtabmap_msgs/rtabmap_msgs/msg/env_sensor.hpp\n'}
[0.317123] (rtabmap_msgs) StdoutLine: {'line': b'-- Up-to-date symlink: /home/brace/codeSpace/navi/install/rtabmap_msgs/include/rtabmap_msgs/rtabmap_msgs/msg/global_descriptor.hpp\n'}
[0.317239] (rtabmap_msgs) StdoutLine: {'line': b'-- Up-to-date symlink: /home/brace/codeSpace/navi/install/rtabmap_msgs/include/rtabmap_msgs/rtabmap_msgs/msg/goal.hpp\n'}
[0.317352] (rtabmap_msgs) StdoutLine: {'line': b'-- Up-to-date symlink: /home/brace/codeSpace/navi/install/rtabmap_msgs/include/rtabmap_msgs/rtabmap_msgs/msg/gps.hpp\n'}
[0.317435] (rtabmap_msgs) StdoutLine: {'line': b'-- Up-to-date symlink: /home/brace/codeSpace/navi/install/rtabmap_msgs/include/rtabmap_msgs/rtabmap_msgs/msg/info.hpp\n'}
[0.317515] (rtabmap_msgs) StdoutLine: {'line': b'-- Up-to-date symlink: /home/brace/codeSpace/navi/install/rtabmap_msgs/include/rtabmap_msgs/rtabmap_msgs/msg/key_point.hpp\n'}
[0.317641] (rtabmap_msgs) StdoutLine: {'line': b'-- Up-to-date symlink: /home/brace/codeSpace/navi/install/rtabmap_msgs/include/rtabmap_msgs/rtabmap_msgs/msg/landmark_detection.hpp\n'}
[0.317753] (rtabmap_msgs) StdoutLine: {'line': b'-- Up-to-date symlink: /home/brace/codeSpace/navi/install/rtabmap_msgs/include/rtabmap_msgs/rtabmap_msgs/msg/landmark_detections.hpp\n'}
[0.317833] (rtabmap_msgs) StdoutLine: {'line': b'-- Up-to-date symlink: /home/brace/codeSpace/navi/install/rtabmap_msgs/include/rtabmap_msgs/rtabmap_msgs/msg/link.hpp\n'}
[0.317912] (rtabmap_msgs) StdoutLine: {'line': b'-- Up-to-date symlink: /home/brace/codeSpace/navi/install/rtabmap_msgs/include/rtabmap_msgs/rtabmap_msgs/msg/map_data.hpp\n'}
[0.317991] (rtabmap_msgs) StdoutLine: {'line': b'-- Up-to-date symlink: /home/brace/codeSpace/navi/install/rtabmap_msgs/include/rtabmap_msgs/rtabmap_msgs/msg/map_graph.hpp\n'}
[0.318070] (rtabmap_msgs) StdoutLine: {'line': b'-- Up-to-date symlink: /home/brace/codeSpace/navi/install/rtabmap_msgs/include/rtabmap_msgs/rtabmap_msgs/msg/node.hpp\n'}
[0.318149] (rtabmap_msgs) StdoutLine: {'line': b'-- Up-to-date symlink: /home/brace/codeSpace/navi/install/rtabmap_msgs/include/rtabmap_msgs/rtabmap_msgs/msg/odom_info.hpp\n'}
[0.318228] (rtabmap_msgs) StdoutLine: {'line': b'-- Up-to-date symlink: /home/brace/codeSpace/navi/install/rtabmap_msgs/include/rtabmap_msgs/rtabmap_msgs/msg/path.hpp\n'}
[0.318353] (rtabmap_msgs) StdoutLine: {'line': b'-- Up-to-date symlink: /home/brace/codeSpace/navi/install/rtabmap_msgs/include/rtabmap_msgs/rtabmap_msgs/msg/point2f.hpp\n'}
[0.318432] (rtabmap_msgs) StdoutLine: {'line': b'-- Up-to-date symlink: /home/brace/codeSpace/navi/install/rtabmap_msgs/include/rtabmap_msgs/rtabmap_msgs/msg/point3f.hpp\n'}
[0.318510] (rtabmap_msgs) StdoutLine: {'line': b'-- Up-to-date symlink: /home/brace/codeSpace/navi/install/rtabmap_msgs/include/rtabmap_msgs/rtabmap_msgs/msg/rgbd_image.hpp\n'}
[0.318634] (rtabmap_msgs) StdoutLine: {'line': b'-- Up-to-date symlink: /home/brace/codeSpace/navi/install/rtabmap_msgs/include/rtabmap_msgs/rtabmap_msgs/msg/rgbd_images.hpp\n'}
[0.318742] (rtabmap_msgs) StdoutLine: {'line': b'-- Up-to-date symlink: /home/brace/codeSpace/navi/install/rtabmap_msgs/include/rtabmap_msgs/rtabmap_msgs/msg/rosidl_generator_cpp__visibility_control.hpp\n'}
[0.318822] (rtabmap_msgs) StdoutLine: {'line': b'-- Up-to-date symlink: /home/brace/codeSpace/navi/install/rtabmap_msgs/include/rtabmap_msgs/rtabmap_msgs/msg/scan_descriptor.hpp\n'}
[0.318904] (rtabmap_msgs) StdoutLine: {'line': b'-- Up-to-date symlink: /home/brace/codeSpace/navi/install/rtabmap_msgs/include/rtabmap_msgs/rtabmap_msgs/msg/sensor_data.hpp\n'}
[0.318983] (rtabmap_msgs) StdoutLine: {'line': b'-- Up-to-date symlink: /home/brace/codeSpace/navi/install/rtabmap_msgs/include/rtabmap_msgs/rtabmap_msgs/msg/user_data.hpp\n'}
[0.319065] (rtabmap_msgs) StdoutLine: {'line': b'-- Up-to-date symlink: /home/brace/codeSpace/navi/install/rtabmap_msgs/include/rtabmap_msgs/rtabmap_msgs/srv/add_link.hpp\n'}
[0.319150] (rtabmap_msgs) StdoutLine: {'line': b'-- Up-to-date symlink: /home/brace/codeSpace/navi/install/rtabmap_msgs/include/rtabmap_msgs/rtabmap_msgs/srv/cleanup_local_grids.hpp\n'}
[0.319307] (rtabmap_msgs) StdoutLine: {'line': b'-- Up-to-date symlink: /home/brace/codeSpace/navi/install/rtabmap_msgs/include/rtabmap_msgs/rtabmap_msgs/srv/detail/add_link__builder.hpp\n'}
[0.319428] (rtabmap_msgs) StdoutLine: {'line': b'-- Up-to-date symlink: /home/brace/codeSpace/navi/install/rtabmap_msgs/include/rtabmap_msgs/rtabmap_msgs/srv/detail/add_link__struct.hpp\n'}
[0.319517] (rtabmap_msgs) StdoutLine: {'line': b'-- Up-to-date symlink: /home/brace/codeSpace/navi/install/rtabmap_msgs/include/rtabmap_msgs/rtabmap_msgs/srv/detail/add_link__traits.hpp\n'}
[0.319632] (rtabmap_msgs) StdoutLine: {'line': b'-- Up-to-date symlink: /home/brace/codeSpace/navi/install/rtabmap_msgs/include/rtabmap_msgs/rtabmap_msgs/srv/detail/add_link__type_support.hpp\n'}
[0.319715] (rtabmap_msgs) StdoutLine: {'line': b'-- Up-to-date symlink: /home/brace/codeSpace/navi/install/rtabmap_msgs/include/rtabmap_msgs/rtabmap_msgs/srv/detail/cleanup_local_grids__builder.hpp\n'}
[0.319793] (rtabmap_msgs) StdoutLine: {'line': b'-- Up-to-date symlink: /home/brace/codeSpace/navi/install/rtabmap_msgs/include/rtabmap_msgs/rtabmap_msgs/srv/detail/cleanup_local_grids__struct.hpp\n'}
[0.319872] (rtabmap_msgs) StdoutLine: {'line': b'-- Up-to-date symlink: /home/brace/codeSpace/navi/install/rtabmap_msgs/include/rtabmap_msgs/rtabmap_msgs/srv/detail/cleanup_local_grids__traits.hpp\n'}
[0.319957] (rtabmap_msgs) StdoutLine: {'line': b'-- Up-to-date symlink: /home/brace/codeSpace/navi/install/rtabmap_msgs/include/rtabmap_msgs/rtabmap_msgs/srv/detail/cleanup_local_grids__type_support.hpp\n'}
[0.320035] (rtabmap_msgs) StdoutLine: {'line': b'-- Up-to-date symlink: /home/brace/codeSpace/navi/install/rtabmap_msgs/include/rtabmap_msgs/rtabmap_msgs/srv/detail/detect_more_loop_closures__builder.hpp\n'}
[0.320110] (rtabmap_msgs) StdoutLine: {'line': b'-- Up-to-date symlink: /home/brace/codeSpace/navi/install/rtabmap_msgs/include/rtabmap_msgs/rtabmap_msgs/srv/detail/detect_more_loop_closures__struct.hpp\n'}
[0.320187] (rtabmap_msgs) StdoutLine: {'line': b'-- Up-to-date symlink: /home/brace/codeSpace/navi/install/rtabmap_msgs/include/rtabmap_msgs/rtabmap_msgs/srv/detail/detect_more_loop_closures__traits.hpp\n'}
[0.320264] (rtabmap_msgs) StdoutLine: {'line': b'-- Up-to-date symlink: /home/brace/codeSpace/navi/install/rtabmap_msgs/include/rtabmap_msgs/rtabmap_msgs/srv/detail/detect_more_loop_closures__type_support.hpp\n'}
[0.320342] (rtabmap_msgs) StdoutLine: {'line': b'-- Up-to-date symlink: /home/brace/codeSpace/navi/install/rtabmap_msgs/include/rtabmap_msgs/rtabmap_msgs/srv/detail/get_map2__builder.hpp\n'}
[0.320428] (rtabmap_msgs) StdoutLine: {'line': b'-- Up-to-date symlink: /home/brace/codeSpace/navi/install/rtabmap_msgs/include/rtabmap_msgs/rtabmap_msgs/srv/detail/get_map2__struct.hpp\n'}
[0.320512] (rtabmap_msgs) StdoutLine: {'line': b'-- Up-to-date symlink: /home/brace/codeSpace/navi/install/rtabmap_msgs/include/rtabmap_msgs/rtabmap_msgs/srv/detail/get_map2__traits.hpp\n'}
[0.320646] (rtabmap_msgs) StdoutLine: {'line': b'-- Up-to-date symlink: /home/brace/codeSpace/navi/install/rtabmap_msgs/include/rtabmap_msgs/rtabmap_msgs/srv/detail/get_map2__type_support.hpp\n'}
[0.320760] (rtabmap_msgs) StdoutLine: {'line': b'-- Up-to-date symlink: /home/brace/codeSpace/navi/install/rtabmap_msgs/include/rtabmap_msgs/rtabmap_msgs/srv/detail/get_map__builder.hpp\n'}
[0.320840] (rtabmap_msgs) StdoutLine: {'line': b'-- Up-to-date symlink: /home/brace/codeSpace/navi/install/rtabmap_msgs/include/rtabmap_msgs/rtabmap_msgs/srv/detail/get_map__struct.hpp\n'}
[0.320921] (rtabmap_msgs) StdoutLine: {'line': b'-- Up-to-date symlink: /home/brace/codeSpace/navi/install/rtabmap_msgs/include/rtabmap_msgs/rtabmap_msgs/srv/detail/get_map__traits.hpp\n'}
[0.321001] (rtabmap_msgs) StdoutLine: {'line': b'-- Up-to-date symlink: /home/brace/codeSpace/navi/install/rtabmap_msgs/include/rtabmap_msgs/rtabmap_msgs/srv/detail/get_map__type_support.hpp\n'}
[0.321082] (rtabmap_msgs) StdoutLine: {'line': b'-- Up-to-date symlink: /home/brace/codeSpace/navi/install/rtabmap_msgs/include/rtabmap_msgs/rtabmap_msgs/srv/detail/get_node_data__builder.hpp\n'}
[0.321178] (rtabmap_msgs) StdoutLine: {'line': b'-- Up-to-date symlink: /home/brace/codeSpace/navi/install/rtabmap_msgs/include/rtabmap_msgs/rtabmap_msgs/srv/detail/get_node_data__struct.hpp\n'}
[0.321314] (rtabmap_msgs) StdoutLine: {'line': b'-- Up-to-date symlink: /home/brace/codeSpace/navi/install/rtabmap_msgs/include/rtabmap_msgs/rtabmap_msgs/srv/detail/get_node_data__traits.hpp\n'}
[0.321394] (rtabmap_msgs) StdoutLine: {'line': b'-- Up-to-date symlink: /home/brace/codeSpace/navi/install/rtabmap_msgs/include/rtabmap_msgs/rtabmap_msgs/srv/detail/get_node_data__type_support.hpp\n'}
[0.321476] (rtabmap_msgs) StdoutLine: {'line': b'-- Up-to-date symlink: /home/brace/codeSpace/navi/install/rtabmap_msgs/include/rtabmap_msgs/rtabmap_msgs/srv/detail/get_nodes_in_radius__builder.hpp\n'}
[0.321559] (rtabmap_msgs) StdoutLine: {'line': b'-- Up-to-date symlink: /home/brace/codeSpace/navi/install/rtabmap_msgs/include/rtabmap_msgs/rtabmap_msgs/srv/detail/get_nodes_in_radius__struct.hpp\n'}
[0.321701] (rtabmap_msgs) StdoutLine: {'line': b'-- Up-to-date symlink: /home/brace/codeSpace/navi/install/rtabmap_msgs/include/rtabmap_msgs/rtabmap_msgs/srv/detail/get_nodes_in_radius__traits.hpp\n'}
[0.321782] (rtabmap_msgs) StdoutLine: {'line': b'-- Up-to-date symlink: /home/brace/codeSpace/navi/install/rtabmap_msgs/include/rtabmap_msgs/rtabmap_msgs/srv/detail/get_nodes_in_radius__type_support.hpp\n'}
[0.321867] (rtabmap_msgs) StdoutLine: {'line': b'-- Up-to-date symlink: /home/brace/codeSpace/navi/install/rtabmap_msgs/include/rtabmap_msgs/rtabmap_msgs/srv/detail/get_plan__builder.hpp\n'}
[0.321951] (rtabmap_msgs) StdoutLine: {'line': b'-- Up-to-date symlink: /home/brace/codeSpace/navi/install/rtabmap_msgs/include/rtabmap_msgs/rtabmap_msgs/srv/detail/get_plan__struct.hpp\n'}
[0.322037] (rtabmap_msgs) StdoutLine: {'line': b'-- Up-to-date symlink: /home/brace/codeSpace/navi/install/rtabmap_msgs/include/rtabmap_msgs/rtabmap_msgs/srv/detail/get_plan__traits.hpp\n'}
[0.322124] (rtabmap_msgs) StdoutLine: {'line': b'-- Up-to-date symlink: /home/brace/codeSpace/navi/install/rtabmap_msgs/include/rtabmap_msgs/rtabmap_msgs/srv/detail/get_plan__type_support.hpp\n'}
[0.322230] (rtabmap_msgs) StdoutLine: {'line': b'-- Up-to-date symlink: /home/brace/codeSpace/navi/install/rtabmap_msgs/include/rtabmap_msgs/rtabmap_msgs/srv/detail/global_bundle_adjustment__builder.hpp\n'}
[0.322317] (rtabmap_msgs) StdoutLine: {'line': b'-- Up-to-date symlink: /home/brace/codeSpace/navi/install/rtabmap_msgs/include/rtabmap_msgs/rtabmap_msgs/srv/detail/global_bundle_adjustment__struct.hpp\n'}
[0.322448] (rtabmap_msgs) StdoutLine: {'line': b'-- Up-to-date symlink: /home/brace/codeSpace/navi/install/rtabmap_msgs/include/rtabmap_msgs/rtabmap_msgs/srv/detail/global_bundle_adjustment__traits.hpp\n'}
[0.322537] (rtabmap_msgs) StdoutLine: {'line': b'-- Up-to-date symlink: /home/brace/codeSpace/navi/install/rtabmap_msgs/include/rtabmap_msgs/rtabmap_msgs/srv/detail/global_bundle_adjustment__type_support.hpp\n'}
[0.322633] (rtabmap_msgs) StdoutLine: {'line': b'-- Up-to-date symlink: /home/brace/codeSpace/navi/install/rtabmap_msgs/include/rtabmap_msgs/rtabmap_msgs/srv/detail/list_labels__builder.hpp\n'}
[0.322714] (rtabmap_msgs) StdoutLine: {'line': b'-- Up-to-date symlink: /home/brace/codeSpace/navi/install/rtabmap_msgs/include/rtabmap_msgs/rtabmap_msgs/srv/detail/list_labels__struct.hpp\n'}
[0.322795] (rtabmap_msgs) StdoutLine: {'line': b'-- Up-to-date symlink: /home/brace/codeSpace/navi/install/rtabmap_msgs/include/rtabmap_msgs/rtabmap_msgs/srv/detail/list_labels__traits.hpp\n'}
[0.322874] (rtabmap_msgs) StdoutLine: {'line': b'-- Up-to-date symlink: /home/brace/codeSpace/navi/install/rtabmap_msgs/include/rtabmap_msgs/rtabmap_msgs/srv/detail/list_labels__type_support.hpp\n'}
[0.322955] (rtabmap_msgs) StdoutLine: {'line': b'-- Up-to-date symlink: /home/brace/codeSpace/navi/install/rtabmap_msgs/include/rtabmap_msgs/rtabmap_msgs/srv/detail/load_database__builder.hpp\n'}
[0.323082] (rtabmap_msgs) StdoutLine: {'line': b'-- Up-to-date symlink: /home/brace/codeSpace/navi/install/rtabmap_msgs/include/rtabmap_msgs/rtabmap_msgs/srv/detail/load_database__struct.hpp\n'}
[0.323168] (rtabmap_msgs) StdoutLine: {'line': b'-- Up-to-date symlink: /home/brace/codeSpace/navi/install/rtabmap_msgs/include/rtabmap_msgs/rtabmap_msgs/srv/detail/load_database__traits.hpp\n'}
[0.323343] (rtabmap_msgs) StdoutLine: {'line': b'-- Up-to-date symlink: /home/brace/codeSpace/navi/install/rtabmap_msgs/include/rtabmap_msgs/rtabmap_msgs/srv/detail/load_database__type_support.hpp\n'}
[0.323475] (rtabmap_msgs) StdoutLine: {'line': b'-- Up-to-date symlink: /home/brace/codeSpace/navi/install/rtabmap_msgs/include/rtabmap_msgs/rtabmap_msgs/srv/detail/publish_map__builder.hpp\n'}
[0.323592] (rtabmap_msgs) StdoutLine: {'line': b'-- Up-to-date symlink: /home/brace/codeSpace/navi/install/rtabmap_msgs/include/rtabmap_msgs/rtabmap_msgs/srv/detail/publish_map__struct.hpp\n'}
[0.323718] (rtabmap_msgs) StdoutLine: {'line': b'-- Up-to-date symlink: /home/brace/codeSpace/navi/install/rtabmap_msgs/include/rtabmap_msgs/rtabmap_msgs/srv/detail/publish_map__traits.hpp\n'}
[0.323832] (rtabmap_msgs) StdoutLine: {'line': b'-- Up-to-date symlink: /home/brace/codeSpace/navi/install/rtabmap_msgs/include/rtabmap_msgs/rtabmap_msgs/srv/detail/publish_map__type_support.hpp\n'}
[0.323936] (rtabmap_msgs) StdoutLine: {'line': b'-- Up-to-date symlink: /home/brace/codeSpace/navi/install/rtabmap_msgs/include/rtabmap_msgs/rtabmap_msgs/srv/detail/remove_label__builder.hpp\n'}
[0.324038] (rtabmap_msgs) StdoutLine: {'line': b'-- Up-to-date symlink: /home/brace/codeSpace/navi/install/rtabmap_msgs/include/rtabmap_msgs/rtabmap_msgs/srv/detail/remove_label__struct.hpp\n'}
[0.324152] (rtabmap_msgs) StdoutLine: {'line': b'-- Up-to-date symlink: /home/brace/codeSpace/navi/install/rtabmap_msgs/include/rtabmap_msgs/rtabmap_msgs/srv/detail/remove_label__traits.hpp\n'}
[0.324254] (rtabmap_msgs) StdoutLine: {'line': b'-- Up-to-date symlink: /home/brace/codeSpace/navi/install/rtabmap_msgs/include/rtabmap_msgs/rtabmap_msgs/srv/detail/remove_label__type_support.hpp\n'}
[0.324357] (rtabmap_msgs) StdoutLine: {'line': b'-- Up-to-date symlink: /home/brace/codeSpace/navi/install/rtabmap_msgs/include/rtabmap_msgs/rtabmap_msgs/srv/detail/reset_pose__builder.hpp\n'}
[0.324459] (rtabmap_msgs) StdoutLine: {'line': b'-- Up-to-date symlink: /home/brace/codeSpace/navi/install/rtabmap_msgs/include/rtabmap_msgs/rtabmap_msgs/srv/detail/reset_pose__struct.hpp\n'}
[0.324560] (rtabmap_msgs) StdoutLine: {'line': b'-- Up-to-date symlink: /home/brace/codeSpace/navi/install/rtabmap_msgs/include/rtabmap_msgs/rtabmap_msgs/srv/detail/reset_pose__traits.hpp\n'}
[0.324674] (rtabmap_msgs) StdoutLine: {'line': b'-- Up-to-date symlink: /home/brace/codeSpace/navi/install/rtabmap_msgs/include/rtabmap_msgs/rtabmap_msgs/srv/detail/reset_pose__type_support.hpp\n'}
[0.324767] (rtabmap_msgs) StdoutLine: {'line': b'-- Up-to-date symlink: /home/brace/codeSpace/navi/install/rtabmap_msgs/include/rtabmap_msgs/rtabmap_msgs/srv/detail/set_goal__builder.hpp\n'}
[0.324858] (rtabmap_msgs) StdoutLine: {'line': b'-- Up-to-date symlink: /home/brace/codeSpace/navi/install/rtabmap_msgs/include/rtabmap_msgs/rtabmap_msgs/srv/detail/set_goal__struct.hpp\n'}
[0.324931] (rtabmap_msgs) StdoutLine: {'line': b'-- Up-to-date symlink: /home/brace/codeSpace/navi/install/rtabmap_msgs/include/rtabmap_msgs/rtabmap_msgs/srv/detail/set_goal__traits.hpp\n'}
[0.325020] (rtabmap_msgs) StdoutLine: {'line': b'-- Up-to-date symlink: /home/brace/codeSpace/navi/install/rtabmap_msgs/include/rtabmap_msgs/rtabmap_msgs/srv/detail/set_goal__type_support.hpp\n'}
[0.325119] (rtabmap_msgs) StdoutLine: {'line': b'-- Up-to-date symlink: /home/brace/codeSpace/navi/install/rtabmap_msgs/include/rtabmap_msgs/rtabmap_msgs/srv/detail/set_label__builder.hpp\n'}
[0.325213] (rtabmap_msgs) StdoutLine: {'line': b'-- Up-to-date symlink: /home/brace/codeSpace/navi/install/rtabmap_msgs/include/rtabmap_msgs/rtabmap_msgs/srv/detail/set_label__struct.hpp\n'}
[0.325293] (rtabmap_msgs) StdoutLine: {'line': b'-- Up-to-date symlink: /home/brace/codeSpace/navi/install/rtabmap_msgs/include/rtabmap_msgs/rtabmap_msgs/srv/detail/set_label__traits.hpp\n'}
[0.325367] (rtabmap_msgs) StdoutLine: {'line': b'-- Up-to-date symlink: /home/brace/codeSpace/navi/install/rtabmap_msgs/include/rtabmap_msgs/rtabmap_msgs/srv/detail/set_label__type_support.hpp\n'}
[0.325448] (rtabmap_msgs) StdoutLine: {'line': b'-- Up-to-date symlink: /home/brace/codeSpace/navi/install/rtabmap_msgs/include/rtabmap_msgs/rtabmap_msgs/srv/detect_more_loop_closures.hpp\n'}
[0.325522] (rtabmap_msgs) StdoutLine: {'line': b'-- Up-to-date symlink: /home/brace/codeSpace/navi/install/rtabmap_msgs/include/rtabmap_msgs/rtabmap_msgs/srv/get_map.hpp\n'}
[0.325635] (rtabmap_msgs) StdoutLine: {'line': b'-- Up-to-date symlink: /home/brace/codeSpace/navi/install/rtabmap_msgs/include/rtabmap_msgs/rtabmap_msgs/srv/get_map2.hpp\n'}
[0.325710] (rtabmap_msgs) StdoutLine: {'line': b'-- Up-to-date symlink: /home/brace/codeSpace/navi/install/rtabmap_msgs/include/rtabmap_msgs/rtabmap_msgs/srv/get_node_data.hpp\n'}
[0.325783] (rtabmap_msgs) StdoutLine: {'line': b'-- Up-to-date symlink: /home/brace/codeSpace/navi/install/rtabmap_msgs/include/rtabmap_msgs/rtabmap_msgs/srv/get_nodes_in_radius.hpp\n'}
[0.325856] (rtabmap_msgs) StdoutLine: {'line': b'-- Up-to-date symlink: /home/brace/codeSpace/navi/install/rtabmap_msgs/include/rtabmap_msgs/rtabmap_msgs/srv/get_plan.hpp\n'}
[0.325929] (rtabmap_msgs) StdoutLine: {'line': b'-- Up-to-date symlink: /home/brace/codeSpace/navi/install/rtabmap_msgs/include/rtabmap_msgs/rtabmap_msgs/srv/global_bundle_adjustment.hpp\n'}
[0.326051] (rtabmap_msgs) StdoutLine: {'line': b'-- Up-to-date symlink: /home/brace/codeSpace/navi/install/rtabmap_msgs/include/rtabmap_msgs/rtabmap_msgs/srv/list_labels.hpp\n'}
[0.326149] (rtabmap_msgs) StdoutLine: {'line': b'-- Up-to-date symlink: /home/brace/codeSpace/navi/install/rtabmap_msgs/include/rtabmap_msgs/rtabmap_msgs/srv/load_database.hpp\n'}
[0.326248] (rtabmap_msgs) StdoutLine: {'line': b'-- Up-to-date symlink: /home/brace/codeSpace/navi/install/rtabmap_msgs/include/rtabmap_msgs/rtabmap_msgs/srv/publish_map.hpp\n'}
[0.326344] (rtabmap_msgs) StdoutLine: {'line': b'-- Up-to-date symlink: /home/brace/codeSpace/navi/install/rtabmap_msgs/include/rtabmap_msgs/rtabmap_msgs/srv/remove_label.hpp\n'}
[0.326443] (rtabmap_msgs) StdoutLine: {'line': b'-- Up-to-date symlink: /home/brace/codeSpace/navi/install/rtabmap_msgs/include/rtabmap_msgs/rtabmap_msgs/srv/reset_pose.hpp\n'}
[0.326540] (rtabmap_msgs) StdoutLine: {'line': b'-- Up-to-date symlink: /home/brace/codeSpace/navi/install/rtabmap_msgs/include/rtabmap_msgs/rtabmap_msgs/srv/set_goal.hpp\n'}
[0.326693] (rtabmap_msgs) StdoutLine: {'line': b'-- Up-to-date symlink: /home/brace/codeSpace/navi/install/rtabmap_msgs/include/rtabmap_msgs/rtabmap_msgs/srv/set_label.hpp\n'}
[0.326747] (rtabmap_msgs) StdoutLine: {'line': b'-- Up-to-date symlink: /home/brace/codeSpace/navi/install/rtabmap_msgs/include/rtabmap_msgs/rtabmap_msgs/msg/detail/camera_model__rosidl_typesupport_fastrtps_cpp.hpp\n'}
[0.326785] (rtabmap_msgs) StdoutLine: {'line': b'-- Up-to-date symlink: /home/brace/codeSpace/navi/install/rtabmap_msgs/include/rtabmap_msgs/rtabmap_msgs/msg/detail/camera_models__rosidl_typesupport_fastrtps_cpp.hpp\n'}
[0.326820] (rtabmap_msgs) StdoutLine: {'line': b'-- Up-to-date symlink: /home/brace/codeSpace/navi/install/rtabmap_msgs/include/rtabmap_msgs/rtabmap_msgs/msg/detail/env_sensor__rosidl_typesupport_fastrtps_cpp.hpp\n'}
[0.326852] (rtabmap_msgs) StdoutLine: {'line': b'-- Up-to-date symlink: /home/brace/codeSpace/navi/install/rtabmap_msgs/include/rtabmap_msgs/rtabmap_msgs/msg/detail/global_descriptor__rosidl_typesupport_fastrtps_cpp.hpp\n'}
[0.326899] (rtabmap_msgs) StdoutLine: {'line': b'-- Up-to-date symlink: /home/brace/codeSpace/navi/install/rtabmap_msgs/include/rtabmap_msgs/rtabmap_msgs/msg/detail/goal__rosidl_typesupport_fastrtps_cpp.hpp\n'}
[0.326932] (rtabmap_msgs) StdoutLine: {'line': b'-- Up-to-date symlink: /home/brace/codeSpace/navi/install/rtabmap_msgs/include/rtabmap_msgs/rtabmap_msgs/msg/detail/gps__rosidl_typesupport_fastrtps_cpp.hpp\n'}
[0.327004] (rtabmap_msgs) StdoutLine: {'line': b'-- Up-to-date symlink: /home/brace/codeSpace/navi/install/rtabmap_msgs/include/rtabmap_msgs/rtabmap_msgs/msg/detail/info__rosidl_typesupport_fastrtps_cpp.hpp\n'}
[0.327035] (rtabmap_msgs) StdoutLine: {'line': b'-- Up-to-date symlink: /home/brace/codeSpace/navi/install/rtabmap_msgs/include/rtabmap_msgs/rtabmap_msgs/msg/detail/key_point__rosidl_typesupport_fastrtps_cpp.hpp\n'}
[0.327065] (rtabmap_msgs) StdoutLine: {'line': b'-- Up-to-date symlink: /home/brace/codeSpace/navi/install/rtabmap_msgs/include/rtabmap_msgs/rtabmap_msgs/msg/detail/landmark_detection__rosidl_typesupport_fastrtps_cpp.hpp\n'}
[0.327095] (rtabmap_msgs) StdoutLine: {'line': b'-- Up-to-date symlink: /home/brace/codeSpace/navi/install/rtabmap_msgs/include/rtabmap_msgs/rtabmap_msgs/msg/detail/landmark_detections__rosidl_typesupport_fastrtps_cpp.hpp\n'}
[0.327126] (rtabmap_msgs) StdoutLine: {'line': b'-- Up-to-date symlink: /home/brace/codeSpace/navi/install/rtabmap_msgs/include/rtabmap_msgs/rtabmap_msgs/msg/detail/link__rosidl_typesupport_fastrtps_cpp.hpp\n'}
[0.327157] (rtabmap_msgs) StdoutLine: {'line': b'-- Up-to-date symlink: /home/brace/codeSpace/navi/install/rtabmap_msgs/include/rtabmap_msgs/rtabmap_msgs/msg/detail/map_data__rosidl_typesupport_fastrtps_cpp.hpp\n'}
[0.327188] (rtabmap_msgs) StdoutLine: {'line': b'-- Up-to-date symlink: /home/brace/codeSpace/navi/install/rtabmap_msgs/include/rtabmap_msgs/rtabmap_msgs/msg/detail/map_graph__rosidl_typesupport_fastrtps_cpp.hpp\n'}
[0.327218] (rtabmap_msgs) StdoutLine: {'line': b'-- Up-to-date symlink: /home/brace/codeSpace/navi/install/rtabmap_msgs/include/rtabmap_msgs/rtabmap_msgs/msg/detail/node__rosidl_typesupport_fastrtps_cpp.hpp\n'}
[0.327250] (rtabmap_msgs) StdoutLine: {'line': b'-- Up-to-date symlink: /home/brace/codeSpace/navi/install/rtabmap_msgs/include/rtabmap_msgs/rtabmap_msgs/msg/detail/odom_info__rosidl_typesupport_fastrtps_cpp.hpp\n'}
[0.327281] (rtabmap_msgs) StdoutLine: {'line': b'-- Up-to-date symlink: /home/brace/codeSpace/navi/install/rtabmap_msgs/include/rtabmap_msgs/rtabmap_msgs/msg/detail/path__rosidl_typesupport_fastrtps_cpp.hpp\n'}
[0.327311] (rtabmap_msgs) StdoutLine: {'line': b'-- Up-to-date symlink: /home/brace/codeSpace/navi/install/rtabmap_msgs/include/rtabmap_msgs/rtabmap_msgs/msg/detail/point2f__rosidl_typesupport_fastrtps_cpp.hpp\n'}
[0.327341] (rtabmap_msgs) StdoutLine: {'line': b'-- Up-to-date symlink: /home/brace/codeSpace/navi/install/rtabmap_msgs/include/rtabmap_msgs/rtabmap_msgs/msg/detail/point3f__rosidl_typesupport_fastrtps_cpp.hpp\n'}
[0.327372] (rtabmap_msgs) StdoutLine: {'line': b'-- Up-to-date symlink: /home/brace/codeSpace/navi/install/rtabmap_msgs/include/rtabmap_msgs/rtabmap_msgs/msg/detail/rgbd_image__rosidl_typesupport_fastrtps_cpp.hpp\n'}
[0.327402] (rtabmap_msgs) StdoutLine: {'line': b'-- Up-to-date symlink: /home/brace/codeSpace/navi/install/rtabmap_msgs/include/rtabmap_msgs/rtabmap_msgs/msg/detail/rgbd_images__rosidl_typesupport_fastrtps_cpp.hpp\n'}
[0.327432] (rtabmap_msgs) StdoutLine: {'line': b'-- Up-to-date symlink: /home/brace/codeSpace/navi/install/rtabmap_msgs/include/rtabmap_msgs/rtabmap_msgs/msg/detail/scan_descriptor__rosidl_typesupport_fastrtps_cpp.hpp\n'}
[0.327462] (rtabmap_msgs) StdoutLine: {'line': b'-- Up-to-date symlink: /home/brace/codeSpace/navi/install/rtabmap_msgs/include/rtabmap_msgs/rtabmap_msgs/msg/detail/sensor_data__rosidl_typesupport_fastrtps_cpp.hpp\n'}
[0.327492] (rtabmap_msgs) StdoutLine: {'line': b'-- Up-to-date symlink: /home/brace/codeSpace/navi/install/rtabmap_msgs/include/rtabmap_msgs/rtabmap_msgs/msg/detail/user_data__rosidl_typesupport_fastrtps_cpp.hpp\n'}
[0.327523] (rtabmap_msgs) StdoutLine: {'line': b'-- Up-to-date symlink: /home/brace/codeSpace/navi/install/rtabmap_msgs/include/rtabmap_msgs/rtabmap_msgs/msg/rosidl_typesupport_fastrtps_cpp__visibility_control.h\n'}
[0.327553] (rtabmap_msgs) StdoutLine: {'line': b'-- Up-to-date symlink: /home/brace/codeSpace/navi/install/rtabmap_msgs/include/rtabmap_msgs/rtabmap_msgs/srv/detail/add_link__rosidl_typesupport_fastrtps_cpp.hpp\n'}
[0.327592] (rtabmap_msgs) StdoutLine: {'line': b'-- Up-to-date symlink: /home/brace/codeSpace/navi/install/rtabmap_msgs/include/rtabmap_msgs/rtabmap_msgs/srv/detail/cleanup_local_grids__rosidl_typesupport_fastrtps_cpp.hpp\n'}
[0.327623] (rtabmap_msgs) StdoutLine: {'line': b'-- Up-to-date symlink: /home/brace/codeSpace/navi/install/rtabmap_msgs/include/rtabmap_msgs/rtabmap_msgs/srv/detail/detect_more_loop_closures__rosidl_typesupport_fastrtps_cpp.hpp\n'}
[0.327654] (rtabmap_msgs) StdoutLine: {'line': b'-- Up-to-date symlink: /home/brace/codeSpace/navi/install/rtabmap_msgs/include/rtabmap_msgs/rtabmap_msgs/srv/detail/get_map2__rosidl_typesupport_fastrtps_cpp.hpp\n'}
[0.327684] (rtabmap_msgs) StdoutLine: {'line': b'-- Up-to-date symlink: /home/brace/codeSpace/navi/install/rtabmap_msgs/include/rtabmap_msgs/rtabmap_msgs/srv/detail/get_map__rosidl_typesupport_fastrtps_cpp.hpp\n'}
[0.327714] (rtabmap_msgs) StdoutLine: {'line': b'-- Up-to-date symlink: /home/brace/codeSpace/navi/install/rtabmap_msgs/include/rtabmap_msgs/rtabmap_msgs/srv/detail/get_node_data__rosidl_typesupport_fastrtps_cpp.hpp\n'}
[0.327746] (rtabmap_msgs) StdoutLine: {'line': b'-- Up-to-date symlink: /home/brace/codeSpace/navi/install/rtabmap_msgs/include/rtabmap_msgs/rtabmap_msgs/srv/detail/get_nodes_in_radius__rosidl_typesupport_fastrtps_cpp.hpp\n'}
[0.327776] (rtabmap_msgs) StdoutLine: {'line': b'-- Up-to-date symlink: /home/brace/codeSpace/navi/install/rtabmap_msgs/include/rtabmap_msgs/rtabmap_msgs/srv/detail/get_plan__rosidl_typesupport_fastrtps_cpp.hpp\n'}
[0.327805] (rtabmap_msgs) StdoutLine: {'line': b'-- Up-to-date symlink: /home/brace/codeSpace/navi/install/rtabmap_msgs/include/rtabmap_msgs/rtabmap_msgs/srv/detail/global_bundle_adjustment__rosidl_typesupport_fastrtps_cpp.hpp\n'}
[0.327835] (rtabmap_msgs) StdoutLine: {'line': b'-- Up-to-date symlink: /home/brace/codeSpace/navi/install/rtabmap_msgs/include/rtabmap_msgs/rtabmap_msgs/srv/detail/list_labels__rosidl_typesupport_fastrtps_cpp.hpp\n'}
[0.327882] (rtabmap_msgs) StdoutLine: {'line': b'-- Up-to-date symlink: /home/brace/codeSpace/navi/install/rtabmap_msgs/include/rtabmap_msgs/rtabmap_msgs/srv/detail/load_database__rosidl_typesupport_fastrtps_cpp.hpp\n'}
[0.327912] (rtabmap_msgs) StdoutLine: {'line': b'-- Up-to-date symlink: /home/brace/codeSpace/navi/install/rtabmap_msgs/include/rtabmap_msgs/rtabmap_msgs/srv/detail/publish_map__rosidl_typesupport_fastrtps_cpp.hpp\n'}
[0.327943] (rtabmap_msgs) StdoutLine: {'line': b'-- Up-to-date symlink: /home/brace/codeSpace/navi/install/rtabmap_msgs/include/rtabmap_msgs/rtabmap_msgs/srv/detail/remove_label__rosidl_typesupport_fastrtps_cpp.hpp\n'}
[0.327974] (rtabmap_msgs) StdoutLine: {'line': b'-- Up-to-date symlink: /home/brace/codeSpace/navi/install/rtabmap_msgs/include/rtabmap_msgs/rtabmap_msgs/srv/detail/reset_pose__rosidl_typesupport_fastrtps_cpp.hpp\n'}
[0.328004] (rtabmap_msgs) StdoutLine: {'line': b'-- Up-to-date symlink: /home/brace/codeSpace/navi/install/rtabmap_msgs/include/rtabmap_msgs/rtabmap_msgs/srv/detail/set_goal__rosidl_typesupport_fastrtps_cpp.hpp\n'}
[0.328036] (rtabmap_msgs) StdoutLine: {'line': b'-- Up-to-date symlink: /home/brace/codeSpace/navi/install/rtabmap_msgs/include/rtabmap_msgs/rtabmap_msgs/srv/detail/set_label__rosidl_typesupport_fastrtps_cpp.hpp\n'}
[0.328066] (rtabmap_msgs) StdoutLine: {'line': b'-- Up-to-date symlink: /home/brace/codeSpace/navi/install/rtabmap_msgs/include/rtabmap_msgs/rtabmap_msgs/msg/detail/camera_model__rosidl_typesupport_introspection_cpp.hpp\n'}
[0.328096] (rtabmap_msgs) StdoutLine: {'line': b'-- Up-to-date symlink: /home/brace/codeSpace/navi/install/rtabmap_msgs/include/rtabmap_msgs/rtabmap_msgs/msg/detail/camera_models__rosidl_typesupport_introspection_cpp.hpp\n'}
[0.328126] (rtabmap_msgs) StdoutLine: {'line': b'-- Up-to-date symlink: /home/brace/codeSpace/navi/install/rtabmap_msgs/include/rtabmap_msgs/rtabmap_msgs/msg/detail/env_sensor__rosidl_typesupport_introspection_cpp.hpp\n'}
[0.328156] (rtabmap_msgs) StdoutLine: {'line': b'-- Up-to-date symlink: /home/brace/codeSpace/navi/install/rtabmap_msgs/include/rtabmap_msgs/rtabmap_msgs/msg/detail/global_descriptor__rosidl_typesupport_introspection_cpp.hpp\n'}
[0.328187] (rtabmap_msgs) StdoutLine: {'line': b'-- Up-to-date symlink: /home/brace/codeSpace/navi/install/rtabmap_msgs/include/rtabmap_msgs/rtabmap_msgs/msg/detail/goal__rosidl_typesupport_introspection_cpp.hpp\n'}
[0.328216] (rtabmap_msgs) StdoutLine: {'line': b'-- Up-to-date symlink: /home/brace/codeSpace/navi/install/rtabmap_msgs/include/rtabmap_msgs/rtabmap_msgs/msg/detail/gps__rosidl_typesupport_introspection_cpp.hpp\n'}
[0.328245] (rtabmap_msgs) StdoutLine: {'line': b'-- Up-to-date symlink: /home/brace/codeSpace/navi/install/rtabmap_msgs/include/rtabmap_msgs/rtabmap_msgs/msg/detail/info__rosidl_typesupport_introspection_cpp.hpp\n'}
[0.328275] (rtabmap_msgs) StdoutLine: {'line': b'-- Up-to-date symlink: /home/brace/codeSpace/navi/install/rtabmap_msgs/include/rtabmap_msgs/rtabmap_msgs/msg/detail/key_point__rosidl_typesupport_introspection_cpp.hpp\n'}
[0.328305] (rtabmap_msgs) StdoutLine: {'line': b'-- Up-to-date symlink: /home/brace/codeSpace/navi/install/rtabmap_msgs/include/rtabmap_msgs/rtabmap_msgs/msg/detail/landmark_detection__rosidl_typesupport_introspection_cpp.hpp\n'}
[0.328334] (rtabmap_msgs) StdoutLine: {'line': b'-- Up-to-date symlink: /home/brace/codeSpace/navi/install/rtabmap_msgs/include/rtabmap_msgs/rtabmap_msgs/msg/detail/landmark_detections__rosidl_typesupport_introspection_cpp.hpp\n'}
[0.328364] (rtabmap_msgs) StdoutLine: {'line': b'-- Up-to-date symlink: /home/brace/codeSpace/navi/install/rtabmap_msgs/include/rtabmap_msgs/rtabmap_msgs/msg/detail/link__rosidl_typesupport_introspection_cpp.hpp\n'}
[0.328394] (rtabmap_msgs) StdoutLine: {'line': b'-- Up-to-date symlink: /home/brace/codeSpace/navi/install/rtabmap_msgs/include/rtabmap_msgs/rtabmap_msgs/msg/detail/map_data__rosidl_typesupport_introspection_cpp.hpp\n'}
[0.328423] (rtabmap_msgs) StdoutLine: {'line': b'-- Up-to-date symlink: /home/brace/codeSpace/navi/install/rtabmap_msgs/include/rtabmap_msgs/rtabmap_msgs/msg/detail/map_graph__rosidl_typesupport_introspection_cpp.hpp\n'}
[0.328452] (rtabmap_msgs) StdoutLine: {'line': b'-- Up-to-date symlink: /home/brace/codeSpace/navi/install/rtabmap_msgs/include/rtabmap_msgs/rtabmap_msgs/msg/detail/node__rosidl_typesupport_introspection_cpp.hpp\n'}
[0.328482] (rtabmap_msgs) StdoutLine: {'line': b'-- Up-to-date symlink: /home/brace/codeSpace/navi/install/rtabmap_msgs/include/rtabmap_msgs/rtabmap_msgs/msg/detail/odom_info__rosidl_typesupport_introspection_cpp.hpp\n'}
[0.328512] (rtabmap_msgs) StdoutLine: {'line': b'-- Up-to-date symlink: /home/brace/codeSpace/navi/install/rtabmap_msgs/include/rtabmap_msgs/rtabmap_msgs/msg/detail/path__rosidl_typesupport_introspection_cpp.hpp\n'}
[0.328542] (rtabmap_msgs) StdoutLine: {'line': b'-- Up-to-date symlink: /home/brace/codeSpace/navi/install/rtabmap_msgs/include/rtabmap_msgs/rtabmap_msgs/msg/detail/point2f__rosidl_typesupport_introspection_cpp.hpp\n'}
[0.328579] (rtabmap_msgs) StdoutLine: {'line': b'-- Up-to-date symlink: /home/brace/codeSpace/navi/install/rtabmap_msgs/include/rtabmap_msgs/rtabmap_msgs/msg/detail/point3f__rosidl_typesupport_introspection_cpp.hpp\n'}
[0.328611] (rtabmap_msgs) StdoutLine: {'line': b'-- Up-to-date symlink: /home/brace/codeSpace/navi/install/rtabmap_msgs/include/rtabmap_msgs/rtabmap_msgs/msg/detail/rgbd_image__rosidl_typesupport_introspection_cpp.hpp\n'}
[0.328642] (rtabmap_msgs) StdoutLine: {'line': b'-- Up-to-date symlink: /home/brace/codeSpace/navi/install/rtabmap_msgs/include/rtabmap_msgs/rtabmap_msgs/msg/detail/rgbd_images__rosidl_typesupport_introspection_cpp.hpp\n'}
[0.328672] (rtabmap_msgs) StdoutLine: {'line': b'-- Up-to-date symlink: /home/brace/codeSpace/navi/install/rtabmap_msgs/include/rtabmap_msgs/rtabmap_msgs/msg/detail/scan_descriptor__rosidl_typesupport_introspection_cpp.hpp\n'}
[0.328702] (rtabmap_msgs) StdoutLine: {'line': b'-- Up-to-date symlink: /home/brace/codeSpace/navi/install/rtabmap_msgs/include/rtabmap_msgs/rtabmap_msgs/msg/detail/sensor_data__rosidl_typesupport_introspection_cpp.hpp\n'}
[0.328783] (rtabmap_msgs) StdoutLine: {'line': b'-- Up-to-date symlink: /home/brace/codeSpace/navi/install/rtabmap_msgs/include/rtabmap_msgs/rtabmap_msgs/msg/detail/user_data__rosidl_typesupport_introspection_cpp.hpp\n'}
[0.328815] (rtabmap_msgs) StdoutLine: {'line': b'-- Up-to-date symlink: /home/brace/codeSpace/navi/install/rtabmap_msgs/include/rtabmap_msgs/rtabmap_msgs/srv/detail/add_link__rosidl_typesupport_introspection_cpp.hpp\n'}
[0.328846] (rtabmap_msgs) StdoutLine: {'line': b'-- Up-to-date symlink: /home/brace/codeSpace/navi/install/rtabmap_msgs/include/rtabmap_msgs/rtabmap_msgs/srv/detail/cleanup_local_grids__rosidl_typesupport_introspection_cpp.hpp\n'}
[0.328876] (rtabmap_msgs) StdoutLine: {'line': b'-- Up-to-date symlink: /home/brace/codeSpace/navi/install/rtabmap_msgs/include/rtabmap_msgs/rtabmap_msgs/srv/detail/detect_more_loop_closures__rosidl_typesupport_introspection_cpp.hpp\n'}
[0.328960] (rtabmap_msgs) StdoutLine: {'line': b'-- Up-to-date symlink: /home/brace/codeSpace/navi/install/rtabmap_msgs/include/rtabmap_msgs/rtabmap_msgs/srv/detail/get_map2__rosidl_typesupport_introspection_cpp.hpp\n'}
[0.328991] (rtabmap_msgs) StdoutLine: {'line': b'-- Up-to-date symlink: /home/brace/codeSpace/navi/install/rtabmap_msgs/include/rtabmap_msgs/rtabmap_msgs/srv/detail/get_map__rosidl_typesupport_introspection_cpp.hpp\n'}
[0.329021] (rtabmap_msgs) StdoutLine: {'line': b'-- Up-to-date symlink: /home/brace/codeSpace/navi/install/rtabmap_msgs/include/rtabmap_msgs/rtabmap_msgs/srv/detail/get_node_data__rosidl_typesupport_introspection_cpp.hpp\n'}
[0.329051] (rtabmap_msgs) StdoutLine: {'line': b'-- Up-to-date symlink: /home/brace/codeSpace/navi/install/rtabmap_msgs/include/rtabmap_msgs/rtabmap_msgs/srv/detail/get_nodes_in_radius__rosidl_typesupport_introspection_cpp.hpp\n'}
[0.329080] (rtabmap_msgs) StdoutLine: {'line': b'-- Up-to-date symlink: /home/brace/codeSpace/navi/install/rtabmap_msgs/include/rtabmap_msgs/rtabmap_msgs/srv/detail/get_plan__rosidl_typesupport_introspection_cpp.hpp\n'}
[0.329111] (rtabmap_msgs) StdoutLine: {'line': b'-- Up-to-date symlink: /home/brace/codeSpace/navi/install/rtabmap_msgs/include/rtabmap_msgs/rtabmap_msgs/srv/detail/global_bundle_adjustment__rosidl_typesupport_introspection_cpp.hpp\n'}
[0.329140] (rtabmap_msgs) StdoutLine: {'line': b'-- Up-to-date symlink: /home/brace/codeSpace/navi/install/rtabmap_msgs/include/rtabmap_msgs/rtabmap_msgs/srv/detail/list_labels__rosidl_typesupport_introspection_cpp.hpp\n'}
[0.329188] (rtabmap_msgs) StdoutLine: {'line': b'-- Up-to-date symlink: /home/brace/codeSpace/navi/install/rtabmap_msgs/include/rtabmap_msgs/rtabmap_msgs/srv/detail/load_database__rosidl_typesupport_introspection_cpp.hpp\n'}
[0.329219] (rtabmap_msgs) StdoutLine: {'line': b'-- Up-to-date symlink: /home/brace/codeSpace/navi/install/rtabmap_msgs/include/rtabmap_msgs/rtabmap_msgs/srv/detail/publish_map__rosidl_typesupport_introspection_cpp.hpp\n'}
[0.329250] (rtabmap_msgs) StdoutLine: {'line': b'-- Up-to-date symlink: /home/brace/codeSpace/navi/install/rtabmap_msgs/include/rtabmap_msgs/rtabmap_msgs/srv/detail/remove_label__rosidl_typesupport_introspection_cpp.hpp\n'}
[0.329280] (rtabmap_msgs) StdoutLine: {'line': b'-- Up-to-date symlink: /home/brace/codeSpace/navi/install/rtabmap_msgs/include/rtabmap_msgs/rtabmap_msgs/srv/detail/reset_pose__rosidl_typesupport_introspection_cpp.hpp\n'}
[0.329310] (rtabmap_msgs) StdoutLine: {'line': b'-- Up-to-date symlink: /home/brace/codeSpace/navi/install/rtabmap_msgs/include/rtabmap_msgs/rtabmap_msgs/srv/detail/set_goal__rosidl_typesupport_introspection_cpp.hpp\n'}
[0.329339] (rtabmap_msgs) StdoutLine: {'line': b'-- Up-to-date symlink: /home/brace/codeSpace/navi/install/rtabmap_msgs/include/rtabmap_msgs/rtabmap_msgs/srv/detail/set_label__rosidl_typesupport_introspection_cpp.hpp\n'}
[0.329369] (rtabmap_msgs) StdoutLine: {'line': b'-- Up-to-date symlink: /home/brace/codeSpace/navi/install/rtabmap_msgs/share/rtabmap_msgs/environment/pythonpath.sh\n'}
[0.329454] (rtabmap_msgs) StdoutLine: {'line': b'-- Up-to-date symlink: /home/brace/codeSpace/navi/install/rtabmap_msgs/share/rtabmap_msgs/environment/pythonpath.dsv\n'}
[0.329484] (rtabmap_msgs) StdoutLine: {'line': b'-- Up-to-date symlink: /home/brace/codeSpace/navi/install/rtabmap_msgs/local/lib/python3.10/dist-packages/rtabmap_msgs-0.22.1-py3.10.egg-info/PKG-INFO\n'}
[0.329515] (rtabmap_msgs) StdoutLine: {'line': b'-- Up-to-date symlink: /home/brace/codeSpace/navi/install/rtabmap_msgs/local/lib/python3.10/dist-packages/rtabmap_msgs-0.22.1-py3.10.egg-info/SOURCES.txt\n'}
[0.329544] (rtabmap_msgs) StdoutLine: {'line': b'-- Up-to-date symlink: /home/brace/codeSpace/navi/install/rtabmap_msgs/local/lib/python3.10/dist-packages/rtabmap_msgs-0.22.1-py3.10.egg-info/dependency_links.txt\n'}
[0.329589] (rtabmap_msgs) StdoutLine: {'line': b'-- Up-to-date symlink: /home/brace/codeSpace/navi/install/rtabmap_msgs/local/lib/python3.10/dist-packages/rtabmap_msgs-0.22.1-py3.10.egg-info/top_level.txt\n'}
[0.329620] (rtabmap_msgs) StdoutLine: {'line': b'-- Up-to-date symlink: /home/brace/codeSpace/navi/install/rtabmap_msgs/local/lib/python3.10/dist-packages/rtabmap_msgs/__init__.py\n'}
[0.329665] (rtabmap_msgs) StdoutLine: {'line': b'-- Up-to-date symlink: /home/brace/codeSpace/navi/install/rtabmap_msgs/local/lib/python3.10/dist-packages/rtabmap_msgs/_rtabmap_msgs_s.ep.rosidl_typesupport_c.c\n'}
[0.329697] (rtabmap_msgs) StdoutLine: {'line': b'-- Up-to-date symlink: /home/brace/codeSpace/navi/install/rtabmap_msgs/local/lib/python3.10/dist-packages/rtabmap_msgs/_rtabmap_msgs_s.ep.rosidl_typesupport_fastrtps_c.c\n'}
[0.329749] (rtabmap_msgs) StdoutLine: {'line': b'-- Up-to-date symlink: /home/brace/codeSpace/navi/install/rtabmap_msgs/local/lib/python3.10/dist-packages/rtabmap_msgs/_rtabmap_msgs_s.ep.rosidl_typesupport_introspection_c.c\n'}
[0.329783] (rtabmap_msgs) StdoutLine: {'line': b'-- Up-to-date symlink: /home/brace/codeSpace/navi/install/rtabmap_msgs/local/lib/python3.10/dist-packages/rtabmap_msgs/librtabmap_msgs__rosidl_generator_py.so\n'}
[0.329827] (rtabmap_msgs) StdoutLine: {'line': b'-- Up-to-date symlink: /home/brace/codeSpace/navi/install/rtabmap_msgs/local/lib/python3.10/dist-packages/rtabmap_msgs/msg/__init__.py\n'}
[0.329858] (rtabmap_msgs) StdoutLine: {'line': b'-- Up-to-date symlink: /home/brace/codeSpace/navi/install/rtabmap_msgs/local/lib/python3.10/dist-packages/rtabmap_msgs/msg/_camera_model.py\n'}
[0.329888] (rtabmap_msgs) StdoutLine: {'line': b'-- Up-to-date symlink: /home/brace/codeSpace/navi/install/rtabmap_msgs/local/lib/python3.10/dist-packages/rtabmap_msgs/msg/_camera_model_s.c\n'}
[0.329923] (rtabmap_msgs) StdoutLine: {'line': b'-- Up-to-date symlink: /home/brace/codeSpace/navi/install/rtabmap_msgs/local/lib/python3.10/dist-packages/rtabmap_msgs/msg/_camera_models.py\n'}
[0.329970] (rtabmap_msgs) StdoutLine: {'line': b'-- Up-to-date symlink: /home/brace/codeSpace/navi/install/rtabmap_msgs/local/lib/python3.10/dist-packages/rtabmap_msgs/msg/_camera_models_s.c\n'}
[0.330000] (rtabmap_msgs) StdoutLine: {'line': b'-- Up-to-date symlink: /home/brace/codeSpace/navi/install/rtabmap_msgs/local/lib/python3.10/dist-packages/rtabmap_msgs/msg/_env_sensor.py\n'}
[0.330030] (rtabmap_msgs) StdoutLine: {'line': b'-- Up-to-date symlink: /home/brace/codeSpace/navi/install/rtabmap_msgs/local/lib/python3.10/dist-packages/rtabmap_msgs/msg/_env_sensor_s.c\n'}
[0.330060] (rtabmap_msgs) StdoutLine: {'line': b'-- Up-to-date symlink: /home/brace/codeSpace/navi/install/rtabmap_msgs/local/lib/python3.10/dist-packages/rtabmap_msgs/msg/_global_descriptor.py\n'}
[0.330090] (rtabmap_msgs) StdoutLine: {'line': b'-- Up-to-date symlink: /home/brace/codeSpace/navi/install/rtabmap_msgs/local/lib/python3.10/dist-packages/rtabmap_msgs/msg/_global_descriptor_s.c\n'}
[0.330119] (rtabmap_msgs) StdoutLine: {'line': b'-- Up-to-date symlink: /home/brace/codeSpace/navi/install/rtabmap_msgs/local/lib/python3.10/dist-packages/rtabmap_msgs/msg/_goal.py\n'}
[0.330150] (rtabmap_msgs) StdoutLine: {'line': b'-- Up-to-date symlink: /home/brace/codeSpace/navi/install/rtabmap_msgs/local/lib/python3.10/dist-packages/rtabmap_msgs/msg/_goal_s.c\n'}
[0.330180] (rtabmap_msgs) StdoutLine: {'line': b'-- Up-to-date symlink: /home/brace/codeSpace/navi/install/rtabmap_msgs/local/lib/python3.10/dist-packages/rtabmap_msgs/msg/_gps.py\n'}
[0.330209] (rtabmap_msgs) StdoutLine: {'line': b'-- Up-to-date symlink: /home/brace/codeSpace/navi/install/rtabmap_msgs/local/lib/python3.10/dist-packages/rtabmap_msgs/msg/_gps_s.c\n'}
[0.330239] (rtabmap_msgs) StdoutLine: {'line': b'-- Up-to-date symlink: /home/brace/codeSpace/navi/install/rtabmap_msgs/local/lib/python3.10/dist-packages/rtabmap_msgs/msg/_info.py\n'}
[0.330269] (rtabmap_msgs) StdoutLine: {'line': b'-- Up-to-date symlink: /home/brace/codeSpace/navi/install/rtabmap_msgs/local/lib/python3.10/dist-packages/rtabmap_msgs/msg/_info_s.c\n'}
[0.330316] (rtabmap_msgs) StdoutLine: {'line': b'-- Up-to-date symlink: /home/brace/codeSpace/navi/install/rtabmap_msgs/local/lib/python3.10/dist-packages/rtabmap_msgs/msg/_key_point.py\n'}
[0.330347] (rtabmap_msgs) StdoutLine: {'line': b'-- Up-to-date symlink: /home/brace/codeSpace/navi/install/rtabmap_msgs/local/lib/python3.10/dist-packages/rtabmap_msgs/msg/_key_point_s.c\n'}
[0.330378] (rtabmap_msgs) StdoutLine: {'line': b'-- Up-to-date symlink: /home/brace/codeSpace/navi/install/rtabmap_msgs/local/lib/python3.10/dist-packages/rtabmap_msgs/msg/_landmark_detection.py\n'}
[0.330408] (rtabmap_msgs) StdoutLine: {'line': b'-- Up-to-date symlink: /home/brace/codeSpace/navi/install/rtabmap_msgs/local/lib/python3.10/dist-packages/rtabmap_msgs/msg/_landmark_detection_s.c\n'}
[0.330437] (rtabmap_msgs) StdoutLine: {'line': b'-- Up-to-date symlink: /home/brace/codeSpace/navi/install/rtabmap_msgs/local/lib/python3.10/dist-packages/rtabmap_msgs/msg/_landmark_detections.py\n'}
[0.330467] (rtabmap_msgs) StdoutLine: {'line': b'-- Up-to-date symlink: /home/brace/codeSpace/navi/install/rtabmap_msgs/local/lib/python3.10/dist-packages/rtabmap_msgs/msg/_landmark_detections_s.c\n'}
[0.330497] (rtabmap_msgs) StdoutLine: {'line': b'-- Up-to-date symlink: /home/brace/codeSpace/navi/install/rtabmap_msgs/local/lib/python3.10/dist-packages/rtabmap_msgs/msg/_link.py\n'}
[0.330527] (rtabmap_msgs) StdoutLine: {'line': b'-- Up-to-date symlink: /home/brace/codeSpace/navi/install/rtabmap_msgs/local/lib/python3.10/dist-packages/rtabmap_msgs/msg/_link_s.c\n'}
[0.330556] (rtabmap_msgs) StdoutLine: {'line': b'-- Up-to-date symlink: /home/brace/codeSpace/navi/install/rtabmap_msgs/local/lib/python3.10/dist-packages/rtabmap_msgs/msg/_map_data.py\n'}
[0.330594] (rtabmap_msgs) StdoutLine: {'line': b'-- Up-to-date symlink: /home/brace/codeSpace/navi/install/rtabmap_msgs/local/lib/python3.10/dist-packages/rtabmap_msgs/msg/_map_data_s.c\n'}
[0.330625] (rtabmap_msgs) StdoutLine: {'line': b'-- Up-to-date symlink: /home/brace/codeSpace/navi/install/rtabmap_msgs/local/lib/python3.10/dist-packages/rtabmap_msgs/msg/_map_graph.py\n'}
[0.330654] (rtabmap_msgs) StdoutLine: {'line': b'-- Up-to-date symlink: /home/brace/codeSpace/navi/install/rtabmap_msgs/local/lib/python3.10/dist-packages/rtabmap_msgs/msg/_map_graph_s.c\n'}
[0.330684] (rtabmap_msgs) StdoutLine: {'line': b'-- Up-to-date symlink: /home/brace/codeSpace/navi/install/rtabmap_msgs/local/lib/python3.10/dist-packages/rtabmap_msgs/msg/_node.py\n'}
[0.330715] (rtabmap_msgs) StdoutLine: {'line': b'-- Up-to-date symlink: /home/brace/codeSpace/navi/install/rtabmap_msgs/local/lib/python3.10/dist-packages/rtabmap_msgs/msg/_node_s.c\n'}
[0.330745] (rtabmap_msgs) StdoutLine: {'line': b'-- Up-to-date symlink: /home/brace/codeSpace/navi/install/rtabmap_msgs/local/lib/python3.10/dist-packages/rtabmap_msgs/msg/_odom_info.py\n'}
[0.330775] (rtabmap_msgs) StdoutLine: {'line': b'-- Up-to-date symlink: /home/brace/codeSpace/navi/install/rtabmap_msgs/local/lib/python3.10/dist-packages/rtabmap_msgs/msg/_odom_info_s.c\n'}
[0.330805] (rtabmap_msgs) StdoutLine: {'line': b'-- Up-to-date symlink: /home/brace/codeSpace/navi/install/rtabmap_msgs/local/lib/python3.10/dist-packages/rtabmap_msgs/msg/_path.py\n'}
[0.330834] (rtabmap_msgs) StdoutLine: {'line': b'-- Up-to-date symlink: /home/brace/codeSpace/navi/install/rtabmap_msgs/local/lib/python3.10/dist-packages/rtabmap_msgs/msg/_path_s.c\n'}
[0.330867] (rtabmap_msgs) StdoutLine: {'line': b'-- Up-to-date symlink: /home/brace/codeSpace/navi/install/rtabmap_msgs/local/lib/python3.10/dist-packages/rtabmap_msgs/msg/_point2f.py\n'}
[0.330897] (rtabmap_msgs) StdoutLine: {'line': b'-- Up-to-date symlink: /home/brace/codeSpace/navi/install/rtabmap_msgs/local/lib/python3.10/dist-packages/rtabmap_msgs/msg/_point2f_s.c\n'}
[0.330926] (rtabmap_msgs) StdoutLine: {'line': b'-- Up-to-date symlink: /home/brace/codeSpace/navi/install/rtabmap_msgs/local/lib/python3.10/dist-packages/rtabmap_msgs/msg/_point3f.py\n'}
[0.330956] (rtabmap_msgs) StdoutLine: {'line': b'-- Up-to-date symlink: /home/brace/codeSpace/navi/install/rtabmap_msgs/local/lib/python3.10/dist-packages/rtabmap_msgs/msg/_point3f_s.c\n'}
[0.331007] (rtabmap_msgs) StdoutLine: {'line': b'-- Up-to-date symlink: /home/brace/codeSpace/navi/install/rtabmap_msgs/local/lib/python3.10/dist-packages/rtabmap_msgs/msg/_rgbd_image.py\n'}
[0.331037] (rtabmap_msgs) StdoutLine: {'line': b'-- Up-to-date symlink: /home/brace/codeSpace/navi/install/rtabmap_msgs/local/lib/python3.10/dist-packages/rtabmap_msgs/msg/_rgbd_image_s.c\n'}
[0.331101] (rtabmap_msgs) StdoutLine: {'line': b'-- Up-to-date symlink: /home/brace/codeSpace/navi/install/rtabmap_msgs/local/lib/python3.10/dist-packages/rtabmap_msgs/msg/_rgbd_images.py\n'}
[0.331154] (rtabmap_msgs) StdoutLine: {'line': b'-- Up-to-date symlink: /home/brace/codeSpace/navi/install/rtabmap_msgs/local/lib/python3.10/dist-packages/rtabmap_msgs/msg/_rgbd_images_s.c\n'}
[0.331181] (rtabmap_msgs) StdoutLine: {'line': b'-- Up-to-date symlink: /home/brace/codeSpace/navi/install/rtabmap_msgs/local/lib/python3.10/dist-packages/rtabmap_msgs/msg/_scan_descriptor.py\n'}
[0.331221] (rtabmap_msgs) StdoutLine: {'line': b'-- Up-to-date symlink: /home/brace/codeSpace/navi/install/rtabmap_msgs/local/lib/python3.10/dist-packages/rtabmap_msgs/msg/_scan_descriptor_s.c\n'}
[0.331248] (rtabmap_msgs) StdoutLine: {'line': b'-- Up-to-date symlink: /home/brace/codeSpace/navi/install/rtabmap_msgs/local/lib/python3.10/dist-packages/rtabmap_msgs/msg/_sensor_data.py\n'}
[0.331277] (rtabmap_msgs) StdoutLine: {'line': b'-- Up-to-date symlink: /home/brace/codeSpace/navi/install/rtabmap_msgs/local/lib/python3.10/dist-packages/rtabmap_msgs/msg/_sensor_data_s.c\n'}
[0.331306] (rtabmap_msgs) StdoutLine: {'line': b'-- Up-to-date symlink: /home/brace/codeSpace/navi/install/rtabmap_msgs/local/lib/python3.10/dist-packages/rtabmap_msgs/msg/_user_data.py\n'}
[0.331337] (rtabmap_msgs) StdoutLine: {'line': b'-- Up-to-date symlink: /home/brace/codeSpace/navi/install/rtabmap_msgs/local/lib/python3.10/dist-packages/rtabmap_msgs/msg/_user_data_s.c\n'}
[0.331366] (rtabmap_msgs) StdoutLine: {'line': b'-- Up-to-date symlink: /home/brace/codeSpace/navi/install/rtabmap_msgs/local/lib/python3.10/dist-packages/rtabmap_msgs/rtabmap_msgs_s__rosidl_typesupport_c.cpython-310-x86_64-linux-gnu.so\n'}
[0.331397] (rtabmap_msgs) StdoutLine: {'line': b'-- Up-to-date symlink: /home/brace/codeSpace/navi/install/rtabmap_msgs/local/lib/python3.10/dist-packages/rtabmap_msgs/rtabmap_msgs_s__rosidl_typesupport_fastrtps_c.cpython-310-x86_64-linux-gnu.so\n'}
[0.331428] (rtabmap_msgs) StdoutLine: {'line': b'-- Up-to-date symlink: /home/brace/codeSpace/navi/install/rtabmap_msgs/local/lib/python3.10/dist-packages/rtabmap_msgs/rtabmap_msgs_s__rosidl_typesupport_introspection_c.cpython-310-x86_64-linux-gnu.so\n'}
[0.331458] (rtabmap_msgs) StdoutLine: {'line': b'-- Up-to-date symlink: /home/brace/codeSpace/navi/install/rtabmap_msgs/local/lib/python3.10/dist-packages/rtabmap_msgs/srv/__init__.py\n'}
[0.331488] (rtabmap_msgs) StdoutLine: {'line': b'-- Up-to-date symlink: /home/brace/codeSpace/navi/install/rtabmap_msgs/local/lib/python3.10/dist-packages/rtabmap_msgs/srv/_add_link.py\n'}
[0.331518] (rtabmap_msgs) StdoutLine: {'line': b'-- Up-to-date symlink: /home/brace/codeSpace/navi/install/rtabmap_msgs/local/lib/python3.10/dist-packages/rtabmap_msgs/srv/_add_link_s.c\n'}
[0.331562] (rtabmap_msgs) StdoutLine: {'line': b'-- Up-to-date symlink: /home/brace/codeSpace/navi/install/rtabmap_msgs/local/lib/python3.10/dist-packages/rtabmap_msgs/srv/_cleanup_local_grids.py\n'}
[0.331597] (rtabmap_msgs) StdoutLine: {'line': b'-- Up-to-date symlink: /home/brace/codeSpace/navi/install/rtabmap_msgs/local/lib/python3.10/dist-packages/rtabmap_msgs/srv/_cleanup_local_grids_s.c\n'}
[0.331628] (rtabmap_msgs) StdoutLine: {'line': b'-- Up-to-date symlink: /home/brace/codeSpace/navi/install/rtabmap_msgs/local/lib/python3.10/dist-packages/rtabmap_msgs/srv/_detect_more_loop_closures.py\n'}
[0.331660] (rtabmap_msgs) StdoutLine: {'line': b'-- Up-to-date symlink: /home/brace/codeSpace/navi/install/rtabmap_msgs/local/lib/python3.10/dist-packages/rtabmap_msgs/srv/_detect_more_loop_closures_s.c\n'}
[0.331690] (rtabmap_msgs) StdoutLine: {'line': b'-- Up-to-date symlink: /home/brace/codeSpace/navi/install/rtabmap_msgs/local/lib/python3.10/dist-packages/rtabmap_msgs/srv/_get_map.py\n'}
[0.331719] (rtabmap_msgs) StdoutLine: {'line': b'-- Up-to-date symlink: /home/brace/codeSpace/navi/install/rtabmap_msgs/local/lib/python3.10/dist-packages/rtabmap_msgs/srv/_get_map2.py\n'}
[0.331749] (rtabmap_msgs) StdoutLine: {'line': b'-- Up-to-date symlink: /home/brace/codeSpace/navi/install/rtabmap_msgs/local/lib/python3.10/dist-packages/rtabmap_msgs/srv/_get_map2_s.c\n'}
[0.331778] (rtabmap_msgs) StdoutLine: {'line': b'-- Up-to-date symlink: /home/brace/codeSpace/navi/install/rtabmap_msgs/local/lib/python3.10/dist-packages/rtabmap_msgs/srv/_get_map_s.c\n'}
[0.331807] (rtabmap_msgs) StdoutLine: {'line': b'-- Up-to-date symlink: /home/brace/codeSpace/navi/install/rtabmap_msgs/local/lib/python3.10/dist-packages/rtabmap_msgs/srv/_get_node_data.py\n'}
[0.331837] (rtabmap_msgs) StdoutLine: {'line': b'-- Up-to-date symlink: /home/brace/codeSpace/navi/install/rtabmap_msgs/local/lib/python3.10/dist-packages/rtabmap_msgs/srv/_get_node_data_s.c\n'}
[0.331866] (rtabmap_msgs) StdoutLine: {'line': b'-- Up-to-date symlink: /home/brace/codeSpace/navi/install/rtabmap_msgs/local/lib/python3.10/dist-packages/rtabmap_msgs/srv/_get_nodes_in_radius.py\n'}
[0.331896] (rtabmap_msgs) StdoutLine: {'line': b'-- Up-to-date symlink: /home/brace/codeSpace/navi/install/rtabmap_msgs/local/lib/python3.10/dist-packages/rtabmap_msgs/srv/_get_nodes_in_radius_s.c\n'}
[0.331925] (rtabmap_msgs) StdoutLine: {'line': b'-- Up-to-date symlink: /home/brace/codeSpace/navi/install/rtabmap_msgs/local/lib/python3.10/dist-packages/rtabmap_msgs/srv/_get_plan.py\n'}
[0.331954] (rtabmap_msgs) StdoutLine: {'line': b'-- Up-to-date symlink: /home/brace/codeSpace/navi/install/rtabmap_msgs/local/lib/python3.10/dist-packages/rtabmap_msgs/srv/_get_plan_s.c\n'}
[0.331984] (rtabmap_msgs) StdoutLine: {'line': b'-- Up-to-date symlink: /home/brace/codeSpace/navi/install/rtabmap_msgs/local/lib/python3.10/dist-packages/rtabmap_msgs/srv/_global_bundle_adjustment.py\n'}
[0.332013] (rtabmap_msgs) StdoutLine: {'line': b'-- Up-to-date symlink: /home/brace/codeSpace/navi/install/rtabmap_msgs/local/lib/python3.10/dist-packages/rtabmap_msgs/srv/_global_bundle_adjustment_s.c\n'}
[0.332064] (rtabmap_msgs) StdoutLine: {'line': b'-- Up-to-date symlink: /home/brace/codeSpace/navi/install/rtabmap_msgs/local/lib/python3.10/dist-packages/rtabmap_msgs/srv/_list_labels.py\n'}
[0.332135] (rtabmap_msgs) StdoutLine: {'line': b'-- Up-to-date symlink: /home/brace/codeSpace/navi/install/rtabmap_msgs/local/lib/python3.10/dist-packages/rtabmap_msgs/srv/_list_labels_s.c\n'}
[0.332162] (rtabmap_msgs) StdoutLine: {'line': b'-- Up-to-date symlink: /home/brace/codeSpace/navi/install/rtabmap_msgs/local/lib/python3.10/dist-packages/rtabmap_msgs/srv/_load_database.py\n'}
[0.332203] (rtabmap_msgs) StdoutLine: {'line': b'-- Up-to-date symlink: /home/brace/codeSpace/navi/install/rtabmap_msgs/local/lib/python3.10/dist-packages/rtabmap_msgs/srv/_load_database_s.c\n'}
[0.332230] (rtabmap_msgs) StdoutLine: {'line': b'-- Up-to-date symlink: /home/brace/codeSpace/navi/install/rtabmap_msgs/local/lib/python3.10/dist-packages/rtabmap_msgs/srv/_publish_map.py\n'}
[0.332274] (rtabmap_msgs) StdoutLine: {'line': b'-- Up-to-date symlink: /home/brace/codeSpace/navi/install/rtabmap_msgs/local/lib/python3.10/dist-packages/rtabmap_msgs/srv/_publish_map_s.c\n'}
[0.332301] (rtabmap_msgs) StdoutLine: {'line': b'-- Up-to-date symlink: /home/brace/codeSpace/navi/install/rtabmap_msgs/local/lib/python3.10/dist-packages/rtabmap_msgs/srv/_remove_label.py\n'}
[0.332330] (rtabmap_msgs) StdoutLine: {'line': b'-- Up-to-date symlink: /home/brace/codeSpace/navi/install/rtabmap_msgs/local/lib/python3.10/dist-packages/rtabmap_msgs/srv/_remove_label_s.c\n'}
[0.332371] (rtabmap_msgs) StdoutLine: {'line': b'-- Up-to-date symlink: /home/brace/codeSpace/navi/install/rtabmap_msgs/local/lib/python3.10/dist-packages/rtabmap_msgs/srv/_reset_pose.py\n'}
[0.332412] (rtabmap_msgs) StdoutLine: {'line': b'-- Up-to-date symlink: /home/brace/codeSpace/navi/install/rtabmap_msgs/local/lib/python3.10/dist-packages/rtabmap_msgs/srv/_reset_pose_s.c\n'}
[0.332440] (rtabmap_msgs) StdoutLine: {'line': b'-- Up-to-date symlink: /home/brace/codeSpace/navi/install/rtabmap_msgs/local/lib/python3.10/dist-packages/rtabmap_msgs/srv/_set_goal.py\n'}
[0.332469] (rtabmap_msgs) StdoutLine: {'line': b'-- Up-to-date symlink: /home/brace/codeSpace/navi/install/rtabmap_msgs/local/lib/python3.10/dist-packages/rtabmap_msgs/srv/_set_goal_s.c\n'}
[0.332499] (rtabmap_msgs) StdoutLine: {'line': b'-- Up-to-date symlink: /home/brace/codeSpace/navi/install/rtabmap_msgs/local/lib/python3.10/dist-packages/rtabmap_msgs/srv/_set_label.py\n'}
[0.332529] (rtabmap_msgs) StdoutLine: {'line': b'-- Up-to-date symlink: /home/brace/codeSpace/navi/install/rtabmap_msgs/local/lib/python3.10/dist-packages/rtabmap_msgs/srv/_set_label_s.c\n'}
[0.332558] (rtabmap_msgs) StdoutLine: {'line': b'-- Up-to-date symlink: /home/brace/codeSpace/navi/install/rtabmap_msgs/local/lib/python3.10/dist-packages/rtabmap_msgs/rtabmap_msgs_s__rosidl_typesupport_fastrtps_c.cpython-310-x86_64-linux-gnu.so\n'}
[0.332593] (rtabmap_msgs) StdoutLine: {'line': b'-- Up-to-date symlink: /home/brace/codeSpace/navi/install/rtabmap_msgs/local/lib/python3.10/dist-packages/rtabmap_msgs/rtabmap_msgs_s__rosidl_typesupport_introspection_c.cpython-310-x86_64-linux-gnu.so\n'}
[0.332664] (rtabmap_msgs) StdoutLine: {'line': b'-- Up-to-date symlink: /home/brace/codeSpace/navi/install/rtabmap_msgs/local/lib/python3.10/dist-packages/rtabmap_msgs/rtabmap_msgs_s__rosidl_typesupport_c.cpython-310-x86_64-linux-gnu.so\n'}
[0.332693] (rtabmap_msgs) StdoutLine: {'line': b'-- Up-to-date symlink: /home/brace/codeSpace/navi/install/rtabmap_msgs/share/rtabmap_msgs/msg/Info.idl\n'}
[0.332723] (rtabmap_msgs) StdoutLine: {'line': b'-- Up-to-date symlink: /home/brace/codeSpace/navi/install/rtabmap_msgs/share/rtabmap_msgs/msg/KeyPoint.idl\n'}
[0.332752] (rtabmap_msgs) StdoutLine: {'line': b'-- Up-to-date symlink: /home/brace/codeSpace/navi/install/rtabmap_msgs/share/rtabmap_msgs/msg/GlobalDescriptor.idl\n'}
[0.332781] (rtabmap_msgs) StdoutLine: {'line': b'-- Up-to-date symlink: /home/brace/codeSpace/navi/install/rtabmap_msgs/share/rtabmap_msgs/msg/ScanDescriptor.idl\n'}
[0.332812] (rtabmap_msgs) StdoutLine: {'line': b'-- Up-to-date symlink: /home/brace/codeSpace/navi/install/rtabmap_msgs/share/rtabmap_msgs/msg/MapData.idl\n'}
[0.332840] (rtabmap_msgs) StdoutLine: {'line': b'-- Up-to-date symlink: /home/brace/codeSpace/navi/install/rtabmap_msgs/share/rtabmap_msgs/msg/MapGraph.idl\n'}
[0.332868] (rtabmap_msgs) StdoutLine: {'line': b'-- Up-to-date symlink: /home/brace/codeSpace/navi/install/rtabmap_msgs/share/rtabmap_msgs/msg/Node.idl\n'}
[0.332897] (rtabmap_msgs) StdoutLine: {'line': b'-- Up-to-date symlink: /home/brace/codeSpace/navi/install/rtabmap_msgs/share/rtabmap_msgs/msg/SensorData.idl\n'}
[0.332925] (rtabmap_msgs) StdoutLine: {'line': b'-- Up-to-date symlink: /home/brace/codeSpace/navi/install/rtabmap_msgs/share/rtabmap_msgs/msg/Link.idl\n'}
[0.332953] (rtabmap_msgs) StdoutLine: {'line': b'-- Up-to-date symlink: /home/brace/codeSpace/navi/install/rtabmap_msgs/share/rtabmap_msgs/msg/LandmarkDetection.idl\n'}
[0.333012] (rtabmap_msgs) StdoutLine: {'line': b'-- Up-to-date symlink: /home/brace/codeSpace/navi/install/rtabmap_msgs/share/rtabmap_msgs/msg/LandmarkDetections.idl\n'}
[0.333040] (rtabmap_msgs) StdoutLine: {'line': b'-- Up-to-date symlink: /home/brace/codeSpace/navi/install/rtabmap_msgs/share/rtabmap_msgs/msg/OdomInfo.idl\n'}
[0.333070] (rtabmap_msgs) StdoutLine: {'line': b'-- Up-to-date symlink: /home/brace/codeSpace/navi/install/rtabmap_msgs/share/rtabmap_msgs/msg/Point2f.idl\n'}
[0.333101] (rtabmap_msgs) StdoutLine: {'line': b'-- Up-to-date symlink: /home/brace/codeSpace/navi/install/rtabmap_msgs/share/rtabmap_msgs/msg/Point3f.idl\n'}
[0.333149] (rtabmap_msgs) StdoutLine: {'line': b'-- Up-to-date symlink: /home/brace/codeSpace/navi/install/rtabmap_msgs/share/rtabmap_msgs/msg/Goal.idl\n'}
[0.333188] (rtabmap_msgs) StdoutLine: {'line': b'-- Up-to-date symlink: /home/brace/codeSpace/navi/install/rtabmap_msgs/share/rtabmap_msgs/msg/RGBDImage.idl\n'}
[0.333216] (rtabmap_msgs) StdoutLine: {'line': b'-- Up-to-date symlink: /home/brace/codeSpace/navi/install/rtabmap_msgs/share/rtabmap_msgs/msg/RGBDImages.idl\n'}
[0.333243] (rtabmap_msgs) StdoutLine: {'line': b'-- Up-to-date symlink: /home/brace/codeSpace/navi/install/rtabmap_msgs/share/rtabmap_msgs/msg/UserData.idl\n'}
[0.333273] (rtabmap_msgs) StdoutLine: {'line': b'-- Up-to-date symlink: /home/brace/codeSpace/navi/install/rtabmap_msgs/share/rtabmap_msgs/msg/GPS.idl\n'}
[0.333303] (rtabmap_msgs) StdoutLine: {'line': b'-- Up-to-date symlink: /home/brace/codeSpace/navi/install/rtabmap_msgs/share/rtabmap_msgs/msg/Path.idl\n'}
[0.333332] (rtabmap_msgs) StdoutLine: {'line': b'-- Up-to-date symlink: /home/brace/codeSpace/navi/install/rtabmap_msgs/share/rtabmap_msgs/msg/EnvSensor.idl\n'}
[0.333361] (rtabmap_msgs) StdoutLine: {'line': b'-- Up-to-date symlink: /home/brace/codeSpace/navi/install/rtabmap_msgs/share/rtabmap_msgs/msg/CameraModel.idl\n'}
[0.333390] (rtabmap_msgs) StdoutLine: {'line': b'-- Up-to-date symlink: /home/brace/codeSpace/navi/install/rtabmap_msgs/share/rtabmap_msgs/msg/CameraModels.idl\n'}
[0.333419] (rtabmap_msgs) StdoutLine: {'line': b'-- Up-to-date symlink: /home/brace/codeSpace/navi/install/rtabmap_msgs/share/rtabmap_msgs/srv/GetMap.idl\n'}
[0.333448] (rtabmap_msgs) StdoutLine: {'line': b'-- Up-to-date symlink: /home/brace/codeSpace/navi/install/rtabmap_msgs/share/rtabmap_msgs/srv/GetMap2.idl\n'}
[0.333477] (rtabmap_msgs) StdoutLine: {'line': b'-- Up-to-date symlink: /home/brace/codeSpace/navi/install/rtabmap_msgs/share/rtabmap_msgs/srv/ListLabels.idl\n'}
[0.333507] (rtabmap_msgs) StdoutLine: {'line': b'-- Up-to-date symlink: /home/brace/codeSpace/navi/install/rtabmap_msgs/share/rtabmap_msgs/srv/PublishMap.idl\n'}
[0.333535] (rtabmap_msgs) StdoutLine: {'line': b'-- Up-to-date symlink: /home/brace/codeSpace/navi/install/rtabmap_msgs/share/rtabmap_msgs/srv/ResetPose.idl\n'}
[0.333567] (rtabmap_msgs) StdoutLine: {'line': b'-- Up-to-date symlink: /home/brace/codeSpace/navi/install/rtabmap_msgs/share/rtabmap_msgs/srv/SetGoal.idl\n'}
[0.333598] (rtabmap_msgs) StdoutLine: {'line': b'-- Up-to-date symlink: /home/brace/codeSpace/navi/install/rtabmap_msgs/share/rtabmap_msgs/srv/SetLabel.idl\n'}
[0.333627] (rtabmap_msgs) StdoutLine: {'line': b'-- Up-to-date symlink: /home/brace/codeSpace/navi/install/rtabmap_msgs/share/rtabmap_msgs/srv/RemoveLabel.idl\n'}
[0.333655] (rtabmap_msgs) StdoutLine: {'line': b'-- Up-to-date symlink: /home/brace/codeSpace/navi/install/rtabmap_msgs/share/rtabmap_msgs/srv/GetPlan.idl\n'}
[0.333682] (rtabmap_msgs) StdoutLine: {'line': b'-- Up-to-date symlink: /home/brace/codeSpace/navi/install/rtabmap_msgs/share/rtabmap_msgs/srv/AddLink.idl\n'}
[0.333710] (rtabmap_msgs) StdoutLine: {'line': b'-- Up-to-date symlink: /home/brace/codeSpace/navi/install/rtabmap_msgs/share/rtabmap_msgs/srv/GetNodeData.idl\n'}
[0.333737] (rtabmap_msgs) StdoutLine: {'line': b'-- Up-to-date symlink: /home/brace/codeSpace/navi/install/rtabmap_msgs/share/rtabmap_msgs/srv/GetNodesInRadius.idl\n'}
[0.333808] (rtabmap_msgs) StdoutLine: {'line': b'-- Up-to-date symlink: /home/brace/codeSpace/navi/install/rtabmap_msgs/share/rtabmap_msgs/srv/LoadDatabase.idl\n'}
[0.333838] (rtabmap_msgs) StdoutLine: {'line': b'-- Up-to-date symlink: /home/brace/codeSpace/navi/install/rtabmap_msgs/share/rtabmap_msgs/srv/DetectMoreLoopClosures.idl\n'}
[0.333868] (rtabmap_msgs) StdoutLine: {'line': b'-- Up-to-date symlink: /home/brace/codeSpace/navi/install/rtabmap_msgs/share/rtabmap_msgs/srv/GlobalBundleAdjustment.idl\n'}
[0.333897] (rtabmap_msgs) StdoutLine: {'line': b'-- Up-to-date symlink: /home/brace/codeSpace/navi/install/rtabmap_msgs/share/rtabmap_msgs/srv/CleanupLocalGrids.idl\n'}
[0.333925] (rtabmap_msgs) StdoutLine: {'line': b'-- Up-to-date symlink: /home/brace/codeSpace/navi/install/rtabmap_msgs/share/rtabmap_msgs/msg/Info.msg\n'}
[0.333955] (rtabmap_msgs) StdoutLine: {'line': b'-- Up-to-date symlink: /home/brace/codeSpace/navi/install/rtabmap_msgs/share/rtabmap_msgs/msg/KeyPoint.msg\n'}
[0.333984] (rtabmap_msgs) StdoutLine: {'line': b'-- Up-to-date symlink: /home/brace/codeSpace/navi/install/rtabmap_msgs/share/rtabmap_msgs/msg/GlobalDescriptor.msg\n'}
[0.334014] (rtabmap_msgs) StdoutLine: {'line': b'-- Up-to-date symlink: /home/brace/codeSpace/navi/install/rtabmap_msgs/share/rtabmap_msgs/msg/ScanDescriptor.msg\n'}
[0.334042] (rtabmap_msgs) StdoutLine: {'line': b'-- Up-to-date symlink: /home/brace/codeSpace/navi/install/rtabmap_msgs/share/rtabmap_msgs/msg/MapData.msg\n'}
[0.334071] (rtabmap_msgs) StdoutLine: {'line': b'-- Up-to-date symlink: /home/brace/codeSpace/navi/install/rtabmap_msgs/share/rtabmap_msgs/msg/MapGraph.msg\n'}
[0.334100] (rtabmap_msgs) StdoutLine: {'line': b'-- Up-to-date symlink: /home/brace/codeSpace/navi/install/rtabmap_msgs/share/rtabmap_msgs/msg/Node.msg\n'}
[0.334128] (rtabmap_msgs) StdoutLine: {'line': b'-- Up-to-date symlink: /home/brace/codeSpace/navi/install/rtabmap_msgs/share/rtabmap_msgs/msg/SensorData.msg\n'}
[0.334156] (rtabmap_msgs) StdoutLine: {'line': b'-- Up-to-date symlink: /home/brace/codeSpace/navi/install/rtabmap_msgs/share/rtabmap_msgs/msg/Link.msg\n'}
[0.334184] (rtabmap_msgs) StdoutLine: {'line': b'-- Up-to-date symlink: /home/brace/codeSpace/navi/install/rtabmap_msgs/share/rtabmap_msgs/msg/LandmarkDetection.msg\n'}
[0.334214] (rtabmap_msgs) StdoutLine: {'line': b'-- Up-to-date symlink: /home/brace/codeSpace/navi/install/rtabmap_msgs/share/rtabmap_msgs/msg/LandmarkDetections.msg\n'}
[0.334261] (rtabmap_msgs) StdoutLine: {'line': b'-- Up-to-date symlink: /home/brace/codeSpace/navi/install/rtabmap_msgs/share/rtabmap_msgs/msg/OdomInfo.msg\n'}
[0.334321] (rtabmap_msgs) StdoutLine: {'line': b'-- Up-to-date symlink: /home/brace/codeSpace/navi/install/rtabmap_msgs/share/rtabmap_msgs/msg/Point2f.msg\n'}
[0.334360] (rtabmap_msgs) StdoutLine: {'line': b'-- Up-to-date symlink: /home/brace/codeSpace/navi/install/rtabmap_msgs/share/rtabmap_msgs/msg/Point3f.msg\n'}
[0.334389] (rtabmap_msgs) StdoutLine: {'line': b'-- Up-to-date symlink: /home/brace/codeSpace/navi/install/rtabmap_msgs/share/rtabmap_msgs/msg/Goal.msg\n'}
[0.334419] (rtabmap_msgs) StdoutLine: {'line': b'-- Up-to-date symlink: /home/brace/codeSpace/navi/install/rtabmap_msgs/share/rtabmap_msgs/msg/RGBDImage.msg\n'}
[0.334449] (rtabmap_msgs) StdoutLine: {'line': b'-- Up-to-date symlink: /home/brace/codeSpace/navi/install/rtabmap_msgs/share/rtabmap_msgs/msg/RGBDImages.msg\n'}
[0.334478] (rtabmap_msgs) StdoutLine: {'line': b'-- Up-to-date symlink: /home/brace/codeSpace/navi/install/rtabmap_msgs/share/rtabmap_msgs/msg/UserData.msg\n'}
[0.334507] (rtabmap_msgs) StdoutLine: {'line': b'-- Up-to-date symlink: /home/brace/codeSpace/navi/install/rtabmap_msgs/share/rtabmap_msgs/msg/GPS.msg\n'}
[0.334536] (rtabmap_msgs) StdoutLine: {'line': b'-- Up-to-date symlink: /home/brace/codeSpace/navi/install/rtabmap_msgs/share/rtabmap_msgs/msg/Path.msg\n'}
[0.334584] (rtabmap_msgs) StdoutLine: {'line': b'-- Up-to-date symlink: /home/brace/codeSpace/navi/install/rtabmap_msgs/share/rtabmap_msgs/msg/EnvSensor.msg\n'}
[0.334640] (rtabmap_msgs) StdoutLine: {'line': b'-- Up-to-date symlink: /home/brace/codeSpace/navi/install/rtabmap_msgs/share/rtabmap_msgs/msg/CameraModel.msg\n'}
[0.334672] (rtabmap_msgs) StdoutLine: {'line': b'-- Up-to-date symlink: /home/brace/codeSpace/navi/install/rtabmap_msgs/share/rtabmap_msgs/msg/CameraModels.msg\n'}
[0.334702] (rtabmap_msgs) StdoutLine: {'line': b'-- Up-to-date symlink: /home/brace/codeSpace/navi/install/rtabmap_msgs/share/rtabmap_msgs/srv/GetMap.srv\n'}
[0.334748] (rtabmap_msgs) StdoutLine: {'line': b'-- Up-to-date symlink: /home/brace/codeSpace/navi/install/rtabmap_msgs/share/rtabmap_msgs/srv/GetMap_Request.msg\n'}
[0.334778] (rtabmap_msgs) StdoutLine: {'line': b'-- Up-to-date symlink: /home/brace/codeSpace/navi/install/rtabmap_msgs/share/rtabmap_msgs/srv/GetMap_Response.msg\n'}
[0.334818] (rtabmap_msgs) StdoutLine: {'line': b'-- Up-to-date symlink: /home/brace/codeSpace/navi/install/rtabmap_msgs/share/rtabmap_msgs/srv/GetMap2.srv\n'}
[0.334866] (rtabmap_msgs) StdoutLine: {'line': b'-- Up-to-date symlink: /home/brace/codeSpace/navi/install/rtabmap_msgs/share/rtabmap_msgs/srv/GetMap2_Request.msg\n'}
[0.334930] (rtabmap_msgs) StdoutLine: {'line': b'-- Up-to-date symlink: /home/brace/codeSpace/navi/install/rtabmap_msgs/share/rtabmap_msgs/srv/GetMap2_Response.msg\n'}
[0.334994] (rtabmap_msgs) StdoutLine: {'line': b'-- Up-to-date symlink: /home/brace/codeSpace/navi/install/rtabmap_msgs/share/rtabmap_msgs/srv/ListLabels.srv\n'}
[0.335058] (rtabmap_msgs) StdoutLine: {'line': b'-- Up-to-date symlink: /home/brace/codeSpace/navi/install/rtabmap_msgs/share/rtabmap_msgs/srv/ListLabels_Request.msg\n'}
[0.335121] (rtabmap_msgs) StdoutLine: {'line': b'-- Up-to-date symlink: /home/brace/codeSpace/navi/install/rtabmap_msgs/share/rtabmap_msgs/srv/ListLabels_Response.msg\n'}
[0.335185] (rtabmap_msgs) StdoutLine: {'line': b'-- Up-to-date symlink: /home/brace/codeSpace/navi/install/rtabmap_msgs/share/rtabmap_msgs/srv/PublishMap.srv\n'}
[0.335248] (rtabmap_msgs) StdoutLine: {'line': b'-- Up-to-date symlink: /home/brace/codeSpace/navi/install/rtabmap_msgs/share/rtabmap_msgs/srv/PublishMap_Request.msg\n'}
[0.335310] (rtabmap_msgs) StdoutLine: {'line': b'-- Up-to-date symlink: /home/brace/codeSpace/navi/install/rtabmap_msgs/share/rtabmap_msgs/srv/PublishMap_Response.msg\n'}
[0.335374] (rtabmap_msgs) StdoutLine: {'line': b'-- Up-to-date symlink: /home/brace/codeSpace/navi/install/rtabmap_msgs/share/rtabmap_msgs/srv/ResetPose.srv\n'}
[0.335438] (rtabmap_msgs) StdoutLine: {'line': b'-- Up-to-date symlink: /home/brace/codeSpace/navi/install/rtabmap_msgs/share/rtabmap_msgs/srv/ResetPose_Request.msg\n'}
[0.335503] (rtabmap_msgs) StdoutLine: {'line': b'-- Up-to-date symlink: /home/brace/codeSpace/navi/install/rtabmap_msgs/share/rtabmap_msgs/srv/ResetPose_Response.msg\n'}
[0.335571] (rtabmap_msgs) StdoutLine: {'line': b'-- Up-to-date symlink: /home/brace/codeSpace/navi/install/rtabmap_msgs/share/rtabmap_msgs/srv/SetGoal.srv\n'}
[0.335644] (rtabmap_msgs) StdoutLine: {'line': b'-- Up-to-date symlink: /home/brace/codeSpace/navi/install/rtabmap_msgs/share/rtabmap_msgs/srv/SetGoal_Request.msg\n'}
[0.335717] (rtabmap_msgs) StdoutLine: {'line': b'-- Up-to-date symlink: /home/brace/codeSpace/navi/install/rtabmap_msgs/share/rtabmap_msgs/srv/SetGoal_Response.msg\n'}
[0.335817] (rtabmap_msgs) StdoutLine: {'line': b'-- Up-to-date symlink: /home/brace/codeSpace/navi/install/rtabmap_msgs/share/rtabmap_msgs/srv/SetLabel.srv\n'}
[0.335883] (rtabmap_msgs) StdoutLine: {'line': b'-- Up-to-date symlink: /home/brace/codeSpace/navi/install/rtabmap_msgs/share/rtabmap_msgs/srv/SetLabel_Request.msg\n'}
[0.335948] (rtabmap_msgs) StdoutLine: {'line': b'-- Up-to-date symlink: /home/brace/codeSpace/navi/install/rtabmap_msgs/share/rtabmap_msgs/srv/SetLabel_Response.msg\n'}
[0.336012] (rtabmap_msgs) StdoutLine: {'line': b'-- Up-to-date symlink: /home/brace/codeSpace/navi/install/rtabmap_msgs/share/rtabmap_msgs/srv/RemoveLabel.srv\n'}
[0.336076] (rtabmap_msgs) StdoutLine: {'line': b'-- Up-to-date symlink: /home/brace/codeSpace/navi/install/rtabmap_msgs/share/rtabmap_msgs/srv/RemoveLabel_Request.msg\n'}
[0.336167] (rtabmap_msgs) StdoutLine: {'line': b'-- Up-to-date symlink: /home/brace/codeSpace/navi/install/rtabmap_msgs/share/rtabmap_msgs/srv/RemoveLabel_Response.msg\n'}
[0.336214] (rtabmap_msgs) StdoutLine: {'line': b'-- Up-to-date symlink: /home/brace/codeSpace/navi/install/rtabmap_msgs/share/rtabmap_msgs/srv/GetPlan.srv\n'}
[0.336279] (rtabmap_msgs) StdoutLine: {'line': b'-- Up-to-date symlink: /home/brace/codeSpace/navi/install/rtabmap_msgs/share/rtabmap_msgs/srv/GetPlan_Request.msg\n'}
[0.336344] (rtabmap_msgs) StdoutLine: {'line': b'-- Up-to-date symlink: /home/brace/codeSpace/navi/install/rtabmap_msgs/share/rtabmap_msgs/srv/GetPlan_Response.msg\n'}
[0.336405] (rtabmap_msgs) StdoutLine: {'line': b'-- Up-to-date symlink: /home/brace/codeSpace/navi/install/rtabmap_msgs/share/rtabmap_msgs/srv/AddLink.srv\n'}
[0.336467] (rtabmap_msgs) StdoutLine: {'line': b'-- Up-to-date symlink: /home/brace/codeSpace/navi/install/rtabmap_msgs/share/rtabmap_msgs/srv/AddLink_Request.msg\n'}
[0.336528] (rtabmap_msgs) StdoutLine: {'line': b'-- Up-to-date symlink: /home/brace/codeSpace/navi/install/rtabmap_msgs/share/rtabmap_msgs/srv/AddLink_Response.msg\n'}
[0.336595] (rtabmap_msgs) StdoutLine: {'line': b'-- Up-to-date symlink: /home/brace/codeSpace/navi/install/rtabmap_msgs/share/rtabmap_msgs/srv/GetNodeData.srv\n'}
[0.336657] (rtabmap_msgs) StdoutLine: {'line': b'-- Up-to-date symlink: /home/brace/codeSpace/navi/install/rtabmap_msgs/share/rtabmap_msgs/srv/GetNodeData_Request.msg\n'}
[0.336720] (rtabmap_msgs) StdoutLine: {'line': b'-- Up-to-date symlink: /home/brace/codeSpace/navi/install/rtabmap_msgs/share/rtabmap_msgs/srv/GetNodeData_Response.msg\n'}
[0.336781] (rtabmap_msgs) StdoutLine: {'line': b'-- Up-to-date symlink: /home/brace/codeSpace/navi/install/rtabmap_msgs/share/rtabmap_msgs/srv/GetNodesInRadius.srv\n'}
[0.336844] (rtabmap_msgs) StdoutLine: {'line': b'-- Up-to-date symlink: /home/brace/codeSpace/navi/install/rtabmap_msgs/share/rtabmap_msgs/srv/GetNodesInRadius_Request.msg\n'}
[0.336907] (rtabmap_msgs) StdoutLine: {'line': b'-- Up-to-date symlink: /home/brace/codeSpace/navi/install/rtabmap_msgs/share/rtabmap_msgs/srv/GetNodesInRadius_Response.msg\n'}
[0.336972] (rtabmap_msgs) StdoutLine: {'line': b'-- Up-to-date symlink: /home/brace/codeSpace/navi/install/rtabmap_msgs/share/rtabmap_msgs/srv/LoadDatabase.srv\n'}
[0.337036] (rtabmap_msgs) StdoutLine: {'line': b'-- Up-to-date symlink: /home/brace/codeSpace/navi/install/rtabmap_msgs/share/rtabmap_msgs/srv/LoadDatabase_Request.msg\n'}
[0.337125] (rtabmap_msgs) StdoutLine: {'line': b'-- Up-to-date symlink: /home/brace/codeSpace/navi/install/rtabmap_msgs/share/rtabmap_msgs/srv/LoadDatabase_Response.msg\n'}
[0.337305] (rtabmap_msgs) StdoutLine: {'line': b'-- Up-to-date symlink: /home/brace/codeSpace/navi/install/rtabmap_msgs/share/rtabmap_msgs/srv/DetectMoreLoopClosures.srv\n'}
[0.337431] (rtabmap_msgs) StdoutLine: {'line': b'-- Up-to-date symlink: /home/brace/codeSpace/navi/install/rtabmap_msgs/share/rtabmap_msgs/srv/DetectMoreLoopClosures_Request.msg\n'}
[0.337543] (rtabmap_msgs) StdoutLine: {'line': b'-- Up-to-date symlink: /home/brace/codeSpace/navi/install/rtabmap_msgs/share/rtabmap_msgs/srv/DetectMoreLoopClosures_Response.msg\n'}
[0.337663] (rtabmap_msgs) StdoutLine: {'line': b'-- Up-to-date symlink: /home/brace/codeSpace/navi/install/rtabmap_msgs/share/rtabmap_msgs/srv/GlobalBundleAdjustment.srv\n'}
[0.337814] (rtabmap_msgs) StdoutLine: {'line': b'-- Up-to-date symlink: /home/brace/codeSpace/navi/install/rtabmap_msgs/share/rtabmap_msgs/srv/GlobalBundleAdjustment_Request.msg\n'}
[0.337939] (rtabmap_msgs) StdoutLine: {'line': b'-- Up-to-date symlink: /home/brace/codeSpace/navi/install/rtabmap_msgs/share/rtabmap_msgs/srv/GlobalBundleAdjustment_Response.msg\n'}
[0.338040] (rtabmap_msgs) StdoutLine: {'line': b'-- Up-to-date symlink: /home/brace/codeSpace/navi/install/rtabmap_msgs/share/rtabmap_msgs/srv/CleanupLocalGrids.srv\n'}
[0.338338] (rtabmap_msgs) StdoutLine: {'line': b'-- Up-to-date symlink: /home/brace/codeSpace/navi/install/rtabmap_msgs/share/rtabmap_msgs/srv/CleanupLocalGrids_Request.msg\n'}
[0.338459] (rtabmap_msgs) StdoutLine: {'line': b'-- Up-to-date symlink: /home/brace/codeSpace/navi/install/rtabmap_msgs/share/rtabmap_msgs/srv/CleanupLocalGrids_Response.msg\n'}
[0.338541] (rtabmap_msgs) StdoutLine: {'line': b'-- Up-to-date symlink: /home/brace/codeSpace/navi/install/rtabmap_msgs/share/ament_index/resource_index/package_run_dependencies/rtabmap_msgs\n'}
[0.338638] (rtabmap_msgs) StdoutLine: {'line': b'-- Up-to-date symlink: /home/brace/codeSpace/navi/install/rtabmap_msgs/share/ament_index/resource_index/parent_prefix_path/rtabmap_msgs\n'}
[0.338717] (rtabmap_msgs) StdoutLine: {'line': b'-- Up-to-date symlink: /home/brace/codeSpace/navi/install/rtabmap_msgs/share/rtabmap_msgs/environment/ament_prefix_path.sh\n'}
[0.338794] (rtabmap_msgs) StdoutLine: {'line': b'-- Up-to-date symlink: /home/brace/codeSpace/navi/install/rtabmap_msgs/share/rtabmap_msgs/environment/ament_prefix_path.dsv\n'}
[0.338883] (rtabmap_msgs) StdoutLine: {'line': b'-- Up-to-date symlink: /home/brace/codeSpace/navi/install/rtabmap_msgs/share/rtabmap_msgs/environment/path.sh\n'}
[0.338964] (rtabmap_msgs) StdoutLine: {'line': b'-- Up-to-date symlink: /home/brace/codeSpace/navi/install/rtabmap_msgs/share/rtabmap_msgs/environment/path.dsv\n'}
[0.339044] (rtabmap_msgs) StdoutLine: {'line': b'-- Up-to-date symlink: /home/brace/codeSpace/navi/install/rtabmap_msgs/share/rtabmap_msgs/local_setup.bash\n'}
[0.339126] (rtabmap_msgs) StdoutLine: {'line': b'-- Up-to-date symlink: /home/brace/codeSpace/navi/install/rtabmap_msgs/share/rtabmap_msgs/local_setup.sh\n'}
[0.339202] (rtabmap_msgs) StdoutLine: {'line': b'-- Up-to-date symlink: /home/brace/codeSpace/navi/install/rtabmap_msgs/share/rtabmap_msgs/local_setup.zsh\n'}
[0.339281] (rtabmap_msgs) StdoutLine: {'line': b'-- Up-to-date symlink: /home/brace/codeSpace/navi/install/rtabmap_msgs/share/rtabmap_msgs/local_setup.dsv\n'}
[0.339358] (rtabmap_msgs) StdoutLine: {'line': b'-- Symlinking: /home/brace/codeSpace/navi/install/rtabmap_msgs/share/rtabmap_msgs/package.dsv\n'}
[0.345288] (rtabmap_msgs) StdoutLine: {'line': b'-- Up-to-date symlink: /home/brace/codeSpace/navi/install/rtabmap_msgs/share/ament_index/resource_index/packages/rtabmap_msgs\n'}
[0.345459] (rtabmap_msgs) StdoutLine: {'line': b'-- Up-to-date symlink: /home/brace/codeSpace/navi/install/rtabmap_msgs/share/rtabmap_msgs/cmake/rosidl_cmake-extras.cmake\n'}
[0.345541] (rtabmap_msgs) StdoutLine: {'line': b'-- Up-to-date symlink: /home/brace/codeSpace/navi/install/rtabmap_msgs/share/rtabmap_msgs/cmake/ament_cmake_export_dependencies-extras.cmake\n'}
[0.345662] (rtabmap_msgs) StdoutLine: {'line': b'-- Up-to-date symlink: /home/brace/codeSpace/navi/install/rtabmap_msgs/share/rtabmap_msgs/cmake/ament_cmake_export_include_directories-extras.cmake\n'}
[0.345743] (rtabmap_msgs) StdoutLine: {'line': b'-- Up-to-date symlink: /home/brace/codeSpace/navi/install/rtabmap_msgs/share/rtabmap_msgs/cmake/ament_cmake_export_libraries-extras.cmake\n'}
[0.345821] (rtabmap_msgs) StdoutLine: {'line': b'-- Up-to-date symlink: /home/brace/codeSpace/navi/install/rtabmap_msgs/share/rtabmap_msgs/cmake/ament_cmake_export_targets-extras.cmake\n'}
[0.345923] (rtabmap_msgs) StdoutLine: {'line': b'-- Up-to-date symlink: /home/brace/codeSpace/navi/install/rtabmap_msgs/share/rtabmap_msgs/cmake/rosidl_cmake_export_typesupport_targets-extras.cmake\n'}
[0.346048] (rtabmap_msgs) StdoutLine: {'line': b'-- Up-to-date symlink: /home/brace/codeSpace/navi/install/rtabmap_msgs/share/rtabmap_msgs/cmake/rosidl_cmake_export_typesupport_libraries-extras.cmake\n'}
[0.346126] (rtabmap_msgs) StdoutLine: {'line': b'-- Up-to-date symlink: /home/brace/codeSpace/navi/install/rtabmap_msgs/share/rtabmap_msgs/cmake/rtabmap_msgsConfig.cmake\n'}
[0.346205] (rtabmap_msgs) StdoutLine: {'line': b'-- Up-to-date symlink: /home/brace/codeSpace/navi/install/rtabmap_msgs/share/rtabmap_msgs/cmake/rtabmap_msgsConfig-version.cmake\n'}
[0.346284] (rtabmap_msgs) StdoutLine: {'line': b'-- Up-to-date symlink: /home/brace/codeSpace/navi/install/rtabmap_msgs/share/rtabmap_msgs/package.xml\n'}
[0.346385] (rtabmap_msgs) StdoutLine: {'line': b'-- Up-to-date: /home/brace/codeSpace/navi/install/rtabmap_msgs/lib/librtabmap_msgs__rosidl_generator_c.so\n'}
[0.346474] (rtabmap_msgs) StdoutLine: {'line': b'-- Up-to-date: /home/brace/codeSpace/navi/install/rtabmap_msgs/lib/librtabmap_msgs__rosidl_typesupport_fastrtps_c.so\n'}
[0.346550] (rtabmap_msgs) StdoutLine: {'line': b'-- Up-to-date: /home/brace/codeSpace/navi/install/rtabmap_msgs/lib/librtabmap_msgs__rosidl_typesupport_introspection_c.so\n'}
[0.346652] (rtabmap_msgs) StdoutLine: {'line': b'-- Up-to-date: /home/brace/codeSpace/navi/install/rtabmap_msgs/lib/librtabmap_msgs__rosidl_typesupport_c.so\n'}
[0.346742] (rtabmap_msgs) StdoutLine: {'line': b'-- Up-to-date: /home/brace/codeSpace/navi/install/rtabmap_msgs/lib/librtabmap_msgs__rosidl_typesupport_fastrtps_cpp.so\n'}
[0.346840] (rtabmap_msgs) StdoutLine: {'line': b'-- Up-to-date: /home/brace/codeSpace/navi/install/rtabmap_msgs/lib/librtabmap_msgs__rosidl_typesupport_introspection_cpp.so\n'}
[0.346940] (rtabmap_msgs) StdoutLine: {'line': b'-- Up-to-date: /home/brace/codeSpace/navi/install/rtabmap_msgs/lib/librtabmap_msgs__rosidl_typesupport_cpp.so\n'}
[0.348287] (rtabmap) StdoutLine: {'line': b'[ 84%] Built target rtabmap_gui\n'}
[0.367617] (rtabmap) StdoutLine: {'line': b'[ 86%] \x1b[34m\x1b[1mAutomatic MOC and UIC for target lidar_mapping\x1b[0m\n'}
[0.367781] (rtabmap) StdoutLine: {'line': b'[ 86%] \x1b[34m\x1b[1mAutomatic MOC and UIC for target rgbd_mapping\x1b[0m\n'}
[0.375631] (rtabmap) StdoutLine: {'line': b'[ 88%] Built target report\n'}
[0.375803] (rtabmap) StdoutLine: {'line': b'[ 89%] \x1b[34m\x1b[1mAutomatic MOC and UIC for target noEventsExample\x1b[0m\n'}
[0.375865] (rtabmap) StdoutLine: {'line': b'[ 89%] \x1b[34m\x1b[1mAutomatic MOC and UIC for target wifi_mapping\x1b[0m\n'}
[0.375914] (rtabmap) StdoutLine: {'line': b'[ 89%] Built target bow_mapping\n'}
[0.376328] (rtabmap) StdoutLine: {'line': b'[ 90%] Built target odometryViewer\n'}
[0.378487] (rtabmap) StdoutLine: {'line': b'[ 91%] Built target dataRecorder\n'}
[0.379148] (rtabmap) StdoutLine: {'line': b'[ 92%] Built target calibration\n'}
[0.380437] (rtabmap) StdoutLine: {'line': b'[ 93%] Built target epipolar_geometry\n'}
[0.382129] (rtabmap) StdoutLine: {'line': b'[ 93%] Built target rgbd_camera\n'}
[0.382579] (rtabmap) StdoutLine: {'line': b'[ 95%] Built target databaseViewer\n'}
[0.382726] (rtabmap) StdoutLine: {'line': b'[ 95%] Built target matcher\n'}
[0.384277] (rtabmap) StdoutLine: {'line': b'[ 95%] Built target rgbd_mapping_autogen\n'}
[0.385103] (rtabmap) StdoutLine: {'line': b'[ 96%] Built target rtabmap_app\n'}
[0.385257] (rtabmap) StdoutLine: {'line': b'[ 96%] Built target lidar_mapping_autogen\n'}
[0.388413] (rtabmap) StdoutLine: {'line': b'[ 96%] Built target noEventsExample_autogen\n'}
[0.388799] (rtabmap) StdoutLine: {'line': b'[ 96%] Built target wifi_mapping_autogen\n'}
[0.393366] (rtabmap_msgs) StdoutLine: {'line': b"Listing '/home/brace/codeSpace/navi/install/rtabmap_msgs/local/lib/python3.10/dist-packages/rtabmap_msgs'...\n"}
[0.393633] (rtabmap_msgs) StdoutLine: {'line': b"Listing '/home/brace/codeSpace/navi/install/rtabmap_msgs/local/lib/python3.10/dist-packages/rtabmap_msgs/msg'...\n"}
[0.393739] (rtabmap_msgs) StdoutLine: {'line': b"Listing '/home/brace/codeSpace/navi/install/rtabmap_msgs/local/lib/python3.10/dist-packages/rtabmap_msgs/srv'...\n"}
[0.397267] (rtabmap_msgs) StdoutLine: {'line': b'-- Up-to-date: /home/brace/codeSpace/navi/install/rtabmap_msgs/lib/librtabmap_msgs__rosidl_generator_py.so\n'}
[0.397529] (rtabmap_msgs) StdoutLine: {'line': b'-- Up-to-date: /home/brace/codeSpace/navi/install/rtabmap_msgs/share/rtabmap_msgs/cmake/export_rtabmap_msgs__rosidl_generator_cExport.cmake\n'}
[0.397712] (rtabmap_msgs) StdoutLine: {'line': b'-- Up-to-date: /home/brace/codeSpace/navi/install/rtabmap_msgs/share/rtabmap_msgs/cmake/export_rtabmap_msgs__rosidl_generator_cExport-release.cmake\n'}
[0.397850] (rtabmap_msgs) StdoutLine: {'line': b'-- Up-to-date: /home/brace/codeSpace/navi/install/rtabmap_msgs/share/rtabmap_msgs/cmake/export_rtabmap_msgs__rosidl_typesupport_fastrtps_cExport.cmake\n'}
[0.397961] (rtabmap_msgs) StdoutLine: {'line': b'-- Up-to-date: /home/brace/codeSpace/navi/install/rtabmap_msgs/share/rtabmap_msgs/cmake/export_rtabmap_msgs__rosidl_typesupport_fastrtps_cExport-release.cmake\n'}
[0.398099] (rtabmap_msgs) StdoutLine: {'line': b'-- Up-to-date: /home/brace/codeSpace/navi/install/rtabmap_msgs/share/rtabmap_msgs/cmake/rtabmap_msgs__rosidl_typesupport_introspection_cExport.cmake\n'}
[0.398212] (rtabmap_msgs) StdoutLine: {'line': b'-- Up-to-date: /home/brace/codeSpace/navi/install/rtabmap_msgs/share/rtabmap_msgs/cmake/rtabmap_msgs__rosidl_typesupport_introspection_cExport-release.cmake\n'}
[0.398320] (rtabmap_msgs) StdoutLine: {'line': b'-- Up-to-date: /home/brace/codeSpace/navi/install/rtabmap_msgs/share/rtabmap_msgs/cmake/rtabmap_msgs__rosidl_typesupport_cExport.cmake\n'}
[0.398413] (rtabmap_msgs) StdoutLine: {'line': b'-- Up-to-date: /home/brace/codeSpace/navi/install/rtabmap_msgs/share/rtabmap_msgs/cmake/rtabmap_msgs__rosidl_typesupport_cExport-release.cmake\n'}
[0.398506] (rtabmap_msgs) StdoutLine: {'line': b'-- Up-to-date: /home/brace/codeSpace/navi/install/rtabmap_msgs/share/rtabmap_msgs/cmake/export_rtabmap_msgs__rosidl_generator_cppExport.cmake\n'}
[0.398621] (rtabmap_msgs) StdoutLine: {'line': b'-- Up-to-date: /home/brace/codeSpace/navi/install/rtabmap_msgs/share/rtabmap_msgs/cmake/export_rtabmap_msgs__rosidl_typesupport_fastrtps_cppExport.cmake\n'}
[0.398720] (rtabmap_msgs) StdoutLine: {'line': b'-- Up-to-date: /home/brace/codeSpace/navi/install/rtabmap_msgs/share/rtabmap_msgs/cmake/export_rtabmap_msgs__rosidl_typesupport_fastrtps_cppExport-release.cmake\n'}
[0.398811] (rtabmap_msgs) StdoutLine: {'line': b'-- Up-to-date: /home/brace/codeSpace/navi/install/rtabmap_msgs/share/rtabmap_msgs/cmake/rtabmap_msgs__rosidl_typesupport_introspection_cppExport.cmake\n'}
[0.398889] (rtabmap_msgs) StdoutLine: {'line': b'-- Up-to-date: /home/brace/codeSpace/navi/install/rtabmap_msgs/share/rtabmap_msgs/cmake/rtabmap_msgs__rosidl_typesupport_introspection_cppExport-release.cmake\n'}
[0.398966] (rtabmap_msgs) StdoutLine: {'line': b'-- Up-to-date: /home/brace/codeSpace/navi/install/rtabmap_msgs/share/rtabmap_msgs/cmake/rtabmap_msgs__rosidl_typesupport_cppExport.cmake\n'}
[0.399046] (rtabmap_msgs) StdoutLine: {'line': b'-- Up-to-date: /home/brace/codeSpace/navi/install/rtabmap_msgs/share/rtabmap_msgs/cmake/rtabmap_msgs__rosidl_typesupport_cppExport-release.cmake\n'}
[0.399122] (rtabmap_msgs) StdoutLine: {'line': b'-- Up-to-date: /home/brace/codeSpace/navi/install/rtabmap_msgs/share/rtabmap_msgs/cmake/export_rtabmap_msgs__rosidl_generator_pyExport.cmake\n'}
[0.399200] (rtabmap_msgs) StdoutLine: {'line': b'-- Up-to-date: /home/brace/codeSpace/navi/install/rtabmap_msgs/share/rtabmap_msgs/cmake/export_rtabmap_msgs__rosidl_generator_pyExport-release.cmake\n'}
[0.400050] (-) TimerEvent: {}
[0.400805] (rtabmap_msgs) CommandEnded: {'returncode': 0}
[0.411484] (rtabmap) StdoutLine: {'line': b'[ 97%] Built target rgbd_mapping\n'}
[0.413673] (rtabmap) StdoutLine: {'line': b'[ 98%] Built target wifi_mapping\n'}
[0.414926] (rtabmap) StdoutLine: {'line': b'[ 99%] Built target lidar_mapping\n'}
[0.418418] (rtabmap) StdoutLine: {'line': b'[100%] Built target noEventsExample\n'}
[0.420005] (rtabmap_msgs) JobEnded: {'identifier': 'rtabmap_msgs', 'rc': 0}
[0.428758] (rtabmap) CommandEnded: {'returncode': 0}
[0.429588] (rtabmap) JobProgress: {'identifier': 'rtabmap', 'progress': 'install'}
[0.430002] (rtabmap) Command: {'cmd': ['/usr/bin/cmake', '--install', '/home/brace/codeSpace/navi/build/rtabmap'], 'cwd': '/home/brace/codeSpace/navi/build/rtabmap', 'env': OrderedDict([('GJS_DEBUG_TOPICS', 'JS ERROR;JS LOG'), ('PYTHON_BASIC_REPL', '1'), ('LESSOPEN', '| /usr/bin/lesspipe %s'), ('LANGUAGE', 'zh_CN:zh:en_US:en'), ('USER', 'brace'), ('LC_TIME', 'zh_CN.UTF-8'), ('XDG_SESSION_TYPE', 'x11'), ('GIT_ASKPASS', '/usr/share/code/resources/app/extensions/git/dist/askpass.sh'), ('SHLVL', '2'), ('LD_LIBRARY_PATH', '/opt/ros/humble/opt/rviz_ogre_vendor/lib:/opt/ros/humble/lib/x86_64-linux-gnu:/opt/ros/humble/lib'), ('HOME', '/home/brace'), ('CHROME_DESKTOP', 'code.desktop'), ('TERM_PROGRAM_VERSION', '1.107.1'), ('DESKTOP_SESSION', 'ubuntu'), ('GIO_LAUNCHED_DESKTOP_FILE', '/usr/share/applications/code.desktop'), ('ROS_PYTHON_VERSION', '3'), ('GNOME_SHELL_SESSION_MODE', 'ubuntu'), ('GTK_MODULES', 'gail:atk-bridge'), ('VSCODE_GIT_ASKPASS_MAIN', '/usr/share/code/resources/app/extensions/git/dist/askpass-main.js'), ('LC_MONETARY', 'zh_CN.UTF-8'), ('VSCODE_GIT_ASKPASS_NODE', '/usr/share/code/code'), ('MANAGERPID', '1039'), ('DBUS_STARTER_BUS_TYPE', 'session'), ('SYSTEMD_EXEC_PID', '1416'), ('VSCODE_PYTHON_AUTOACTIVATE_GUARD', '1'), ('DBUS_SESSION_BUS_ADDRESS', 'unix:path=/run/user/1000/bus,guid=133716b0af99defc56ab537f6979c3d3'), ('COLORTERM', 'truecolor'), ('GIO_LAUNCHED_DESKTOP_FILE_PID', '10396'), ('MANDATORY_PATH', '/usr/share/gconf/ubuntu.mandatory.path'), ('ROS_DISTRO', 'humble'), ('GTK_IM_MODULE', 'ibus'), ('LOGNAME', 'brace'), ('JOURNAL_STREAM', '8:18871'), ('_', '/usr/bin/colcon'), ('ROS_VERSION', '2'), ('XDG_SESSION_CLASS', 'user'), ('DEFAULTS_PATH', '/usr/share/gconf/ubuntu.default.path'), ('USERNAME', 'brace'), ('TERM', 'xterm-256color'), ('GNOME_DESKTOP_SESSION_ID', 'this-is-deprecated'), ('FC_FONTATIONS', '1'), ('ROS_LOCALHOST_ONLY', '0'), ('WINDOWPATH', '2'), ('PATH', '/home/brace/.config/Code/User/globalStorage/github.copilot-chat/debugCommand:/home/brace/.config/Code/User/globalStorage/github.copilot-chat/copilotCli:/opt/ros/humble/bin:/usr/local/sbin:/usr/local/bin:/usr/sbin:/usr/bin:/sbin:/bin:/usr/games:/usr/local/games:/snap/bin:/snap/bin'), ('SESSION_MANAGER', 'local/brace-NUC13:@/tmp/.ICE-unix/1416,unix/brace-NUC13:/tmp/.ICE-unix/1416'), ('INVOCATION_ID', 'ca189d607f5345e08a528b64f577a8bf'), ('XDG_MENU_PREFIX', 'gnome-'), ('LC_ADDRESS', 'zh_CN.UTF-8'), ('GNOME_TERMINAL_SCREEN', '/org/gnome/Terminal/screen/24c3bc49_b4df_45c6_b4e2_addcaecbe098'), ('XDG_RUNTIME_DIR', '/run/user/1000'), ('GDK_BACKEND', 'x11'), ('DISPLAY', ':0'), ('LANG', 'zh_CN.UTF-8'), ('XDG_CURRENT_DESKTOP', 'ubuntu:GNOME'), ('PYTHONSTARTUP', '/home/brace/.config/Code/User/workspaceStorage/bcb6da3f859dc44d5fe9070f270c614a/ms-python.python/pythonrc.py'), ('LC_TELEPHONE', 'zh_CN.UTF-8'), ('XMODIFIERS', '@im=ibus'), ('XDG_SESSION_DESKTOP', 'ubuntu'), ('XAUTHORITY', '/run/user/1000/gdm/Xauthority'), ('LS_COLORS', 'rs=0:di=01;34:ln=01;36:mh=00:pi=40;33:so=01;35:do=01;35:bd=40;33;01:cd=40;33;01:or=40;31;01:mi=00:su=37;41:sg=30;43:ca=30;41:tw=30;42:ow=34;42:st=37;44:ex=01;32:*.tar=01;31:*.tgz=01;31:*.arc=01;31:*.arj=01;31:*.taz=01;31:*.lha=01;31:*.lz4=01;31:*.lzh=01;31:*.lzma=01;31:*.tlz=01;31:*.txz=01;31:*.tzo=01;31:*.t7z=01;31:*.zip=01;31:*.z=01;31:*.dz=01;31:*.gz=01;31:*.lrz=01;31:*.lz=01;31:*.lzo=01;31:*.xz=01;31:*.zst=01;31:*.tzst=01;31:*.bz2=01;31:*.bz=01;31:*.tbz=01;31:*.tbz2=01;31:*.tz=01;31:*.deb=01;31:*.rpm=01;31:*.jar=01;31:*.war=01;31:*.ear=01;31:*.sar=01;31:*.rar=01;31:*.alz=01;31:*.ace=01;31:*.zoo=01;31:*.cpio=01;31:*.7z=01;31:*.rz=01;31:*.cab=01;31:*.wim=01;31:*.swm=01;31:*.dwm=01;31:*.esd=01;31:*.jpg=01;35:*.jpeg=01;35:*.mjpg=01;35:*.mjpeg=01;35:*.gif=01;35:*.bmp=01;35:*.pbm=01;35:*.pgm=01;35:*.ppm=01;35:*.tga=01;35:*.xbm=01;35:*.xpm=01;35:*.tif=01;35:*.tiff=01;35:*.png=01;35:*.svg=01;35:*.svgz=01;35:*.mng=01;35:*.pcx=01;35:*.mov=01;35:*.mpg=01;35:*.mpeg=01;35:*.m2v=01;35:*.mkv=01;35:*.webm=01;35:*.webp=01;35:*.ogm=01;35:*.mp4=01;35:*.m4v=01;35:*.mp4v=01;35:*.vob=01;35:*.qt=01;35:*.nuv=01;35:*.wmv=01;35:*.asf=01;35:*.rm=01;35:*.rmvb=01;35:*.flc=01;35:*.avi=01;35:*.fli=01;35:*.flv=01;35:*.gl=01;35:*.dl=01;35:*.xcf=01;35:*.xwd=01;35:*.yuv=01;35:*.cgm=01;35:*.emf=01;35:*.ogv=01;35:*.ogx=01;35:*.aac=00;36:*.au=00;36:*.flac=00;36:*.m4a=00;36:*.mid=00;36:*.midi=00;36:*.mka=00;36:*.mp3=00;36:*.mpc=00;36:*.ogg=00;36:*.ra=00;36:*.wav=00;36:*.oga=00;36:*.opus=00;36:*.spx=00;36:*.xspf=00;36:'), ('VSCODE_GIT_IPC_HANDLE', '/run/user/1000/vscode-git-2baa52ad55.sock'), ('GNOME_TERMINAL_SERVICE', ':1.117'), ('TERM_PROGRAM', 'vscode'), ('SSH_AGENT_LAUNCHER', 'gnome-keyring'), ('SSH_AUTH_SOCK', '/run/user/1000/keyring/ssh'), ('AMENT_PREFIX_PATH', '/opt/ros/humble'), ('SHELL', '/bin/bash'), ('LC_NAME', 'zh_CN.UTF-8'), ('QT_ACCESSIBILITY', '1'), ('NO_AT_BRIDGE', '1'), ('GDMSESSION', 'ubuntu'), ('LESSCLOSE', '/usr/bin/lesspipe %s %s'), ('LC_MEASUREMENT', 'zh_CN.UTF-8'), ('GPG_AGENT_INFO', '/run/user/1000/gnupg/S.gpg-agent:0:1'), ('GJS_DEBUG_OUTPUT', 'stderr'), ('LC_IDENTIFICATION', 'zh_CN.UTF-8'), ('VSCODE_GIT_ASKPASS_EXTRA_ARGS', ''), ('GIT_PAGER', 'cat'), ('QT_IM_MODULE', 'ibus'), ('PWD', '/home/brace/codeSpace/navi/build/rtabmap'), ('XDG_CONFIG_DIRS', '/etc/xdg/xdg-ubuntu:/etc/xdg'), ('DBUS_STARTER_ADDRESS', 'unix:path=/run/user/1000/bus,guid=133716b0af99defc56ab537f6979c3d3'), ('XDG_DATA_DIRS', '/usr/share/ubuntu:/usr/share/gnome:/usr/local/share/:/usr/share/:/var/lib/snapd/desktop'), ('PYTHONPATH', '/opt/ros/humble/lib/python3.10/site-packages:/opt/ros/humble/local/lib/python3.10/dist-packages'), ('LC_NUMERIC', 'zh_CN.UTF-8'), ('LC_PAPER', 'zh_CN.UTF-8'), ('COLCON', '1'), ('VTE_VERSION', '6800'), ('CMAKE_PREFIX_PATH', '/opt/ros/humble')]), 'shell': False}
[0.435742] (rtabmap) StdoutLine: {'line': b'-- Install configuration: "Release"\n'}
[0.436081] (rtabmap) StdoutLine: {'line': b'-- Up-to-date: /home/brace/codeSpace/navi/install/rtabmap/lib/librtabmap_utilite.so.0.23.4\n'}
[0.436237] (rtabmap) StdoutLine: {'line': b'-- Up-to-date: /home/brace/codeSpace/navi/install/rtabmap/lib/librtabmap_utilite.so.0.23\n'}
[0.436383] (rtabmap) StdoutLine: {'line': b'-- Up-to-date: /home/brace/codeSpace/navi/install/rtabmap/lib/librtabmap_utilite.so\n'}
[0.436533] (rtabmap) StdoutLine: {'line': b'-- Up-to-date: /home/brace/codeSpace/navi/install/rtabmap/include/rtabmap-0.23/rtabmap\n'}
[0.436723] (rtabmap) StdoutLine: {'line': b'-- Up-to-date: /home/brace/codeSpace/navi/install/rtabmap/include/rtabmap-0.23/rtabmap/utilite\n'}
[0.436825] (rtabmap) StdoutLine: {'line': b'-- Up-to-date: /home/brace/codeSpace/navi/install/rtabmap/include/rtabmap-0.23/rtabmap/utilite/Posix\n'}
[0.436913] (rtabmap) StdoutLine: {'line': b'-- Up-to-date: /home/brace/codeSpace/navi/install/rtabmap/include/rtabmap-0.23/rtabmap/utilite/Posix/UThreadC.h\n'}
[0.436998] (rtabmap) StdoutLine: {'line': b'-- Up-to-date: /home/brace/codeSpace/navi/install/rtabmap/include/rtabmap-0.23/rtabmap/utilite/UtiLite.h\n'}
[0.437083] (rtabmap) StdoutLine: {'line': b'-- Up-to-date: /home/brace/codeSpace/navi/install/rtabmap/include/rtabmap-0.23/rtabmap/utilite/USemaphore.h\n'}
[0.437174] (rtabmap) StdoutLine: {'line': b'-- Up-to-date: /home/brace/codeSpace/navi/install/rtabmap/include/rtabmap-0.23/rtabmap/utilite/Win32\n'}
[0.437264] (rtabmap) StdoutLine: {'line': b'-- Up-to-date: /home/brace/codeSpace/navi/install/rtabmap/include/rtabmap-0.23/rtabmap/utilite/Win32/UWin32.h\n'}
[0.437351] (rtabmap) StdoutLine: {'line': b'-- Up-to-date: /home/brace/codeSpace/navi/install/rtabmap/include/rtabmap-0.23/rtabmap/utilite/Win32/UThreadC.h\n'}
[0.437438] (rtabmap) StdoutLine: {'line': b'-- Up-to-date: /home/brace/codeSpace/navi/install/rtabmap/include/rtabmap-0.23/rtabmap/utilite/UException.h\n'}
[0.437522] (rtabmap) StdoutLine: {'line': b'-- Up-to-date: /home/brace/codeSpace/navi/install/rtabmap/include/rtabmap-0.23/rtabmap/utilite/UEventsSender.h\n'}
[0.437750] (rtabmap) StdoutLine: {'line': b'-- Up-to-date: /home/brace/codeSpace/navi/install/rtabmap/include/rtabmap-0.23/rtabmap/utilite/UTimer.h\n'}
[0.437849] (rtabmap) StdoutLine: {'line': b'-- Up-to-date: /home/brace/codeSpace/navi/install/rtabmap/include/rtabmap-0.23/rtabmap/utilite/UMutex.h\n'}
[0.437888] (rtabmap) StdoutLine: {'line': b'-- Up-to-date: /home/brace/codeSpace/navi/install/rtabmap/include/rtabmap-0.23/rtabmap/utilite/UVariant.h\n'}
[0.437923] (rtabmap) StdoutLine: {'line': b'-- Up-to-date: /home/brace/codeSpace/navi/install/rtabmap/include/rtabmap-0.23/rtabmap/utilite/ULogger.h\n'}
[0.437958] (rtabmap) StdoutLine: {'line': b'-- Up-to-date: /home/brace/codeSpace/navi/install/rtabmap/include/rtabmap-0.23/rtabmap/utilite/UDirectory.h\n'}
[0.437991] (rtabmap) StdoutLine: {'line': b'-- Up-to-date: /home/brace/codeSpace/navi/install/rtabmap/include/rtabmap-0.23/rtabmap/utilite/UStl.h\n'}
[0.438111] (rtabmap) StdoutLine: {'line': b'-- Up-to-date: /home/brace/codeSpace/navi/install/rtabmap/include/rtabmap-0.23/rtabmap/utilite/UConversion.h\n'}
[0.438146] (rtabmap) StdoutLine: {'line': b'-- Up-to-date: /home/brace/codeSpace/navi/install/rtabmap/include/rtabmap-0.23/rtabmap/utilite/UEventsManager.h\n'}
[0.438178] (rtabmap) StdoutLine: {'line': b'-- Up-to-date: /home/brace/codeSpace/navi/install/rtabmap/include/rtabmap-0.23/rtabmap/utilite/UEvent.h\n'}
[0.438211] (rtabmap) StdoutLine: {'line': b'-- Up-to-date: /home/brace/codeSpace/navi/install/rtabmap/include/rtabmap-0.23/rtabmap/utilite/UProcessInfo.h\n'}
[0.438307] (rtabmap) StdoutLine: {'line': b'-- Up-to-date: /home/brace/codeSpace/navi/install/rtabmap/include/rtabmap-0.23/rtabmap/utilite/UFile.h\n'}
[0.438340] (rtabmap) StdoutLine: {'line': b'-- Up-to-date: /home/brace/codeSpace/navi/install/rtabmap/include/rtabmap-0.23/rtabmap/utilite/UThread.h\n'}
[0.438371] (rtabmap) StdoutLine: {'line': b'-- Up-to-date: /home/brace/codeSpace/navi/install/rtabmap/include/rtabmap-0.23/rtabmap/utilite/UMath.h\n'}
[0.438403] (rtabmap) StdoutLine: {'line': b'-- Up-to-date: /home/brace/codeSpace/navi/install/rtabmap/include/rtabmap-0.23/rtabmap/utilite/UThreadC.h\n'}
[0.438433] (rtabmap) StdoutLine: {'line': b'-- Up-to-date: /home/brace/codeSpace/navi/install/rtabmap/include/rtabmap-0.23/rtabmap/utilite/UThreadNode.h\n'}
[0.438464] (rtabmap) StdoutLine: {'line': b'-- Up-to-date: /home/brace/codeSpace/navi/install/rtabmap/include/rtabmap-0.23/rtabmap/utilite/UDestroyer.h\n'}
[0.438494] (rtabmap) StdoutLine: {'line': b'-- Up-to-date: /home/brace/codeSpace/navi/install/rtabmap/include/rtabmap-0.23/rtabmap/utilite/UEventsHandler.h\n'}
[0.438524] (rtabmap) StdoutLine: {'line': b'-- Up-to-date: /home/brace/codeSpace/navi/install/rtabmap/include/rtabmap-0.23/rtabmap/utilite/UObjDeletionThread.h\n'}
[0.438556] (rtabmap) StdoutLine: {'line': b'-- Up-to-date: /home/brace/codeSpace/navi/install/rtabmap/include/rtabmap-0.23/rtabmap\n'}
[0.438605] (rtabmap) StdoutLine: {'line': b'-- Up-to-date: /home/brace/codeSpace/navi/install/rtabmap/include/rtabmap-0.23/rtabmap/utilite\n'}
[0.438637] (rtabmap) StdoutLine: {'line': b'-- Up-to-date: /home/brace/codeSpace/navi/install/rtabmap/include/rtabmap-0.23/rtabmap/utilite/utilite_export.h\n'}
[0.438668] (rtabmap) StdoutLine: {'line': b'-- Up-to-date: /home/brace/codeSpace/navi/install/rtabmap/lib/rtabmap-0.23/RTABMap_utiliteTargets.cmake\n'}
[0.438699] (rtabmap) StdoutLine: {'line': b'-- Up-to-date: /home/brace/codeSpace/navi/install/rtabmap/lib/rtabmap-0.23/RTABMap_utiliteTargets-release.cmake\n'}
[0.438730] (rtabmap) StdoutLine: {'line': b'-- Up-to-date: /home/brace/codeSpace/navi/install/rtabmap/bin/rtabmap-res_tool-0.3.0\n'}
[0.438760] (rtabmap) StdoutLine: {'line': b'-- Up-to-date: /home/brace/codeSpace/navi/install/rtabmap/bin/rtabmap-res_tool\n'}
[0.438791] (rtabmap) StdoutLine: {'line': b'-- Up-to-date: /home/brace/codeSpace/navi/install/rtabmap/lib/librtabmap_core.so.0.23.4\n'}
[0.438822] (rtabmap) StdoutLine: {'line': b'-- Up-to-date: /home/brace/codeSpace/navi/install/rtabmap/lib/librtabmap_core.so.0.23\n'}
[0.438853] (rtabmap) StdoutLine: {'line': b'-- Up-to-date: /home/brace/codeSpace/navi/install/rtabmap/lib/librtabmap_core.so\n'}
[0.438882] (rtabmap) StdoutLine: {'line': b'-- Up-to-date: /home/brace/codeSpace/navi/install/rtabmap/include/rtabmap-0.23/rtabmap\n'}
[0.438912] (rtabmap) StdoutLine: {'line': b'-- Up-to-date: /home/brace/codeSpace/navi/install/rtabmap/include/rtabmap-0.23/rtabmap/core\n'}
[0.438942] (rtabmap) StdoutLine: {'line': b'-- Up-to-date: /home/brace/codeSpace/navi/install/rtabmap/include/rtabmap-0.23/rtabmap/core/GlobalDescriptorExtractor.h\n'}
[0.438973] (rtabmap) StdoutLine: {'line': b'-- Up-to-date: /home/brace/codeSpace/navi/install/rtabmap/include/rtabmap-0.23/rtabmap/core/RegistrationInfo.h\n'}
[0.439005] (rtabmap) StdoutLine: {'line': b'-- Up-to-date: /home/brace/codeSpace/navi/install/rtabmap/include/rtabmap-0.23/rtabmap/core/ProgressState.h\n'}
[0.439087] (rtabmap) StdoutLine: {'line': b'-- Up-to-date: /home/brace/codeSpace/navi/install/rtabmap/include/rtabmap-0.23/rtabmap/core/Optimizer.h\n'}
[0.439122] (rtabmap) StdoutLine: {'line': b'-- Up-to-date: /home/brace/codeSpace/navi/install/rtabmap/include/rtabmap-0.23/rtabmap/core/util3d_registration.h\n'}
[0.439156] (rtabmap) StdoutLine: {'line': b'-- Up-to-date: /home/brace/codeSpace/navi/install/rtabmap/include/rtabmap-0.23/rtabmap/core/global_map\n'}
[0.439263] (rtabmap) StdoutLine: {'line': b'-- Up-to-date: /home/brace/codeSpace/navi/install/rtabmap/include/rtabmap-0.23/rtabmap/core/global_map/OctoMap.h\n'}
[0.439359] (rtabmap) StdoutLine: {'line': b'-- Up-to-date: /home/brace/codeSpace/navi/install/rtabmap/include/rtabmap-0.23/rtabmap/core/global_map/OccupancyGrid.h\n'}
[0.439409] (rtabmap) StdoutLine: {'line': b'-- Up-to-date: /home/brace/codeSpace/navi/install/rtabmap/include/rtabmap-0.23/rtabmap/core/global_map/CloudMap.h\n'}
[0.439451] (rtabmap) StdoutLine: {'line': b'-- Up-to-date: /home/brace/codeSpace/navi/install/rtabmap/include/rtabmap-0.23/rtabmap/core/global_map/GridMap.h\n'}
[0.439491] (rtabmap) StdoutLine: {'line': b'-- Up-to-date: /home/brace/codeSpace/navi/install/rtabmap/include/rtabmap-0.23/rtabmap/core/util3d_filtering.h\n'}
[0.439533] (rtabmap) StdoutLine: {'line': b'-- Up-to-date: /home/brace/codeSpace/navi/install/rtabmap/include/rtabmap-0.23/rtabmap/core/Signature.h\n'}
[0.439600] (rtabmap) StdoutLine: {'line': b'-- Up-to-date: /home/brace/codeSpace/navi/install/rtabmap/include/rtabmap-0.23/rtabmap/core/RtabmapEvent.h\n'}
[0.439689] (rtabmap) StdoutLine: {'line': b'-- Up-to-date: /home/brace/codeSpace/navi/install/rtabmap/include/rtabmap-0.23/rtabmap/core/LaserScan.h\n'}
[0.439732] (rtabmap) StdoutLine: {'line': b'-- Up-to-date: /home/brace/codeSpace/navi/install/rtabmap/include/rtabmap-0.23/rtabmap/core/DBDriverSqlite3.h\n'}
[0.439767] (rtabmap) StdoutLine: {'line': b'-- Up-to-date: /home/brace/codeSpace/navi/install/rtabmap/include/rtabmap-0.23/rtabmap/core/SensorEvent.h\n'}
[0.439801] (rtabmap) StdoutLine: {'line': b'-- Up-to-date: /home/brace/codeSpace/navi/install/rtabmap/include/rtabmap-0.23/rtabmap/core/Features2d.h\n'}
[0.439836] (rtabmap) StdoutLine: {'line': b'-- Up-to-date: /home/brace/codeSpace/navi/install/rtabmap/include/rtabmap-0.23/rtabmap/core/EpipolarGeometry.h\n'}
[0.439868] (rtabmap) StdoutLine: {'line': b'-- Up-to-date: /home/brace/codeSpace/navi/install/rtabmap/include/rtabmap-0.23/rtabmap/core/IMUThread.h\n'}
[0.439904] (rtabmap) StdoutLine: {'line': b'-- Up-to-date: /home/brace/codeSpace/navi/install/rtabmap/include/rtabmap-0.23/rtabmap/core/IMUFilter.h\n'}
[0.439935] (rtabmap) StdoutLine: {'line': b'-- Up-to-date: /home/brace/codeSpace/navi/install/rtabmap/include/rtabmap-0.23/rtabmap/core/LocalGridMaker.h\n'}
[0.439982] (rtabmap) StdoutLine: {'line': b'-- Up-to-date: /home/brace/codeSpace/navi/install/rtabmap/include/rtabmap-0.23/rtabmap/core/OctoMap.h\n'}
[0.440025] (rtabmap) StdoutLine: {'line': b'-- Up-to-date: /home/brace/codeSpace/navi/install/rtabmap/include/rtabmap-0.23/rtabmap/core/Camera.h\n'}
[0.440067] (rtabmap) StdoutLine: {'line': b'-- Up-to-date: /home/brace/codeSpace/navi/install/rtabmap/include/rtabmap-0.23/rtabmap/core/Landmark.h\n'}
[0.440110] (rtabmap) StdoutLine: {'line': b'-- Up-to-date: /home/brace/codeSpace/navi/install/rtabmap/include/rtabmap-0.23/rtabmap/core/CameraModel.h\n'}
[0.440154] (rtabmap) StdoutLine: {'line': b'-- Up-to-date: /home/brace/codeSpace/navi/install/rtabmap/include/rtabmap-0.23/rtabmap/core/util3d_correspondences.h\n'}
[0.440193] (rtabmap) StdoutLine: {'line': b'-- Up-to-date: /home/brace/codeSpace/navi/install/rtabmap/include/rtabmap-0.23/rtabmap/core/Memory.h\n'}
[0.440314] (rtabmap) StdoutLine: {'line': b'-- Up-to-date: /home/brace/codeSpace/navi/install/rtabmap/include/rtabmap-0.23/rtabmap/core/Statistics.h\n'}
[0.440383] (rtabmap) StdoutLine: {'line': b'-- Up-to-date: /home/brace/codeSpace/navi/install/rtabmap/include/rtabmap-0.23/rtabmap/core/CameraInfo.h\n'}
[0.440430] (rtabmap) StdoutLine: {'line': b'-- Up-to-date: /home/brace/codeSpace/navi/install/rtabmap/include/rtabmap-0.23/rtabmap/core/clams\n'}
[0.440481] (rtabmap) StdoutLine: {'line': b'-- Up-to-date: /home/brace/codeSpace/navi/install/rtabmap/include/rtabmap-0.23/rtabmap/core/clams/discrete_depth_distortion_model.h\n'}
[0.440520] (rtabmap) StdoutLine: {'line': b'-- Up-to-date: /home/brace/codeSpace/navi/install/rtabmap/include/rtabmap-0.23/rtabmap/core/clams/frame_projector.h\n'}
[0.440559] (rtabmap) StdoutLine: {'line': b'-- Up-to-date: /home/brace/codeSpace/navi/install/rtabmap/include/rtabmap-0.23/rtabmap/core/clams/slam_calibrator.h\n'}
[0.440660] (rtabmap) StdoutLine: {'line': b'-- Up-to-date: /home/brace/codeSpace/navi/install/rtabmap/include/rtabmap-0.23/rtabmap/core/CameraRGBD.h\n'}
[0.440708] (rtabmap) StdoutLine: {'line': b'-- Up-to-date: /home/brace/codeSpace/navi/install/rtabmap/include/rtabmap-0.23/rtabmap/core/OdometryInfo.h\n'}
[0.440752] (rtabmap) StdoutLine: {'line': b'-- Up-to-date: /home/brace/codeSpace/navi/install/rtabmap/include/rtabmap-0.23/rtabmap/core/SensorData.h\n'}
[0.440797] (rtabmap) StdoutLine: {'line': b'-- Up-to-date: /home/brace/codeSpace/navi/install/rtabmap/include/rtabmap-0.23/rtabmap/core/stereo\n'}
[0.440841] (rtabmap) StdoutLine: {'line': b'-- Up-to-date: /home/brace/codeSpace/navi/install/rtabmap/include/rtabmap-0.23/rtabmap/core/stereo/StereoBM.h\n'}
[0.440884] (rtabmap) StdoutLine: {'line': b'-- Up-to-date: /home/brace/codeSpace/navi/install/rtabmap/include/rtabmap-0.23/rtabmap/core/stereo/stereoRectifyFisheye.h\n'}
[0.440925] (rtabmap) StdoutLine: {'line': b'-- Up-to-date: /home/brace/codeSpace/navi/install/rtabmap/include/rtabmap-0.23/rtabmap/core/stereo/StereoSGBM.h\n'}
[0.440974] (rtabmap) StdoutLine: {'line': b'-- Up-to-date: /home/brace/codeSpace/navi/install/rtabmap/include/rtabmap-0.23/rtabmap/core/StereoCameraModel.h\n'}
[0.441071] (rtabmap) StdoutLine: {'line': b'-- Up-to-date: /home/brace/codeSpace/navi/install/rtabmap/include/rtabmap-0.23/rtabmap/core/util2d.h\n'}
[0.441118] (rtabmap) StdoutLine: {'line': b'-- Up-to-date: /home/brace/codeSpace/navi/install/rtabmap/include/rtabmap-0.23/rtabmap/core/RtabmapThread.h\n'}
[0.441168] (rtabmap) StdoutLine: {'line': b'-- Up-to-date: /home/brace/codeSpace/navi/install/rtabmap/include/rtabmap-0.23/rtabmap/core/GainCompensator.h\n'}
[0.441201] (rtabmap) StdoutLine: {'line': b'-- Up-to-date: /home/brace/codeSpace/navi/install/rtabmap/include/rtabmap-0.23/rtabmap/core/StereoDense.h\n'}
[0.441229] (rtabmap) StdoutLine: {'line': b'-- Up-to-date: /home/brace/codeSpace/navi/install/rtabmap/include/rtabmap-0.23/rtabmap/core/GeodeticCoords.h\n'}
[0.441257] (rtabmap) StdoutLine: {'line': b'-- Up-to-date: /home/brace/codeSpace/navi/install/rtabmap/include/rtabmap-0.23/rtabmap/core/ParticleFilter.h\n'}
[0.441286] (rtabmap) StdoutLine: {'line': b'-- Up-to-date: /home/brace/codeSpace/navi/install/rtabmap/include/rtabmap-0.23/rtabmap/core/Recovery.h\n'}
[0.441318] (rtabmap) StdoutLine: {'line': b'-- Up-to-date: /home/brace/codeSpace/navi/install/rtabmap/include/rtabmap-0.23/rtabmap/core/EnvSensor.h\n'}
[0.441353] (rtabmap) StdoutLine: {'line': b'-- Up-to-date: /home/brace/codeSpace/navi/install/rtabmap/include/rtabmap-0.23/rtabmap/core/CameraEvent.h\n'}
[0.441382] (rtabmap) StdoutLine: {'line': b'-- Up-to-date: /home/brace/codeSpace/navi/install/rtabmap/include/rtabmap-0.23/rtabmap/core/Transform.h\n'}
[0.441411] (rtabmap) StdoutLine: {'line': b'-- Up-to-date: /home/brace/codeSpace/navi/install/rtabmap/include/rtabmap-0.23/rtabmap/core/optimizer\n'}
[0.441451] (rtabmap) StdoutLine: {'line': b'-- Up-to-date: /home/brace/codeSpace/navi/install/rtabmap/include/rtabmap-0.23/rtabmap/core/optimizer/OptimizerGTSAM.h\n'}
[0.441490] (rtabmap) StdoutLine: {'line': b'-- Up-to-date: /home/brace/codeSpace/navi/install/rtabmap/include/rtabmap-0.23/rtabmap/core/optimizer/OptimizerCeres.h\n'}
[0.441530] (rtabmap) StdoutLine: {'line': b'-- Up-to-date: /home/brace/codeSpace/navi/install/rtabmap/include/rtabmap-0.23/rtabmap/core/optimizer/OptimizerG2O.h\n'}
[0.441578] (rtabmap) StdoutLine: {'line': b'-- Up-to-date: /home/brace/codeSpace/navi/install/rtabmap/include/rtabmap-0.23/rtabmap/core/optimizer/OptimizerTORO.h\n'}
[0.441636] (rtabmap) StdoutLine: {'line': b'-- Up-to-date: /home/brace/codeSpace/navi/install/rtabmap/include/rtabmap-0.23/rtabmap/core/optimizer/OptimizerCVSBA.h\n'}
[0.441672] (rtabmap) StdoutLine: {'line': b'-- Up-to-date: /home/brace/codeSpace/navi/install/rtabmap/include/rtabmap-0.23/rtabmap/core/IMU.h\n'}
[0.441703] (rtabmap) StdoutLine: {'line': b'-- Up-to-date: /home/brace/codeSpace/navi/install/rtabmap/include/rtabmap-0.23/rtabmap/core/CameraRGB.h\n'}
[0.441753] (rtabmap) StdoutLine: {'line': b'-- Up-to-date: /home/brace/codeSpace/navi/install/rtabmap/include/rtabmap-0.23/rtabmap/core/ParamEvent.h\n'}
[0.441783] (rtabmap) StdoutLine: {'line': b'-- Up-to-date: /home/brace/codeSpace/navi/install/rtabmap/include/rtabmap-0.23/rtabmap/core/OccupancyGrid.h\n'}
[0.441812] (rtabmap) StdoutLine: {'line': b'-- Up-to-date: /home/brace/codeSpace/navi/install/rtabmap/include/rtabmap-0.23/rtabmap/core/Rtabmap.h\n'}
[0.441841] (rtabmap) StdoutLine: {'line': b'-- Up-to-date: /home/brace/codeSpace/navi/install/rtabmap/include/rtabmap-0.23/rtabmap/core/OdometryEvent.h\n'}
[0.441870] (rtabmap) StdoutLine: {'line': b'-- Up-to-date: /home/brace/codeSpace/navi/install/rtabmap/include/rtabmap-0.23/rtabmap/core/RegistrationVis.h\n'}
[0.441901] (rtabmap) StdoutLine: {'line': b'-- Up-to-date: /home/brace/codeSpace/navi/install/rtabmap/include/rtabmap-0.23/rtabmap/core/util3d_mapping.h\n'}
[0.441932] (rtabmap) StdoutLine: {'line': b'-- Up-to-date: /home/brace/codeSpace/navi/install/rtabmap/include/rtabmap-0.23/rtabmap/core/Parameters.h\n'}
[0.441970] (rtabmap) StdoutLine: {'line': b'-- Up-to-date: /home/brace/codeSpace/navi/install/rtabmap/include/rtabmap-0.23/rtabmap/core/PythonInterface.h\n'}
[0.442007] (rtabmap) StdoutLine: {'line': b'-- Up-to-date: /home/brace/codeSpace/navi/install/rtabmap/include/rtabmap-0.23/rtabmap/core/util3d_surface.h\n'}
[0.442044] (rtabmap) StdoutLine: {'line': b'-- Up-to-date: /home/brace/codeSpace/navi/install/rtabmap/include/rtabmap-0.23/rtabmap/core/MarkerDetector.h\n'}
[0.442082] (rtabmap) StdoutLine: {'line': b'-- Up-to-date: /home/brace/codeSpace/navi/install/rtabmap/include/rtabmap-0.23/rtabmap/core/DBReader.h\n'}
[0.442122] (rtabmap) StdoutLine: {'line': b'-- Up-to-date: /home/brace/codeSpace/navi/install/rtabmap/include/rtabmap-0.23/rtabmap/core/impl\n'}
[0.442160] (rtabmap) StdoutLine: {'line': b'-- Up-to-date: /home/brace/codeSpace/navi/install/rtabmap/include/rtabmap-0.23/rtabmap/core/impl/LocalMapMaker.hpp\n'}
[0.442203] (rtabmap) StdoutLine: {'line': b'-- Up-to-date: /home/brace/codeSpace/navi/install/rtabmap/include/rtabmap-0.23/rtabmap/core/impl/util3d.hpp\n'}
[0.442239] (rtabmap) StdoutLine: {'line': b'-- Up-to-date: /home/brace/codeSpace/navi/install/rtabmap/include/rtabmap-0.23/rtabmap/core/impl/util3d_mapping.hpp\n'}
[0.442277] (rtabmap) StdoutLine: {'line': b'-- Up-to-date: /home/brace/codeSpace/navi/install/rtabmap/include/rtabmap-0.23/rtabmap/core/impl/util3d_surface.hpp\n'}
[0.442314] (rtabmap) StdoutLine: {'line': b'-- Up-to-date: /home/brace/codeSpace/navi/install/rtabmap/include/rtabmap-0.23/rtabmap/core/FlannIndex.h\n'}
[0.442376] (rtabmap) StdoutLine: {'line': b'-- Up-to-date: /home/brace/codeSpace/navi/install/rtabmap/include/rtabmap-0.23/rtabmap/core/rvl_codec.h\n'}
[0.442421] (rtabmap) StdoutLine: {'line': b'-- Up-to-date: /home/brace/codeSpace/navi/install/rtabmap/include/rtabmap-0.23/rtabmap/core/Registration.h\n'}
[0.442451] (rtabmap) StdoutLine: {'line': b'-- Up-to-date: /home/brace/codeSpace/navi/install/rtabmap/include/rtabmap-0.23/rtabmap/core/util3d_motion_estimation.h\n'}
[0.442480] (rtabmap) StdoutLine: {'line': b'-- Up-to-date: /home/brace/codeSpace/navi/install/rtabmap/include/rtabmap-0.23/rtabmap/core/SensorCapture.h\n'}
[0.442508] (rtabmap) StdoutLine: {'line': b'-- Up-to-date: /home/brace/codeSpace/navi/install/rtabmap/include/rtabmap-0.23/rtabmap/core/lidar\n'}
[0.442537] (rtabmap) StdoutLine: {'line': b'-- Up-to-date: /home/brace/codeSpace/navi/install/rtabmap/include/rtabmap-0.23/rtabmap/core/lidar/LidarVLP16.h\n'}
[0.442576] (rtabmap) StdoutLine: {'line': b'-- Up-to-date: /home/brace/codeSpace/navi/install/rtabmap/include/rtabmap-0.23/rtabmap/core/util3d.h\n'}
[0.442610] (rtabmap) StdoutLine: {'line': b'-- Up-to-date: /home/brace/codeSpace/navi/install/rtabmap/include/rtabmap-0.23/rtabmap/core/LASWriter.h\n'}
[0.442649] (rtabmap) StdoutLine: {'line': b'-- Up-to-date: /home/brace/codeSpace/navi/install/rtabmap/include/rtabmap-0.23/rtabmap/core/Image.h\n'}
[0.442685] (rtabmap) StdoutLine: {'line': b'-- Up-to-date: /home/brace/codeSpace/navi/install/rtabmap/include/rtabmap-0.23/rtabmap/core/camera\n'}
[0.442723] (rtabmap) StdoutLine: {'line': b'-- Up-to-date: /home/brace/codeSpace/navi/install/rtabmap/include/rtabmap-0.23/rtabmap/core/camera/CameraStereoVideo.h\n'}
[0.442760] (rtabmap) StdoutLine: {'line': b'-- Up-to-date: /home/brace/codeSpace/navi/install/rtabmap/include/rtabmap-0.23/rtabmap/core/camera/CameraStereoFlyCapture2.h\n'}
[0.442797] (rtabmap) StdoutLine: {'line': b'-- Up-to-date: /home/brace/codeSpace/navi/install/rtabmap/include/rtabmap-0.23/rtabmap/core/camera/CameraImages.h\n'}
[0.442834] (rtabmap) StdoutLine: {'line': b'-- Up-to-date: /home/brace/codeSpace/navi/install/rtabmap/include/rtabmap-0.23/rtabmap/core/camera/CameraMyntEye.h\n'}
[0.442871] (rtabmap) StdoutLine: {'line': b'-- Up-to-date: /home/brace/codeSpace/navi/install/rtabmap/include/rtabmap-0.23/rtabmap/core/camera/CameraK4W2.h\n'}
[0.442906] (rtabmap) StdoutLine: {'line': b'-- Up-to-date: /home/brace/codeSpace/navi/install/rtabmap/include/rtabmap-0.23/rtabmap/core/camera/CameraStereoDC1394.h\n'}
[0.442943] (rtabmap) StdoutLine: {'line': b'-- Up-to-date: /home/brace/codeSpace/navi/install/rtabmap/include/rtabmap-0.23/rtabmap/core/camera/CameraFreenect2.h\n'}
[0.442981] (rtabmap) StdoutLine: {'line': b'-- Up-to-date: /home/brace/codeSpace/navi/install/rtabmap/include/rtabmap-0.23/rtabmap/core/camera/CameraStereoImages.h\n'}
[0.443042] (rtabmap) StdoutLine: {'line': b'-- Up-to-date: /home/brace/codeSpace/navi/install/rtabmap/include/rtabmap-0.23/rtabmap/core/camera/CameraFreenect.h\n'}
[0.443074] (rtabmap) StdoutLine: {'line': b'-- Up-to-date: /home/brace/codeSpace/navi/install/rtabmap/include/rtabmap-0.23/rtabmap/core/camera/CameraOrbbecSDK.h\n'}
[0.443104] (rtabmap) StdoutLine: {'line': b'-- Up-to-date: /home/brace/codeSpace/navi/install/rtabmap/include/rtabmap-0.23/rtabmap/core/camera/CameraStereoZed.h\n'}
[0.443132] (rtabmap) StdoutLine: {'line': b'-- Up-to-date: /home/brace/codeSpace/navi/install/rtabmap/include/rtabmap-0.23/rtabmap/core/camera/CameraRealSense.h\n'}
[0.443162] (rtabmap) StdoutLine: {'line': b'-- Up-to-date: /home/brace/codeSpace/navi/install/rtabmap/include/rtabmap-0.23/rtabmap/core/camera/CameraStereoTara.h\n'}
[0.443190] (rtabmap) StdoutLine: {'line': b'-- Up-to-date: /home/brace/codeSpace/navi/install/rtabmap/include/rtabmap-0.23/rtabmap/core/camera/CameraVideo.h\n'}
[0.443228] (rtabmap) StdoutLine: {'line': b'-- Up-to-date: /home/brace/codeSpace/navi/install/rtabmap/include/rtabmap-0.23/rtabmap/core/camera/CameraRealSense2.h\n'}
[0.443265] (rtabmap) StdoutLine: {'line': b'-- Up-to-date: /home/brace/codeSpace/navi/install/rtabmap/include/rtabmap-0.23/rtabmap/core/camera/CameraDepthAI.h\n'}
[0.443305] (rtabmap) StdoutLine: {'line': b'-- Up-to-date: /home/brace/codeSpace/navi/install/rtabmap/include/rtabmap-0.23/rtabmap/core/camera/CameraK4A.h\n'}
[0.443356] (rtabmap) StdoutLine: {'line': b'-- Up-to-date: /home/brace/codeSpace/navi/install/rtabmap/include/rtabmap-0.23/rtabmap/core/camera/CameraStereoZedOC.h\n'}
[0.443407] (rtabmap) StdoutLine: {'line': b'-- Up-to-date: /home/brace/codeSpace/navi/install/rtabmap/include/rtabmap-0.23/rtabmap/core/camera/CameraOpenni.h\n'}
[0.443446] (rtabmap) StdoutLine: {'line': b'-- Up-to-date: /home/brace/codeSpace/navi/install/rtabmap/include/rtabmap-0.23/rtabmap/core/camera/CameraOpenNI2.h\n'}
[0.443485] (rtabmap) StdoutLine: {'line': b'-- Up-to-date: /home/brace/codeSpace/navi/install/rtabmap/include/rtabmap-0.23/rtabmap/core/camera/CameraRGBDImages.h\n'}
[0.443539] (rtabmap) StdoutLine: {'line': b'-- Up-to-date: /home/brace/codeSpace/navi/install/rtabmap/include/rtabmap-0.23/rtabmap/core/camera/CameraOpenNICV.h\n'}
[0.443577] (rtabmap) StdoutLine: {'line': b'-- Up-to-date: /home/brace/codeSpace/navi/install/rtabmap/include/rtabmap-0.23/rtabmap/core/camera/CameraSeerSense.h\n'}
[0.443628] (rtabmap) StdoutLine: {'line': b'-- Up-to-date: /home/brace/codeSpace/navi/install/rtabmap/include/rtabmap-0.23/rtabmap/core/util3d_features.h\n'}
[0.443662] (rtabmap) StdoutLine: {'line': b'-- Up-to-date: /home/brace/codeSpace/navi/install/rtabmap/include/rtabmap-0.23/rtabmap/core/VWDictionary.h\n'}
[0.443692] (rtabmap) StdoutLine: {'line': b'-- Up-to-date: /home/brace/codeSpace/navi/install/rtabmap/include/rtabmap-0.23/rtabmap/core/GlobalDescriptor.h\n'}
[0.443719] (rtabmap) StdoutLine: {'line': b'-- Up-to-date: /home/brace/codeSpace/navi/install/rtabmap/include/rtabmap-0.23/rtabmap/core/GlobalMap.h\n'}
[0.443746] (rtabmap) StdoutLine: {'line': b'-- Up-to-date: /home/brace/codeSpace/navi/install/rtabmap/include/rtabmap-0.23/rtabmap/core/Graph.h\n'}
[0.443775] (rtabmap) StdoutLine: {'line': b'-- Up-to-date: /home/brace/codeSpace/navi/install/rtabmap/include/rtabmap-0.23/rtabmap/core/GPS.h\n'}
[0.443802] (rtabmap) StdoutLine: {'line': b'-- Up-to-date: /home/brace/codeSpace/navi/install/rtabmap/include/rtabmap-0.23/rtabmap/core/RegistrationIcp.h\n'}
[0.443828] (rtabmap) StdoutLine: {'line': b'-- Up-to-date: /home/brace/codeSpace/navi/install/rtabmap/include/rtabmap-0.23/rtabmap/core/Stereo.h\n'}
[0.443855] (rtabmap) StdoutLine: {'line': b'-- Up-to-date: /home/brace/codeSpace/navi/install/rtabmap/include/rtabmap-0.23/rtabmap/core/LocalGrid.h\n'}
[0.443881] (rtabmap) StdoutLine: {'line': b'-- Up-to-date: /home/brace/codeSpace/navi/install/rtabmap/include/rtabmap-0.23/rtabmap/core/CameraStereo.h\n'}
[0.443907] (rtabmap) StdoutLine: {'line': b'-- Up-to-date: /home/brace/codeSpace/navi/install/rtabmap/include/rtabmap-0.23/rtabmap/core/BayesFilter.h\n'}
[0.443945] (rtabmap) StdoutLine: {'line': b'-- Up-to-date: /home/brace/codeSpace/navi/install/rtabmap/include/rtabmap-0.23/rtabmap/core/OdometryThread.h\n'}
[0.443980] (rtabmap) StdoutLine: {'line': b'-- Up-to-date: /home/brace/codeSpace/navi/install/rtabmap/include/rtabmap-0.23/rtabmap/core/Compression.h\n'}
[0.444016] (rtabmap) StdoutLine: {'line': b'-- Up-to-date: /home/brace/codeSpace/navi/install/rtabmap/include/rtabmap-0.23/rtabmap/core/PDALWriter.h\n'}
[0.444051] (rtabmap) StdoutLine: {'line': b'-- Up-to-date: /home/brace/codeSpace/navi/install/rtabmap/include/rtabmap-0.23/rtabmap/core/odometry\n'}
[0.444085] (rtabmap) StdoutLine: {'line': b'-- Up-to-date: /home/brace/codeSpace/navi/install/rtabmap/include/rtabmap-0.23/rtabmap/core/odometry/OdometryORBSLAM3.h\n'}
[0.444121] (rtabmap) StdoutLine: {'line': b'-- Up-to-date: /home/brace/codeSpace/navi/install/rtabmap/include/rtabmap-0.23/rtabmap/core/odometry/OdometryFovis.h\n'}
[0.444158] (rtabmap) StdoutLine: {'line': b'-- Up-to-date: /home/brace/codeSpace/navi/install/rtabmap/include/rtabmap-0.23/rtabmap/core/odometry/OdometryORBSLAM2.h\n'}
[0.444195] (rtabmap) StdoutLine: {'line': b'-- Up-to-date: /home/brace/codeSpace/navi/install/rtabmap/include/rtabmap-0.23/rtabmap/core/odometry/OdometryF2M.h\n'}
[0.444232] (rtabmap) StdoutLine: {'line': b'-- Up-to-date: /home/brace/codeSpace/navi/install/rtabmap/include/rtabmap-0.23/rtabmap/core/odometry/OdometryMSCKF.h\n'}
[0.444267] (rtabmap) StdoutLine: {'line': b'-- Up-to-date: /home/brace/codeSpace/navi/install/rtabmap/include/rtabmap-0.23/rtabmap/core/odometry/OdometryVINSFusion.h\n'}
[0.444320] (rtabmap) StdoutLine: {'line': b'-- Up-to-date: /home/brace/codeSpace/navi/install/rtabmap/include/rtabmap-0.23/rtabmap/core/odometry/OdometryOpen3D.h\n'}
[0.444353] (rtabmap) StdoutLine: {'line': b'-- Up-to-date: /home/brace/codeSpace/navi/install/rtabmap/include/rtabmap-0.23/rtabmap/core/odometry/OdometryVINS.h\n'}
[0.444391] (rtabmap) StdoutLine: {'line': b'-- Up-to-date: /home/brace/codeSpace/navi/install/rtabmap/include/rtabmap-0.23/rtabmap/core/odometry/OdometryDVO.h\n'}
[0.444430] (rtabmap) StdoutLine: {'line': b'-- Up-to-date: /home/brace/codeSpace/navi/install/rtabmap/include/rtabmap-0.23/rtabmap/core/odometry/OdometryLOAM.h\n'}
[0.444456] (rtabmap) StdoutLine: {'line': b'-- Up-to-date: /home/brace/codeSpace/navi/install/rtabmap/include/rtabmap-0.23/rtabmap/core/odometry/OdometryViso2.h\n'}
[0.444482] (rtabmap) StdoutLine: {'line': b'-- Up-to-date: /home/brace/codeSpace/navi/install/rtabmap/include/rtabmap-0.23/rtabmap/core/odometry/OdometryOkvis.h\n'}
[0.444508] (rtabmap) StdoutLine: {'line': b'-- Up-to-date: /home/brace/codeSpace/navi/install/rtabmap/include/rtabmap-0.23/rtabmap/core/odometry/OdometryFLOAM.h\n'}
[0.444533] (rtabmap) StdoutLine: {'line': b'-- Up-to-date: /home/brace/codeSpace/navi/install/rtabmap/include/rtabmap-0.23/rtabmap/core/odometry/OdometryCuVSLAM.h\n'}
[0.444558] (rtabmap) StdoutLine: {'line': b'-- Up-to-date: /home/brace/codeSpace/navi/install/rtabmap/include/rtabmap-0.23/rtabmap/core/odometry/OdometryMono.h\n'}
[0.444591] (rtabmap) StdoutLine: {'line': b'-- Up-to-date: /home/brace/codeSpace/navi/install/rtabmap/include/rtabmap-0.23/rtabmap/core/odometry/OdometryOpenVINS.h\n'}
[0.444627] (rtabmap) StdoutLine: {'line': b'-- Up-to-date: /home/brace/codeSpace/navi/install/rtabmap/include/rtabmap-0.23/rtabmap/core/odometry/OdometryF2F.h\n'}
[0.444662] (rtabmap) StdoutLine: {'line': b'-- Up-to-date: /home/brace/codeSpace/navi/install/rtabmap/include/rtabmap-0.23/rtabmap/core/VisualWord.h\n'}
[0.444698] (rtabmap) StdoutLine: {'line': b'-- Up-to-date: /home/brace/codeSpace/navi/install/rtabmap/include/rtabmap-0.23/rtabmap/core/UserDataEvent.h\n'}
[0.444734] (rtabmap) StdoutLine: {'line': b'-- Up-to-date: /home/brace/codeSpace/navi/install/rtabmap/include/rtabmap-0.23/rtabmap/core/CameraThread.h\n'}
[0.444778] (rtabmap) StdoutLine: {'line': b'-- Up-to-date: /home/brace/codeSpace/navi/install/rtabmap/include/rtabmap-0.23/rtabmap/core/util3d_transforms.h\n'}
[0.444811] (rtabmap) StdoutLine: {'line': b'-- Up-to-date: /home/brace/codeSpace/navi/install/rtabmap/include/rtabmap-0.23/rtabmap/core/DBDriver.h\n'}
[0.444847] (rtabmap) StdoutLine: {'line': b'-- Up-to-date: /home/brace/codeSpace/navi/install/rtabmap/include/rtabmap-0.23/rtabmap/core/SensorCaptureInfo.h\n'}
[0.444882] (rtabmap) StdoutLine: {'line': b'-- Up-to-date: /home/brace/codeSpace/navi/install/rtabmap/include/rtabmap-0.23/rtabmap/core/Odometry.h\n'}
[0.444917] (rtabmap) StdoutLine: {'line': b'-- Up-to-date: /home/brace/codeSpace/navi/install/rtabmap/include/rtabmap-0.23/rtabmap/core/Lidar.h\n'}
[0.444951] (rtabmap) StdoutLine: {'line': b'-- Up-to-date: /home/brace/codeSpace/navi/install/rtabmap/include/rtabmap-0.23/rtabmap/core/Link.h\n'}
[0.444986] (rtabmap) StdoutLine: {'line': b'-- Up-to-date: /home/brace/codeSpace/navi/install/rtabmap/include/rtabmap-0.23/rtabmap/core/SensorCaptureThread.h\n'}
[0.445020] (rtabmap) StdoutLine: {'line': b'-- Up-to-date: /home/brace/codeSpace/navi/install/rtabmap/include/rtabmap-0.23/rtabmap\n'}
[0.445054] (rtabmap) StdoutLine: {'line': b'-- Up-to-date: /home/brace/codeSpace/navi/install/rtabmap/include/rtabmap-0.23/rtabmap/core\n'}
[0.445090] (rtabmap) StdoutLine: {'line': b'-- Up-to-date: /home/brace/codeSpace/navi/install/rtabmap/include/rtabmap-0.23/rtabmap/core/rtabmap_core_export.h\n'}
[0.445125] (rtabmap) StdoutLine: {'line': b'-- Up-to-date: /home/brace/codeSpace/navi/install/rtabmap/include/rtabmap-0.23/rtabmap/core/Version.h\n'}
[0.445160] (rtabmap) StdoutLine: {'line': b'-- Up-to-date: /home/brace/codeSpace/navi/install/rtabmap/lib/rtabmap-0.23/RTABMap_coreTargets.cmake\n'}
[0.445195] (rtabmap) StdoutLine: {'line': b'-- Up-to-date: /home/brace/codeSpace/navi/install/rtabmap/lib/rtabmap-0.23/RTABMap_coreTargets-release.cmake\n'}
[0.445230] (rtabmap) StdoutLine: {'line': b'-- Up-to-date: /home/brace/codeSpace/navi/install/rtabmap/lib/librtabmap_gui.so.0.23.4\n'}
[0.445264] (rtabmap) StdoutLine: {'line': b'-- Up-to-date: /home/brace/codeSpace/navi/install/rtabmap/lib/librtabmap_gui.so.0.23\n'}
[0.445298] (rtabmap) StdoutLine: {'line': b'-- Up-to-date: /home/brace/codeSpace/navi/install/rtabmap/lib/librtabmap_gui.so\n'}
[0.445348] (rtabmap) StdoutLine: {'line': b'-- Up-to-date: /home/brace/codeSpace/navi/install/rtabmap/include/rtabmap-0.23/rtabmap\n'}
[0.445376] (rtabmap) StdoutLine: {'line': b'-- Up-to-date: /home/brace/codeSpace/navi/install/rtabmap/include/rtabmap-0.23/rtabmap/utilite\n'}
[0.445404] (rtabmap) StdoutLine: {'line': b'-- Up-to-date: /home/brace/codeSpace/navi/install/rtabmap/include/rtabmap-0.23/rtabmap/utilite/UCv2Qt.h\n'}
[0.445431] (rtabmap) StdoutLine: {'line': b'-- Up-to-date: /home/brace/codeSpace/navi/install/rtabmap/include/rtabmap-0.23/rtabmap/utilite/UPlot.h\n'}
[0.445457] (rtabmap) StdoutLine: {'line': b'-- Up-to-date: /home/brace/codeSpace/navi/install/rtabmap/include/rtabmap-0.23/rtabmap/utilite/UImageView.h\n'}
[0.445489] (rtabmap) StdoutLine: {'line': b'-- Up-to-date: /home/brace/codeSpace/navi/install/rtabmap/include/rtabmap-0.23/rtabmap/gui\n'}
[0.445523] (rtabmap) StdoutLine: {'line': b'-- Up-to-date: /home/brace/codeSpace/navi/install/rtabmap/include/rtabmap-0.23/rtabmap/gui/LoopClosureViewer.h\n'}
[0.445558] (rtabmap) StdoutLine: {'line': b'-- Up-to-date: /home/brace/codeSpace/navi/install/rtabmap/include/rtabmap-0.23/rtabmap/gui/MapVisibilityWidget.h\n'}
[0.445599] (rtabmap) StdoutLine: {'line': b'-- Up-to-date: /home/brace/codeSpace/navi/install/rtabmap/include/rtabmap-0.23/rtabmap/gui/EditConstraintDialog.h\n'}
[0.445635] (rtabmap) StdoutLine: {'line': b'-- Up-to-date: /home/brace/codeSpace/navi/install/rtabmap/include/rtabmap-0.23/rtabmap/gui/ProgressDialog.h\n'}
[0.445678] (rtabmap) StdoutLine: {'line': b'-- Up-to-date: /home/brace/codeSpace/navi/install/rtabmap/include/rtabmap-0.23/rtabmap/gui/StatsToolBox.h\n'}
[0.445716] (rtabmap) StdoutLine: {'line': b'-- Up-to-date: /home/brace/codeSpace/navi/install/rtabmap/include/rtabmap-0.23/rtabmap/gui/ExportBundlerDialog.h\n'}
[0.445743] (rtabmap) StdoutLine: {'line': b'-- Up-to-date: /home/brace/codeSpace/navi/install/rtabmap/include/rtabmap-0.23/rtabmap/gui/CloudViewerCellPicker.h\n'}
[0.445769] (rtabmap) StdoutLine: {'line': b'-- Up-to-date: /home/brace/codeSpace/navi/install/rtabmap/include/rtabmap-0.23/rtabmap/gui/ConsoleWidget.h\n'}
[0.445795] (rtabmap) StdoutLine: {'line': b'-- Up-to-date: /home/brace/codeSpace/navi/install/rtabmap/include/rtabmap-0.23/rtabmap/gui/LinkRefiningDialog.h\n'}
[0.445821] (rtabmap) StdoutLine: {'line': b'-- Up-to-date: /home/brace/codeSpace/navi/install/rtabmap/include/rtabmap-0.23/rtabmap/gui/MultiSessionLocSubView.h\n'}
[0.445846] (rtabmap) StdoutLine: {'line': b'-- Up-to-date: /home/brace/codeSpace/navi/install/rtabmap/include/rtabmap-0.23/rtabmap/gui/AboutDialog.h\n'}
[0.445872] (rtabmap) StdoutLine: {'line': b'-- Up-to-date: /home/brace/codeSpace/navi/install/rtabmap/include/rtabmap-0.23/rtabmap/gui/PreferencesDialog.h\n'}
[0.445898] (rtabmap) StdoutLine: {'line': b'-- Up-to-date: /home/brace/codeSpace/navi/install/rtabmap/include/rtabmap-0.23/rtabmap/gui/PointCloudColorHandlerIntensityField.h\n'}
[0.445924] (rtabmap) StdoutLine: {'line': b'-- Up-to-date: /home/brace/codeSpace/navi/install/rtabmap/include/rtabmap-0.23/rtabmap/gui/ParametersToolBox.h\n'}
[0.445952] (rtabmap) StdoutLine: {'line': b'-- Up-to-date: /home/brace/codeSpace/navi/install/rtabmap/include/rtabmap-0.23/rtabmap/gui/MultiSessionLocWidget.h\n'}
[0.445977] (rtabmap) StdoutLine: {'line': b'-- Up-to-date: /home/brace/codeSpace/navi/install/rtabmap/include/rtabmap-0.23/rtabmap/gui/PostProcessingDialog.h\n'}
[0.446002] (rtabmap) StdoutLine: {'line': b'-- Up-to-date: /home/brace/codeSpace/navi/install/rtabmap/include/rtabmap-0.23/rtabmap/gui/OdometryViewer.h\n'}
[0.446026] (rtabmap) StdoutLine: {'line': b'-- Up-to-date: /home/brace/codeSpace/navi/install/rtabmap/include/rtabmap-0.23/rtabmap/gui/GraphViewer.h\n'}
[0.446052] (rtabmap) StdoutLine: {'line': b'-- Up-to-date: /home/brace/codeSpace/navi/install/rtabmap/include/rtabmap-0.23/rtabmap/gui/MainWindow.h\n'}
[0.446078] (rtabmap) StdoutLine: {'line': b'-- Up-to-date: /home/brace/codeSpace/navi/install/rtabmap/include/rtabmap-0.23/rtabmap/gui/CameraViewer.h\n'}
[0.446104] (rtabmap) StdoutLine: {'line': b'-- Up-to-date: /home/brace/codeSpace/navi/install/rtabmap/include/rtabmap-0.23/rtabmap/gui/CreateSimpleCalibrationDialog.h\n'}
[0.446129] (rtabmap) StdoutLine: {'line': b'-- Up-to-date: /home/brace/codeSpace/navi/install/rtabmap/include/rtabmap-0.23/rtabmap/gui/EditDepthArea.h\n'}
[0.446159] (rtabmap) StdoutLine: {'line': b'-- Up-to-date: /home/brace/codeSpace/navi/install/rtabmap/include/rtabmap-0.23/rtabmap/gui/DataRecorder.h\n'}
[0.446194] (rtabmap) StdoutLine: {'line': b'-- Up-to-date: /home/brace/codeSpace/navi/install/rtabmap/include/rtabmap-0.23/rtabmap/gui/ExportCloudsDialog.h\n'}
[0.446229] (rtabmap) StdoutLine: {'line': b'-- Up-to-date: /home/brace/codeSpace/navi/install/rtabmap/include/rtabmap-0.23/rtabmap/gui/ImageView.h\n'}
[0.446263] (rtabmap) StdoutLine: {'line': b'-- Up-to-date: /home/brace/codeSpace/navi/install/rtabmap/include/rtabmap-0.23/rtabmap/gui/EditMapArea.h\n'}
[0.446297] (rtabmap) StdoutLine: {'line': b'-- Up-to-date: /home/brace/codeSpace/navi/install/rtabmap/include/rtabmap-0.23/rtabmap/gui/PointCloudColorHandlerMinMaxGenericField.h\n'}
[0.446331] (rtabmap) StdoutLine: {'line': b'-- Up-to-date: /home/brace/codeSpace/navi/install/rtabmap/include/rtabmap-0.23/rtabmap/gui/CalibrationDialog.h\n'}
[0.446384] (rtabmap) StdoutLine: {'line': b'-- Up-to-date: /home/brace/codeSpace/navi/install/rtabmap/include/rtabmap-0.23/rtabmap/gui/CloudViewer.h\n'}
[0.446415] (rtabmap) StdoutLine: {'line': b'-- Up-to-date: /home/brace/codeSpace/navi/install/rtabmap/include/rtabmap-0.23/rtabmap/gui/RecoveryState.h\n'}
[0.446443] (rtabmap) StdoutLine: {'line': b'-- Up-to-date: /home/brace/codeSpace/navi/install/rtabmap/include/rtabmap-0.23/rtabmap/gui/PdfPlot.h\n'}
[0.446469] (rtabmap) StdoutLine: {'line': b'-- Up-to-date: /home/brace/codeSpace/navi/install/rtabmap/include/rtabmap-0.23/rtabmap/gui/ExportDialog.h\n'}
[0.446494] (rtabmap) StdoutLine: {'line': b'-- Up-to-date: /home/brace/codeSpace/navi/install/rtabmap/include/rtabmap-0.23/rtabmap/gui/KeypointItem.h\n'}
[0.446520] (rtabmap) StdoutLine: {'line': b'-- Up-to-date: /home/brace/codeSpace/navi/install/rtabmap/include/rtabmap-0.23/rtabmap/gui/CloudViewerInteractorStyle.h\n'}
[0.446546] (rtabmap) StdoutLine: {'line': b'-- Up-to-date: /home/brace/codeSpace/navi/install/rtabmap/include/rtabmap-0.23/rtabmap/gui/TexturingState.h\n'}
[0.446577] (rtabmap) StdoutLine: {'line': b'-- Up-to-date: /home/brace/codeSpace/navi/install/rtabmap/include/rtabmap-0.23/rtabmap/gui/DepthCalibrationDialog.h\n'}
[0.446605] (rtabmap) StdoutLine: {'line': b'-- Up-to-date: /home/brace/codeSpace/navi/install/rtabmap/include/rtabmap-0.23/rtabmap/gui/DatabaseViewer.h\n'}
[0.446631] (rtabmap) StdoutLine: {'line': b'-- Up-to-date: /home/brace/codeSpace/navi/install/rtabmap/include/rtabmap-0.23/rtabmap\n'}
[0.446658] (rtabmap) StdoutLine: {'line': b'-- Up-to-date: /home/brace/codeSpace/navi/install/rtabmap/include/rtabmap-0.23/rtabmap/gui\n'}
[0.446684] (rtabmap) StdoutLine: {'line': b'-- Up-to-date: /home/brace/codeSpace/navi/install/rtabmap/include/rtabmap-0.23/rtabmap/gui/rtabmap_gui_export.h\n'}
[0.446709] (rtabmap) StdoutLine: {'line': b'-- Up-to-date: /home/brace/codeSpace/navi/install/rtabmap/lib/rtabmap-0.23/RTABMap_guiTargets.cmake\n'}
[0.446738] (rtabmap) StdoutLine: {'line': b'-- Up-to-date: /home/brace/codeSpace/navi/install/rtabmap/lib/rtabmap-0.23/RTABMap_guiTargets-release.cmake\n'}
[0.446763] (rtabmap) StdoutLine: {'line': b'-- Up-to-date: /home/brace/codeSpace/navi/install/rtabmap/bin/rtabmap\n'}
[0.446788] (rtabmap) StdoutLine: {'line': b'-- Up-to-date: /home/brace/codeSpace/navi/install/rtabmap/bin/rtabmap-console\n'}
[0.446815] (rtabmap) StdoutLine: {'line': b'-- Up-to-date: /home/brace/codeSpace/navi/install/rtabmap/bin/rtabmap-extractObject\n'}
[0.446844] (rtabmap) StdoutLine: {'line': b'-- Up-to-date: /home/brace/codeSpace/navi/install/rtabmap/bin/rtabmap-camera\n'}
[0.446871] (rtabmap) StdoutLine: {'line': b'-- Up-to-date: /home/brace/codeSpace/navi/install/rtabmap/bin/rtabmap-kitti_dataset\n'}
[0.446900] (rtabmap) StdoutLine: {'line': b'-- Up-to-date: /home/brace/codeSpace/navi/install/rtabmap/bin/rtabmap-rgbd_dataset\n'}
[0.446927] (rtabmap) StdoutLine: {'line': b'-- Up-to-date: /home/brace/codeSpace/navi/install/rtabmap/bin/rtabmap-euroc_dataset\n'}
[0.446953] (rtabmap) StdoutLine: {'line': b'-- Up-to-date: /home/brace/codeSpace/navi/install/rtabmap/bin/rtabmap-recovery\n'}
[0.446979] (rtabmap) StdoutLine: {'line': b'-- Up-to-date: /home/brace/codeSpace/navi/install/rtabmap/bin/rtabmap-reprocess\n'}
[0.447005] (rtabmap) StdoutLine: {'line': b'-- Up-to-date: /home/brace/codeSpace/navi/install/rtabmap/bin/rtabmap-detectMoreLoopClosures\n'}
[0.447031] (rtabmap) StdoutLine: {'line': b'-- Up-to-date: /home/brace/codeSpace/navi/install/rtabmap/bin/rtabmap-export\n'}
[0.447057] (rtabmap) StdoutLine: {'line': b'-- Up-to-date: /home/brace/codeSpace/navi/install/rtabmap/bin/rtabmap-report\n'}
[0.447083] (rtabmap) StdoutLine: {'line': b'-- Up-to-date: /home/brace/codeSpace/navi/install/rtabmap/bin/rtabmap-info\n'}
[0.447108] (rtabmap) StdoutLine: {'line': b'-- Up-to-date: /home/brace/codeSpace/navi/install/rtabmap/bin/rtabmap-cleanupLocalGrids\n'}
[0.447134] (rtabmap) StdoutLine: {'line': b'-- Up-to-date: /home/brace/codeSpace/navi/install/rtabmap/bin/rtabmap-globalBundleAdjustment\n'}
[0.447159] (rtabmap) StdoutLine: {'line': b'-- Up-to-date: /home/brace/codeSpace/navi/install/rtabmap/bin/rtabmap-rgbd_camera\n'}
[0.447185] (rtabmap) StdoutLine: {'line': b'-- Up-to-date: /home/brace/codeSpace/navi/install/rtabmap/bin/rtabmap-lidar_viewer\n'}
[0.447209] (rtabmap) StdoutLine: {'line': b'-- Up-to-date: /home/brace/codeSpace/navi/install/rtabmap/bin/rtabmap-databaseViewer\n'}
[0.447264] (rtabmap) StdoutLine: {'line': b'-- Up-to-date: /home/brace/codeSpace/navi/install/rtabmap/bin/rtabmap-odometryViewer\n'}
[0.447294] (rtabmap) StdoutLine: {'line': b'-- Up-to-date: /home/brace/codeSpace/navi/install/rtabmap/bin/rtabmap-dataRecorder\n'}
[0.447323] (rtabmap) StdoutLine: {'line': b'-- Up-to-date: /home/brace/codeSpace/navi/install/rtabmap/bin/rtabmap-calibration\n'}
[0.447351] (rtabmap) StdoutLine: {'line': b'-- Up-to-date: /home/brace/codeSpace/navi/install/rtabmap/lib/rtabmap-0.23/RTABMapTargets.cmake\n'}
[0.447379] (rtabmap) StdoutLine: {'line': b'-- Up-to-date: /home/brace/codeSpace/navi/install/rtabmap/lib/rtabmap-0.23/RTABMapConfig.cmake\n'}
[0.447408] (rtabmap) StdoutLine: {'line': b'-- Up-to-date: /home/brace/codeSpace/navi/install/rtabmap/lib/rtabmap-0.23/RTABMapConfigVersion.cmake\n'}
[0.447436] (rtabmap) StdoutLine: {'line': b'-- Up-to-date: /home/brace/codeSpace/navi/install/rtabmap/share/rtabmap/package.xml\n'}
[0.447876] (rtabmap) CommandEnded: {'returncode': 0}
[0.458322] (rtabmap) JobEnded: {'identifier': 'rtabmap', 'rc': 0}
[0.459202] (rtabmap_conversions) JobStarted: {'identifier': 'rtabmap_conversions'}
[0.461202] (rtabmap_python) Command: {'cmd': ['/usr/bin/python3', '-W', 'ignore:setup.py install is deprecated', '-W', 'ignore:easy_install command is deprecated', 'setup.py', 'develop', '--editable', '--build-directory', '/home/brace/codeSpace/navi/build/rtabmap_python/build', '--no-deps', 'symlink_data'], 'cwd': '/home/brace/codeSpace/navi/build/rtabmap_python', 'env': {'GJS_DEBUG_TOPICS': 'JS ERROR;JS LOG', 'PYTHON_BASIC_REPL': '1', 'LESSOPEN': '| /usr/bin/lesspipe %s', 'LANGUAGE': 'zh_CN:zh:en_US:en', 'USER': 'brace', 'LC_TIME': 'zh_CN.UTF-8', 'XDG_SESSION_TYPE': 'x11', 'GIT_ASKPASS': '/usr/share/code/resources/app/extensions/git/dist/askpass.sh', 'SHLVL': '2', 'LD_LIBRARY_PATH': '/opt/ros/humble/opt/rviz_ogre_vendor/lib:/opt/ros/humble/lib/x86_64-linux-gnu:/opt/ros/humble/lib', 'HOME': '/home/brace', 'CHROME_DESKTOP': 'code.desktop', 'TERM_PROGRAM_VERSION': '1.107.1', 'DESKTOP_SESSION': 'ubuntu', 'GIO_LAUNCHED_DESKTOP_FILE': '/usr/share/applications/code.desktop', 'ROS_PYTHON_VERSION': '3', 'GNOME_SHELL_SESSION_MODE': 'ubuntu', 'GTK_MODULES': 'gail:atk-bridge', 'VSCODE_GIT_ASKPASS_MAIN': '/usr/share/code/resources/app/extensions/git/dist/askpass-main.js', 'LC_MONETARY': 'zh_CN.UTF-8', 'VSCODE_GIT_ASKPASS_NODE': '/usr/share/code/code', 'MANAGERPID': '1039', 'DBUS_STARTER_BUS_TYPE': 'session', 'SYSTEMD_EXEC_PID': '1416', 'VSCODE_PYTHON_AUTOACTIVATE_GUARD': '1', 'DBUS_SESSION_BUS_ADDRESS': 'unix:path=/run/user/1000/bus,guid=133716b0af99defc56ab537f6979c3d3', 'COLORTERM': 'truecolor', 'GIO_LAUNCHED_DESKTOP_FILE_PID': '10396', 'MANDATORY_PATH': '/usr/share/gconf/ubuntu.mandatory.path', 'ROS_DISTRO': 'humble', 'GTK_IM_MODULE': 'ibus', 'LOGNAME': 'brace', 'JOURNAL_STREAM': '8:18871', '_': '/usr/bin/colcon', 'ROS_VERSION': '2', 'XDG_SESSION_CLASS': 'user', 'DEFAULTS_PATH': '/usr/share/gconf/ubuntu.default.path', 'USERNAME': 'brace', 'TERM': 'xterm-256color', 'GNOME_DESKTOP_SESSION_ID': 'this-is-deprecated', 'FC_FONTATIONS': '1', 'ROS_LOCALHOST_ONLY': '0', 'WINDOWPATH': '2', 'PATH': '/home/brace/.config/Code/User/globalStorage/github.copilot-chat/debugCommand:/home/brace/.config/Code/User/globalStorage/github.copilot-chat/copilotCli:/opt/ros/humble/bin:/usr/local/sbin:/usr/local/bin:/usr/sbin:/usr/bin:/sbin:/bin:/usr/games:/usr/local/games:/snap/bin:/snap/bin', 'SESSION_MANAGER': 'local/brace-NUC13:@/tmp/.ICE-unix/1416,unix/brace-NUC13:/tmp/.ICE-unix/1416', 'INVOCATION_ID': 'ca189d607f5345e08a528b64f577a8bf', 'XDG_MENU_PREFIX': 'gnome-', 'LC_ADDRESS': 'zh_CN.UTF-8', 'GNOME_TERMINAL_SCREEN': '/org/gnome/Terminal/screen/24c3bc49_b4df_45c6_b4e2_addcaecbe098', 'XDG_RUNTIME_DIR': '/run/user/1000', 'GDK_BACKEND': 'x11', 'DISPLAY': ':0', 'LANG': 'zh_CN.UTF-8', 'XDG_CURRENT_DESKTOP': 'ubuntu:GNOME', 'PYTHONSTARTUP': '/home/brace/.config/Code/User/workspaceStorage/bcb6da3f859dc44d5fe9070f270c614a/ms-python.python/pythonrc.py', 'LC_TELEPHONE': 'zh_CN.UTF-8', 'XMODIFIERS': '@im=ibus', 'XDG_SESSION_DESKTOP': 'ubuntu', 'XAUTHORITY': '/run/user/1000/gdm/Xauthority', 'LS_COLORS': 'rs=0:di=01;34:ln=01;36:mh=00:pi=40;33:so=01;35:do=01;35:bd=40;33;01:cd=40;33;01:or=40;31;01:mi=00:su=37;41:sg=30;43:ca=30;41:tw=30;42:ow=34;42:st=37;44:ex=01;32:*.tar=01;31:*.tgz=01;31:*.arc=01;31:*.arj=01;31:*.taz=01;31:*.lha=01;31:*.lz4=01;31:*.lzh=01;31:*.lzma=01;31:*.tlz=01;31:*.txz=01;31:*.tzo=01;31:*.t7z=01;31:*.zip=01;31:*.z=01;31:*.dz=01;31:*.gz=01;31:*.lrz=01;31:*.lz=01;31:*.lzo=01;31:*.xz=01;31:*.zst=01;31:*.tzst=01;31:*.bz2=01;31:*.bz=01;31:*.tbz=01;31:*.tbz2=01;31:*.tz=01;31:*.deb=01;31:*.rpm=01;31:*.jar=01;31:*.war=01;31:*.ear=01;31:*.sar=01;31:*.rar=01;31:*.alz=01;31:*.ace=01;31:*.zoo=01;31:*.cpio=01;31:*.7z=01;31:*.rz=01;31:*.cab=01;31:*.wim=01;31:*.swm=01;31:*.dwm=01;31:*.esd=01;31:*.jpg=01;35:*.jpeg=01;35:*.mjpg=01;35:*.mjpeg=01;35:*.gif=01;35:*.bmp=01;35:*.pbm=01;35:*.pgm=01;35:*.ppm=01;35:*.tga=01;35:*.xbm=01;35:*.xpm=01;35:*.tif=01;35:*.tiff=01;35:*.png=01;35:*.svg=01;35:*.svgz=01;35:*.mng=01;35:*.pcx=01;35:*.mov=01;35:*.mpg=01;35:*.mpeg=01;35:*.m2v=01;35:*.mkv=01;35:*.webm=01;35:*.webp=01;35:*.ogm=01;35:*.mp4=01;35:*.m4v=01;35:*.mp4v=01;35:*.vob=01;35:*.qt=01;35:*.nuv=01;35:*.wmv=01;35:*.asf=01;35:*.rm=01;35:*.rmvb=01;35:*.flc=01;35:*.avi=01;35:*.fli=01;35:*.flv=01;35:*.gl=01;35:*.dl=01;35:*.xcf=01;35:*.xwd=01;35:*.yuv=01;35:*.cgm=01;35:*.emf=01;35:*.ogv=01;35:*.ogx=01;35:*.aac=00;36:*.au=00;36:*.flac=00;36:*.m4a=00;36:*.mid=00;36:*.midi=00;36:*.mka=00;36:*.mp3=00;36:*.mpc=00;36:*.ogg=00;36:*.ra=00;36:*.wav=00;36:*.oga=00;36:*.opus=00;36:*.spx=00;36:*.xspf=00;36:', 'VSCODE_GIT_IPC_HANDLE': '/run/user/1000/vscode-git-2baa52ad55.sock', 'GNOME_TERMINAL_SERVICE': ':1.117', 'TERM_PROGRAM': 'vscode', 'SSH_AGENT_LAUNCHER': 'gnome-keyring', 'SSH_AUTH_SOCK': '/run/user/1000/keyring/ssh', 'AMENT_PREFIX_PATH': '/opt/ros/humble', 'SHELL': '/bin/bash', 'LC_NAME': 'zh_CN.UTF-8', 'QT_ACCESSIBILITY': '1', 'NO_AT_BRIDGE': '1', 'GDMSESSION': 'ubuntu', 'LESSCLOSE': '/usr/bin/lesspipe %s %s', 'LC_MEASUREMENT': 'zh_CN.UTF-8', 'GPG_AGENT_INFO': '/run/user/1000/gnupg/S.gpg-agent:0:1', 'GJS_DEBUG_OUTPUT': 'stderr', 'LC_IDENTIFICATION': 'zh_CN.UTF-8', 'VSCODE_GIT_ASKPASS_EXTRA_ARGS': '', 'GIT_PAGER': 'cat', 'QT_IM_MODULE': 'ibus', 'PWD': '/home/brace/codeSpace/navi/build/rtabmap_python', 'XDG_CONFIG_DIRS': '/etc/xdg/xdg-ubuntu:/etc/xdg', 'DBUS_STARTER_ADDRESS': 'unix:path=/run/user/1000/bus,guid=133716b0af99defc56ab537f6979c3d3', 'XDG_DATA_DIRS': '/usr/share/ubuntu:/usr/share/gnome:/usr/local/share/:/usr/share/:/var/lib/snapd/desktop', 'PYTHONPATH': '/home/brace/codeSpace/navi/build/rtabmap_python/prefix_override:/usr/lib/python3/dist-packages/colcon_core/task/python/colcon_distutils_commands:/home/brace/codeSpace/navi/install/rtabmap_python/lib/python3.10/site-packages:/opt/ros/humble/lib/python3.10/site-packages:/opt/ros/humble/local/lib/python3.10/dist-packages', 'LC_NUMERIC': 'zh_CN.UTF-8', 'LC_PAPER': 'zh_CN.UTF-8', 'COLCON': '1', 'VTE_VERSION': '6800'}, 'shell': False}
[0.466656] (rtabmap_conversions) JobProgress: {'identifier': 'rtabmap_conversions', 'progress': 'cmake'}
[0.467687] (rtabmap_conversions) JobProgress: {'identifier': 'rtabmap_conversions', 'progress': 'build'}
[0.468303] (rtabmap_conversions) Command: {'cmd': ['/usr/bin/cmake', '--build', '/home/brace/codeSpace/navi/build/rtabmap_conversions', '--', '-j16', '-l16'], 'cwd': '/home/brace/codeSpace/navi/build/rtabmap_conversions', 'env': OrderedDict([('GJS_DEBUG_TOPICS', 'JS ERROR;JS LOG'), ('PYTHON_BASIC_REPL', '1'), ('LESSOPEN', '| /usr/bin/lesspipe %s'), ('LANGUAGE', 'zh_CN:zh:en_US:en'), ('USER', 'brace'), ('LC_TIME', 'zh_CN.UTF-8'), ('XDG_SESSION_TYPE', 'x11'), ('GIT_ASKPASS', '/usr/share/code/resources/app/extensions/git/dist/askpass.sh'), ('SHLVL', '2'), ('LD_LIBRARY_PATH', '/home/brace/codeSpace/navi/install/rtabmap_msgs/lib:/home/brace/codeSpace/navi/install/rtabmap/lib:/opt/ros/humble/opt/rviz_ogre_vendor/lib:/opt/ros/humble/lib/x86_64-linux-gnu:/opt/ros/humble/lib'), ('HOME', '/home/brace'), ('CHROME_DESKTOP', 'code.desktop'), ('TERM_PROGRAM_VERSION', '1.107.1'), ('DESKTOP_SESSION', 'ubuntu'), ('GIO_LAUNCHED_DESKTOP_FILE', '/usr/share/applications/code.desktop'), ('ROS_PYTHON_VERSION', '3'), ('GNOME_SHELL_SESSION_MODE', 'ubuntu'), ('GTK_MODULES', 'gail:atk-bridge'), ('VSCODE_GIT_ASKPASS_MAIN', '/usr/share/code/resources/app/extensions/git/dist/askpass-main.js'), ('LC_MONETARY', 'zh_CN.UTF-8'), ('VSCODE_GIT_ASKPASS_NODE', '/usr/share/code/code'), ('MANAGERPID', '1039'), ('DBUS_STARTER_BUS_TYPE', 'session'), ('SYSTEMD_EXEC_PID', '1416'), ('VSCODE_PYTHON_AUTOACTIVATE_GUARD', '1'), ('DBUS_SESSION_BUS_ADDRESS', 'unix:path=/run/user/1000/bus,guid=133716b0af99defc56ab537f6979c3d3'), ('COLORTERM', 'truecolor'), ('GIO_LAUNCHED_DESKTOP_FILE_PID', '10396'), ('MANDATORY_PATH', '/usr/share/gconf/ubuntu.mandatory.path'), ('ROS_DISTRO', 'humble'), ('GTK_IM_MODULE', 'ibus'), ('LOGNAME', 'brace'), ('JOURNAL_STREAM', '8:18871'), ('_', '/usr/bin/colcon'), ('ROS_VERSION', '2'), ('XDG_SESSION_CLASS', 'user'), ('DEFAULTS_PATH', '/usr/share/gconf/ubuntu.default.path'), ('PKG_CONFIG_PATH', '/home/brace/codeSpace/navi/install/rtabmap/lib/x86_64-linux-gnu/pkgconfig:/home/brace/codeSpace/navi/install/rtabmap/lib/pkgconfig'), ('USERNAME', 'brace'), ('TERM', 'xterm-256color'), ('GNOME_DESKTOP_SESSION_ID', 'this-is-deprecated'), ('FC_FONTATIONS', '1'), ('ROS_LOCALHOST_ONLY', '0'), ('WINDOWPATH', '2'), ('PATH', '/home/brace/codeSpace/navi/install/rtabmap/bin:/home/brace/.config/Code/User/globalStorage/github.copilot-chat/debugCommand:/home/brace/.config/Code/User/globalStorage/github.copilot-chat/copilotCli:/opt/ros/humble/bin:/usr/local/sbin:/usr/local/bin:/usr/sbin:/usr/bin:/sbin:/bin:/usr/games:/usr/local/games:/snap/bin:/snap/bin'), ('SESSION_MANAGER', 'local/brace-NUC13:@/tmp/.ICE-unix/1416,unix/brace-NUC13:/tmp/.ICE-unix/1416'), ('INVOCATION_ID', 'ca189d607f5345e08a528b64f577a8bf'), ('XDG_MENU_PREFIX', 'gnome-'), ('LC_ADDRESS', 'zh_CN.UTF-8'), ('GNOME_TERMINAL_SCREEN', '/org/gnome/Terminal/screen/24c3bc49_b4df_45c6_b4e2_addcaecbe098'), ('XDG_RUNTIME_DIR', '/run/user/1000'), ('GDK_BACKEND', 'x11'), ('DISPLAY', ':0'), ('LANG', 'zh_CN.UTF-8'), ('XDG_CURRENT_DESKTOP', 'ubuntu:GNOME'), ('PYTHONSTARTUP', '/home/brace/.config/Code/User/workspaceStorage/bcb6da3f859dc44d5fe9070f270c614a/ms-python.python/pythonrc.py'), ('LC_TELEPHONE', 'zh_CN.UTF-8'), ('XMODIFIERS', '@im=ibus'), ('XDG_SESSION_DESKTOP', 'ubuntu'), ('XAUTHORITY', '/run/user/1000/gdm/Xauthority'), ('LS_COLORS', 'rs=0:di=01;34:ln=01;36:mh=00:pi=40;33:so=01;35:do=01;35:bd=40;33;01:cd=40;33;01:or=40;31;01:mi=00:su=37;41:sg=30;43:ca=30;41:tw=30;42:ow=34;42:st=37;44:ex=01;32:*.tar=01;31:*.tgz=01;31:*.arc=01;31:*.arj=01;31:*.taz=01;31:*.lha=01;31:*.lz4=01;31:*.lzh=01;31:*.lzma=01;31:*.tlz=01;31:*.txz=01;31:*.tzo=01;31:*.t7z=01;31:*.zip=01;31:*.z=01;31:*.dz=01;31:*.gz=01;31:*.lrz=01;31:*.lz=01;31:*.lzo=01;31:*.xz=01;31:*.zst=01;31:*.tzst=01;31:*.bz2=01;31:*.bz=01;31:*.tbz=01;31:*.tbz2=01;31:*.tz=01;31:*.deb=01;31:*.rpm=01;31:*.jar=01;31:*.war=01;31:*.ear=01;31:*.sar=01;31:*.rar=01;31:*.alz=01;31:*.ace=01;31:*.zoo=01;31:*.cpio=01;31:*.7z=01;31:*.rz=01;31:*.cab=01;31:*.wim=01;31:*.swm=01;31:*.dwm=01;31:*.esd=01;31:*.jpg=01;35:*.jpeg=01;35:*.mjpg=01;35:*.mjpeg=01;35:*.gif=01;35:*.bmp=01;35:*.pbm=01;35:*.pgm=01;35:*.ppm=01;35:*.tga=01;35:*.xbm=01;35:*.xpm=01;35:*.tif=01;35:*.tiff=01;35:*.png=01;35:*.svg=01;35:*.svgz=01;35:*.mng=01;35:*.pcx=01;35:*.mov=01;35:*.mpg=01;35:*.mpeg=01;35:*.m2v=01;35:*.mkv=01;35:*.webm=01;35:*.webp=01;35:*.ogm=01;35:*.mp4=01;35:*.m4v=01;35:*.mp4v=01;35:*.vob=01;35:*.qt=01;35:*.nuv=01;35:*.wmv=01;35:*.asf=01;35:*.rm=01;35:*.rmvb=01;35:*.flc=01;35:*.avi=01;35:*.fli=01;35:*.flv=01;35:*.gl=01;35:*.dl=01;35:*.xcf=01;35:*.xwd=01;35:*.yuv=01;35:*.cgm=01;35:*.emf=01;35:*.ogv=01;35:*.ogx=01;35:*.aac=00;36:*.au=00;36:*.flac=00;36:*.m4a=00;36:*.mid=00;36:*.midi=00;36:*.mka=00;36:*.mp3=00;36:*.mpc=00;36:*.ogg=00;36:*.ra=00;36:*.wav=00;36:*.oga=00;36:*.opus=00;36:*.spx=00;36:*.xspf=00;36:'), ('VSCODE_GIT_IPC_HANDLE', '/run/user/1000/vscode-git-2baa52ad55.sock'), ('GNOME_TERMINAL_SERVICE', ':1.117'), ('TERM_PROGRAM', 'vscode'), ('SSH_AGENT_LAUNCHER', 'gnome-keyring'), ('SSH_AUTH_SOCK', '/run/user/1000/keyring/ssh'), ('AMENT_PREFIX_PATH', '/home/brace/codeSpace/navi/install/rtabmap_msgs:/opt/ros/humble'), ('SHELL', '/bin/bash'), ('LC_NAME', 'zh_CN.UTF-8'), ('QT_ACCESSIBILITY', '1'), ('NO_AT_BRIDGE', '1'), ('GDMSESSION', 'ubuntu'), ('LESSCLOSE', '/usr/bin/lesspipe %s %s'), ('LC_MEASUREMENT', 'zh_CN.UTF-8'), ('GPG_AGENT_INFO', '/run/user/1000/gnupg/S.gpg-agent:0:1'), ('GJS_DEBUG_OUTPUT', 'stderr'), ('LC_IDENTIFICATION', 'zh_CN.UTF-8'), ('VSCODE_GIT_ASKPASS_EXTRA_ARGS', ''), ('GIT_PAGER', 'cat'), ('QT_IM_MODULE', 'ibus'), ('PWD', '/home/brace/codeSpace/navi/build/rtabmap_conversions'), ('XDG_CONFIG_DIRS', '/etc/xdg/xdg-ubuntu:/etc/xdg'), ('DBUS_STARTER_ADDRESS', 'unix:path=/run/user/1000/bus,guid=133716b0af99defc56ab537f6979c3d3'), ('XDG_DATA_DIRS', '/usr/share/ubuntu:/usr/share/gnome:/usr/local/share/:/usr/share/:/var/lib/snapd/desktop'), ('PYTHONPATH', '/home/brace/codeSpace/navi/install/rtabmap_msgs/local/lib/python3.10/dist-packages:/opt/ros/humble/lib/python3.10/site-packages:/opt/ros/humble/local/lib/python3.10/dist-packages'), ('LC_NUMERIC', 'zh_CN.UTF-8'), ('LC_PAPER', 'zh_CN.UTF-8'), ('COLCON', '1'), ('VTE_VERSION', '6800'), ('CMAKE_PREFIX_PATH', '/home/brace/codeSpace/navi/install/rtabmap_msgs:/home/brace/codeSpace/navi/install/rtabmap:/opt/ros/humble')]), 'shell': False}
[0.500188] (-) TimerEvent: {}
[0.523765] (rtabmap_conversions) StdoutLine: {'line': b'[100%] Built target rtabmap_conversions\n'}
[0.532852] (rtabmap_conversions) CommandEnded: {'returncode': 0}
[0.533751] (rtabmap_conversions) JobProgress: {'identifier': 'rtabmap_conversions', 'progress': 'install'}
[0.534423] (rtabmap_conversions) Command: {'cmd': ['/usr/bin/cmake', '--install', '/home/brace/codeSpace/navi/build/rtabmap_conversions'], 'cwd': '/home/brace/codeSpace/navi/build/rtabmap_conversions', 'env': OrderedDict([('GJS_DEBUG_TOPICS', 'JS ERROR;JS LOG'), ('PYTHON_BASIC_REPL', '1'), ('LESSOPEN', '| /usr/bin/lesspipe %s'), ('LANGUAGE', 'zh_CN:zh:en_US:en'), ('USER', 'brace'), ('LC_TIME', 'zh_CN.UTF-8'), ('XDG_SESSION_TYPE', 'x11'), ('GIT_ASKPASS', '/usr/share/code/resources/app/extensions/git/dist/askpass.sh'), ('SHLVL', '2'), ('LD_LIBRARY_PATH', '/home/brace/codeSpace/navi/install/rtabmap_msgs/lib:/home/brace/codeSpace/navi/install/rtabmap/lib:/opt/ros/humble/opt/rviz_ogre_vendor/lib:/opt/ros/humble/lib/x86_64-linux-gnu:/opt/ros/humble/lib'), ('HOME', '/home/brace'), ('CHROME_DESKTOP', 'code.desktop'), ('TERM_PROGRAM_VERSION', '1.107.1'), ('DESKTOP_SESSION', 'ubuntu'), ('GIO_LAUNCHED_DESKTOP_FILE', '/usr/share/applications/code.desktop'), ('ROS_PYTHON_VERSION', '3'), ('GNOME_SHELL_SESSION_MODE', 'ubuntu'), ('GTK_MODULES', 'gail:atk-bridge'), ('VSCODE_GIT_ASKPASS_MAIN', '/usr/share/code/resources/app/extensions/git/dist/askpass-main.js'), ('LC_MONETARY', 'zh_CN.UTF-8'), ('VSCODE_GIT_ASKPASS_NODE', '/usr/share/code/code'), ('MANAGERPID', '1039'), ('DBUS_STARTER_BUS_TYPE', 'session'), ('SYSTEMD_EXEC_PID', '1416'), ('VSCODE_PYTHON_AUTOACTIVATE_GUARD', '1'), ('DBUS_SESSION_BUS_ADDRESS', 'unix:path=/run/user/1000/bus,guid=133716b0af99defc56ab537f6979c3d3'), ('COLORTERM', 'truecolor'), ('GIO_LAUNCHED_DESKTOP_FILE_PID', '10396'), ('MANDATORY_PATH', '/usr/share/gconf/ubuntu.mandatory.path'), ('ROS_DISTRO', 'humble'), ('GTK_IM_MODULE', 'ibus'), ('LOGNAME', 'brace'), ('JOURNAL_STREAM', '8:18871'), ('_', '/usr/bin/colcon'), ('ROS_VERSION', '2'), ('XDG_SESSION_CLASS', 'user'), ('DEFAULTS_PATH', '/usr/share/gconf/ubuntu.default.path'), ('PKG_CONFIG_PATH', '/home/brace/codeSpace/navi/install/rtabmap/lib/x86_64-linux-gnu/pkgconfig:/home/brace/codeSpace/navi/install/rtabmap/lib/pkgconfig'), ('USERNAME', 'brace'), ('TERM', 'xterm-256color'), ('GNOME_DESKTOP_SESSION_ID', 'this-is-deprecated'), ('FC_FONTATIONS', '1'), ('ROS_LOCALHOST_ONLY', '0'), ('WINDOWPATH', '2'), ('PATH', '/home/brace/codeSpace/navi/install/rtabmap/bin:/home/brace/.config/Code/User/globalStorage/github.copilot-chat/debugCommand:/home/brace/.config/Code/User/globalStorage/github.copilot-chat/copilotCli:/opt/ros/humble/bin:/usr/local/sbin:/usr/local/bin:/usr/sbin:/usr/bin:/sbin:/bin:/usr/games:/usr/local/games:/snap/bin:/snap/bin'), ('SESSION_MANAGER', 'local/brace-NUC13:@/tmp/.ICE-unix/1416,unix/brace-NUC13:/tmp/.ICE-unix/1416'), ('INVOCATION_ID', 'ca189d607f5345e08a528b64f577a8bf'), ('XDG_MENU_PREFIX', 'gnome-'), ('LC_ADDRESS', 'zh_CN.UTF-8'), ('GNOME_TERMINAL_SCREEN', '/org/gnome/Terminal/screen/24c3bc49_b4df_45c6_b4e2_addcaecbe098'), ('XDG_RUNTIME_DIR', '/run/user/1000'), ('GDK_BACKEND', 'x11'), ('DISPLAY', ':0'), ('LANG', 'zh_CN.UTF-8'), ('XDG_CURRENT_DESKTOP', 'ubuntu:GNOME'), ('PYTHONSTARTUP', '/home/brace/.config/Code/User/workspaceStorage/bcb6da3f859dc44d5fe9070f270c614a/ms-python.python/pythonrc.py'), ('LC_TELEPHONE', 'zh_CN.UTF-8'), ('XMODIFIERS', '@im=ibus'), ('XDG_SESSION_DESKTOP', 'ubuntu'), ('XAUTHORITY', '/run/user/1000/gdm/Xauthority'), ('LS_COLORS', 'rs=0:di=01;34:ln=01;36:mh=00:pi=40;33:so=01;35:do=01;35:bd=40;33;01:cd=40;33;01:or=40;31;01:mi=00:su=37;41:sg=30;43:ca=30;41:tw=30;42:ow=34;42:st=37;44:ex=01;32:*.tar=01;31:*.tgz=01;31:*.arc=01;31:*.arj=01;31:*.taz=01;31:*.lha=01;31:*.lz4=01;31:*.lzh=01;31:*.lzma=01;31:*.tlz=01;31:*.txz=01;31:*.tzo=01;31:*.t7z=01;31:*.zip=01;31:*.z=01;31:*.dz=01;31:*.gz=01;31:*.lrz=01;31:*.lz=01;31:*.lzo=01;31:*.xz=01;31:*.zst=01;31:*.tzst=01;31:*.bz2=01;31:*.bz=01;31:*.tbz=01;31:*.tbz2=01;31:*.tz=01;31:*.deb=01;31:*.rpm=01;31:*.jar=01;31:*.war=01;31:*.ear=01;31:*.sar=01;31:*.rar=01;31:*.alz=01;31:*.ace=01;31:*.zoo=01;31:*.cpio=01;31:*.7z=01;31:*.rz=01;31:*.cab=01;31:*.wim=01;31:*.swm=01;31:*.dwm=01;31:*.esd=01;31:*.jpg=01;35:*.jpeg=01;35:*.mjpg=01;35:*.mjpeg=01;35:*.gif=01;35:*.bmp=01;35:*.pbm=01;35:*.pgm=01;35:*.ppm=01;35:*.tga=01;35:*.xbm=01;35:*.xpm=01;35:*.tif=01;35:*.tiff=01;35:*.png=01;35:*.svg=01;35:*.svgz=01;35:*.mng=01;35:*.pcx=01;35:*.mov=01;35:*.mpg=01;35:*.mpeg=01;35:*.m2v=01;35:*.mkv=01;35:*.webm=01;35:*.webp=01;35:*.ogm=01;35:*.mp4=01;35:*.m4v=01;35:*.mp4v=01;35:*.vob=01;35:*.qt=01;35:*.nuv=01;35:*.wmv=01;35:*.asf=01;35:*.rm=01;35:*.rmvb=01;35:*.flc=01;35:*.avi=01;35:*.fli=01;35:*.flv=01;35:*.gl=01;35:*.dl=01;35:*.xcf=01;35:*.xwd=01;35:*.yuv=01;35:*.cgm=01;35:*.emf=01;35:*.ogv=01;35:*.ogx=01;35:*.aac=00;36:*.au=00;36:*.flac=00;36:*.m4a=00;36:*.mid=00;36:*.midi=00;36:*.mka=00;36:*.mp3=00;36:*.mpc=00;36:*.ogg=00;36:*.ra=00;36:*.wav=00;36:*.oga=00;36:*.opus=00;36:*.spx=00;36:*.xspf=00;36:'), ('VSCODE_GIT_IPC_HANDLE', '/run/user/1000/vscode-git-2baa52ad55.sock'), ('GNOME_TERMINAL_SERVICE', ':1.117'), ('TERM_PROGRAM', 'vscode'), ('SSH_AGENT_LAUNCHER', 'gnome-keyring'), ('SSH_AUTH_SOCK', '/run/user/1000/keyring/ssh'), ('AMENT_PREFIX_PATH', '/home/brace/codeSpace/navi/install/rtabmap_msgs:/opt/ros/humble'), ('SHELL', '/bin/bash'), ('LC_NAME', 'zh_CN.UTF-8'), ('QT_ACCESSIBILITY', '1'), ('NO_AT_BRIDGE', '1'), ('GDMSESSION', 'ubuntu'), ('LESSCLOSE', '/usr/bin/lesspipe %s %s'), ('LC_MEASUREMENT', 'zh_CN.UTF-8'), ('GPG_AGENT_INFO', '/run/user/1000/gnupg/S.gpg-agent:0:1'), ('GJS_DEBUG_OUTPUT', 'stderr'), ('LC_IDENTIFICATION', 'zh_CN.UTF-8'), ('VSCODE_GIT_ASKPASS_EXTRA_ARGS', ''), ('GIT_PAGER', 'cat'), ('QT_IM_MODULE', 'ibus'), ('PWD', '/home/brace/codeSpace/navi/build/rtabmap_conversions'), ('XDG_CONFIG_DIRS', '/etc/xdg/xdg-ubuntu:/etc/xdg'), ('DBUS_STARTER_ADDRESS', 'unix:path=/run/user/1000/bus,guid=133716b0af99defc56ab537f6979c3d3'), ('XDG_DATA_DIRS', '/usr/share/ubuntu:/usr/share/gnome:/usr/local/share/:/usr/share/:/var/lib/snapd/desktop'), ('PYTHONPATH', '/home/brace/codeSpace/navi/install/rtabmap_msgs/local/lib/python3.10/dist-packages:/opt/ros/humble/lib/python3.10/site-packages:/opt/ros/humble/local/lib/python3.10/dist-packages'), ('LC_NUMERIC', 'zh_CN.UTF-8'), ('LC_PAPER', 'zh_CN.UTF-8'), ('COLCON', '1'), ('VTE_VERSION', '6800'), ('CMAKE_PREFIX_PATH', '/home/brace/codeSpace/navi/install/rtabmap_msgs:/home/brace/codeSpace/navi/install/rtabmap:/opt/ros/humble')]), 'shell': False}
[0.542952] (rtabmap_conversions) StdoutLine: {'line': b'-- Install configuration: "Release"\n'}
[0.543387] (rtabmap_conversions) StdoutLine: {'line': b'-- Execute custom install script\n'}
[0.543511] (rtabmap_conversions) StdoutLine: {'line': b'-- Up-to-date symlink: /home/brace/codeSpace/navi/install/rtabmap_conversions/share/rtabmap_conversions/environment/library_path.sh\n'}
[0.543695] (rtabmap_conversions) StdoutLine: {'line': b'-- Up-to-date symlink: /home/brace/codeSpace/navi/install/rtabmap_conversions/share/rtabmap_conversions/environment/library_path.dsv\n'}
[0.543789] (rtabmap_conversions) StdoutLine: {'line': b'-- Up-to-date symlink: /home/brace/codeSpace/navi/install/rtabmap_conversions/share/ament_index/resource_index/package_run_dependencies/rtabmap_conversions\n'}
[0.543859] (rtabmap_conversions) StdoutLine: {'line': b'-- Up-to-date symlink: /home/brace/codeSpace/navi/install/rtabmap_conversions/share/ament_index/resource_index/parent_prefix_path/rtabmap_conversions\n'}
[0.543921] (rtabmap_conversions) StdoutLine: {'line': b'-- Up-to-date symlink: /home/brace/codeSpace/navi/install/rtabmap_conversions/share/rtabmap_conversions/environment/ament_prefix_path.sh\n'}
[0.543997] (rtabmap_conversions) StdoutLine: {'line': b'-- Up-to-date symlink: /home/brace/codeSpace/navi/install/rtabmap_conversions/share/rtabmap_conversions/environment/ament_prefix_path.dsv\n'}
[0.544079] (rtabmap_conversions) StdoutLine: {'line': b'-- Up-to-date symlink: /home/brace/codeSpace/navi/install/rtabmap_conversions/share/rtabmap_conversions/environment/path.sh\n'}
[0.544160] (rtabmap_conversions) StdoutLine: {'line': b'-- Up-to-date symlink: /home/brace/codeSpace/navi/install/rtabmap_conversions/share/rtabmap_conversions/environment/path.dsv\n'}
[0.544238] (rtabmap_conversions) StdoutLine: {'line': b'-- Up-to-date symlink: /home/brace/codeSpace/navi/install/rtabmap_conversions/share/rtabmap_conversions/local_setup.bash\n'}
[0.544313] (rtabmap_conversions) StdoutLine: {'line': b'-- Up-to-date symlink: /home/brace/codeSpace/navi/install/rtabmap_conversions/share/rtabmap_conversions/local_setup.sh\n'}
[0.544386] (rtabmap_conversions) StdoutLine: {'line': b'-- Up-to-date symlink: /home/brace/codeSpace/navi/install/rtabmap_conversions/share/rtabmap_conversions/local_setup.zsh\n'}
[0.544458] (rtabmap_conversions) StdoutLine: {'line': b'-- Up-to-date symlink: /home/brace/codeSpace/navi/install/rtabmap_conversions/share/rtabmap_conversions/local_setup.dsv\n'}
[0.544520] (rtabmap_conversions) StdoutLine: {'line': b'-- Symlinking: /home/brace/codeSpace/navi/install/rtabmap_conversions/share/rtabmap_conversions/package.dsv\n'}
[0.550614] (rtabmap_conversions) StdoutLine: {'line': b'-- Up-to-date symlink: /home/brace/codeSpace/navi/install/rtabmap_conversions/share/ament_index/resource_index/packages/rtabmap_conversions\n'}
[0.550682] (rtabmap_conversions) StdoutLine: {'line': b'-- Up-to-date symlink: /home/brace/codeSpace/navi/install/rtabmap_conversions/share/rtabmap_conversions/cmake/ament_cmake_export_dependencies-extras.cmake\n'}
[0.550760] (rtabmap_conversions) StdoutLine: {'line': b'-- Up-to-date symlink: /home/brace/codeSpace/navi/install/rtabmap_conversions/share/rtabmap_conversions/cmake/ament_cmake_export_include_directories-extras.cmake\n'}
[0.550854] (rtabmap_conversions) StdoutLine: {'line': b'-- Up-to-date symlink: /home/brace/codeSpace/navi/install/rtabmap_conversions/share/rtabmap_conversions/cmake/ament_cmake_export_targets-extras.cmake\n'}
[0.550945] (rtabmap_conversions) StdoutLine: {'line': b'-- Up-to-date symlink: /home/brace/codeSpace/navi/install/rtabmap_conversions/share/rtabmap_conversions/cmake/ament_cmake_export_libraries-extras.cmake\n'}
[0.551038] (rtabmap_conversions) StdoutLine: {'line': b'-- Up-to-date symlink: /home/brace/codeSpace/navi/install/rtabmap_conversions/share/rtabmap_conversions/cmake/rtabmap_conversionsConfig.cmake\n'}
[0.551097] (rtabmap_conversions) StdoutLine: {'line': b'-- Up-to-date symlink: /home/brace/codeSpace/navi/install/rtabmap_conversions/share/rtabmap_conversions/cmake/rtabmap_conversionsConfig-version.cmake\n'}
[0.551188] (rtabmap_conversions) StdoutLine: {'line': b'-- Up-to-date symlink: /home/brace/codeSpace/navi/install/rtabmap_conversions/share/rtabmap_conversions/package.xml\n'}
[0.551337] (rtabmap_conversions) StdoutLine: {'line': b'-- Up-to-date: /home/brace/codeSpace/navi/install/rtabmap_conversions/lib/librtabmap_conversions.so\n'}
[0.551454] (rtabmap_conversions) StdoutLine: {'line': b'-- Up-to-date: /home/brace/codeSpace/navi/install/rtabmap_conversions/include\n'}
[0.551528] (rtabmap_conversions) StdoutLine: {'line': b'-- Up-to-date: /home/brace/codeSpace/navi/install/rtabmap_conversions/include/rtabmap_conversions\n'}
[0.551572] (rtabmap_conversions) StdoutLine: {'line': b'-- Up-to-date: /home/brace/codeSpace/navi/install/rtabmap_conversions/include/rtabmap_conversions/MsgConversion.h\n'}
[0.551636] (rtabmap_conversions) StdoutLine: {'line': b'-- Up-to-date: /home/brace/codeSpace/navi/install/rtabmap_conversions/share/rtabmap_conversions/cmake/rtabmap_conversionsExport.cmake\n'}
[0.551697] (rtabmap_conversions) StdoutLine: {'line': b'-- Up-to-date: /home/brace/codeSpace/navi/install/rtabmap_conversions/share/rtabmap_conversions/cmake/rtabmap_conversionsExport-release.cmake\n'}
[0.553185] (rtabmap_conversions) CommandEnded: {'returncode': 0}
[0.567106] (rtabmap_conversions) JobEnded: {'identifier': 'rtabmap_conversions', 'rc': 0}
[0.567827] (rtabmap_sync) JobStarted: {'identifier': 'rtabmap_sync'}
[0.569552] (rtabmap_util) JobStarted: {'identifier': 'rtabmap_util'}
[0.571988] (rtabmap_rviz_plugins) JobStarted: {'identifier': 'rtabmap_rviz_plugins'}
[0.577038] (rtabmap_sync) JobProgress: {'identifier': 'rtabmap_sync', 'progress': 'cmake'}
[0.578111] (rtabmap_sync) JobProgress: {'identifier': 'rtabmap_sync', 'progress': 'build'}
[0.578768] (rtabmap_sync) Command: {'cmd': ['/usr/bin/cmake', '--build', '/home/brace/codeSpace/navi/build/rtabmap_sync', '--', '-j16', '-l16'], 'cwd': '/home/brace/codeSpace/navi/build/rtabmap_sync', 'env': OrderedDict([('GJS_DEBUG_TOPICS', 'JS ERROR;JS LOG'), ('PYTHON_BASIC_REPL', '1'), ('LESSOPEN', '| /usr/bin/lesspipe %s'), ('LANGUAGE', 'zh_CN:zh:en_US:en'), ('USER', 'brace'), ('LC_TIME', 'zh_CN.UTF-8'), ('XDG_SESSION_TYPE', 'x11'), ('GIT_ASKPASS', '/usr/share/code/resources/app/extensions/git/dist/askpass.sh'), ('SHLVL', '2'), ('LD_LIBRARY_PATH', '/home/brace/codeSpace/navi/install/rtabmap_conversions/lib:/home/brace/codeSpace/navi/install/rtabmap_msgs/lib:/home/brace/codeSpace/navi/install/rtabmap/lib:/opt/ros/humble/opt/rviz_ogre_vendor/lib:/opt/ros/humble/lib/x86_64-linux-gnu:/opt/ros/humble/lib'), ('HOME', '/home/brace'), ('CHROME_DESKTOP', 'code.desktop'), ('TERM_PROGRAM_VERSION', '1.107.1'), ('DESKTOP_SESSION', 'ubuntu'), ('GIO_LAUNCHED_DESKTOP_FILE', '/usr/share/applications/code.desktop'), ('ROS_PYTHON_VERSION', '3'), ('GNOME_SHELL_SESSION_MODE', 'ubuntu'), ('GTK_MODULES', 'gail:atk-bridge'), ('VSCODE_GIT_ASKPASS_MAIN', '/usr/share/code/resources/app/extensions/git/dist/askpass-main.js'), ('LC_MONETARY', 'zh_CN.UTF-8'), ('VSCODE_GIT_ASKPASS_NODE', '/usr/share/code/code'), ('MANAGERPID', '1039'), ('DBUS_STARTER_BUS_TYPE', 'session'), ('SYSTEMD_EXEC_PID', '1416'), ('VSCODE_PYTHON_AUTOACTIVATE_GUARD', '1'), ('DBUS_SESSION_BUS_ADDRESS', 'unix:path=/run/user/1000/bus,guid=133716b0af99defc56ab537f6979c3d3'), ('COLORTERM', 'truecolor'), ('GIO_LAUNCHED_DESKTOP_FILE_PID', '10396'), ('MANDATORY_PATH', '/usr/share/gconf/ubuntu.mandatory.path'), ('ROS_DISTRO', 'humble'), ('GTK_IM_MODULE', 'ibus'), ('LOGNAME', 'brace'), ('JOURNAL_STREAM', '8:18871'), ('_', '/usr/bin/colcon'), ('ROS_VERSION', '2'), ('XDG_SESSION_CLASS', 'user'), ('DEFAULTS_PATH', '/usr/share/gconf/ubuntu.default.path'), ('PKG_CONFIG_PATH', '/home/brace/codeSpace/navi/install/rtabmap/lib/x86_64-linux-gnu/pkgconfig:/home/brace/codeSpace/navi/install/rtabmap/lib/pkgconfig'), ('USERNAME', 'brace'), ('TERM', 'xterm-256color'), ('GNOME_DESKTOP_SESSION_ID', 'this-is-deprecated'), ('FC_FONTATIONS', '1'), ('ROS_LOCALHOST_ONLY', '0'), ('WINDOWPATH', '2'), ('PATH', '/home/brace/codeSpace/navi/install/rtabmap/bin:/home/brace/.config/Code/User/globalStorage/github.copilot-chat/debugCommand:/home/brace/.config/Code/User/globalStorage/github.copilot-chat/copilotCli:/opt/ros/humble/bin:/usr/local/sbin:/usr/local/bin:/usr/sbin:/usr/bin:/sbin:/bin:/usr/games:/usr/local/games:/snap/bin:/snap/bin'), ('SESSION_MANAGER', 'local/brace-NUC13:@/tmp/.ICE-unix/1416,unix/brace-NUC13:/tmp/.ICE-unix/1416'), ('INVOCATION_ID', 'ca189d607f5345e08a528b64f577a8bf'), ('XDG_MENU_PREFIX', 'gnome-'), ('LC_ADDRESS', 'zh_CN.UTF-8'), ('GNOME_TERMINAL_SCREEN', '/org/gnome/Terminal/screen/24c3bc49_b4df_45c6_b4e2_addcaecbe098'), ('XDG_RUNTIME_DIR', '/run/user/1000'), ('GDK_BACKEND', 'x11'), ('DISPLAY', ':0'), ('LANG', 'zh_CN.UTF-8'), ('XDG_CURRENT_DESKTOP', 'ubuntu:GNOME'), ('PYTHONSTARTUP', '/home/brace/.config/Code/User/workspaceStorage/bcb6da3f859dc44d5fe9070f270c614a/ms-python.python/pythonrc.py'), ('LC_TELEPHONE', 'zh_CN.UTF-8'), ('XMODIFIERS', '@im=ibus'), ('XDG_SESSION_DESKTOP', 'ubuntu'), ('XAUTHORITY', '/run/user/1000/gdm/Xauthority'), ('LS_COLORS', 'rs=0:di=01;34:ln=01;36:mh=00:pi=40;33:so=01;35:do=01;35:bd=40;33;01:cd=40;33;01:or=40;31;01:mi=00:su=37;41:sg=30;43:ca=30;41:tw=30;42:ow=34;42:st=37;44:ex=01;32:*.tar=01;31:*.tgz=01;31:*.arc=01;31:*.arj=01;31:*.taz=01;31:*.lha=01;31:*.lz4=01;31:*.lzh=01;31:*.lzma=01;31:*.tlz=01;31:*.txz=01;31:*.tzo=01;31:*.t7z=01;31:*.zip=01;31:*.z=01;31:*.dz=01;31:*.gz=01;31:*.lrz=01;31:*.lz=01;31:*.lzo=01;31:*.xz=01;31:*.zst=01;31:*.tzst=01;31:*.bz2=01;31:*.bz=01;31:*.tbz=01;31:*.tbz2=01;31:*.tz=01;31:*.deb=01;31:*.rpm=01;31:*.jar=01;31:*.war=01;31:*.ear=01;31:*.sar=01;31:*.rar=01;31:*.alz=01;31:*.ace=01;31:*.zoo=01;31:*.cpio=01;31:*.7z=01;31:*.rz=01;31:*.cab=01;31:*.wim=01;31:*.swm=01;31:*.dwm=01;31:*.esd=01;31:*.jpg=01;35:*.jpeg=01;35:*.mjpg=01;35:*.mjpeg=01;35:*.gif=01;35:*.bmp=01;35:*.pbm=01;35:*.pgm=01;35:*.ppm=01;35:*.tga=01;35:*.xbm=01;35:*.xpm=01;35:*.tif=01;35:*.tiff=01;35:*.png=01;35:*.svg=01;35:*.svgz=01;35:*.mng=01;35:*.pcx=01;35:*.mov=01;35:*.mpg=01;35:*.mpeg=01;35:*.m2v=01;35:*.mkv=01;35:*.webm=01;35:*.webp=01;35:*.ogm=01;35:*.mp4=01;35:*.m4v=01;35:*.mp4v=01;35:*.vob=01;35:*.qt=01;35:*.nuv=01;35:*.wmv=01;35:*.asf=01;35:*.rm=01;35:*.rmvb=01;35:*.flc=01;35:*.avi=01;35:*.fli=01;35:*.flv=01;35:*.gl=01;35:*.dl=01;35:*.xcf=01;35:*.xwd=01;35:*.yuv=01;35:*.cgm=01;35:*.emf=01;35:*.ogv=01;35:*.ogx=01;35:*.aac=00;36:*.au=00;36:*.flac=00;36:*.m4a=00;36:*.mid=00;36:*.midi=00;36:*.mka=00;36:*.mp3=00;36:*.mpc=00;36:*.ogg=00;36:*.ra=00;36:*.wav=00;36:*.oga=00;36:*.opus=00;36:*.spx=00;36:*.xspf=00;36:'), ('VSCODE_GIT_IPC_HANDLE', '/run/user/1000/vscode-git-2baa52ad55.sock'), ('GNOME_TERMINAL_SERVICE', ':1.117'), ('TERM_PROGRAM', 'vscode'), ('SSH_AGENT_LAUNCHER', 'gnome-keyring'), ('SSH_AUTH_SOCK', '/run/user/1000/keyring/ssh'), ('AMENT_PREFIX_PATH', '/home/brace/codeSpace/navi/install/rtabmap_conversions:/home/brace/codeSpace/navi/install/rtabmap_msgs:/opt/ros/humble'), ('SHELL', '/bin/bash'), ('LC_NAME', 'zh_CN.UTF-8'), ('QT_ACCESSIBILITY', '1'), ('NO_AT_BRIDGE', '1'), ('GDMSESSION', 'ubuntu'), ('LESSCLOSE', '/usr/bin/lesspipe %s %s'), ('LC_MEASUREMENT', 'zh_CN.UTF-8'), ('GPG_AGENT_INFO', '/run/user/1000/gnupg/S.gpg-agent:0:1'), ('GJS_DEBUG_OUTPUT', 'stderr'), ('LC_IDENTIFICATION', 'zh_CN.UTF-8'), ('VSCODE_GIT_ASKPASS_EXTRA_ARGS', ''), ('GIT_PAGER', 'cat'), ('QT_IM_MODULE', 'ibus'), ('PWD', '/home/brace/codeSpace/navi/build/rtabmap_sync'), ('XDG_CONFIG_DIRS', '/etc/xdg/xdg-ubuntu:/etc/xdg'), ('DBUS_STARTER_ADDRESS', 'unix:path=/run/user/1000/bus,guid=133716b0af99defc56ab537f6979c3d3'), ('XDG_DATA_DIRS', '/usr/share/ubuntu:/usr/share/gnome:/usr/local/share/:/usr/share/:/var/lib/snapd/desktop'), ('PYTHONPATH', '/home/brace/codeSpace/navi/install/rtabmap_msgs/local/lib/python3.10/dist-packages:/opt/ros/humble/lib/python3.10/site-packages:/opt/ros/humble/local/lib/python3.10/dist-packages'), ('LC_NUMERIC', 'zh_CN.UTF-8'), ('LC_PAPER', 'zh_CN.UTF-8'), ('COLCON', '1'), ('VTE_VERSION', '6800'), ('CMAKE_PREFIX_PATH', '/home/brace/codeSpace/navi/install/rtabmap_conversions:/home/brace/codeSpace/navi/install/rtabmap_msgs:/home/brace/codeSpace/navi/install/rtabmap:/opt/ros/humble')]), 'shell': False}
[0.581044] (rtabmap_util) JobProgress: {'identifier': 'rtabmap_util', 'progress': 'cmake'}
[0.582052] (rtabmap_util) JobProgress: {'identifier': 'rtabmap_util', 'progress': 'build'}
[0.582638] (rtabmap_util) Command: {'cmd': ['/usr/bin/cmake', '--build', '/home/brace/codeSpace/navi/build/rtabmap_util', '--', '-j16', '-l16'], 'cwd': '/home/brace/codeSpace/navi/build/rtabmap_util', 'env': OrderedDict([('GJS_DEBUG_TOPICS', 'JS ERROR;JS LOG'), ('PYTHON_BASIC_REPL', '1'), ('LESSOPEN', '| /usr/bin/lesspipe %s'), ('LANGUAGE', 'zh_CN:zh:en_US:en'), ('USER', 'brace'), ('LC_TIME', 'zh_CN.UTF-8'), ('XDG_SESSION_TYPE', 'x11'), ('GIT_ASKPASS', '/usr/share/code/resources/app/extensions/git/dist/askpass.sh'), ('SHLVL', '2'), ('LD_LIBRARY_PATH', '/home/brace/codeSpace/navi/install/rtabmap_conversions/lib:/home/brace/codeSpace/navi/install/rtabmap_msgs/lib:/home/brace/codeSpace/navi/install/rtabmap/lib:/opt/ros/humble/opt/rviz_ogre_vendor/lib:/opt/ros/humble/lib/x86_64-linux-gnu:/opt/ros/humble/lib'), ('HOME', '/home/brace'), ('CHROME_DESKTOP', 'code.desktop'), ('TERM_PROGRAM_VERSION', '1.107.1'), ('DESKTOP_SESSION', 'ubuntu'), ('GIO_LAUNCHED_DESKTOP_FILE', '/usr/share/applications/code.desktop'), ('ROS_PYTHON_VERSION', '3'), ('GNOME_SHELL_SESSION_MODE', 'ubuntu'), ('GTK_MODULES', 'gail:atk-bridge'), ('VSCODE_GIT_ASKPASS_MAIN', '/usr/share/code/resources/app/extensions/git/dist/askpass-main.js'), ('LC_MONETARY', 'zh_CN.UTF-8'), ('VSCODE_GIT_ASKPASS_NODE', '/usr/share/code/code'), ('MANAGERPID', '1039'), ('DBUS_STARTER_BUS_TYPE', 'session'), ('SYSTEMD_EXEC_PID', '1416'), ('VSCODE_PYTHON_AUTOACTIVATE_GUARD', '1'), ('DBUS_SESSION_BUS_ADDRESS', 'unix:path=/run/user/1000/bus,guid=133716b0af99defc56ab537f6979c3d3'), ('COLORTERM', 'truecolor'), ('GIO_LAUNCHED_DESKTOP_FILE_PID', '10396'), ('MANDATORY_PATH', '/usr/share/gconf/ubuntu.mandatory.path'), ('ROS_DISTRO', 'humble'), ('GTK_IM_MODULE', 'ibus'), ('LOGNAME', 'brace'), ('JOURNAL_STREAM', '8:18871'), ('_', '/usr/bin/colcon'), ('ROS_VERSION', '2'), ('XDG_SESSION_CLASS', 'user'), ('DEFAULTS_PATH', '/usr/share/gconf/ubuntu.default.path'), ('PKG_CONFIG_PATH', '/home/brace/codeSpace/navi/install/rtabmap/lib/x86_64-linux-gnu/pkgconfig:/home/brace/codeSpace/navi/install/rtabmap/lib/pkgconfig'), ('USERNAME', 'brace'), ('TERM', 'xterm-256color'), ('GNOME_DESKTOP_SESSION_ID', 'this-is-deprecated'), ('FC_FONTATIONS', '1'), ('ROS_LOCALHOST_ONLY', '0'), ('WINDOWPATH', '2'), ('PATH', '/home/brace/codeSpace/navi/install/rtabmap/bin:/home/brace/.config/Code/User/globalStorage/github.copilot-chat/debugCommand:/home/brace/.config/Code/User/globalStorage/github.copilot-chat/copilotCli:/opt/ros/humble/bin:/usr/local/sbin:/usr/local/bin:/usr/sbin:/usr/bin:/sbin:/bin:/usr/games:/usr/local/games:/snap/bin:/snap/bin'), ('SESSION_MANAGER', 'local/brace-NUC13:@/tmp/.ICE-unix/1416,unix/brace-NUC13:/tmp/.ICE-unix/1416'), ('INVOCATION_ID', 'ca189d607f5345e08a528b64f577a8bf'), ('XDG_MENU_PREFIX', 'gnome-'), ('LC_ADDRESS', 'zh_CN.UTF-8'), ('GNOME_TERMINAL_SCREEN', '/org/gnome/Terminal/screen/24c3bc49_b4df_45c6_b4e2_addcaecbe098'), ('XDG_RUNTIME_DIR', '/run/user/1000'), ('GDK_BACKEND', 'x11'), ('DISPLAY', ':0'), ('LANG', 'zh_CN.UTF-8'), ('XDG_CURRENT_DESKTOP', 'ubuntu:GNOME'), ('PYTHONSTARTUP', '/home/brace/.config/Code/User/workspaceStorage/bcb6da3f859dc44d5fe9070f270c614a/ms-python.python/pythonrc.py'), ('LC_TELEPHONE', 'zh_CN.UTF-8'), ('XMODIFIERS', '@im=ibus'), ('XDG_SESSION_DESKTOP', 'ubuntu'), ('XAUTHORITY', '/run/user/1000/gdm/Xauthority'), ('LS_COLORS', 'rs=0:di=01;34:ln=01;36:mh=00:pi=40;33:so=01;35:do=01;35:bd=40;33;01:cd=40;33;01:or=40;31;01:mi=00:su=37;41:sg=30;43:ca=30;41:tw=30;42:ow=34;42:st=37;44:ex=01;32:*.tar=01;31:*.tgz=01;31:*.arc=01;31:*.arj=01;31:*.taz=01;31:*.lha=01;31:*.lz4=01;31:*.lzh=01;31:*.lzma=01;31:*.tlz=01;31:*.txz=01;31:*.tzo=01;31:*.t7z=01;31:*.zip=01;31:*.z=01;31:*.dz=01;31:*.gz=01;31:*.lrz=01;31:*.lz=01;31:*.lzo=01;31:*.xz=01;31:*.zst=01;31:*.tzst=01;31:*.bz2=01;31:*.bz=01;31:*.tbz=01;31:*.tbz2=01;31:*.tz=01;31:*.deb=01;31:*.rpm=01;31:*.jar=01;31:*.war=01;31:*.ear=01;31:*.sar=01;31:*.rar=01;31:*.alz=01;31:*.ace=01;31:*.zoo=01;31:*.cpio=01;31:*.7z=01;31:*.rz=01;31:*.cab=01;31:*.wim=01;31:*.swm=01;31:*.dwm=01;31:*.esd=01;31:*.jpg=01;35:*.jpeg=01;35:*.mjpg=01;35:*.mjpeg=01;35:*.gif=01;35:*.bmp=01;35:*.pbm=01;35:*.pgm=01;35:*.ppm=01;35:*.tga=01;35:*.xbm=01;35:*.xpm=01;35:*.tif=01;35:*.tiff=01;35:*.png=01;35:*.svg=01;35:*.svgz=01;35:*.mng=01;35:*.pcx=01;35:*.mov=01;35:*.mpg=01;35:*.mpeg=01;35:*.m2v=01;35:*.mkv=01;35:*.webm=01;35:*.webp=01;35:*.ogm=01;35:*.mp4=01;35:*.m4v=01;35:*.mp4v=01;35:*.vob=01;35:*.qt=01;35:*.nuv=01;35:*.wmv=01;35:*.asf=01;35:*.rm=01;35:*.rmvb=01;35:*.flc=01;35:*.avi=01;35:*.fli=01;35:*.flv=01;35:*.gl=01;35:*.dl=01;35:*.xcf=01;35:*.xwd=01;35:*.yuv=01;35:*.cgm=01;35:*.emf=01;35:*.ogv=01;35:*.ogx=01;35:*.aac=00;36:*.au=00;36:*.flac=00;36:*.m4a=00;36:*.mid=00;36:*.midi=00;36:*.mka=00;36:*.mp3=00;36:*.mpc=00;36:*.ogg=00;36:*.ra=00;36:*.wav=00;36:*.oga=00;36:*.opus=00;36:*.spx=00;36:*.xspf=00;36:'), ('VSCODE_GIT_IPC_HANDLE', '/run/user/1000/vscode-git-2baa52ad55.sock'), ('GNOME_TERMINAL_SERVICE', ':1.117'), ('TERM_PROGRAM', 'vscode'), ('SSH_AGENT_LAUNCHER', 'gnome-keyring'), ('SSH_AUTH_SOCK', '/run/user/1000/keyring/ssh'), ('AMENT_PREFIX_PATH', '/home/brace/codeSpace/navi/install/rtabmap_conversions:/home/brace/codeSpace/navi/install/rtabmap_msgs:/opt/ros/humble'), ('SHELL', '/bin/bash'), ('LC_NAME', 'zh_CN.UTF-8'), ('QT_ACCESSIBILITY', '1'), ('NO_AT_BRIDGE', '1'), ('GDMSESSION', 'ubuntu'), ('LESSCLOSE', '/usr/bin/lesspipe %s %s'), ('LC_MEASUREMENT', 'zh_CN.UTF-8'), ('GPG_AGENT_INFO', '/run/user/1000/gnupg/S.gpg-agent:0:1'), ('GJS_DEBUG_OUTPUT', 'stderr'), ('LC_IDENTIFICATION', 'zh_CN.UTF-8'), ('VSCODE_GIT_ASKPASS_EXTRA_ARGS', ''), ('GIT_PAGER', 'cat'), ('QT_IM_MODULE', 'ibus'), ('PWD', '/home/brace/codeSpace/navi/build/rtabmap_util'), ('XDG_CONFIG_DIRS', '/etc/xdg/xdg-ubuntu:/etc/xdg'), ('DBUS_STARTER_ADDRESS', 'unix:path=/run/user/1000/bus,guid=133716b0af99defc56ab537f6979c3d3'), ('XDG_DATA_DIRS', '/usr/share/ubuntu:/usr/share/gnome:/usr/local/share/:/usr/share/:/var/lib/snapd/desktop'), ('PYTHONPATH', '/home/brace/codeSpace/navi/install/rtabmap_msgs/local/lib/python3.10/dist-packages:/opt/ros/humble/lib/python3.10/site-packages:/opt/ros/humble/local/lib/python3.10/dist-packages'), ('LC_NUMERIC', 'zh_CN.UTF-8'), ('LC_PAPER', 'zh_CN.UTF-8'), ('COLCON', '1'), ('VTE_VERSION', '6800'), ('CMAKE_PREFIX_PATH', '/home/brace/codeSpace/navi/install/rtabmap_conversions:/home/brace/codeSpace/navi/install/rtabmap_msgs:/home/brace/codeSpace/navi/install/rtabmap:/opt/ros/humble')]), 'shell': False}
[0.584709] (rtabmap_rviz_plugins) JobProgress: {'identifier': 'rtabmap_rviz_plugins', 'progress': 'cmake'}
[0.585261] (rtabmap_rviz_plugins) JobProgress: {'identifier': 'rtabmap_rviz_plugins', 'progress': 'build'}
[0.585895] (rtabmap_rviz_plugins) Command: {'cmd': ['/usr/bin/cmake', '--build', '/home/brace/codeSpace/navi/build/rtabmap_rviz_plugins', '--', '-j16', '-l16'], 'cwd': '/home/brace/codeSpace/navi/build/rtabmap_rviz_plugins', 'env': OrderedDict([('GJS_DEBUG_TOPICS', 'JS ERROR;JS LOG'), ('PYTHON_BASIC_REPL', '1'), ('LESSOPEN', '| /usr/bin/lesspipe %s'), ('LANGUAGE', 'zh_CN:zh:en_US:en'), ('USER', 'brace'), ('LC_TIME', 'zh_CN.UTF-8'), ('XDG_SESSION_TYPE', 'x11'), ('GIT_ASKPASS', '/usr/share/code/resources/app/extensions/git/dist/askpass.sh'), ('SHLVL', '2'), ('LD_LIBRARY_PATH', '/home/brace/codeSpace/navi/install/rtabmap_conversions/lib:/home/brace/codeSpace/navi/install/rtabmap_msgs/lib:/home/brace/codeSpace/navi/install/rtabmap/lib:/opt/ros/humble/opt/rviz_ogre_vendor/lib:/opt/ros/humble/lib/x86_64-linux-gnu:/opt/ros/humble/lib'), ('HOME', '/home/brace'), ('CHROME_DESKTOP', 'code.desktop'), ('TERM_PROGRAM_VERSION', '1.107.1'), ('DESKTOP_SESSION', 'ubuntu'), ('GIO_LAUNCHED_DESKTOP_FILE', '/usr/share/applications/code.desktop'), ('ROS_PYTHON_VERSION', '3'), ('GNOME_SHELL_SESSION_MODE', 'ubuntu'), ('GTK_MODULES', 'gail:atk-bridge'), ('VSCODE_GIT_ASKPASS_MAIN', '/usr/share/code/resources/app/extensions/git/dist/askpass-main.js'), ('LC_MONETARY', 'zh_CN.UTF-8'), ('VSCODE_GIT_ASKPASS_NODE', '/usr/share/code/code'), ('MANAGERPID', '1039'), ('DBUS_STARTER_BUS_TYPE', 'session'), ('SYSTEMD_EXEC_PID', '1416'), ('VSCODE_PYTHON_AUTOACTIVATE_GUARD', '1'), ('DBUS_SESSION_BUS_ADDRESS', 'unix:path=/run/user/1000/bus,guid=133716b0af99defc56ab537f6979c3d3'), ('COLORTERM', 'truecolor'), ('GIO_LAUNCHED_DESKTOP_FILE_PID', '10396'), ('MANDATORY_PATH', '/usr/share/gconf/ubuntu.mandatory.path'), ('ROS_DISTRO', 'humble'), ('GTK_IM_MODULE', 'ibus'), ('LOGNAME', 'brace'), ('JOURNAL_STREAM', '8:18871'), ('_', '/usr/bin/colcon'), ('ROS_VERSION', '2'), ('XDG_SESSION_CLASS', 'user'), ('DEFAULTS_PATH', '/usr/share/gconf/ubuntu.default.path'), ('PKG_CONFIG_PATH', '/home/brace/codeSpace/navi/install/rtabmap/lib/x86_64-linux-gnu/pkgconfig:/home/brace/codeSpace/navi/install/rtabmap/lib/pkgconfig'), ('USERNAME', 'brace'), ('TERM', 'xterm-256color'), ('GNOME_DESKTOP_SESSION_ID', 'this-is-deprecated'), ('FC_FONTATIONS', '1'), ('ROS_LOCALHOST_ONLY', '0'), ('WINDOWPATH', '2'), ('PATH', '/home/brace/codeSpace/navi/install/rtabmap/bin:/home/brace/.config/Code/User/globalStorage/github.copilot-chat/debugCommand:/home/brace/.config/Code/User/globalStorage/github.copilot-chat/copilotCli:/opt/ros/humble/bin:/usr/local/sbin:/usr/local/bin:/usr/sbin:/usr/bin:/sbin:/bin:/usr/games:/usr/local/games:/snap/bin:/snap/bin'), ('SESSION_MANAGER', 'local/brace-NUC13:@/tmp/.ICE-unix/1416,unix/brace-NUC13:/tmp/.ICE-unix/1416'), ('INVOCATION_ID', 'ca189d607f5345e08a528b64f577a8bf'), ('XDG_MENU_PREFIX', 'gnome-'), ('LC_ADDRESS', 'zh_CN.UTF-8'), ('GNOME_TERMINAL_SCREEN', '/org/gnome/Terminal/screen/24c3bc49_b4df_45c6_b4e2_addcaecbe098'), ('XDG_RUNTIME_DIR', '/run/user/1000'), ('GDK_BACKEND', 'x11'), ('DISPLAY', ':0'), ('LANG', 'zh_CN.UTF-8'), ('XDG_CURRENT_DESKTOP', 'ubuntu:GNOME'), ('PYTHONSTARTUP', '/home/brace/.config/Code/User/workspaceStorage/bcb6da3f859dc44d5fe9070f270c614a/ms-python.python/pythonrc.py'), ('LC_TELEPHONE', 'zh_CN.UTF-8'), ('XMODIFIERS', '@im=ibus'), ('XDG_SESSION_DESKTOP', 'ubuntu'), ('XAUTHORITY', '/run/user/1000/gdm/Xauthority'), ('LS_COLORS', 'rs=0:di=01;34:ln=01;36:mh=00:pi=40;33:so=01;35:do=01;35:bd=40;33;01:cd=40;33;01:or=40;31;01:mi=00:su=37;41:sg=30;43:ca=30;41:tw=30;42:ow=34;42:st=37;44:ex=01;32:*.tar=01;31:*.tgz=01;31:*.arc=01;31:*.arj=01;31:*.taz=01;31:*.lha=01;31:*.lz4=01;31:*.lzh=01;31:*.lzma=01;31:*.tlz=01;31:*.txz=01;31:*.tzo=01;31:*.t7z=01;31:*.zip=01;31:*.z=01;31:*.dz=01;31:*.gz=01;31:*.lrz=01;31:*.lz=01;31:*.lzo=01;31:*.xz=01;31:*.zst=01;31:*.tzst=01;31:*.bz2=01;31:*.bz=01;31:*.tbz=01;31:*.tbz2=01;31:*.tz=01;31:*.deb=01;31:*.rpm=01;31:*.jar=01;31:*.war=01;31:*.ear=01;31:*.sar=01;31:*.rar=01;31:*.alz=01;31:*.ace=01;31:*.zoo=01;31:*.cpio=01;31:*.7z=01;31:*.rz=01;31:*.cab=01;31:*.wim=01;31:*.swm=01;31:*.dwm=01;31:*.esd=01;31:*.jpg=01;35:*.jpeg=01;35:*.mjpg=01;35:*.mjpeg=01;35:*.gif=01;35:*.bmp=01;35:*.pbm=01;35:*.pgm=01;35:*.ppm=01;35:*.tga=01;35:*.xbm=01;35:*.xpm=01;35:*.tif=01;35:*.tiff=01;35:*.png=01;35:*.svg=01;35:*.svgz=01;35:*.mng=01;35:*.pcx=01;35:*.mov=01;35:*.mpg=01;35:*.mpeg=01;35:*.m2v=01;35:*.mkv=01;35:*.webm=01;35:*.webp=01;35:*.ogm=01;35:*.mp4=01;35:*.m4v=01;35:*.mp4v=01;35:*.vob=01;35:*.qt=01;35:*.nuv=01;35:*.wmv=01;35:*.asf=01;35:*.rm=01;35:*.rmvb=01;35:*.flc=01;35:*.avi=01;35:*.fli=01;35:*.flv=01;35:*.gl=01;35:*.dl=01;35:*.xcf=01;35:*.xwd=01;35:*.yuv=01;35:*.cgm=01;35:*.emf=01;35:*.ogv=01;35:*.ogx=01;35:*.aac=00;36:*.au=00;36:*.flac=00;36:*.m4a=00;36:*.mid=00;36:*.midi=00;36:*.mka=00;36:*.mp3=00;36:*.mpc=00;36:*.ogg=00;36:*.ra=00;36:*.wav=00;36:*.oga=00;36:*.opus=00;36:*.spx=00;36:*.xspf=00;36:'), ('VSCODE_GIT_IPC_HANDLE', '/run/user/1000/vscode-git-2baa52ad55.sock'), ('GNOME_TERMINAL_SERVICE', ':1.117'), ('TERM_PROGRAM', 'vscode'), ('SSH_AGENT_LAUNCHER', 'gnome-keyring'), ('SSH_AUTH_SOCK', '/run/user/1000/keyring/ssh'), ('AMENT_PREFIX_PATH', '/home/brace/codeSpace/navi/install/rtabmap_conversions:/home/brace/codeSpace/navi/install/rtabmap_msgs:/opt/ros/humble'), ('SHELL', '/bin/bash'), ('LC_NAME', 'zh_CN.UTF-8'), ('QT_ACCESSIBILITY', '1'), ('NO_AT_BRIDGE', '1'), ('GDMSESSION', 'ubuntu'), ('LESSCLOSE', '/usr/bin/lesspipe %s %s'), ('LC_MEASUREMENT', 'zh_CN.UTF-8'), ('GPG_AGENT_INFO', '/run/user/1000/gnupg/S.gpg-agent:0:1'), ('GJS_DEBUG_OUTPUT', 'stderr'), ('LC_IDENTIFICATION', 'zh_CN.UTF-8'), ('VSCODE_GIT_ASKPASS_EXTRA_ARGS', ''), ('GIT_PAGER', 'cat'), ('QT_IM_MODULE', 'ibus'), ('PWD', '/home/brace/codeSpace/navi/build/rtabmap_rviz_plugins'), ('XDG_CONFIG_DIRS', '/etc/xdg/xdg-ubuntu:/etc/xdg'), ('DBUS_STARTER_ADDRESS', 'unix:path=/run/user/1000/bus,guid=133716b0af99defc56ab537f6979c3d3'), ('XDG_DATA_DIRS', '/usr/share/ubuntu:/usr/share/gnome:/usr/local/share/:/usr/share/:/var/lib/snapd/desktop'), ('PYTHONPATH', '/home/brace/codeSpace/navi/install/rtabmap_msgs/local/lib/python3.10/dist-packages:/opt/ros/humble/lib/python3.10/site-packages:/opt/ros/humble/local/lib/python3.10/dist-packages'), ('LC_NUMERIC', 'zh_CN.UTF-8'), ('LC_PAPER', 'zh_CN.UTF-8'), ('COLCON', '1'), ('VTE_VERSION', '6800'), ('CMAKE_PREFIX_PATH', '/home/brace/codeSpace/navi/install/rtabmap_conversions:/home/brace/codeSpace/navi/install/rtabmap_msgs:/home/brace/codeSpace/navi/install/rtabmap:/opt/ros/humble')]), 'shell': False}
[0.600270] (-) TimerEvent: {}
[0.621407] (rtabmap_python) StdoutLine: {'line': b'running develop\n'}
[0.634544] (rtabmap_rviz_plugins) StdoutLine: {'line': b'[ 16%] \x1b[34m\x1b[1mAutomatic MOC for target rtabmap_rviz_plugins\x1b[0m\n'}
[0.635017] (rtabmap_util) StdoutLine: {'line': b'\x1b[35m\x1b[1mConsolidate compiler generated dependencies of target rtabmap_util_plugins\x1b[0m\n'}
[0.643392] (rtabmap_sync) StdoutLine: {'line': b'[ 21%] Built target rtabmap_sync_plugins\n'}
[0.650055] (rtabmap_sync) StdoutLine: {'line': b'[ 65%] Built target rtabmap_sync\n'}
[0.653736] (rtabmap_rviz_plugins) StdoutLine: {'line': b'[ 16%] Built target rtabmap_rviz_plugins_autogen\n'}
[0.664545] (rtabmap_sync) StdoutLine: {'line': b'[ 82%] Built target rtabmap_rgbdx_sync\n'}
[0.664707] (rtabmap_sync) StdoutLine: {'line': b'[ 82%] Built target rtabmap_stereo_sync\n'}
[0.667312] (rtabmap_sync) StdoutLine: {'line': b'[ 91%] Built target rtabmap_rgb_sync\n'}
[0.672119] (rtabmap_sync) StdoutLine: {'line': b'[100%] Built target rtabmap_rgbd_sync\n'}
[0.681676] (rtabmap_sync) CommandEnded: {'returncode': 0}
[0.682510] (rtabmap_sync) JobProgress: {'identifier': 'rtabmap_sync', 'progress': 'install'}
[0.682934] (rtabmap_sync) Command: {'cmd': ['/usr/bin/cmake', '--install', '/home/brace/codeSpace/navi/build/rtabmap_sync'], 'cwd': '/home/brace/codeSpace/navi/build/rtabmap_sync', 'env': OrderedDict([('GJS_DEBUG_TOPICS', 'JS ERROR;JS LOG'), ('PYTHON_BASIC_REPL', '1'), ('LESSOPEN', '| /usr/bin/lesspipe %s'), ('LANGUAGE', 'zh_CN:zh:en_US:en'), ('USER', 'brace'), ('LC_TIME', 'zh_CN.UTF-8'), ('XDG_SESSION_TYPE', 'x11'), ('GIT_ASKPASS', '/usr/share/code/resources/app/extensions/git/dist/askpass.sh'), ('SHLVL', '2'), ('LD_LIBRARY_PATH', '/home/brace/codeSpace/navi/install/rtabmap_conversions/lib:/home/brace/codeSpace/navi/install/rtabmap_msgs/lib:/home/brace/codeSpace/navi/install/rtabmap/lib:/opt/ros/humble/opt/rviz_ogre_vendor/lib:/opt/ros/humble/lib/x86_64-linux-gnu:/opt/ros/humble/lib'), ('HOME', '/home/brace'), ('CHROME_DESKTOP', 'code.desktop'), ('TERM_PROGRAM_VERSION', '1.107.1'), ('DESKTOP_SESSION', 'ubuntu'), ('GIO_LAUNCHED_DESKTOP_FILE', '/usr/share/applications/code.desktop'), ('ROS_PYTHON_VERSION', '3'), ('GNOME_SHELL_SESSION_MODE', 'ubuntu'), ('GTK_MODULES', 'gail:atk-bridge'), ('VSCODE_GIT_ASKPASS_MAIN', '/usr/share/code/resources/app/extensions/git/dist/askpass-main.js'), ('LC_MONETARY', 'zh_CN.UTF-8'), ('VSCODE_GIT_ASKPASS_NODE', '/usr/share/code/code'), ('MANAGERPID', '1039'), ('DBUS_STARTER_BUS_TYPE', 'session'), ('SYSTEMD_EXEC_PID', '1416'), ('VSCODE_PYTHON_AUTOACTIVATE_GUARD', '1'), ('DBUS_SESSION_BUS_ADDRESS', 'unix:path=/run/user/1000/bus,guid=133716b0af99defc56ab537f6979c3d3'), ('COLORTERM', 'truecolor'), ('GIO_LAUNCHED_DESKTOP_FILE_PID', '10396'), ('MANDATORY_PATH', '/usr/share/gconf/ubuntu.mandatory.path'), ('ROS_DISTRO', 'humble'), ('GTK_IM_MODULE', 'ibus'), ('LOGNAME', 'brace'), ('JOURNAL_STREAM', '8:18871'), ('_', '/usr/bin/colcon'), ('ROS_VERSION', '2'), ('XDG_SESSION_CLASS', 'user'), ('DEFAULTS_PATH', '/usr/share/gconf/ubuntu.default.path'), ('PKG_CONFIG_PATH', '/home/brace/codeSpace/navi/install/rtabmap/lib/x86_64-linux-gnu/pkgconfig:/home/brace/codeSpace/navi/install/rtabmap/lib/pkgconfig'), ('USERNAME', 'brace'), ('TERM', 'xterm-256color'), ('GNOME_DESKTOP_SESSION_ID', 'this-is-deprecated'), ('FC_FONTATIONS', '1'), ('ROS_LOCALHOST_ONLY', '0'), ('WINDOWPATH', '2'), ('PATH', '/home/brace/codeSpace/navi/install/rtabmap/bin:/home/brace/.config/Code/User/globalStorage/github.copilot-chat/debugCommand:/home/brace/.config/Code/User/globalStorage/github.copilot-chat/copilotCli:/opt/ros/humble/bin:/usr/local/sbin:/usr/local/bin:/usr/sbin:/usr/bin:/sbin:/bin:/usr/games:/usr/local/games:/snap/bin:/snap/bin'), ('SESSION_MANAGER', 'local/brace-NUC13:@/tmp/.ICE-unix/1416,unix/brace-NUC13:/tmp/.ICE-unix/1416'), ('INVOCATION_ID', 'ca189d607f5345e08a528b64f577a8bf'), ('XDG_MENU_PREFIX', 'gnome-'), ('LC_ADDRESS', 'zh_CN.UTF-8'), ('GNOME_TERMINAL_SCREEN', '/org/gnome/Terminal/screen/24c3bc49_b4df_45c6_b4e2_addcaecbe098'), ('XDG_RUNTIME_DIR', '/run/user/1000'), ('GDK_BACKEND', 'x11'), ('DISPLAY', ':0'), ('LANG', 'zh_CN.UTF-8'), ('XDG_CURRENT_DESKTOP', 'ubuntu:GNOME'), ('PYTHONSTARTUP', '/home/brace/.config/Code/User/workspaceStorage/bcb6da3f859dc44d5fe9070f270c614a/ms-python.python/pythonrc.py'), ('LC_TELEPHONE', 'zh_CN.UTF-8'), ('XMODIFIERS', '@im=ibus'), ('XDG_SESSION_DESKTOP', 'ubuntu'), ('XAUTHORITY', '/run/user/1000/gdm/Xauthority'), ('LS_COLORS', 'rs=0:di=01;34:ln=01;36:mh=00:pi=40;33:so=01;35:do=01;35:bd=40;33;01:cd=40;33;01:or=40;31;01:mi=00:su=37;41:sg=30;43:ca=30;41:tw=30;42:ow=34;42:st=37;44:ex=01;32:*.tar=01;31:*.tgz=01;31:*.arc=01;31:*.arj=01;31:*.taz=01;31:*.lha=01;31:*.lz4=01;31:*.lzh=01;31:*.lzma=01;31:*.tlz=01;31:*.txz=01;31:*.tzo=01;31:*.t7z=01;31:*.zip=01;31:*.z=01;31:*.dz=01;31:*.gz=01;31:*.lrz=01;31:*.lz=01;31:*.lzo=01;31:*.xz=01;31:*.zst=01;31:*.tzst=01;31:*.bz2=01;31:*.bz=01;31:*.tbz=01;31:*.tbz2=01;31:*.tz=01;31:*.deb=01;31:*.rpm=01;31:*.jar=01;31:*.war=01;31:*.ear=01;31:*.sar=01;31:*.rar=01;31:*.alz=01;31:*.ace=01;31:*.zoo=01;31:*.cpio=01;31:*.7z=01;31:*.rz=01;31:*.cab=01;31:*.wim=01;31:*.swm=01;31:*.dwm=01;31:*.esd=01;31:*.jpg=01;35:*.jpeg=01;35:*.mjpg=01;35:*.mjpeg=01;35:*.gif=01;35:*.bmp=01;35:*.pbm=01;35:*.pgm=01;35:*.ppm=01;35:*.tga=01;35:*.xbm=01;35:*.xpm=01;35:*.tif=01;35:*.tiff=01;35:*.png=01;35:*.svg=01;35:*.svgz=01;35:*.mng=01;35:*.pcx=01;35:*.mov=01;35:*.mpg=01;35:*.mpeg=01;35:*.m2v=01;35:*.mkv=01;35:*.webm=01;35:*.webp=01;35:*.ogm=01;35:*.mp4=01;35:*.m4v=01;35:*.mp4v=01;35:*.vob=01;35:*.qt=01;35:*.nuv=01;35:*.wmv=01;35:*.asf=01;35:*.rm=01;35:*.rmvb=01;35:*.flc=01;35:*.avi=01;35:*.fli=01;35:*.flv=01;35:*.gl=01;35:*.dl=01;35:*.xcf=01;35:*.xwd=01;35:*.yuv=01;35:*.cgm=01;35:*.emf=01;35:*.ogv=01;35:*.ogx=01;35:*.aac=00;36:*.au=00;36:*.flac=00;36:*.m4a=00;36:*.mid=00;36:*.midi=00;36:*.mka=00;36:*.mp3=00;36:*.mpc=00;36:*.ogg=00;36:*.ra=00;36:*.wav=00;36:*.oga=00;36:*.opus=00;36:*.spx=00;36:*.xspf=00;36:'), ('VSCODE_GIT_IPC_HANDLE', '/run/user/1000/vscode-git-2baa52ad55.sock'), ('GNOME_TERMINAL_SERVICE', ':1.117'), ('TERM_PROGRAM', 'vscode'), ('SSH_AGENT_LAUNCHER', 'gnome-keyring'), ('SSH_AUTH_SOCK', '/run/user/1000/keyring/ssh'), ('AMENT_PREFIX_PATH', '/home/brace/codeSpace/navi/install/rtabmap_conversions:/home/brace/codeSpace/navi/install/rtabmap_msgs:/opt/ros/humble'), ('SHELL', '/bin/bash'), ('LC_NAME', 'zh_CN.UTF-8'), ('QT_ACCESSIBILITY', '1'), ('NO_AT_BRIDGE', '1'), ('GDMSESSION', 'ubuntu'), ('LESSCLOSE', '/usr/bin/lesspipe %s %s'), ('LC_MEASUREMENT', 'zh_CN.UTF-8'), ('GPG_AGENT_INFO', '/run/user/1000/gnupg/S.gpg-agent:0:1'), ('GJS_DEBUG_OUTPUT', 'stderr'), ('LC_IDENTIFICATION', 'zh_CN.UTF-8'), ('VSCODE_GIT_ASKPASS_EXTRA_ARGS', ''), ('GIT_PAGER', 'cat'), ('QT_IM_MODULE', 'ibus'), ('PWD', '/home/brace/codeSpace/navi/build/rtabmap_sync'), ('XDG_CONFIG_DIRS', '/etc/xdg/xdg-ubuntu:/etc/xdg'), ('DBUS_STARTER_ADDRESS', 'unix:path=/run/user/1000/bus,guid=133716b0af99defc56ab537f6979c3d3'), ('XDG_DATA_DIRS', '/usr/share/ubuntu:/usr/share/gnome:/usr/local/share/:/usr/share/:/var/lib/snapd/desktop'), ('PYTHONPATH', '/home/brace/codeSpace/navi/install/rtabmap_msgs/local/lib/python3.10/dist-packages:/opt/ros/humble/lib/python3.10/site-packages:/opt/ros/humble/local/lib/python3.10/dist-packages'), ('LC_NUMERIC', 'zh_CN.UTF-8'), ('LC_PAPER', 'zh_CN.UTF-8'), ('COLCON', '1'), ('VTE_VERSION', '6800'), ('CMAKE_PREFIX_PATH', '/home/brace/codeSpace/navi/install/rtabmap_conversions:/home/brace/codeSpace/navi/install/rtabmap_msgs:/home/brace/codeSpace/navi/install/rtabmap:/opt/ros/humble')]), 'shell': False}
[0.689188] (rtabmap_sync) StdoutLine: {'line': b'-- Install configuration: "Release"\n'}
[0.689574] (rtabmap_sync) StdoutLine: {'line': b'-- Execute custom install script\n'}
[0.689784] (rtabmap_rviz_plugins) StdoutLine: {'line': b'[100%] Built target rtabmap_rviz_plugins\n'}
[0.689849] (rtabmap_sync) StdoutLine: {'line': b'-- Up-to-date symlink: /home/brace/codeSpace/navi/install/rtabmap_sync/share/rtabmap_sync/environment/library_path.sh\n'}
[0.689925] (rtabmap_sync) StdoutLine: {'line': b'-- Up-to-date symlink: /home/brace/codeSpace/navi/install/rtabmap_sync/share/rtabmap_sync/environment/library_path.dsv\n'}
[0.690066] (rtabmap_sync) StdoutLine: {'line': b'-- Up-to-date symlink: /home/brace/codeSpace/navi/install/rtabmap_sync/lib/rtabmap_sync/rgbd_sync\n'}
[0.690145] (rtabmap_sync) StdoutLine: {'line': b'-- Up-to-date symlink: /home/brace/codeSpace/navi/install/rtabmap_sync/lib/rtabmap_sync/rgbdx_sync\n'}
[0.690218] (rtabmap_sync) StdoutLine: {'line': b'-- Up-to-date symlink: /home/brace/codeSpace/navi/install/rtabmap_sync/lib/rtabmap_sync/stereo_sync\n'}
[0.690289] (rtabmap_sync) StdoutLine: {'line': b'-- Up-to-date symlink: /home/brace/codeSpace/navi/install/rtabmap_sync/lib/rtabmap_sync/rgb_sync\n'}
[0.690416] (rtabmap_sync) StdoutLine: {'line': b'-- Up-to-date symlink: /home/brace/codeSpace/navi/install/rtabmap_sync/share/ament_index/resource_index/package_run_dependencies/rtabmap_sync\n'}
[0.690530] (rtabmap_sync) StdoutLine: {'line': b'-- Up-to-date symlink: /home/brace/codeSpace/navi/install/rtabmap_sync/share/ament_index/resource_index/parent_prefix_path/rtabmap_sync\n'}
[0.690623] (rtabmap_sync) StdoutLine: {'line': b'-- Up-to-date symlink: /home/brace/codeSpace/navi/install/rtabmap_sync/share/rtabmap_sync/environment/ament_prefix_path.sh\n'}
[0.690697] (rtabmap_sync) StdoutLine: {'line': b'-- Up-to-date symlink: /home/brace/codeSpace/navi/install/rtabmap_sync/share/rtabmap_sync/environment/ament_prefix_path.dsv\n'}
[0.690772] (rtabmap_sync) StdoutLine: {'line': b'-- Up-to-date symlink: /home/brace/codeSpace/navi/install/rtabmap_sync/share/rtabmap_sync/environment/path.sh\n'}
[0.690847] (rtabmap_sync) StdoutLine: {'line': b'-- Up-to-date symlink: /home/brace/codeSpace/navi/install/rtabmap_sync/share/rtabmap_sync/environment/path.dsv\n'}
[0.690915] (rtabmap_sync) StdoutLine: {'line': b'-- Up-to-date symlink: /home/brace/codeSpace/navi/install/rtabmap_sync/share/rtabmap_sync/local_setup.bash\n'}
[0.690982] (rtabmap_sync) StdoutLine: {'line': b'-- Up-to-date symlink: /home/brace/codeSpace/navi/install/rtabmap_sync/share/rtabmap_sync/local_setup.sh\n'}
[0.691048] (rtabmap_sync) StdoutLine: {'line': b'-- Up-to-date symlink: /home/brace/codeSpace/navi/install/rtabmap_sync/share/rtabmap_sync/local_setup.zsh\n'}
[0.691119] (rtabmap_sync) StdoutLine: {'line': b'-- Up-to-date symlink: /home/brace/codeSpace/navi/install/rtabmap_sync/share/rtabmap_sync/local_setup.dsv\n'}
[0.691170] (rtabmap_sync) StdoutLine: {'line': b'-- Symlinking: /home/brace/codeSpace/navi/install/rtabmap_sync/share/rtabmap_sync/package.dsv\n'}
[0.696885] (rtabmap_sync) StdoutLine: {'line': b'-- Up-to-date symlink: /home/brace/codeSpace/navi/install/rtabmap_sync/share/ament_index/resource_index/packages/rtabmap_sync\n'}
[0.697008] (rtabmap_sync) StdoutLine: {'line': b'-- Up-to-date symlink: /home/brace/codeSpace/navi/install/rtabmap_sync/share/ament_index/resource_index/rclcpp_components/rtabmap_sync\n'}
[0.697082] (rtabmap_sync) StdoutLine: {'line': b'-- Up-to-date symlink: /home/brace/codeSpace/navi/install/rtabmap_sync/share/rtabmap_sync/cmake/extra_configs.cmake\n'}
[0.697117] (rtabmap_sync) StdoutLine: {'line': b'-- Up-to-date symlink: /home/brace/codeSpace/navi/install/rtabmap_sync/share/rtabmap_sync/cmake/ament_cmake_export_dependencies-extras.cmake\n'}
[0.697167] (rtabmap_sync) StdoutLine: {'line': b'-- Up-to-date symlink: /home/brace/codeSpace/navi/install/rtabmap_sync/share/rtabmap_sync/cmake/ament_cmake_export_include_directories-extras.cmake\n'}
[0.697227] (rtabmap_sync) StdoutLine: {'line': b'-- Up-to-date symlink: /home/brace/codeSpace/navi/install/rtabmap_sync/share/rtabmap_sync/cmake/ament_cmake_export_targets-extras.cmake\n'}
[0.697300] (rtabmap_sync) StdoutLine: {'line': b'-- Up-to-date symlink: /home/brace/codeSpace/navi/install/rtabmap_sync/share/rtabmap_sync/cmake/ament_cmake_export_libraries-extras.cmake\n'}
[0.697378] (rtabmap_sync) StdoutLine: {'line': b'-- Up-to-date symlink: /home/brace/codeSpace/navi/install/rtabmap_sync/share/rtabmap_sync/cmake/rtabmap_syncConfig.cmake\n'}
[0.697452] (rtabmap_sync) StdoutLine: {'line': b'-- Up-to-date symlink: /home/brace/codeSpace/navi/install/rtabmap_sync/share/rtabmap_sync/cmake/rtabmap_syncConfig-version.cmake\n'}
[0.697584] (rtabmap_sync) StdoutLine: {'line': b'-- Up-to-date symlink: /home/brace/codeSpace/navi/install/rtabmap_sync/share/rtabmap_sync/package.xml\n'}
[0.697751] (rtabmap_sync) StdoutLine: {'line': b'-- Up-to-date: /home/brace/codeSpace/navi/install/rtabmap_sync/lib/librtabmap_sync.so\n'}
[0.697964] (rtabmap_sync) StdoutLine: {'line': b'-- Up-to-date: /home/brace/codeSpace/navi/install/rtabmap_sync/lib/librtabmap_sync_plugins.so\n'}
[0.698099] (rtabmap_sync) StdoutLine: {'line': b'-- Up-to-date: /home/brace/codeSpace/navi/install/rtabmap_sync/include\n'}
[0.698184] (rtabmap_sync) StdoutLine: {'line': b'-- Up-to-date: /home/brace/codeSpace/navi/install/rtabmap_sync/include/rtabmap_sync\n'}
[0.698239] (rtabmap_sync) StdoutLine: {'line': b'-- Up-to-date: /home/brace/codeSpace/navi/install/rtabmap_sync/include/rtabmap_sync/GetTopicName.h\n'}
[0.698294] (rtabmap_sync) StdoutLine: {'line': b'-- Up-to-date: /home/brace/codeSpace/navi/install/rtabmap_sync/include/rtabmap_sync/SyncDiagnostic.h\n'}
[0.698372] (rtabmap_sync) StdoutLine: {'line': b'-- Up-to-date: /home/brace/codeSpace/navi/install/rtabmap_sync/include/rtabmap_sync/visibility.h\n'}
[0.698435] (rtabmap_sync) StdoutLine: {'line': b'-- Up-to-date: /home/brace/codeSpace/navi/install/rtabmap_sync/include/rtabmap_sync/CommonDataSubscriber.h\n'}
[0.698480] (rtabmap_sync) StdoutLine: {'line': b'-- Up-to-date: /home/brace/codeSpace/navi/install/rtabmap_sync/include/rtabmap_sync/CommonDataSubscriberDefines.h\n'}
[0.698523] (rtabmap_sync) StdoutLine: {'line': b'-- Up-to-date: /home/brace/codeSpace/navi/install/rtabmap_sync/share/rtabmap_sync/cmake/rtabmap_syncExport.cmake\n'}
[0.698573] (rtabmap_sync) StdoutLine: {'line': b'-- Up-to-date: /home/brace/codeSpace/navi/install/rtabmap_sync/share/rtabmap_sync/cmake/rtabmap_syncExport-release.cmake\n'}
[0.699890] (rtabmap_sync) CommandEnded: {'returncode': 0}
[0.700909] (-) TimerEvent: {}
[0.700999] (rtabmap_util) StdoutLine: {'line': b'[  2%] \x1b[32mBuilding CXX object CMakeFiles/rtabmap_util_plugins.dir/src/MapsManager.cpp.o\x1b[0m\n'}
[0.711598] (rtabmap_sync) JobEnded: {'identifier': 'rtabmap_sync', 'rc': 0}
[0.712885] (rtabmap_viz) JobStarted: {'identifier': 'rtabmap_viz'}
[0.715027] (rtabmap_rviz_plugins) CommandEnded: {'returncode': 0}
[0.715756] (rtabmap_rviz_plugins) JobProgress: {'identifier': 'rtabmap_rviz_plugins', 'progress': 'install'}
[0.716421] (rtabmap_rviz_plugins) Command: {'cmd': ['/usr/bin/cmake', '--install', '/home/brace/codeSpace/navi/build/rtabmap_rviz_plugins'], 'cwd': '/home/brace/codeSpace/navi/build/rtabmap_rviz_plugins', 'env': OrderedDict([('GJS_DEBUG_TOPICS', 'JS ERROR;JS LOG'), ('PYTHON_BASIC_REPL', '1'), ('LESSOPEN', '| /usr/bin/lesspipe %s'), ('LANGUAGE', 'zh_CN:zh:en_US:en'), ('USER', 'brace'), ('LC_TIME', 'zh_CN.UTF-8'), ('XDG_SESSION_TYPE', 'x11'), ('GIT_ASKPASS', '/usr/share/code/resources/app/extensions/git/dist/askpass.sh'), ('SHLVL', '2'), ('LD_LIBRARY_PATH', '/home/brace/codeSpace/navi/install/rtabmap_conversions/lib:/home/brace/codeSpace/navi/install/rtabmap_msgs/lib:/home/brace/codeSpace/navi/install/rtabmap/lib:/opt/ros/humble/opt/rviz_ogre_vendor/lib:/opt/ros/humble/lib/x86_64-linux-gnu:/opt/ros/humble/lib'), ('HOME', '/home/brace'), ('CHROME_DESKTOP', 'code.desktop'), ('TERM_PROGRAM_VERSION', '1.107.1'), ('DESKTOP_SESSION', 'ubuntu'), ('GIO_LAUNCHED_DESKTOP_FILE', '/usr/share/applications/code.desktop'), ('ROS_PYTHON_VERSION', '3'), ('GNOME_SHELL_SESSION_MODE', 'ubuntu'), ('GTK_MODULES', 'gail:atk-bridge'), ('VSCODE_GIT_ASKPASS_MAIN', '/usr/share/code/resources/app/extensions/git/dist/askpass-main.js'), ('LC_MONETARY', 'zh_CN.UTF-8'), ('VSCODE_GIT_ASKPASS_NODE', '/usr/share/code/code'), ('MANAGERPID', '1039'), ('DBUS_STARTER_BUS_TYPE', 'session'), ('SYSTEMD_EXEC_PID', '1416'), ('VSCODE_PYTHON_AUTOACTIVATE_GUARD', '1'), ('DBUS_SESSION_BUS_ADDRESS', 'unix:path=/run/user/1000/bus,guid=133716b0af99defc56ab537f6979c3d3'), ('COLORTERM', 'truecolor'), ('GIO_LAUNCHED_DESKTOP_FILE_PID', '10396'), ('MANDATORY_PATH', '/usr/share/gconf/ubuntu.mandatory.path'), ('ROS_DISTRO', 'humble'), ('GTK_IM_MODULE', 'ibus'), ('LOGNAME', 'brace'), ('JOURNAL_STREAM', '8:18871'), ('_', '/usr/bin/colcon'), ('ROS_VERSION', '2'), ('XDG_SESSION_CLASS', 'user'), ('DEFAULTS_PATH', '/usr/share/gconf/ubuntu.default.path'), ('PKG_CONFIG_PATH', '/home/brace/codeSpace/navi/install/rtabmap/lib/x86_64-linux-gnu/pkgconfig:/home/brace/codeSpace/navi/install/rtabmap/lib/pkgconfig'), ('USERNAME', 'brace'), ('TERM', 'xterm-256color'), ('GNOME_DESKTOP_SESSION_ID', 'this-is-deprecated'), ('FC_FONTATIONS', '1'), ('ROS_LOCALHOST_ONLY', '0'), ('WINDOWPATH', '2'), ('PATH', '/home/brace/codeSpace/navi/install/rtabmap/bin:/home/brace/.config/Code/User/globalStorage/github.copilot-chat/debugCommand:/home/brace/.config/Code/User/globalStorage/github.copilot-chat/copilotCli:/opt/ros/humble/bin:/usr/local/sbin:/usr/local/bin:/usr/sbin:/usr/bin:/sbin:/bin:/usr/games:/usr/local/games:/snap/bin:/snap/bin'), ('SESSION_MANAGER', 'local/brace-NUC13:@/tmp/.ICE-unix/1416,unix/brace-NUC13:/tmp/.ICE-unix/1416'), ('INVOCATION_ID', 'ca189d607f5345e08a528b64f577a8bf'), ('XDG_MENU_PREFIX', 'gnome-'), ('LC_ADDRESS', 'zh_CN.UTF-8'), ('GNOME_TERMINAL_SCREEN', '/org/gnome/Terminal/screen/24c3bc49_b4df_45c6_b4e2_addcaecbe098'), ('XDG_RUNTIME_DIR', '/run/user/1000'), ('GDK_BACKEND', 'x11'), ('DISPLAY', ':0'), ('LANG', 'zh_CN.UTF-8'), ('XDG_CURRENT_DESKTOP', 'ubuntu:GNOME'), ('PYTHONSTARTUP', '/home/brace/.config/Code/User/workspaceStorage/bcb6da3f859dc44d5fe9070f270c614a/ms-python.python/pythonrc.py'), ('LC_TELEPHONE', 'zh_CN.UTF-8'), ('XMODIFIERS', '@im=ibus'), ('XDG_SESSION_DESKTOP', 'ubuntu'), ('XAUTHORITY', '/run/user/1000/gdm/Xauthority'), ('LS_COLORS', 'rs=0:di=01;34:ln=01;36:mh=00:pi=40;33:so=01;35:do=01;35:bd=40;33;01:cd=40;33;01:or=40;31;01:mi=00:su=37;41:sg=30;43:ca=30;41:tw=30;42:ow=34;42:st=37;44:ex=01;32:*.tar=01;31:*.tgz=01;31:*.arc=01;31:*.arj=01;31:*.taz=01;31:*.lha=01;31:*.lz4=01;31:*.lzh=01;31:*.lzma=01;31:*.tlz=01;31:*.txz=01;31:*.tzo=01;31:*.t7z=01;31:*.zip=01;31:*.z=01;31:*.dz=01;31:*.gz=01;31:*.lrz=01;31:*.lz=01;31:*.lzo=01;31:*.xz=01;31:*.zst=01;31:*.tzst=01;31:*.bz2=01;31:*.bz=01;31:*.tbz=01;31:*.tbz2=01;31:*.tz=01;31:*.deb=01;31:*.rpm=01;31:*.jar=01;31:*.war=01;31:*.ear=01;31:*.sar=01;31:*.rar=01;31:*.alz=01;31:*.ace=01;31:*.zoo=01;31:*.cpio=01;31:*.7z=01;31:*.rz=01;31:*.cab=01;31:*.wim=01;31:*.swm=01;31:*.dwm=01;31:*.esd=01;31:*.jpg=01;35:*.jpeg=01;35:*.mjpg=01;35:*.mjpeg=01;35:*.gif=01;35:*.bmp=01;35:*.pbm=01;35:*.pgm=01;35:*.ppm=01;35:*.tga=01;35:*.xbm=01;35:*.xpm=01;35:*.tif=01;35:*.tiff=01;35:*.png=01;35:*.svg=01;35:*.svgz=01;35:*.mng=01;35:*.pcx=01;35:*.mov=01;35:*.mpg=01;35:*.mpeg=01;35:*.m2v=01;35:*.mkv=01;35:*.webm=01;35:*.webp=01;35:*.ogm=01;35:*.mp4=01;35:*.m4v=01;35:*.mp4v=01;35:*.vob=01;35:*.qt=01;35:*.nuv=01;35:*.wmv=01;35:*.asf=01;35:*.rm=01;35:*.rmvb=01;35:*.flc=01;35:*.avi=01;35:*.fli=01;35:*.flv=01;35:*.gl=01;35:*.dl=01;35:*.xcf=01;35:*.xwd=01;35:*.yuv=01;35:*.cgm=01;35:*.emf=01;35:*.ogv=01;35:*.ogx=01;35:*.aac=00;36:*.au=00;36:*.flac=00;36:*.m4a=00;36:*.mid=00;36:*.midi=00;36:*.mka=00;36:*.mp3=00;36:*.mpc=00;36:*.ogg=00;36:*.ra=00;36:*.wav=00;36:*.oga=00;36:*.opus=00;36:*.spx=00;36:*.xspf=00;36:'), ('VSCODE_GIT_IPC_HANDLE', '/run/user/1000/vscode-git-2baa52ad55.sock'), ('GNOME_TERMINAL_SERVICE', ':1.117'), ('TERM_PROGRAM', 'vscode'), ('SSH_AGENT_LAUNCHER', 'gnome-keyring'), ('SSH_AUTH_SOCK', '/run/user/1000/keyring/ssh'), ('AMENT_PREFIX_PATH', '/home/brace/codeSpace/navi/install/rtabmap_conversions:/home/brace/codeSpace/navi/install/rtabmap_msgs:/opt/ros/humble'), ('SHELL', '/bin/bash'), ('LC_NAME', 'zh_CN.UTF-8'), ('QT_ACCESSIBILITY', '1'), ('NO_AT_BRIDGE', '1'), ('GDMSESSION', 'ubuntu'), ('LESSCLOSE', '/usr/bin/lesspipe %s %s'), ('LC_MEASUREMENT', 'zh_CN.UTF-8'), ('GPG_AGENT_INFO', '/run/user/1000/gnupg/S.gpg-agent:0:1'), ('GJS_DEBUG_OUTPUT', 'stderr'), ('LC_IDENTIFICATION', 'zh_CN.UTF-8'), ('VSCODE_GIT_ASKPASS_EXTRA_ARGS', ''), ('GIT_PAGER', 'cat'), ('QT_IM_MODULE', 'ibus'), ('PWD', '/home/brace/codeSpace/navi/build/rtabmap_rviz_plugins'), ('XDG_CONFIG_DIRS', '/etc/xdg/xdg-ubuntu:/etc/xdg'), ('DBUS_STARTER_ADDRESS', 'unix:path=/run/user/1000/bus,guid=133716b0af99defc56ab537f6979c3d3'), ('XDG_DATA_DIRS', '/usr/share/ubuntu:/usr/share/gnome:/usr/local/share/:/usr/share/:/var/lib/snapd/desktop'), ('PYTHONPATH', '/home/brace/codeSpace/navi/install/rtabmap_msgs/local/lib/python3.10/dist-packages:/opt/ros/humble/lib/python3.10/site-packages:/opt/ros/humble/local/lib/python3.10/dist-packages'), ('LC_NUMERIC', 'zh_CN.UTF-8'), ('LC_PAPER', 'zh_CN.UTF-8'), ('COLCON', '1'), ('VTE_VERSION', '6800'), ('CMAKE_PREFIX_PATH', '/home/brace/codeSpace/navi/install/rtabmap_conversions:/home/brace/codeSpace/navi/install/rtabmap_msgs:/home/brace/codeSpace/navi/install/rtabmap:/opt/ros/humble')]), 'shell': False}
[0.722846] (rtabmap_rviz_plugins) StdoutLine: {'line': b'-- Install configuration: "Release"\n'}
[0.723164] (rtabmap_viz) JobProgress: {'identifier': 'rtabmap_viz', 'progress': 'cmake'}
[0.723263] (rtabmap_rviz_plugins) StdoutLine: {'line': b'-- Execute custom install script\n'}
[0.723392] (rtabmap_rviz_plugins) StdoutLine: {'line': b'-- Up-to-date symlink: /home/brace/codeSpace/navi/install/rtabmap_rviz_plugins/share/rtabmap_rviz_plugins//rviz_plugins.xml\n'}
[0.723511] (rtabmap_rviz_plugins) StdoutLine: {'line': b'-- Up-to-date symlink: /home/brace/codeSpace/navi/install/rtabmap_rviz_plugins/share/ament_index/resource_index/package_run_dependencies/rtabmap_rviz_plugins\n'}
[0.724242] (rtabmap_rviz_plugins) StdoutLine: {'line': b'-- Up-to-date symlink: /home/brace/codeSpace/navi/install/rtabmap_rviz_plugins/share/ament_index/resource_index/parent_prefix_path/rtabmap_rviz_plugins\n'}
[0.724341] (rtabmap_rviz_plugins) StdoutLine: {'line': b'-- Up-to-date symlink: /home/brace/codeSpace/navi/install/rtabmap_rviz_plugins/share/rtabmap_rviz_plugins/environment/ament_prefix_path.sh\n'}
[0.724390] (rtabmap_rviz_plugins) StdoutLine: {'line': b'-- Up-to-date symlink: /home/brace/codeSpace/navi/install/rtabmap_rviz_plugins/share/rtabmap_rviz_plugins/environment/ament_prefix_path.dsv\n'}
[0.724435] (rtabmap_rviz_plugins) StdoutLine: {'line': b'-- Up-to-date symlink: /home/brace/codeSpace/navi/install/rtabmap_rviz_plugins/share/rtabmap_rviz_plugins/environment/path.sh\n'}
[0.724507] (rtabmap_rviz_plugins) StdoutLine: {'line': b'-- Up-to-date symlink: /home/brace/codeSpace/navi/install/rtabmap_rviz_plugins/share/rtabmap_rviz_plugins/environment/path.dsv\n'}
[0.724553] (rtabmap_rviz_plugins) StdoutLine: {'line': b'-- Up-to-date symlink: /home/brace/codeSpace/navi/install/rtabmap_rviz_plugins/share/rtabmap_rviz_plugins/local_setup.bash\n'}
[0.724668] (rtabmap_rviz_plugins) StdoutLine: {'line': b'-- Up-to-date symlink: /home/brace/codeSpace/navi/install/rtabmap_rviz_plugins/share/rtabmap_rviz_plugins/local_setup.sh\n'}
[0.724714] (rtabmap_rviz_plugins) StdoutLine: {'line': b'-- Up-to-date symlink: /home/brace/codeSpace/navi/install/rtabmap_rviz_plugins/share/rtabmap_rviz_plugins/local_setup.zsh\n'}
[0.724757] (rtabmap_rviz_plugins) StdoutLine: {'line': b'-- Up-to-date symlink: /home/brace/codeSpace/navi/install/rtabmap_rviz_plugins/share/rtabmap_rviz_plugins/local_setup.dsv\n'}
[0.724800] (rtabmap_rviz_plugins) StdoutLine: {'line': b'-- Symlinking: /home/brace/codeSpace/navi/install/rtabmap_rviz_plugins/share/rtabmap_rviz_plugins/package.dsv\n'}
[0.725048] (rtabmap_viz) JobProgress: {'identifier': 'rtabmap_viz', 'progress': 'build'}
[0.725473] (rtabmap_viz) Command: {'cmd': ['/usr/bin/cmake', '--build', '/home/brace/codeSpace/navi/build/rtabmap_viz', '--', '-j16', '-l16'], 'cwd': '/home/brace/codeSpace/navi/build/rtabmap_viz', 'env': OrderedDict([('GJS_DEBUG_TOPICS', 'JS ERROR;JS LOG'), ('PYTHON_BASIC_REPL', '1'), ('LESSOPEN', '| /usr/bin/lesspipe %s'), ('LANGUAGE', 'zh_CN:zh:en_US:en'), ('USER', 'brace'), ('LC_TIME', 'zh_CN.UTF-8'), ('XDG_SESSION_TYPE', 'x11'), ('GIT_ASKPASS', '/usr/share/code/resources/app/extensions/git/dist/askpass.sh'), ('SHLVL', '2'), ('LD_LIBRARY_PATH', '/home/brace/codeSpace/navi/install/rtabmap_sync/lib:/home/brace/codeSpace/navi/install/rtabmap_conversions/lib:/home/brace/codeSpace/navi/install/rtabmap_msgs/lib:/home/brace/codeSpace/navi/install/rtabmap/lib:/opt/ros/humble/opt/rviz_ogre_vendor/lib:/opt/ros/humble/lib/x86_64-linux-gnu:/opt/ros/humble/lib'), ('HOME', '/home/brace'), ('CHROME_DESKTOP', 'code.desktop'), ('TERM_PROGRAM_VERSION', '1.107.1'), ('DESKTOP_SESSION', 'ubuntu'), ('GIO_LAUNCHED_DESKTOP_FILE', '/usr/share/applications/code.desktop'), ('ROS_PYTHON_VERSION', '3'), ('GNOME_SHELL_SESSION_MODE', 'ubuntu'), ('GTK_MODULES', 'gail:atk-bridge'), ('VSCODE_GIT_ASKPASS_MAIN', '/usr/share/code/resources/app/extensions/git/dist/askpass-main.js'), ('LC_MONETARY', 'zh_CN.UTF-8'), ('VSCODE_GIT_ASKPASS_NODE', '/usr/share/code/code'), ('MANAGERPID', '1039'), ('DBUS_STARTER_BUS_TYPE', 'session'), ('SYSTEMD_EXEC_PID', '1416'), ('VSCODE_PYTHON_AUTOACTIVATE_GUARD', '1'), ('DBUS_SESSION_BUS_ADDRESS', 'unix:path=/run/user/1000/bus,guid=133716b0af99defc56ab537f6979c3d3'), ('COLORTERM', 'truecolor'), ('GIO_LAUNCHED_DESKTOP_FILE_PID', '10396'), ('MANDATORY_PATH', '/usr/share/gconf/ubuntu.mandatory.path'), ('ROS_DISTRO', 'humble'), ('GTK_IM_MODULE', 'ibus'), ('LOGNAME', 'brace'), ('JOURNAL_STREAM', '8:18871'), ('_', '/usr/bin/colcon'), ('ROS_VERSION', '2'), ('XDG_SESSION_CLASS', 'user'), ('DEFAULTS_PATH', '/usr/share/gconf/ubuntu.default.path'), ('PKG_CONFIG_PATH', '/home/brace/codeSpace/navi/install/rtabmap/lib/x86_64-linux-gnu/pkgconfig:/home/brace/codeSpace/navi/install/rtabmap/lib/pkgconfig'), ('USERNAME', 'brace'), ('TERM', 'xterm-256color'), ('GNOME_DESKTOP_SESSION_ID', 'this-is-deprecated'), ('FC_FONTATIONS', '1'), ('ROS_LOCALHOST_ONLY', '0'), ('WINDOWPATH', '2'), ('PATH', '/home/brace/codeSpace/navi/install/rtabmap/bin:/home/brace/.config/Code/User/globalStorage/github.copilot-chat/debugCommand:/home/brace/.config/Code/User/globalStorage/github.copilot-chat/copilotCli:/opt/ros/humble/bin:/usr/local/sbin:/usr/local/bin:/usr/sbin:/usr/bin:/sbin:/bin:/usr/games:/usr/local/games:/snap/bin:/snap/bin'), ('SESSION_MANAGER', 'local/brace-NUC13:@/tmp/.ICE-unix/1416,unix/brace-NUC13:/tmp/.ICE-unix/1416'), ('INVOCATION_ID', 'ca189d607f5345e08a528b64f577a8bf'), ('XDG_MENU_PREFIX', 'gnome-'), ('LC_ADDRESS', 'zh_CN.UTF-8'), ('GNOME_TERMINAL_SCREEN', '/org/gnome/Terminal/screen/24c3bc49_b4df_45c6_b4e2_addcaecbe098'), ('XDG_RUNTIME_DIR', '/run/user/1000'), ('GDK_BACKEND', 'x11'), ('DISPLAY', ':0'), ('LANG', 'zh_CN.UTF-8'), ('XDG_CURRENT_DESKTOP', 'ubuntu:GNOME'), ('PYTHONSTARTUP', '/home/brace/.config/Code/User/workspaceStorage/bcb6da3f859dc44d5fe9070f270c614a/ms-python.python/pythonrc.py'), ('LC_TELEPHONE', 'zh_CN.UTF-8'), ('XMODIFIERS', '@im=ibus'), ('XDG_SESSION_DESKTOP', 'ubuntu'), ('XAUTHORITY', '/run/user/1000/gdm/Xauthority'), ('LS_COLORS', 'rs=0:di=01;34:ln=01;36:mh=00:pi=40;33:so=01;35:do=01;35:bd=40;33;01:cd=40;33;01:or=40;31;01:mi=00:su=37;41:sg=30;43:ca=30;41:tw=30;42:ow=34;42:st=37;44:ex=01;32:*.tar=01;31:*.tgz=01;31:*.arc=01;31:*.arj=01;31:*.taz=01;31:*.lha=01;31:*.lz4=01;31:*.lzh=01;31:*.lzma=01;31:*.tlz=01;31:*.txz=01;31:*.tzo=01;31:*.t7z=01;31:*.zip=01;31:*.z=01;31:*.dz=01;31:*.gz=01;31:*.lrz=01;31:*.lz=01;31:*.lzo=01;31:*.xz=01;31:*.zst=01;31:*.tzst=01;31:*.bz2=01;31:*.bz=01;31:*.tbz=01;31:*.tbz2=01;31:*.tz=01;31:*.deb=01;31:*.rpm=01;31:*.jar=01;31:*.war=01;31:*.ear=01;31:*.sar=01;31:*.rar=01;31:*.alz=01;31:*.ace=01;31:*.zoo=01;31:*.cpio=01;31:*.7z=01;31:*.rz=01;31:*.cab=01;31:*.wim=01;31:*.swm=01;31:*.dwm=01;31:*.esd=01;31:*.jpg=01;35:*.jpeg=01;35:*.mjpg=01;35:*.mjpeg=01;35:*.gif=01;35:*.bmp=01;35:*.pbm=01;35:*.pgm=01;35:*.ppm=01;35:*.tga=01;35:*.xbm=01;35:*.xpm=01;35:*.tif=01;35:*.tiff=01;35:*.png=01;35:*.svg=01;35:*.svgz=01;35:*.mng=01;35:*.pcx=01;35:*.mov=01;35:*.mpg=01;35:*.mpeg=01;35:*.m2v=01;35:*.mkv=01;35:*.webm=01;35:*.webp=01;35:*.ogm=01;35:*.mp4=01;35:*.m4v=01;35:*.mp4v=01;35:*.vob=01;35:*.qt=01;35:*.nuv=01;35:*.wmv=01;35:*.asf=01;35:*.rm=01;35:*.rmvb=01;35:*.flc=01;35:*.avi=01;35:*.fli=01;35:*.flv=01;35:*.gl=01;35:*.dl=01;35:*.xcf=01;35:*.xwd=01;35:*.yuv=01;35:*.cgm=01;35:*.emf=01;35:*.ogv=01;35:*.ogx=01;35:*.aac=00;36:*.au=00;36:*.flac=00;36:*.m4a=00;36:*.mid=00;36:*.midi=00;36:*.mka=00;36:*.mp3=00;36:*.mpc=00;36:*.ogg=00;36:*.ra=00;36:*.wav=00;36:*.oga=00;36:*.opus=00;36:*.spx=00;36:*.xspf=00;36:'), ('VSCODE_GIT_IPC_HANDLE', '/run/user/1000/vscode-git-2baa52ad55.sock'), ('GNOME_TERMINAL_SERVICE', ':1.117'), ('TERM_PROGRAM', 'vscode'), ('SSH_AGENT_LAUNCHER', 'gnome-keyring'), ('SSH_AUTH_SOCK', '/run/user/1000/keyring/ssh'), ('AMENT_PREFIX_PATH', '/home/brace/codeSpace/navi/install/rtabmap_sync:/home/brace/codeSpace/navi/install/rtabmap_conversions:/home/brace/codeSpace/navi/install/rtabmap_msgs:/opt/ros/humble'), ('SHELL', '/bin/bash'), ('LC_NAME', 'zh_CN.UTF-8'), ('QT_ACCESSIBILITY', '1'), ('NO_AT_BRIDGE', '1'), ('GDMSESSION', 'ubuntu'), ('LESSCLOSE', '/usr/bin/lesspipe %s %s'), ('LC_MEASUREMENT', 'zh_CN.UTF-8'), ('GPG_AGENT_INFO', '/run/user/1000/gnupg/S.gpg-agent:0:1'), ('GJS_DEBUG_OUTPUT', 'stderr'), ('LC_IDENTIFICATION', 'zh_CN.UTF-8'), ('VSCODE_GIT_ASKPASS_EXTRA_ARGS', ''), ('GIT_PAGER', 'cat'), ('QT_IM_MODULE', 'ibus'), ('PWD', '/home/brace/codeSpace/navi/build/rtabmap_viz'), ('XDG_CONFIG_DIRS', '/etc/xdg/xdg-ubuntu:/etc/xdg'), ('DBUS_STARTER_ADDRESS', 'unix:path=/run/user/1000/bus,guid=133716b0af99defc56ab537f6979c3d3'), ('XDG_DATA_DIRS', '/usr/share/ubuntu:/usr/share/gnome:/usr/local/share/:/usr/share/:/var/lib/snapd/desktop'), ('PYTHONPATH', '/home/brace/codeSpace/navi/install/rtabmap_msgs/local/lib/python3.10/dist-packages:/opt/ros/humble/lib/python3.10/site-packages:/opt/ros/humble/local/lib/python3.10/dist-packages'), ('LC_NUMERIC', 'zh_CN.UTF-8'), ('LC_PAPER', 'zh_CN.UTF-8'), ('COLCON', '1'), ('VTE_VERSION', '6800'), ('CMAKE_PREFIX_PATH', '/home/brace/codeSpace/navi/install/rtabmap_sync:/home/brace/codeSpace/navi/install/rtabmap_conversions:/home/brace/codeSpace/navi/install/rtabmap_msgs:/home/brace/codeSpace/navi/install/rtabmap:/opt/ros/humble')]), 'shell': False}
[0.726926] (rtabmap_python) StdoutLine: {'line': b'running egg_info\n'}
[0.727040] (rtabmap_python) StdoutLine: {'line': b'writing rtabmap_python.egg-info/PKG-INFO\n'}
[0.727213] (rtabmap_python) StdoutLine: {'line': b'writing dependency_links to rtabmap_python.egg-info/dependency_links.txt\n'}
[0.727293] (rtabmap_python) StdoutLine: {'line': b'writing entry points to rtabmap_python.egg-info/entry_points.txt\n'}
[0.727349] (rtabmap_python) StdoutLine: {'line': b'writing requirements to rtabmap_python.egg-info/requires.txt\n'}
[0.727398] (rtabmap_python) StdoutLine: {'line': b'writing top-level names to rtabmap_python.egg-info/top_level.txt\n'}
[0.728666] (rtabmap_python) StdoutLine: {'line': b"reading manifest file 'rtabmap_python.egg-info/SOURCES.txt'\n"}
[0.729208] (rtabmap_python) StdoutLine: {'line': b"writing manifest file 'rtabmap_python.egg-info/SOURCES.txt'\n"}
[0.730218] (rtabmap_python) StdoutLine: {'line': b'running build_ext\n'}
[0.730339] (rtabmap_python) StdoutLine: {'line': b'Creating /home/brace/codeSpace/navi/install/rtabmap_python/lib/python3.10/site-packages/rtabmap-python.egg-link (link to .)\n'}
[0.730965] (rtabmap_python) StdoutLine: {'line': b'\n'}
[0.731011] (rtabmap_python) StdoutLine: {'line': b'Installed /home/brace/codeSpace/navi/build/rtabmap_python\n'}
[0.731075] (rtabmap_python) StdoutLine: {'line': b'running symlink_data\n'}
[0.731544] (rtabmap_rviz_plugins) StdoutLine: {'line': b'-- Up-to-date symlink: /home/brace/codeSpace/navi/install/rtabmap_rviz_plugins/share/ament_index/resource_index/packages/rtabmap_rviz_plugins\n'}
[0.731698] (rtabmap_rviz_plugins) StdoutLine: {'line': b'-- Up-to-date symlink: /home/brace/codeSpace/navi/install/rtabmap_rviz_plugins/share/ament_index/resource_index/rviz_common__pluginlib__plugin/rtabmap_rviz_plugins\n'}
[0.731865] (rtabmap_rviz_plugins) StdoutLine: {'line': b'-- Up-to-date symlink: /home/brace/codeSpace/navi/install/rtabmap_rviz_plugins/share/rtabmap_rviz_plugins/cmake/rtabmap_rviz_pluginsConfig.cmake\n'}
[0.731970] (rtabmap_rviz_plugins) StdoutLine: {'line': b'-- Up-to-date symlink: /home/brace/codeSpace/navi/install/rtabmap_rviz_plugins/share/rtabmap_rviz_plugins/cmake/rtabmap_rviz_pluginsConfig-version.cmake\n'}
[0.732125] (rtabmap_rviz_plugins) StdoutLine: {'line': b'-- Up-to-date symlink: /home/brace/codeSpace/navi/install/rtabmap_rviz_plugins/share/rtabmap_rviz_plugins/package.xml\n'}
[0.732205] (rtabmap_rviz_plugins) StdoutLine: {'line': b'-- Up-to-date: /home/brace/codeSpace/navi/install/rtabmap_rviz_plugins/include\n'}
[0.732275] (rtabmap_rviz_plugins) StdoutLine: {'line': b'-- Up-to-date: /home/brace/codeSpace/navi/install/rtabmap_rviz_plugins/include/rtabmap_rviz_plugins\n'}
[0.732329] (rtabmap_rviz_plugins) StdoutLine: {'line': b'-- Up-to-date: /home/brace/codeSpace/navi/install/rtabmap_rviz_plugins/include/rtabmap_rviz_plugins/MapCloudDisplay.h\n'}
[0.732367] (rtabmap_rviz_plugins) StdoutLine: {'line': b'-- Up-to-date: /home/brace/codeSpace/navi/install/rtabmap_rviz_plugins/include/rtabmap_rviz_plugins/InfoDisplay.h\n'}
[0.732449] (rtabmap_rviz_plugins) StdoutLine: {'line': b'-- Up-to-date: /home/brace/codeSpace/navi/install/rtabmap_rviz_plugins/include/rtabmap_rviz_plugins/visibility.h\n'}
[0.732488] (rtabmap_rviz_plugins) StdoutLine: {'line': b'-- Up-to-date: /home/brace/codeSpace/navi/install/rtabmap_rviz_plugins/include/rtabmap_rviz_plugins/MapGraphDisplay.h\n'}
[0.732553] (rtabmap_rviz_plugins) StdoutLine: {'line': b'-- Up-to-date: /home/brace/codeSpace/navi/install/rtabmap_rviz_plugins/lib/librtabmap_rviz_plugins.so\n'}
[0.734216] (rtabmap_rviz_plugins) CommandEnded: {'returncode': 0}
[0.745094] (rtabmap_rviz_plugins) JobEnded: {'identifier': 'rtabmap_rviz_plugins', 'rc': 0}
[0.751043] (rtabmap_python) CommandEnded: {'returncode': 0}
[0.757346] (rtabmap_python) JobEnded: {'identifier': 'rtabmap_python', 'rc': 0}
[0.777947] (rtabmap_viz) StdoutLine: {'line': b'[ 16%] \x1b[34m\x1b[1mAutomatic MOC and UIC for target rtabmap_viz\x1b[0m\n'}
[0.799020] (rtabmap_viz) StdoutLine: {'line': b'[ 16%] Built target rtabmap_viz_autogen\n'}
[0.801024] (-) TimerEvent: {}
[0.812359] (rtabmap_viz) StdoutLine: {'line': b'\x1b[35m\x1b[1mConsolidate compiler generated dependencies of target rtabmap_viz\x1b[0m\n'}
[0.848028] (rtabmap_viz) StdoutLine: {'line': b'[100%] Built target rtabmap_viz\n'}
[0.860738] (rtabmap_viz) CommandEnded: {'returncode': 0}
[0.861281] (rtabmap_viz) JobProgress: {'identifier': 'rtabmap_viz', 'progress': 'install'}
[0.861694] (rtabmap_viz) Command: {'cmd': ['/usr/bin/cmake', '--install', '/home/brace/codeSpace/navi/build/rtabmap_viz'], 'cwd': '/home/brace/codeSpace/navi/build/rtabmap_viz', 'env': OrderedDict([('GJS_DEBUG_TOPICS', 'JS ERROR;JS LOG'), ('PYTHON_BASIC_REPL', '1'), ('LESSOPEN', '| /usr/bin/lesspipe %s'), ('LANGUAGE', 'zh_CN:zh:en_US:en'), ('USER', 'brace'), ('LC_TIME', 'zh_CN.UTF-8'), ('XDG_SESSION_TYPE', 'x11'), ('GIT_ASKPASS', '/usr/share/code/resources/app/extensions/git/dist/askpass.sh'), ('SHLVL', '2'), ('LD_LIBRARY_PATH', '/home/brace/codeSpace/navi/install/rtabmap_sync/lib:/home/brace/codeSpace/navi/install/rtabmap_conversions/lib:/home/brace/codeSpace/navi/install/rtabmap_msgs/lib:/home/brace/codeSpace/navi/install/rtabmap/lib:/opt/ros/humble/opt/rviz_ogre_vendor/lib:/opt/ros/humble/lib/x86_64-linux-gnu:/opt/ros/humble/lib'), ('HOME', '/home/brace'), ('CHROME_DESKTOP', 'code.desktop'), ('TERM_PROGRAM_VERSION', '1.107.1'), ('DESKTOP_SESSION', 'ubuntu'), ('GIO_LAUNCHED_DESKTOP_FILE', '/usr/share/applications/code.desktop'), ('ROS_PYTHON_VERSION', '3'), ('GNOME_SHELL_SESSION_MODE', 'ubuntu'), ('GTK_MODULES', 'gail:atk-bridge'), ('VSCODE_GIT_ASKPASS_MAIN', '/usr/share/code/resources/app/extensions/git/dist/askpass-main.js'), ('LC_MONETARY', 'zh_CN.UTF-8'), ('VSCODE_GIT_ASKPASS_NODE', '/usr/share/code/code'), ('MANAGERPID', '1039'), ('DBUS_STARTER_BUS_TYPE', 'session'), ('SYSTEMD_EXEC_PID', '1416'), ('VSCODE_PYTHON_AUTOACTIVATE_GUARD', '1'), ('DBUS_SESSION_BUS_ADDRESS', 'unix:path=/run/user/1000/bus,guid=133716b0af99defc56ab537f6979c3d3'), ('COLORTERM', 'truecolor'), ('GIO_LAUNCHED_DESKTOP_FILE_PID', '10396'), ('MANDATORY_PATH', '/usr/share/gconf/ubuntu.mandatory.path'), ('ROS_DISTRO', 'humble'), ('GTK_IM_MODULE', 'ibus'), ('LOGNAME', 'brace'), ('JOURNAL_STREAM', '8:18871'), ('_', '/usr/bin/colcon'), ('ROS_VERSION', '2'), ('XDG_SESSION_CLASS', 'user'), ('DEFAULTS_PATH', '/usr/share/gconf/ubuntu.default.path'), ('PKG_CONFIG_PATH', '/home/brace/codeSpace/navi/install/rtabmap/lib/x86_64-linux-gnu/pkgconfig:/home/brace/codeSpace/navi/install/rtabmap/lib/pkgconfig'), ('USERNAME', 'brace'), ('TERM', 'xterm-256color'), ('GNOME_DESKTOP_SESSION_ID', 'this-is-deprecated'), ('FC_FONTATIONS', '1'), ('ROS_LOCALHOST_ONLY', '0'), ('WINDOWPATH', '2'), ('PATH', '/home/brace/codeSpace/navi/install/rtabmap/bin:/home/brace/.config/Code/User/globalStorage/github.copilot-chat/debugCommand:/home/brace/.config/Code/User/globalStorage/github.copilot-chat/copilotCli:/opt/ros/humble/bin:/usr/local/sbin:/usr/local/bin:/usr/sbin:/usr/bin:/sbin:/bin:/usr/games:/usr/local/games:/snap/bin:/snap/bin'), ('SESSION_MANAGER', 'local/brace-NUC13:@/tmp/.ICE-unix/1416,unix/brace-NUC13:/tmp/.ICE-unix/1416'), ('INVOCATION_ID', 'ca189d607f5345e08a528b64f577a8bf'), ('XDG_MENU_PREFIX', 'gnome-'), ('LC_ADDRESS', 'zh_CN.UTF-8'), ('GNOME_TERMINAL_SCREEN', '/org/gnome/Terminal/screen/24c3bc49_b4df_45c6_b4e2_addcaecbe098'), ('XDG_RUNTIME_DIR', '/run/user/1000'), ('GDK_BACKEND', 'x11'), ('DISPLAY', ':0'), ('LANG', 'zh_CN.UTF-8'), ('XDG_CURRENT_DESKTOP', 'ubuntu:GNOME'), ('PYTHONSTARTUP', '/home/brace/.config/Code/User/workspaceStorage/bcb6da3f859dc44d5fe9070f270c614a/ms-python.python/pythonrc.py'), ('LC_TELEPHONE', 'zh_CN.UTF-8'), ('XMODIFIERS', '@im=ibus'), ('XDG_SESSION_DESKTOP', 'ubuntu'), ('XAUTHORITY', '/run/user/1000/gdm/Xauthority'), ('LS_COLORS', 'rs=0:di=01;34:ln=01;36:mh=00:pi=40;33:so=01;35:do=01;35:bd=40;33;01:cd=40;33;01:or=40;31;01:mi=00:su=37;41:sg=30;43:ca=30;41:tw=30;42:ow=34;42:st=37;44:ex=01;32:*.tar=01;31:*.tgz=01;31:*.arc=01;31:*.arj=01;31:*.taz=01;31:*.lha=01;31:*.lz4=01;31:*.lzh=01;31:*.lzma=01;31:*.tlz=01;31:*.txz=01;31:*.tzo=01;31:*.t7z=01;31:*.zip=01;31:*.z=01;31:*.dz=01;31:*.gz=01;31:*.lrz=01;31:*.lz=01;31:*.lzo=01;31:*.xz=01;31:*.zst=01;31:*.tzst=01;31:*.bz2=01;31:*.bz=01;31:*.tbz=01;31:*.tbz2=01;31:*.tz=01;31:*.deb=01;31:*.rpm=01;31:*.jar=01;31:*.war=01;31:*.ear=01;31:*.sar=01;31:*.rar=01;31:*.alz=01;31:*.ace=01;31:*.zoo=01;31:*.cpio=01;31:*.7z=01;31:*.rz=01;31:*.cab=01;31:*.wim=01;31:*.swm=01;31:*.dwm=01;31:*.esd=01;31:*.jpg=01;35:*.jpeg=01;35:*.mjpg=01;35:*.mjpeg=01;35:*.gif=01;35:*.bmp=01;35:*.pbm=01;35:*.pgm=01;35:*.ppm=01;35:*.tga=01;35:*.xbm=01;35:*.xpm=01;35:*.tif=01;35:*.tiff=01;35:*.png=01;35:*.svg=01;35:*.svgz=01;35:*.mng=01;35:*.pcx=01;35:*.mov=01;35:*.mpg=01;35:*.mpeg=01;35:*.m2v=01;35:*.mkv=01;35:*.webm=01;35:*.webp=01;35:*.ogm=01;35:*.mp4=01;35:*.m4v=01;35:*.mp4v=01;35:*.vob=01;35:*.qt=01;35:*.nuv=01;35:*.wmv=01;35:*.asf=01;35:*.rm=01;35:*.rmvb=01;35:*.flc=01;35:*.avi=01;35:*.fli=01;35:*.flv=01;35:*.gl=01;35:*.dl=01;35:*.xcf=01;35:*.xwd=01;35:*.yuv=01;35:*.cgm=01;35:*.emf=01;35:*.ogv=01;35:*.ogx=01;35:*.aac=00;36:*.au=00;36:*.flac=00;36:*.m4a=00;36:*.mid=00;36:*.midi=00;36:*.mka=00;36:*.mp3=00;36:*.mpc=00;36:*.ogg=00;36:*.ra=00;36:*.wav=00;36:*.oga=00;36:*.opus=00;36:*.spx=00;36:*.xspf=00;36:'), ('VSCODE_GIT_IPC_HANDLE', '/run/user/1000/vscode-git-2baa52ad55.sock'), ('GNOME_TERMINAL_SERVICE', ':1.117'), ('TERM_PROGRAM', 'vscode'), ('SSH_AGENT_LAUNCHER', 'gnome-keyring'), ('SSH_AUTH_SOCK', '/run/user/1000/keyring/ssh'), ('AMENT_PREFIX_PATH', '/home/brace/codeSpace/navi/install/rtabmap_sync:/home/brace/codeSpace/navi/install/rtabmap_conversions:/home/brace/codeSpace/navi/install/rtabmap_msgs:/opt/ros/humble'), ('SHELL', '/bin/bash'), ('LC_NAME', 'zh_CN.UTF-8'), ('QT_ACCESSIBILITY', '1'), ('NO_AT_BRIDGE', '1'), ('GDMSESSION', 'ubuntu'), ('LESSCLOSE', '/usr/bin/lesspipe %s %s'), ('LC_MEASUREMENT', 'zh_CN.UTF-8'), ('GPG_AGENT_INFO', '/run/user/1000/gnupg/S.gpg-agent:0:1'), ('GJS_DEBUG_OUTPUT', 'stderr'), ('LC_IDENTIFICATION', 'zh_CN.UTF-8'), ('VSCODE_GIT_ASKPASS_EXTRA_ARGS', ''), ('GIT_PAGER', 'cat'), ('QT_IM_MODULE', 'ibus'), ('PWD', '/home/brace/codeSpace/navi/build/rtabmap_viz'), ('XDG_CONFIG_DIRS', '/etc/xdg/xdg-ubuntu:/etc/xdg'), ('DBUS_STARTER_ADDRESS', 'unix:path=/run/user/1000/bus,guid=133716b0af99defc56ab537f6979c3d3'), ('XDG_DATA_DIRS', '/usr/share/ubuntu:/usr/share/gnome:/usr/local/share/:/usr/share/:/var/lib/snapd/desktop'), ('PYTHONPATH', '/home/brace/codeSpace/navi/install/rtabmap_msgs/local/lib/python3.10/dist-packages:/opt/ros/humble/lib/python3.10/site-packages:/opt/ros/humble/local/lib/python3.10/dist-packages'), ('LC_NUMERIC', 'zh_CN.UTF-8'), ('LC_PAPER', 'zh_CN.UTF-8'), ('COLCON', '1'), ('VTE_VERSION', '6800'), ('CMAKE_PREFIX_PATH', '/home/brace/codeSpace/navi/install/rtabmap_sync:/home/brace/codeSpace/navi/install/rtabmap_conversions:/home/brace/codeSpace/navi/install/rtabmap_msgs:/home/brace/codeSpace/navi/install/rtabmap:/opt/ros/humble')]), 'shell': False}
[0.867708] (rtabmap_viz) StdoutLine: {'line': b'-- Install configuration: "Release"\n'}
[0.868039] (rtabmap_viz) StdoutLine: {'line': b'-- Execute custom install script\n'}
[0.868246] (rtabmap_viz) StdoutLine: {'line': b'-- Symlinking: /home/brace/codeSpace/navi/install/rtabmap_viz/lib/rtabmap_viz/rtabmap_viz\n'}
[0.876131] (rtabmap_viz) StdoutLine: {'line': b'-- Symlinking: /home/brace/codeSpace/navi/install/rtabmap_viz/share/ament_index/resource_index/package_run_dependencies/rtabmap_viz\n'}
[0.881784] (rtabmap_viz) StdoutLine: {'line': b'-- Symlinking: /home/brace/codeSpace/navi/install/rtabmap_viz/share/ament_index/resource_index/parent_prefix_path/rtabmap_viz\n'}
[0.892117] (rtabmap_viz) StdoutLine: {'line': b'-- Symlinking: /home/brace/codeSpace/navi/install/rtabmap_viz/share/rtabmap_viz/environment/ament_prefix_path.sh\n'}
[0.898347] (rtabmap_viz) StdoutLine: {'line': b'-- Symlinking: /home/brace/codeSpace/navi/install/rtabmap_viz/share/rtabmap_viz/environment/ament_prefix_path.dsv\n'}
[0.901104] (-) TimerEvent: {}
[0.906395] (rtabmap_viz) StdoutLine: {'line': b'-- Symlinking: /home/brace/codeSpace/navi/install/rtabmap_viz/share/rtabmap_viz/environment/path.sh\n'}
[0.913720] (rtabmap_viz) StdoutLine: {'line': b'-- Symlinking: /home/brace/codeSpace/navi/install/rtabmap_viz/share/rtabmap_viz/environment/path.dsv\n'}
[0.922272] (rtabmap_viz) StdoutLine: {'line': b'-- Symlinking: /home/brace/codeSpace/navi/install/rtabmap_viz/share/rtabmap_viz/local_setup.bash\n'}
[0.929109] (rtabmap_viz) StdoutLine: {'line': b'-- Symlinking: /home/brace/codeSpace/navi/install/rtabmap_viz/share/rtabmap_viz/local_setup.sh\n'}
[0.934731] (rtabmap_viz) StdoutLine: {'line': b'-- Symlinking: /home/brace/codeSpace/navi/install/rtabmap_viz/share/rtabmap_viz/local_setup.zsh\n'}
[0.942709] (rtabmap_viz) StdoutLine: {'line': b'-- Symlinking: /home/brace/codeSpace/navi/install/rtabmap_viz/share/rtabmap_viz/local_setup.dsv\n'}
[0.948353] (rtabmap_viz) StdoutLine: {'line': b'-- Symlinking: /home/brace/codeSpace/navi/install/rtabmap_viz/share/rtabmap_viz/package.dsv\n'}
[0.955766] (rtabmap_viz) StdoutLine: {'line': b'-- Symlinking: /home/brace/codeSpace/navi/install/rtabmap_viz/share/ament_index/resource_index/packages/rtabmap_viz\n'}
[0.962669] (rtabmap_viz) StdoutLine: {'line': b'-- Symlinking: /home/brace/codeSpace/navi/install/rtabmap_viz/share/rtabmap_viz/cmake/rtabmap_vizConfig.cmake\n'}
[0.968082] (rtabmap_viz) StdoutLine: {'line': b'-- Symlinking: /home/brace/codeSpace/navi/install/rtabmap_viz/share/rtabmap_viz/cmake/rtabmap_vizConfig-version.cmake\n'}
[0.974618] (rtabmap_viz) StdoutLine: {'line': b'-- Symlinking: /home/brace/codeSpace/navi/install/rtabmap_viz/share/rtabmap_viz/package.xml\n'}
[0.982062] (rtabmap_viz) CommandEnded: {'returncode': 0}
[0.990108] (rtabmap_viz) JobEnded: {'identifier': 'rtabmap_viz', 'rc': 0}
[1.001230] (-) TimerEvent: {}
[1.101471] (-) TimerEvent: {}
[1.201711] (-) TimerEvent: {}
[1.301982] (-) TimerEvent: {}
[1.402284] (-) TimerEvent: {}
[1.502522] (-) TimerEvent: {}
[1.602782] (-) TimerEvent: {}
[1.703097] (-) TimerEvent: {}
[1.803368] (-) TimerEvent: {}
[1.903630] (-) TimerEvent: {}
[2.003877] (-) TimerEvent: {}
[2.104110] (-) TimerEvent: {}
[2.204387] (-) TimerEvent: {}
[2.304652] (-) TimerEvent: {}
[2.404929] (-) TimerEvent: {}
[2.505281] (-) TimerEvent: {}
[2.605592] (-) TimerEvent: {}
[2.705880] (-) TimerEvent: {}
[2.806165] (-) TimerEvent: {}
[2.906430] (-) TimerEvent: {}
[3.006803] (-) TimerEvent: {}
[3.107071] (-) TimerEvent: {}
[3.207397] (-) TimerEvent: {}
[3.307677] (-) TimerEvent: {}
[3.407982] (-) TimerEvent: {}
[3.508330] (-) TimerEvent: {}
[3.608753] (-) TimerEvent: {}
[3.709052] (-) TimerEvent: {}
[3.809423] (-) TimerEvent: {}
[3.909794] (-) TimerEvent: {}
[4.010228] (-) TimerEvent: {}
[4.110597] (-) TimerEvent: {}
[4.210918] (-) TimerEvent: {}
[4.311249] (-) TimerEvent: {}
[4.411693] (-) TimerEvent: {}
[4.512053] (-) TimerEvent: {}
[4.612427] (-) TimerEvent: {}
[4.712761] (-) TimerEvent: {}
[4.813103] (-) TimerEvent: {}
[4.913449] (-) TimerEvent: {}
[5.013807] (-) TimerEvent: {}
[5.114139] (-) TimerEvent: {}
[5.214447] (-) TimerEvent: {}
[5.314878] (-) TimerEvent: {}
[5.415157] (-) TimerEvent: {}
[5.515500] (-) TimerEvent: {}
[5.615876] (-) TimerEvent: {}
[5.716224] (-) TimerEvent: {}
[5.816470] (-) TimerEvent: {}
[5.916704] (-) TimerEvent: {}
[6.017068] (-) TimerEvent: {}
[6.117424] (-) TimerEvent: {}
[6.217811] (-) TimerEvent: {}
[6.318115] (-) TimerEvent: {}
[6.418385] (-) TimerEvent: {}
[6.518648] (-) TimerEvent: {}
[6.567096] (rtabmap_util) StderrLine: {'line': b'\x1b[01m\x1b[K/home/brace/codeSpace/navi/src/rtabmap_ros/rtabmap_util/src/MapsManager.cpp:\x1b[m\x1b[K In member function \xe2\x80\x98\x1b[01m\x1b[Kvoid rtabmap_util::MapsManager::publishMaps(const std::map<int, rtabmap::Transform>&, const rclcpp::Time&, const string&)\x1b[m\x1b[K\xe2\x80\x99:\n'}
[6.567278] (rtabmap_util) StderrLine: {'line': b'\x1b[01m\x1b[K/home/brace/codeSpace/navi/src/rtabmap_ros/rtabmap_util/src/MapsManager.cpp:852:55:\x1b[m\x1b[K \x1b[01;31m\x1b[Kerror: \x1b[m\x1b[K\xe2\x80\x98\x1b[01m\x1b[Kclass rtabmap::FlannIndex\x1b[m\x1b[K\xe2\x80\x99 has no member named \xe2\x80\x98\x1b[01m\x1b[KbuildKDTreeSingleIndex\x1b[m\x1b[K\xe2\x80\x99\n'}
[6.567330] (rtabmap_util) StderrLine: {'line': b'  852 |                                 assembledGroundIndex_.\x1b[01;31m\x1b[KbuildKDTreeSingleIndex\x1b[m\x1b[K(tmpGroundPts, 15);\n'}
[6.567372] (rtabmap_util) StderrLine: {'line': b'      |                                                       \x1b[01;31m\x1b[K^~~~~~~~~~~~~~~~~~~~~~\x1b[m\x1b[K\n'}
[6.567410] (rtabmap_util) StderrLine: {'line': b'\x1b[01m\x1b[K/home/brace/codeSpace/navi/src/rtabmap_ros/rtabmap_util/src/MapsManager.cpp:856:57:\x1b[m\x1b[K \x1b[01;31m\x1b[Kerror: \x1b[m\x1b[K\xe2\x80\x98\x1b[01m\x1b[Kclass rtabmap::FlannIndex\x1b[m\x1b[K\xe2\x80\x99 has no member named \xe2\x80\x98\x1b[01m\x1b[KbuildKDTreeSingleIndex\x1b[m\x1b[K\xe2\x80\x99\n'}
[6.567447] (rtabmap_util) StderrLine: {'line': b'  856 |                                 assembledObstacleIndex_.\x1b[01;31m\x1b[KbuildKDTreeSingleIndex\x1b[m\x1b[K(tmpObstaclePts, 15);\n'}
[6.567484] (rtabmap_util) StderrLine: {'line': b'      |                                                         \x1b[01;31m\x1b[K^~~~~~~~~~~~~~~~~~~~~~\x1b[m\x1b[K\n'}
[6.568454] (rtabmap_util) StderrLine: {'line': b'\x1b[01m\x1b[K/home/brace/codeSpace/navi/src/rtabmap_ros/rtabmap_util/src/MapsManager.cpp:897:87:\x1b[m\x1b[K \x1b[01;31m\x1b[Kerror: \x1b[m\x1b[K\xe2\x80\x98\x1b[01m\x1b[Kclass rtabmap::FlannIndex\x1b[m\x1b[K\xe2\x80\x99 has no member named \xe2\x80\x98\x1b[01m\x1b[KbuildKDTreeSingleIndex\x1b[m\x1b[K\xe2\x80\x99\n'}
[6.568496] (rtabmap_util) StderrLine: {'line': b'  897 |                                                                 assembledGroundIndex_.\x1b[01;31m\x1b[KbuildKDTreeSingleIndex\x1b[m\x1b[K(pts, 15);\n'}
[6.568533] (rtabmap_util) StderrLine: {'line': b'      |                                                                                       \x1b[01;31m\x1b[K^~~~~~~~~~~~~~~~~~~~~~\x1b[m\x1b[K\n'}
[6.574230] (rtabmap_util) StderrLine: {'line': b'\x1b[01m\x1b[K/home/brace/codeSpace/navi/src/rtabmap_ros/rtabmap_util/src/MapsManager.cpp:944:89:\x1b[m\x1b[K \x1b[01;31m\x1b[Kerror: \x1b[m\x1b[K\xe2\x80\x98\x1b[01m\x1b[Kclass rtabmap::FlannIndex\x1b[m\x1b[K\xe2\x80\x99 has no member named \xe2\x80\x98\x1b[01m\x1b[KbuildKDTreeSingleIndex\x1b[m\x1b[K\xe2\x80\x99\n'}
[6.574385] (rtabmap_util) StderrLine: {'line': b'  944 |                                                                 assembledObstacleIndex_.\x1b[01;31m\x1b[KbuildKDTreeSingleIndex\x1b[m\x1b[K(pts, 15);\n'}
[6.574431] (rtabmap_util) StderrLine: {'line': b'      |                                                                                         \x1b[01;31m\x1b[K^~~~~~~~~~~~~~~~~~~~~~\x1b[m\x1b[K\n'}
[6.618742] (-) TimerEvent: {}
[6.719013] (-) TimerEvent: {}
[6.819368] (-) TimerEvent: {}
[6.919733] (-) TimerEvent: {}
[7.020016] (-) TimerEvent: {}
[7.120364] (-) TimerEvent: {}
[7.220616] (-) TimerEvent: {}
[7.320859] (-) TimerEvent: {}
[7.421198] (-) TimerEvent: {}
[7.521586] (-) TimerEvent: {}
[7.621942] (-) TimerEvent: {}
[7.722384] (-) TimerEvent: {}
[7.822697] (-) TimerEvent: {}
[7.923013] (-) TimerEvent: {}
[8.023482] (-) TimerEvent: {}
[8.123806] (-) TimerEvent: {}
[8.189115] (rtabmap_util) StderrLine: {'line': b'gmake[2]: *** [CMakeFiles/rtabmap_util_plugins.dir/build.make:76\xef\xbc\x9aCMakeFiles/rtabmap_util_plugins.dir/src/MapsManager.cpp.o] \xe9\x94\x99\xe8\xaf\xaf 1\n'}
[8.189530] (rtabmap_util) StderrLine: {'line': b'gmake[1]: *** [CMakeFiles/Makefile2:161\xef\xbc\x9aCMakeFiles/rtabmap_util_plugins.dir/all] \xe9\x94\x99\xe8\xaf\xaf 2\n'}
[8.189833] (rtabmap_util) StderrLine: {'line': b'gmake: *** [Makefile:146\xef\xbc\x9aall] \xe9\x94\x99\xe8\xaf\xaf 2\n'}
[8.192559] (rtabmap_util) CommandEnded: {'returncode': 2}
[8.196343] (rtabmap_util) JobEnded: {'identifier': 'rtabmap_util', 'rc': 2}
[8.206859] (rtabmap_odom) JobSkipped: {'identifier': 'rtabmap_odom'}
[8.206988] (rtabmap_slam) JobSkipped: {'identifier': 'rtabmap_slam'}
[8.207005] (rtabmap_demos) JobSkipped: {'identifier': 'rtabmap_demos'}
[8.207016] (rtabmap_examples) JobSkipped: {'identifier': 'rtabmap_examples'}
[8.207027] (rtabmap_launch) JobSkipped: {'identifier': 'rtabmap_launch'}
[8.207037] (rtabmap_ros) JobSkipped: {'identifier': 'rtabmap_ros'}
[8.207048] (-) EventReactorShutdown: {}
