[0.068s] DEBUG:colcon:Command line arguments: ['/usr/bin/colcon', 'build']
[0.068s] DEBUG:colcon:Parsed command line arguments: Namespace(log_base=None, log_level=None, verb_name='build', build_base='build', install_base='install', merge_install=False, symlink_install=False, test_result_base=None, continue_on_error=False, executor='parallel', parallel_workers=16, event_handlers=None, ignore_user_meta=False, metas=['./colcon.meta'], base_paths=['.'], packages_ignore=None, packages_ignore_regex=None, paths=None, packages_up_to=None, packages_up_to_regex=None, packages_above=None, packages_above_and_dependencies=None, packages_above_depth=None, packages_select_by_dep=None, packages_skip_by_dep=None, packages_skip_up_to=None, packages_select_build_failed=False, packages_skip_build_finished=False, packages_select_test_failures=False, packages_skip_test_passed=False, packages_select=None, packages_skip=None, packages_select_regex=None, packages_skip_regex=None, packages_start=None, packages_end=None, allow_overriding=[], cmake_args=None, cmake_target=None, cmake_target_skip_unavailable=False, cmake_clean_cache=False, cmake_clean_first=False, cmake_force_configure=False, ament_cmake_args=None, catkin_cmake_args=None, catkin_skip_building_tests=False, verb_parser=<colcon_defaults.argument_parser.defaults.DefaultArgumentsDecorator object at 0x7f8250d23eb0>, verb_extension=<colcon_core.verb.build.BuildVerb object at 0x7f8250e713c0>, main=<bound method BuildVerb.main of <colcon_core.verb.build.BuildVerb object at 0x7f8250e713c0>>)
[0.168s] Level 1:colcon.colcon_core.package_discovery:discover_packages(colcon_meta) check parameters
[0.168s] Level 1:colcon.colcon_core.package_discovery:discover_packages(recursive) check parameters
[0.168s] Level 1:colcon.colcon_core.package_discovery:discover_packages(ignore) check parameters
[0.168s] Level 1:colcon.colcon_core.package_discovery:discover_packages(path) check parameters
[0.168s] Level 1:colcon.colcon_core.package_discovery:discover_packages(colcon_meta) discover
[0.168s] Level 1:colcon.colcon_core.package_discovery:discover_packages(recursive) discover
[0.168s] INFO:colcon.colcon_core.package_discovery:Crawling recursively for packages in '/home/brace/codeSpace/navi'
[0.168s] Level 1:colcon.colcon_core.package_identification:_identify(.) by extensions ['ignore', 'ignore_ament_install']
[0.168s] Level 1:colcon.colcon_core.package_identification:_identify(.) by extension 'ignore'
[0.168s] Level 1:colcon.colcon_core.package_identification:_identify(.) by extension 'ignore_ament_install'
[0.168s] Level 1:colcon.colcon_core.package_identification:_identify(.) by extensions ['colcon_pkg']
[0.168s] Level 1:colcon.colcon_core.package_identification:_identify(.) by extension 'colcon_pkg'
[0.168s] Level 1:colcon.colcon_core.package_identification:_identify(.) by extensions ['colcon_meta']
[0.168s] Level 1:colcon.colcon_core.package_identification:_identify(.) by extension 'colcon_meta'
[0.168s] Level 1:colcon.colcon_core.package_identification:_identify(.) by extensions ['ros']
[0.168s] Level 1:colcon.colcon_core.package_identification:_identify(.) by extension 'ros'
[0.175s] Level 1:colcon.colcon_core.package_identification:_identify(.) by extensions ['cmake', 'python']
[0.175s] Level 1:colcon.colcon_core.package_identification:_identify(.) by extension 'cmake'
[0.175s] Level 1:colcon.colcon_core.package_identification:_identify(.) by extension 'python'
[0.175s] Level 1:colcon.colcon_core.package_identification:_identify(.) by extensions ['python_setup_py']
[0.175s] Level 1:colcon.colcon_core.package_identification:_identify(.) by extension 'python_setup_py'
[0.175s] Level 1:colcon.colcon_core.package_identification:_identify(build) by extensions ['ignore', 'ignore_ament_install']
[0.175s] Level 1:colcon.colcon_core.package_identification:_identify(build) by extension 'ignore'
[0.175s] Level 1:colcon.colcon_core.package_identification:_identify(build) ignored
[0.176s] Level 1:colcon.colcon_core.package_identification:_identify(install) by extensions ['ignore', 'ignore_ament_install']
[0.176s] Level 1:colcon.colcon_core.package_identification:_identify(install) by extension 'ignore'
[0.176s] Level 1:colcon.colcon_core.package_identification:_identify(install) ignored
[0.176s] Level 1:colcon.colcon_core.package_identification:_identify(log) by extensions ['ignore', 'ignore_ament_install']
[0.176s] Level 1:colcon.colcon_core.package_identification:_identify(log) by extension 'ignore'
[0.176s] Level 1:colcon.colcon_core.package_identification:_identify(log) ignored
[0.176s] Level 1:colcon.colcon_core.package_identification:_identify(src) by extensions ['ignore', 'ignore_ament_install']
[0.176s] Level 1:colcon.colcon_core.package_identification:_identify(src) by extension 'ignore'
[0.176s] Level 1:colcon.colcon_core.package_identification:_identify(src) by extension 'ignore_ament_install'
[0.176s] Level 1:colcon.colcon_core.package_identification:_identify(src) by extensions ['colcon_pkg']
[0.176s] Level 1:colcon.colcon_core.package_identification:_identify(src) by extension 'colcon_pkg'
[0.176s] Level 1:colcon.colcon_core.package_identification:_identify(src) by extensions ['colcon_meta']
[0.176s] Level 1:colcon.colcon_core.package_identification:_identify(src) by extension 'colcon_meta'
[0.176s] Level 1:colcon.colcon_core.package_identification:_identify(src) by extensions ['ros']
[0.176s] Level 1:colcon.colcon_core.package_identification:_identify(src) by extension 'ros'
[0.176s] Level 1:colcon.colcon_core.package_identification:_identify(src) by extensions ['cmake', 'python']
[0.176s] Level 1:colcon.colcon_core.package_identification:_identify(src) by extension 'cmake'
[0.176s] Level 1:colcon.colcon_core.package_identification:_identify(src) by extension 'python'
[0.176s] Level 1:colcon.colcon_core.package_identification:_identify(src) by extensions ['python_setup_py']
[0.176s] Level 1:colcon.colcon_core.package_identification:_identify(src) by extension 'python_setup_py'
[0.176s] Level 1:colcon.colcon_core.package_identification:_identify(src/realsense-ros) by extensions ['ignore', 'ignore_ament_install']
[0.176s] Level 1:colcon.colcon_core.package_identification:_identify(src/realsense-ros) by extension 'ignore'
[0.176s] Level 1:colcon.colcon_core.package_identification:_identify(src/realsense-ros) by extension 'ignore_ament_install'
[0.176s] Level 1:colcon.colcon_core.package_identification:_identify(src/realsense-ros) by extensions ['colcon_pkg']
[0.176s] Level 1:colcon.colcon_core.package_identification:_identify(src/realsense-ros) by extension 'colcon_pkg'
[0.176s] Level 1:colcon.colcon_core.package_identification:_identify(src/realsense-ros) by extensions ['colcon_meta']
[0.176s] Level 1:colcon.colcon_core.package_identification:_identify(src/realsense-ros) by extension 'colcon_meta'
[0.176s] Level 1:colcon.colcon_core.package_identification:_identify(src/realsense-ros) by extensions ['ros']
[0.176s] Level 1:colcon.colcon_core.package_identification:_identify(src/realsense-ros) by extension 'ros'
[0.176s] Level 1:colcon.colcon_core.package_identification:_identify(src/realsense-ros) by extensions ['cmake', 'python']
[0.176s] Level 1:colcon.colcon_core.package_identification:_identify(src/realsense-ros) by extension 'cmake'
[0.176s] Level 1:colcon.colcon_core.package_identification:_identify(src/realsense-ros) by extension 'python'
[0.176s] Level 1:colcon.colcon_core.package_identification:_identify(src/realsense-ros) by extensions ['python_setup_py']
[0.177s] Level 1:colcon.colcon_core.package_identification:_identify(src/realsense-ros) by extension 'python_setup_py'
[0.177s] Level 1:colcon.colcon_core.package_identification:_identify(src/realsense-ros/realsense2_camera) by extensions ['ignore', 'ignore_ament_install']
[0.177s] Level 1:colcon.colcon_core.package_identification:_identify(src/realsense-ros/realsense2_camera) by extension 'ignore'
[0.177s] Level 1:colcon.colcon_core.package_identification:_identify(src/realsense-ros/realsense2_camera) ignored
[0.177s] Level 1:colcon.colcon_core.package_identification:_identify(src/realsense-ros/realsense2_camera_msgs) by extensions ['ignore', 'ignore_ament_install']
[0.177s] Level 1:colcon.colcon_core.package_identification:_identify(src/realsense-ros/realsense2_camera_msgs) by extension 'ignore'
[0.177s] Level 1:colcon.colcon_core.package_identification:_identify(src/realsense-ros/realsense2_camera_msgs) ignored
[0.177s] Level 1:colcon.colcon_core.package_identification:_identify(src/realsense-ros/realsense2_description) by extensions ['ignore', 'ignore_ament_install']
[0.177s] Level 1:colcon.colcon_core.package_identification:_identify(src/realsense-ros/realsense2_description) by extension 'ignore'
[0.177s] Level 1:colcon.colcon_core.package_identification:_identify(src/realsense-ros/realsense2_description) by extension 'ignore_ament_install'
[0.177s] Level 1:colcon.colcon_core.package_identification:_identify(src/realsense-ros/realsense2_description) by extensions ['colcon_pkg']
[0.177s] Level 1:colcon.colcon_core.package_identification:_identify(src/realsense-ros/realsense2_description) by extension 'colcon_pkg'
[0.177s] Level 1:colcon.colcon_core.package_identification:_identify(src/realsense-ros/realsense2_description) by extensions ['colcon_meta']
[0.177s] Level 1:colcon.colcon_core.package_identification:_identify(src/realsense-ros/realsense2_description) by extension 'colcon_meta'
[0.177s] Level 1:colcon.colcon_core.package_identification:_identify(src/realsense-ros/realsense2_description) by extensions ['ros']
[0.177s] Level 1:colcon.colcon_core.package_identification:_identify(src/realsense-ros/realsense2_description) by extension 'ros'
[0.179s] DEBUG:colcon.colcon_core.package_identification:Package 'src/realsense-ros/realsense2_description' with type 'ros.ament_cmake' and name 'realsense2_description'
[0.179s] Level 1:colcon.colcon_core.package_identification:_identify(src/realsense-ros/realsense2_rgbd_plugin) by extensions ['ignore', 'ignore_ament_install']
[0.179s] Level 1:colcon.colcon_core.package_identification:_identify(src/realsense-ros/realsense2_rgbd_plugin) by extension 'ignore'
[0.179s] Level 1:colcon.colcon_core.package_identification:_identify(src/realsense-ros/realsense2_rgbd_plugin) by extension 'ignore_ament_install'
[0.179s] Level 1:colcon.colcon_core.package_identification:_identify(src/realsense-ros/realsense2_rgbd_plugin) by extensions ['colcon_pkg']
[0.179s] Level 1:colcon.colcon_core.package_identification:_identify(src/realsense-ros/realsense2_rgbd_plugin) by extension 'colcon_pkg'
[0.179s] Level 1:colcon.colcon_core.package_identification:_identify(src/realsense-ros/realsense2_rgbd_plugin) by extensions ['colcon_meta']
[0.179s] Level 1:colcon.colcon_core.package_identification:_identify(src/realsense-ros/realsense2_rgbd_plugin) by extension 'colcon_meta'
[0.179s] Level 1:colcon.colcon_core.package_identification:_identify(src/realsense-ros/realsense2_rgbd_plugin) by extensions ['ros']
[0.179s] Level 1:colcon.colcon_core.package_identification:_identify(src/realsense-ros/realsense2_rgbd_plugin) by extension 'ros'
[0.180s] DEBUG:colcon.colcon_core.package_identification:Package 'src/realsense-ros/realsense2_rgbd_plugin' with type 'ros.ament_cmake' and name 'realsense2_rviz_plugin'
[0.180s] Level 1:colcon.colcon_core.package_identification:_identify(src/realsense-ros/realsense2_ros_mqtt_bridge) by extensions ['ignore', 'ignore_ament_install']
[0.180s] Level 1:colcon.colcon_core.package_identification:_identify(src/realsense-ros/realsense2_ros_mqtt_bridge) by extension 'ignore'
[0.180s] Level 1:colcon.colcon_core.package_identification:_identify(src/realsense-ros/realsense2_ros_mqtt_bridge) by extension 'ignore_ament_install'
[0.180s] Level 1:colcon.colcon_core.package_identification:_identify(src/realsense-ros/realsense2_ros_mqtt_bridge) by extensions ['colcon_pkg']
[0.180s] Level 1:colcon.colcon_core.package_identification:_identify(src/realsense-ros/realsense2_ros_mqtt_bridge) by extension 'colcon_pkg'
[0.180s] Level 1:colcon.colcon_core.package_identification:_identify(src/realsense-ros/realsense2_ros_mqtt_bridge) by extensions ['colcon_meta']
[0.180s] Level 1:colcon.colcon_core.package_identification:_identify(src/realsense-ros/realsense2_ros_mqtt_bridge) by extension 'colcon_meta'
[0.180s] Level 1:colcon.colcon_core.package_identification:_identify(src/realsense-ros/realsense2_ros_mqtt_bridge) by extensions ['ros']
[0.180s] Level 1:colcon.colcon_core.package_identification:_identify(src/realsense-ros/realsense2_ros_mqtt_bridge) by extension 'ros'
[0.180s] DEBUG:colcon.colcon_core.package_identification:Package 'src/realsense-ros/realsense2_ros_mqtt_bridge' with type 'ros.ament_python' and name 'realsense2_ros_mqtt_bridge'
[0.180s] Level 1:colcon.colcon_core.package_identification:_identify(src/realsense-ros/res) by extensions ['ignore', 'ignore_ament_install']
[0.180s] Level 1:colcon.colcon_core.package_identification:_identify(src/realsense-ros/res) by extension 'ignore'
[0.180s] Level 1:colcon.colcon_core.package_identification:_identify(src/realsense-ros/res) by extension 'ignore_ament_install'
[0.181s] Level 1:colcon.colcon_core.package_identification:_identify(src/realsense-ros/res) by extensions ['colcon_pkg']
[0.181s] Level 1:colcon.colcon_core.package_identification:_identify(src/realsense-ros/res) by extension 'colcon_pkg'
[0.181s] Level 1:colcon.colcon_core.package_identification:_identify(src/realsense-ros/res) by extensions ['colcon_meta']
[0.181s] Level 1:colcon.colcon_core.package_identification:_identify(src/realsense-ros/res) by extension 'colcon_meta'
[0.181s] Level 1:colcon.colcon_core.package_identification:_identify(src/realsense-ros/res) by extensions ['ros']
[0.181s] Level 1:colcon.colcon_core.package_identification:_identify(src/realsense-ros/res) by extension 'ros'
[0.181s] Level 1:colcon.colcon_core.package_identification:_identify(src/realsense-ros/res) by extensions ['cmake', 'python']
[0.181s] Level 1:colcon.colcon_core.package_identification:_identify(src/realsense-ros/res) by extension 'cmake'
[0.181s] Level 1:colcon.colcon_core.package_identification:_identify(src/realsense-ros/res) by extension 'python'
[0.181s] Level 1:colcon.colcon_core.package_identification:_identify(src/realsense-ros/res) by extensions ['python_setup_py']
[0.181s] Level 1:colcon.colcon_core.package_identification:_identify(src/realsense-ros/res) by extension 'python_setup_py'
[0.181s] Level 1:colcon.colcon_core.package_identification:_identify(src/realsense-ros/scripts) by extensions ['ignore', 'ignore_ament_install']
[0.181s] Level 1:colcon.colcon_core.package_identification:_identify(src/realsense-ros/scripts) by extension 'ignore'
[0.181s] Level 1:colcon.colcon_core.package_identification:_identify(src/realsense-ros/scripts) by extension 'ignore_ament_install'
[0.181s] Level 1:colcon.colcon_core.package_identification:_identify(src/realsense-ros/scripts) by extensions ['colcon_pkg']
[0.181s] Level 1:colcon.colcon_core.package_identification:_identify(src/realsense-ros/scripts) by extension 'colcon_pkg'
[0.181s] Level 1:colcon.colcon_core.package_identification:_identify(src/realsense-ros/scripts) by extensions ['colcon_meta']
[0.181s] Level 1:colcon.colcon_core.package_identification:_identify(src/realsense-ros/scripts) by extension 'colcon_meta'
[0.181s] Level 1:colcon.colcon_core.package_identification:_identify(src/realsense-ros/scripts) by extensions ['ros']
[0.181s] Level 1:colcon.colcon_core.package_identification:_identify(src/realsense-ros/scripts) by extension 'ros'
[0.181s] Level 1:colcon.colcon_core.package_identification:_identify(src/realsense-ros/scripts) by extensions ['cmake', 'python']
[0.181s] Level 1:colcon.colcon_core.package_identification:_identify(src/realsense-ros/scripts) by extension 'cmake'
[0.181s] Level 1:colcon.colcon_core.package_identification:_identify(src/realsense-ros/scripts) by extension 'python'
[0.181s] Level 1:colcon.colcon_core.package_identification:_identify(src/realsense-ros/scripts) by extensions ['python_setup_py']
[0.181s] Level 1:colcon.colcon_core.package_identification:_identify(src/realsense-ros/scripts) by extension 'python_setup_py'
[0.181s] Level 1:colcon.colcon_core.package_identification:_identify(src/rtabmap) by extensions ['ignore', 'ignore_ament_install']
[0.181s] Level 1:colcon.colcon_core.package_identification:_identify(src/rtabmap) by extension 'ignore'
[0.181s] Level 1:colcon.colcon_core.package_identification:_identify(src/rtabmap) by extension 'ignore_ament_install'
[0.181s] Level 1:colcon.colcon_core.package_identification:_identify(src/rtabmap) by extensions ['colcon_pkg']
[0.181s] Level 1:colcon.colcon_core.package_identification:_identify(src/rtabmap) by extension 'colcon_pkg'
[0.181s] Level 1:colcon.colcon_core.package_identification:_identify(src/rtabmap) by extensions ['colcon_meta']
[0.181s] Level 1:colcon.colcon_core.package_identification:_identify(src/rtabmap) by extension 'colcon_meta'
[0.181s] Level 1:colcon.colcon_core.package_identification:_identify(src/rtabmap) by extensions ['ros']
[0.181s] Level 1:colcon.colcon_core.package_identification:_identify(src/rtabmap) by extension 'ros'
[0.182s] DEBUG:colcon.colcon_core.package_identification:Package 'src/rtabmap' with type 'ros.cmake' and name 'rtabmap'
[0.182s] Level 1:colcon.colcon_core.package_identification:_identify(src/rtabmap_ros) by extensions ['ignore', 'ignore_ament_install']
[0.182s] Level 1:colcon.colcon_core.package_identification:_identify(src/rtabmap_ros) by extension 'ignore'
[0.182s] Level 1:colcon.colcon_core.package_identification:_identify(src/rtabmap_ros) by extension 'ignore_ament_install'
[0.182s] Level 1:colcon.colcon_core.package_identification:_identify(src/rtabmap_ros) by extensions ['colcon_pkg']
[0.182s] Level 1:colcon.colcon_core.package_identification:_identify(src/rtabmap_ros) by extension 'colcon_pkg'
[0.182s] Level 1:colcon.colcon_core.package_identification:_identify(src/rtabmap_ros) by extensions ['colcon_meta']
[0.182s] Level 1:colcon.colcon_core.package_identification:_identify(src/rtabmap_ros) by extension 'colcon_meta'
[0.182s] Level 1:colcon.colcon_core.package_identification:_identify(src/rtabmap_ros) by extensions ['ros']
[0.182s] Level 1:colcon.colcon_core.package_identification:_identify(src/rtabmap_ros) by extension 'ros'
[0.182s] Level 1:colcon.colcon_core.package_identification:_identify(src/rtabmap_ros) by extensions ['cmake', 'python']
[0.182s] Level 1:colcon.colcon_core.package_identification:_identify(src/rtabmap_ros) by extension 'cmake'
[0.182s] Level 1:colcon.colcon_core.package_identification:_identify(src/rtabmap_ros) by extension 'python'
[0.182s] Level 1:colcon.colcon_core.package_identification:_identify(src/rtabmap_ros) by extensions ['python_setup_py']
[0.182s] Level 1:colcon.colcon_core.package_identification:_identify(src/rtabmap_ros) by extension 'python_setup_py'
[0.183s] Level 1:colcon.colcon_core.package_identification:_identify(src/rtabmap_ros/docker) by extensions ['ignore', 'ignore_ament_install']
[0.183s] Level 1:colcon.colcon_core.package_identification:_identify(src/rtabmap_ros/docker) by extension 'ignore'
[0.183s] Level 1:colcon.colcon_core.package_identification:_identify(src/rtabmap_ros/docker) by extension 'ignore_ament_install'
[0.183s] Level 1:colcon.colcon_core.package_identification:_identify(src/rtabmap_ros/docker) by extensions ['colcon_pkg']
[0.183s] Level 1:colcon.colcon_core.package_identification:_identify(src/rtabmap_ros/docker) by extension 'colcon_pkg'
[0.183s] Level 1:colcon.colcon_core.package_identification:_identify(src/rtabmap_ros/docker) by extensions ['colcon_meta']
[0.183s] Level 1:colcon.colcon_core.package_identification:_identify(src/rtabmap_ros/docker) by extension 'colcon_meta'
[0.183s] Level 1:colcon.colcon_core.package_identification:_identify(src/rtabmap_ros/docker) by extensions ['ros']
[0.183s] Level 1:colcon.colcon_core.package_identification:_identify(src/rtabmap_ros/docker) by extension 'ros'
[0.183s] Level 1:colcon.colcon_core.package_identification:_identify(src/rtabmap_ros/docker) by extensions ['cmake', 'python']
[0.183s] Level 1:colcon.colcon_core.package_identification:_identify(src/rtabmap_ros/docker) by extension 'cmake'
[0.183s] Level 1:colcon.colcon_core.package_identification:_identify(src/rtabmap_ros/docker) by extension 'python'
[0.183s] Level 1:colcon.colcon_core.package_identification:_identify(src/rtabmap_ros/docker) by extensions ['python_setup_py']
[0.183s] Level 1:colcon.colcon_core.package_identification:_identify(src/rtabmap_ros/docker) by extension 'python_setup_py'
[0.183s] Level 1:colcon.colcon_core.package_identification:_identify(src/rtabmap_ros/docker/foxy) by extensions ['ignore', 'ignore_ament_install']
[0.183s] Level 1:colcon.colcon_core.package_identification:_identify(src/rtabmap_ros/docker/foxy) by extension 'ignore'
[0.183s] Level 1:colcon.colcon_core.package_identification:_identify(src/rtabmap_ros/docker/foxy) by extension 'ignore_ament_install'
[0.183s] Level 1:colcon.colcon_core.package_identification:_identify(src/rtabmap_ros/docker/foxy) by extensions ['colcon_pkg']
[0.183s] Level 1:colcon.colcon_core.package_identification:_identify(src/rtabmap_ros/docker/foxy) by extension 'colcon_pkg'
[0.183s] Level 1:colcon.colcon_core.package_identification:_identify(src/rtabmap_ros/docker/foxy) by extensions ['colcon_meta']
[0.183s] Level 1:colcon.colcon_core.package_identification:_identify(src/rtabmap_ros/docker/foxy) by extension 'colcon_meta'
[0.183s] Level 1:colcon.colcon_core.package_identification:_identify(src/rtabmap_ros/docker/foxy) by extensions ['ros']
[0.183s] Level 1:colcon.colcon_core.package_identification:_identify(src/rtabmap_ros/docker/foxy) by extension 'ros'
[0.183s] Level 1:colcon.colcon_core.package_identification:_identify(src/rtabmap_ros/docker/foxy) by extensions ['cmake', 'python']
[0.183s] Level 1:colcon.colcon_core.package_identification:_identify(src/rtabmap_ros/docker/foxy) by extension 'cmake'
[0.183s] Level 1:colcon.colcon_core.package_identification:_identify(src/rtabmap_ros/docker/foxy) by extension 'python'
[0.183s] Level 1:colcon.colcon_core.package_identification:_identify(src/rtabmap_ros/docker/foxy) by extensions ['python_setup_py']
[0.183s] Level 1:colcon.colcon_core.package_identification:_identify(src/rtabmap_ros/docker/foxy) by extension 'python_setup_py'
[0.183s] Level 1:colcon.colcon_core.package_identification:_identify(src/rtabmap_ros/docker/foxy/latest) by extensions ['ignore', 'ignore_ament_install']
[0.183s] Level 1:colcon.colcon_core.package_identification:_identify(src/rtabmap_ros/docker/foxy/latest) by extension 'ignore'
[0.183s] Level 1:colcon.colcon_core.package_identification:_identify(src/rtabmap_ros/docker/foxy/latest) by extension 'ignore_ament_install'
[0.183s] Level 1:colcon.colcon_core.package_identification:_identify(src/rtabmap_ros/docker/foxy/latest) by extensions ['colcon_pkg']
[0.183s] Level 1:colcon.colcon_core.package_identification:_identify(src/rtabmap_ros/docker/foxy/latest) by extension 'colcon_pkg'
[0.183s] Level 1:colcon.colcon_core.package_identification:_identify(src/rtabmap_ros/docker/foxy/latest) by extensions ['colcon_meta']
[0.183s] Level 1:colcon.colcon_core.package_identification:_identify(src/rtabmap_ros/docker/foxy/latest) by extension 'colcon_meta'
[0.183s] Level 1:colcon.colcon_core.package_identification:_identify(src/rtabmap_ros/docker/foxy/latest) by extensions ['ros']
[0.183s] Level 1:colcon.colcon_core.package_identification:_identify(src/rtabmap_ros/docker/foxy/latest) by extension 'ros'
[0.183s] Level 1:colcon.colcon_core.package_identification:_identify(src/rtabmap_ros/docker/foxy/latest) by extensions ['cmake', 'python']
[0.184s] Level 1:colcon.colcon_core.package_identification:_identify(src/rtabmap_ros/docker/foxy/latest) by extension 'cmake'
[0.184s] Level 1:colcon.colcon_core.package_identification:_identify(src/rtabmap_ros/docker/foxy/latest) by extension 'python'
[0.184s] Level 1:colcon.colcon_core.package_identification:_identify(src/rtabmap_ros/docker/foxy/latest) by extensions ['python_setup_py']
[0.184s] Level 1:colcon.colcon_core.package_identification:_identify(src/rtabmap_ros/docker/foxy/latest) by extension 'python_setup_py'
[0.184s] Level 1:colcon.colcon_core.package_identification:_identify(src/rtabmap_ros/docker/foxy/latest/hooks) by extensions ['ignore', 'ignore_ament_install']
[0.184s] Level 1:colcon.colcon_core.package_identification:_identify(src/rtabmap_ros/docker/foxy/latest/hooks) by extension 'ignore'
[0.184s] Level 1:colcon.colcon_core.package_identification:_identify(src/rtabmap_ros/docker/foxy/latest/hooks) by extension 'ignore_ament_install'
[0.184s] Level 1:colcon.colcon_core.package_identification:_identify(src/rtabmap_ros/docker/foxy/latest/hooks) by extensions ['colcon_pkg']
[0.184s] Level 1:colcon.colcon_core.package_identification:_identify(src/rtabmap_ros/docker/foxy/latest/hooks) by extension 'colcon_pkg'
[0.184s] Level 1:colcon.colcon_core.package_identification:_identify(src/rtabmap_ros/docker/foxy/latest/hooks) by extensions ['colcon_meta']
[0.184s] Level 1:colcon.colcon_core.package_identification:_identify(src/rtabmap_ros/docker/foxy/latest/hooks) by extension 'colcon_meta'
[0.184s] Level 1:colcon.colcon_core.package_identification:_identify(src/rtabmap_ros/docker/foxy/latest/hooks) by extensions ['ros']
[0.184s] Level 1:colcon.colcon_core.package_identification:_identify(src/rtabmap_ros/docker/foxy/latest/hooks) by extension 'ros'
[0.184s] Level 1:colcon.colcon_core.package_identification:_identify(src/rtabmap_ros/docker/foxy/latest/hooks) by extensions ['cmake', 'python']
[0.184s] Level 1:colcon.colcon_core.package_identification:_identify(src/rtabmap_ros/docker/foxy/latest/hooks) by extension 'cmake'
[0.184s] Level 1:colcon.colcon_core.package_identification:_identify(src/rtabmap_ros/docker/foxy/latest/hooks) by extension 'python'
[0.184s] Level 1:colcon.colcon_core.package_identification:_identify(src/rtabmap_ros/docker/foxy/latest/hooks) by extensions ['python_setup_py']
[0.184s] Level 1:colcon.colcon_core.package_identification:_identify(src/rtabmap_ros/docker/foxy/latest/hooks) by extension 'python_setup_py'
[0.184s] Level 1:colcon.colcon_core.package_identification:_identify(src/rtabmap_ros/docker/humble) by extensions ['ignore', 'ignore_ament_install']
[0.184s] Level 1:colcon.colcon_core.package_identification:_identify(src/rtabmap_ros/docker/humble) by extension 'ignore'
[0.184s] Level 1:colcon.colcon_core.package_identification:_identify(src/rtabmap_ros/docker/humble) by extension 'ignore_ament_install'
[0.184s] Level 1:colcon.colcon_core.package_identification:_identify(src/rtabmap_ros/docker/humble) by extensions ['colcon_pkg']
[0.184s] Level 1:colcon.colcon_core.package_identification:_identify(src/rtabmap_ros/docker/humble) by extension 'colcon_pkg'
[0.184s] Level 1:colcon.colcon_core.package_identification:_identify(src/rtabmap_ros/docker/humble) by extensions ['colcon_meta']
[0.184s] Level 1:colcon.colcon_core.package_identification:_identify(src/rtabmap_ros/docker/humble) by extension 'colcon_meta'
[0.184s] Level 1:colcon.colcon_core.package_identification:_identify(src/rtabmap_ros/docker/humble) by extensions ['ros']
[0.184s] Level 1:colcon.colcon_core.package_identification:_identify(src/rtabmap_ros/docker/humble) by extension 'ros'
[0.184s] Level 1:colcon.colcon_core.package_identification:_identify(src/rtabmap_ros/docker/humble) by extensions ['cmake', 'python']
[0.184s] Level 1:colcon.colcon_core.package_identification:_identify(src/rtabmap_ros/docker/humble) by extension 'cmake'
[0.184s] Level 1:colcon.colcon_core.package_identification:_identify(src/rtabmap_ros/docker/humble) by extension 'python'
[0.184s] Level 1:colcon.colcon_core.package_identification:_identify(src/rtabmap_ros/docker/humble) by extensions ['python_setup_py']
[0.184s] Level 1:colcon.colcon_core.package_identification:_identify(src/rtabmap_ros/docker/humble) by extension 'python_setup_py'
[0.184s] Level 1:colcon.colcon_core.package_identification:_identify(src/rtabmap_ros/docker/humble/latest) by extensions ['ignore', 'ignore_ament_install']
[0.184s] Level 1:colcon.colcon_core.package_identification:_identify(src/rtabmap_ros/docker/humble/latest) by extension 'ignore'
[0.184s] Level 1:colcon.colcon_core.package_identification:_identify(src/rtabmap_ros/docker/humble/latest) by extension 'ignore_ament_install'
[0.184s] Level 1:colcon.colcon_core.package_identification:_identify(src/rtabmap_ros/docker/humble/latest) by extensions ['colcon_pkg']
[0.184s] Level 1:colcon.colcon_core.package_identification:_identify(src/rtabmap_ros/docker/humble/latest) by extension 'colcon_pkg'
[0.184s] Level 1:colcon.colcon_core.package_identification:_identify(src/rtabmap_ros/docker/humble/latest) by extensions ['colcon_meta']
[0.184s] Level 1:colcon.colcon_core.package_identification:_identify(src/rtabmap_ros/docker/humble/latest) by extension 'colcon_meta'
[0.185s] Level 1:colcon.colcon_core.package_identification:_identify(src/rtabmap_ros/docker/humble/latest) by extensions ['ros']
[0.185s] Level 1:colcon.colcon_core.package_identification:_identify(src/rtabmap_ros/docker/humble/latest) by extension 'ros'
[0.185s] Level 1:colcon.colcon_core.package_identification:_identify(src/rtabmap_ros/docker/humble/latest) by extensions ['cmake', 'python']
[0.185s] Level 1:colcon.colcon_core.package_identification:_identify(src/rtabmap_ros/docker/humble/latest) by extension 'cmake'
[0.185s] Level 1:colcon.colcon_core.package_identification:_identify(src/rtabmap_ros/docker/humble/latest) by extension 'python'
[0.185s] Level 1:colcon.colcon_core.package_identification:_identify(src/rtabmap_ros/docker/humble/latest) by extensions ['python_setup_py']
[0.185s] Level 1:colcon.colcon_core.package_identification:_identify(src/rtabmap_ros/docker/humble/latest) by extension 'python_setup_py'
[0.185s] Level 1:colcon.colcon_core.package_identification:_identify(src/rtabmap_ros/docker/indigo) by extensions ['ignore', 'ignore_ament_install']
[0.185s] Level 1:colcon.colcon_core.package_identification:_identify(src/rtabmap_ros/docker/indigo) by extension 'ignore'
[0.185s] Level 1:colcon.colcon_core.package_identification:_identify(src/rtabmap_ros/docker/indigo) by extension 'ignore_ament_install'
[0.185s] Level 1:colcon.colcon_core.package_identification:_identify(src/rtabmap_ros/docker/indigo) by extensions ['colcon_pkg']
[0.185s] Level 1:colcon.colcon_core.package_identification:_identify(src/rtabmap_ros/docker/indigo) by extension 'colcon_pkg'
[0.185s] Level 1:colcon.colcon_core.package_identification:_identify(src/rtabmap_ros/docker/indigo) by extensions ['colcon_meta']
[0.185s] Level 1:colcon.colcon_core.package_identification:_identify(src/rtabmap_ros/docker/indigo) by extension 'colcon_meta'
[0.185s] Level 1:colcon.colcon_core.package_identification:_identify(src/rtabmap_ros/docker/indigo) by extensions ['ros']
[0.185s] Level 1:colcon.colcon_core.package_identification:_identify(src/rtabmap_ros/docker/indigo) by extension 'ros'
[0.185s] Level 1:colcon.colcon_core.package_identification:_identify(src/rtabmap_ros/docker/indigo) by extensions ['cmake', 'python']
[0.185s] Level 1:colcon.colcon_core.package_identification:_identify(src/rtabmap_ros/docker/indigo) by extension 'cmake'
[0.185s] Level 1:colcon.colcon_core.package_identification:_identify(src/rtabmap_ros/docker/indigo) by extension 'python'
[0.185s] Level 1:colcon.colcon_core.package_identification:_identify(src/rtabmap_ros/docker/indigo) by extensions ['python_setup_py']
[0.185s] Level 1:colcon.colcon_core.package_identification:_identify(src/rtabmap_ros/docker/indigo) by extension 'python_setup_py'
[0.185s] Level 1:colcon.colcon_core.package_identification:_identify(src/rtabmap_ros/docker/indigo/latest) by extensions ['ignore', 'ignore_ament_install']
[0.185s] Level 1:colcon.colcon_core.package_identification:_identify(src/rtabmap_ros/docker/indigo/latest) by extension 'ignore'
[0.185s] Level 1:colcon.colcon_core.package_identification:_identify(src/rtabmap_ros/docker/indigo/latest) by extension 'ignore_ament_install'
[0.185s] Level 1:colcon.colcon_core.package_identification:_identify(src/rtabmap_ros/docker/indigo/latest) by extensions ['colcon_pkg']
[0.185s] Level 1:colcon.colcon_core.package_identification:_identify(src/rtabmap_ros/docker/indigo/latest) by extension 'colcon_pkg'
[0.185s] Level 1:colcon.colcon_core.package_identification:_identify(src/rtabmap_ros/docker/indigo/latest) by extensions ['colcon_meta']
[0.185s] Level 1:colcon.colcon_core.package_identification:_identify(src/rtabmap_ros/docker/indigo/latest) by extension 'colcon_meta'
[0.185s] Level 1:colcon.colcon_core.package_identification:_identify(src/rtabmap_ros/docker/indigo/latest) by extensions ['ros']
[0.185s] Level 1:colcon.colcon_core.package_identification:_identify(src/rtabmap_ros/docker/indigo/latest) by extension 'ros'
[0.185s] Level 1:colcon.colcon_core.package_identification:_identify(src/rtabmap_ros/docker/indigo/latest) by extensions ['cmake', 'python']
[0.185s] Level 1:colcon.colcon_core.package_identification:_identify(src/rtabmap_ros/docker/indigo/latest) by extension 'cmake'
[0.185s] Level 1:colcon.colcon_core.package_identification:_identify(src/rtabmap_ros/docker/indigo/latest) by extension 'python'
[0.185s] Level 1:colcon.colcon_core.package_identification:_identify(src/rtabmap_ros/docker/indigo/latest) by extensions ['python_setup_py']
[0.185s] Level 1:colcon.colcon_core.package_identification:_identify(src/rtabmap_ros/docker/indigo/latest) by extension 'python_setup_py'
[0.185s] Level 1:colcon.colcon_core.package_identification:_identify(src/rtabmap_ros/docker/indigo/latest/hooks) by extensions ['ignore', 'ignore_ament_install']
[0.185s] Level 1:colcon.colcon_core.package_identification:_identify(src/rtabmap_ros/docker/indigo/latest/hooks) by extension 'ignore'
[0.185s] Level 1:colcon.colcon_core.package_identification:_identify(src/rtabmap_ros/docker/indigo/latest/hooks) by extension 'ignore_ament_install'
[0.185s] Level 1:colcon.colcon_core.package_identification:_identify(src/rtabmap_ros/docker/indigo/latest/hooks) by extensions ['colcon_pkg']
[0.185s] Level 1:colcon.colcon_core.package_identification:_identify(src/rtabmap_ros/docker/indigo/latest/hooks) by extension 'colcon_pkg'
[0.185s] Level 1:colcon.colcon_core.package_identification:_identify(src/rtabmap_ros/docker/indigo/latest/hooks) by extensions ['colcon_meta']
[0.186s] Level 1:colcon.colcon_core.package_identification:_identify(src/rtabmap_ros/docker/indigo/latest/hooks) by extension 'colcon_meta'
[0.186s] Level 1:colcon.colcon_core.package_identification:_identify(src/rtabmap_ros/docker/indigo/latest/hooks) by extensions ['ros']
[0.186s] Level 1:colcon.colcon_core.package_identification:_identify(src/rtabmap_ros/docker/indigo/latest/hooks) by extension 'ros'
[0.186s] Level 1:colcon.colcon_core.package_identification:_identify(src/rtabmap_ros/docker/indigo/latest/hooks) by extensions ['cmake', 'python']
[0.186s] Level 1:colcon.colcon_core.package_identification:_identify(src/rtabmap_ros/docker/indigo/latest/hooks) by extension 'cmake'
[0.186s] Level 1:colcon.colcon_core.package_identification:_identify(src/rtabmap_ros/docker/indigo/latest/hooks) by extension 'python'
[0.186s] Level 1:colcon.colcon_core.package_identification:_identify(src/rtabmap_ros/docker/indigo/latest/hooks) by extensions ['python_setup_py']
[0.186s] Level 1:colcon.colcon_core.package_identification:_identify(src/rtabmap_ros/docker/indigo/latest/hooks) by extension 'python_setup_py'
[0.186s] Level 1:colcon.colcon_core.package_identification:_identify(src/rtabmap_ros/docker/iron) by extensions ['ignore', 'ignore_ament_install']
[0.186s] Level 1:colcon.colcon_core.package_identification:_identify(src/rtabmap_ros/docker/iron) by extension 'ignore'
[0.186s] Level 1:colcon.colcon_core.package_identification:_identify(src/rtabmap_ros/docker/iron) by extension 'ignore_ament_install'
[0.186s] Level 1:colcon.colcon_core.package_identification:_identify(src/rtabmap_ros/docker/iron) by extensions ['colcon_pkg']
[0.186s] Level 1:colcon.colcon_core.package_identification:_identify(src/rtabmap_ros/docker/iron) by extension 'colcon_pkg'
[0.186s] Level 1:colcon.colcon_core.package_identification:_identify(src/rtabmap_ros/docker/iron) by extensions ['colcon_meta']
[0.186s] Level 1:colcon.colcon_core.package_identification:_identify(src/rtabmap_ros/docker/iron) by extension 'colcon_meta'
[0.186s] Level 1:colcon.colcon_core.package_identification:_identify(src/rtabmap_ros/docker/iron) by extensions ['ros']
[0.186s] Level 1:colcon.colcon_core.package_identification:_identify(src/rtabmap_ros/docker/iron) by extension 'ros'
[0.186s] Level 1:colcon.colcon_core.package_identification:_identify(src/rtabmap_ros/docker/iron) by extensions ['cmake', 'python']
[0.186s] Level 1:colcon.colcon_core.package_identification:_identify(src/rtabmap_ros/docker/iron) by extension 'cmake'
[0.186s] Level 1:colcon.colcon_core.package_identification:_identify(src/rtabmap_ros/docker/iron) by extension 'python'
[0.186s] Level 1:colcon.colcon_core.package_identification:_identify(src/rtabmap_ros/docker/iron) by extensions ['python_setup_py']
[0.186s] Level 1:colcon.colcon_core.package_identification:_identify(src/rtabmap_ros/docker/iron) by extension 'python_setup_py'
[0.186s] Level 1:colcon.colcon_core.package_identification:_identify(src/rtabmap_ros/docker/iron/latest) by extensions ['ignore', 'ignore_ament_install']
[0.186s] Level 1:colcon.colcon_core.package_identification:_identify(src/rtabmap_ros/docker/iron/latest) by extension 'ignore'
[0.186s] Level 1:colcon.colcon_core.package_identification:_identify(src/rtabmap_ros/docker/iron/latest) by extension 'ignore_ament_install'
[0.186s] Level 1:colcon.colcon_core.package_identification:_identify(src/rtabmap_ros/docker/iron/latest) by extensions ['colcon_pkg']
[0.186s] Level 1:colcon.colcon_core.package_identification:_identify(src/rtabmap_ros/docker/iron/latest) by extension 'colcon_pkg'
[0.186s] Level 1:colcon.colcon_core.package_identification:_identify(src/rtabmap_ros/docker/iron/latest) by extensions ['colcon_meta']
[0.186s] Level 1:colcon.colcon_core.package_identification:_identify(src/rtabmap_ros/docker/iron/latest) by extension 'colcon_meta'
[0.186s] Level 1:colcon.colcon_core.package_identification:_identify(src/rtabmap_ros/docker/iron/latest) by extensions ['ros']
[0.186s] Level 1:colcon.colcon_core.package_identification:_identify(src/rtabmap_ros/docker/iron/latest) by extension 'ros'
[0.186s] Level 1:colcon.colcon_core.package_identification:_identify(src/rtabmap_ros/docker/iron/latest) by extensions ['cmake', 'python']
[0.186s] Level 1:colcon.colcon_core.package_identification:_identify(src/rtabmap_ros/docker/iron/latest) by extension 'cmake'
[0.186s] Level 1:colcon.colcon_core.package_identification:_identify(src/rtabmap_ros/docker/iron/latest) by extension 'python'
[0.186s] Level 1:colcon.colcon_core.package_identification:_identify(src/rtabmap_ros/docker/iron/latest) by extensions ['python_setup_py']
[0.186s] Level 1:colcon.colcon_core.package_identification:_identify(src/rtabmap_ros/docker/iron/latest) by extension 'python_setup_py'
[0.186s] Level 1:colcon.colcon_core.package_identification:_identify(src/rtabmap_ros/docker/jazzy) by extensions ['ignore', 'ignore_ament_install']
[0.186s] Level 1:colcon.colcon_core.package_identification:_identify(src/rtabmap_ros/docker/jazzy) by extension 'ignore'
[0.186s] Level 1:colcon.colcon_core.package_identification:_identify(src/rtabmap_ros/docker/jazzy) by extension 'ignore_ament_install'
[0.187s] Level 1:colcon.colcon_core.package_identification:_identify(src/rtabmap_ros/docker/jazzy) by extensions ['colcon_pkg']
[0.187s] Level 1:colcon.colcon_core.package_identification:_identify(src/rtabmap_ros/docker/jazzy) by extension 'colcon_pkg'
[0.187s] Level 1:colcon.colcon_core.package_identification:_identify(src/rtabmap_ros/docker/jazzy) by extensions ['colcon_meta']
[0.187s] Level 1:colcon.colcon_core.package_identification:_identify(src/rtabmap_ros/docker/jazzy) by extension 'colcon_meta'
[0.187s] Level 1:colcon.colcon_core.package_identification:_identify(src/rtabmap_ros/docker/jazzy) by extensions ['ros']
[0.187s] Level 1:colcon.colcon_core.package_identification:_identify(src/rtabmap_ros/docker/jazzy) by extension 'ros'
[0.187s] Level 1:colcon.colcon_core.package_identification:_identify(src/rtabmap_ros/docker/jazzy) by extensions ['cmake', 'python']
[0.187s] Level 1:colcon.colcon_core.package_identification:_identify(src/rtabmap_ros/docker/jazzy) by extension 'cmake'
[0.187s] Level 1:colcon.colcon_core.package_identification:_identify(src/rtabmap_ros/docker/jazzy) by extension 'python'
[0.187s] Level 1:colcon.colcon_core.package_identification:_identify(src/rtabmap_ros/docker/jazzy) by extensions ['python_setup_py']
[0.187s] Level 1:colcon.colcon_core.package_identification:_identify(src/rtabmap_ros/docker/jazzy) by extension 'python_setup_py'
[0.187s] Level 1:colcon.colcon_core.package_identification:_identify(src/rtabmap_ros/docker/jazzy/latest) by extensions ['ignore', 'ignore_ament_install']
[0.187s] Level 1:colcon.colcon_core.package_identification:_identify(src/rtabmap_ros/docker/jazzy/latest) by extension 'ignore'
[0.187s] Level 1:colcon.colcon_core.package_identification:_identify(src/rtabmap_ros/docker/jazzy/latest) by extension 'ignore_ament_install'
[0.187s] Level 1:colcon.colcon_core.package_identification:_identify(src/rtabmap_ros/docker/jazzy/latest) by extensions ['colcon_pkg']
[0.187s] Level 1:colcon.colcon_core.package_identification:_identify(src/rtabmap_ros/docker/jazzy/latest) by extension 'colcon_pkg'
[0.187s] Level 1:colcon.colcon_core.package_identification:_identify(src/rtabmap_ros/docker/jazzy/latest) by extensions ['colcon_meta']
[0.187s] Level 1:colcon.colcon_core.package_identification:_identify(src/rtabmap_ros/docker/jazzy/latest) by extension 'colcon_meta'
[0.187s] Level 1:colcon.colcon_core.package_identification:_identify(src/rtabmap_ros/docker/jazzy/latest) by extensions ['ros']
[0.187s] Level 1:colcon.colcon_core.package_identification:_identify(src/rtabmap_ros/docker/jazzy/latest) by extension 'ros'
[0.187s] Level 1:colcon.colcon_core.package_identification:_identify(src/rtabmap_ros/docker/jazzy/latest) by extensions ['cmake', 'python']
[0.187s] Level 1:colcon.colcon_core.package_identification:_identify(src/rtabmap_ros/docker/jazzy/latest) by extension 'cmake'
[0.187s] Level 1:colcon.colcon_core.package_identification:_identify(src/rtabmap_ros/docker/jazzy/latest) by extension 'python'
[0.187s] Level 1:colcon.colcon_core.package_identification:_identify(src/rtabmap_ros/docker/jazzy/latest) by extensions ['python_setup_py']
[0.187s] Level 1:colcon.colcon_core.package_identification:_identify(src/rtabmap_ros/docker/jazzy/latest) by extension 'python_setup_py'
[0.187s] Level 1:colcon.colcon_core.package_identification:_identify(src/rtabmap_ros/docker/kilted) by extensions ['ignore', 'ignore_ament_install']
[0.187s] Level 1:colcon.colcon_core.package_identification:_identify(src/rtabmap_ros/docker/kilted) by extension 'ignore'
[0.187s] Level 1:colcon.colcon_core.package_identification:_identify(src/rtabmap_ros/docker/kilted) by extension 'ignore_ament_install'
[0.187s] Level 1:colcon.colcon_core.package_identification:_identify(src/rtabmap_ros/docker/kilted) by extensions ['colcon_pkg']
[0.187s] Level 1:colcon.colcon_core.package_identification:_identify(src/rtabmap_ros/docker/kilted) by extension 'colcon_pkg'
[0.187s] Level 1:colcon.colcon_core.package_identification:_identify(src/rtabmap_ros/docker/kilted) by extensions ['colcon_meta']
[0.187s] Level 1:colcon.colcon_core.package_identification:_identify(src/rtabmap_ros/docker/kilted) by extension 'colcon_meta'
[0.187s] Level 1:colcon.colcon_core.package_identification:_identify(src/rtabmap_ros/docker/kilted) by extensions ['ros']
[0.187s] Level 1:colcon.colcon_core.package_identification:_identify(src/rtabmap_ros/docker/kilted) by extension 'ros'
[0.187s] Level 1:colcon.colcon_core.package_identification:_identify(src/rtabmap_ros/docker/kilted) by extensions ['cmake', 'python']
[0.187s] Level 1:colcon.colcon_core.package_identification:_identify(src/rtabmap_ros/docker/kilted) by extension 'cmake'
[0.187s] Level 1:colcon.colcon_core.package_identification:_identify(src/rtabmap_ros/docker/kilted) by extension 'python'
[0.187s] Level 1:colcon.colcon_core.package_identification:_identify(src/rtabmap_ros/docker/kilted) by extensions ['python_setup_py']
[0.187s] Level 1:colcon.colcon_core.package_identification:_identify(src/rtabmap_ros/docker/kilted) by extension 'python_setup_py'
[0.187s] Level 1:colcon.colcon_core.package_identification:_identify(src/rtabmap_ros/docker/kilted/latest) by extensions ['ignore', 'ignore_ament_install']
[0.188s] Level 1:colcon.colcon_core.package_identification:_identify(src/rtabmap_ros/docker/kilted/latest) by extension 'ignore'
[0.188s] Level 1:colcon.colcon_core.package_identification:_identify(src/rtabmap_ros/docker/kilted/latest) by extension 'ignore_ament_install'
[0.188s] Level 1:colcon.colcon_core.package_identification:_identify(src/rtabmap_ros/docker/kilted/latest) by extensions ['colcon_pkg']
[0.188s] Level 1:colcon.colcon_core.package_identification:_identify(src/rtabmap_ros/docker/kilted/latest) by extension 'colcon_pkg'
[0.188s] Level 1:colcon.colcon_core.package_identification:_identify(src/rtabmap_ros/docker/kilted/latest) by extensions ['colcon_meta']
[0.188s] Level 1:colcon.colcon_core.package_identification:_identify(src/rtabmap_ros/docker/kilted/latest) by extension 'colcon_meta'
[0.188s] Level 1:colcon.colcon_core.package_identification:_identify(src/rtabmap_ros/docker/kilted/latest) by extensions ['ros']
[0.188s] Level 1:colcon.colcon_core.package_identification:_identify(src/rtabmap_ros/docker/kilted/latest) by extension 'ros'
[0.188s] Level 1:colcon.colcon_core.package_identification:_identify(src/rtabmap_ros/docker/kilted/latest) by extensions ['cmake', 'python']
[0.188s] Level 1:colcon.colcon_core.package_identification:_identify(src/rtabmap_ros/docker/kilted/latest) by extension 'cmake'
[0.188s] Level 1:colcon.colcon_core.package_identification:_identify(src/rtabmap_ros/docker/kilted/latest) by extension 'python'
[0.188s] Level 1:colcon.colcon_core.package_identification:_identify(src/rtabmap_ros/docker/kilted/latest) by extensions ['python_setup_py']
[0.188s] Level 1:colcon.colcon_core.package_identification:_identify(src/rtabmap_ros/docker/kilted/latest) by extension 'python_setup_py'
[0.188s] Level 1:colcon.colcon_core.package_identification:_identify(src/rtabmap_ros/docker/kinetic) by extensions ['ignore', 'ignore_ament_install']
[0.188s] Level 1:colcon.colcon_core.package_identification:_identify(src/rtabmap_ros/docker/kinetic) by extension 'ignore'
[0.188s] Level 1:colcon.colcon_core.package_identification:_identify(src/rtabmap_ros/docker/kinetic) by extension 'ignore_ament_install'
[0.188s] Level 1:colcon.colcon_core.package_identification:_identify(src/rtabmap_ros/docker/kinetic) by extensions ['colcon_pkg']
[0.188s] Level 1:colcon.colcon_core.package_identification:_identify(src/rtabmap_ros/docker/kinetic) by extension 'colcon_pkg'
[0.188s] Level 1:colcon.colcon_core.package_identification:_identify(src/rtabmap_ros/docker/kinetic) by extensions ['colcon_meta']
[0.188s] Level 1:colcon.colcon_core.package_identification:_identify(src/rtabmap_ros/docker/kinetic) by extension 'colcon_meta'
[0.188s] Level 1:colcon.colcon_core.package_identification:_identify(src/rtabmap_ros/docker/kinetic) by extensions ['ros']
[0.188s] Level 1:colcon.colcon_core.package_identification:_identify(src/rtabmap_ros/docker/kinetic) by extension 'ros'
[0.188s] Level 1:colcon.colcon_core.package_identification:_identify(src/rtabmap_ros/docker/kinetic) by extensions ['cmake', 'python']
[0.188s] Level 1:colcon.colcon_core.package_identification:_identify(src/rtabmap_ros/docker/kinetic) by extension 'cmake'
[0.188s] Level 1:colcon.colcon_core.package_identification:_identify(src/rtabmap_ros/docker/kinetic) by extension 'python'
[0.188s] Level 1:colcon.colcon_core.package_identification:_identify(src/rtabmap_ros/docker/kinetic) by extensions ['python_setup_py']
[0.188s] Level 1:colcon.colcon_core.package_identification:_identify(src/rtabmap_ros/docker/kinetic) by extension 'python_setup_py'
[0.188s] Level 1:colcon.colcon_core.package_identification:_identify(src/rtabmap_ros/docker/kinetic/latest) by extensions ['ignore', 'ignore_ament_install']
[0.188s] Level 1:colcon.colcon_core.package_identification:_identify(src/rtabmap_ros/docker/kinetic/latest) by extension 'ignore'
[0.188s] Level 1:colcon.colcon_core.package_identification:_identify(src/rtabmap_ros/docker/kinetic/latest) by extension 'ignore_ament_install'
[0.188s] Level 1:colcon.colcon_core.package_identification:_identify(src/rtabmap_ros/docker/kinetic/latest) by extensions ['colcon_pkg']
[0.188s] Level 1:colcon.colcon_core.package_identification:_identify(src/rtabmap_ros/docker/kinetic/latest) by extension 'colcon_pkg'
[0.188s] Level 1:colcon.colcon_core.package_identification:_identify(src/rtabmap_ros/docker/kinetic/latest) by extensions ['colcon_meta']
[0.188s] Level 1:colcon.colcon_core.package_identification:_identify(src/rtabmap_ros/docker/kinetic/latest) by extension 'colcon_meta'
[0.188s] Level 1:colcon.colcon_core.package_identification:_identify(src/rtabmap_ros/docker/kinetic/latest) by extensions ['ros']
[0.188s] Level 1:colcon.colcon_core.package_identification:_identify(src/rtabmap_ros/docker/kinetic/latest) by extension 'ros'
[0.188s] Level 1:colcon.colcon_core.package_identification:_identify(src/rtabmap_ros/docker/kinetic/latest) by extensions ['cmake', 'python']
[0.188s] Level 1:colcon.colcon_core.package_identification:_identify(src/rtabmap_ros/docker/kinetic/latest) by extension 'cmake'
[0.188s] Level 1:colcon.colcon_core.package_identification:_identify(src/rtabmap_ros/docker/kinetic/latest) by extension 'python'
[0.188s] Level 1:colcon.colcon_core.package_identification:_identify(src/rtabmap_ros/docker/kinetic/latest) by extensions ['python_setup_py']
[0.188s] Level 1:colcon.colcon_core.package_identification:_identify(src/rtabmap_ros/docker/kinetic/latest) by extension 'python_setup_py'
[0.189s] Level 1:colcon.colcon_core.package_identification:_identify(src/rtabmap_ros/docker/kinetic/latest/hooks) by extensions ['ignore', 'ignore_ament_install']
[0.189s] Level 1:colcon.colcon_core.package_identification:_identify(src/rtabmap_ros/docker/kinetic/latest/hooks) by extension 'ignore'
[0.189s] Level 1:colcon.colcon_core.package_identification:_identify(src/rtabmap_ros/docker/kinetic/latest/hooks) by extension 'ignore_ament_install'
[0.189s] Level 1:colcon.colcon_core.package_identification:_identify(src/rtabmap_ros/docker/kinetic/latest/hooks) by extensions ['colcon_pkg']
[0.189s] Level 1:colcon.colcon_core.package_identification:_identify(src/rtabmap_ros/docker/kinetic/latest/hooks) by extension 'colcon_pkg'
[0.189s] Level 1:colcon.colcon_core.package_identification:_identify(src/rtabmap_ros/docker/kinetic/latest/hooks) by extensions ['colcon_meta']
[0.189s] Level 1:colcon.colcon_core.package_identification:_identify(src/rtabmap_ros/docker/kinetic/latest/hooks) by extension 'colcon_meta'
[0.189s] Level 1:colcon.colcon_core.package_identification:_identify(src/rtabmap_ros/docker/kinetic/latest/hooks) by extensions ['ros']
[0.189s] Level 1:colcon.colcon_core.package_identification:_identify(src/rtabmap_ros/docker/kinetic/latest/hooks) by extension 'ros'
[0.189s] Level 1:colcon.colcon_core.package_identification:_identify(src/rtabmap_ros/docker/kinetic/latest/hooks) by extensions ['cmake', 'python']
[0.189s] Level 1:colcon.colcon_core.package_identification:_identify(src/rtabmap_ros/docker/kinetic/latest/hooks) by extension 'cmake'
[0.189s] Level 1:colcon.colcon_core.package_identification:_identify(src/rtabmap_ros/docker/kinetic/latest/hooks) by extension 'python'
[0.189s] Level 1:colcon.colcon_core.package_identification:_identify(src/rtabmap_ros/docker/kinetic/latest/hooks) by extensions ['python_setup_py']
[0.189s] Level 1:colcon.colcon_core.package_identification:_identify(src/rtabmap_ros/docker/kinetic/latest/hooks) by extension 'python_setup_py'
[0.189s] Level 1:colcon.colcon_core.package_identification:_identify(src/rtabmap_ros/docker/melodic) by extensions ['ignore', 'ignore_ament_install']
[0.189s] Level 1:colcon.colcon_core.package_identification:_identify(src/rtabmap_ros/docker/melodic) by extension 'ignore'
[0.189s] Level 1:colcon.colcon_core.package_identification:_identify(src/rtabmap_ros/docker/melodic) by extension 'ignore_ament_install'
[0.189s] Level 1:colcon.colcon_core.package_identification:_identify(src/rtabmap_ros/docker/melodic) by extensions ['colcon_pkg']
[0.189s] Level 1:colcon.colcon_core.package_identification:_identify(src/rtabmap_ros/docker/melodic) by extension 'colcon_pkg'
[0.189s] Level 1:colcon.colcon_core.package_identification:_identify(src/rtabmap_ros/docker/melodic) by extensions ['colcon_meta']
[0.189s] Level 1:colcon.colcon_core.package_identification:_identify(src/rtabmap_ros/docker/melodic) by extension 'colcon_meta'
[0.189s] Level 1:colcon.colcon_core.package_identification:_identify(src/rtabmap_ros/docker/melodic) by extensions ['ros']
[0.189s] Level 1:colcon.colcon_core.package_identification:_identify(src/rtabmap_ros/docker/melodic) by extension 'ros'
[0.189s] Level 1:colcon.colcon_core.package_identification:_identify(src/rtabmap_ros/docker/melodic) by extensions ['cmake', 'python']
[0.189s] Level 1:colcon.colcon_core.package_identification:_identify(src/rtabmap_ros/docker/melodic) by extension 'cmake'
[0.189s] Level 1:colcon.colcon_core.package_identification:_identify(src/rtabmap_ros/docker/melodic) by extension 'python'
[0.189s] Level 1:colcon.colcon_core.package_identification:_identify(src/rtabmap_ros/docker/melodic) by extensions ['python_setup_py']
[0.189s] Level 1:colcon.colcon_core.package_identification:_identify(src/rtabmap_ros/docker/melodic) by extension 'python_setup_py'
[0.189s] Level 1:colcon.colcon_core.package_identification:_identify(src/rtabmap_ros/docker/melodic/latest) by extensions ['ignore', 'ignore_ament_install']
[0.189s] Level 1:colcon.colcon_core.package_identification:_identify(src/rtabmap_ros/docker/melodic/latest) by extension 'ignore'
[0.189s] Level 1:colcon.colcon_core.package_identification:_identify(src/rtabmap_ros/docker/melodic/latest) by extension 'ignore_ament_install'
[0.189s] Level 1:colcon.colcon_core.package_identification:_identify(src/rtabmap_ros/docker/melodic/latest) by extensions ['colcon_pkg']
[0.189s] Level 1:colcon.colcon_core.package_identification:_identify(src/rtabmap_ros/docker/melodic/latest) by extension 'colcon_pkg'
[0.189s] Level 1:colcon.colcon_core.package_identification:_identify(src/rtabmap_ros/docker/melodic/latest) by extensions ['colcon_meta']
[0.189s] Level 1:colcon.colcon_core.package_identification:_identify(src/rtabmap_ros/docker/melodic/latest) by extension 'colcon_meta'
[0.189s] Level 1:colcon.colcon_core.package_identification:_identify(src/rtabmap_ros/docker/melodic/latest) by extensions ['ros']
[0.189s] Level 1:colcon.colcon_core.package_identification:_identify(src/rtabmap_ros/docker/melodic/latest) by extension 'ros'
[0.189s] Level 1:colcon.colcon_core.package_identification:_identify(src/rtabmap_ros/docker/melodic/latest) by extensions ['cmake', 'python']
[0.189s] Level 1:colcon.colcon_core.package_identification:_identify(src/rtabmap_ros/docker/melodic/latest) by extension 'cmake'
[0.189s] Level 1:colcon.colcon_core.package_identification:_identify(src/rtabmap_ros/docker/melodic/latest) by extension 'python'
[0.189s] Level 1:colcon.colcon_core.package_identification:_identify(src/rtabmap_ros/docker/melodic/latest) by extensions ['python_setup_py']
[0.189s] Level 1:colcon.colcon_core.package_identification:_identify(src/rtabmap_ros/docker/melodic/latest) by extension 'python_setup_py'
[0.190s] Level 1:colcon.colcon_core.package_identification:_identify(src/rtabmap_ros/docker/melodic/latest/hooks) by extensions ['ignore', 'ignore_ament_install']
[0.190s] Level 1:colcon.colcon_core.package_identification:_identify(src/rtabmap_ros/docker/melodic/latest/hooks) by extension 'ignore'
[0.190s] Level 1:colcon.colcon_core.package_identification:_identify(src/rtabmap_ros/docker/melodic/latest/hooks) by extension 'ignore_ament_install'
[0.190s] Level 1:colcon.colcon_core.package_identification:_identify(src/rtabmap_ros/docker/melodic/latest/hooks) by extensions ['colcon_pkg']
[0.190s] Level 1:colcon.colcon_core.package_identification:_identify(src/rtabmap_ros/docker/melodic/latest/hooks) by extension 'colcon_pkg'
[0.190s] Level 1:colcon.colcon_core.package_identification:_identify(src/rtabmap_ros/docker/melodic/latest/hooks) by extensions ['colcon_meta']
[0.190s] Level 1:colcon.colcon_core.package_identification:_identify(src/rtabmap_ros/docker/melodic/latest/hooks) by extension 'colcon_meta'
[0.190s] Level 1:colcon.colcon_core.package_identification:_identify(src/rtabmap_ros/docker/melodic/latest/hooks) by extensions ['ros']
[0.190s] Level 1:colcon.colcon_core.package_identification:_identify(src/rtabmap_ros/docker/melodic/latest/hooks) by extension 'ros'
[0.190s] Level 1:colcon.colcon_core.package_identification:_identify(src/rtabmap_ros/docker/melodic/latest/hooks) by extensions ['cmake', 'python']
[0.190s] Level 1:colcon.colcon_core.package_identification:_identify(src/rtabmap_ros/docker/melodic/latest/hooks) by extension 'cmake'
[0.190s] Level 1:colcon.colcon_core.package_identification:_identify(src/rtabmap_ros/docker/melodic/latest/hooks) by extension 'python'
[0.190s] Level 1:colcon.colcon_core.package_identification:_identify(src/rtabmap_ros/docker/melodic/latest/hooks) by extensions ['python_setup_py']
[0.190s] Level 1:colcon.colcon_core.package_identification:_identify(src/rtabmap_ros/docker/melodic/latest/hooks) by extension 'python_setup_py'
[0.190s] Level 1:colcon.colcon_core.package_identification:_identify(src/rtabmap_ros/docker/noetic) by extensions ['ignore', 'ignore_ament_install']
[0.190s] Level 1:colcon.colcon_core.package_identification:_identify(src/rtabmap_ros/docker/noetic) by extension 'ignore'
[0.190s] Level 1:colcon.colcon_core.package_identification:_identify(src/rtabmap_ros/docker/noetic) by extension 'ignore_ament_install'
[0.190s] Level 1:colcon.colcon_core.package_identification:_identify(src/rtabmap_ros/docker/noetic) by extensions ['colcon_pkg']
[0.190s] Level 1:colcon.colcon_core.package_identification:_identify(src/rtabmap_ros/docker/noetic) by extension 'colcon_pkg'
[0.190s] Level 1:colcon.colcon_core.package_identification:_identify(src/rtabmap_ros/docker/noetic) by extensions ['colcon_meta']
[0.190s] Level 1:colcon.colcon_core.package_identification:_identify(src/rtabmap_ros/docker/noetic) by extension 'colcon_meta'
[0.190s] Level 1:colcon.colcon_core.package_identification:_identify(src/rtabmap_ros/docker/noetic) by extensions ['ros']
[0.190s] Level 1:colcon.colcon_core.package_identification:_identify(src/rtabmap_ros/docker/noetic) by extension 'ros'
[0.190s] Level 1:colcon.colcon_core.package_identification:_identify(src/rtabmap_ros/docker/noetic) by extensions ['cmake', 'python']
[0.190s] Level 1:colcon.colcon_core.package_identification:_identify(src/rtabmap_ros/docker/noetic) by extension 'cmake'
[0.190s] Level 1:colcon.colcon_core.package_identification:_identify(src/rtabmap_ros/docker/noetic) by extension 'python'
[0.190s] Level 1:colcon.colcon_core.package_identification:_identify(src/rtabmap_ros/docker/noetic) by extensions ['python_setup_py']
[0.190s] Level 1:colcon.colcon_core.package_identification:_identify(src/rtabmap_ros/docker/noetic) by extension 'python_setup_py'
[0.190s] Level 1:colcon.colcon_core.package_identification:_identify(src/rtabmap_ros/docker/noetic/latest) by extensions ['ignore', 'ignore_ament_install']
[0.190s] Level 1:colcon.colcon_core.package_identification:_identify(src/rtabmap_ros/docker/noetic/latest) by extension 'ignore'
[0.190s] Level 1:colcon.colcon_core.package_identification:_identify(src/rtabmap_ros/docker/noetic/latest) by extension 'ignore_ament_install'
[0.190s] Level 1:colcon.colcon_core.package_identification:_identify(src/rtabmap_ros/docker/noetic/latest) by extensions ['colcon_pkg']
[0.190s] Level 1:colcon.colcon_core.package_identification:_identify(src/rtabmap_ros/docker/noetic/latest) by extension 'colcon_pkg'
[0.190s] Level 1:colcon.colcon_core.package_identification:_identify(src/rtabmap_ros/docker/noetic/latest) by extensions ['colcon_meta']
[0.190s] Level 1:colcon.colcon_core.package_identification:_identify(src/rtabmap_ros/docker/noetic/latest) by extension 'colcon_meta'
[0.190s] Level 1:colcon.colcon_core.package_identification:_identify(src/rtabmap_ros/docker/noetic/latest) by extensions ['ros']
[0.190s] Level 1:colcon.colcon_core.package_identification:_identify(src/rtabmap_ros/docker/noetic/latest) by extension 'ros'
[0.190s] Level 1:colcon.colcon_core.package_identification:_identify(src/rtabmap_ros/docker/noetic/latest) by extensions ['cmake', 'python']
[0.190s] Level 1:colcon.colcon_core.package_identification:_identify(src/rtabmap_ros/docker/noetic/latest) by extension 'cmake'
[0.190s] Level 1:colcon.colcon_core.package_identification:_identify(src/rtabmap_ros/docker/noetic/latest) by extension 'python'
[0.191s] Level 1:colcon.colcon_core.package_identification:_identify(src/rtabmap_ros/docker/noetic/latest) by extensions ['python_setup_py']
[0.191s] Level 1:colcon.colcon_core.package_identification:_identify(src/rtabmap_ros/docker/noetic/latest) by extension 'python_setup_py'
[0.191s] Level 1:colcon.colcon_core.package_identification:_identify(src/rtabmap_ros/docker/noetic/latest/hooks) by extensions ['ignore', 'ignore_ament_install']
[0.191s] Level 1:colcon.colcon_core.package_identification:_identify(src/rtabmap_ros/docker/noetic/latest/hooks) by extension 'ignore'
[0.191s] Level 1:colcon.colcon_core.package_identification:_identify(src/rtabmap_ros/docker/noetic/latest/hooks) by extension 'ignore_ament_install'
[0.191s] Level 1:colcon.colcon_core.package_identification:_identify(src/rtabmap_ros/docker/noetic/latest/hooks) by extensions ['colcon_pkg']
[0.191s] Level 1:colcon.colcon_core.package_identification:_identify(src/rtabmap_ros/docker/noetic/latest/hooks) by extension 'colcon_pkg'
[0.191s] Level 1:colcon.colcon_core.package_identification:_identify(src/rtabmap_ros/docker/noetic/latest/hooks) by extensions ['colcon_meta']
[0.191s] Level 1:colcon.colcon_core.package_identification:_identify(src/rtabmap_ros/docker/noetic/latest/hooks) by extension 'colcon_meta'
[0.191s] Level 1:colcon.colcon_core.package_identification:_identify(src/rtabmap_ros/docker/noetic/latest/hooks) by extensions ['ros']
[0.191s] Level 1:colcon.colcon_core.package_identification:_identify(src/rtabmap_ros/docker/noetic/latest/hooks) by extension 'ros'
[0.191s] Level 1:colcon.colcon_core.package_identification:_identify(src/rtabmap_ros/docker/noetic/latest/hooks) by extensions ['cmake', 'python']
[0.191s] Level 1:colcon.colcon_core.package_identification:_identify(src/rtabmap_ros/docker/noetic/latest/hooks) by extension 'cmake'
[0.191s] Level 1:colcon.colcon_core.package_identification:_identify(src/rtabmap_ros/docker/noetic/latest/hooks) by extension 'python'
[0.191s] Level 1:colcon.colcon_core.package_identification:_identify(src/rtabmap_ros/docker/noetic/latest/hooks) by extensions ['python_setup_py']
[0.191s] Level 1:colcon.colcon_core.package_identification:_identify(src/rtabmap_ros/docker/noetic/latest/hooks) by extension 'python_setup_py'
[0.191s] Level 1:colcon.colcon_core.package_identification:_identify(src/rtabmap_ros/docker/noetic/superpoint) by extensions ['ignore', 'ignore_ament_install']
[0.191s] Level 1:colcon.colcon_core.package_identification:_identify(src/rtabmap_ros/docker/noetic/superpoint) by extension 'ignore'
[0.191s] Level 1:colcon.colcon_core.package_identification:_identify(src/rtabmap_ros/docker/noetic/superpoint) by extension 'ignore_ament_install'
[0.191s] Level 1:colcon.colcon_core.package_identification:_identify(src/rtabmap_ros/docker/noetic/superpoint) by extensions ['colcon_pkg']
[0.191s] Level 1:colcon.colcon_core.package_identification:_identify(src/rtabmap_ros/docker/noetic/superpoint) by extension 'colcon_pkg'
[0.191s] Level 1:colcon.colcon_core.package_identification:_identify(src/rtabmap_ros/docker/noetic/superpoint) by extensions ['colcon_meta']
[0.191s] Level 1:colcon.colcon_core.package_identification:_identify(src/rtabmap_ros/docker/noetic/superpoint) by extension 'colcon_meta'
[0.191s] Level 1:colcon.colcon_core.package_identification:_identify(src/rtabmap_ros/docker/noetic/superpoint) by extensions ['ros']
[0.191s] Level 1:colcon.colcon_core.package_identification:_identify(src/rtabmap_ros/docker/noetic/superpoint) by extension 'ros'
[0.191s] Level 1:colcon.colcon_core.package_identification:_identify(src/rtabmap_ros/docker/noetic/superpoint) by extensions ['cmake', 'python']
[0.191s] Level 1:colcon.colcon_core.package_identification:_identify(src/rtabmap_ros/docker/noetic/superpoint) by extension 'cmake'
[0.191s] Level 1:colcon.colcon_core.package_identification:_identify(src/rtabmap_ros/docker/noetic/superpoint) by extension 'python'
[0.191s] Level 1:colcon.colcon_core.package_identification:_identify(src/rtabmap_ros/docker/noetic/superpoint) by extensions ['python_setup_py']
[0.191s] Level 1:colcon.colcon_core.package_identification:_identify(src/rtabmap_ros/docker/noetic/superpoint) by extension 'python_setup_py'
[0.191s] Level 1:colcon.colcon_core.package_identification:_identify(src/rtabmap_ros/rtabmap_conversions) by extensions ['ignore', 'ignore_ament_install']
[0.191s] Level 1:colcon.colcon_core.package_identification:_identify(src/rtabmap_ros/rtabmap_conversions) by extension 'ignore'
[0.191s] Level 1:colcon.colcon_core.package_identification:_identify(src/rtabmap_ros/rtabmap_conversions) by extension 'ignore_ament_install'
[0.191s] Level 1:colcon.colcon_core.package_identification:_identify(src/rtabmap_ros/rtabmap_conversions) by extensions ['colcon_pkg']
[0.191s] Level 1:colcon.colcon_core.package_identification:_identify(src/rtabmap_ros/rtabmap_conversions) by extension 'colcon_pkg'
[0.191s] Level 1:colcon.colcon_core.package_identification:_identify(src/rtabmap_ros/rtabmap_conversions) by extensions ['colcon_meta']
[0.191s] Level 1:colcon.colcon_core.package_identification:_identify(src/rtabmap_ros/rtabmap_conversions) by extension 'colcon_meta'
[0.191s] Level 1:colcon.colcon_core.package_identification:_identify(src/rtabmap_ros/rtabmap_conversions) by extensions ['ros']
[0.191s] Level 1:colcon.colcon_core.package_identification:_identify(src/rtabmap_ros/rtabmap_conversions) by extension 'ros'
[0.192s] DEBUG:colcon.colcon_core.package_identification:Package 'src/rtabmap_ros/rtabmap_conversions' with type 'ros.ament_cmake' and name 'rtabmap_conversions'
[0.192s] Level 1:colcon.colcon_core.package_identification:_identify(src/rtabmap_ros/rtabmap_demos) by extensions ['ignore', 'ignore_ament_install']
[0.192s] Level 1:colcon.colcon_core.package_identification:_identify(src/rtabmap_ros/rtabmap_demos) by extension 'ignore'
[0.193s] Level 1:colcon.colcon_core.package_identification:_identify(src/rtabmap_ros/rtabmap_demos) by extension 'ignore_ament_install'
[0.193s] Level 1:colcon.colcon_core.package_identification:_identify(src/rtabmap_ros/rtabmap_demos) by extensions ['colcon_pkg']
[0.193s] Level 1:colcon.colcon_core.package_identification:_identify(src/rtabmap_ros/rtabmap_demos) by extension 'colcon_pkg'
[0.193s] Level 1:colcon.colcon_core.package_identification:_identify(src/rtabmap_ros/rtabmap_demos) by extensions ['colcon_meta']
[0.193s] Level 1:colcon.colcon_core.package_identification:_identify(src/rtabmap_ros/rtabmap_demos) by extension 'colcon_meta'
[0.193s] Level 1:colcon.colcon_core.package_identification:_identify(src/rtabmap_ros/rtabmap_demos) by extensions ['ros']
[0.193s] Level 1:colcon.colcon_core.package_identification:_identify(src/rtabmap_ros/rtabmap_demos) by extension 'ros'
[0.193s] DEBUG:colcon.colcon_core.package_identification:Package 'src/rtabmap_ros/rtabmap_demos' with type 'ros.ament_cmake' and name 'rtabmap_demos'
[0.193s] Level 1:colcon.colcon_core.package_identification:_identify(src/rtabmap_ros/rtabmap_examples) by extensions ['ignore', 'ignore_ament_install']
[0.193s] Level 1:colcon.colcon_core.package_identification:_identify(src/rtabmap_ros/rtabmap_examples) by extension 'ignore'
[0.193s] Level 1:colcon.colcon_core.package_identification:_identify(src/rtabmap_ros/rtabmap_examples) by extension 'ignore_ament_install'
[0.193s] Level 1:colcon.colcon_core.package_identification:_identify(src/rtabmap_ros/rtabmap_examples) by extensions ['colcon_pkg']
[0.193s] Level 1:colcon.colcon_core.package_identification:_identify(src/rtabmap_ros/rtabmap_examples) by extension 'colcon_pkg'
[0.193s] Level 1:colcon.colcon_core.package_identification:_identify(src/rtabmap_ros/rtabmap_examples) by extensions ['colcon_meta']
[0.193s] Level 1:colcon.colcon_core.package_identification:_identify(src/rtabmap_ros/rtabmap_examples) by extension 'colcon_meta'
[0.193s] Level 1:colcon.colcon_core.package_identification:_identify(src/rtabmap_ros/rtabmap_examples) by extensions ['ros']
[0.193s] Level 1:colcon.colcon_core.package_identification:_identify(src/rtabmap_ros/rtabmap_examples) by extension 'ros'
[0.194s] DEBUG:colcon.colcon_core.package_identification:Package 'src/rtabmap_ros/rtabmap_examples' with type 'ros.ament_cmake' and name 'rtabmap_examples'
[0.194s] Level 1:colcon.colcon_core.package_identification:_identify(src/rtabmap_ros/rtabmap_launch) by extensions ['ignore', 'ignore_ament_install']
[0.194s] Level 1:colcon.colcon_core.package_identification:_identify(src/rtabmap_ros/rtabmap_launch) by extension 'ignore'
[0.194s] Level 1:colcon.colcon_core.package_identification:_identify(src/rtabmap_ros/rtabmap_launch) by extension 'ignore_ament_install'
[0.194s] Level 1:colcon.colcon_core.package_identification:_identify(src/rtabmap_ros/rtabmap_launch) by extensions ['colcon_pkg']
[0.194s] Level 1:colcon.colcon_core.package_identification:_identify(src/rtabmap_ros/rtabmap_launch) by extension 'colcon_pkg'
[0.194s] Level 1:colcon.colcon_core.package_identification:_identify(src/rtabmap_ros/rtabmap_launch) by extensions ['colcon_meta']
[0.194s] Level 1:colcon.colcon_core.package_identification:_identify(src/rtabmap_ros/rtabmap_launch) by extension 'colcon_meta'
[0.194s] Level 1:colcon.colcon_core.package_identification:_identify(src/rtabmap_ros/rtabmap_launch) by extensions ['ros']
[0.194s] Level 1:colcon.colcon_core.package_identification:_identify(src/rtabmap_ros/rtabmap_launch) by extension 'ros'
[0.194s] DEBUG:colcon.colcon_core.package_identification:Package 'src/rtabmap_ros/rtabmap_launch' with type 'ros.ament_cmake' and name 'rtabmap_launch'
[0.194s] Level 1:colcon.colcon_core.package_identification:_identify(src/rtabmap_ros/rtabmap_msgs) by extensions ['ignore', 'ignore_ament_install']
[0.194s] Level 1:colcon.colcon_core.package_identification:_identify(src/rtabmap_ros/rtabmap_msgs) by extension 'ignore'
[0.194s] Level 1:colcon.colcon_core.package_identification:_identify(src/rtabmap_ros/rtabmap_msgs) by extension 'ignore_ament_install'
[0.195s] Level 1:colcon.colcon_core.package_identification:_identify(src/rtabmap_ros/rtabmap_msgs) by extensions ['colcon_pkg']
[0.195s] Level 1:colcon.colcon_core.package_identification:_identify(src/rtabmap_ros/rtabmap_msgs) by extension 'colcon_pkg'
[0.195s] Level 1:colcon.colcon_core.package_identification:_identify(src/rtabmap_ros/rtabmap_msgs) by extensions ['colcon_meta']
[0.195s] Level 1:colcon.colcon_core.package_identification:_identify(src/rtabmap_ros/rtabmap_msgs) by extension 'colcon_meta'
[0.195s] Level 1:colcon.colcon_core.package_identification:_identify(src/rtabmap_ros/rtabmap_msgs) by extensions ['ros']
[0.195s] Level 1:colcon.colcon_core.package_identification:_identify(src/rtabmap_ros/rtabmap_msgs) by extension 'ros'
[0.195s] DEBUG:colcon.colcon_core.package_identification:Package 'src/rtabmap_ros/rtabmap_msgs' with type 'ros.ament_cmake' and name 'rtabmap_msgs'
[0.195s] Level 1:colcon.colcon_core.package_identification:_identify(src/rtabmap_ros/rtabmap_odom) by extensions ['ignore', 'ignore_ament_install']
[0.195s] Level 1:colcon.colcon_core.package_identification:_identify(src/rtabmap_ros/rtabmap_odom) by extension 'ignore'
[0.195s] Level 1:colcon.colcon_core.package_identification:_identify(src/rtabmap_ros/rtabmap_odom) by extension 'ignore_ament_install'
[0.195s] Level 1:colcon.colcon_core.package_identification:_identify(src/rtabmap_ros/rtabmap_odom) by extensions ['colcon_pkg']
[0.195s] Level 1:colcon.colcon_core.package_identification:_identify(src/rtabmap_ros/rtabmap_odom) by extension 'colcon_pkg'
[0.195s] Level 1:colcon.colcon_core.package_identification:_identify(src/rtabmap_ros/rtabmap_odom) by extensions ['colcon_meta']
[0.195s] Level 1:colcon.colcon_core.package_identification:_identify(src/rtabmap_ros/rtabmap_odom) by extension 'colcon_meta'
[0.195s] Level 1:colcon.colcon_core.package_identification:_identify(src/rtabmap_ros/rtabmap_odom) by extensions ['ros']
[0.195s] Level 1:colcon.colcon_core.package_identification:_identify(src/rtabmap_ros/rtabmap_odom) by extension 'ros'
[0.196s] DEBUG:colcon.colcon_core.package_identification:Package 'src/rtabmap_ros/rtabmap_odom' with type 'ros.ament_cmake' and name 'rtabmap_odom'
[0.196s] Level 1:colcon.colcon_core.package_identification:_identify(src/rtabmap_ros/rtabmap_python) by extensions ['ignore', 'ignore_ament_install']
[0.197s] Level 1:colcon.colcon_core.package_identification:_identify(src/rtabmap_ros/rtabmap_python) by extension 'ignore'
[0.197s] Level 1:colcon.colcon_core.package_identification:_identify(src/rtabmap_ros/rtabmap_python) by extension 'ignore_ament_install'
[0.197s] Level 1:colcon.colcon_core.package_identification:_identify(src/rtabmap_ros/rtabmap_python) by extensions ['colcon_pkg']
[0.197s] Level 1:colcon.colcon_core.package_identification:_identify(src/rtabmap_ros/rtabmap_python) by extension 'colcon_pkg'
[0.197s] Level 1:colcon.colcon_core.package_identification:_identify(src/rtabmap_ros/rtabmap_python) by extensions ['colcon_meta']
[0.197s] Level 1:colcon.colcon_core.package_identification:_identify(src/rtabmap_ros/rtabmap_python) by extension 'colcon_meta'
[0.197s] Level 1:colcon.colcon_core.package_identification:_identify(src/rtabmap_ros/rtabmap_python) by extensions ['ros']
[0.197s] Level 1:colcon.colcon_core.package_identification:_identify(src/rtabmap_ros/rtabmap_python) by extension 'ros'
[0.197s] DEBUG:colcon.colcon_core.package_identification:Package 'src/rtabmap_ros/rtabmap_python' with type 'ros.ament_python' and name 'rtabmap_python'
[0.197s] Level 1:colcon.colcon_core.package_identification:_identify(src/rtabmap_ros/rtabmap_ros) by extensions ['ignore', 'ignore_ament_install']
[0.197s] Level 1:colcon.colcon_core.package_identification:_identify(src/rtabmap_ros/rtabmap_ros) by extension 'ignore'
[0.197s] Level 1:colcon.colcon_core.package_identification:_identify(src/rtabmap_ros/rtabmap_ros) by extension 'ignore_ament_install'
[0.197s] Level 1:colcon.colcon_core.package_identification:_identify(src/rtabmap_ros/rtabmap_ros) by extensions ['colcon_pkg']
[0.197s] Level 1:colcon.colcon_core.package_identification:_identify(src/rtabmap_ros/rtabmap_ros) by extension 'colcon_pkg'
[0.197s] Level 1:colcon.colcon_core.package_identification:_identify(src/rtabmap_ros/rtabmap_ros) by extensions ['colcon_meta']
[0.197s] Level 1:colcon.colcon_core.package_identification:_identify(src/rtabmap_ros/rtabmap_ros) by extension 'colcon_meta'
[0.197s] Level 1:colcon.colcon_core.package_identification:_identify(src/rtabmap_ros/rtabmap_ros) by extensions ['ros']
[0.197s] Level 1:colcon.colcon_core.package_identification:_identify(src/rtabmap_ros/rtabmap_ros) by extension 'ros'
[0.198s] DEBUG:colcon.colcon_core.package_identification:Package 'src/rtabmap_ros/rtabmap_ros' with type 'ros.ament_cmake' and name 'rtabmap_ros'
[0.198s] Level 1:colcon.colcon_core.package_identification:_identify(src/rtabmap_ros/rtabmap_rviz_plugins) by extensions ['ignore', 'ignore_ament_install']
[0.198s] Level 1:colcon.colcon_core.package_identification:_identify(src/rtabmap_ros/rtabmap_rviz_plugins) by extension 'ignore'
[0.198s] Level 1:colcon.colcon_core.package_identification:_identify(src/rtabmap_ros/rtabmap_rviz_plugins) by extension 'ignore_ament_install'
[0.198s] Level 1:colcon.colcon_core.package_identification:_identify(src/rtabmap_ros/rtabmap_rviz_plugins) by extensions ['colcon_pkg']
[0.198s] Level 1:colcon.colcon_core.package_identification:_identify(src/rtabmap_ros/rtabmap_rviz_plugins) by extension 'colcon_pkg'
[0.198s] Level 1:colcon.colcon_core.package_identification:_identify(src/rtabmap_ros/rtabmap_rviz_plugins) by extensions ['colcon_meta']
[0.198s] Level 1:colcon.colcon_core.package_identification:_identify(src/rtabmap_ros/rtabmap_rviz_plugins) by extension 'colcon_meta'
[0.198s] Level 1:colcon.colcon_core.package_identification:_identify(src/rtabmap_ros/rtabmap_rviz_plugins) by extensions ['ros']
[0.198s] Level 1:colcon.colcon_core.package_identification:_identify(src/rtabmap_ros/rtabmap_rviz_plugins) by extension 'ros'
[0.199s] DEBUG:colcon.colcon_core.package_identification:Package 'src/rtabmap_ros/rtabmap_rviz_plugins' with type 'ros.ament_cmake' and name 'rtabmap_rviz_plugins'
[0.199s] Level 1:colcon.colcon_core.package_identification:_identify(src/rtabmap_ros/rtabmap_slam) by extensions ['ignore', 'ignore_ament_install']
[0.199s] Level 1:colcon.colcon_core.package_identification:_identify(src/rtabmap_ros/rtabmap_slam) by extension 'ignore'
[0.199s] Level 1:colcon.colcon_core.package_identification:_identify(src/rtabmap_ros/rtabmap_slam) by extension 'ignore_ament_install'
[0.199s] Level 1:colcon.colcon_core.package_identification:_identify(src/rtabmap_ros/rtabmap_slam) by extensions ['colcon_pkg']
[0.199s] Level 1:colcon.colcon_core.package_identification:_identify(src/rtabmap_ros/rtabmap_slam) by extension 'colcon_pkg'
[0.199s] Level 1:colcon.colcon_core.package_identification:_identify(src/rtabmap_ros/rtabmap_slam) by extensions ['colcon_meta']
[0.199s] Level 1:colcon.colcon_core.package_identification:_identify(src/rtabmap_ros/rtabmap_slam) by extension 'colcon_meta'
[0.199s] Level 1:colcon.colcon_core.package_identification:_identify(src/rtabmap_ros/rtabmap_slam) by extensions ['ros']
[0.199s] Level 1:colcon.colcon_core.package_identification:_identify(src/rtabmap_ros/rtabmap_slam) by extension 'ros'
[0.200s] DEBUG:colcon.colcon_core.package_identification:Package 'src/rtabmap_ros/rtabmap_slam' with type 'ros.ament_cmake' and name 'rtabmap_slam'
[0.200s] Level 1:colcon.colcon_core.package_identification:_identify(src/rtabmap_ros/rtabmap_sync) by extensions ['ignore', 'ignore_ament_install']
[0.200s] Level 1:colcon.colcon_core.package_identification:_identify(src/rtabmap_ros/rtabmap_sync) by extension 'ignore'
[0.200s] Level 1:colcon.colcon_core.package_identification:_identify(src/rtabmap_ros/rtabmap_sync) by extension 'ignore_ament_install'
[0.200s] Level 1:colcon.colcon_core.package_identification:_identify(src/rtabmap_ros/rtabmap_sync) by extensions ['colcon_pkg']
[0.200s] Level 1:colcon.colcon_core.package_identification:_identify(src/rtabmap_ros/rtabmap_sync) by extension 'colcon_pkg'
[0.200s] Level 1:colcon.colcon_core.package_identification:_identify(src/rtabmap_ros/rtabmap_sync) by extensions ['colcon_meta']
[0.200s] Level 1:colcon.colcon_core.package_identification:_identify(src/rtabmap_ros/rtabmap_sync) by extension 'colcon_meta'
[0.200s] Level 1:colcon.colcon_core.package_identification:_identify(src/rtabmap_ros/rtabmap_sync) by extensions ['ros']
[0.200s] Level 1:colcon.colcon_core.package_identification:_identify(src/rtabmap_ros/rtabmap_sync) by extension 'ros'
[0.201s] DEBUG:colcon.colcon_core.package_identification:Package 'src/rtabmap_ros/rtabmap_sync' with type 'ros.ament_cmake' and name 'rtabmap_sync'
[0.201s] Level 1:colcon.colcon_core.package_identification:_identify(src/rtabmap_ros/rtabmap_util) by extensions ['ignore', 'ignore_ament_install']
[0.201s] Level 1:colcon.colcon_core.package_identification:_identify(src/rtabmap_ros/rtabmap_util) by extension 'ignore'
[0.201s] Level 1:colcon.colcon_core.package_identification:_identify(src/rtabmap_ros/rtabmap_util) by extension 'ignore_ament_install'
[0.201s] Level 1:colcon.colcon_core.package_identification:_identify(src/rtabmap_ros/rtabmap_util) by extensions ['colcon_pkg']
[0.201s] Level 1:colcon.colcon_core.package_identification:_identify(src/rtabmap_ros/rtabmap_util) by extension 'colcon_pkg'
[0.201s] Level 1:colcon.colcon_core.package_identification:_identify(src/rtabmap_ros/rtabmap_util) by extensions ['colcon_meta']
[0.201s] Level 1:colcon.colcon_core.package_identification:_identify(src/rtabmap_ros/rtabmap_util) by extension 'colcon_meta'
[0.201s] Level 1:colcon.colcon_core.package_identification:_identify(src/rtabmap_ros/rtabmap_util) by extensions ['ros']
[0.201s] Level 1:colcon.colcon_core.package_identification:_identify(src/rtabmap_ros/rtabmap_util) by extension 'ros'
[0.202s] DEBUG:colcon.colcon_core.package_identification:Package 'src/rtabmap_ros/rtabmap_util' with type 'ros.ament_cmake' and name 'rtabmap_util'
[0.203s] Level 1:colcon.colcon_core.package_identification:_identify(src/rtabmap_ros/rtabmap_viz) by extensions ['ignore', 'ignore_ament_install']
[0.203s] Level 1:colcon.colcon_core.package_identification:_identify(src/rtabmap_ros/rtabmap_viz) by extension 'ignore'
[0.203s] Level 1:colcon.colcon_core.package_identification:_identify(src/rtabmap_ros/rtabmap_viz) by extension 'ignore_ament_install'
[0.203s] Level 1:colcon.colcon_core.package_identification:_identify(src/rtabmap_ros/rtabmap_viz) by extensions ['colcon_pkg']
[0.203s] Level 1:colcon.colcon_core.package_identification:_identify(src/rtabmap_ros/rtabmap_viz) by extension 'colcon_pkg'
[0.203s] Level 1:colcon.colcon_core.package_identification:_identify(src/rtabmap_ros/rtabmap_viz) by extensions ['colcon_meta']
[0.203s] Level 1:colcon.colcon_core.package_identification:_identify(src/rtabmap_ros/rtabmap_viz) by extension 'colcon_meta'
[0.203s] Level 1:colcon.colcon_core.package_identification:_identify(src/rtabmap_ros/rtabmap_viz) by extensions ['ros']
[0.203s] Level 1:colcon.colcon_core.package_identification:_identify(src/rtabmap_ros/rtabmap_viz) by extension 'ros'
[0.203s] DEBUG:colcon.colcon_core.package_identification:Package 'src/rtabmap_ros/rtabmap_viz' with type 'ros.ament_cmake' and name 'rtabmap_viz'
[0.203s] Level 1:colcon.colcon_core.package_discovery:discover_packages(recursive) using defaults
[0.203s] Level 1:colcon.colcon_core.package_discovery:discover_packages(ignore) discover
[0.203s] Level 1:colcon.colcon_core.package_discovery:discover_packages(ignore) using defaults
[0.204s] Level 1:colcon.colcon_core.package_discovery:discover_packages(path) discover
[0.204s] Level 1:colcon.colcon_core.package_discovery:discover_packages(path) using defaults
[0.227s] Level 1:colcon.colcon_core.package_discovery:discover_packages(prefix_path) check parameters
[0.227s] Level 1:colcon.colcon_core.package_discovery:discover_packages(prefix_path) discover
[0.229s] DEBUG:colcon.colcon_installed_package_information.package_discovery:Found 379 installed packages in /opt/ros/humble
[0.230s] Level 1:colcon.colcon_core.package_discovery:discover_packages(prefix_path) using defaults
[0.255s] Level 5:colcon.colcon_core.verb:set package 'realsense2_description' build argument 'cmake_args' from command line to 'None'
[0.256s] Level 5:colcon.colcon_core.verb:set package 'realsense2_description' build argument 'cmake_target' from command line to 'None'
[0.256s] Level 5:colcon.colcon_core.verb:set package 'realsense2_description' build argument 'cmake_target_skip_unavailable' from command line to 'False'
[0.256s] Level 5:colcon.colcon_core.verb:set package 'realsense2_description' build argument 'cmake_clean_cache' from command line to 'False'
[0.256s] Level 5:colcon.colcon_core.verb:set package 'realsense2_description' build argument 'cmake_clean_first' from command line to 'False'
[0.256s] Level 5:colcon.colcon_core.verb:set package 'realsense2_description' build argument 'cmake_force_configure' from command line to 'False'
[0.256s] Level 5:colcon.colcon_core.verb:set package 'realsense2_description' build argument 'ament_cmake_args' from command line to 'None'
[0.256s] Level 5:colcon.colcon_core.verb:set package 'realsense2_description' build argument 'catkin_cmake_args' from command line to 'None'
[0.256s] Level 5:colcon.colcon_core.verb:set package 'realsense2_description' build argument 'catkin_skip_building_tests' from command line to 'False'
[0.256s] DEBUG:colcon.colcon_core.verb:Building package 'realsense2_description' with the following arguments: {'ament_cmake_args': None, 'build_base': '/home/brace/codeSpace/navi/build/realsense2_description', 'catkin_cmake_args': None, 'catkin_skip_building_tests': False, 'cmake_args': None, 'cmake_clean_cache': False, 'cmake_clean_first': False, 'cmake_force_configure': False, 'cmake_target': None, 'cmake_target_skip_unavailable': False, 'install_base': '/home/brace/codeSpace/navi/install/realsense2_description', 'merge_install': False, 'path': '/home/brace/codeSpace/navi/src/realsense-ros/realsense2_description', 'symlink_install': False, 'test_result_base': None}
[0.256s] Level 5:colcon.colcon_core.verb:set package 'realsense2_ros_mqtt_bridge' build argument 'cmake_args' from command line to 'None'
[0.256s] Level 5:colcon.colcon_core.verb:set package 'realsense2_ros_mqtt_bridge' build argument 'cmake_target' from command line to 'None'
[0.256s] Level 5:colcon.colcon_core.verb:set package 'realsense2_ros_mqtt_bridge' build argument 'cmake_target_skip_unavailable' from command line to 'False'
[0.256s] Level 5:colcon.colcon_core.verb:set package 'realsense2_ros_mqtt_bridge' build argument 'cmake_clean_cache' from command line to 'False'
[0.256s] Level 5:colcon.colcon_core.verb:set package 'realsense2_ros_mqtt_bridge' build argument 'cmake_clean_first' from command line to 'False'
[0.256s] Level 5:colcon.colcon_core.verb:set package 'realsense2_ros_mqtt_bridge' build argument 'cmake_force_configure' from command line to 'False'
[0.256s] Level 5:colcon.colcon_core.verb:set package 'realsense2_ros_mqtt_bridge' build argument 'ament_cmake_args' from command line to 'None'
[0.256s] Level 5:colcon.colcon_core.verb:set package 'realsense2_ros_mqtt_bridge' build argument 'catkin_cmake_args' from command line to 'None'
[0.256s] Level 5:colcon.colcon_core.verb:set package 'realsense2_ros_mqtt_bridge' build argument 'catkin_skip_building_tests' from command line to 'False'
[0.256s] DEBUG:colcon.colcon_core.verb:Building package 'realsense2_ros_mqtt_bridge' with the following arguments: {'ament_cmake_args': None, 'build_base': '/home/brace/codeSpace/navi/build/realsense2_ros_mqtt_bridge', 'catkin_cmake_args': None, 'catkin_skip_building_tests': False, 'cmake_args': None, 'cmake_clean_cache': False, 'cmake_clean_first': False, 'cmake_force_configure': False, 'cmake_target': None, 'cmake_target_skip_unavailable': False, 'install_base': '/home/brace/codeSpace/navi/install/realsense2_ros_mqtt_bridge', 'merge_install': False, 'path': '/home/brace/codeSpace/navi/src/realsense-ros/realsense2_ros_mqtt_bridge', 'symlink_install': False, 'test_result_base': None}
[0.256s] Level 5:colcon.colcon_core.verb:set package 'realsense2_rviz_plugin' build argument 'cmake_args' from command line to 'None'
[0.256s] Level 5:colcon.colcon_core.verb:set package 'realsense2_rviz_plugin' build argument 'cmake_target' from command line to 'None'
[0.256s] Level 5:colcon.colcon_core.verb:set package 'realsense2_rviz_plugin' build argument 'cmake_target_skip_unavailable' from command line to 'False'
[0.256s] Level 5:colcon.colcon_core.verb:set package 'realsense2_rviz_plugin' build argument 'cmake_clean_cache' from command line to 'False'
[0.256s] Level 5:colcon.colcon_core.verb:set package 'realsense2_rviz_plugin' build argument 'cmake_clean_first' from command line to 'False'
[0.256s] Level 5:colcon.colcon_core.verb:set package 'realsense2_rviz_plugin' build argument 'cmake_force_configure' from command line to 'False'
[0.256s] Level 5:colcon.colcon_core.verb:set package 'realsense2_rviz_plugin' build argument 'ament_cmake_args' from command line to 'None'
[0.256s] Level 5:colcon.colcon_core.verb:set package 'realsense2_rviz_plugin' build argument 'catkin_cmake_args' from command line to 'None'
[0.256s] Level 5:colcon.colcon_core.verb:set package 'realsense2_rviz_plugin' build argument 'catkin_skip_building_tests' from command line to 'False'
[0.256s] DEBUG:colcon.colcon_core.verb:Building package 'realsense2_rviz_plugin' with the following arguments: {'ament_cmake_args': None, 'build_base': '/home/brace/codeSpace/navi/build/realsense2_rviz_plugin', 'catkin_cmake_args': None, 'catkin_skip_building_tests': False, 'cmake_args': None, 'cmake_clean_cache': False, 'cmake_clean_first': False, 'cmake_force_configure': False, 'cmake_target': None, 'cmake_target_skip_unavailable': False, 'install_base': '/home/brace/codeSpace/navi/install/realsense2_rviz_plugin', 'merge_install': False, 'path': '/home/brace/codeSpace/navi/src/realsense-ros/realsense2_rgbd_plugin', 'symlink_install': False, 'test_result_base': None}
[0.256s] Level 5:colcon.colcon_core.verb:set package 'rtabmap' build argument 'cmake_args' from command line to 'None'
[0.256s] Level 5:colcon.colcon_core.verb:set package 'rtabmap' build argument 'cmake_target' from command line to 'None'
[0.256s] Level 5:colcon.colcon_core.verb:set package 'rtabmap' build argument 'cmake_target_skip_unavailable' from command line to 'False'
[0.257s] Level 5:colcon.colcon_core.verb:set package 'rtabmap' build argument 'cmake_clean_cache' from command line to 'False'
[0.257s] Level 5:colcon.colcon_core.verb:set package 'rtabmap' build argument 'cmake_clean_first' from command line to 'False'
[0.257s] Level 5:colcon.colcon_core.verb:set package 'rtabmap' build argument 'cmake_force_configure' from command line to 'False'
[0.257s] Level 5:colcon.colcon_core.verb:set package 'rtabmap' build argument 'ament_cmake_args' from command line to 'None'
[0.257s] Level 5:colcon.colcon_core.verb:set package 'rtabmap' build argument 'catkin_cmake_args' from command line to 'None'
[0.257s] Level 5:colcon.colcon_core.verb:set package 'rtabmap' build argument 'catkin_skip_building_tests' from command line to 'False'
[0.257s] DEBUG:colcon.colcon_core.verb:Building package 'rtabmap' with the following arguments: {'ament_cmake_args': None, 'build_base': '/home/brace/codeSpace/navi/build/rtabmap', 'catkin_cmake_args': None, 'catkin_skip_building_tests': False, 'cmake_args': None, 'cmake_clean_cache': False, 'cmake_clean_first': False, 'cmake_force_configure': False, 'cmake_target': None, 'cmake_target_skip_unavailable': False, 'install_base': '/home/brace/codeSpace/navi/install/rtabmap', 'merge_install': False, 'path': '/home/brace/codeSpace/navi/src/rtabmap', 'symlink_install': False, 'test_result_base': None}
[0.257s] Level 5:colcon.colcon_core.verb:set package 'rtabmap_msgs' build argument 'cmake_args' from command line to 'None'
[0.257s] Level 5:colcon.colcon_core.verb:set package 'rtabmap_msgs' build argument 'cmake_target' from command line to 'None'
[0.257s] Level 5:colcon.colcon_core.verb:set package 'rtabmap_msgs' build argument 'cmake_target_skip_unavailable' from command line to 'False'
[0.257s] Level 5:colcon.colcon_core.verb:set package 'rtabmap_msgs' build argument 'cmake_clean_cache' from command line to 'False'
[0.257s] Level 5:colcon.colcon_core.verb:set package 'rtabmap_msgs' build argument 'cmake_clean_first' from command line to 'False'
[0.257s] Level 5:colcon.colcon_core.verb:set package 'rtabmap_msgs' build argument 'cmake_force_configure' from command line to 'False'
[0.257s] Level 5:colcon.colcon_core.verb:set package 'rtabmap_msgs' build argument 'ament_cmake_args' from command line to 'None'
[0.257s] Level 5:colcon.colcon_core.verb:set package 'rtabmap_msgs' build argument 'catkin_cmake_args' from command line to 'None'
[0.257s] Level 5:colcon.colcon_core.verb:set package 'rtabmap_msgs' build argument 'catkin_skip_building_tests' from command line to 'False'
[0.257s] DEBUG:colcon.colcon_core.verb:Building package 'rtabmap_msgs' with the following arguments: {'ament_cmake_args': None, 'build_base': '/home/brace/codeSpace/navi/build/rtabmap_msgs', 'catkin_cmake_args': None, 'catkin_skip_building_tests': False, 'cmake_args': None, 'cmake_clean_cache': False, 'cmake_clean_first': False, 'cmake_force_configure': False, 'cmake_target': None, 'cmake_target_skip_unavailable': False, 'install_base': '/home/brace/codeSpace/navi/install/rtabmap_msgs', 'merge_install': False, 'path': '/home/brace/codeSpace/navi/src/rtabmap_ros/rtabmap_msgs', 'symlink_install': False, 'test_result_base': None}
[0.257s] Level 5:colcon.colcon_core.verb:set package 'rtabmap_python' build argument 'cmake_args' from command line to 'None'
[0.257s] Level 5:colcon.colcon_core.verb:set package 'rtabmap_python' build argument 'cmake_target' from command line to 'None'
[0.257s] Level 5:colcon.colcon_core.verb:set package 'rtabmap_python' build argument 'cmake_target_skip_unavailable' from command line to 'False'
[0.257s] Level 5:colcon.colcon_core.verb:set package 'rtabmap_python' build argument 'cmake_clean_cache' from command line to 'False'
[0.257s] Level 5:colcon.colcon_core.verb:set package 'rtabmap_python' build argument 'cmake_clean_first' from command line to 'False'
[0.257s] Level 5:colcon.colcon_core.verb:set package 'rtabmap_python' build argument 'cmake_force_configure' from command line to 'False'
[0.257s] Level 5:colcon.colcon_core.verb:set package 'rtabmap_python' build argument 'ament_cmake_args' from command line to 'None'
[0.257s] Level 5:colcon.colcon_core.verb:set package 'rtabmap_python' build argument 'catkin_cmake_args' from command line to 'None'
[0.257s] Level 5:colcon.colcon_core.verb:set package 'rtabmap_python' build argument 'catkin_skip_building_tests' from command line to 'False'
[0.257s] DEBUG:colcon.colcon_core.verb:Building package 'rtabmap_python' with the following arguments: {'ament_cmake_args': None, 'build_base': '/home/brace/codeSpace/navi/build/rtabmap_python', 'catkin_cmake_args': None, 'catkin_skip_building_tests': False, 'cmake_args': None, 'cmake_clean_cache': False, 'cmake_clean_first': False, 'cmake_force_configure': False, 'cmake_target': None, 'cmake_target_skip_unavailable': False, 'install_base': '/home/brace/codeSpace/navi/install/rtabmap_python', 'merge_install': False, 'path': '/home/brace/codeSpace/navi/src/rtabmap_ros/rtabmap_python', 'symlink_install': False, 'test_result_base': None}
[0.257s] Level 5:colcon.colcon_core.verb:set package 'rtabmap_conversions' build argument 'cmake_args' from command line to 'None'
[0.257s] Level 5:colcon.colcon_core.verb:set package 'rtabmap_conversions' build argument 'cmake_target' from command line to 'None'
[0.257s] Level 5:colcon.colcon_core.verb:set package 'rtabmap_conversions' build argument 'cmake_target_skip_unavailable' from command line to 'False'
[0.257s] Level 5:colcon.colcon_core.verb:set package 'rtabmap_conversions' build argument 'cmake_clean_cache' from command line to 'False'
[0.257s] Level 5:colcon.colcon_core.verb:set package 'rtabmap_conversions' build argument 'cmake_clean_first' from command line to 'False'
[0.257s] Level 5:colcon.colcon_core.verb:set package 'rtabmap_conversions' build argument 'cmake_force_configure' from command line to 'False'
[0.257s] Level 5:colcon.colcon_core.verb:set package 'rtabmap_conversions' build argument 'ament_cmake_args' from command line to 'None'
[0.257s] Level 5:colcon.colcon_core.verb:set package 'rtabmap_conversions' build argument 'catkin_cmake_args' from command line to 'None'
[0.257s] Level 5:colcon.colcon_core.verb:set package 'rtabmap_conversions' build argument 'catkin_skip_building_tests' from command line to 'False'
[0.257s] DEBUG:colcon.colcon_core.verb:Building package 'rtabmap_conversions' with the following arguments: {'ament_cmake_args': None, 'build_base': '/home/brace/codeSpace/navi/build/rtabmap_conversions', 'catkin_cmake_args': None, 'catkin_skip_building_tests': False, 'cmake_args': None, 'cmake_clean_cache': False, 'cmake_clean_first': False, 'cmake_force_configure': False, 'cmake_target': None, 'cmake_target_skip_unavailable': False, 'install_base': '/home/brace/codeSpace/navi/install/rtabmap_conversions', 'merge_install': False, 'path': '/home/brace/codeSpace/navi/src/rtabmap_ros/rtabmap_conversions', 'symlink_install': False, 'test_result_base': None}
[0.258s] Level 5:colcon.colcon_core.verb:set package 'rtabmap_rviz_plugins' build argument 'cmake_args' from command line to 'None'
[0.258s] Level 5:colcon.colcon_core.verb:set package 'rtabmap_rviz_plugins' build argument 'cmake_target' from command line to 'None'
[0.258s] Level 5:colcon.colcon_core.verb:set package 'rtabmap_rviz_plugins' build argument 'cmake_target_skip_unavailable' from command line to 'False'
[0.258s] Level 5:colcon.colcon_core.verb:set package 'rtabmap_rviz_plugins' build argument 'cmake_clean_cache' from command line to 'False'
[0.258s] Level 5:colcon.colcon_core.verb:set package 'rtabmap_rviz_plugins' build argument 'cmake_clean_first' from command line to 'False'
[0.258s] Level 5:colcon.colcon_core.verb:set package 'rtabmap_rviz_plugins' build argument 'cmake_force_configure' from command line to 'False'
[0.258s] Level 5:colcon.colcon_core.verb:set package 'rtabmap_rviz_plugins' build argument 'ament_cmake_args' from command line to 'None'
[0.258s] Level 5:colcon.colcon_core.verb:set package 'rtabmap_rviz_plugins' build argument 'catkin_cmake_args' from command line to 'None'
[0.258s] Level 5:colcon.colcon_core.verb:set package 'rtabmap_rviz_plugins' build argument 'catkin_skip_building_tests' from command line to 'False'
[0.258s] DEBUG:colcon.colcon_core.verb:Building package 'rtabmap_rviz_plugins' with the following arguments: {'ament_cmake_args': None, 'build_base': '/home/brace/codeSpace/navi/build/rtabmap_rviz_plugins', 'catkin_cmake_args': None, 'catkin_skip_building_tests': False, 'cmake_args': None, 'cmake_clean_cache': False, 'cmake_clean_first': False, 'cmake_force_configure': False, 'cmake_target': None, 'cmake_target_skip_unavailable': False, 'install_base': '/home/brace/codeSpace/navi/install/rtabmap_rviz_plugins', 'merge_install': False, 'path': '/home/brace/codeSpace/navi/src/rtabmap_ros/rtabmap_rviz_plugins', 'symlink_install': False, 'test_result_base': None}
[0.258s] Level 5:colcon.colcon_core.verb:set package 'rtabmap_sync' build argument 'cmake_args' from command line to 'None'
[0.258s] Level 5:colcon.colcon_core.verb:set package 'rtabmap_sync' build argument 'cmake_target' from command line to 'None'
[0.258s] Level 5:colcon.colcon_core.verb:set package 'rtabmap_sync' build argument 'cmake_target_skip_unavailable' from command line to 'False'
[0.258s] Level 5:colcon.colcon_core.verb:set package 'rtabmap_sync' build argument 'cmake_clean_cache' from command line to 'False'
[0.258s] Level 5:colcon.colcon_core.verb:set package 'rtabmap_sync' build argument 'cmake_clean_first' from command line to 'False'
[0.258s] Level 5:colcon.colcon_core.verb:set package 'rtabmap_sync' build argument 'cmake_force_configure' from command line to 'False'
[0.258s] Level 5:colcon.colcon_core.verb:set package 'rtabmap_sync' build argument 'ament_cmake_args' from command line to 'None'
[0.258s] Level 5:colcon.colcon_core.verb:set package 'rtabmap_sync' build argument 'catkin_cmake_args' from command line to 'None'
[0.258s] Level 5:colcon.colcon_core.verb:set package 'rtabmap_sync' build argument 'catkin_skip_building_tests' from command line to 'False'
[0.258s] DEBUG:colcon.colcon_core.verb:Building package 'rtabmap_sync' with the following arguments: {'ament_cmake_args': None, 'build_base': '/home/brace/codeSpace/navi/build/rtabmap_sync', 'catkin_cmake_args': None, 'catkin_skip_building_tests': False, 'cmake_args': None, 'cmake_clean_cache': False, 'cmake_clean_first': False, 'cmake_force_configure': False, 'cmake_target': None, 'cmake_target_skip_unavailable': False, 'install_base': '/home/brace/codeSpace/navi/install/rtabmap_sync', 'merge_install': False, 'path': '/home/brace/codeSpace/navi/src/rtabmap_ros/rtabmap_sync', 'symlink_install': False, 'test_result_base': None}
[0.258s] Level 5:colcon.colcon_core.verb:set package 'rtabmap_util' build argument 'cmake_args' from command line to 'None'
[0.258s] Level 5:colcon.colcon_core.verb:set package 'rtabmap_util' build argument 'cmake_target' from command line to 'None'
[0.258s] Level 5:colcon.colcon_core.verb:set package 'rtabmap_util' build argument 'cmake_target_skip_unavailable' from command line to 'False'
[0.258s] Level 5:colcon.colcon_core.verb:set package 'rtabmap_util' build argument 'cmake_clean_cache' from command line to 'False'
[0.258s] Level 5:colcon.colcon_core.verb:set package 'rtabmap_util' build argument 'cmake_clean_first' from command line to 'False'
[0.258s] Level 5:colcon.colcon_core.verb:set package 'rtabmap_util' build argument 'cmake_force_configure' from command line to 'False'
[0.258s] Level 5:colcon.colcon_core.verb:set package 'rtabmap_util' build argument 'ament_cmake_args' from command line to 'None'
[0.258s] Level 5:colcon.colcon_core.verb:set package 'rtabmap_util' build argument 'catkin_cmake_args' from command line to 'None'
[0.258s] Level 5:colcon.colcon_core.verb:set package 'rtabmap_util' build argument 'catkin_skip_building_tests' from command line to 'False'
[0.258s] DEBUG:colcon.colcon_core.verb:Building package 'rtabmap_util' with the following arguments: {'ament_cmake_args': None, 'build_base': '/home/brace/codeSpace/navi/build/rtabmap_util', 'catkin_cmake_args': None, 'catkin_skip_building_tests': False, 'cmake_args': None, 'cmake_clean_cache': False, 'cmake_clean_first': False, 'cmake_force_configure': False, 'cmake_target': None, 'cmake_target_skip_unavailable': False, 'install_base': '/home/brace/codeSpace/navi/install/rtabmap_util', 'merge_install': False, 'path': '/home/brace/codeSpace/navi/src/rtabmap_ros/rtabmap_util', 'symlink_install': False, 'test_result_base': None}
[0.259s] Level 5:colcon.colcon_core.verb:set package 'rtabmap_odom' build argument 'cmake_args' from command line to 'None'
[0.259s] Level 5:colcon.colcon_core.verb:set package 'rtabmap_odom' build argument 'cmake_target' from command line to 'None'
[0.259s] Level 5:colcon.colcon_core.verb:set package 'rtabmap_odom' build argument 'cmake_target_skip_unavailable' from command line to 'False'
[0.259s] Level 5:colcon.colcon_core.verb:set package 'rtabmap_odom' build argument 'cmake_clean_cache' from command line to 'False'
[0.259s] Level 5:colcon.colcon_core.verb:set package 'rtabmap_odom' build argument 'cmake_clean_first' from command line to 'False'
[0.259s] Level 5:colcon.colcon_core.verb:set package 'rtabmap_odom' build argument 'cmake_force_configure' from command line to 'False'
[0.259s] Level 5:colcon.colcon_core.verb:set package 'rtabmap_odom' build argument 'ament_cmake_args' from command line to 'None'
[0.259s] Level 5:colcon.colcon_core.verb:set package 'rtabmap_odom' build argument 'catkin_cmake_args' from command line to 'None'
[0.259s] Level 5:colcon.colcon_core.verb:set package 'rtabmap_odom' build argument 'catkin_skip_building_tests' from command line to 'False'
[0.259s] DEBUG:colcon.colcon_core.verb:Building package 'rtabmap_odom' with the following arguments: {'ament_cmake_args': None, 'build_base': '/home/brace/codeSpace/navi/build/rtabmap_odom', 'catkin_cmake_args': None, 'catkin_skip_building_tests': False, 'cmake_args': None, 'cmake_clean_cache': False, 'cmake_clean_first': False, 'cmake_force_configure': False, 'cmake_target': None, 'cmake_target_skip_unavailable': False, 'install_base': '/home/brace/codeSpace/navi/install/rtabmap_odom', 'merge_install': False, 'path': '/home/brace/codeSpace/navi/src/rtabmap_ros/rtabmap_odom', 'symlink_install': False, 'test_result_base': None}
[0.259s] Level 5:colcon.colcon_core.verb:set package 'rtabmap_slam' build argument 'cmake_args' from command line to 'None'
[0.259s] Level 5:colcon.colcon_core.verb:set package 'rtabmap_slam' build argument 'cmake_target' from command line to 'None'
[0.259s] Level 5:colcon.colcon_core.verb:set package 'rtabmap_slam' build argument 'cmake_target_skip_unavailable' from command line to 'False'
[0.259s] Level 5:colcon.colcon_core.verb:set package 'rtabmap_slam' build argument 'cmake_clean_cache' from command line to 'False'
[0.259s] Level 5:colcon.colcon_core.verb:set package 'rtabmap_slam' build argument 'cmake_clean_first' from command line to 'False'
[0.259s] Level 5:colcon.colcon_core.verb:set package 'rtabmap_slam' build argument 'cmake_force_configure' from command line to 'False'
[0.259s] Level 5:colcon.colcon_core.verb:set package 'rtabmap_slam' build argument 'ament_cmake_args' from command line to 'None'
[0.259s] Level 5:colcon.colcon_core.verb:set package 'rtabmap_slam' build argument 'catkin_cmake_args' from command line to 'None'
[0.259s] Level 5:colcon.colcon_core.verb:set package 'rtabmap_slam' build argument 'catkin_skip_building_tests' from command line to 'False'
[0.259s] DEBUG:colcon.colcon_core.verb:Building package 'rtabmap_slam' with the following arguments: {'ament_cmake_args': None, 'build_base': '/home/brace/codeSpace/navi/build/rtabmap_slam', 'catkin_cmake_args': None, 'catkin_skip_building_tests': False, 'cmake_args': None, 'cmake_clean_cache': False, 'cmake_clean_first': False, 'cmake_force_configure': False, 'cmake_target': None, 'cmake_target_skip_unavailable': False, 'install_base': '/home/brace/codeSpace/navi/install/rtabmap_slam', 'merge_install': False, 'path': '/home/brace/codeSpace/navi/src/rtabmap_ros/rtabmap_slam', 'symlink_install': False, 'test_result_base': None}
[0.259s] Level 5:colcon.colcon_core.verb:set package 'rtabmap_viz' build argument 'cmake_args' from command line to 'None'
[0.259s] Level 5:colcon.colcon_core.verb:set package 'rtabmap_viz' build argument 'cmake_target' from command line to 'None'
[0.259s] Level 5:colcon.colcon_core.verb:set package 'rtabmap_viz' build argument 'cmake_target_skip_unavailable' from command line to 'False'
[0.259s] Level 5:colcon.colcon_core.verb:set package 'rtabmap_viz' build argument 'cmake_clean_cache' from command line to 'False'
[0.259s] Level 5:colcon.colcon_core.verb:set package 'rtabmap_viz' build argument 'cmake_clean_first' from command line to 'False'
[0.259s] Level 5:colcon.colcon_core.verb:set package 'rtabmap_viz' build argument 'cmake_force_configure' from command line to 'False'
[0.259s] Level 5:colcon.colcon_core.verb:set package 'rtabmap_viz' build argument 'ament_cmake_args' from command line to 'None'
[0.259s] Level 5:colcon.colcon_core.verb:set package 'rtabmap_viz' build argument 'catkin_cmake_args' from command line to 'None'
[0.259s] Level 5:colcon.colcon_core.verb:set package 'rtabmap_viz' build argument 'catkin_skip_building_tests' from command line to 'False'
[0.259s] DEBUG:colcon.colcon_core.verb:Building package 'rtabmap_viz' with the following arguments: {'ament_cmake_args': None, 'build_base': '/home/brace/codeSpace/navi/build/rtabmap_viz', 'catkin_cmake_args': None, 'catkin_skip_building_tests': False, 'cmake_args': None, 'cmake_clean_cache': False, 'cmake_clean_first': False, 'cmake_force_configure': False, 'cmake_target': None, 'cmake_target_skip_unavailable': False, 'install_base': '/home/brace/codeSpace/navi/install/rtabmap_viz', 'merge_install': False, 'path': '/home/brace/codeSpace/navi/src/rtabmap_ros/rtabmap_viz', 'symlink_install': False, 'test_result_base': None}
[0.259s] Level 5:colcon.colcon_core.verb:set package 'rtabmap_demos' build argument 'cmake_args' from command line to 'None'
[0.260s] Level 5:colcon.colcon_core.verb:set package 'rtabmap_demos' build argument 'cmake_target' from command line to 'None'
[0.260s] Level 5:colcon.colcon_core.verb:set package 'rtabmap_demos' build argument 'cmake_target_skip_unavailable' from command line to 'False'
[0.260s] Level 5:colcon.colcon_core.verb:set package 'rtabmap_demos' build argument 'cmake_clean_cache' from command line to 'False'
[0.260s] Level 5:colcon.colcon_core.verb:set package 'rtabmap_demos' build argument 'cmake_clean_first' from command line to 'False'
[0.260s] Level 5:colcon.colcon_core.verb:set package 'rtabmap_demos' build argument 'cmake_force_configure' from command line to 'False'
[0.260s] Level 5:colcon.colcon_core.verb:set package 'rtabmap_demos' build argument 'ament_cmake_args' from command line to 'None'
[0.260s] Level 5:colcon.colcon_core.verb:set package 'rtabmap_demos' build argument 'catkin_cmake_args' from command line to 'None'
[0.260s] Level 5:colcon.colcon_core.verb:set package 'rtabmap_demos' build argument 'catkin_skip_building_tests' from command line to 'False'
[0.260s] DEBUG:colcon.colcon_core.verb:Building package 'rtabmap_demos' with the following arguments: {'ament_cmake_args': None, 'build_base': '/home/brace/codeSpace/navi/build/rtabmap_demos', 'catkin_cmake_args': None, 'catkin_skip_building_tests': False, 'cmake_args': None, 'cmake_clean_cache': False, 'cmake_clean_first': False, 'cmake_force_configure': False, 'cmake_target': None, 'cmake_target_skip_unavailable': False, 'install_base': '/home/brace/codeSpace/navi/install/rtabmap_demos', 'merge_install': False, 'path': '/home/brace/codeSpace/navi/src/rtabmap_ros/rtabmap_demos', 'symlink_install': False, 'test_result_base': None}
[0.260s] Level 5:colcon.colcon_core.verb:set package 'rtabmap_examples' build argument 'cmake_args' from command line to 'None'
[0.260s] Level 5:colcon.colcon_core.verb:set package 'rtabmap_examples' build argument 'cmake_target' from command line to 'None'
[0.260s] Level 5:colcon.colcon_core.verb:set package 'rtabmap_examples' build argument 'cmake_target_skip_unavailable' from command line to 'False'
[0.260s] Level 5:colcon.colcon_core.verb:set package 'rtabmap_examples' build argument 'cmake_clean_cache' from command line to 'False'
[0.260s] Level 5:colcon.colcon_core.verb:set package 'rtabmap_examples' build argument 'cmake_clean_first' from command line to 'False'
[0.260s] Level 5:colcon.colcon_core.verb:set package 'rtabmap_examples' build argument 'cmake_force_configure' from command line to 'False'
[0.260s] Level 5:colcon.colcon_core.verb:set package 'rtabmap_examples' build argument 'ament_cmake_args' from command line to 'None'
[0.260s] Level 5:colcon.colcon_core.verb:set package 'rtabmap_examples' build argument 'catkin_cmake_args' from command line to 'None'
[0.260s] Level 5:colcon.colcon_core.verb:set package 'rtabmap_examples' build argument 'catkin_skip_building_tests' from command line to 'False'
[0.260s] DEBUG:colcon.colcon_core.verb:Building package 'rtabmap_examples' with the following arguments: {'ament_cmake_args': None, 'build_base': '/home/brace/codeSpace/navi/build/rtabmap_examples', 'catkin_cmake_args': None, 'catkin_skip_building_tests': False, 'cmake_args': None, 'cmake_clean_cache': False, 'cmake_clean_first': False, 'cmake_force_configure': False, 'cmake_target': None, 'cmake_target_skip_unavailable': False, 'install_base': '/home/brace/codeSpace/navi/install/rtabmap_examples', 'merge_install': False, 'path': '/home/brace/codeSpace/navi/src/rtabmap_ros/rtabmap_examples', 'symlink_install': False, 'test_result_base': None}
[0.260s] Level 5:colcon.colcon_core.verb:set package 'rtabmap_launch' build argument 'cmake_args' from command line to 'None'
[0.260s] Level 5:colcon.colcon_core.verb:set package 'rtabmap_launch' build argument 'cmake_target' from command line to 'None'
[0.260s] Level 5:colcon.colcon_core.verb:set package 'rtabmap_launch' build argument 'cmake_target_skip_unavailable' from command line to 'False'
[0.260s] Level 5:colcon.colcon_core.verb:set package 'rtabmap_launch' build argument 'cmake_clean_cache' from command line to 'False'
[0.260s] Level 5:colcon.colcon_core.verb:set package 'rtabmap_launch' build argument 'cmake_clean_first' from command line to 'False'
[0.260s] Level 5:colcon.colcon_core.verb:set package 'rtabmap_launch' build argument 'cmake_force_configure' from command line to 'False'
[0.260s] Level 5:colcon.colcon_core.verb:set package 'rtabmap_launch' build argument 'ament_cmake_args' from command line to 'None'
[0.260s] Level 5:colcon.colcon_core.verb:set package 'rtabmap_launch' build argument 'catkin_cmake_args' from command line to 'None'
[0.260s] Level 5:colcon.colcon_core.verb:set package 'rtabmap_launch' build argument 'catkin_skip_building_tests' from command line to 'False'
[0.260s] DEBUG:colcon.colcon_core.verb:Building package 'rtabmap_launch' with the following arguments: {'ament_cmake_args': None, 'build_base': '/home/brace/codeSpace/navi/build/rtabmap_launch', 'catkin_cmake_args': None, 'catkin_skip_building_tests': False, 'cmake_args': None, 'cmake_clean_cache': False, 'cmake_clean_first': False, 'cmake_force_configure': False, 'cmake_target': None, 'cmake_target_skip_unavailable': False, 'install_base': '/home/brace/codeSpace/navi/install/rtabmap_launch', 'merge_install': False, 'path': '/home/brace/codeSpace/navi/src/rtabmap_ros/rtabmap_launch', 'symlink_install': False, 'test_result_base': None}
[0.260s] Level 5:colcon.colcon_core.verb:set package 'rtabmap_ros' build argument 'cmake_args' from command line to 'None'
[0.260s] Level 5:colcon.colcon_core.verb:set package 'rtabmap_ros' build argument 'cmake_target' from command line to 'None'
[0.260s] Level 5:colcon.colcon_core.verb:set package 'rtabmap_ros' build argument 'cmake_target_skip_unavailable' from command line to 'False'
[0.260s] Level 5:colcon.colcon_core.verb:set package 'rtabmap_ros' build argument 'cmake_clean_cache' from command line to 'False'
[0.260s] Level 5:colcon.colcon_core.verb:set package 'rtabmap_ros' build argument 'cmake_clean_first' from command line to 'False'
[0.260s] Level 5:colcon.colcon_core.verb:set package 'rtabmap_ros' build argument 'cmake_force_configure' from command line to 'False'
[0.260s] Level 5:colcon.colcon_core.verb:set package 'rtabmap_ros' build argument 'ament_cmake_args' from command line to 'None'
[0.261s] Level 5:colcon.colcon_core.verb:set package 'rtabmap_ros' build argument 'catkin_cmake_args' from command line to 'None'
[0.261s] Level 5:colcon.colcon_core.verb:set package 'rtabmap_ros' build argument 'catkin_skip_building_tests' from command line to 'False'
[0.261s] DEBUG:colcon.colcon_core.verb:Building package 'rtabmap_ros' with the following arguments: {'ament_cmake_args': None, 'build_base': '/home/brace/codeSpace/navi/build/rtabmap_ros', 'catkin_cmake_args': None, 'catkin_skip_building_tests': False, 'cmake_args': None, 'cmake_clean_cache': False, 'cmake_clean_first': False, 'cmake_force_configure': False, 'cmake_target': None, 'cmake_target_skip_unavailable': False, 'install_base': '/home/brace/codeSpace/navi/install/rtabmap_ros', 'merge_install': False, 'path': '/home/brace/codeSpace/navi/src/rtabmap_ros/rtabmap_ros', 'symlink_install': False, 'test_result_base': None}
[0.261s] INFO:colcon.colcon_core.executor:Executing jobs using 'parallel' executor
[0.261s] DEBUG:colcon.colcon_parallel_executor.executor.parallel:run_until_complete
[0.262s] INFO:colcon.colcon_ros.task.cmake.build:Building ROS package in '/home/brace/codeSpace/navi/src/rtabmap' with build type 'cmake'
[0.262s] INFO:colcon.colcon_cmake.task.cmake.build:Building CMake package in '/home/brace/codeSpace/navi/src/rtabmap'
[0.263s] INFO:colcon.colcon_core.plugin_system:Skipping extension 'colcon_core.shell.bat': Not used on non-Windows systems
[0.263s] INFO:colcon.colcon_core.shell:Skip shell extension 'powershell' for command environment: Not usable outside of PowerShell
[0.264s] DEBUG:colcon.colcon_core.shell:Skip shell extension 'dsv' for command environment
[0.265s] INFO:colcon.colcon_ros.task.ament_cmake.build:Building ROS package in '/home/brace/codeSpace/navi/src/rtabmap_ros/rtabmap_msgs' with build type 'ament_cmake'
[0.266s] INFO:colcon.colcon_cmake.task.cmake.build:Building CMake package in '/home/brace/codeSpace/navi/src/rtabmap_ros/rtabmap_msgs'
[0.266s] INFO:colcon.colcon_core.shell:Skip shell extension 'powershell' for command environment: Not usable outside of PowerShell
[0.266s] DEBUG:colcon.colcon_core.shell:Skip shell extension 'dsv' for command environment
[0.268s] INFO:colcon.colcon_ros.task.ament_python.build:Building ROS package in '/home/brace/codeSpace/navi/src/rtabmap_ros/rtabmap_python' with build type 'ament_python'
[0.268s] Level 1:colcon.colcon_core.shell:create_environment_hook('rtabmap_python', 'ament_prefix_path')
[0.268s] INFO:colcon.colcon_core.shell:Creating environment hook '/home/brace/codeSpace/navi/install/rtabmap_python/share/rtabmap_python/hook/ament_prefix_path.ps1'
[0.268s] INFO:colcon.colcon_core.shell:Creating environment descriptor '/home/brace/codeSpace/navi/install/rtabmap_python/share/rtabmap_python/hook/ament_prefix_path.dsv'
[0.269s] INFO:colcon.colcon_core.shell:Creating environment hook '/home/brace/codeSpace/navi/install/rtabmap_python/share/rtabmap_python/hook/ament_prefix_path.sh'
[0.269s] INFO:colcon.colcon_core.shell:Skip shell extension 'powershell' for command environment: Not usable outside of PowerShell
[0.269s] DEBUG:colcon.colcon_core.shell:Skip shell extension 'dsv' for command environment
[0.271s] INFO:colcon.colcon_ros.task.ament_cmake.build:Building ROS package in '/home/brace/codeSpace/navi/src/realsense-ros/realsense2_description' with build type 'ament_cmake'
[0.271s] INFO:colcon.colcon_cmake.task.cmake.build:Building CMake package in '/home/brace/codeSpace/navi/src/realsense-ros/realsense2_description'
[0.271s] INFO:colcon.colcon_core.shell:Skip shell extension 'powershell' for command environment: Not usable outside of PowerShell
[0.271s] DEBUG:colcon.colcon_core.shell:Skip shell extension 'dsv' for command environment
[0.273s] INFO:colcon.colcon_ros.task.ament_python.build:Building ROS package in '/home/brace/codeSpace/navi/src/realsense-ros/realsense2_ros_mqtt_bridge' with build type 'ament_python'
[0.273s] Level 1:colcon.colcon_core.shell:create_environment_hook('realsense2_ros_mqtt_bridge', 'ament_prefix_path')
[0.273s] INFO:colcon.colcon_core.shell:Creating environment hook '/home/brace/codeSpace/navi/install/realsense2_ros_mqtt_bridge/share/realsense2_ros_mqtt_bridge/hook/ament_prefix_path.ps1'
[0.273s] INFO:colcon.colcon_core.shell:Creating environment descriptor '/home/brace/codeSpace/navi/install/realsense2_ros_mqtt_bridge/share/realsense2_ros_mqtt_bridge/hook/ament_prefix_path.dsv'
[0.274s] INFO:colcon.colcon_core.shell:Creating environment hook '/home/brace/codeSpace/navi/install/realsense2_ros_mqtt_bridge/share/realsense2_ros_mqtt_bridge/hook/ament_prefix_path.sh'
[0.274s] INFO:colcon.colcon_core.shell:Skip shell extension 'powershell' for command environment: Not usable outside of PowerShell
[0.274s] DEBUG:colcon.colcon_core.shell:Skip shell extension 'dsv' for command environment
[0.276s] INFO:colcon.colcon_ros.task.ament_cmake.build:Building ROS package in '/home/brace/codeSpace/navi/src/realsense-ros/realsense2_rgbd_plugin' with build type 'ament_cmake'
[0.276s] INFO:colcon.colcon_cmake.task.cmake.build:Building CMake package in '/home/brace/codeSpace/navi/src/realsense-ros/realsense2_rgbd_plugin'
[0.276s] INFO:colcon.colcon_core.shell:Skip shell extension 'powershell' for command environment: Not usable outside of PowerShell
[0.276s] DEBUG:colcon.colcon_core.shell:Skip shell extension 'dsv' for command environment
[0.283s] DEBUG:colcon.colcon_core.event_handler.log_command:Invoking command in '/home/brace/codeSpace/navi/build/rtabmap': CMAKE_PREFIX_PATH=/opt/ros/humble /usr/bin/cmake --build /home/brace/codeSpace/navi/build/rtabmap -- -j16 -l16
[0.285s] DEBUG:colcon.colcon_core.event_handler.log_command:Invoking command in '/home/brace/codeSpace/navi/build/rtabmap_msgs': CMAKE_PREFIX_PATH=/opt/ros/humble /usr/bin/cmake --build /home/brace/codeSpace/navi/build/rtabmap_msgs -- -j16 -l16
[0.467s] INFO:colcon.colcon_core.task.python.build:Building Python package in '/home/brace/codeSpace/navi/src/rtabmap_ros/rtabmap_python'
[0.467s] INFO:colcon.colcon_core.shell:Skip shell extension 'powershell' for command environment: Not usable outside of PowerShell
[0.467s] DEBUG:colcon.colcon_core.shell:Skip shell extension 'dsv' for command environment
[0.473s] DEBUG:colcon.colcon_core.event_handler.log_command:Invoking command in '/home/brace/codeSpace/navi/build/realsense2_description': CMAKE_PREFIX_PATH=/opt/ros/humble /usr/bin/cmake --build /home/brace/codeSpace/navi/build/realsense2_description -- -j16 -l16
[0.665s] INFO:colcon.colcon_core.task.python.build:Building Python package in '/home/brace/codeSpace/navi/src/realsense-ros/realsense2_ros_mqtt_bridge'
[0.666s] INFO:colcon.colcon_core.shell:Skip shell extension 'powershell' for command environment: Not usable outside of PowerShell
[0.666s] DEBUG:colcon.colcon_core.shell:Skip shell extension 'dsv' for command environment
[0.679s] DEBUG:colcon.colcon_core.event_handler.log_command:Invoked command in '/home/brace/codeSpace/navi/build/rtabmap_msgs' returned '0': CMAKE_PREFIX_PATH=/opt/ros/humble /usr/bin/cmake --build /home/brace/codeSpace/navi/build/rtabmap_msgs -- -j16 -l16
[0.682s] DEBUG:colcon.colcon_core.event_handler.log_command:Invoking command in '/home/brace/codeSpace/navi/build/rtabmap_msgs': CMAKE_PREFIX_PATH=/opt/ros/humble /usr/bin/cmake --install /home/brace/codeSpace/navi/build/rtabmap_msgs
[0.684s] DEBUG:colcon.colcon_core.event_handler.log_command:Invoking command in '/home/brace/codeSpace/navi/build/realsense2_rviz_plugin': CMAKE_PREFIX_PATH=/opt/ros/humble /usr/bin/cmake --build /home/brace/codeSpace/navi/build/realsense2_rviz_plugin -- -j16 -l16
[0.684s] DEBUG:colcon.colcon_core.event_handler.log_command:Invoked command in '/home/brace/codeSpace/navi/build/realsense2_description' returned '0': CMAKE_PREFIX_PATH=/opt/ros/humble /usr/bin/cmake --build /home/brace/codeSpace/navi/build/realsense2_description -- -j16 -l16
[0.685s] DEBUG:colcon.colcon_core.event_handler.log_command:Invoking command in '/home/brace/codeSpace/navi/build/realsense2_description': CMAKE_PREFIX_PATH=/opt/ros/humble /usr/bin/cmake --install /home/brace/codeSpace/navi/build/realsense2_description
[0.700s] Level 1:colcon.colcon_core.environment:create_environment_scripts_only(realsense2_description)
[0.708s] DEBUG:colcon.colcon_core.event_handler.log_command:Invoked command in '/home/brace/codeSpace/navi/build/realsense2_description' returned '0': CMAKE_PREFIX_PATH=/opt/ros/humble /usr/bin/cmake --install /home/brace/codeSpace/navi/build/realsense2_description
[0.717s] Level 1:colcon.colcon_core.environment:checking '/home/brace/codeSpace/navi/install/realsense2_description' for CMake module files
[0.718s] Level 1:colcon.colcon_core.environment:checking '/home/brace/codeSpace/navi/install/realsense2_description' for CMake config files
[0.719s] Level 1:colcon.colcon_core.shell:create_environment_hook('realsense2_description', 'cmake_prefix_path')
[0.720s] INFO:colcon.colcon_core.shell:Creating environment hook '/home/brace/codeSpace/navi/install/realsense2_description/share/realsense2_description/hook/cmake_prefix_path.ps1'
[0.720s] INFO:colcon.colcon_core.shell:Creating environment descriptor '/home/brace/codeSpace/navi/install/realsense2_description/share/realsense2_description/hook/cmake_prefix_path.dsv'
[0.720s] INFO:colcon.colcon_core.shell:Creating environment hook '/home/brace/codeSpace/navi/install/realsense2_description/share/realsense2_description/hook/cmake_prefix_path.sh'
[0.721s] Level 1:colcon.colcon_core.environment:checking '/home/brace/codeSpace/navi/install/realsense2_description/bin'
[0.721s] Level 1:colcon.colcon_core.environment:checking '/home/brace/codeSpace/navi/install/realsense2_description/lib/pkgconfig/realsense2_description.pc'
[0.721s] Level 1:colcon.colcon_core.environment:checking '/home/brace/codeSpace/navi/install/realsense2_description/lib/python3.10/site-packages'
[0.722s] Level 1:colcon.colcon_core.environment:checking '/home/brace/codeSpace/navi/install/realsense2_description/bin'
[0.724s] INFO:colcon.colcon_core.shell:Creating package script '/home/brace/codeSpace/navi/install/realsense2_description/share/realsense2_description/package.ps1'
[0.725s] INFO:colcon.colcon_core.shell:Creating package descriptor '/home/brace/codeSpace/navi/install/realsense2_description/share/realsense2_description/package.dsv'
[0.729s] INFO:colcon.colcon_core.shell:Creating package script '/home/brace/codeSpace/navi/install/realsense2_description/share/realsense2_description/package.sh'
[0.731s] INFO:colcon.colcon_core.shell:Creating package script '/home/brace/codeSpace/navi/install/realsense2_description/share/realsense2_description/package.bash'
[0.734s] INFO:colcon.colcon_core.shell:Creating package script '/home/brace/codeSpace/navi/install/realsense2_description/share/realsense2_description/package.zsh'
[0.735s] Level 1:colcon.colcon_core.environment:create_file_with_runtime_dependencies(/home/brace/codeSpace/navi/install/realsense2_description/share/colcon-core/packages/realsense2_description)
[0.739s] Level 1:colcon.colcon_core.environment:create_environment_scripts_only(realsense2_description)
[0.739s] Level 1:colcon.colcon_core.environment:checking '/home/brace/codeSpace/navi/install/realsense2_description' for CMake module files
[0.751s] Level 1:colcon.colcon_core.environment:checking '/home/brace/codeSpace/navi/install/realsense2_description' for CMake config files
[0.756s] Level 1:colcon.colcon_core.shell:create_environment_hook('realsense2_description', 'cmake_prefix_path')
[0.756s] INFO:colcon.colcon_core.shell:Creating environment hook '/home/brace/codeSpace/navi/install/realsense2_description/share/realsense2_description/hook/cmake_prefix_path.ps1'
[0.757s] INFO:colcon.colcon_core.shell:Creating environment descriptor '/home/brace/codeSpace/navi/install/realsense2_description/share/realsense2_description/hook/cmake_prefix_path.dsv'
[0.757s] INFO:colcon.colcon_core.shell:Creating environment hook '/home/brace/codeSpace/navi/install/realsense2_description/share/realsense2_description/hook/cmake_prefix_path.sh'
[0.757s] Level 1:colcon.colcon_core.environment:checking '/home/brace/codeSpace/navi/install/realsense2_description/bin'
[0.757s] Level 1:colcon.colcon_core.environment:checking '/home/brace/codeSpace/navi/install/realsense2_description/lib/pkgconfig/realsense2_description.pc'
[0.758s] Level 1:colcon.colcon_core.environment:checking '/home/brace/codeSpace/navi/install/realsense2_description/lib/python3.10/site-packages'
[0.758s] Level 1:colcon.colcon_core.environment:checking '/home/brace/codeSpace/navi/install/realsense2_description/bin'
[0.758s] INFO:colcon.colcon_core.shell:Creating package script '/home/brace/codeSpace/navi/install/realsense2_description/share/realsense2_description/package.ps1'
[0.759s] INFO:colcon.colcon_core.shell:Creating package descriptor '/home/brace/codeSpace/navi/install/realsense2_description/share/realsense2_description/package.dsv'
[0.759s] INFO:colcon.colcon_core.shell:Creating package script '/home/brace/codeSpace/navi/install/realsense2_description/share/realsense2_description/package.sh'
[0.759s] INFO:colcon.colcon_core.shell:Creating package script '/home/brace/codeSpace/navi/install/realsense2_description/share/realsense2_description/package.bash'
[0.760s] INFO:colcon.colcon_core.shell:Creating package script '/home/brace/codeSpace/navi/install/realsense2_description/share/realsense2_description/package.zsh'
[0.760s] Level 1:colcon.colcon_core.environment:create_file_with_runtime_dependencies(/home/brace/codeSpace/navi/install/realsense2_description/share/colcon-core/packages/realsense2_description)
[0.764s] DEBUG:colcon.colcon_core.event_handler.log_command:Invoked command in '/home/brace/codeSpace/navi/build/realsense2_rviz_plugin' returned '0': CMAKE_PREFIX_PATH=/opt/ros/humble /usr/bin/cmake --build /home/brace/codeSpace/navi/build/realsense2_rviz_plugin -- -j16 -l16
[0.764s] DEBUG:colcon.colcon_core.event_handler.log_command:Invoking command in '/home/brace/codeSpace/navi/build/realsense2_rviz_plugin': CMAKE_PREFIX_PATH=/opt/ros/humble /usr/bin/cmake --install /home/brace/codeSpace/navi/build/realsense2_rviz_plugin
[0.764s] DEBUG:colcon.colcon_core.event_handler.log_command:Invoked command in '/home/brace/codeSpace/navi/build/rtabmap' returned '0': CMAKE_PREFIX_PATH=/opt/ros/humble /usr/bin/cmake --build /home/brace/codeSpace/navi/build/rtabmap -- -j16 -l16
[0.766s] DEBUG:colcon.colcon_core.event_handler.log_command:Invoking command in '/home/brace/codeSpace/navi/build/rtabmap': CMAKE_PREFIX_PATH=/opt/ros/humble /usr/bin/cmake --install /home/brace/codeSpace/navi/build/rtabmap
[0.774s] Level 1:colcon.colcon_core.environment:create_environment_scripts_only(realsense2_rviz_plugin)
[0.775s] Level 1:colcon.colcon_core.environment:checking '/home/brace/codeSpace/navi/install/realsense2_rviz_plugin' for CMake module files
[0.776s] DEBUG:colcon.colcon_core.event_handler.log_command:Invoked command in '/home/brace/codeSpace/navi/build/realsense2_rviz_plugin' returned '0': CMAKE_PREFIX_PATH=/opt/ros/humble /usr/bin/cmake --install /home/brace/codeSpace/navi/build/realsense2_rviz_plugin
[0.776s] Level 1:colcon.colcon_core.environment:checking '/home/brace/codeSpace/navi/install/realsense2_rviz_plugin' for CMake config files
[0.776s] Level 1:colcon.colcon_core.shell:create_environment_hook('realsense2_rviz_plugin', 'cmake_prefix_path')
[0.776s] INFO:colcon.colcon_core.shell:Creating environment hook '/home/brace/codeSpace/navi/install/realsense2_rviz_plugin/share/realsense2_rviz_plugin/hook/cmake_prefix_path.ps1'
[0.778s] INFO:colcon.colcon_core.shell:Creating environment descriptor '/home/brace/codeSpace/navi/install/realsense2_rviz_plugin/share/realsense2_rviz_plugin/hook/cmake_prefix_path.dsv'
[0.779s] INFO:colcon.colcon_core.shell:Creating environment hook '/home/brace/codeSpace/navi/install/realsense2_rviz_plugin/share/realsense2_rviz_plugin/hook/cmake_prefix_path.sh'
[0.780s] Level 1:colcon.colcon_core.environment:checking '/home/brace/codeSpace/navi/install/realsense2_rviz_plugin/bin'
[0.780s] Level 1:colcon.colcon_core.environment:checking '/home/brace/codeSpace/navi/install/realsense2_rviz_plugin/lib/pkgconfig/realsense2_rviz_plugin.pc'
[0.780s] Level 1:colcon.colcon_core.environment:checking '/home/brace/codeSpace/navi/install/realsense2_rviz_plugin/lib/python3.10/site-packages'
[0.780s] Level 1:colcon.colcon_core.environment:checking '/home/brace/codeSpace/navi/install/realsense2_rviz_plugin/bin'
[0.780s] INFO:colcon.colcon_core.shell:Creating package script '/home/brace/codeSpace/navi/install/realsense2_rviz_plugin/share/realsense2_rviz_plugin/package.ps1'
[0.781s] INFO:colcon.colcon_core.shell:Creating package descriptor '/home/brace/codeSpace/navi/install/realsense2_rviz_plugin/share/realsense2_rviz_plugin/package.dsv'
[0.782s] INFO:colcon.colcon_core.shell:Creating package script '/home/brace/codeSpace/navi/install/realsense2_rviz_plugin/share/realsense2_rviz_plugin/package.sh'
[0.783s] INFO:colcon.colcon_core.shell:Creating package script '/home/brace/codeSpace/navi/install/realsense2_rviz_plugin/share/realsense2_rviz_plugin/package.bash'
[0.783s] INFO:colcon.colcon_core.shell:Creating package script '/home/brace/codeSpace/navi/install/realsense2_rviz_plugin/share/realsense2_rviz_plugin/package.zsh'
[0.783s] Level 1:colcon.colcon_core.environment:create_file_with_runtime_dependencies(/home/brace/codeSpace/navi/install/realsense2_rviz_plugin/share/colcon-core/packages/realsense2_rviz_plugin)
[0.784s] Level 1:colcon.colcon_core.environment:create_environment_scripts_only(realsense2_rviz_plugin)
[0.785s] Level 1:colcon.colcon_core.environment:checking '/home/brace/codeSpace/navi/install/realsense2_rviz_plugin' for CMake module files
[0.791s] Level 1:colcon.colcon_core.environment:checking '/home/brace/codeSpace/navi/install/realsense2_rviz_plugin' for CMake config files
[0.795s] Level 1:colcon.colcon_core.shell:create_environment_hook('realsense2_rviz_plugin', 'cmake_prefix_path')
[0.795s] INFO:colcon.colcon_core.shell:Creating environment hook '/home/brace/codeSpace/navi/install/realsense2_rviz_plugin/share/realsense2_rviz_plugin/hook/cmake_prefix_path.ps1'
[0.796s] INFO:colcon.colcon_core.shell:Creating environment descriptor '/home/brace/codeSpace/navi/install/realsense2_rviz_plugin/share/realsense2_rviz_plugin/hook/cmake_prefix_path.dsv'
[0.797s] INFO:colcon.colcon_core.shell:Creating environment hook '/home/brace/codeSpace/navi/install/realsense2_rviz_plugin/share/realsense2_rviz_plugin/hook/cmake_prefix_path.sh'
[0.798s] Level 1:colcon.colcon_core.environment:checking '/home/brace/codeSpace/navi/install/realsense2_rviz_plugin/bin'
[0.799s] Level 1:colcon.colcon_core.environment:checking '/home/brace/codeSpace/navi/install/realsense2_rviz_plugin/lib/pkgconfig/realsense2_rviz_plugin.pc'
[0.799s] Level 1:colcon.colcon_core.environment:checking '/home/brace/codeSpace/navi/install/realsense2_rviz_plugin/lib/python3.10/site-packages'
[0.799s] Level 1:colcon.colcon_core.environment:checking '/home/brace/codeSpace/navi/install/realsense2_rviz_plugin/bin'
[0.800s] INFO:colcon.colcon_core.shell:Creating package script '/home/brace/codeSpace/navi/install/realsense2_rviz_plugin/share/realsense2_rviz_plugin/package.ps1'
[0.806s] INFO:colcon.colcon_core.shell:Creating package descriptor '/home/brace/codeSpace/navi/install/realsense2_rviz_plugin/share/realsense2_rviz_plugin/package.dsv'
[0.809s] INFO:colcon.colcon_core.shell:Creating package script '/home/brace/codeSpace/navi/install/realsense2_rviz_plugin/share/realsense2_rviz_plugin/package.sh'
[0.811s] INFO:colcon.colcon_core.shell:Creating package script '/home/brace/codeSpace/navi/install/realsense2_rviz_plugin/share/realsense2_rviz_plugin/package.bash'
[0.811s] INFO:colcon.colcon_core.shell:Creating package script '/home/brace/codeSpace/navi/install/realsense2_rviz_plugin/share/realsense2_rviz_plugin/package.zsh'
[0.812s] Level 1:colcon.colcon_core.environment:create_file_with_runtime_dependencies(/home/brace/codeSpace/navi/install/realsense2_rviz_plugin/share/colcon-core/packages/realsense2_rviz_plugin)
[0.815s] DEBUG:colcon.colcon_core.event_handler.log_command:Invoked command in '/home/brace/codeSpace/navi/build/rtabmap' returned '0': CMAKE_PREFIX_PATH=/opt/ros/humble /usr/bin/cmake --install /home/brace/codeSpace/navi/build/rtabmap
[0.816s] Level 1:colcon.colcon_core.shell:create_environment_hook('rtabmap', 'pkg_config_path')
[0.816s] INFO:colcon.colcon_core.shell:Creating environment hook '/home/brace/codeSpace/navi/install/rtabmap/share/rtabmap/hook/pkg_config_path.ps1'
[0.817s] INFO:colcon.colcon_core.shell:Creating environment descriptor '/home/brace/codeSpace/navi/install/rtabmap/share/rtabmap/hook/pkg_config_path.dsv'
[0.817s] INFO:colcon.colcon_core.shell:Creating environment hook '/home/brace/codeSpace/navi/install/rtabmap/share/rtabmap/hook/pkg_config_path.sh'
[0.819s] Level 1:colcon.colcon_core.shell:create_environment_hook('rtabmap', 'pkg_config_path_multiarch')
[0.819s] INFO:colcon.colcon_core.shell:Creating environment hook '/home/brace/codeSpace/navi/install/rtabmap/share/rtabmap/hook/pkg_config_path_multiarch.ps1'
[0.822s] INFO:colcon.colcon_core.shell:Creating environment descriptor '/home/brace/codeSpace/navi/install/rtabmap/share/rtabmap/hook/pkg_config_path_multiarch.dsv'
[0.823s] INFO:colcon.colcon_core.shell:Creating environment hook '/home/brace/codeSpace/navi/install/rtabmap/share/rtabmap/hook/pkg_config_path_multiarch.sh'
[0.824s] Level 1:colcon.colcon_core.environment:create_environment_scripts_only(rtabmap)
[0.824s] Level 1:colcon.colcon_core.environment:checking '/home/brace/codeSpace/navi/install/rtabmap' for CMake module files
[0.825s] Level 1:colcon.colcon_core.environment:checking '/home/brace/codeSpace/navi/install/rtabmap' for CMake config files
[0.826s] Level 1:colcon.colcon_core.shell:create_environment_hook('rtabmap', 'cmake_prefix_path')
[0.826s] INFO:colcon.colcon_core.shell:Creating environment hook '/home/brace/codeSpace/navi/install/rtabmap/share/rtabmap/hook/cmake_prefix_path.ps1'
[0.827s] INFO:colcon.colcon_core.shell:Creating environment descriptor '/home/brace/codeSpace/navi/install/rtabmap/share/rtabmap/hook/cmake_prefix_path.dsv'
[0.827s] INFO:colcon.colcon_core.shell:Creating environment hook '/home/brace/codeSpace/navi/install/rtabmap/share/rtabmap/hook/cmake_prefix_path.sh'
[0.828s] Level 1:colcon.colcon_core.environment:checking '/home/brace/codeSpace/navi/install/rtabmap/lib'
[0.829s] Level 1:colcon.colcon_core.shell:create_environment_hook('rtabmap', 'ld_library_path_lib')
[0.829s] INFO:colcon.colcon_core.shell:Creating environment hook '/home/brace/codeSpace/navi/install/rtabmap/share/rtabmap/hook/ld_library_path_lib.ps1'
[0.829s] INFO:colcon.colcon_core.shell:Creating environment descriptor '/home/brace/codeSpace/navi/install/rtabmap/share/rtabmap/hook/ld_library_path_lib.dsv'
[0.830s] INFO:colcon.colcon_core.shell:Creating environment hook '/home/brace/codeSpace/navi/install/rtabmap/share/rtabmap/hook/ld_library_path_lib.sh'
[0.830s] Level 1:colcon.colcon_core.environment:checking '/home/brace/codeSpace/navi/install/rtabmap/bin'
[0.830s] Level 1:colcon.colcon_core.shell:create_environment_hook('rtabmap', 'path')
[0.830s] INFO:colcon.colcon_core.shell:Creating environment hook '/home/brace/codeSpace/navi/install/rtabmap/share/rtabmap/hook/path.ps1'
[0.830s] INFO:colcon.colcon_core.shell:Creating environment descriptor '/home/brace/codeSpace/navi/install/rtabmap/share/rtabmap/hook/path.dsv'
[0.831s] INFO:colcon.colcon_core.shell:Creating environment hook '/home/brace/codeSpace/navi/install/rtabmap/share/rtabmap/hook/path.sh'
[0.831s] Level 1:colcon.colcon_core.environment:checking '/home/brace/codeSpace/navi/install/rtabmap/lib/pkgconfig/rtabmap.pc'
[0.831s] Level 1:colcon.colcon_core.environment:checking '/home/brace/codeSpace/navi/install/rtabmap/lib/python3.10/site-packages'
[0.831s] Level 1:colcon.colcon_core.environment:checking '/home/brace/codeSpace/navi/install/rtabmap/bin'
[0.831s] Level 1:colcon.colcon_core.shell:create_environment_hook('rtabmap', 'pythonscriptspath')
[0.831s] INFO:colcon.colcon_core.shell:Creating environment hook '/home/brace/codeSpace/navi/install/rtabmap/share/rtabmap/hook/pythonscriptspath.ps1'
[0.832s] INFO:colcon.colcon_core.shell:Creating environment descriptor '/home/brace/codeSpace/navi/install/rtabmap/share/rtabmap/hook/pythonscriptspath.dsv'
[0.832s] INFO:colcon.colcon_core.shell:Creating environment hook '/home/brace/codeSpace/navi/install/rtabmap/share/rtabmap/hook/pythonscriptspath.sh'
[0.833s] INFO:colcon.colcon_core.shell:Creating package script '/home/brace/codeSpace/navi/install/rtabmap/share/rtabmap/package.ps1'
[0.833s] INFO:colcon.colcon_core.shell:Creating package descriptor '/home/brace/codeSpace/navi/install/rtabmap/share/rtabmap/package.dsv'
[0.833s] INFO:colcon.colcon_core.shell:Creating package script '/home/brace/codeSpace/navi/install/rtabmap/share/rtabmap/package.sh'
[0.834s] INFO:colcon.colcon_core.shell:Creating package script '/home/brace/codeSpace/navi/install/rtabmap/share/rtabmap/package.bash'
[0.834s] INFO:colcon.colcon_core.shell:Creating package script '/home/brace/codeSpace/navi/install/rtabmap/share/rtabmap/package.zsh'
[0.834s] Level 1:colcon.colcon_core.environment:create_file_with_runtime_dependencies(/home/brace/codeSpace/navi/install/rtabmap/share/colcon-core/packages/rtabmap)
[0.836s] Level 1:colcon.colcon_core.environment:create_environment_scripts_only(rtabmap_msgs)
[0.836s] Level 1:colcon.colcon_core.environment:checking '/home/brace/codeSpace/navi/install/rtabmap_msgs' for CMake module files
[0.837s] DEBUG:colcon.colcon_core.event_handler.log_command:Invoked command in '/home/brace/codeSpace/navi/build/rtabmap_msgs' returned '0': CMAKE_PREFIX_PATH=/opt/ros/humble /usr/bin/cmake --install /home/brace/codeSpace/navi/build/rtabmap_msgs
[0.837s] Level 1:colcon.colcon_core.environment:checking '/home/brace/codeSpace/navi/install/rtabmap_msgs' for CMake config files
[0.840s] Level 1:colcon.colcon_core.shell:create_environment_hook('rtabmap_msgs', 'cmake_prefix_path')
[0.840s] INFO:colcon.colcon_core.shell:Creating environment hook '/home/brace/codeSpace/navi/install/rtabmap_msgs/share/rtabmap_msgs/hook/cmake_prefix_path.ps1'
[0.841s] INFO:colcon.colcon_core.shell:Creating environment descriptor '/home/brace/codeSpace/navi/install/rtabmap_msgs/share/rtabmap_msgs/hook/cmake_prefix_path.dsv'
[0.841s] INFO:colcon.colcon_core.shell:Creating environment hook '/home/brace/codeSpace/navi/install/rtabmap_msgs/share/rtabmap_msgs/hook/cmake_prefix_path.sh'
[0.842s] Level 1:colcon.colcon_core.environment:checking '/home/brace/codeSpace/navi/install/rtabmap_msgs/lib'
[0.842s] Level 1:colcon.colcon_core.shell:create_environment_hook('rtabmap_msgs', 'ld_library_path_lib')
[0.842s] INFO:colcon.colcon_core.shell:Creating environment hook '/home/brace/codeSpace/navi/install/rtabmap_msgs/share/rtabmap_msgs/hook/ld_library_path_lib.ps1'
[0.842s] INFO:colcon.colcon_core.shell:Creating environment descriptor '/home/brace/codeSpace/navi/install/rtabmap_msgs/share/rtabmap_msgs/hook/ld_library_path_lib.dsv'
[0.843s] INFO:colcon.colcon_core.shell:Creating environment hook '/home/brace/codeSpace/navi/install/rtabmap_msgs/share/rtabmap_msgs/hook/ld_library_path_lib.sh'
[0.843s] Level 1:colcon.colcon_core.environment:checking '/home/brace/codeSpace/navi/install/rtabmap_msgs/bin'
[0.843s] Level 1:colcon.colcon_core.environment:checking '/home/brace/codeSpace/navi/install/rtabmap_msgs/lib/pkgconfig/rtabmap_msgs.pc'
[0.843s] Level 1:colcon.colcon_core.environment:checking '/home/brace/codeSpace/navi/install/rtabmap_msgs/lib/python3.10/site-packages'
[0.843s] Level 1:colcon.colcon_core.environment:checking '/home/brace/codeSpace/navi/install/rtabmap_msgs/bin'
[0.843s] INFO:colcon.colcon_core.shell:Creating package script '/home/brace/codeSpace/navi/install/rtabmap_msgs/share/rtabmap_msgs/package.ps1'
[0.844s] INFO:colcon.colcon_core.shell:Creating package descriptor '/home/brace/codeSpace/navi/install/rtabmap_msgs/share/rtabmap_msgs/package.dsv'
[0.844s] INFO:colcon.colcon_core.shell:Creating package script '/home/brace/codeSpace/navi/install/rtabmap_msgs/share/rtabmap_msgs/package.sh'
[0.844s] INFO:colcon.colcon_core.shell:Creating package script '/home/brace/codeSpace/navi/install/rtabmap_msgs/share/rtabmap_msgs/package.bash'
[0.845s] INFO:colcon.colcon_core.shell:Creating package script '/home/brace/codeSpace/navi/install/rtabmap_msgs/share/rtabmap_msgs/package.zsh'
[0.845s] Level 1:colcon.colcon_core.environment:create_file_with_runtime_dependencies(/home/brace/codeSpace/navi/install/rtabmap_msgs/share/colcon-core/packages/rtabmap_msgs)
[0.845s] Level 1:colcon.colcon_core.environment:create_environment_scripts_only(rtabmap_msgs)
[0.845s] Level 1:colcon.colcon_core.environment:checking '/home/brace/codeSpace/navi/install/rtabmap_msgs' for CMake module files
[0.846s] Level 1:colcon.colcon_core.environment:checking '/home/brace/codeSpace/navi/install/rtabmap_msgs' for CMake config files
[0.848s] Level 1:colcon.colcon_core.shell:create_environment_hook('rtabmap_msgs', 'cmake_prefix_path')
[0.848s] INFO:colcon.colcon_core.shell:Creating environment hook '/home/brace/codeSpace/navi/install/rtabmap_msgs/share/rtabmap_msgs/hook/cmake_prefix_path.ps1'
[0.848s] INFO:colcon.colcon_core.shell:Creating environment descriptor '/home/brace/codeSpace/navi/install/rtabmap_msgs/share/rtabmap_msgs/hook/cmake_prefix_path.dsv'
[0.849s] INFO:colcon.colcon_core.shell:Creating environment hook '/home/brace/codeSpace/navi/install/rtabmap_msgs/share/rtabmap_msgs/hook/cmake_prefix_path.sh'
[0.849s] Level 1:colcon.colcon_core.environment:checking '/home/brace/codeSpace/navi/install/rtabmap_msgs/lib'
[0.849s] Level 1:colcon.colcon_core.shell:create_environment_hook('rtabmap_msgs', 'ld_library_path_lib')
[0.849s] INFO:colcon.colcon_core.shell:Creating environment hook '/home/brace/codeSpace/navi/install/rtabmap_msgs/share/rtabmap_msgs/hook/ld_library_path_lib.ps1'
[0.849s] INFO:colcon.colcon_core.shell:Creating environment descriptor '/home/brace/codeSpace/navi/install/rtabmap_msgs/share/rtabmap_msgs/hook/ld_library_path_lib.dsv'
[0.850s] INFO:colcon.colcon_core.shell:Creating environment hook '/home/brace/codeSpace/navi/install/rtabmap_msgs/share/rtabmap_msgs/hook/ld_library_path_lib.sh'
[0.850s] Level 1:colcon.colcon_core.environment:checking '/home/brace/codeSpace/navi/install/rtabmap_msgs/bin'
[0.850s] Level 1:colcon.colcon_core.environment:checking '/home/brace/codeSpace/navi/install/rtabmap_msgs/lib/pkgconfig/rtabmap_msgs.pc'
[0.850s] Level 1:colcon.colcon_core.environment:checking '/home/brace/codeSpace/navi/install/rtabmap_msgs/lib/python3.10/site-packages'
[0.850s] Level 1:colcon.colcon_core.environment:checking '/home/brace/codeSpace/navi/install/rtabmap_msgs/bin'
[0.850s] INFO:colcon.colcon_core.shell:Creating package script '/home/brace/codeSpace/navi/install/rtabmap_msgs/share/rtabmap_msgs/package.ps1'
[0.851s] INFO:colcon.colcon_core.shell:Creating package descriptor '/home/brace/codeSpace/navi/install/rtabmap_msgs/share/rtabmap_msgs/package.dsv'
[0.851s] INFO:colcon.colcon_core.shell:Creating package script '/home/brace/codeSpace/navi/install/rtabmap_msgs/share/rtabmap_msgs/package.sh'
[0.852s] INFO:colcon.colcon_core.shell:Creating package script '/home/brace/codeSpace/navi/install/rtabmap_msgs/share/rtabmap_msgs/package.bash'
[0.852s] INFO:colcon.colcon_core.shell:Creating package script '/home/brace/codeSpace/navi/install/rtabmap_msgs/share/rtabmap_msgs/package.zsh'
[0.852s] Level 1:colcon.colcon_core.environment:create_file_with_runtime_dependencies(/home/brace/codeSpace/navi/install/rtabmap_msgs/share/colcon-core/packages/rtabmap_msgs)
[0.852s] INFO:colcon.colcon_ros.task.ament_cmake.build:Building ROS package in '/home/brace/codeSpace/navi/src/rtabmap_ros/rtabmap_conversions' with build type 'ament_cmake'
[0.852s] INFO:colcon.colcon_cmake.task.cmake.build:Building CMake package in '/home/brace/codeSpace/navi/src/rtabmap_ros/rtabmap_conversions'
[0.852s] INFO:colcon.colcon_core.shell:Skip shell extension 'powershell' for command environment: Not usable outside of PowerShell
[0.852s] DEBUG:colcon.colcon_core.shell:Skip shell extension 'dsv' for command environment
[0.867s] DEBUG:colcon.colcon_core.event_handler.log_command:Invoking command in '/home/brace/codeSpace/navi/build/rtabmap_conversions': AMENT_PREFIX_PATH=/home/brace/codeSpace/navi/install/rtabmap_msgs:${AMENT_PREFIX_PATH} CMAKE_PREFIX_PATH=/home/brace/codeSpace/navi/install/rtabmap_msgs:/home/brace/codeSpace/navi/install/rtabmap:/opt/ros/humble LD_LIBRARY_PATH=/home/brace/codeSpace/navi/install/rtabmap_msgs/lib:/home/brace/codeSpace/navi/install/rtabmap/lib:${LD_LIBRARY_PATH} PATH=/home/brace/codeSpace/navi/install/rtabmap/bin:${PATH} PKG_CONFIG_PATH=/home/brace/codeSpace/navi/install/rtabmap/lib/x86_64-linux-gnu/pkgconfig:/home/brace/codeSpace/navi/install/rtabmap/lib/pkgconfig PYTHONPATH=/home/brace/codeSpace/navi/install/rtabmap_msgs/local/lib/python3.10/dist-packages:${PYTHONPATH} /usr/bin/cmake --build /home/brace/codeSpace/navi/build/rtabmap_conversions -- -j16 -l16
[0.944s] DEBUG:colcon.colcon_core.event_handler.log_command:Invoked command in '/home/brace/codeSpace/navi/build/rtabmap_conversions' returned '0': AMENT_PREFIX_PATH=/home/brace/codeSpace/navi/install/rtabmap_msgs:${AMENT_PREFIX_PATH} CMAKE_PREFIX_PATH=/home/brace/codeSpace/navi/install/rtabmap_msgs:/home/brace/codeSpace/navi/install/rtabmap:/opt/ros/humble LD_LIBRARY_PATH=/home/brace/codeSpace/navi/install/rtabmap_msgs/lib:/home/brace/codeSpace/navi/install/rtabmap/lib:${LD_LIBRARY_PATH} PATH=/home/brace/codeSpace/navi/install/rtabmap/bin:${PATH} PKG_CONFIG_PATH=/home/brace/codeSpace/navi/install/rtabmap/lib/x86_64-linux-gnu/pkgconfig:/home/brace/codeSpace/navi/install/rtabmap/lib/pkgconfig PYTHONPATH=/home/brace/codeSpace/navi/install/rtabmap_msgs/local/lib/python3.10/dist-packages:${PYTHONPATH} /usr/bin/cmake --build /home/brace/codeSpace/navi/build/rtabmap_conversions -- -j16 -l16
[0.946s] DEBUG:colcon.colcon_core.event_handler.log_command:Invoking command in '/home/brace/codeSpace/navi/build/rtabmap_conversions': AMENT_PREFIX_PATH=/home/brace/codeSpace/navi/install/rtabmap_msgs:${AMENT_PREFIX_PATH} CMAKE_PREFIX_PATH=/home/brace/codeSpace/navi/install/rtabmap_msgs:/home/brace/codeSpace/navi/install/rtabmap:/opt/ros/humble LD_LIBRARY_PATH=/home/brace/codeSpace/navi/install/rtabmap_msgs/lib:/home/brace/codeSpace/navi/install/rtabmap/lib:${LD_LIBRARY_PATH} PATH=/home/brace/codeSpace/navi/install/rtabmap/bin:${PATH} PKG_CONFIG_PATH=/home/brace/codeSpace/navi/install/rtabmap/lib/x86_64-linux-gnu/pkgconfig:/home/brace/codeSpace/navi/install/rtabmap/lib/pkgconfig PYTHONPATH=/home/brace/codeSpace/navi/install/rtabmap_msgs/local/lib/python3.10/dist-packages:${PYTHONPATH} /usr/bin/cmake --install /home/brace/codeSpace/navi/build/rtabmap_conversions
[0.951s] DEBUG:colcon.colcon_core.event_handler.log_command:Invoking command in '/home/brace/codeSpace/navi/src/rtabmap_ros/rtabmap_python': PYTHONPATH=/home/brace/codeSpace/navi/build/rtabmap_python/prefix_override:/usr/lib/python3/dist-packages/colcon_core/task/python/colcon_distutils_commands:/home/brace/codeSpace/navi/install/rtabmap_python/lib/python3.10/site-packages:${PYTHONPATH} /usr/bin/python3 -W ignore:setup.py install is deprecated -W ignore:easy_install command is deprecated setup.py egg_info --egg-base ../../../build/rtabmap_python build --build-base /home/brace/codeSpace/navi/build/rtabmap_python/build install --record /home/brace/codeSpace/navi/build/rtabmap_python/install.log --single-version-externally-managed install_data
[0.955s] DEBUG:colcon.colcon_core.event_handler.log_command:Invoking command in '/home/brace/codeSpace/navi/src/realsense-ros/realsense2_ros_mqtt_bridge': PYTHONPATH=/home/brace/codeSpace/navi/build/realsense2_ros_mqtt_bridge/prefix_override:/usr/lib/python3/dist-packages/colcon_core/task/python/colcon_distutils_commands:/home/brace/codeSpace/navi/install/realsense2_ros_mqtt_bridge/lib/python3.10/site-packages:${PYTHONPATH} /usr/bin/python3 -W ignore:setup.py install is deprecated -W ignore:easy_install command is deprecated setup.py egg_info --egg-base ../../../build/realsense2_ros_mqtt_bridge build --build-base /home/brace/codeSpace/navi/build/realsense2_ros_mqtt_bridge/build install --record /home/brace/codeSpace/navi/build/realsense2_ros_mqtt_bridge/install.log --single-version-externally-managed install_data
[0.963s] Level 1:colcon.colcon_core.environment:create_environment_scripts_only(rtabmap_conversions)
[0.964s] DEBUG:colcon.colcon_core.event_handler.log_command:Invoked command in '/home/brace/codeSpace/navi/build/rtabmap_conversions' returned '0': AMENT_PREFIX_PATH=/home/brace/codeSpace/navi/install/rtabmap_msgs:${AMENT_PREFIX_PATH} CMAKE_PREFIX_PATH=/home/brace/codeSpace/navi/install/rtabmap_msgs:/home/brace/codeSpace/navi/install/rtabmap:/opt/ros/humble LD_LIBRARY_PATH=/home/brace/codeSpace/navi/install/rtabmap_msgs/lib:/home/brace/codeSpace/navi/install/rtabmap/lib:${LD_LIBRARY_PATH} PATH=/home/brace/codeSpace/navi/install/rtabmap/bin:${PATH} PKG_CONFIG_PATH=/home/brace/codeSpace/navi/install/rtabmap/lib/x86_64-linux-gnu/pkgconfig:/home/brace/codeSpace/navi/install/rtabmap/lib/pkgconfig PYTHONPATH=/home/brace/codeSpace/navi/install/rtabmap_msgs/local/lib/python3.10/dist-packages:${PYTHONPATH} /usr/bin/cmake --install /home/brace/codeSpace/navi/build/rtabmap_conversions
[0.964s] Level 1:colcon.colcon_core.environment:checking '/home/brace/codeSpace/navi/install/rtabmap_conversions' for CMake module files
[0.964s] Level 1:colcon.colcon_core.environment:checking '/home/brace/codeSpace/navi/install/rtabmap_conversions' for CMake config files
[0.965s] Level 1:colcon.colcon_core.shell:create_environment_hook('rtabmap_conversions', 'cmake_prefix_path')
[0.965s] INFO:colcon.colcon_core.shell:Creating environment hook '/home/brace/codeSpace/navi/install/rtabmap_conversions/share/rtabmap_conversions/hook/cmake_prefix_path.ps1'
[0.965s] INFO:colcon.colcon_core.shell:Creating environment descriptor '/home/brace/codeSpace/navi/install/rtabmap_conversions/share/rtabmap_conversions/hook/cmake_prefix_path.dsv'
[0.966s] INFO:colcon.colcon_core.shell:Creating environment hook '/home/brace/codeSpace/navi/install/rtabmap_conversions/share/rtabmap_conversions/hook/cmake_prefix_path.sh'
[0.966s] Level 1:colcon.colcon_core.environment:checking '/home/brace/codeSpace/navi/install/rtabmap_conversions/lib'
[0.966s] Level 1:colcon.colcon_core.shell:create_environment_hook('rtabmap_conversions', 'ld_library_path_lib')
[0.966s] INFO:colcon.colcon_core.shell:Creating environment hook '/home/brace/codeSpace/navi/install/rtabmap_conversions/share/rtabmap_conversions/hook/ld_library_path_lib.ps1'
[0.966s] INFO:colcon.colcon_core.shell:Creating environment descriptor '/home/brace/codeSpace/navi/install/rtabmap_conversions/share/rtabmap_conversions/hook/ld_library_path_lib.dsv'
[0.967s] INFO:colcon.colcon_core.shell:Creating environment hook '/home/brace/codeSpace/navi/install/rtabmap_conversions/share/rtabmap_conversions/hook/ld_library_path_lib.sh'
[0.967s] Level 1:colcon.colcon_core.environment:checking '/home/brace/codeSpace/navi/install/rtabmap_conversions/bin'
[0.967s] Level 1:colcon.colcon_core.environment:checking '/home/brace/codeSpace/navi/install/rtabmap_conversions/lib/pkgconfig/rtabmap_conversions.pc'
[0.967s] Level 1:colcon.colcon_core.environment:checking '/home/brace/codeSpace/navi/install/rtabmap_conversions/lib/python3.10/site-packages'
[0.967s] Level 1:colcon.colcon_core.environment:checking '/home/brace/codeSpace/navi/install/rtabmap_conversions/bin'
[0.968s] INFO:colcon.colcon_core.shell:Creating package script '/home/brace/codeSpace/navi/install/rtabmap_conversions/share/rtabmap_conversions/package.ps1'
[0.968s] INFO:colcon.colcon_core.shell:Creating package descriptor '/home/brace/codeSpace/navi/install/rtabmap_conversions/share/rtabmap_conversions/package.dsv'
[0.968s] INFO:colcon.colcon_core.shell:Creating package script '/home/brace/codeSpace/navi/install/rtabmap_conversions/share/rtabmap_conversions/package.sh'
[0.969s] INFO:colcon.colcon_core.shell:Creating package script '/home/brace/codeSpace/navi/install/rtabmap_conversions/share/rtabmap_conversions/package.bash'
[0.969s] INFO:colcon.colcon_core.shell:Creating package script '/home/brace/codeSpace/navi/install/rtabmap_conversions/share/rtabmap_conversions/package.zsh'
[0.969s] Level 1:colcon.colcon_core.environment:create_file_with_runtime_dependencies(/home/brace/codeSpace/navi/install/rtabmap_conversions/share/colcon-core/packages/rtabmap_conversions)
[0.970s] Level 1:colcon.colcon_core.environment:create_environment_scripts_only(rtabmap_conversions)
[0.970s] Level 1:colcon.colcon_core.environment:checking '/home/brace/codeSpace/navi/install/rtabmap_conversions' for CMake module files
[0.970s] Level 1:colcon.colcon_core.environment:checking '/home/brace/codeSpace/navi/install/rtabmap_conversions' for CMake config files
[0.970s] Level 1:colcon.colcon_core.shell:create_environment_hook('rtabmap_conversions', 'cmake_prefix_path')
[0.970s] INFO:colcon.colcon_core.shell:Creating environment hook '/home/brace/codeSpace/navi/install/rtabmap_conversions/share/rtabmap_conversions/hook/cmake_prefix_path.ps1'
[0.971s] INFO:colcon.colcon_core.shell:Creating environment descriptor '/home/brace/codeSpace/navi/install/rtabmap_conversions/share/rtabmap_conversions/hook/cmake_prefix_path.dsv'
[0.971s] INFO:colcon.colcon_core.shell:Creating environment hook '/home/brace/codeSpace/navi/install/rtabmap_conversions/share/rtabmap_conversions/hook/cmake_prefix_path.sh'
[0.971s] Level 1:colcon.colcon_core.environment:checking '/home/brace/codeSpace/navi/install/rtabmap_conversions/lib'
[0.971s] Level 1:colcon.colcon_core.shell:create_environment_hook('rtabmap_conversions', 'ld_library_path_lib')
[0.972s] INFO:colcon.colcon_core.shell:Creating environment hook '/home/brace/codeSpace/navi/install/rtabmap_conversions/share/rtabmap_conversions/hook/ld_library_path_lib.ps1'
[0.972s] INFO:colcon.colcon_core.shell:Creating environment descriptor '/home/brace/codeSpace/navi/install/rtabmap_conversions/share/rtabmap_conversions/hook/ld_library_path_lib.dsv'
[0.972s] INFO:colcon.colcon_core.shell:Creating environment hook '/home/brace/codeSpace/navi/install/rtabmap_conversions/share/rtabmap_conversions/hook/ld_library_path_lib.sh'
[0.973s] Level 1:colcon.colcon_core.environment:checking '/home/brace/codeSpace/navi/install/rtabmap_conversions/bin'
[0.973s] Level 1:colcon.colcon_core.environment:checking '/home/brace/codeSpace/navi/install/rtabmap_conversions/lib/pkgconfig/rtabmap_conversions.pc'
[0.973s] Level 1:colcon.colcon_core.environment:checking '/home/brace/codeSpace/navi/install/rtabmap_conversions/lib/python3.10/site-packages'
[0.973s] Level 1:colcon.colcon_core.environment:checking '/home/brace/codeSpace/navi/install/rtabmap_conversions/bin'
[0.973s] INFO:colcon.colcon_core.shell:Creating package script '/home/brace/codeSpace/navi/install/rtabmap_conversions/share/rtabmap_conversions/package.ps1'
[0.974s] INFO:colcon.colcon_core.shell:Creating package descriptor '/home/brace/codeSpace/navi/install/rtabmap_conversions/share/rtabmap_conversions/package.dsv'
[0.974s] INFO:colcon.colcon_core.shell:Creating package script '/home/brace/codeSpace/navi/install/rtabmap_conversions/share/rtabmap_conversions/package.sh'
[0.974s] INFO:colcon.colcon_core.shell:Creating package script '/home/brace/codeSpace/navi/install/rtabmap_conversions/share/rtabmap_conversions/package.bash'
[0.975s] INFO:colcon.colcon_core.shell:Creating package script '/home/brace/codeSpace/navi/install/rtabmap_conversions/share/rtabmap_conversions/package.zsh'
[0.975s] Level 1:colcon.colcon_core.environment:create_file_with_runtime_dependencies(/home/brace/codeSpace/navi/install/rtabmap_conversions/share/colcon-core/packages/rtabmap_conversions)
[0.976s] INFO:colcon.colcon_ros.task.ament_cmake.build:Building ROS package in '/home/brace/codeSpace/navi/src/rtabmap_ros/rtabmap_sync' with build type 'ament_cmake'
[0.976s] INFO:colcon.colcon_cmake.task.cmake.build:Building CMake package in '/home/brace/codeSpace/navi/src/rtabmap_ros/rtabmap_sync'
[0.976s] INFO:colcon.colcon_core.shell:Skip shell extension 'powershell' for command environment: Not usable outside of PowerShell
[0.977s] DEBUG:colcon.colcon_core.shell:Skip shell extension 'dsv' for command environment
[0.979s] INFO:colcon.colcon_ros.task.ament_cmake.build:Building ROS package in '/home/brace/codeSpace/navi/src/rtabmap_ros/rtabmap_util' with build type 'ament_cmake'
[0.979s] INFO:colcon.colcon_cmake.task.cmake.build:Building CMake package in '/home/brace/codeSpace/navi/src/rtabmap_ros/rtabmap_util'
[0.979s] INFO:colcon.colcon_core.shell:Skip shell extension 'powershell' for command environment: Not usable outside of PowerShell
[0.979s] DEBUG:colcon.colcon_core.shell:Skip shell extension 'dsv' for command environment
[0.981s] INFO:colcon.colcon_ros.task.ament_cmake.build:Building ROS package in '/home/brace/codeSpace/navi/src/rtabmap_ros/rtabmap_rviz_plugins' with build type 'ament_cmake'
[0.981s] INFO:colcon.colcon_cmake.task.cmake.build:Building CMake package in '/home/brace/codeSpace/navi/src/rtabmap_ros/rtabmap_rviz_plugins'
[0.982s] INFO:colcon.colcon_core.shell:Skip shell extension 'powershell' for command environment: Not usable outside of PowerShell
[0.982s] DEBUG:colcon.colcon_core.shell:Skip shell extension 'dsv' for command environment
[0.990s] DEBUG:colcon.colcon_core.event_handler.log_command:Invoking command in '/home/brace/codeSpace/navi/build/rtabmap_sync': AMENT_PREFIX_PATH=/home/brace/codeSpace/navi/install/rtabmap_conversions:/home/brace/codeSpace/navi/install/rtabmap_msgs:${AMENT_PREFIX_PATH} CMAKE_PREFIX_PATH=/home/brace/codeSpace/navi/install/rtabmap_conversions:/home/brace/codeSpace/navi/install/rtabmap_msgs:/home/brace/codeSpace/navi/install/rtabmap:/opt/ros/humble LD_LIBRARY_PATH=/home/brace/codeSpace/navi/install/rtabmap_conversions/lib:/home/brace/codeSpace/navi/install/rtabmap_msgs/lib:/home/brace/codeSpace/navi/install/rtabmap/lib:${LD_LIBRARY_PATH} PATH=/home/brace/codeSpace/navi/install/rtabmap/bin:${PATH} PKG_CONFIG_PATH=/home/brace/codeSpace/navi/install/rtabmap/lib/x86_64-linux-gnu/pkgconfig:/home/brace/codeSpace/navi/install/rtabmap/lib/pkgconfig PYTHONPATH=/home/brace/codeSpace/navi/install/rtabmap_msgs/local/lib/python3.10/dist-packages:${PYTHONPATH} /usr/bin/cmake --build /home/brace/codeSpace/navi/build/rtabmap_sync -- -j16 -l16
[0.994s] DEBUG:colcon.colcon_core.event_handler.log_command:Invoking command in '/home/brace/codeSpace/navi/build/rtabmap_util': AMENT_PREFIX_PATH=/home/brace/codeSpace/navi/install/rtabmap_conversions:/home/brace/codeSpace/navi/install/rtabmap_msgs:${AMENT_PREFIX_PATH} CMAKE_PREFIX_PATH=/home/brace/codeSpace/navi/install/rtabmap_conversions:/home/brace/codeSpace/navi/install/rtabmap_msgs:/home/brace/codeSpace/navi/install/rtabmap:/opt/ros/humble LD_LIBRARY_PATH=/home/brace/codeSpace/navi/install/rtabmap_conversions/lib:/home/brace/codeSpace/navi/install/rtabmap_msgs/lib:/home/brace/codeSpace/navi/install/rtabmap/lib:${LD_LIBRARY_PATH} PATH=/home/brace/codeSpace/navi/install/rtabmap/bin:${PATH} PKG_CONFIG_PATH=/home/brace/codeSpace/navi/install/rtabmap/lib/x86_64-linux-gnu/pkgconfig:/home/brace/codeSpace/navi/install/rtabmap/lib/pkgconfig PYTHONPATH=/home/brace/codeSpace/navi/install/rtabmap_msgs/local/lib/python3.10/dist-packages:${PYTHONPATH} /usr/bin/cmake --build /home/brace/codeSpace/navi/build/rtabmap_util -- -j16 -l16
[0.997s] DEBUG:colcon.colcon_core.event_handler.log_command:Invoking command in '/home/brace/codeSpace/navi/build/rtabmap_rviz_plugins': AMENT_PREFIX_PATH=/home/brace/codeSpace/navi/install/rtabmap_conversions:/home/brace/codeSpace/navi/install/rtabmap_msgs:${AMENT_PREFIX_PATH} CMAKE_PREFIX_PATH=/home/brace/codeSpace/navi/install/rtabmap_conversions:/home/brace/codeSpace/navi/install/rtabmap_msgs:/home/brace/codeSpace/navi/install/rtabmap:/opt/ros/humble LD_LIBRARY_PATH=/home/brace/codeSpace/navi/install/rtabmap_conversions/lib:/home/brace/codeSpace/navi/install/rtabmap_msgs/lib:/home/brace/codeSpace/navi/install/rtabmap/lib:${LD_LIBRARY_PATH} PATH=/home/brace/codeSpace/navi/install/rtabmap/bin:${PATH} PKG_CONFIG_PATH=/home/brace/codeSpace/navi/install/rtabmap/lib/x86_64-linux-gnu/pkgconfig:/home/brace/codeSpace/navi/install/rtabmap/lib/pkgconfig PYTHONPATH=/home/brace/codeSpace/navi/install/rtabmap_msgs/local/lib/python3.10/dist-packages:${PYTHONPATH} /usr/bin/cmake --build /home/brace/codeSpace/navi/build/rtabmap_rviz_plugins -- -j16 -l16
[1.107s] DEBUG:colcon.colcon_core.event_handler.log_command:Invoked command in '/home/brace/codeSpace/navi/build/rtabmap_sync' returned '0': AMENT_PREFIX_PATH=/home/brace/codeSpace/navi/install/rtabmap_conversions:/home/brace/codeSpace/navi/install/rtabmap_msgs:${AMENT_PREFIX_PATH} CMAKE_PREFIX_PATH=/home/brace/codeSpace/navi/install/rtabmap_conversions:/home/brace/codeSpace/navi/install/rtabmap_msgs:/home/brace/codeSpace/navi/install/rtabmap:/opt/ros/humble LD_LIBRARY_PATH=/home/brace/codeSpace/navi/install/rtabmap_conversions/lib:/home/brace/codeSpace/navi/install/rtabmap_msgs/lib:/home/brace/codeSpace/navi/install/rtabmap/lib:${LD_LIBRARY_PATH} PATH=/home/brace/codeSpace/navi/install/rtabmap/bin:${PATH} PKG_CONFIG_PATH=/home/brace/codeSpace/navi/install/rtabmap/lib/x86_64-linux-gnu/pkgconfig:/home/brace/codeSpace/navi/install/rtabmap/lib/pkgconfig PYTHONPATH=/home/brace/codeSpace/navi/install/rtabmap_msgs/local/lib/python3.10/dist-packages:${PYTHONPATH} /usr/bin/cmake --build /home/brace/codeSpace/navi/build/rtabmap_sync -- -j16 -l16
[1.108s] DEBUG:colcon.colcon_core.event_handler.log_command:Invoking command in '/home/brace/codeSpace/navi/build/rtabmap_sync': AMENT_PREFIX_PATH=/home/brace/codeSpace/navi/install/rtabmap_conversions:/home/brace/codeSpace/navi/install/rtabmap_msgs:${AMENT_PREFIX_PATH} CMAKE_PREFIX_PATH=/home/brace/codeSpace/navi/install/rtabmap_conversions:/home/brace/codeSpace/navi/install/rtabmap_msgs:/home/brace/codeSpace/navi/install/rtabmap:/opt/ros/humble LD_LIBRARY_PATH=/home/brace/codeSpace/navi/install/rtabmap_conversions/lib:/home/brace/codeSpace/navi/install/rtabmap_msgs/lib:/home/brace/codeSpace/navi/install/rtabmap/lib:${LD_LIBRARY_PATH} PATH=/home/brace/codeSpace/navi/install/rtabmap/bin:${PATH} PKG_CONFIG_PATH=/home/brace/codeSpace/navi/install/rtabmap/lib/x86_64-linux-gnu/pkgconfig:/home/brace/codeSpace/navi/install/rtabmap/lib/pkgconfig PYTHONPATH=/home/brace/codeSpace/navi/install/rtabmap_msgs/local/lib/python3.10/dist-packages:${PYTHONPATH} /usr/bin/cmake --install /home/brace/codeSpace/navi/build/rtabmap_sync
[1.137s] Level 1:colcon.colcon_core.environment:create_environment_scripts_only(rtabmap_sync)
[1.138s] Level 1:colcon.colcon_core.environment:checking '/home/brace/codeSpace/navi/install/rtabmap_sync' for CMake module files
[1.139s] DEBUG:colcon.colcon_core.event_handler.log_command:Invoked command in '/home/brace/codeSpace/navi/build/rtabmap_sync' returned '0': AMENT_PREFIX_PATH=/home/brace/codeSpace/navi/install/rtabmap_conversions:/home/brace/codeSpace/navi/install/rtabmap_msgs:${AMENT_PREFIX_PATH} CMAKE_PREFIX_PATH=/home/brace/codeSpace/navi/install/rtabmap_conversions:/home/brace/codeSpace/navi/install/rtabmap_msgs:/home/brace/codeSpace/navi/install/rtabmap:/opt/ros/humble LD_LIBRARY_PATH=/home/brace/codeSpace/navi/install/rtabmap_conversions/lib:/home/brace/codeSpace/navi/install/rtabmap_msgs/lib:/home/brace/codeSpace/navi/install/rtabmap/lib:${LD_LIBRARY_PATH} PATH=/home/brace/codeSpace/navi/install/rtabmap/bin:${PATH} PKG_CONFIG_PATH=/home/brace/codeSpace/navi/install/rtabmap/lib/x86_64-linux-gnu/pkgconfig:/home/brace/codeSpace/navi/install/rtabmap/lib/pkgconfig PYTHONPATH=/home/brace/codeSpace/navi/install/rtabmap_msgs/local/lib/python3.10/dist-packages:${PYTHONPATH} /usr/bin/cmake --install /home/brace/codeSpace/navi/build/rtabmap_sync
[1.140s] Level 1:colcon.colcon_core.environment:checking '/home/brace/codeSpace/navi/install/rtabmap_sync' for CMake config files
[1.141s] Level 1:colcon.colcon_core.shell:create_environment_hook('rtabmap_sync', 'cmake_prefix_path')
[1.141s] INFO:colcon.colcon_core.shell:Creating environment hook '/home/brace/codeSpace/navi/install/rtabmap_sync/share/rtabmap_sync/hook/cmake_prefix_path.ps1'
[1.142s] INFO:colcon.colcon_core.shell:Creating environment descriptor '/home/brace/codeSpace/navi/install/rtabmap_sync/share/rtabmap_sync/hook/cmake_prefix_path.dsv'
[1.143s] INFO:colcon.colcon_core.shell:Creating environment hook '/home/brace/codeSpace/navi/install/rtabmap_sync/share/rtabmap_sync/hook/cmake_prefix_path.sh'
[1.144s] Level 1:colcon.colcon_core.environment:checking '/home/brace/codeSpace/navi/install/rtabmap_sync/lib'
[1.144s] Level 1:colcon.colcon_core.shell:create_environment_hook('rtabmap_sync', 'ld_library_path_lib')
[1.144s] INFO:colcon.colcon_core.shell:Creating environment hook '/home/brace/codeSpace/navi/install/rtabmap_sync/share/rtabmap_sync/hook/ld_library_path_lib.ps1'
[1.145s] INFO:colcon.colcon_core.shell:Creating environment descriptor '/home/brace/codeSpace/navi/install/rtabmap_sync/share/rtabmap_sync/hook/ld_library_path_lib.dsv'
[1.145s] INFO:colcon.colcon_core.shell:Creating environment hook '/home/brace/codeSpace/navi/install/rtabmap_sync/share/rtabmap_sync/hook/ld_library_path_lib.sh'
[1.146s] Level 1:colcon.colcon_core.environment:checking '/home/brace/codeSpace/navi/install/rtabmap_sync/bin'
[1.146s] Level 1:colcon.colcon_core.environment:checking '/home/brace/codeSpace/navi/install/rtabmap_sync/lib/pkgconfig/rtabmap_sync.pc'
[1.146s] Level 1:colcon.colcon_core.environment:checking '/home/brace/codeSpace/navi/install/rtabmap_sync/lib/python3.10/site-packages'
[1.146s] Level 1:colcon.colcon_core.environment:checking '/home/brace/codeSpace/navi/install/rtabmap_sync/bin'
[1.146s] INFO:colcon.colcon_core.shell:Creating package script '/home/brace/codeSpace/navi/install/rtabmap_sync/share/rtabmap_sync/package.ps1'
[1.147s] INFO:colcon.colcon_core.shell:Creating package descriptor '/home/brace/codeSpace/navi/install/rtabmap_sync/share/rtabmap_sync/package.dsv'
[1.148s] INFO:colcon.colcon_core.shell:Creating package script '/home/brace/codeSpace/navi/install/rtabmap_sync/share/rtabmap_sync/package.sh'
[1.148s] INFO:colcon.colcon_core.shell:Creating package script '/home/brace/codeSpace/navi/install/rtabmap_sync/share/rtabmap_sync/package.bash'
[1.148s] INFO:colcon.colcon_core.shell:Creating package script '/home/brace/codeSpace/navi/install/rtabmap_sync/share/rtabmap_sync/package.zsh'
[1.148s] Level 1:colcon.colcon_core.environment:create_file_with_runtime_dependencies(/home/brace/codeSpace/navi/install/rtabmap_sync/share/colcon-core/packages/rtabmap_sync)
[1.149s] Level 1:colcon.colcon_core.environment:create_environment_scripts_only(rtabmap_sync)
[1.149s] Level 1:colcon.colcon_core.environment:checking '/home/brace/codeSpace/navi/install/rtabmap_sync' for CMake module files
[1.149s] Level 1:colcon.colcon_core.environment:checking '/home/brace/codeSpace/navi/install/rtabmap_sync' for CMake config files
[1.150s] Level 1:colcon.colcon_core.shell:create_environment_hook('rtabmap_sync', 'cmake_prefix_path')
[1.150s] INFO:colcon.colcon_core.shell:Creating environment hook '/home/brace/codeSpace/navi/install/rtabmap_sync/share/rtabmap_sync/hook/cmake_prefix_path.ps1'
[1.150s] INFO:colcon.colcon_core.shell:Creating environment descriptor '/home/brace/codeSpace/navi/install/rtabmap_sync/share/rtabmap_sync/hook/cmake_prefix_path.dsv'
[1.151s] INFO:colcon.colcon_core.shell:Creating environment hook '/home/brace/codeSpace/navi/install/rtabmap_sync/share/rtabmap_sync/hook/cmake_prefix_path.sh'
[1.151s] Level 1:colcon.colcon_core.environment:checking '/home/brace/codeSpace/navi/install/rtabmap_sync/lib'
[1.151s] Level 1:colcon.colcon_core.shell:create_environment_hook('rtabmap_sync', 'ld_library_path_lib')
[1.151s] INFO:colcon.colcon_core.shell:Creating environment hook '/home/brace/codeSpace/navi/install/rtabmap_sync/share/rtabmap_sync/hook/ld_library_path_lib.ps1'
[1.152s] INFO:colcon.colcon_core.shell:Creating environment descriptor '/home/brace/codeSpace/navi/install/rtabmap_sync/share/rtabmap_sync/hook/ld_library_path_lib.dsv'
[1.152s] INFO:colcon.colcon_core.shell:Creating environment hook '/home/brace/codeSpace/navi/install/rtabmap_sync/share/rtabmap_sync/hook/ld_library_path_lib.sh'
[1.152s] Level 1:colcon.colcon_core.environment:checking '/home/brace/codeSpace/navi/install/rtabmap_sync/bin'
[1.152s] Level 1:colcon.colcon_core.environment:checking '/home/brace/codeSpace/navi/install/rtabmap_sync/lib/pkgconfig/rtabmap_sync.pc'
[1.152s] Level 1:colcon.colcon_core.environment:checking '/home/brace/codeSpace/navi/install/rtabmap_sync/lib/python3.10/site-packages'
[1.152s] Level 1:colcon.colcon_core.environment:checking '/home/brace/codeSpace/navi/install/rtabmap_sync/bin'
[1.153s] INFO:colcon.colcon_core.shell:Creating package script '/home/brace/codeSpace/navi/install/rtabmap_sync/share/rtabmap_sync/package.ps1'
[1.153s] INFO:colcon.colcon_core.shell:Creating package descriptor '/home/brace/codeSpace/navi/install/rtabmap_sync/share/rtabmap_sync/package.dsv'
[1.154s] INFO:colcon.colcon_core.shell:Creating package script '/home/brace/codeSpace/navi/install/rtabmap_sync/share/rtabmap_sync/package.sh'
[1.154s] INFO:colcon.colcon_core.shell:Creating package script '/home/brace/codeSpace/navi/install/rtabmap_sync/share/rtabmap_sync/package.bash'
[1.155s] INFO:colcon.colcon_core.shell:Creating package script '/home/brace/codeSpace/navi/install/rtabmap_sync/share/rtabmap_sync/package.zsh'
[1.155s] Level 1:colcon.colcon_core.environment:create_file_with_runtime_dependencies(/home/brace/codeSpace/navi/install/rtabmap_sync/share/colcon-core/packages/rtabmap_sync)
[1.156s] INFO:colcon.colcon_ros.task.ament_cmake.build:Building ROS package in '/home/brace/codeSpace/navi/src/rtabmap_ros/rtabmap_viz' with build type 'ament_cmake'
[1.156s] INFO:colcon.colcon_cmake.task.cmake.build:Building CMake package in '/home/brace/codeSpace/navi/src/rtabmap_ros/rtabmap_viz'
[1.156s] INFO:colcon.colcon_core.shell:Skip shell extension 'powershell' for command environment: Not usable outside of PowerShell
[1.156s] DEBUG:colcon.colcon_core.shell:Skip shell extension 'dsv' for command environment
[1.159s] DEBUG:colcon.colcon_core.event_handler.log_command:Invoked command in '/home/brace/codeSpace/navi/build/rtabmap_util' returned '0': AMENT_PREFIX_PATH=/home/brace/codeSpace/navi/install/rtabmap_conversions:/home/brace/codeSpace/navi/install/rtabmap_msgs:${AMENT_PREFIX_PATH} CMAKE_PREFIX_PATH=/home/brace/codeSpace/navi/install/rtabmap_conversions:/home/brace/codeSpace/navi/install/rtabmap_msgs:/home/brace/codeSpace/navi/install/rtabmap:/opt/ros/humble LD_LIBRARY_PATH=/home/brace/codeSpace/navi/install/rtabmap_conversions/lib:/home/brace/codeSpace/navi/install/rtabmap_msgs/lib:/home/brace/codeSpace/navi/install/rtabmap/lib:${LD_LIBRARY_PATH} PATH=/home/brace/codeSpace/navi/install/rtabmap/bin:${PATH} PKG_CONFIG_PATH=/home/brace/codeSpace/navi/install/rtabmap/lib/x86_64-linux-gnu/pkgconfig:/home/brace/codeSpace/navi/install/rtabmap/lib/pkgconfig PYTHONPATH=/home/brace/codeSpace/navi/install/rtabmap_msgs/local/lib/python3.10/dist-packages:${PYTHONPATH} /usr/bin/cmake --build /home/brace/codeSpace/navi/build/rtabmap_util -- -j16 -l16
[1.161s] DEBUG:colcon.colcon_core.event_handler.log_command:Invoking command in '/home/brace/codeSpace/navi/build/rtabmap_util': AMENT_PREFIX_PATH=/home/brace/codeSpace/navi/install/rtabmap_conversions:/home/brace/codeSpace/navi/install/rtabmap_msgs:${AMENT_PREFIX_PATH} CMAKE_PREFIX_PATH=/home/brace/codeSpace/navi/install/rtabmap_conversions:/home/brace/codeSpace/navi/install/rtabmap_msgs:/home/brace/codeSpace/navi/install/rtabmap:/opt/ros/humble LD_LIBRARY_PATH=/home/brace/codeSpace/navi/install/rtabmap_conversions/lib:/home/brace/codeSpace/navi/install/rtabmap_msgs/lib:/home/brace/codeSpace/navi/install/rtabmap/lib:${LD_LIBRARY_PATH} PATH=/home/brace/codeSpace/navi/install/rtabmap/bin:${PATH} PKG_CONFIG_PATH=/home/brace/codeSpace/navi/install/rtabmap/lib/x86_64-linux-gnu/pkgconfig:/home/brace/codeSpace/navi/install/rtabmap/lib/pkgconfig PYTHONPATH=/home/brace/codeSpace/navi/install/rtabmap_msgs/local/lib/python3.10/dist-packages:${PYTHONPATH} /usr/bin/cmake --install /home/brace/codeSpace/navi/build/rtabmap_util
[1.162s] DEBUG:colcon.colcon_core.event_handler.log_command:Invoked command in '/home/brace/codeSpace/navi/build/rtabmap_rviz_plugins' returned '0': AMENT_PREFIX_PATH=/home/brace/codeSpace/navi/install/rtabmap_conversions:/home/brace/codeSpace/navi/install/rtabmap_msgs:${AMENT_PREFIX_PATH} CMAKE_PREFIX_PATH=/home/brace/codeSpace/navi/install/rtabmap_conversions:/home/brace/codeSpace/navi/install/rtabmap_msgs:/home/brace/codeSpace/navi/install/rtabmap:/opt/ros/humble LD_LIBRARY_PATH=/home/brace/codeSpace/navi/install/rtabmap_conversions/lib:/home/brace/codeSpace/navi/install/rtabmap_msgs/lib:/home/brace/codeSpace/navi/install/rtabmap/lib:${LD_LIBRARY_PATH} PATH=/home/brace/codeSpace/navi/install/rtabmap/bin:${PATH} PKG_CONFIG_PATH=/home/brace/codeSpace/navi/install/rtabmap/lib/x86_64-linux-gnu/pkgconfig:/home/brace/codeSpace/navi/install/rtabmap/lib/pkgconfig PYTHONPATH=/home/brace/codeSpace/navi/install/rtabmap_msgs/local/lib/python3.10/dist-packages:${PYTHONPATH} /usr/bin/cmake --build /home/brace/codeSpace/navi/build/rtabmap_rviz_plugins -- -j16 -l16
[1.165s] DEBUG:colcon.colcon_core.event_handler.log_command:Invoking command in '/home/brace/codeSpace/navi/build/rtabmap_rviz_plugins': AMENT_PREFIX_PATH=/home/brace/codeSpace/navi/install/rtabmap_conversions:/home/brace/codeSpace/navi/install/rtabmap_msgs:${AMENT_PREFIX_PATH} CMAKE_PREFIX_PATH=/home/brace/codeSpace/navi/install/rtabmap_conversions:/home/brace/codeSpace/navi/install/rtabmap_msgs:/home/brace/codeSpace/navi/install/rtabmap:/opt/ros/humble LD_LIBRARY_PATH=/home/brace/codeSpace/navi/install/rtabmap_conversions/lib:/home/brace/codeSpace/navi/install/rtabmap_msgs/lib:/home/brace/codeSpace/navi/install/rtabmap/lib:${LD_LIBRARY_PATH} PATH=/home/brace/codeSpace/navi/install/rtabmap/bin:${PATH} PKG_CONFIG_PATH=/home/brace/codeSpace/navi/install/rtabmap/lib/x86_64-linux-gnu/pkgconfig:/home/brace/codeSpace/navi/install/rtabmap/lib/pkgconfig PYTHONPATH=/home/brace/codeSpace/navi/install/rtabmap_msgs/local/lib/python3.10/dist-packages:${PYTHONPATH} /usr/bin/cmake --install /home/brace/codeSpace/navi/build/rtabmap_rviz_plugins
[1.169s] DEBUG:colcon.colcon_core.event_handler.log_command:Invoking command in '/home/brace/codeSpace/navi/build/rtabmap_viz': AMENT_PREFIX_PATH=/home/brace/codeSpace/navi/install/rtabmap_sync:/home/brace/codeSpace/navi/install/rtabmap_conversions:/home/brace/codeSpace/navi/install/rtabmap_msgs:${AMENT_PREFIX_PATH} CMAKE_PREFIX_PATH=/home/brace/codeSpace/navi/install/rtabmap_sync:/home/brace/codeSpace/navi/install/rtabmap_conversions:/home/brace/codeSpace/navi/install/rtabmap_msgs:/home/brace/codeSpace/navi/install/rtabmap:/opt/ros/humble LD_LIBRARY_PATH=/home/brace/codeSpace/navi/install/rtabmap_sync/lib:/home/brace/codeSpace/navi/install/rtabmap_conversions/lib:/home/brace/codeSpace/navi/install/rtabmap_msgs/lib:/home/brace/codeSpace/navi/install/rtabmap/lib:${LD_LIBRARY_PATH} PATH=/home/brace/codeSpace/navi/install/rtabmap/bin:${PATH} PKG_CONFIG_PATH=/home/brace/codeSpace/navi/install/rtabmap/lib/x86_64-linux-gnu/pkgconfig:/home/brace/codeSpace/navi/install/rtabmap/lib/pkgconfig PYTHONPATH=/home/brace/codeSpace/navi/install/rtabmap_msgs/local/lib/python3.10/dist-packages:${PYTHONPATH} /usr/bin/cmake --build /home/brace/codeSpace/navi/build/rtabmap_viz -- -j16 -l16
[1.189s] Level 1:colcon.colcon_core.environment:create_environment_scripts_only(rtabmap_util)
[1.190s] Level 1:colcon.colcon_core.environment:checking '/home/brace/codeSpace/navi/install/rtabmap_util' for CMake module files
[1.192s] DEBUG:colcon.colcon_core.event_handler.log_command:Invoked command in '/home/brace/codeSpace/navi/build/rtabmap_util' returned '0': AMENT_PREFIX_PATH=/home/brace/codeSpace/navi/install/rtabmap_conversions:/home/brace/codeSpace/navi/install/rtabmap_msgs:${AMENT_PREFIX_PATH} CMAKE_PREFIX_PATH=/home/brace/codeSpace/navi/install/rtabmap_conversions:/home/brace/codeSpace/navi/install/rtabmap_msgs:/home/brace/codeSpace/navi/install/rtabmap:/opt/ros/humble LD_LIBRARY_PATH=/home/brace/codeSpace/navi/install/rtabmap_conversions/lib:/home/brace/codeSpace/navi/install/rtabmap_msgs/lib:/home/brace/codeSpace/navi/install/rtabmap/lib:${LD_LIBRARY_PATH} PATH=/home/brace/codeSpace/navi/install/rtabmap/bin:${PATH} PKG_CONFIG_PATH=/home/brace/codeSpace/navi/install/rtabmap/lib/x86_64-linux-gnu/pkgconfig:/home/brace/codeSpace/navi/install/rtabmap/lib/pkgconfig PYTHONPATH=/home/brace/codeSpace/navi/install/rtabmap_msgs/local/lib/python3.10/dist-packages:${PYTHONPATH} /usr/bin/cmake --install /home/brace/codeSpace/navi/build/rtabmap_util
[1.192s] Level 1:colcon.colcon_core.environment:checking '/home/brace/codeSpace/navi/install/rtabmap_util' for CMake config files
[1.193s] Level 1:colcon.colcon_core.shell:create_environment_hook('rtabmap_util', 'cmake_prefix_path')
[1.193s] INFO:colcon.colcon_core.shell:Creating environment hook '/home/brace/codeSpace/navi/install/rtabmap_util/share/rtabmap_util/hook/cmake_prefix_path.ps1'
[1.194s] INFO:colcon.colcon_core.shell:Creating environment descriptor '/home/brace/codeSpace/navi/install/rtabmap_util/share/rtabmap_util/hook/cmake_prefix_path.dsv'
[1.194s] INFO:colcon.colcon_core.shell:Creating environment hook '/home/brace/codeSpace/navi/install/rtabmap_util/share/rtabmap_util/hook/cmake_prefix_path.sh'
[1.195s] Level 1:colcon.colcon_core.environment:checking '/home/brace/codeSpace/navi/install/rtabmap_util/lib'
[1.195s] Level 1:colcon.colcon_core.shell:create_environment_hook('rtabmap_util', 'ld_library_path_lib')
[1.195s] INFO:colcon.colcon_core.shell:Creating environment hook '/home/brace/codeSpace/navi/install/rtabmap_util/share/rtabmap_util/hook/ld_library_path_lib.ps1'
[1.196s] INFO:colcon.colcon_core.shell:Creating environment descriptor '/home/brace/codeSpace/navi/install/rtabmap_util/share/rtabmap_util/hook/ld_library_path_lib.dsv'
[1.196s] INFO:colcon.colcon_core.shell:Creating environment hook '/home/brace/codeSpace/navi/install/rtabmap_util/share/rtabmap_util/hook/ld_library_path_lib.sh'
[1.196s] Level 1:colcon.colcon_core.environment:checking '/home/brace/codeSpace/navi/install/rtabmap_util/bin'
[1.196s] Level 1:colcon.colcon_core.environment:checking '/home/brace/codeSpace/navi/install/rtabmap_util/lib/pkgconfig/rtabmap_util.pc'
[1.197s] Level 1:colcon.colcon_core.environment:checking '/home/brace/codeSpace/navi/install/rtabmap_util/lib/python3.10/site-packages'
[1.197s] Level 1:colcon.colcon_core.environment:checking '/home/brace/codeSpace/navi/install/rtabmap_util/bin'
[1.197s] INFO:colcon.colcon_core.shell:Creating package script '/home/brace/codeSpace/navi/install/rtabmap_util/share/rtabmap_util/package.ps1'
[1.198s] INFO:colcon.colcon_core.shell:Creating package descriptor '/home/brace/codeSpace/navi/install/rtabmap_util/share/rtabmap_util/package.dsv'
[1.199s] INFO:colcon.colcon_core.shell:Creating package script '/home/brace/codeSpace/navi/install/rtabmap_util/share/rtabmap_util/package.sh'
[1.200s] INFO:colcon.colcon_core.shell:Creating package script '/home/brace/codeSpace/navi/install/rtabmap_util/share/rtabmap_util/package.bash'
[1.200s] INFO:colcon.colcon_core.shell:Creating package script '/home/brace/codeSpace/navi/install/rtabmap_util/share/rtabmap_util/package.zsh'
[1.201s] Level 1:colcon.colcon_core.environment:create_file_with_runtime_dependencies(/home/brace/codeSpace/navi/install/rtabmap_util/share/colcon-core/packages/rtabmap_util)
[1.202s] Level 1:colcon.colcon_core.environment:create_environment_scripts_only(rtabmap_util)
[1.202s] Level 1:colcon.colcon_core.environment:checking '/home/brace/codeSpace/navi/install/rtabmap_util' for CMake module files
[1.203s] Level 1:colcon.colcon_core.environment:checking '/home/brace/codeSpace/navi/install/rtabmap_util' for CMake config files
[1.204s] Level 1:colcon.colcon_core.shell:create_environment_hook('rtabmap_util', 'cmake_prefix_path')
[1.204s] INFO:colcon.colcon_core.shell:Creating environment hook '/home/brace/codeSpace/navi/install/rtabmap_util/share/rtabmap_util/hook/cmake_prefix_path.ps1'
[1.205s] INFO:colcon.colcon_core.shell:Creating environment descriptor '/home/brace/codeSpace/navi/install/rtabmap_util/share/rtabmap_util/hook/cmake_prefix_path.dsv'
[1.206s] INFO:colcon.colcon_core.shell:Creating environment hook '/home/brace/codeSpace/navi/install/rtabmap_util/share/rtabmap_util/hook/cmake_prefix_path.sh'
[1.207s] Level 1:colcon.colcon_core.environment:checking '/home/brace/codeSpace/navi/install/rtabmap_util/lib'
[1.207s] Level 1:colcon.colcon_core.shell:create_environment_hook('rtabmap_util', 'ld_library_path_lib')
[1.207s] INFO:colcon.colcon_core.shell:Creating environment hook '/home/brace/codeSpace/navi/install/rtabmap_util/share/rtabmap_util/hook/ld_library_path_lib.ps1'
[1.208s] INFO:colcon.colcon_core.shell:Creating environment descriptor '/home/brace/codeSpace/navi/install/rtabmap_util/share/rtabmap_util/hook/ld_library_path_lib.dsv'
[1.209s] INFO:colcon.colcon_core.shell:Creating environment hook '/home/brace/codeSpace/navi/install/rtabmap_util/share/rtabmap_util/hook/ld_library_path_lib.sh'
[1.210s] Level 1:colcon.colcon_core.environment:checking '/home/brace/codeSpace/navi/install/rtabmap_util/bin'
[1.210s] Level 1:colcon.colcon_core.environment:checking '/home/brace/codeSpace/navi/install/rtabmap_util/lib/pkgconfig/rtabmap_util.pc'
[1.210s] Level 1:colcon.colcon_core.environment:checking '/home/brace/codeSpace/navi/install/rtabmap_util/lib/python3.10/site-packages'
[1.210s] Level 1:colcon.colcon_core.environment:checking '/home/brace/codeSpace/navi/install/rtabmap_util/bin'
[1.210s] INFO:colcon.colcon_core.shell:Creating package script '/home/brace/codeSpace/navi/install/rtabmap_util/share/rtabmap_util/package.ps1'
[1.211s] INFO:colcon.colcon_core.shell:Creating package descriptor '/home/brace/codeSpace/navi/install/rtabmap_util/share/rtabmap_util/package.dsv'
[1.211s] INFO:colcon.colcon_core.shell:Creating package script '/home/brace/codeSpace/navi/install/rtabmap_util/share/rtabmap_util/package.sh'
[1.211s] INFO:colcon.colcon_core.shell:Creating package script '/home/brace/codeSpace/navi/install/rtabmap_util/share/rtabmap_util/package.bash'
[1.212s] INFO:colcon.colcon_core.shell:Creating package script '/home/brace/codeSpace/navi/install/rtabmap_util/share/rtabmap_util/package.zsh'
[1.212s] Level 1:colcon.colcon_core.environment:create_file_with_runtime_dependencies(/home/brace/codeSpace/navi/install/rtabmap_util/share/colcon-core/packages/rtabmap_util)
[1.213s] INFO:colcon.colcon_ros.task.ament_cmake.build:Building ROS package in '/home/brace/codeSpace/navi/src/rtabmap_ros/rtabmap_odom' with build type 'ament_cmake'
[1.213s] INFO:colcon.colcon_cmake.task.cmake.build:Building CMake package in '/home/brace/codeSpace/navi/src/rtabmap_ros/rtabmap_odom'
[1.213s] INFO:colcon.colcon_core.shell:Skip shell extension 'powershell' for command environment: Not usable outside of PowerShell
[1.213s] DEBUG:colcon.colcon_core.shell:Skip shell extension 'dsv' for command environment
[1.216s] INFO:colcon.colcon_ros.task.ament_cmake.build:Building ROS package in '/home/brace/codeSpace/navi/src/rtabmap_ros/rtabmap_slam' with build type 'ament_cmake'
[1.216s] INFO:colcon.colcon_cmake.task.cmake.build:Building CMake package in '/home/brace/codeSpace/navi/src/rtabmap_ros/rtabmap_slam'
[1.217s] INFO:colcon.colcon_core.shell:Skip shell extension 'powershell' for command environment: Not usable outside of PowerShell
[1.217s] DEBUG:colcon.colcon_core.shell:Skip shell extension 'dsv' for command environment
[1.219s] Level 1:colcon.colcon_core.environment:create_environment_scripts_only(rtabmap_rviz_plugins)
[1.220s] Level 1:colcon.colcon_core.environment:checking '/home/brace/codeSpace/navi/install/rtabmap_rviz_plugins' for CMake module files
[1.220s] DEBUG:colcon.colcon_core.event_handler.log_command:Invoked command in '/home/brace/codeSpace/navi/build/rtabmap_rviz_plugins' returned '0': AMENT_PREFIX_PATH=/home/brace/codeSpace/navi/install/rtabmap_conversions:/home/brace/codeSpace/navi/install/rtabmap_msgs:${AMENT_PREFIX_PATH} CMAKE_PREFIX_PATH=/home/brace/codeSpace/navi/install/rtabmap_conversions:/home/brace/codeSpace/navi/install/rtabmap_msgs:/home/brace/codeSpace/navi/install/rtabmap:/opt/ros/humble LD_LIBRARY_PATH=/home/brace/codeSpace/navi/install/rtabmap_conversions/lib:/home/brace/codeSpace/navi/install/rtabmap_msgs/lib:/home/brace/codeSpace/navi/install/rtabmap/lib:${LD_LIBRARY_PATH} PATH=/home/brace/codeSpace/navi/install/rtabmap/bin:${PATH} PKG_CONFIG_PATH=/home/brace/codeSpace/navi/install/rtabmap/lib/x86_64-linux-gnu/pkgconfig:/home/brace/codeSpace/navi/install/rtabmap/lib/pkgconfig PYTHONPATH=/home/brace/codeSpace/navi/install/rtabmap_msgs/local/lib/python3.10/dist-packages:${PYTHONPATH} /usr/bin/cmake --install /home/brace/codeSpace/navi/build/rtabmap_rviz_plugins
[1.220s] Level 1:colcon.colcon_core.environment:checking '/home/brace/codeSpace/navi/install/rtabmap_rviz_plugins' for CMake config files
[1.221s] Level 1:colcon.colcon_core.shell:create_environment_hook('rtabmap_rviz_plugins', 'cmake_prefix_path')
[1.221s] INFO:colcon.colcon_core.shell:Creating environment hook '/home/brace/codeSpace/navi/install/rtabmap_rviz_plugins/share/rtabmap_rviz_plugins/hook/cmake_prefix_path.ps1'
[1.222s] INFO:colcon.colcon_core.shell:Creating environment descriptor '/home/brace/codeSpace/navi/install/rtabmap_rviz_plugins/share/rtabmap_rviz_plugins/hook/cmake_prefix_path.dsv'
[1.222s] INFO:colcon.colcon_core.shell:Creating environment hook '/home/brace/codeSpace/navi/install/rtabmap_rviz_plugins/share/rtabmap_rviz_plugins/hook/cmake_prefix_path.sh'
[1.223s] Level 1:colcon.colcon_core.environment:checking '/home/brace/codeSpace/navi/install/rtabmap_rviz_plugins/lib'
[1.223s] Level 1:colcon.colcon_core.shell:create_environment_hook('rtabmap_rviz_plugins', 'ld_library_path_lib')
[1.223s] INFO:colcon.colcon_core.shell:Creating environment hook '/home/brace/codeSpace/navi/install/rtabmap_rviz_plugins/share/rtabmap_rviz_plugins/hook/ld_library_path_lib.ps1'
[1.224s] INFO:colcon.colcon_core.shell:Creating environment descriptor '/home/brace/codeSpace/navi/install/rtabmap_rviz_plugins/share/rtabmap_rviz_plugins/hook/ld_library_path_lib.dsv'
[1.224s] INFO:colcon.colcon_core.shell:Creating environment hook '/home/brace/codeSpace/navi/install/rtabmap_rviz_plugins/share/rtabmap_rviz_plugins/hook/ld_library_path_lib.sh'
[1.224s] Level 1:colcon.colcon_core.environment:checking '/home/brace/codeSpace/navi/install/rtabmap_rviz_plugins/bin'
[1.224s] Level 1:colcon.colcon_core.environment:checking '/home/brace/codeSpace/navi/install/rtabmap_rviz_plugins/lib/pkgconfig/rtabmap_rviz_plugins.pc'
[1.225s] Level 1:colcon.colcon_core.environment:checking '/home/brace/codeSpace/navi/install/rtabmap_rviz_plugins/lib/python3.10/site-packages'
[1.225s] Level 1:colcon.colcon_core.environment:checking '/home/brace/codeSpace/navi/install/rtabmap_rviz_plugins/bin'
[1.225s] INFO:colcon.colcon_core.shell:Creating package script '/home/brace/codeSpace/navi/install/rtabmap_rviz_plugins/share/rtabmap_rviz_plugins/package.ps1'
[1.226s] INFO:colcon.colcon_core.shell:Creating package descriptor '/home/brace/codeSpace/navi/install/rtabmap_rviz_plugins/share/rtabmap_rviz_plugins/package.dsv'
[1.226s] INFO:colcon.colcon_core.shell:Creating package script '/home/brace/codeSpace/navi/install/rtabmap_rviz_plugins/share/rtabmap_rviz_plugins/package.sh'
[1.226s] INFO:colcon.colcon_core.shell:Creating package script '/home/brace/codeSpace/navi/install/rtabmap_rviz_plugins/share/rtabmap_rviz_plugins/package.bash'
[1.226s] INFO:colcon.colcon_core.shell:Creating package script '/home/brace/codeSpace/navi/install/rtabmap_rviz_plugins/share/rtabmap_rviz_plugins/package.zsh'
[1.227s] Level 1:colcon.colcon_core.environment:create_file_with_runtime_dependencies(/home/brace/codeSpace/navi/install/rtabmap_rviz_plugins/share/colcon-core/packages/rtabmap_rviz_plugins)
[1.227s] Level 1:colcon.colcon_core.environment:create_environment_scripts_only(rtabmap_rviz_plugins)
[1.227s] Level 1:colcon.colcon_core.environment:checking '/home/brace/codeSpace/navi/install/rtabmap_rviz_plugins' for CMake module files
[1.227s] Level 1:colcon.colcon_core.environment:checking '/home/brace/codeSpace/navi/install/rtabmap_rviz_plugins' for CMake config files
[1.228s] Level 1:colcon.colcon_core.shell:create_environment_hook('rtabmap_rviz_plugins', 'cmake_prefix_path')
[1.228s] INFO:colcon.colcon_core.shell:Creating environment hook '/home/brace/codeSpace/navi/install/rtabmap_rviz_plugins/share/rtabmap_rviz_plugins/hook/cmake_prefix_path.ps1'
[1.228s] INFO:colcon.colcon_core.shell:Creating environment descriptor '/home/brace/codeSpace/navi/install/rtabmap_rviz_plugins/share/rtabmap_rviz_plugins/hook/cmake_prefix_path.dsv'
[1.228s] INFO:colcon.colcon_core.shell:Creating environment hook '/home/brace/codeSpace/navi/install/rtabmap_rviz_plugins/share/rtabmap_rviz_plugins/hook/cmake_prefix_path.sh'
[1.229s] Level 1:colcon.colcon_core.environment:checking '/home/brace/codeSpace/navi/install/rtabmap_rviz_plugins/lib'
[1.229s] Level 1:colcon.colcon_core.shell:create_environment_hook('rtabmap_rviz_plugins', 'ld_library_path_lib')
[1.229s] INFO:colcon.colcon_core.shell:Creating environment hook '/home/brace/codeSpace/navi/install/rtabmap_rviz_plugins/share/rtabmap_rviz_plugins/hook/ld_library_path_lib.ps1'
[1.229s] INFO:colcon.colcon_core.shell:Creating environment descriptor '/home/brace/codeSpace/navi/install/rtabmap_rviz_plugins/share/rtabmap_rviz_plugins/hook/ld_library_path_lib.dsv'
[1.229s] INFO:colcon.colcon_core.shell:Creating environment hook '/home/brace/codeSpace/navi/install/rtabmap_rviz_plugins/share/rtabmap_rviz_plugins/hook/ld_library_path_lib.sh'
[1.229s] Level 1:colcon.colcon_core.environment:checking '/home/brace/codeSpace/navi/install/rtabmap_rviz_plugins/bin'
[1.229s] Level 1:colcon.colcon_core.environment:checking '/home/brace/codeSpace/navi/install/rtabmap_rviz_plugins/lib/pkgconfig/rtabmap_rviz_plugins.pc'
[1.230s] Level 1:colcon.colcon_core.environment:checking '/home/brace/codeSpace/navi/install/rtabmap_rviz_plugins/lib/python3.10/site-packages'
[1.230s] Level 1:colcon.colcon_core.environment:checking '/home/brace/codeSpace/navi/install/rtabmap_rviz_plugins/bin'
[1.230s] INFO:colcon.colcon_core.shell:Creating package script '/home/brace/codeSpace/navi/install/rtabmap_rviz_plugins/share/rtabmap_rviz_plugins/package.ps1'
[1.230s] INFO:colcon.colcon_core.shell:Creating package descriptor '/home/brace/codeSpace/navi/install/rtabmap_rviz_plugins/share/rtabmap_rviz_plugins/package.dsv'
[1.231s] INFO:colcon.colcon_core.shell:Creating package script '/home/brace/codeSpace/navi/install/rtabmap_rviz_plugins/share/rtabmap_rviz_plugins/package.sh'
[1.231s] INFO:colcon.colcon_core.shell:Creating package script '/home/brace/codeSpace/navi/install/rtabmap_rviz_plugins/share/rtabmap_rviz_plugins/package.bash'
[1.231s] INFO:colcon.colcon_core.shell:Creating package script '/home/brace/codeSpace/navi/install/rtabmap_rviz_plugins/share/rtabmap_rviz_plugins/package.zsh'
[1.232s] Level 1:colcon.colcon_core.environment:create_file_with_runtime_dependencies(/home/brace/codeSpace/navi/install/rtabmap_rviz_plugins/share/colcon-core/packages/rtabmap_rviz_plugins)
[1.233s] Level 1:colcon.colcon_core.environment:checking '/home/brace/codeSpace/navi/install/rtabmap_python' for CMake module files
[1.233s] Level 1:colcon.colcon_core.environment:checking '/home/brace/codeSpace/navi/install/rtabmap_python' for CMake config files
[1.234s] DEBUG:colcon.colcon_core.event_handler.log_command:Invoked command in '/home/brace/codeSpace/navi/src/rtabmap_ros/rtabmap_python' returned '0': PYTHONPATH=/home/brace/codeSpace/navi/build/rtabmap_python/prefix_override:/usr/lib/python3/dist-packages/colcon_core/task/python/colcon_distutils_commands:/home/brace/codeSpace/navi/install/rtabmap_python/lib/python3.10/site-packages:${PYTHONPATH} /usr/bin/python3 -W ignore:setup.py install is deprecated -W ignore:easy_install command is deprecated setup.py egg_info --egg-base ../../../build/rtabmap_python build --build-base /home/brace/codeSpace/navi/build/rtabmap_python/build install --record /home/brace/codeSpace/navi/build/rtabmap_python/install.log --single-version-externally-managed install_data
[1.234s] Level 1:colcon.colcon_core.environment:checking '/home/brace/codeSpace/navi/install/rtabmap_python/lib'
[1.234s] Level 1:colcon.colcon_core.environment:checking '/home/brace/codeSpace/navi/install/rtabmap_python/bin'
[1.234s] Level 1:colcon.colcon_core.environment:checking '/home/brace/codeSpace/navi/install/rtabmap_python/lib/pkgconfig/rtabmap_python.pc'
[1.235s] Level 1:colcon.colcon_core.environment:checking '/home/brace/codeSpace/navi/install/rtabmap_python/lib/python3.10/site-packages'
[1.235s] Level 1:colcon.colcon_core.shell:create_environment_hook('rtabmap_python', 'pythonpath')
[1.235s] INFO:colcon.colcon_core.shell:Creating environment hook '/home/brace/codeSpace/navi/install/rtabmap_python/share/rtabmap_python/hook/pythonpath.ps1'
[1.235s] INFO:colcon.colcon_core.shell:Creating environment descriptor '/home/brace/codeSpace/navi/install/rtabmap_python/share/rtabmap_python/hook/pythonpath.dsv'
[1.236s] INFO:colcon.colcon_core.shell:Creating environment hook '/home/brace/codeSpace/navi/install/rtabmap_python/share/rtabmap_python/hook/pythonpath.sh'
[1.236s] Level 1:colcon.colcon_core.environment:checking '/home/brace/codeSpace/navi/install/rtabmap_python/bin'
[1.236s] Level 1:colcon.colcon_core.environment:create_environment_scripts_only(rtabmap_python)
[1.237s] INFO:colcon.colcon_core.shell:Creating package script '/home/brace/codeSpace/navi/install/rtabmap_python/share/rtabmap_python/package.ps1'
[1.237s] INFO:colcon.colcon_core.shell:Creating package descriptor '/home/brace/codeSpace/navi/install/rtabmap_python/share/rtabmap_python/package.dsv'
[1.238s] INFO:colcon.colcon_core.shell:Creating package script '/home/brace/codeSpace/navi/install/rtabmap_python/share/rtabmap_python/package.sh'
[1.238s] INFO:colcon.colcon_core.shell:Creating package script '/home/brace/codeSpace/navi/install/rtabmap_python/share/rtabmap_python/package.bash'
[1.238s] INFO:colcon.colcon_core.shell:Creating package script '/home/brace/codeSpace/navi/install/rtabmap_python/share/rtabmap_python/package.zsh'
[1.238s] Level 1:colcon.colcon_core.environment:create_file_with_runtime_dependencies(/home/brace/codeSpace/navi/install/rtabmap_python/share/colcon-core/packages/rtabmap_python)
[1.239s] Level 1:colcon.colcon_core.environment:checking '/home/brace/codeSpace/navi/install/realsense2_ros_mqtt_bridge' for CMake module files
[1.239s] Level 1:colcon.colcon_core.environment:checking '/home/brace/codeSpace/navi/install/realsense2_ros_mqtt_bridge' for CMake config files
[1.240s] DEBUG:colcon.colcon_core.event_handler.log_command:Invoked command in '/home/brace/codeSpace/navi/src/realsense-ros/realsense2_ros_mqtt_bridge' returned '0': PYTHONPATH=/home/brace/codeSpace/navi/build/realsense2_ros_mqtt_bridge/prefix_override:/usr/lib/python3/dist-packages/colcon_core/task/python/colcon_distutils_commands:/home/brace/codeSpace/navi/install/realsense2_ros_mqtt_bridge/lib/python3.10/site-packages:${PYTHONPATH} /usr/bin/python3 -W ignore:setup.py install is deprecated -W ignore:easy_install command is deprecated setup.py egg_info --egg-base ../../../build/realsense2_ros_mqtt_bridge build --build-base /home/brace/codeSpace/navi/build/realsense2_ros_mqtt_bridge/build install --record /home/brace/codeSpace/navi/build/realsense2_ros_mqtt_bridge/install.log --single-version-externally-managed install_data
[1.240s] Level 1:colcon.colcon_core.environment:checking '/home/brace/codeSpace/navi/install/realsense2_ros_mqtt_bridge/lib'
[1.240s] Level 1:colcon.colcon_core.environment:checking '/home/brace/codeSpace/navi/install/realsense2_ros_mqtt_bridge/bin'
[1.240s] Level 1:colcon.colcon_core.environment:checking '/home/brace/codeSpace/navi/install/realsense2_ros_mqtt_bridge/lib/pkgconfig/realsense2_ros_mqtt_bridge.pc'
[1.240s] Level 1:colcon.colcon_core.environment:checking '/home/brace/codeSpace/navi/install/realsense2_ros_mqtt_bridge/lib/python3.10/site-packages'
[1.240s] Level 1:colcon.colcon_core.shell:create_environment_hook('realsense2_ros_mqtt_bridge', 'pythonpath')
[1.241s] INFO:colcon.colcon_core.shell:Creating environment hook '/home/brace/codeSpace/navi/install/realsense2_ros_mqtt_bridge/share/realsense2_ros_mqtt_bridge/hook/pythonpath.ps1'
[1.242s] INFO:colcon.colcon_core.shell:Creating environment descriptor '/home/brace/codeSpace/navi/install/realsense2_ros_mqtt_bridge/share/realsense2_ros_mqtt_bridge/hook/pythonpath.dsv'
[1.242s] INFO:colcon.colcon_core.shell:Creating environment hook '/home/brace/codeSpace/navi/install/realsense2_ros_mqtt_bridge/share/realsense2_ros_mqtt_bridge/hook/pythonpath.sh'
[1.243s] Level 1:colcon.colcon_core.environment:checking '/home/brace/codeSpace/navi/install/realsense2_ros_mqtt_bridge/bin'
[1.243s] Level 1:colcon.colcon_core.environment:create_environment_scripts_only(realsense2_ros_mqtt_bridge)
[1.243s] INFO:colcon.colcon_core.shell:Creating package script '/home/brace/codeSpace/navi/install/realsense2_ros_mqtt_bridge/share/realsense2_ros_mqtt_bridge/package.ps1'
[1.244s] INFO:colcon.colcon_core.shell:Creating package descriptor '/home/brace/codeSpace/navi/install/realsense2_ros_mqtt_bridge/share/realsense2_ros_mqtt_bridge/package.dsv'
[1.244s] INFO:colcon.colcon_core.shell:Creating package script '/home/brace/codeSpace/navi/install/realsense2_ros_mqtt_bridge/share/realsense2_ros_mqtt_bridge/package.sh'
[1.244s] INFO:colcon.colcon_core.shell:Creating package script '/home/brace/codeSpace/navi/install/realsense2_ros_mqtt_bridge/share/realsense2_ros_mqtt_bridge/package.bash'
[1.244s] INFO:colcon.colcon_core.shell:Creating package script '/home/brace/codeSpace/navi/install/realsense2_ros_mqtt_bridge/share/realsense2_ros_mqtt_bridge/package.zsh'
[1.245s] Level 1:colcon.colcon_core.environment:create_file_with_runtime_dependencies(/home/brace/codeSpace/navi/install/realsense2_ros_mqtt_bridge/share/colcon-core/packages/realsense2_ros_mqtt_bridge)
[1.249s] DEBUG:colcon.colcon_core.event_handler.log_command:Invoking command in '/home/brace/codeSpace/navi/build/rtabmap_odom': AMENT_PREFIX_PATH=/home/brace/codeSpace/navi/install/rtabmap_util:/home/brace/codeSpace/navi/install/rtabmap_sync:/home/brace/codeSpace/navi/install/rtabmap_conversions:/home/brace/codeSpace/navi/install/rtabmap_msgs:${AMENT_PREFIX_PATH} CMAKE_PREFIX_PATH=/home/brace/codeSpace/navi/install/rtabmap_util:/home/brace/codeSpace/navi/install/rtabmap_sync:/home/brace/codeSpace/navi/install/rtabmap_conversions:/home/brace/codeSpace/navi/install/rtabmap_msgs:/home/brace/codeSpace/navi/install/rtabmap:/opt/ros/humble LD_LIBRARY_PATH=/home/brace/codeSpace/navi/install/rtabmap_util/lib:/home/brace/codeSpace/navi/install/rtabmap_sync/lib:/home/brace/codeSpace/navi/install/rtabmap_conversions/lib:/home/brace/codeSpace/navi/install/rtabmap_msgs/lib:/home/brace/codeSpace/navi/install/rtabmap/lib:${LD_LIBRARY_PATH} PATH=/home/brace/codeSpace/navi/install/rtabmap/bin:${PATH} PKG_CONFIG_PATH=/home/brace/codeSpace/navi/install/rtabmap/lib/x86_64-linux-gnu/pkgconfig:/home/brace/codeSpace/navi/install/rtabmap/lib/pkgconfig PYTHONPATH=/home/brace/codeSpace/navi/install/rtabmap_msgs/local/lib/python3.10/dist-packages:${PYTHONPATH} /usr/bin/cmake --build /home/brace/codeSpace/navi/build/rtabmap_odom -- -j16 -l16
[1.251s] DEBUG:colcon.colcon_core.event_handler.log_command:Invoking command in '/home/brace/codeSpace/navi/build/rtabmap_slam': AMENT_PREFIX_PATH=/home/brace/codeSpace/navi/install/rtabmap_util:/home/brace/codeSpace/navi/install/rtabmap_sync:/home/brace/codeSpace/navi/install/rtabmap_conversions:/home/brace/codeSpace/navi/install/rtabmap_msgs:${AMENT_PREFIX_PATH} CMAKE_PREFIX_PATH=/home/brace/codeSpace/navi/install/rtabmap_util:/home/brace/codeSpace/navi/install/rtabmap_sync:/home/brace/codeSpace/navi/install/rtabmap_conversions:/home/brace/codeSpace/navi/install/rtabmap_msgs:/home/brace/codeSpace/navi/install/rtabmap:/opt/ros/humble LD_LIBRARY_PATH=/home/brace/codeSpace/navi/install/rtabmap_util/lib:/home/brace/codeSpace/navi/install/rtabmap_sync/lib:/home/brace/codeSpace/navi/install/rtabmap_conversions/lib:/home/brace/codeSpace/navi/install/rtabmap_msgs/lib:/home/brace/codeSpace/navi/install/rtabmap/lib:${LD_LIBRARY_PATH} PATH=/home/brace/codeSpace/navi/install/rtabmap/bin:${PATH} PKG_CONFIG_PATH=/home/brace/codeSpace/navi/install/rtabmap/lib/x86_64-linux-gnu/pkgconfig:/home/brace/codeSpace/navi/install/rtabmap/lib/pkgconfig PYTHONPATH=/home/brace/codeSpace/navi/install/rtabmap_msgs/local/lib/python3.10/dist-packages:${PYTHONPATH} /usr/bin/cmake --build /home/brace/codeSpace/navi/build/rtabmap_slam -- -j16 -l16
[1.311s] DEBUG:colcon.colcon_core.event_handler.log_command:Invoked command in '/home/brace/codeSpace/navi/build/rtabmap_viz' returned '0': AMENT_PREFIX_PATH=/home/brace/codeSpace/navi/install/rtabmap_sync:/home/brace/codeSpace/navi/install/rtabmap_conversions:/home/brace/codeSpace/navi/install/rtabmap_msgs:${AMENT_PREFIX_PATH} CMAKE_PREFIX_PATH=/home/brace/codeSpace/navi/install/rtabmap_sync:/home/brace/codeSpace/navi/install/rtabmap_conversions:/home/brace/codeSpace/navi/install/rtabmap_msgs:/home/brace/codeSpace/navi/install/rtabmap:/opt/ros/humble LD_LIBRARY_PATH=/home/brace/codeSpace/navi/install/rtabmap_sync/lib:/home/brace/codeSpace/navi/install/rtabmap_conversions/lib:/home/brace/codeSpace/navi/install/rtabmap_msgs/lib:/home/brace/codeSpace/navi/install/rtabmap/lib:${LD_LIBRARY_PATH} PATH=/home/brace/codeSpace/navi/install/rtabmap/bin:${PATH} PKG_CONFIG_PATH=/home/brace/codeSpace/navi/install/rtabmap/lib/x86_64-linux-gnu/pkgconfig:/home/brace/codeSpace/navi/install/rtabmap/lib/pkgconfig PYTHONPATH=/home/brace/codeSpace/navi/install/rtabmap_msgs/local/lib/python3.10/dist-packages:${PYTHONPATH} /usr/bin/cmake --build /home/brace/codeSpace/navi/build/rtabmap_viz -- -j16 -l16
[1.315s] DEBUG:colcon.colcon_core.event_handler.log_command:Invoking command in '/home/brace/codeSpace/navi/build/rtabmap_viz': AMENT_PREFIX_PATH=/home/brace/codeSpace/navi/install/rtabmap_sync:/home/brace/codeSpace/navi/install/rtabmap_conversions:/home/brace/codeSpace/navi/install/rtabmap_msgs:${AMENT_PREFIX_PATH} CMAKE_PREFIX_PATH=/home/brace/codeSpace/navi/install/rtabmap_sync:/home/brace/codeSpace/navi/install/rtabmap_conversions:/home/brace/codeSpace/navi/install/rtabmap_msgs:/home/brace/codeSpace/navi/install/rtabmap:/opt/ros/humble LD_LIBRARY_PATH=/home/brace/codeSpace/navi/install/rtabmap_sync/lib:/home/brace/codeSpace/navi/install/rtabmap_conversions/lib:/home/brace/codeSpace/navi/install/rtabmap_msgs/lib:/home/brace/codeSpace/navi/install/rtabmap/lib:${LD_LIBRARY_PATH} PATH=/home/brace/codeSpace/navi/install/rtabmap/bin:${PATH} PKG_CONFIG_PATH=/home/brace/codeSpace/navi/install/rtabmap/lib/x86_64-linux-gnu/pkgconfig:/home/brace/codeSpace/navi/install/rtabmap/lib/pkgconfig PYTHONPATH=/home/brace/codeSpace/navi/install/rtabmap_msgs/local/lib/python3.10/dist-packages:${PYTHONPATH} /usr/bin/cmake --install /home/brace/codeSpace/navi/build/rtabmap_viz
[1.336s] Level 1:colcon.colcon_core.environment:create_environment_scripts_only(rtabmap_viz)
[1.337s] Level 1:colcon.colcon_core.environment:checking '/home/brace/codeSpace/navi/install/rtabmap_viz' for CMake module files
[1.337s] DEBUG:colcon.colcon_core.event_handler.log_command:Invoked command in '/home/brace/codeSpace/navi/build/rtabmap_viz' returned '0': AMENT_PREFIX_PATH=/home/brace/codeSpace/navi/install/rtabmap_sync:/home/brace/codeSpace/navi/install/rtabmap_conversions:/home/brace/codeSpace/navi/install/rtabmap_msgs:${AMENT_PREFIX_PATH} CMAKE_PREFIX_PATH=/home/brace/codeSpace/navi/install/rtabmap_sync:/home/brace/codeSpace/navi/install/rtabmap_conversions:/home/brace/codeSpace/navi/install/rtabmap_msgs:/home/brace/codeSpace/navi/install/rtabmap:/opt/ros/humble LD_LIBRARY_PATH=/home/brace/codeSpace/navi/install/rtabmap_sync/lib:/home/brace/codeSpace/navi/install/rtabmap_conversions/lib:/home/brace/codeSpace/navi/install/rtabmap_msgs/lib:/home/brace/codeSpace/navi/install/rtabmap/lib:${LD_LIBRARY_PATH} PATH=/home/brace/codeSpace/navi/install/rtabmap/bin:${PATH} PKG_CONFIG_PATH=/home/brace/codeSpace/navi/install/rtabmap/lib/x86_64-linux-gnu/pkgconfig:/home/brace/codeSpace/navi/install/rtabmap/lib/pkgconfig PYTHONPATH=/home/brace/codeSpace/navi/install/rtabmap_msgs/local/lib/python3.10/dist-packages:${PYTHONPATH} /usr/bin/cmake --install /home/brace/codeSpace/navi/build/rtabmap_viz
[1.339s] Level 1:colcon.colcon_core.environment:checking '/home/brace/codeSpace/navi/install/rtabmap_viz' for CMake config files
[1.339s] Level 1:colcon.colcon_core.shell:create_environment_hook('rtabmap_viz', 'cmake_prefix_path')
[1.340s] INFO:colcon.colcon_core.shell:Creating environment hook '/home/brace/codeSpace/navi/install/rtabmap_viz/share/rtabmap_viz/hook/cmake_prefix_path.ps1'
[1.340s] INFO:colcon.colcon_core.shell:Creating environment descriptor '/home/brace/codeSpace/navi/install/rtabmap_viz/share/rtabmap_viz/hook/cmake_prefix_path.dsv'
[1.341s] INFO:colcon.colcon_core.shell:Creating environment hook '/home/brace/codeSpace/navi/install/rtabmap_viz/share/rtabmap_viz/hook/cmake_prefix_path.sh'
[1.341s] Level 1:colcon.colcon_core.environment:checking '/home/brace/codeSpace/navi/install/rtabmap_viz/lib'
[1.341s] Level 1:colcon.colcon_core.environment:checking '/home/brace/codeSpace/navi/install/rtabmap_viz/bin'
[1.341s] Level 1:colcon.colcon_core.environment:checking '/home/brace/codeSpace/navi/install/rtabmap_viz/lib/pkgconfig/rtabmap_viz.pc'
[1.342s] Level 1:colcon.colcon_core.environment:checking '/home/brace/codeSpace/navi/install/rtabmap_viz/lib/python3.10/site-packages'
[1.342s] Level 1:colcon.colcon_core.environment:checking '/home/brace/codeSpace/navi/install/rtabmap_viz/bin'
[1.342s] INFO:colcon.colcon_core.shell:Creating package script '/home/brace/codeSpace/navi/install/rtabmap_viz/share/rtabmap_viz/package.ps1'
[1.343s] INFO:colcon.colcon_core.shell:Creating package descriptor '/home/brace/codeSpace/navi/install/rtabmap_viz/share/rtabmap_viz/package.dsv'
[1.343s] INFO:colcon.colcon_core.shell:Creating package script '/home/brace/codeSpace/navi/install/rtabmap_viz/share/rtabmap_viz/package.sh'
[1.343s] INFO:colcon.colcon_core.shell:Creating package script '/home/brace/codeSpace/navi/install/rtabmap_viz/share/rtabmap_viz/package.bash'
[1.344s] INFO:colcon.colcon_core.shell:Creating package script '/home/brace/codeSpace/navi/install/rtabmap_viz/share/rtabmap_viz/package.zsh'
[1.344s] Level 1:colcon.colcon_core.environment:create_file_with_runtime_dependencies(/home/brace/codeSpace/navi/install/rtabmap_viz/share/colcon-core/packages/rtabmap_viz)
[1.344s] Level 1:colcon.colcon_core.environment:create_environment_scripts_only(rtabmap_viz)
[1.345s] Level 1:colcon.colcon_core.environment:checking '/home/brace/codeSpace/navi/install/rtabmap_viz' for CMake module files
[1.345s] Level 1:colcon.colcon_core.environment:checking '/home/brace/codeSpace/navi/install/rtabmap_viz' for CMake config files
[1.345s] Level 1:colcon.colcon_core.shell:create_environment_hook('rtabmap_viz', 'cmake_prefix_path')
[1.345s] INFO:colcon.colcon_core.shell:Creating environment hook '/home/brace/codeSpace/navi/install/rtabmap_viz/share/rtabmap_viz/hook/cmake_prefix_path.ps1'
[1.346s] INFO:colcon.colcon_core.shell:Creating environment descriptor '/home/brace/codeSpace/navi/install/rtabmap_viz/share/rtabmap_viz/hook/cmake_prefix_path.dsv'
[1.346s] INFO:colcon.colcon_core.shell:Creating environment hook '/home/brace/codeSpace/navi/install/rtabmap_viz/share/rtabmap_viz/hook/cmake_prefix_path.sh'
[1.346s] Level 1:colcon.colcon_core.environment:checking '/home/brace/codeSpace/navi/install/rtabmap_viz/lib'
[1.346s] Level 1:colcon.colcon_core.environment:checking '/home/brace/codeSpace/navi/install/rtabmap_viz/bin'
[1.346s] Level 1:colcon.colcon_core.environment:checking '/home/brace/codeSpace/navi/install/rtabmap_viz/lib/pkgconfig/rtabmap_viz.pc'
[1.346s] Level 1:colcon.colcon_core.environment:checking '/home/brace/codeSpace/navi/install/rtabmap_viz/lib/python3.10/site-packages'
[1.347s] Level 1:colcon.colcon_core.environment:checking '/home/brace/codeSpace/navi/install/rtabmap_viz/bin'
[1.347s] INFO:colcon.colcon_core.shell:Creating package script '/home/brace/codeSpace/navi/install/rtabmap_viz/share/rtabmap_viz/package.ps1'
[1.347s] INFO:colcon.colcon_core.shell:Creating package descriptor '/home/brace/codeSpace/navi/install/rtabmap_viz/share/rtabmap_viz/package.dsv'
[1.347s] INFO:colcon.colcon_core.shell:Creating package script '/home/brace/codeSpace/navi/install/rtabmap_viz/share/rtabmap_viz/package.sh'
[1.348s] INFO:colcon.colcon_core.shell:Creating package script '/home/brace/codeSpace/navi/install/rtabmap_viz/share/rtabmap_viz/package.bash'
[1.348s] INFO:colcon.colcon_core.shell:Creating package script '/home/brace/codeSpace/navi/install/rtabmap_viz/share/rtabmap_viz/package.zsh'
[1.348s] Level 1:colcon.colcon_core.environment:create_file_with_runtime_dependencies(/home/brace/codeSpace/navi/install/rtabmap_viz/share/colcon-core/packages/rtabmap_viz)
[1.395s] DEBUG:colcon.colcon_core.event_handler.log_command:Invoked command in '/home/brace/codeSpace/navi/build/rtabmap_slam' returned '0': AMENT_PREFIX_PATH=/home/brace/codeSpace/navi/install/rtabmap_util:/home/brace/codeSpace/navi/install/rtabmap_sync:/home/brace/codeSpace/navi/install/rtabmap_conversions:/home/brace/codeSpace/navi/install/rtabmap_msgs:${AMENT_PREFIX_PATH} CMAKE_PREFIX_PATH=/home/brace/codeSpace/navi/install/rtabmap_util:/home/brace/codeSpace/navi/install/rtabmap_sync:/home/brace/codeSpace/navi/install/rtabmap_conversions:/home/brace/codeSpace/navi/install/rtabmap_msgs:/home/brace/codeSpace/navi/install/rtabmap:/opt/ros/humble LD_LIBRARY_PATH=/home/brace/codeSpace/navi/install/rtabmap_util/lib:/home/brace/codeSpace/navi/install/rtabmap_sync/lib:/home/brace/codeSpace/navi/install/rtabmap_conversions/lib:/home/brace/codeSpace/navi/install/rtabmap_msgs/lib:/home/brace/codeSpace/navi/install/rtabmap/lib:${LD_LIBRARY_PATH} PATH=/home/brace/codeSpace/navi/install/rtabmap/bin:${PATH} PKG_CONFIG_PATH=/home/brace/codeSpace/navi/install/rtabmap/lib/x86_64-linux-gnu/pkgconfig:/home/brace/codeSpace/navi/install/rtabmap/lib/pkgconfig PYTHONPATH=/home/brace/codeSpace/navi/install/rtabmap_msgs/local/lib/python3.10/dist-packages:${PYTHONPATH} /usr/bin/cmake --build /home/brace/codeSpace/navi/build/rtabmap_slam -- -j16 -l16
[1.398s] DEBUG:colcon.colcon_core.event_handler.log_command:Invoking command in '/home/brace/codeSpace/navi/build/rtabmap_slam': AMENT_PREFIX_PATH=/home/brace/codeSpace/navi/install/rtabmap_util:/home/brace/codeSpace/navi/install/rtabmap_sync:/home/brace/codeSpace/navi/install/rtabmap_conversions:/home/brace/codeSpace/navi/install/rtabmap_msgs:${AMENT_PREFIX_PATH} CMAKE_PREFIX_PATH=/home/brace/codeSpace/navi/install/rtabmap_util:/home/brace/codeSpace/navi/install/rtabmap_sync:/home/brace/codeSpace/navi/install/rtabmap_conversions:/home/brace/codeSpace/navi/install/rtabmap_msgs:/home/brace/codeSpace/navi/install/rtabmap:/opt/ros/humble LD_LIBRARY_PATH=/home/brace/codeSpace/navi/install/rtabmap_util/lib:/home/brace/codeSpace/navi/install/rtabmap_sync/lib:/home/brace/codeSpace/navi/install/rtabmap_conversions/lib:/home/brace/codeSpace/navi/install/rtabmap_msgs/lib:/home/brace/codeSpace/navi/install/rtabmap/lib:${LD_LIBRARY_PATH} PATH=/home/brace/codeSpace/navi/install/rtabmap/bin:${PATH} PKG_CONFIG_PATH=/home/brace/codeSpace/navi/install/rtabmap/lib/x86_64-linux-gnu/pkgconfig:/home/brace/codeSpace/navi/install/rtabmap/lib/pkgconfig PYTHONPATH=/home/brace/codeSpace/navi/install/rtabmap_msgs/local/lib/python3.10/dist-packages:${PYTHONPATH} /usr/bin/cmake --install /home/brace/codeSpace/navi/build/rtabmap_slam
[1.420s] Level 1:colcon.colcon_core.environment:create_environment_scripts_only(rtabmap_slam)
[1.420s] Level 1:colcon.colcon_core.environment:checking '/home/brace/codeSpace/navi/install/rtabmap_slam' for CMake module files
[1.421s] DEBUG:colcon.colcon_core.event_handler.log_command:Invoked command in '/home/brace/codeSpace/navi/build/rtabmap_slam' returned '0': AMENT_PREFIX_PATH=/home/brace/codeSpace/navi/install/rtabmap_util:/home/brace/codeSpace/navi/install/rtabmap_sync:/home/brace/codeSpace/navi/install/rtabmap_conversions:/home/brace/codeSpace/navi/install/rtabmap_msgs:${AMENT_PREFIX_PATH} CMAKE_PREFIX_PATH=/home/brace/codeSpace/navi/install/rtabmap_util:/home/brace/codeSpace/navi/install/rtabmap_sync:/home/brace/codeSpace/navi/install/rtabmap_conversions:/home/brace/codeSpace/navi/install/rtabmap_msgs:/home/brace/codeSpace/navi/install/rtabmap:/opt/ros/humble LD_LIBRARY_PATH=/home/brace/codeSpace/navi/install/rtabmap_util/lib:/home/brace/codeSpace/navi/install/rtabmap_sync/lib:/home/brace/codeSpace/navi/install/rtabmap_conversions/lib:/home/brace/codeSpace/navi/install/rtabmap_msgs/lib:/home/brace/codeSpace/navi/install/rtabmap/lib:${LD_LIBRARY_PATH} PATH=/home/brace/codeSpace/navi/install/rtabmap/bin:${PATH} PKG_CONFIG_PATH=/home/brace/codeSpace/navi/install/rtabmap/lib/x86_64-linux-gnu/pkgconfig:/home/brace/codeSpace/navi/install/rtabmap/lib/pkgconfig PYTHONPATH=/home/brace/codeSpace/navi/install/rtabmap_msgs/local/lib/python3.10/dist-packages:${PYTHONPATH} /usr/bin/cmake --install /home/brace/codeSpace/navi/build/rtabmap_slam
[1.422s] Level 1:colcon.colcon_core.environment:checking '/home/brace/codeSpace/navi/install/rtabmap_slam' for CMake config files
[1.423s] Level 1:colcon.colcon_core.shell:create_environment_hook('rtabmap_slam', 'cmake_prefix_path')
[1.423s] INFO:colcon.colcon_core.shell:Creating environment hook '/home/brace/codeSpace/navi/install/rtabmap_slam/share/rtabmap_slam/hook/cmake_prefix_path.ps1'
[1.424s] INFO:colcon.colcon_core.shell:Creating environment descriptor '/home/brace/codeSpace/navi/install/rtabmap_slam/share/rtabmap_slam/hook/cmake_prefix_path.dsv'
[1.424s] INFO:colcon.colcon_core.shell:Creating environment hook '/home/brace/codeSpace/navi/install/rtabmap_slam/share/rtabmap_slam/hook/cmake_prefix_path.sh'
[1.425s] Level 1:colcon.colcon_core.environment:checking '/home/brace/codeSpace/navi/install/rtabmap_slam/lib'
[1.425s] Level 1:colcon.colcon_core.shell:create_environment_hook('rtabmap_slam', 'ld_library_path_lib')
[1.425s] INFO:colcon.colcon_core.shell:Creating environment hook '/home/brace/codeSpace/navi/install/rtabmap_slam/share/rtabmap_slam/hook/ld_library_path_lib.ps1'
[1.426s] INFO:colcon.colcon_core.shell:Creating environment descriptor '/home/brace/codeSpace/navi/install/rtabmap_slam/share/rtabmap_slam/hook/ld_library_path_lib.dsv'
[1.426s] INFO:colcon.colcon_core.shell:Creating environment hook '/home/brace/codeSpace/navi/install/rtabmap_slam/share/rtabmap_slam/hook/ld_library_path_lib.sh'
[1.426s] Level 1:colcon.colcon_core.environment:checking '/home/brace/codeSpace/navi/install/rtabmap_slam/bin'
[1.426s] Level 1:colcon.colcon_core.environment:checking '/home/brace/codeSpace/navi/install/rtabmap_slam/lib/pkgconfig/rtabmap_slam.pc'
[1.426s] Level 1:colcon.colcon_core.environment:checking '/home/brace/codeSpace/navi/install/rtabmap_slam/lib/python3.10/site-packages'
[1.427s] Level 1:colcon.colcon_core.environment:checking '/home/brace/codeSpace/navi/install/rtabmap_slam/bin'
[1.427s] INFO:colcon.colcon_core.shell:Creating package script '/home/brace/codeSpace/navi/install/rtabmap_slam/share/rtabmap_slam/package.ps1'
[1.427s] INFO:colcon.colcon_core.shell:Creating package descriptor '/home/brace/codeSpace/navi/install/rtabmap_slam/share/rtabmap_slam/package.dsv'
[1.428s] INFO:colcon.colcon_core.shell:Creating package script '/home/brace/codeSpace/navi/install/rtabmap_slam/share/rtabmap_slam/package.sh'
[1.428s] INFO:colcon.colcon_core.shell:Creating package script '/home/brace/codeSpace/navi/install/rtabmap_slam/share/rtabmap_slam/package.bash'
[1.428s] INFO:colcon.colcon_core.shell:Creating package script '/home/brace/codeSpace/navi/install/rtabmap_slam/share/rtabmap_slam/package.zsh'
[1.429s] Level 1:colcon.colcon_core.environment:create_file_with_runtime_dependencies(/home/brace/codeSpace/navi/install/rtabmap_slam/share/colcon-core/packages/rtabmap_slam)
[1.429s] Level 1:colcon.colcon_core.environment:create_environment_scripts_only(rtabmap_slam)
[1.429s] Level 1:colcon.colcon_core.environment:checking '/home/brace/codeSpace/navi/install/rtabmap_slam' for CMake module files
[1.429s] Level 1:colcon.colcon_core.environment:checking '/home/brace/codeSpace/navi/install/rtabmap_slam' for CMake config files
[1.430s] Level 1:colcon.colcon_core.shell:create_environment_hook('rtabmap_slam', 'cmake_prefix_path')
[1.430s] INFO:colcon.colcon_core.shell:Creating environment hook '/home/brace/codeSpace/navi/install/rtabmap_slam/share/rtabmap_slam/hook/cmake_prefix_path.ps1'
[1.430s] INFO:colcon.colcon_core.shell:Creating environment descriptor '/home/brace/codeSpace/navi/install/rtabmap_slam/share/rtabmap_slam/hook/cmake_prefix_path.dsv'
[1.430s] INFO:colcon.colcon_core.shell:Creating environment hook '/home/brace/codeSpace/navi/install/rtabmap_slam/share/rtabmap_slam/hook/cmake_prefix_path.sh'
[1.430s] Level 1:colcon.colcon_core.environment:checking '/home/brace/codeSpace/navi/install/rtabmap_slam/lib'
[1.431s] Level 1:colcon.colcon_core.shell:create_environment_hook('rtabmap_slam', 'ld_library_path_lib')
[1.431s] INFO:colcon.colcon_core.shell:Creating environment hook '/home/brace/codeSpace/navi/install/rtabmap_slam/share/rtabmap_slam/hook/ld_library_path_lib.ps1'
[1.431s] INFO:colcon.colcon_core.shell:Creating environment descriptor '/home/brace/codeSpace/navi/install/rtabmap_slam/share/rtabmap_slam/hook/ld_library_path_lib.dsv'
[1.431s] INFO:colcon.colcon_core.shell:Creating environment hook '/home/brace/codeSpace/navi/install/rtabmap_slam/share/rtabmap_slam/hook/ld_library_path_lib.sh'
[1.431s] Level 1:colcon.colcon_core.environment:checking '/home/brace/codeSpace/navi/install/rtabmap_slam/bin'
[1.431s] Level 1:colcon.colcon_core.environment:checking '/home/brace/codeSpace/navi/install/rtabmap_slam/lib/pkgconfig/rtabmap_slam.pc'
[1.432s] Level 1:colcon.colcon_core.environment:checking '/home/brace/codeSpace/navi/install/rtabmap_slam/lib/python3.10/site-packages'
[1.432s] Level 1:colcon.colcon_core.environment:checking '/home/brace/codeSpace/navi/install/rtabmap_slam/bin'
[1.432s] INFO:colcon.colcon_core.shell:Creating package script '/home/brace/codeSpace/navi/install/rtabmap_slam/share/rtabmap_slam/package.ps1'
[1.432s] INFO:colcon.colcon_core.shell:Creating package descriptor '/home/brace/codeSpace/navi/install/rtabmap_slam/share/rtabmap_slam/package.dsv'
[1.433s] INFO:colcon.colcon_core.shell:Creating package script '/home/brace/codeSpace/navi/install/rtabmap_slam/share/rtabmap_slam/package.sh'
[1.433s] INFO:colcon.colcon_core.shell:Creating package script '/home/brace/codeSpace/navi/install/rtabmap_slam/share/rtabmap_slam/package.bash'
[1.433s] INFO:colcon.colcon_core.shell:Creating package script '/home/brace/codeSpace/navi/install/rtabmap_slam/share/rtabmap_slam/package.zsh'
[1.433s] Level 1:colcon.colcon_core.environment:create_file_with_runtime_dependencies(/home/brace/codeSpace/navi/install/rtabmap_slam/share/colcon-core/packages/rtabmap_slam)
[1.436s] DEBUG:colcon.colcon_core.event_handler.log_command:Invoked command in '/home/brace/codeSpace/navi/build/rtabmap_odom' returned '0': AMENT_PREFIX_PATH=/home/brace/codeSpace/navi/install/rtabmap_util:/home/brace/codeSpace/navi/install/rtabmap_sync:/home/brace/codeSpace/navi/install/rtabmap_conversions:/home/brace/codeSpace/navi/install/rtabmap_msgs:${AMENT_PREFIX_PATH} CMAKE_PREFIX_PATH=/home/brace/codeSpace/navi/install/rtabmap_util:/home/brace/codeSpace/navi/install/rtabmap_sync:/home/brace/codeSpace/navi/install/rtabmap_conversions:/home/brace/codeSpace/navi/install/rtabmap_msgs:/home/brace/codeSpace/navi/install/rtabmap:/opt/ros/humble LD_LIBRARY_PATH=/home/brace/codeSpace/navi/install/rtabmap_util/lib:/home/brace/codeSpace/navi/install/rtabmap_sync/lib:/home/brace/codeSpace/navi/install/rtabmap_conversions/lib:/home/brace/codeSpace/navi/install/rtabmap_msgs/lib:/home/brace/codeSpace/navi/install/rtabmap/lib:${LD_LIBRARY_PATH} PATH=/home/brace/codeSpace/navi/install/rtabmap/bin:${PATH} PKG_CONFIG_PATH=/home/brace/codeSpace/navi/install/rtabmap/lib/x86_64-linux-gnu/pkgconfig:/home/brace/codeSpace/navi/install/rtabmap/lib/pkgconfig PYTHONPATH=/home/brace/codeSpace/navi/install/rtabmap_msgs/local/lib/python3.10/dist-packages:${PYTHONPATH} /usr/bin/cmake --build /home/brace/codeSpace/navi/build/rtabmap_odom -- -j16 -l16
[1.437s] DEBUG:colcon.colcon_core.event_handler.log_command:Invoking command in '/home/brace/codeSpace/navi/build/rtabmap_odom': AMENT_PREFIX_PATH=/home/brace/codeSpace/navi/install/rtabmap_util:/home/brace/codeSpace/navi/install/rtabmap_sync:/home/brace/codeSpace/navi/install/rtabmap_conversions:/home/brace/codeSpace/navi/install/rtabmap_msgs:${AMENT_PREFIX_PATH} CMAKE_PREFIX_PATH=/home/brace/codeSpace/navi/install/rtabmap_util:/home/brace/codeSpace/navi/install/rtabmap_sync:/home/brace/codeSpace/navi/install/rtabmap_conversions:/home/brace/codeSpace/navi/install/rtabmap_msgs:/home/brace/codeSpace/navi/install/rtabmap:/opt/ros/humble LD_LIBRARY_PATH=/home/brace/codeSpace/navi/install/rtabmap_util/lib:/home/brace/codeSpace/navi/install/rtabmap_sync/lib:/home/brace/codeSpace/navi/install/rtabmap_conversions/lib:/home/brace/codeSpace/navi/install/rtabmap_msgs/lib:/home/brace/codeSpace/navi/install/rtabmap/lib:${LD_LIBRARY_PATH} PATH=/home/brace/codeSpace/navi/install/rtabmap/bin:${PATH} PKG_CONFIG_PATH=/home/brace/codeSpace/navi/install/rtabmap/lib/x86_64-linux-gnu/pkgconfig:/home/brace/codeSpace/navi/install/rtabmap/lib/pkgconfig PYTHONPATH=/home/brace/codeSpace/navi/install/rtabmap_msgs/local/lib/python3.10/dist-packages:${PYTHONPATH} /usr/bin/cmake --install /home/brace/codeSpace/navi/build/rtabmap_odom
[1.454s] Level 1:colcon.colcon_core.environment:create_environment_scripts_only(rtabmap_odom)
[1.455s] Level 1:colcon.colcon_core.environment:checking '/home/brace/codeSpace/navi/install/rtabmap_odom' for CMake module files
[1.455s] DEBUG:colcon.colcon_core.event_handler.log_command:Invoked command in '/home/brace/codeSpace/navi/build/rtabmap_odom' returned '0': AMENT_PREFIX_PATH=/home/brace/codeSpace/navi/install/rtabmap_util:/home/brace/codeSpace/navi/install/rtabmap_sync:/home/brace/codeSpace/navi/install/rtabmap_conversions:/home/brace/codeSpace/navi/install/rtabmap_msgs:${AMENT_PREFIX_PATH} CMAKE_PREFIX_PATH=/home/brace/codeSpace/navi/install/rtabmap_util:/home/brace/codeSpace/navi/install/rtabmap_sync:/home/brace/codeSpace/navi/install/rtabmap_conversions:/home/brace/codeSpace/navi/install/rtabmap_msgs:/home/brace/codeSpace/navi/install/rtabmap:/opt/ros/humble LD_LIBRARY_PATH=/home/brace/codeSpace/navi/install/rtabmap_util/lib:/home/brace/codeSpace/navi/install/rtabmap_sync/lib:/home/brace/codeSpace/navi/install/rtabmap_conversions/lib:/home/brace/codeSpace/navi/install/rtabmap_msgs/lib:/home/brace/codeSpace/navi/install/rtabmap/lib:${LD_LIBRARY_PATH} PATH=/home/brace/codeSpace/navi/install/rtabmap/bin:${PATH} PKG_CONFIG_PATH=/home/brace/codeSpace/navi/install/rtabmap/lib/x86_64-linux-gnu/pkgconfig:/home/brace/codeSpace/navi/install/rtabmap/lib/pkgconfig PYTHONPATH=/home/brace/codeSpace/navi/install/rtabmap_msgs/local/lib/python3.10/dist-packages:${PYTHONPATH} /usr/bin/cmake --install /home/brace/codeSpace/navi/build/rtabmap_odom
[1.455s] Level 1:colcon.colcon_core.environment:checking '/home/brace/codeSpace/navi/install/rtabmap_odom' for CMake config files
[1.456s] Level 1:colcon.colcon_core.shell:create_environment_hook('rtabmap_odom', 'cmake_prefix_path')
[1.456s] INFO:colcon.colcon_core.shell:Creating environment hook '/home/brace/codeSpace/navi/install/rtabmap_odom/share/rtabmap_odom/hook/cmake_prefix_path.ps1'
[1.457s] INFO:colcon.colcon_core.shell:Creating environment descriptor '/home/brace/codeSpace/navi/install/rtabmap_odom/share/rtabmap_odom/hook/cmake_prefix_path.dsv'
[1.457s] INFO:colcon.colcon_core.shell:Creating environment hook '/home/brace/codeSpace/navi/install/rtabmap_odom/share/rtabmap_odom/hook/cmake_prefix_path.sh'
[1.458s] Level 1:colcon.colcon_core.environment:checking '/home/brace/codeSpace/navi/install/rtabmap_odom/lib'
[1.458s] Level 1:colcon.colcon_core.shell:create_environment_hook('rtabmap_odom', 'ld_library_path_lib')
[1.458s] INFO:colcon.colcon_core.shell:Creating environment hook '/home/brace/codeSpace/navi/install/rtabmap_odom/share/rtabmap_odom/hook/ld_library_path_lib.ps1'
[1.459s] INFO:colcon.colcon_core.shell:Creating environment descriptor '/home/brace/codeSpace/navi/install/rtabmap_odom/share/rtabmap_odom/hook/ld_library_path_lib.dsv'
[1.459s] INFO:colcon.colcon_core.shell:Creating environment hook '/home/brace/codeSpace/navi/install/rtabmap_odom/share/rtabmap_odom/hook/ld_library_path_lib.sh'
[1.460s] Level 1:colcon.colcon_core.environment:checking '/home/brace/codeSpace/navi/install/rtabmap_odom/bin'
[1.460s] Level 1:colcon.colcon_core.environment:checking '/home/brace/codeSpace/navi/install/rtabmap_odom/lib/pkgconfig/rtabmap_odom.pc'
[1.460s] Level 1:colcon.colcon_core.environment:checking '/home/brace/codeSpace/navi/install/rtabmap_odom/lib/python3.10/site-packages'
[1.461s] Level 1:colcon.colcon_core.environment:checking '/home/brace/codeSpace/navi/install/rtabmap_odom/bin'
[1.461s] INFO:colcon.colcon_core.shell:Creating package script '/home/brace/codeSpace/navi/install/rtabmap_odom/share/rtabmap_odom/package.ps1'
[1.462s] INFO:colcon.colcon_core.shell:Creating package descriptor '/home/brace/codeSpace/navi/install/rtabmap_odom/share/rtabmap_odom/package.dsv'
[1.463s] INFO:colcon.colcon_core.shell:Creating package script '/home/brace/codeSpace/navi/install/rtabmap_odom/share/rtabmap_odom/package.sh'
[1.464s] INFO:colcon.colcon_core.shell:Creating package script '/home/brace/codeSpace/navi/install/rtabmap_odom/share/rtabmap_odom/package.bash'
[1.464s] INFO:colcon.colcon_core.shell:Creating package script '/home/brace/codeSpace/navi/install/rtabmap_odom/share/rtabmap_odom/package.zsh'
[1.464s] Level 1:colcon.colcon_core.environment:create_file_with_runtime_dependencies(/home/brace/codeSpace/navi/install/rtabmap_odom/share/colcon-core/packages/rtabmap_odom)
[1.465s] Level 1:colcon.colcon_core.environment:create_environment_scripts_only(rtabmap_odom)
[1.465s] Level 1:colcon.colcon_core.environment:checking '/home/brace/codeSpace/navi/install/rtabmap_odom' for CMake module files
[1.466s] Level 1:colcon.colcon_core.environment:checking '/home/brace/codeSpace/navi/install/rtabmap_odom' for CMake config files
[1.466s] Level 1:colcon.colcon_core.shell:create_environment_hook('rtabmap_odom', 'cmake_prefix_path')
[1.467s] INFO:colcon.colcon_core.shell:Creating environment hook '/home/brace/codeSpace/navi/install/rtabmap_odom/share/rtabmap_odom/hook/cmake_prefix_path.ps1'
[1.467s] INFO:colcon.colcon_core.shell:Creating environment descriptor '/home/brace/codeSpace/navi/install/rtabmap_odom/share/rtabmap_odom/hook/cmake_prefix_path.dsv'
[1.467s] INFO:colcon.colcon_core.shell:Creating environment hook '/home/brace/codeSpace/navi/install/rtabmap_odom/share/rtabmap_odom/hook/cmake_prefix_path.sh'
[1.468s] Level 1:colcon.colcon_core.environment:checking '/home/brace/codeSpace/navi/install/rtabmap_odom/lib'
[1.468s] Level 1:colcon.colcon_core.shell:create_environment_hook('rtabmap_odom', 'ld_library_path_lib')
[1.468s] INFO:colcon.colcon_core.shell:Creating environment hook '/home/brace/codeSpace/navi/install/rtabmap_odom/share/rtabmap_odom/hook/ld_library_path_lib.ps1'
[1.468s] INFO:colcon.colcon_core.shell:Creating environment descriptor '/home/brace/codeSpace/navi/install/rtabmap_odom/share/rtabmap_odom/hook/ld_library_path_lib.dsv'
[1.468s] INFO:colcon.colcon_core.shell:Creating environment hook '/home/brace/codeSpace/navi/install/rtabmap_odom/share/rtabmap_odom/hook/ld_library_path_lib.sh'
[1.468s] Level 1:colcon.colcon_core.environment:checking '/home/brace/codeSpace/navi/install/rtabmap_odom/bin'
[1.468s] Level 1:colcon.colcon_core.environment:checking '/home/brace/codeSpace/navi/install/rtabmap_odom/lib/pkgconfig/rtabmap_odom.pc'
[1.469s] Level 1:colcon.colcon_core.environment:checking '/home/brace/codeSpace/navi/install/rtabmap_odom/lib/python3.10/site-packages'
[1.469s] Level 1:colcon.colcon_core.environment:checking '/home/brace/codeSpace/navi/install/rtabmap_odom/bin'
[1.469s] INFO:colcon.colcon_core.shell:Creating package script '/home/brace/codeSpace/navi/install/rtabmap_odom/share/rtabmap_odom/package.ps1'
[1.469s] INFO:colcon.colcon_core.shell:Creating package descriptor '/home/brace/codeSpace/navi/install/rtabmap_odom/share/rtabmap_odom/package.dsv'
[1.470s] INFO:colcon.colcon_core.shell:Creating package script '/home/brace/codeSpace/navi/install/rtabmap_odom/share/rtabmap_odom/package.sh'
[1.470s] INFO:colcon.colcon_core.shell:Creating package script '/home/brace/codeSpace/navi/install/rtabmap_odom/share/rtabmap_odom/package.bash'
[1.470s] INFO:colcon.colcon_core.shell:Creating package script '/home/brace/codeSpace/navi/install/rtabmap_odom/share/rtabmap_odom/package.zsh'
[1.470s] Level 1:colcon.colcon_core.environment:create_file_with_runtime_dependencies(/home/brace/codeSpace/navi/install/rtabmap_odom/share/colcon-core/packages/rtabmap_odom)
[1.471s] INFO:colcon.colcon_ros.task.ament_cmake.build:Building ROS package in '/home/brace/codeSpace/navi/src/rtabmap_ros/rtabmap_demos' with build type 'ament_cmake'
[1.471s] INFO:colcon.colcon_cmake.task.cmake.build:Building CMake package in '/home/brace/codeSpace/navi/src/rtabmap_ros/rtabmap_demos'
[1.471s] INFO:colcon.colcon_core.shell:Skip shell extension 'powershell' for command environment: Not usable outside of PowerShell
[1.471s] DEBUG:colcon.colcon_core.shell:Skip shell extension 'dsv' for command environment
[1.475s] INFO:colcon.colcon_ros.task.ament_cmake.build:Building ROS package in '/home/brace/codeSpace/navi/src/rtabmap_ros/rtabmap_examples' with build type 'ament_cmake'
[1.475s] INFO:colcon.colcon_cmake.task.cmake.build:Building CMake package in '/home/brace/codeSpace/navi/src/rtabmap_ros/rtabmap_examples'
[1.476s] INFO:colcon.colcon_core.shell:Skip shell extension 'powershell' for command environment: Not usable outside of PowerShell
[1.476s] DEBUG:colcon.colcon_core.shell:Skip shell extension 'dsv' for command environment
[1.479s] INFO:colcon.colcon_ros.task.ament_cmake.build:Building ROS package in '/home/brace/codeSpace/navi/src/rtabmap_ros/rtabmap_launch' with build type 'ament_cmake'
[1.479s] INFO:colcon.colcon_cmake.task.cmake.build:Building CMake package in '/home/brace/codeSpace/navi/src/rtabmap_ros/rtabmap_launch'
[1.479s] INFO:colcon.colcon_core.shell:Skip shell extension 'powershell' for command environment: Not usable outside of PowerShell
[1.479s] DEBUG:colcon.colcon_core.shell:Skip shell extension 'dsv' for command environment
[1.498s] DEBUG:colcon.colcon_core.event_handler.log_command:Invoking command in '/home/brace/codeSpace/navi/build/rtabmap_demos': AMENT_PREFIX_PATH=/home/brace/codeSpace/navi/install/rtabmap_viz:/home/brace/codeSpace/navi/install/rtabmap_slam:/home/brace/codeSpace/navi/install/rtabmap_odom:/home/brace/codeSpace/navi/install/rtabmap_util:/home/brace/codeSpace/navi/install/rtabmap_sync:/home/brace/codeSpace/navi/install/rtabmap_rviz_plugins:/home/brace/codeSpace/navi/install/rtabmap_conversions:/home/brace/codeSpace/navi/install/rtabmap_msgs:${AMENT_PREFIX_PATH} CMAKE_PREFIX_PATH=/home/brace/codeSpace/navi/install/rtabmap_viz:/home/brace/codeSpace/navi/install/rtabmap_slam:/home/brace/codeSpace/navi/install/rtabmap_odom:/home/brace/codeSpace/navi/install/rtabmap_util:/home/brace/codeSpace/navi/install/rtabmap_sync:/home/brace/codeSpace/navi/install/rtabmap_rviz_plugins:/home/brace/codeSpace/navi/install/rtabmap_conversions:/home/brace/codeSpace/navi/install/rtabmap_msgs:/home/brace/codeSpace/navi/install/rtabmap:/opt/ros/humble LD_LIBRARY_PATH=/home/brace/codeSpace/navi/install/rtabmap_slam/lib:/home/brace/codeSpace/navi/install/rtabmap_odom/lib:/home/brace/codeSpace/navi/install/rtabmap_util/lib:/home/brace/codeSpace/navi/install/rtabmap_sync/lib:/home/brace/codeSpace/navi/install/rtabmap_rviz_plugins/lib:/home/brace/codeSpace/navi/install/rtabmap_conversions/lib:/home/brace/codeSpace/navi/install/rtabmap_msgs/lib:/home/brace/codeSpace/navi/install/rtabmap/lib:${LD_LIBRARY_PATH} PATH=/home/brace/codeSpace/navi/install/rtabmap/bin:${PATH} PKG_CONFIG_PATH=/home/brace/codeSpace/navi/install/rtabmap/lib/x86_64-linux-gnu/pkgconfig:/home/brace/codeSpace/navi/install/rtabmap/lib/pkgconfig PYTHONPATH=/home/brace/codeSpace/navi/install/rtabmap_msgs/local/lib/python3.10/dist-packages:${PYTHONPATH} /usr/bin/cmake --build /home/brace/codeSpace/navi/build/rtabmap_demos -- -j16 -l16
[1.504s] DEBUG:colcon.colcon_core.event_handler.log_command:Invoking command in '/home/brace/codeSpace/navi/build/rtabmap_examples': AMENT_PREFIX_PATH=/home/brace/codeSpace/navi/install/rtabmap_viz:/home/brace/codeSpace/navi/install/rtabmap_slam:/home/brace/codeSpace/navi/install/rtabmap_odom:/home/brace/codeSpace/navi/install/rtabmap_util:/home/brace/codeSpace/navi/install/rtabmap_sync:/home/brace/codeSpace/navi/install/rtabmap_rviz_plugins:/home/brace/codeSpace/navi/install/rtabmap_conversions:/home/brace/codeSpace/navi/install/rtabmap_msgs:${AMENT_PREFIX_PATH} CMAKE_PREFIX_PATH=/home/brace/codeSpace/navi/install/rtabmap_viz:/home/brace/codeSpace/navi/install/rtabmap_slam:/home/brace/codeSpace/navi/install/rtabmap_odom:/home/brace/codeSpace/navi/install/rtabmap_util:/home/brace/codeSpace/navi/install/rtabmap_sync:/home/brace/codeSpace/navi/install/rtabmap_rviz_plugins:/home/brace/codeSpace/navi/install/rtabmap_conversions:/home/brace/codeSpace/navi/install/rtabmap_msgs:/home/brace/codeSpace/navi/install/rtabmap:/opt/ros/humble LD_LIBRARY_PATH=/home/brace/codeSpace/navi/install/rtabmap_slam/lib:/home/brace/codeSpace/navi/install/rtabmap_odom/lib:/home/brace/codeSpace/navi/install/rtabmap_util/lib:/home/brace/codeSpace/navi/install/rtabmap_sync/lib:/home/brace/codeSpace/navi/install/rtabmap_rviz_plugins/lib:/home/brace/codeSpace/navi/install/rtabmap_conversions/lib:/home/brace/codeSpace/navi/install/rtabmap_msgs/lib:/home/brace/codeSpace/navi/install/rtabmap/lib:${LD_LIBRARY_PATH} PATH=/home/brace/codeSpace/navi/install/rtabmap/bin:${PATH} PKG_CONFIG_PATH=/home/brace/codeSpace/navi/install/rtabmap/lib/x86_64-linux-gnu/pkgconfig:/home/brace/codeSpace/navi/install/rtabmap/lib/pkgconfig PYTHONPATH=/home/brace/codeSpace/navi/install/rtabmap_msgs/local/lib/python3.10/dist-packages:${PYTHONPATH} /usr/bin/cmake --build /home/brace/codeSpace/navi/build/rtabmap_examples -- -j16 -l16
[1.508s] DEBUG:colcon.colcon_core.event_handler.log_command:Invoking command in '/home/brace/codeSpace/navi/build/rtabmap_launch': AMENT_PREFIX_PATH=/home/brace/codeSpace/navi/install/rtabmap_viz:/home/brace/codeSpace/navi/install/rtabmap_slam:/home/brace/codeSpace/navi/install/rtabmap_odom:/home/brace/codeSpace/navi/install/rtabmap_util:/home/brace/codeSpace/navi/install/rtabmap_sync:/home/brace/codeSpace/navi/install/rtabmap_rviz_plugins:/home/brace/codeSpace/navi/install/rtabmap_conversions:/home/brace/codeSpace/navi/install/rtabmap_msgs:${AMENT_PREFIX_PATH} CMAKE_PREFIX_PATH=/home/brace/codeSpace/navi/install/rtabmap_viz:/home/brace/codeSpace/navi/install/rtabmap_slam:/home/brace/codeSpace/navi/install/rtabmap_odom:/home/brace/codeSpace/navi/install/rtabmap_util:/home/brace/codeSpace/navi/install/rtabmap_sync:/home/brace/codeSpace/navi/install/rtabmap_rviz_plugins:/home/brace/codeSpace/navi/install/rtabmap_conversions:/home/brace/codeSpace/navi/install/rtabmap_msgs:/home/brace/codeSpace/navi/install/rtabmap:/opt/ros/humble LD_LIBRARY_PATH=/home/brace/codeSpace/navi/install/rtabmap_slam/lib:/home/brace/codeSpace/navi/install/rtabmap_odom/lib:/home/brace/codeSpace/navi/install/rtabmap_util/lib:/home/brace/codeSpace/navi/install/rtabmap_sync/lib:/home/brace/codeSpace/navi/install/rtabmap_rviz_plugins/lib:/home/brace/codeSpace/navi/install/rtabmap_conversions/lib:/home/brace/codeSpace/navi/install/rtabmap_msgs/lib:/home/brace/codeSpace/navi/install/rtabmap/lib:${LD_LIBRARY_PATH} PATH=/home/brace/codeSpace/navi/install/rtabmap/bin:${PATH} PKG_CONFIG_PATH=/home/brace/codeSpace/navi/install/rtabmap/lib/x86_64-linux-gnu/pkgconfig:/home/brace/codeSpace/navi/install/rtabmap/lib/pkgconfig PYTHONPATH=/home/brace/codeSpace/navi/install/rtabmap_msgs/local/lib/python3.10/dist-packages:${PYTHONPATH} /usr/bin/cmake --build /home/brace/codeSpace/navi/build/rtabmap_launch -- -j16 -l16
[1.535s] DEBUG:colcon.colcon_core.event_handler.log_command:Invoked command in '/home/brace/codeSpace/navi/build/rtabmap_demos' returned '0': AMENT_PREFIX_PATH=/home/brace/codeSpace/navi/install/rtabmap_viz:/home/brace/codeSpace/navi/install/rtabmap_slam:/home/brace/codeSpace/navi/install/rtabmap_odom:/home/brace/codeSpace/navi/install/rtabmap_util:/home/brace/codeSpace/navi/install/rtabmap_sync:/home/brace/codeSpace/navi/install/rtabmap_rviz_plugins:/home/brace/codeSpace/navi/install/rtabmap_conversions:/home/brace/codeSpace/navi/install/rtabmap_msgs:${AMENT_PREFIX_PATH} CMAKE_PREFIX_PATH=/home/brace/codeSpace/navi/install/rtabmap_viz:/home/brace/codeSpace/navi/install/rtabmap_slam:/home/brace/codeSpace/navi/install/rtabmap_odom:/home/brace/codeSpace/navi/install/rtabmap_util:/home/brace/codeSpace/navi/install/rtabmap_sync:/home/brace/codeSpace/navi/install/rtabmap_rviz_plugins:/home/brace/codeSpace/navi/install/rtabmap_conversions:/home/brace/codeSpace/navi/install/rtabmap_msgs:/home/brace/codeSpace/navi/install/rtabmap:/opt/ros/humble LD_LIBRARY_PATH=/home/brace/codeSpace/navi/install/rtabmap_slam/lib:/home/brace/codeSpace/navi/install/rtabmap_odom/lib:/home/brace/codeSpace/navi/install/rtabmap_util/lib:/home/brace/codeSpace/navi/install/rtabmap_sync/lib:/home/brace/codeSpace/navi/install/rtabmap_rviz_plugins/lib:/home/brace/codeSpace/navi/install/rtabmap_conversions/lib:/home/brace/codeSpace/navi/install/rtabmap_msgs/lib:/home/brace/codeSpace/navi/install/rtabmap/lib:${LD_LIBRARY_PATH} PATH=/home/brace/codeSpace/navi/install/rtabmap/bin:${PATH} PKG_CONFIG_PATH=/home/brace/codeSpace/navi/install/rtabmap/lib/x86_64-linux-gnu/pkgconfig:/home/brace/codeSpace/navi/install/rtabmap/lib/pkgconfig PYTHONPATH=/home/brace/codeSpace/navi/install/rtabmap_msgs/local/lib/python3.10/dist-packages:${PYTHONPATH} /usr/bin/cmake --build /home/brace/codeSpace/navi/build/rtabmap_demos -- -j16 -l16
[1.536s] DEBUG:colcon.colcon_core.event_handler.log_command:Invoking command in '/home/brace/codeSpace/navi/build/rtabmap_demos': AMENT_PREFIX_PATH=/home/brace/codeSpace/navi/install/rtabmap_viz:/home/brace/codeSpace/navi/install/rtabmap_slam:/home/brace/codeSpace/navi/install/rtabmap_odom:/home/brace/codeSpace/navi/install/rtabmap_util:/home/brace/codeSpace/navi/install/rtabmap_sync:/home/brace/codeSpace/navi/install/rtabmap_rviz_plugins:/home/brace/codeSpace/navi/install/rtabmap_conversions:/home/brace/codeSpace/navi/install/rtabmap_msgs:${AMENT_PREFIX_PATH} CMAKE_PREFIX_PATH=/home/brace/codeSpace/navi/install/rtabmap_viz:/home/brace/codeSpace/navi/install/rtabmap_slam:/home/brace/codeSpace/navi/install/rtabmap_odom:/home/brace/codeSpace/navi/install/rtabmap_util:/home/brace/codeSpace/navi/install/rtabmap_sync:/home/brace/codeSpace/navi/install/rtabmap_rviz_plugins:/home/brace/codeSpace/navi/install/rtabmap_conversions:/home/brace/codeSpace/navi/install/rtabmap_msgs:/home/brace/codeSpace/navi/install/rtabmap:/opt/ros/humble LD_LIBRARY_PATH=/home/brace/codeSpace/navi/install/rtabmap_slam/lib:/home/brace/codeSpace/navi/install/rtabmap_odom/lib:/home/brace/codeSpace/navi/install/rtabmap_util/lib:/home/brace/codeSpace/navi/install/rtabmap_sync/lib:/home/brace/codeSpace/navi/install/rtabmap_rviz_plugins/lib:/home/brace/codeSpace/navi/install/rtabmap_conversions/lib:/home/brace/codeSpace/navi/install/rtabmap_msgs/lib:/home/brace/codeSpace/navi/install/rtabmap/lib:${LD_LIBRARY_PATH} PATH=/home/brace/codeSpace/navi/install/rtabmap/bin:${PATH} PKG_CONFIG_PATH=/home/brace/codeSpace/navi/install/rtabmap/lib/x86_64-linux-gnu/pkgconfig:/home/brace/codeSpace/navi/install/rtabmap/lib/pkgconfig PYTHONPATH=/home/brace/codeSpace/navi/install/rtabmap_msgs/local/lib/python3.10/dist-packages:${PYTHONPATH} /usr/bin/cmake --install /home/brace/codeSpace/navi/build/rtabmap_demos
[1.543s] DEBUG:colcon.colcon_core.event_handler.log_command:Invoked command in '/home/brace/codeSpace/navi/build/rtabmap_launch' returned '0': AMENT_PREFIX_PATH=/home/brace/codeSpace/navi/install/rtabmap_viz:/home/brace/codeSpace/navi/install/rtabmap_slam:/home/brace/codeSpace/navi/install/rtabmap_odom:/home/brace/codeSpace/navi/install/rtabmap_util:/home/brace/codeSpace/navi/install/rtabmap_sync:/home/brace/codeSpace/navi/install/rtabmap_rviz_plugins:/home/brace/codeSpace/navi/install/rtabmap_conversions:/home/brace/codeSpace/navi/install/rtabmap_msgs:${AMENT_PREFIX_PATH} CMAKE_PREFIX_PATH=/home/brace/codeSpace/navi/install/rtabmap_viz:/home/brace/codeSpace/navi/install/rtabmap_slam:/home/brace/codeSpace/navi/install/rtabmap_odom:/home/brace/codeSpace/navi/install/rtabmap_util:/home/brace/codeSpace/navi/install/rtabmap_sync:/home/brace/codeSpace/navi/install/rtabmap_rviz_plugins:/home/brace/codeSpace/navi/install/rtabmap_conversions:/home/brace/codeSpace/navi/install/rtabmap_msgs:/home/brace/codeSpace/navi/install/rtabmap:/opt/ros/humble LD_LIBRARY_PATH=/home/brace/codeSpace/navi/install/rtabmap_slam/lib:/home/brace/codeSpace/navi/install/rtabmap_odom/lib:/home/brace/codeSpace/navi/install/rtabmap_util/lib:/home/brace/codeSpace/navi/install/rtabmap_sync/lib:/home/brace/codeSpace/navi/install/rtabmap_rviz_plugins/lib:/home/brace/codeSpace/navi/install/rtabmap_conversions/lib:/home/brace/codeSpace/navi/install/rtabmap_msgs/lib:/home/brace/codeSpace/navi/install/rtabmap/lib:${LD_LIBRARY_PATH} PATH=/home/brace/codeSpace/navi/install/rtabmap/bin:${PATH} PKG_CONFIG_PATH=/home/brace/codeSpace/navi/install/rtabmap/lib/x86_64-linux-gnu/pkgconfig:/home/brace/codeSpace/navi/install/rtabmap/lib/pkgconfig PYTHONPATH=/home/brace/codeSpace/navi/install/rtabmap_msgs/local/lib/python3.10/dist-packages:${PYTHONPATH} /usr/bin/cmake --build /home/brace/codeSpace/navi/build/rtabmap_launch -- -j16 -l16
[1.545s] DEBUG:colcon.colcon_core.event_handler.log_command:Invoking command in '/home/brace/codeSpace/navi/build/rtabmap_launch': AMENT_PREFIX_PATH=/home/brace/codeSpace/navi/install/rtabmap_viz:/home/brace/codeSpace/navi/install/rtabmap_slam:/home/brace/codeSpace/navi/install/rtabmap_odom:/home/brace/codeSpace/navi/install/rtabmap_util:/home/brace/codeSpace/navi/install/rtabmap_sync:/home/brace/codeSpace/navi/install/rtabmap_rviz_plugins:/home/brace/codeSpace/navi/install/rtabmap_conversions:/home/brace/codeSpace/navi/install/rtabmap_msgs:${AMENT_PREFIX_PATH} CMAKE_PREFIX_PATH=/home/brace/codeSpace/navi/install/rtabmap_viz:/home/brace/codeSpace/navi/install/rtabmap_slam:/home/brace/codeSpace/navi/install/rtabmap_odom:/home/brace/codeSpace/navi/install/rtabmap_util:/home/brace/codeSpace/navi/install/rtabmap_sync:/home/brace/codeSpace/navi/install/rtabmap_rviz_plugins:/home/brace/codeSpace/navi/install/rtabmap_conversions:/home/brace/codeSpace/navi/install/rtabmap_msgs:/home/brace/codeSpace/navi/install/rtabmap:/opt/ros/humble LD_LIBRARY_PATH=/home/brace/codeSpace/navi/install/rtabmap_slam/lib:/home/brace/codeSpace/navi/install/rtabmap_odom/lib:/home/brace/codeSpace/navi/install/rtabmap_util/lib:/home/brace/codeSpace/navi/install/rtabmap_sync/lib:/home/brace/codeSpace/navi/install/rtabmap_rviz_plugins/lib:/home/brace/codeSpace/navi/install/rtabmap_conversions/lib:/home/brace/codeSpace/navi/install/rtabmap_msgs/lib:/home/brace/codeSpace/navi/install/rtabmap/lib:${LD_LIBRARY_PATH} PATH=/home/brace/codeSpace/navi/install/rtabmap/bin:${PATH} PKG_CONFIG_PATH=/home/brace/codeSpace/navi/install/rtabmap/lib/x86_64-linux-gnu/pkgconfig:/home/brace/codeSpace/navi/install/rtabmap/lib/pkgconfig PYTHONPATH=/home/brace/codeSpace/navi/install/rtabmap_msgs/local/lib/python3.10/dist-packages:${PYTHONPATH} /usr/bin/cmake --install /home/brace/codeSpace/navi/build/rtabmap_launch
[1.546s] DEBUG:colcon.colcon_core.event_handler.log_command:Invoked command in '/home/brace/codeSpace/navi/build/rtabmap_examples' returned '0': AMENT_PREFIX_PATH=/home/brace/codeSpace/navi/install/rtabmap_viz:/home/brace/codeSpace/navi/install/rtabmap_slam:/home/brace/codeSpace/navi/install/rtabmap_odom:/home/brace/codeSpace/navi/install/rtabmap_util:/home/brace/codeSpace/navi/install/rtabmap_sync:/home/brace/codeSpace/navi/install/rtabmap_rviz_plugins:/home/brace/codeSpace/navi/install/rtabmap_conversions:/home/brace/codeSpace/navi/install/rtabmap_msgs:${AMENT_PREFIX_PATH} CMAKE_PREFIX_PATH=/home/brace/codeSpace/navi/install/rtabmap_viz:/home/brace/codeSpace/navi/install/rtabmap_slam:/home/brace/codeSpace/navi/install/rtabmap_odom:/home/brace/codeSpace/navi/install/rtabmap_util:/home/brace/codeSpace/navi/install/rtabmap_sync:/home/brace/codeSpace/navi/install/rtabmap_rviz_plugins:/home/brace/codeSpace/navi/install/rtabmap_conversions:/home/brace/codeSpace/navi/install/rtabmap_msgs:/home/brace/codeSpace/navi/install/rtabmap:/opt/ros/humble LD_LIBRARY_PATH=/home/brace/codeSpace/navi/install/rtabmap_slam/lib:/home/brace/codeSpace/navi/install/rtabmap_odom/lib:/home/brace/codeSpace/navi/install/rtabmap_util/lib:/home/brace/codeSpace/navi/install/rtabmap_sync/lib:/home/brace/codeSpace/navi/install/rtabmap_rviz_plugins/lib:/home/brace/codeSpace/navi/install/rtabmap_conversions/lib:/home/brace/codeSpace/navi/install/rtabmap_msgs/lib:/home/brace/codeSpace/navi/install/rtabmap/lib:${LD_LIBRARY_PATH} PATH=/home/brace/codeSpace/navi/install/rtabmap/bin:${PATH} PKG_CONFIG_PATH=/home/brace/codeSpace/navi/install/rtabmap/lib/x86_64-linux-gnu/pkgconfig:/home/brace/codeSpace/navi/install/rtabmap/lib/pkgconfig PYTHONPATH=/home/brace/codeSpace/navi/install/rtabmap_msgs/local/lib/python3.10/dist-packages:${PYTHONPATH} /usr/bin/cmake --build /home/brace/codeSpace/navi/build/rtabmap_examples -- -j16 -l16
[1.547s] DEBUG:colcon.colcon_core.event_handler.log_command:Invoking command in '/home/brace/codeSpace/navi/build/rtabmap_examples': AMENT_PREFIX_PATH=/home/brace/codeSpace/navi/install/rtabmap_viz:/home/brace/codeSpace/navi/install/rtabmap_slam:/home/brace/codeSpace/navi/install/rtabmap_odom:/home/brace/codeSpace/navi/install/rtabmap_util:/home/brace/codeSpace/navi/install/rtabmap_sync:/home/brace/codeSpace/navi/install/rtabmap_rviz_plugins:/home/brace/codeSpace/navi/install/rtabmap_conversions:/home/brace/codeSpace/navi/install/rtabmap_msgs:${AMENT_PREFIX_PATH} CMAKE_PREFIX_PATH=/home/brace/codeSpace/navi/install/rtabmap_viz:/home/brace/codeSpace/navi/install/rtabmap_slam:/home/brace/codeSpace/navi/install/rtabmap_odom:/home/brace/codeSpace/navi/install/rtabmap_util:/home/brace/codeSpace/navi/install/rtabmap_sync:/home/brace/codeSpace/navi/install/rtabmap_rviz_plugins:/home/brace/codeSpace/navi/install/rtabmap_conversions:/home/brace/codeSpace/navi/install/rtabmap_msgs:/home/brace/codeSpace/navi/install/rtabmap:/opt/ros/humble LD_LIBRARY_PATH=/home/brace/codeSpace/navi/install/rtabmap_slam/lib:/home/brace/codeSpace/navi/install/rtabmap_odom/lib:/home/brace/codeSpace/navi/install/rtabmap_util/lib:/home/brace/codeSpace/navi/install/rtabmap_sync/lib:/home/brace/codeSpace/navi/install/rtabmap_rviz_plugins/lib:/home/brace/codeSpace/navi/install/rtabmap_conversions/lib:/home/brace/codeSpace/navi/install/rtabmap_msgs/lib:/home/brace/codeSpace/navi/install/rtabmap/lib:${LD_LIBRARY_PATH} PATH=/home/brace/codeSpace/navi/install/rtabmap/bin:${PATH} PKG_CONFIG_PATH=/home/brace/codeSpace/navi/install/rtabmap/lib/x86_64-linux-gnu/pkgconfig:/home/brace/codeSpace/navi/install/rtabmap/lib/pkgconfig PYTHONPATH=/home/brace/codeSpace/navi/install/rtabmap_msgs/local/lib/python3.10/dist-packages:${PYTHONPATH} /usr/bin/cmake --install /home/brace/codeSpace/navi/build/rtabmap_examples
[1.553s] Level 1:colcon.colcon_core.environment:create_environment_scripts_only(rtabmap_demos)
[1.553s] Level 1:colcon.colcon_core.environment:checking '/home/brace/codeSpace/navi/install/rtabmap_demos' for CMake module files
[1.554s] DEBUG:colcon.colcon_core.event_handler.log_command:Invoked command in '/home/brace/codeSpace/navi/build/rtabmap_demos' returned '0': AMENT_PREFIX_PATH=/home/brace/codeSpace/navi/install/rtabmap_viz:/home/brace/codeSpace/navi/install/rtabmap_slam:/home/brace/codeSpace/navi/install/rtabmap_odom:/home/brace/codeSpace/navi/install/rtabmap_util:/home/brace/codeSpace/navi/install/rtabmap_sync:/home/brace/codeSpace/navi/install/rtabmap_rviz_plugins:/home/brace/codeSpace/navi/install/rtabmap_conversions:/home/brace/codeSpace/navi/install/rtabmap_msgs:${AMENT_PREFIX_PATH} CMAKE_PREFIX_PATH=/home/brace/codeSpace/navi/install/rtabmap_viz:/home/brace/codeSpace/navi/install/rtabmap_slam:/home/brace/codeSpace/navi/install/rtabmap_odom:/home/brace/codeSpace/navi/install/rtabmap_util:/home/brace/codeSpace/navi/install/rtabmap_sync:/home/brace/codeSpace/navi/install/rtabmap_rviz_plugins:/home/brace/codeSpace/navi/install/rtabmap_conversions:/home/brace/codeSpace/navi/install/rtabmap_msgs:/home/brace/codeSpace/navi/install/rtabmap:/opt/ros/humble LD_LIBRARY_PATH=/home/brace/codeSpace/navi/install/rtabmap_slam/lib:/home/brace/codeSpace/navi/install/rtabmap_odom/lib:/home/brace/codeSpace/navi/install/rtabmap_util/lib:/home/brace/codeSpace/navi/install/rtabmap_sync/lib:/home/brace/codeSpace/navi/install/rtabmap_rviz_plugins/lib:/home/brace/codeSpace/navi/install/rtabmap_conversions/lib:/home/brace/codeSpace/navi/install/rtabmap_msgs/lib:/home/brace/codeSpace/navi/install/rtabmap/lib:${LD_LIBRARY_PATH} PATH=/home/brace/codeSpace/navi/install/rtabmap/bin:${PATH} PKG_CONFIG_PATH=/home/brace/codeSpace/navi/install/rtabmap/lib/x86_64-linux-gnu/pkgconfig:/home/brace/codeSpace/navi/install/rtabmap/lib/pkgconfig PYTHONPATH=/home/brace/codeSpace/navi/install/rtabmap_msgs/local/lib/python3.10/dist-packages:${PYTHONPATH} /usr/bin/cmake --install /home/brace/codeSpace/navi/build/rtabmap_demos
[1.555s] Level 1:colcon.colcon_core.environment:checking '/home/brace/codeSpace/navi/install/rtabmap_demos' for CMake config files
[1.557s] Level 1:colcon.colcon_core.shell:create_environment_hook('rtabmap_demos', 'cmake_prefix_path')
[1.557s] INFO:colcon.colcon_core.shell:Creating environment hook '/home/brace/codeSpace/navi/install/rtabmap_demos/share/rtabmap_demos/hook/cmake_prefix_path.ps1'
[1.558s] INFO:colcon.colcon_core.shell:Creating environment descriptor '/home/brace/codeSpace/navi/install/rtabmap_demos/share/rtabmap_demos/hook/cmake_prefix_path.dsv'
[1.558s] INFO:colcon.colcon_core.shell:Creating environment hook '/home/brace/codeSpace/navi/install/rtabmap_demos/share/rtabmap_demos/hook/cmake_prefix_path.sh'
[1.558s] Level 1:colcon.colcon_core.environment:checking '/home/brace/codeSpace/navi/install/rtabmap_demos/bin'
[1.559s] Level 1:colcon.colcon_core.environment:checking '/home/brace/codeSpace/navi/install/rtabmap_demos/lib/pkgconfig/rtabmap_demos.pc'
[1.559s] Level 1:colcon.colcon_core.environment:checking '/home/brace/codeSpace/navi/install/rtabmap_demos/lib/python3.10/site-packages'
[1.559s] Level 1:colcon.colcon_core.environment:checking '/home/brace/codeSpace/navi/install/rtabmap_demos/bin'
[1.559s] INFO:colcon.colcon_core.shell:Creating package script '/home/brace/codeSpace/navi/install/rtabmap_demos/share/rtabmap_demos/package.ps1'
[1.560s] INFO:colcon.colcon_core.shell:Creating package descriptor '/home/brace/codeSpace/navi/install/rtabmap_demos/share/rtabmap_demos/package.dsv'
[1.560s] INFO:colcon.colcon_core.shell:Creating package script '/home/brace/codeSpace/navi/install/rtabmap_demos/share/rtabmap_demos/package.sh'
[1.560s] INFO:colcon.colcon_core.shell:Creating package script '/home/brace/codeSpace/navi/install/rtabmap_demos/share/rtabmap_demos/package.bash'
[1.560s] INFO:colcon.colcon_core.shell:Creating package script '/home/brace/codeSpace/navi/install/rtabmap_demos/share/rtabmap_demos/package.zsh'
[1.561s] Level 1:colcon.colcon_core.environment:create_file_with_runtime_dependencies(/home/brace/codeSpace/navi/install/rtabmap_demos/share/colcon-core/packages/rtabmap_demos)
[1.561s] Level 1:colcon.colcon_core.environment:create_environment_scripts_only(rtabmap_demos)
[1.561s] Level 1:colcon.colcon_core.environment:checking '/home/brace/codeSpace/navi/install/rtabmap_demos' for CMake module files
[1.561s] Level 1:colcon.colcon_core.environment:checking '/home/brace/codeSpace/navi/install/rtabmap_demos' for CMake config files
[1.561s] Level 1:colcon.colcon_core.shell:create_environment_hook('rtabmap_demos', 'cmake_prefix_path')
[1.562s] INFO:colcon.colcon_core.shell:Creating environment hook '/home/brace/codeSpace/navi/install/rtabmap_demos/share/rtabmap_demos/hook/cmake_prefix_path.ps1'
[1.562s] INFO:colcon.colcon_core.shell:Creating environment descriptor '/home/brace/codeSpace/navi/install/rtabmap_demos/share/rtabmap_demos/hook/cmake_prefix_path.dsv'
[1.562s] INFO:colcon.colcon_core.shell:Creating environment hook '/home/brace/codeSpace/navi/install/rtabmap_demos/share/rtabmap_demos/hook/cmake_prefix_path.sh'
[1.563s] Level 1:colcon.colcon_core.environment:checking '/home/brace/codeSpace/navi/install/rtabmap_demos/bin'
[1.563s] Level 1:colcon.colcon_core.environment:checking '/home/brace/codeSpace/navi/install/rtabmap_demos/lib/pkgconfig/rtabmap_demos.pc'
[1.563s] Level 1:colcon.colcon_core.environment:checking '/home/brace/codeSpace/navi/install/rtabmap_demos/lib/python3.10/site-packages'
[1.563s] Level 1:colcon.colcon_core.environment:checking '/home/brace/codeSpace/navi/install/rtabmap_demos/bin'
[1.563s] INFO:colcon.colcon_core.shell:Creating package script '/home/brace/codeSpace/navi/install/rtabmap_demos/share/rtabmap_demos/package.ps1'
[1.564s] INFO:colcon.colcon_core.shell:Creating package descriptor '/home/brace/codeSpace/navi/install/rtabmap_demos/share/rtabmap_demos/package.dsv'
[1.564s] INFO:colcon.colcon_core.shell:Creating package script '/home/brace/codeSpace/navi/install/rtabmap_demos/share/rtabmap_demos/package.sh'
[1.564s] INFO:colcon.colcon_core.shell:Creating package script '/home/brace/codeSpace/navi/install/rtabmap_demos/share/rtabmap_demos/package.bash'
[1.565s] INFO:colcon.colcon_core.shell:Creating package script '/home/brace/codeSpace/navi/install/rtabmap_demos/share/rtabmap_demos/package.zsh'
[1.565s] Level 1:colcon.colcon_core.environment:create_file_with_runtime_dependencies(/home/brace/codeSpace/navi/install/rtabmap_demos/share/colcon-core/packages/rtabmap_demos)
[1.566s] Level 1:colcon.colcon_core.environment:create_environment_scripts_only(rtabmap_launch)
[1.566s] Level 1:colcon.colcon_core.environment:checking '/home/brace/codeSpace/navi/install/rtabmap_launch' for CMake module files
[1.566s] DEBUG:colcon.colcon_core.event_handler.log_command:Invoked command in '/home/brace/codeSpace/navi/build/rtabmap_launch' returned '0': AMENT_PREFIX_PATH=/home/brace/codeSpace/navi/install/rtabmap_viz:/home/brace/codeSpace/navi/install/rtabmap_slam:/home/brace/codeSpace/navi/install/rtabmap_odom:/home/brace/codeSpace/navi/install/rtabmap_util:/home/brace/codeSpace/navi/install/rtabmap_sync:/home/brace/codeSpace/navi/install/rtabmap_rviz_plugins:/home/brace/codeSpace/navi/install/rtabmap_conversions:/home/brace/codeSpace/navi/install/rtabmap_msgs:${AMENT_PREFIX_PATH} CMAKE_PREFIX_PATH=/home/brace/codeSpace/navi/install/rtabmap_viz:/home/brace/codeSpace/navi/install/rtabmap_slam:/home/brace/codeSpace/navi/install/rtabmap_odom:/home/brace/codeSpace/navi/install/rtabmap_util:/home/brace/codeSpace/navi/install/rtabmap_sync:/home/brace/codeSpace/navi/install/rtabmap_rviz_plugins:/home/brace/codeSpace/navi/install/rtabmap_conversions:/home/brace/codeSpace/navi/install/rtabmap_msgs:/home/brace/codeSpace/navi/install/rtabmap:/opt/ros/humble LD_LIBRARY_PATH=/home/brace/codeSpace/navi/install/rtabmap_slam/lib:/home/brace/codeSpace/navi/install/rtabmap_odom/lib:/home/brace/codeSpace/navi/install/rtabmap_util/lib:/home/brace/codeSpace/navi/install/rtabmap_sync/lib:/home/brace/codeSpace/navi/install/rtabmap_rviz_plugins/lib:/home/brace/codeSpace/navi/install/rtabmap_conversions/lib:/home/brace/codeSpace/navi/install/rtabmap_msgs/lib:/home/brace/codeSpace/navi/install/rtabmap/lib:${LD_LIBRARY_PATH} PATH=/home/brace/codeSpace/navi/install/rtabmap/bin:${PATH} PKG_CONFIG_PATH=/home/brace/codeSpace/navi/install/rtabmap/lib/x86_64-linux-gnu/pkgconfig:/home/brace/codeSpace/navi/install/rtabmap/lib/pkgconfig PYTHONPATH=/home/brace/codeSpace/navi/install/rtabmap_msgs/local/lib/python3.10/dist-packages:${PYTHONPATH} /usr/bin/cmake --install /home/brace/codeSpace/navi/build/rtabmap_launch
[1.567s] Level 1:colcon.colcon_core.environment:checking '/home/brace/codeSpace/navi/install/rtabmap_launch' for CMake config files
[1.567s] Level 1:colcon.colcon_core.shell:create_environment_hook('rtabmap_launch', 'cmake_prefix_path')
[1.567s] INFO:colcon.colcon_core.shell:Creating environment hook '/home/brace/codeSpace/navi/install/rtabmap_launch/share/rtabmap_launch/hook/cmake_prefix_path.ps1'
[1.567s] INFO:colcon.colcon_core.shell:Creating environment descriptor '/home/brace/codeSpace/navi/install/rtabmap_launch/share/rtabmap_launch/hook/cmake_prefix_path.dsv'
[1.567s] INFO:colcon.colcon_core.shell:Creating environment hook '/home/brace/codeSpace/navi/install/rtabmap_launch/share/rtabmap_launch/hook/cmake_prefix_path.sh'
[1.568s] Level 1:colcon.colcon_core.environment:checking '/home/brace/codeSpace/navi/install/rtabmap_launch/bin'
[1.568s] Level 1:colcon.colcon_core.environment:checking '/home/brace/codeSpace/navi/install/rtabmap_launch/lib/pkgconfig/rtabmap_launch.pc'
[1.568s] Level 1:colcon.colcon_core.environment:checking '/home/brace/codeSpace/navi/install/rtabmap_launch/lib/python3.10/site-packages'
[1.568s] Level 1:colcon.colcon_core.environment:checking '/home/brace/codeSpace/navi/install/rtabmap_launch/bin'
[1.568s] INFO:colcon.colcon_core.shell:Creating package script '/home/brace/codeSpace/navi/install/rtabmap_launch/share/rtabmap_launch/package.ps1'
[1.569s] INFO:colcon.colcon_core.shell:Creating package descriptor '/home/brace/codeSpace/navi/install/rtabmap_launch/share/rtabmap_launch/package.dsv'
[1.569s] INFO:colcon.colcon_core.shell:Creating package script '/home/brace/codeSpace/navi/install/rtabmap_launch/share/rtabmap_launch/package.sh'
[1.570s] INFO:colcon.colcon_core.shell:Creating package script '/home/brace/codeSpace/navi/install/rtabmap_launch/share/rtabmap_launch/package.bash'
[1.570s] INFO:colcon.colcon_core.shell:Creating package script '/home/brace/codeSpace/navi/install/rtabmap_launch/share/rtabmap_launch/package.zsh'
[1.570s] Level 1:colcon.colcon_core.environment:create_file_with_runtime_dependencies(/home/brace/codeSpace/navi/install/rtabmap_launch/share/colcon-core/packages/rtabmap_launch)
[1.570s] Level 1:colcon.colcon_core.environment:create_environment_scripts_only(rtabmap_launch)
[1.571s] Level 1:colcon.colcon_core.environment:checking '/home/brace/codeSpace/navi/install/rtabmap_launch' for CMake module files
[1.571s] Level 1:colcon.colcon_core.environment:checking '/home/brace/codeSpace/navi/install/rtabmap_launch' for CMake config files
[1.571s] Level 1:colcon.colcon_core.shell:create_environment_hook('rtabmap_launch', 'cmake_prefix_path')
[1.571s] INFO:colcon.colcon_core.shell:Creating environment hook '/home/brace/codeSpace/navi/install/rtabmap_launch/share/rtabmap_launch/hook/cmake_prefix_path.ps1'
[1.571s] INFO:colcon.colcon_core.shell:Creating environment descriptor '/home/brace/codeSpace/navi/install/rtabmap_launch/share/rtabmap_launch/hook/cmake_prefix_path.dsv'
[1.571s] INFO:colcon.colcon_core.shell:Creating environment hook '/home/brace/codeSpace/navi/install/rtabmap_launch/share/rtabmap_launch/hook/cmake_prefix_path.sh'
[1.572s] Level 1:colcon.colcon_core.environment:checking '/home/brace/codeSpace/navi/install/rtabmap_launch/bin'
[1.572s] Level 1:colcon.colcon_core.environment:checking '/home/brace/codeSpace/navi/install/rtabmap_launch/lib/pkgconfig/rtabmap_launch.pc'
[1.572s] Level 1:colcon.colcon_core.environment:checking '/home/brace/codeSpace/navi/install/rtabmap_launch/lib/python3.10/site-packages'
[1.572s] Level 1:colcon.colcon_core.environment:checking '/home/brace/codeSpace/navi/install/rtabmap_launch/bin'
[1.572s] INFO:colcon.colcon_core.shell:Creating package script '/home/brace/codeSpace/navi/install/rtabmap_launch/share/rtabmap_launch/package.ps1'
[1.573s] INFO:colcon.colcon_core.shell:Creating package descriptor '/home/brace/codeSpace/navi/install/rtabmap_launch/share/rtabmap_launch/package.dsv'
[1.573s] INFO:colcon.colcon_core.shell:Creating package script '/home/brace/codeSpace/navi/install/rtabmap_launch/share/rtabmap_launch/package.sh'
[1.573s] INFO:colcon.colcon_core.shell:Creating package script '/home/brace/codeSpace/navi/install/rtabmap_launch/share/rtabmap_launch/package.bash'
[1.573s] INFO:colcon.colcon_core.shell:Creating package script '/home/brace/codeSpace/navi/install/rtabmap_launch/share/rtabmap_launch/package.zsh'
[1.573s] Level 1:colcon.colcon_core.environment:create_file_with_runtime_dependencies(/home/brace/codeSpace/navi/install/rtabmap_launch/share/colcon-core/packages/rtabmap_launch)
[1.574s] Level 1:colcon.colcon_core.environment:create_environment_scripts_only(rtabmap_examples)
[1.574s] Level 1:colcon.colcon_core.environment:checking '/home/brace/codeSpace/navi/install/rtabmap_examples' for CMake module files
[1.574s] DEBUG:colcon.colcon_core.event_handler.log_command:Invoked command in '/home/brace/codeSpace/navi/build/rtabmap_examples' returned '0': AMENT_PREFIX_PATH=/home/brace/codeSpace/navi/install/rtabmap_viz:/home/brace/codeSpace/navi/install/rtabmap_slam:/home/brace/codeSpace/navi/install/rtabmap_odom:/home/brace/codeSpace/navi/install/rtabmap_util:/home/brace/codeSpace/navi/install/rtabmap_sync:/home/brace/codeSpace/navi/install/rtabmap_rviz_plugins:/home/brace/codeSpace/navi/install/rtabmap_conversions:/home/brace/codeSpace/navi/install/rtabmap_msgs:${AMENT_PREFIX_PATH} CMAKE_PREFIX_PATH=/home/brace/codeSpace/navi/install/rtabmap_viz:/home/brace/codeSpace/navi/install/rtabmap_slam:/home/brace/codeSpace/navi/install/rtabmap_odom:/home/brace/codeSpace/navi/install/rtabmap_util:/home/brace/codeSpace/navi/install/rtabmap_sync:/home/brace/codeSpace/navi/install/rtabmap_rviz_plugins:/home/brace/codeSpace/navi/install/rtabmap_conversions:/home/brace/codeSpace/navi/install/rtabmap_msgs:/home/brace/codeSpace/navi/install/rtabmap:/opt/ros/humble LD_LIBRARY_PATH=/home/brace/codeSpace/navi/install/rtabmap_slam/lib:/home/brace/codeSpace/navi/install/rtabmap_odom/lib:/home/brace/codeSpace/navi/install/rtabmap_util/lib:/home/brace/codeSpace/navi/install/rtabmap_sync/lib:/home/brace/codeSpace/navi/install/rtabmap_rviz_plugins/lib:/home/brace/codeSpace/navi/install/rtabmap_conversions/lib:/home/brace/codeSpace/navi/install/rtabmap_msgs/lib:/home/brace/codeSpace/navi/install/rtabmap/lib:${LD_LIBRARY_PATH} PATH=/home/brace/codeSpace/navi/install/rtabmap/bin:${PATH} PKG_CONFIG_PATH=/home/brace/codeSpace/navi/install/rtabmap/lib/x86_64-linux-gnu/pkgconfig:/home/brace/codeSpace/navi/install/rtabmap/lib/pkgconfig PYTHONPATH=/home/brace/codeSpace/navi/install/rtabmap_msgs/local/lib/python3.10/dist-packages:${PYTHONPATH} /usr/bin/cmake --install /home/brace/codeSpace/navi/build/rtabmap_examples
[1.575s] Level 1:colcon.colcon_core.environment:checking '/home/brace/codeSpace/navi/install/rtabmap_examples' for CMake config files
[1.575s] Level 1:colcon.colcon_core.shell:create_environment_hook('rtabmap_examples', 'cmake_prefix_path')
[1.575s] INFO:colcon.colcon_core.shell:Creating environment hook '/home/brace/codeSpace/navi/install/rtabmap_examples/share/rtabmap_examples/hook/cmake_prefix_path.ps1'
[1.575s] INFO:colcon.colcon_core.shell:Creating environment descriptor '/home/brace/codeSpace/navi/install/rtabmap_examples/share/rtabmap_examples/hook/cmake_prefix_path.dsv'
[1.575s] INFO:colcon.colcon_core.shell:Creating environment hook '/home/brace/codeSpace/navi/install/rtabmap_examples/share/rtabmap_examples/hook/cmake_prefix_path.sh'
[1.576s] Level 1:colcon.colcon_core.environment:checking '/home/brace/codeSpace/navi/install/rtabmap_examples/bin'
[1.576s] Level 1:colcon.colcon_core.environment:checking '/home/brace/codeSpace/navi/install/rtabmap_examples/lib/pkgconfig/rtabmap_examples.pc'
[1.576s] Level 1:colcon.colcon_core.environment:checking '/home/brace/codeSpace/navi/install/rtabmap_examples/lib/python3.10/site-packages'
[1.576s] Level 1:colcon.colcon_core.environment:checking '/home/brace/codeSpace/navi/install/rtabmap_examples/bin'
[1.576s] INFO:colcon.colcon_core.shell:Creating package script '/home/brace/codeSpace/navi/install/rtabmap_examples/share/rtabmap_examples/package.ps1'
[1.577s] INFO:colcon.colcon_core.shell:Creating package descriptor '/home/brace/codeSpace/navi/install/rtabmap_examples/share/rtabmap_examples/package.dsv'
[1.577s] INFO:colcon.colcon_core.shell:Creating package script '/home/brace/codeSpace/navi/install/rtabmap_examples/share/rtabmap_examples/package.sh'
[1.577s] INFO:colcon.colcon_core.shell:Creating package script '/home/brace/codeSpace/navi/install/rtabmap_examples/share/rtabmap_examples/package.bash'
[1.577s] INFO:colcon.colcon_core.shell:Creating package script '/home/brace/codeSpace/navi/install/rtabmap_examples/share/rtabmap_examples/package.zsh'
[1.577s] Level 1:colcon.colcon_core.environment:create_file_with_runtime_dependencies(/home/brace/codeSpace/navi/install/rtabmap_examples/share/colcon-core/packages/rtabmap_examples)
[1.578s] Level 1:colcon.colcon_core.environment:create_environment_scripts_only(rtabmap_examples)
[1.578s] Level 1:colcon.colcon_core.environment:checking '/home/brace/codeSpace/navi/install/rtabmap_examples' for CMake module files
[1.578s] Level 1:colcon.colcon_core.environment:checking '/home/brace/codeSpace/navi/install/rtabmap_examples' for CMake config files
[1.578s] Level 1:colcon.colcon_core.shell:create_environment_hook('rtabmap_examples', 'cmake_prefix_path')
[1.578s] INFO:colcon.colcon_core.shell:Creating environment hook '/home/brace/codeSpace/navi/install/rtabmap_examples/share/rtabmap_examples/hook/cmake_prefix_path.ps1'
[1.579s] INFO:colcon.colcon_core.shell:Creating environment descriptor '/home/brace/codeSpace/navi/install/rtabmap_examples/share/rtabmap_examples/hook/cmake_prefix_path.dsv'
[1.579s] INFO:colcon.colcon_core.shell:Creating environment hook '/home/brace/codeSpace/navi/install/rtabmap_examples/share/rtabmap_examples/hook/cmake_prefix_path.sh'
[1.579s] Level 1:colcon.colcon_core.environment:checking '/home/brace/codeSpace/navi/install/rtabmap_examples/bin'
[1.579s] Level 1:colcon.colcon_core.environment:checking '/home/brace/codeSpace/navi/install/rtabmap_examples/lib/pkgconfig/rtabmap_examples.pc'
[1.579s] Level 1:colcon.colcon_core.environment:checking '/home/brace/codeSpace/navi/install/rtabmap_examples/lib/python3.10/site-packages'
[1.579s] Level 1:colcon.colcon_core.environment:checking '/home/brace/codeSpace/navi/install/rtabmap_examples/bin'
[1.580s] INFO:colcon.colcon_core.shell:Creating package script '/home/brace/codeSpace/navi/install/rtabmap_examples/share/rtabmap_examples/package.ps1'
[1.580s] INFO:colcon.colcon_core.shell:Creating package descriptor '/home/brace/codeSpace/navi/install/rtabmap_examples/share/rtabmap_examples/package.dsv'
[1.581s] INFO:colcon.colcon_core.shell:Creating package script '/home/brace/codeSpace/navi/install/rtabmap_examples/share/rtabmap_examples/package.sh'
[1.582s] INFO:colcon.colcon_core.shell:Creating package script '/home/brace/codeSpace/navi/install/rtabmap_examples/share/rtabmap_examples/package.bash'
[1.582s] INFO:colcon.colcon_core.shell:Creating package script '/home/brace/codeSpace/navi/install/rtabmap_examples/share/rtabmap_examples/package.zsh'
[1.582s] Level 1:colcon.colcon_core.environment:create_file_with_runtime_dependencies(/home/brace/codeSpace/navi/install/rtabmap_examples/share/colcon-core/packages/rtabmap_examples)
[1.582s] INFO:colcon.colcon_ros.task.ament_cmake.build:Building ROS package in '/home/brace/codeSpace/navi/src/rtabmap_ros/rtabmap_ros' with build type 'ament_cmake'
[1.582s] INFO:colcon.colcon_cmake.task.cmake.build:Building CMake package in '/home/brace/codeSpace/navi/src/rtabmap_ros/rtabmap_ros'
[1.583s] INFO:colcon.colcon_core.shell:Skip shell extension 'powershell' for command environment: Not usable outside of PowerShell
[1.583s] DEBUG:colcon.colcon_core.shell:Skip shell extension 'dsv' for command environment
[1.610s] DEBUG:colcon.colcon_core.event_handler.log_command:Invoking command in '/home/brace/codeSpace/navi/build/rtabmap_ros': AMENT_PREFIX_PATH=/home/brace/codeSpace/navi/install/rtabmap_launch:/home/brace/codeSpace/navi/install/rtabmap_examples:/home/brace/codeSpace/navi/install/rtabmap_demos:/home/brace/codeSpace/navi/install/rtabmap_viz:/home/brace/codeSpace/navi/install/rtabmap_slam:/home/brace/codeSpace/navi/install/rtabmap_odom:/home/brace/codeSpace/navi/install/rtabmap_util:/home/brace/codeSpace/navi/install/rtabmap_sync:/home/brace/codeSpace/navi/install/rtabmap_rviz_plugins:/home/brace/codeSpace/navi/install/rtabmap_conversions:/home/brace/codeSpace/navi/install/rtabmap_python:/home/brace/codeSpace/navi/install/rtabmap_msgs:${AMENT_PREFIX_PATH} CMAKE_PREFIX_PATH=/home/brace/codeSpace/navi/install/rtabmap_launch:/home/brace/codeSpace/navi/install/rtabmap_examples:/home/brace/codeSpace/navi/install/rtabmap_demos:/home/brace/codeSpace/navi/install/rtabmap_viz:/home/brace/codeSpace/navi/install/rtabmap_slam:/home/brace/codeSpace/navi/install/rtabmap_odom:/home/brace/codeSpace/navi/install/rtabmap_util:/home/brace/codeSpace/navi/install/rtabmap_sync:/home/brace/codeSpace/navi/install/rtabmap_rviz_plugins:/home/brace/codeSpace/navi/install/rtabmap_conversions:/home/brace/codeSpace/navi/install/rtabmap_msgs:/home/brace/codeSpace/navi/install/rtabmap:/opt/ros/humble LD_LIBRARY_PATH=/home/brace/codeSpace/navi/install/rtabmap_slam/lib:/home/brace/codeSpace/navi/install/rtabmap_odom/lib:/home/brace/codeSpace/navi/install/rtabmap_util/lib:/home/brace/codeSpace/navi/install/rtabmap_sync/lib:/home/brace/codeSpace/navi/install/rtabmap_rviz_plugins/lib:/home/brace/codeSpace/navi/install/rtabmap_conversions/lib:/home/brace/codeSpace/navi/install/rtabmap_msgs/lib:/home/brace/codeSpace/navi/install/rtabmap/lib:${LD_LIBRARY_PATH} PATH=/home/brace/codeSpace/navi/install/rtabmap/bin:${PATH} PKG_CONFIG_PATH=/home/brace/codeSpace/navi/install/rtabmap/lib/x86_64-linux-gnu/pkgconfig:/home/brace/codeSpace/navi/install/rtabmap/lib/pkgconfig PYTHONPATH=/home/brace/codeSpace/navi/install/rtabmap_python/lib/python3.10/site-packages:/home/brace/codeSpace/navi/install/rtabmap_msgs/local/lib/python3.10/dist-packages:${PYTHONPATH} /usr/bin/cmake --build /home/brace/codeSpace/navi/build/rtabmap_ros -- -j16 -l16
[1.647s] DEBUG:colcon.colcon_core.event_handler.log_command:Invoked command in '/home/brace/codeSpace/navi/build/rtabmap_ros' returned '0': AMENT_PREFIX_PATH=/home/brace/codeSpace/navi/install/rtabmap_launch:/home/brace/codeSpace/navi/install/rtabmap_examples:/home/brace/codeSpace/navi/install/rtabmap_demos:/home/brace/codeSpace/navi/install/rtabmap_viz:/home/brace/codeSpace/navi/install/rtabmap_slam:/home/brace/codeSpace/navi/install/rtabmap_odom:/home/brace/codeSpace/navi/install/rtabmap_util:/home/brace/codeSpace/navi/install/rtabmap_sync:/home/brace/codeSpace/navi/install/rtabmap_rviz_plugins:/home/brace/codeSpace/navi/install/rtabmap_conversions:/home/brace/codeSpace/navi/install/rtabmap_python:/home/brace/codeSpace/navi/install/rtabmap_msgs:${AMENT_PREFIX_PATH} CMAKE_PREFIX_PATH=/home/brace/codeSpace/navi/install/rtabmap_launch:/home/brace/codeSpace/navi/install/rtabmap_examples:/home/brace/codeSpace/navi/install/rtabmap_demos:/home/brace/codeSpace/navi/install/rtabmap_viz:/home/brace/codeSpace/navi/install/rtabmap_slam:/home/brace/codeSpace/navi/install/rtabmap_odom:/home/brace/codeSpace/navi/install/rtabmap_util:/home/brace/codeSpace/navi/install/rtabmap_sync:/home/brace/codeSpace/navi/install/rtabmap_rviz_plugins:/home/brace/codeSpace/navi/install/rtabmap_conversions:/home/brace/codeSpace/navi/install/rtabmap_msgs:/home/brace/codeSpace/navi/install/rtabmap:/opt/ros/humble LD_LIBRARY_PATH=/home/brace/codeSpace/navi/install/rtabmap_slam/lib:/home/brace/codeSpace/navi/install/rtabmap_odom/lib:/home/brace/codeSpace/navi/install/rtabmap_util/lib:/home/brace/codeSpace/navi/install/rtabmap_sync/lib:/home/brace/codeSpace/navi/install/rtabmap_rviz_plugins/lib:/home/brace/codeSpace/navi/install/rtabmap_conversions/lib:/home/brace/codeSpace/navi/install/rtabmap_msgs/lib:/home/brace/codeSpace/navi/install/rtabmap/lib:${LD_LIBRARY_PATH} PATH=/home/brace/codeSpace/navi/install/rtabmap/bin:${PATH} PKG_CONFIG_PATH=/home/brace/codeSpace/navi/install/rtabmap/lib/x86_64-linux-gnu/pkgconfig:/home/brace/codeSpace/navi/install/rtabmap/lib/pkgconfig PYTHONPATH=/home/brace/codeSpace/navi/install/rtabmap_python/lib/python3.10/site-packages:/home/brace/codeSpace/navi/install/rtabmap_msgs/local/lib/python3.10/dist-packages:${PYTHONPATH} /usr/bin/cmake --build /home/brace/codeSpace/navi/build/rtabmap_ros -- -j16 -l16
[1.648s] DEBUG:colcon.colcon_core.event_handler.log_command:Invoking command in '/home/brace/codeSpace/navi/build/rtabmap_ros': AMENT_PREFIX_PATH=/home/brace/codeSpace/navi/install/rtabmap_launch:/home/brace/codeSpace/navi/install/rtabmap_examples:/home/brace/codeSpace/navi/install/rtabmap_demos:/home/brace/codeSpace/navi/install/rtabmap_viz:/home/brace/codeSpace/navi/install/rtabmap_slam:/home/brace/codeSpace/navi/install/rtabmap_odom:/home/brace/codeSpace/navi/install/rtabmap_util:/home/brace/codeSpace/navi/install/rtabmap_sync:/home/brace/codeSpace/navi/install/rtabmap_rviz_plugins:/home/brace/codeSpace/navi/install/rtabmap_conversions:/home/brace/codeSpace/navi/install/rtabmap_python:/home/brace/codeSpace/navi/install/rtabmap_msgs:${AMENT_PREFIX_PATH} CMAKE_PREFIX_PATH=/home/brace/codeSpace/navi/install/rtabmap_launch:/home/brace/codeSpace/navi/install/rtabmap_examples:/home/brace/codeSpace/navi/install/rtabmap_demos:/home/brace/codeSpace/navi/install/rtabmap_viz:/home/brace/codeSpace/navi/install/rtabmap_slam:/home/brace/codeSpace/navi/install/rtabmap_odom:/home/brace/codeSpace/navi/install/rtabmap_util:/home/brace/codeSpace/navi/install/rtabmap_sync:/home/brace/codeSpace/navi/install/rtabmap_rviz_plugins:/home/brace/codeSpace/navi/install/rtabmap_conversions:/home/brace/codeSpace/navi/install/rtabmap_msgs:/home/brace/codeSpace/navi/install/rtabmap:/opt/ros/humble LD_LIBRARY_PATH=/home/brace/codeSpace/navi/install/rtabmap_slam/lib:/home/brace/codeSpace/navi/install/rtabmap_odom/lib:/home/brace/codeSpace/navi/install/rtabmap_util/lib:/home/brace/codeSpace/navi/install/rtabmap_sync/lib:/home/brace/codeSpace/navi/install/rtabmap_rviz_plugins/lib:/home/brace/codeSpace/navi/install/rtabmap_conversions/lib:/home/brace/codeSpace/navi/install/rtabmap_msgs/lib:/home/brace/codeSpace/navi/install/rtabmap/lib:${LD_LIBRARY_PATH} PATH=/home/brace/codeSpace/navi/install/rtabmap/bin:${PATH} PKG_CONFIG_PATH=/home/brace/codeSpace/navi/install/rtabmap/lib/x86_64-linux-gnu/pkgconfig:/home/brace/codeSpace/navi/install/rtabmap/lib/pkgconfig PYTHONPATH=/home/brace/codeSpace/navi/install/rtabmap_python/lib/python3.10/site-packages:/home/brace/codeSpace/navi/install/rtabmap_msgs/local/lib/python3.10/dist-packages:${PYTHONPATH} /usr/bin/cmake --install /home/brace/codeSpace/navi/build/rtabmap_ros
[1.666s] Level 1:colcon.colcon_core.environment:create_environment_scripts_only(rtabmap_ros)
[1.667s] Level 1:colcon.colcon_core.environment:checking '/home/brace/codeSpace/navi/install/rtabmap_ros' for CMake module files
[1.667s] DEBUG:colcon.colcon_core.event_handler.log_command:Invoked command in '/home/brace/codeSpace/navi/build/rtabmap_ros' returned '0': AMENT_PREFIX_PATH=/home/brace/codeSpace/navi/install/rtabmap_launch:/home/brace/codeSpace/navi/install/rtabmap_examples:/home/brace/codeSpace/navi/install/rtabmap_demos:/home/brace/codeSpace/navi/install/rtabmap_viz:/home/brace/codeSpace/navi/install/rtabmap_slam:/home/brace/codeSpace/navi/install/rtabmap_odom:/home/brace/codeSpace/navi/install/rtabmap_util:/home/brace/codeSpace/navi/install/rtabmap_sync:/home/brace/codeSpace/navi/install/rtabmap_rviz_plugins:/home/brace/codeSpace/navi/install/rtabmap_conversions:/home/brace/codeSpace/navi/install/rtabmap_python:/home/brace/codeSpace/navi/install/rtabmap_msgs:${AMENT_PREFIX_PATH} CMAKE_PREFIX_PATH=/home/brace/codeSpace/navi/install/rtabmap_launch:/home/brace/codeSpace/navi/install/rtabmap_examples:/home/brace/codeSpace/navi/install/rtabmap_demos:/home/brace/codeSpace/navi/install/rtabmap_viz:/home/brace/codeSpace/navi/install/rtabmap_slam:/home/brace/codeSpace/navi/install/rtabmap_odom:/home/brace/codeSpace/navi/install/rtabmap_util:/home/brace/codeSpace/navi/install/rtabmap_sync:/home/brace/codeSpace/navi/install/rtabmap_rviz_plugins:/home/brace/codeSpace/navi/install/rtabmap_conversions:/home/brace/codeSpace/navi/install/rtabmap_msgs:/home/brace/codeSpace/navi/install/rtabmap:/opt/ros/humble LD_LIBRARY_PATH=/home/brace/codeSpace/navi/install/rtabmap_slam/lib:/home/brace/codeSpace/navi/install/rtabmap_odom/lib:/home/brace/codeSpace/navi/install/rtabmap_util/lib:/home/brace/codeSpace/navi/install/rtabmap_sync/lib:/home/brace/codeSpace/navi/install/rtabmap_rviz_plugins/lib:/home/brace/codeSpace/navi/install/rtabmap_conversions/lib:/home/brace/codeSpace/navi/install/rtabmap_msgs/lib:/home/brace/codeSpace/navi/install/rtabmap/lib:${LD_LIBRARY_PATH} PATH=/home/brace/codeSpace/navi/install/rtabmap/bin:${PATH} PKG_CONFIG_PATH=/home/brace/codeSpace/navi/install/rtabmap/lib/x86_64-linux-gnu/pkgconfig:/home/brace/codeSpace/navi/install/rtabmap/lib/pkgconfig PYTHONPATH=/home/brace/codeSpace/navi/install/rtabmap_python/lib/python3.10/site-packages:/home/brace/codeSpace/navi/install/rtabmap_msgs/local/lib/python3.10/dist-packages:${PYTHONPATH} /usr/bin/cmake --install /home/brace/codeSpace/navi/build/rtabmap_ros
[1.667s] Level 1:colcon.colcon_core.environment:checking '/home/brace/codeSpace/navi/install/rtabmap_ros' for CMake config files
[1.668s] Level 1:colcon.colcon_core.shell:create_environment_hook('rtabmap_ros', 'cmake_prefix_path')
[1.668s] INFO:colcon.colcon_core.shell:Creating environment hook '/home/brace/codeSpace/navi/install/rtabmap_ros/share/rtabmap_ros/hook/cmake_prefix_path.ps1'
[1.668s] INFO:colcon.colcon_core.shell:Creating environment descriptor '/home/brace/codeSpace/navi/install/rtabmap_ros/share/rtabmap_ros/hook/cmake_prefix_path.dsv'
[1.668s] INFO:colcon.colcon_core.shell:Creating environment hook '/home/brace/codeSpace/navi/install/rtabmap_ros/share/rtabmap_ros/hook/cmake_prefix_path.sh'
[1.669s] Level 1:colcon.colcon_core.environment:checking '/home/brace/codeSpace/navi/install/rtabmap_ros/bin'
[1.669s] Level 1:colcon.colcon_core.environment:checking '/home/brace/codeSpace/navi/install/rtabmap_ros/lib/pkgconfig/rtabmap_ros.pc'
[1.669s] Level 1:colcon.colcon_core.environment:checking '/home/brace/codeSpace/navi/install/rtabmap_ros/lib/python3.10/site-packages'
[1.669s] Level 1:colcon.colcon_core.environment:checking '/home/brace/codeSpace/navi/install/rtabmap_ros/bin'
[1.670s] INFO:colcon.colcon_core.shell:Creating package script '/home/brace/codeSpace/navi/install/rtabmap_ros/share/rtabmap_ros/package.ps1'
[1.670s] INFO:colcon.colcon_core.shell:Creating package descriptor '/home/brace/codeSpace/navi/install/rtabmap_ros/share/rtabmap_ros/package.dsv'
[1.670s] INFO:colcon.colcon_core.shell:Creating package script '/home/brace/codeSpace/navi/install/rtabmap_ros/share/rtabmap_ros/package.sh'
[1.670s] INFO:colcon.colcon_core.shell:Creating package script '/home/brace/codeSpace/navi/install/rtabmap_ros/share/rtabmap_ros/package.bash'
[1.670s] INFO:colcon.colcon_core.shell:Creating package script '/home/brace/codeSpace/navi/install/rtabmap_ros/share/rtabmap_ros/package.zsh'
[1.671s] Level 1:colcon.colcon_core.environment:create_file_with_runtime_dependencies(/home/brace/codeSpace/navi/install/rtabmap_ros/share/colcon-core/packages/rtabmap_ros)
[1.671s] Level 1:colcon.colcon_core.environment:create_environment_scripts_only(rtabmap_ros)
[1.671s] Level 1:colcon.colcon_core.environment:checking '/home/brace/codeSpace/navi/install/rtabmap_ros' for CMake module files
[1.671s] Level 1:colcon.colcon_core.environment:checking '/home/brace/codeSpace/navi/install/rtabmap_ros' for CMake config files
[1.671s] Level 1:colcon.colcon_core.shell:create_environment_hook('rtabmap_ros', 'cmake_prefix_path')
[1.672s] INFO:colcon.colcon_core.shell:Creating environment hook '/home/brace/codeSpace/navi/install/rtabmap_ros/share/rtabmap_ros/hook/cmake_prefix_path.ps1'
[1.672s] INFO:colcon.colcon_core.shell:Creating environment descriptor '/home/brace/codeSpace/navi/install/rtabmap_ros/share/rtabmap_ros/hook/cmake_prefix_path.dsv'
[1.672s] INFO:colcon.colcon_core.shell:Creating environment hook '/home/brace/codeSpace/navi/install/rtabmap_ros/share/rtabmap_ros/hook/cmake_prefix_path.sh'
[1.672s] Level 1:colcon.colcon_core.environment:checking '/home/brace/codeSpace/navi/install/rtabmap_ros/bin'
[1.672s] Level 1:colcon.colcon_core.environment:checking '/home/brace/codeSpace/navi/install/rtabmap_ros/lib/pkgconfig/rtabmap_ros.pc'
[1.673s] Level 1:colcon.colcon_core.environment:checking '/home/brace/codeSpace/navi/install/rtabmap_ros/lib/python3.10/site-packages'
[1.673s] Level 1:colcon.colcon_core.environment:checking '/home/brace/codeSpace/navi/install/rtabmap_ros/bin'
[1.673s] INFO:colcon.colcon_core.shell:Creating package script '/home/brace/codeSpace/navi/install/rtabmap_ros/share/rtabmap_ros/package.ps1'
[1.673s] INFO:colcon.colcon_core.shell:Creating package descriptor '/home/brace/codeSpace/navi/install/rtabmap_ros/share/rtabmap_ros/package.dsv'
[1.674s] INFO:colcon.colcon_core.shell:Creating package script '/home/brace/codeSpace/navi/install/rtabmap_ros/share/rtabmap_ros/package.sh'
[1.674s] INFO:colcon.colcon_core.shell:Creating package script '/home/brace/codeSpace/navi/install/rtabmap_ros/share/rtabmap_ros/package.bash'
[1.674s] INFO:colcon.colcon_core.shell:Creating package script '/home/brace/codeSpace/navi/install/rtabmap_ros/share/rtabmap_ros/package.zsh'
[1.674s] Level 1:colcon.colcon_core.environment:create_file_with_runtime_dependencies(/home/brace/codeSpace/navi/install/rtabmap_ros/share/colcon-core/packages/rtabmap_ros)
[1.675s] DEBUG:colcon.colcon_parallel_executor.executor.parallel:closing loop
[1.675s] DEBUG:colcon.colcon_parallel_executor.executor.parallel:loop closed
[1.675s] DEBUG:colcon.colcon_parallel_executor.executor.parallel:run_until_complete finished with '0'
[1.675s] DEBUG:colcon.colcon_core.event_reactor:joining thread
[1.680s] INFO:colcon.colcon_core.plugin_system:Skipping extension 'colcon_notification.desktop_notification.terminal_notifier': Not used on non-Darwin systems
[1.680s] INFO:colcon.colcon_core.plugin_system:Skipping extension 'colcon_notification.desktop_notification.win32': Not used on non-Windows systems
[1.680s] INFO:colcon.colcon_notification.desktop_notification:Sending desktop notification using 'notify2'
[1.694s] DEBUG:colcon.colcon_core.event_reactor:joined thread
[1.694s] INFO:colcon.colcon_core.shell:Creating prefix script '/home/brace/codeSpace/navi/install/local_setup.ps1'
[1.695s] INFO:colcon.colcon_core.shell:Creating prefix util module '/home/brace/codeSpace/navi/install/_local_setup_util_ps1.py'
[1.698s] INFO:colcon.colcon_core.shell:Creating prefix chain script '/home/brace/codeSpace/navi/install/setup.ps1'
[1.700s] INFO:colcon.colcon_core.shell:Creating prefix script '/home/brace/codeSpace/navi/install/local_setup.sh'
[1.700s] INFO:colcon.colcon_core.shell:Creating prefix util module '/home/brace/codeSpace/navi/install/_local_setup_util_sh.py'
[1.701s] INFO:colcon.colcon_core.shell:Creating prefix chain script '/home/brace/codeSpace/navi/install/setup.sh'
[1.702s] INFO:colcon.colcon_core.shell:Creating prefix script '/home/brace/codeSpace/navi/install/local_setup.bash'
[1.702s] INFO:colcon.colcon_core.shell:Creating prefix chain script '/home/brace/codeSpace/navi/install/setup.bash'
[1.703s] INFO:colcon.colcon_core.shell:Creating prefix script '/home/brace/codeSpace/navi/install/local_setup.zsh'
[1.703s] INFO:colcon.colcon_core.shell:Creating prefix chain script '/home/brace/codeSpace/navi/install/setup.zsh'
