[0.011s] Invoking command in '/home/brace/codeSpace/navi/build/realsense2_camera': AMENT_PREFIX_PATH=/home/brace/codeSpace/navi/install/realsense2_camera_msgs:${AMENT_PREFIX_PATH} CMAKE_PREFIX_PATH=/home/brace/codeSpace/navi/install/realsense2_camera_msgs:/opt/ros/humble LD_LIBRARY_PATH=/home/brace/codeSpace/navi/install/realsense2_camera_msgs/lib:${LD_LIBRARY_PATH} PYTHONPATH=/home/brace/codeSpace/navi/install/realsense2_camera_msgs/local/lib/python3.10/dist-packages:${PYTHONPATH} /usr/bin/cmake /home/brace/codeSpace/navi/src/realsense-ros/realsense2_camera -DCMAKE_INSTALL_PREFIX=/home/brace/codeSpace/navi/install/realsense2_camera
[0.023s] -- Create Release Build.
[0.023s] -- Found ament_cmake: 1.3.12 (/opt/ros/humble/share/ament_cmake/cmake)
[0.154s] -- Found builtin_interfaces: 1.2.2 (/opt/ros/humble/share/builtin_interfaces/cmake)
[0.170s] -- Found rosidl_generator_c: 3.1.7 (/opt/ros/humble/share/rosidl_generator_c/cmake)
[0.172s] -- Found rosidl_adapter: 3.1.7 (/opt/ros/humble/share/rosidl_adapter/cmake)
[0.176s] -- Found rosidl_generator_cpp: 3.1.7 (/opt/ros/humble/share/rosidl_generator_cpp/cmake)
[0.182s] -- Using all available rosidl_typesupport_c: rosidl_typesupport_fastrtps_c;rosidl_typesupport_introspection_c
[0.191s] -- Using all available rosidl_typesupport_cpp: rosidl_typesupport_fastrtps_cpp;rosidl_typesupport_introspection_cpp
[0.198s] -- Found cv_bridge: 3.2.1 (/opt/ros/humble/share/cv_bridge/cmake)
[0.236s] -- Found image_transport: 3.1.12 (/opt/ros/humble/share/image_transport/cmake)
[0.257s] -- Found rmw_implementation_cmake: 6.1.2 (/opt/ros/humble/share/rmw_implementation_cmake/cmake)
[0.258s] -- Found rmw_fastrtps_cpp: 6.2.9 (/opt/ros/humble/share/rmw_fastrtps_cpp/cmake)
[0.342s] -- Using RMW implementation 'rmw_fastrtps_cpp' as default
[0.381s] -- Found rclcpp_action: 16.0.16 (/opt/ros/humble/share/rclcpp_action/cmake)
[0.404s] -- Found rclcpp_components: 16.0.16 (/opt/ros/humble/share/rclcpp_components/cmake)
[0.417s] -- Found realsense2_camera_msgs: 4.57.4 (/home/brace/codeSpace/navi/install/realsense2_camera_msgs/share/realsense2_camera_msgs/cmake)
[0.432s] -- Found std_srvs: 4.9.0 (/opt/ros/humble/share/std_srvs/cmake)
[0.437s] -- Found nav_msgs: 4.9.0 (/opt/ros/humble/share/nav_msgs/cmake)
[0.449s] -- Found tf2_ros: 0.25.17 (/opt/ros/humble/share/tf2_ros/cmake)
[0.470s] -- Found diagnostic_updater: 4.0.6 (/opt/ros/humble/share/diagnostic_updater/cmake)
[0.485s] -- Build for ROS2 Humble
[0.487s] -- Found ament_cmake_gtest: 1.3.12 (/opt/ros/humble/share/ament_cmake_gtest/cmake)
[0.495s] -- Found gtest sources under '/opt/ros/humble/src/gtest_vendor': C++ tests using 'Google Test' will be built
[0.500s] -- Found ament_cmake_pytest: 1.3.12 (/opt/ros/humble/share/ament_cmake_pytest/cmake)
[3.184s] -- rs_device_info:
[3.184s] -- Device Name                   Serial Number       Firmware Version
[3.184s] Intel RealSense D435I         244622070862        5.16.0.1
[3.184s] 
[3.184s] -- D455 device found
[5.865s] -- Configuring done
[5.886s] -- Generating done
[5.892s] -- Build files have been written to: /home/brace/codeSpace/navi/build/realsense2_camera
[5.905s] Invoked command in '/home/brace/codeSpace/navi/build/realsense2_camera' returned '0': AMENT_PREFIX_PATH=/home/brace/codeSpace/navi/install/realsense2_camera_msgs:${AMENT_PREFIX_PATH} CMAKE_PREFIX_PATH=/home/brace/codeSpace/navi/install/realsense2_camera_msgs:/opt/ros/humble LD_LIBRARY_PATH=/home/brace/codeSpace/navi/install/realsense2_camera_msgs/lib:${LD_LIBRARY_PATH} PYTHONPATH=/home/brace/codeSpace/navi/install/realsense2_camera_msgs/local/lib/python3.10/dist-packages:${PYTHONPATH} /usr/bin/cmake /home/brace/codeSpace/navi/src/realsense-ros/realsense2_camera -DCMAKE_INSTALL_PREFIX=/home/brace/codeSpace/navi/install/realsense2_camera
[5.909s] Invoking command in '/home/brace/codeSpace/navi/build/realsense2_camera': AMENT_PREFIX_PATH=/home/brace/codeSpace/navi/install/realsense2_camera_msgs:${AMENT_PREFIX_PATH} CMAKE_PREFIX_PATH=/home/brace/codeSpace/navi/install/realsense2_camera_msgs:/opt/ros/humble LD_LIBRARY_PATH=/home/brace/codeSpace/navi/install/realsense2_camera_msgs/lib:${LD_LIBRARY_PATH} PYTHONPATH=/home/brace/codeSpace/navi/install/realsense2_camera_msgs/local/lib/python3.10/dist-packages:${PYTHONPATH} /usr/bin/cmake --build /home/brace/codeSpace/navi/build/realsense2_camera -- -j16 -l16
[5.966s] [ 11%] [32mBuilding CXX object CMakeFiles/realsense2_camera.dir/src/base_realsense_node.cpp.o[0m
[5.966s] [ 11%] [32mBuilding CXX object CMakeFiles/realsense2_camera.dir/src/rs_node_setup.cpp.o[0m
[5.967s] [ 11%] [32mBuilding CXX object CMakeFiles/realsense2_camera_node.dir/rclcpp_components/node_main_realsense2_camera_node.cpp.o[0m
[5.967s] [ 15%] [32mBuilding CXX object gtest/CMakeFiles/gtest_main.dir/src/gtest_main.cc.o[0m
[5.967s] [ 19%] [32mBuilding CXX object CMakeFiles/realsense2_camera.dir/src/sensor_params.cpp.o[0m
[5.967s] [ 23%] [32mBuilding CXX object CMakeFiles/realsense2_camera.dir/src/dynamic_params.cpp.o[0m
[5.967s] [ 26%] [32mBuilding CXX object CMakeFiles/realsense2_camera.dir/src/named_filter.cpp.o[0m
[5.967s] [ 30%] [32mBuilding CXX object gtest/CMakeFiles/gtest.dir/src/gtest-all.cc.o[0m
[5.969s] [ 34%] [32mBuilding CXX object CMakeFiles/realsense2_camera.dir/src/realsense_node_factory.cpp.o[0m
[5.971s] [ 42%] [32mBuilding CXX object CMakeFiles/realsense2_camera.dir/src/ros_sensor.cpp.o[0m
[5.971s] [ 42%] [32mBuilding CXX object CMakeFiles/realsense2_camera.dir/src/parameters.cpp.o[0m
[5.972s] [ 46%] [32mBuilding CXX object CMakeFiles/realsense2_camera.dir/src/ros_utils.cpp.o[0m
[5.972s] [ 50%] [32mBuilding CXX object CMakeFiles/realsense2_camera.dir/src/align_depth_filter.cpp.o[0m
[5.972s] [ 53%] [32mBuilding CXX object CMakeFiles/realsense2_camera.dir/src/pointcloud_filter.cpp.o[0m
[5.976s] [ 57%] [32mBuilding CXX object CMakeFiles/realsense2_camera.dir/src/profile_manager.cpp.o[0m
[5.978s] [ 61%] [32mBuilding CXX object CMakeFiles/realsense2_camera.dir/src/image_publisher.cpp.o[0m
[7.191s] [ 65%] [32m[1mLinking CXX static library libgtest_main.a[0m
[7.315s] [ 65%] Built target gtest_main
[7.336s] [ 69%] [32mBuilding CXX object CMakeFiles/realsense2_camera.dir/src/tfs.cpp.o[0m
[10.819s] In file included from [01m[K/home/brace/codeSpace/navi/src/realsense-ros/realsense2_camera/src/ros_utils.cpp:15[m[K:
[10.823s] [01m[K/home/brace/codeSpace/navi/src/realsense-ros/realsense2_camera/include/ros_utils.h:36:36:[m[K [01;31m[Kerror: [m[K‘[01m[KRS2_STREAM_SAFETY[m[K’ was not declared in this scope; did you mean ‘[01m[KRS2_STREAM_ANY[m[K’?
[10.823s]    36 |     const stream_index_pair SAFETY{[01;31m[KRS2_STREAM_SAFETY[m[K, 0};
[10.823s]       |                                    [01;31m[K^~~~~~~~~~~~~~~~~[m[K
[10.823s]       |                                    [32m[KRS2_STREAM_ANY[m[K
[10.823s] [01m[K/home/brace/codeSpace/navi/src/realsense-ros/realsense2_camera/include/ros_utils.h:36:56:[m[K [01;31m[Kerror: [m[Kno matching function for call to ‘[01m[Kstd::pair<rs2_stream, int>::pair(<brace-enclosed initializer list>)[m[K’
[10.823s]    36 |     const stream_index_pair SAFETY{RS2_STREAM_SAFETY, 0[01;31m[K}[m[K;
[10.823s]       |                                                        [01;31m[K^[m[K
[10.823s] In file included from [01m[K/usr/include/c++/11/bits/stl_algobase.h:64[m[K,
[10.823s]                  from [01m[K/usr/include/c++/11/bits/char_traits.h:39[m[K,
[10.824s]                  from [01m[K/usr/include/c++/11/ios:40[m[K,
[10.824s]                  from [01m[K/usr/include/c++/11/ostream:38[m[K,
[10.824s]                  from [01m[K/usr/include/c++/11/iostream:39[m[K,
[10.824s]                  from [01m[K/home/brace/codeSpace/navi/src/realsense-ros/realsense2_camera/include/ros_utils.h:18[m[K,
[10.824s]                  from [01m[K/home/brace/codeSpace/navi/src/realsense-ros/realsense2_camera/src/ros_utils.cpp:15[m[K:
[10.824s] [01m[K/usr/include/c++/11/bits/stl_pair.h:452:9:[m[K [01;36m[Knote: [m[Kcandidate: ‘[01m[Ktemplate<class ... _Args1, long unsigned int ..._Indexes1, class ... _Args2, long unsigned int ..._Indexes2> std::pair<_T1, _T2>::pair(std::tuple<_Args1 ...>&, std::tuple<_Args2 ...>&, std::_Index_tuple<_Indexes1 ...>, std::_Index_tuple<_Indexes2 ...>) [with _Args1 = {_Args1 ...}; long unsigned int ..._Indexes1 = {_Indexes1 ...}; _Args2 = {_Args2 ...}; long unsigned int ..._Indexes2 = {_Indexes2 ...}; _T1 = rs2_stream; _T2 = int][m[K’
[10.824s]   452 |         [01;36m[Kpair[m[K(tuple<_Args1...>&, tuple<_Args2...>&,
[10.824s]       |         [01;36m[K^~~~[m[K
[10.824s] [01m[K/usr/include/c++/11/bits/stl_pair.h:452:9:[m[K [01;36m[Knote: [m[K  template argument deduction/substitution failed:
[10.824s] [01m[K/usr/include/c++/11/bits/stl_pair.h:387:9:[m[K [01;36m[Knote: [m[Kcandidate: ‘[01m[Ktemplate<class ... _Args1, class ... _Args2> std::pair<_T1, _T2>::pair(std::piecewise_construct_t, std::tuple<_Args1 ...>, std::tuple<_Args2 ...>) [with _Args1 = {_Args1 ...}; _Args2 = {_Args2 ...}; _T1 = rs2_stream; _T2 = int][m[K’
[10.824s]   387 |         [01;36m[Kpair[m[K(piecewise_construct_t, tuple<_Args1...>, tuple<_Args2...>);
[10.825s]       |         [01;36m[K^~~~[m[K
[10.825s] [01m[K/usr/include/c++/11/bits/stl_pair.h:387:9:[m[K [01;36m[Knote: [m[K  template argument deduction/substitution failed:
[10.825s] [01m[K/usr/include/c++/11/bits/stl_pair.h:381:28:[m[K [01;36m[Knote: [m[Kcandidate: ‘[01m[Ktemplate<class _U1, class _U2, typename std::enable_if<(std::_PCC<((! std::is_same<rs2_stream, _U1>::value) || (! std::is_same<int, _U2>::value)), rs2_stream, int>::_MoveConstructiblePair<_U1, _U2>() && (! std::_PCC<((! std::is_same<rs2_stream, _U1>::value) || (! std::is_same<int, _U2>::value)), rs2_stream, int>::_ImplicitlyMoveConvertiblePair<_U1, _U2>())), bool>::type <anonymous> > constexpr std::pair<_T1, _T2>::pair(std::pair<_U1, _U2>&&) [with _U1 = _U1; _U2 = _U2; typename std::enable_if<(std::_PCC<((! std::is_same<_T1, _U1>::value) || (! std::is_same<_T2, _U2>::value)), _T1, _T2>::_MoveConstructiblePair<_U1, _U2>() && (! std::_PCC<((! std::is_same<_T1, _U1>::value) || (! std::is_same<_T2, _U2>::value)), _T1, _T2>::_ImplicitlyMoveConvertiblePair<_U1, _U2>())), bool>::type <anonymous> = <anonymous>; _T1 = rs2_stream; _T2 = int][m[K’
[10.825s]   381 |         explicit constexpr [01;36m[Kpair[m[K(pair<_U1, _U2>&& __p)
[10.825s]       |                            [01;36m[K^~~~[m[K
[10.836s] [01m[K/usr/include/c++/11/bits/stl_pair.h:381:28:[m[K [01;36m[Knote: [m[K  template argument deduction/substitution failed:
[10.837s] [01m[K/usr/include/c++/11/bits/stl_pair.h:371:19:[m[K [01;36m[Knote: [m[Kcandidate: ‘[01m[Ktemplate<class _U1, class _U2, typename std::enable_if<(std::_PCC<((! std::is_same<rs2_stream, _U1>::value) || (! std::is_same<int, _U2>::value)), rs2_stream, int>::_MoveConstructiblePair<_U1, _U2>() && std::_PCC<((! std::is_same<rs2_stream, _U1>::value) || (! std::is_same<int, _U2>::value)), rs2_stream, int>::_ImplicitlyMoveConvertiblePair<_U1, _U2>()), bool>::type <anonymous> > constexpr std::pair<_T1, _T2>::pair(std::pair<_U1, _U2>&&) [with _U1 = _U1; _U2 = _U2; typename std::enable_if<(std::_PCC<((! std::is_same<_T1, _U1>::value) || (! std::is_same<_T2, _U2>::value)), _T1, _T2>::_MoveConstructiblePair<_U1, _U2>() && std::_PCC<((! std::is_same<_T1, _U1>::value) || (! std::is_same<_T2, _U2>::value)), _T1, _T2>::_ImplicitlyMoveConvertiblePair<_U1, _U2>()), bool>::type <anonymous> = <anonymous>; _T1 = rs2_stream; _T2 = int][m[K’
[10.837s]   371 |         constexpr [01;36m[Kpair[m[K(pair<_U1, _U2>&& __p)
[10.837s]       |                   [01;36m[K^~~~[m[K
[10.837s] [01m[K/usr/include/c++/11/bits/stl_pair.h:371:19:[m[K [01;36m[Knote: [m[K  template argument deduction/substitution failed:
[10.837s] [01m[K/usr/include/c++/11/bits/stl_pair.h:361:28:[m[K [01;36m[Knote: [m[Kcandidate: ‘[01m[Ktemplate<class _U1, class _U2, typename std::enable_if<(_MoveConstructiblePair<_U1, _U2>() && (! _ImplicitlyMoveConvertiblePair<_U1, _U2>())), bool>::type <anonymous> > constexpr std::pair<_T1, _T2>::pair(_U1&&, _U2&&) [with _U1 = _U1; _U2 = _U2; typename std::enable_if<(std::_PCC<true, _T1, _T2>::_MoveConstructiblePair<_U1, _U2>() && (! std::_PCC<true, _T1, _T2>::_ImplicitlyMoveConvertiblePair<_U1, _U2>())), bool>::type <anonymous> = <anonymous>; _T1 = rs2_stream; _T2 = int][m[K’
[10.837s]   361 |         explicit constexpr [01;36m[Kpair[m[K(_U1&& __x, _U2&& __y)
[10.837s]       |                            [01;36m[K^~~~[m[K
[10.837s] [01m[K/usr/include/c++/11/bits/stl_pair.h:361:28:[m[K [01;36m[Knote: [m[K  template argument deduction/substitution failed:
[10.837s] [01m[K/usr/include/c++/11/bits/stl_pair.h:352:19:[m[K [01;36m[Knote: [m[Kcandidate: ‘[01m[Ktemplate<class _U1, class _U2, typename std::enable_if<(_MoveConstructiblePair<_U1, _U2>() && _ImplicitlyMoveConvertiblePair<_U1, _U2>()), bool>::type <anonymous> > constexpr std::pair<_T1, _T2>::pair(_U1&&, _U2&&) [with _U1 = _U1; _U2 = _U2; typename std::enable_if<(std::_PCC<true, _T1, _T2>::_MoveConstructiblePair<_U1, _U2>() && std::_PCC<true, _T1, _T2>::_ImplicitlyMoveConvertiblePair<_U1, _U2>()), bool>::type <anonymous> = <anonymous>; _T1 = rs2_stream; _T2 = int][m[K’
[10.837s]   352 |         constexpr [01;36m[Kpair[m[K(_U1&& __x, _U2&& __y)
[10.837s]       |                   [01;36m[K^~~~[m[K
[10.837s] [01m[K/usr/include/c++/11/bits/stl_pair.h:352:19:[m[K [01;36m[Knote: [m[K  template argument deduction/substitution failed:
[10.837s] [01m[K/usr/include/c++/11/bits/stl_pair.h:343:17:[m[K [01;36m[Knote: [m[Kcandidate: ‘[01m[Ktemplate<class _U2, typename std::enable_if<_CopyMovePair<false, rs2_stream, _U2>(), bool>::type <anonymous> > std::pair<_T1, _T2>::pair(const _T1&, _U2&&) [with _U2 = _U2; typename std::enable_if<std::_PCC<true, _T1, _T2>::_CopyMovePair<false, _T1, _U2>(), bool>::type <anonymous> = <anonymous>; _T1 = rs2_stream; _T2 = int][m[K’
[10.837s]   343 |        explicit [01;36m[Kpair[m[K(const _T1& __x, _U2&& __y)
[10.837s]       |                 [01;36m[K^~~~[m[K
[10.838s] [01m[K/usr/include/c++/11/bits/stl_pair.h:343:17:[m[K [01;36m[Knote: [m[K  template argument deduction/substitution failed:
[10.838s] [01m[K/usr/include/c++/11/bits/stl_pair.h:336:18:[m[K [01;36m[Knote: [m[Kcandidate: ‘[01m[Ktemplate<class _U2, typename std::enable_if<_CopyMovePair<true, rs2_stream, _U2>(), bool>::type <anonymous> > constexpr std::pair<_T1, _T2>::pair(const _T1&, _U2&&) [with _U2 = _U2; typename std::enable_if<std::_PCC<true, _T1, _T2>::_CopyMovePair<true, _T1, _U2>(), bool>::type <anonymous> = <anonymous>; _T1 = rs2_stream; _T2 = int][m[K’
[10.838s]   336 |        constexpr [01;36m[Kpair[m[K(const _T1& __x, _U2&& __y)
[10.838s]       |                  [01;36m[K^~~~[m[K
[10.838s] [01m[K/usr/include/c++/11/bits/stl_pair.h:336:18:[m[K [01;36m[Knote: [m[K  template argument deduction/substitution failed:
[10.838s] [01m[K/usr/include/c++/11/bits/stl_pair.h:329:27:[m[K [01;36m[Knote: [m[Kcandidate: ‘[01m[Ktemplate<class _U1, typename std::enable_if<_MoveCopyPair<false, _U1, int>(), bool>::type <anonymous> > constexpr std::pair<_T1, _T2>::pair(_U1&&, const _T2&) [with _U1 = _U1; typename std::enable_if<std::_PCC<true, _T1, _T2>::_MoveCopyPair<false, _U1, _T2>(), bool>::type <anonymous> = <anonymous>; _T1 = rs2_stream; _T2 = int][m[K’
[10.838s]   329 |        explicit constexpr [01;36m[Kpair[m[K(_U1&& __x, const _T2& __y)
[10.838s]       |                           [01;36m[K^~~~[m[K
[10.838s] [01m[K/usr/include/c++/11/bits/stl_pair.h:329:27:[m[K [01;36m[Knote: [m[K  template argument deduction/substitution failed:
[10.838s] [01m[K/usr/include/c++/11/bits/stl_pair.h:322:18:[m[K [01;36m[Knote: [m[Kcandidate: ‘[01m[Ktemplate<class _U1, typename std::enable_if<_MoveCopyPair<true, _U1, int>(), bool>::type <anonymous> > constexpr std::pair<_T1, _T2>::pair(_U1&&, const _T2&) [with _U1 = _U1; typename std::enable_if<std::_PCC<true, _T1, _T2>::_MoveCopyPair<true, _U1, _T2>(), bool>::type <anonymous> = <anonymous>; _T1 = rs2_stream; _T2 = int][m[K’
[10.838s]   322 |        constexpr [01;36m[Kpair[m[K(_U1&& __x, const _T2& __y)
[10.838s]       |                  [01;36m[K^~~~[m[K
[10.838s] [01m[K/usr/include/c++/11/bits/stl_pair.h:322:18:[m[K [01;36m[Knote: [m[K  template argument deduction/substitution failed:
[10.838s] [01m[K/usr/include/c++/11/bits/stl_pair.h:309:28:[m[K [01;36m[Knote: [m[Kcandidate: ‘[01m[Ktemplate<class _U1, class _U2, typename std::enable_if<(std::_PCC<((! std::is_same<rs2_stream, _U1>::value) || (! std::is_same<int, _U2>::value)), rs2_stream, int>::_ConstructiblePair<_U1, _U2>() && (! std::_PCC<((! std::is_same<rs2_stream, _U1>::value) || (! std::is_same<int, _U2>::value)), rs2_stream, int>::_ImplicitlyConvertiblePair<_U1, _U2>())), bool>::type <anonymous> > constexpr std::pair<_T1, _T2>::pair(const std::pair<_U1, _U2>&) [with _U1 = _U1; _U2 = _U2; typename std::enable_if<(std::_PCC<((! std::is_same<_T1, _U1>::value) || (! std::is_same<_T2, _U2>::value)), _T1, _T2>::_ConstructiblePair<_U1, _U2>() && (! std::_PCC<((! std::is_same<_T1, _U1>::value) || (! std::is_same<_T2, _U2>::value)), _T1, _T2>::_ImplicitlyConvertiblePair<_U1, _U2>())), bool>::type <anonymous> = <anonymous>; _T1 = rs2_stream; _T2 = int][m[K’
[10.838s]   309 |         explicit constexpr [01;36m[Kpair[m[K(const pair<_U1, _U2>& __p)
[10.838s]       |                            [01;36m[K^~~~[m[K
[10.839s] [01m[K/usr/include/c++/11/bits/stl_pair.h:309:28:[m[K [01;36m[Knote: [m[K  template argument deduction/substitution failed:
[10.839s] [01m[K/usr/include/c++/11/bits/stl_pair.h:300:19:[m[K [01;36m[Knote: [m[Kcandidate: ‘[01m[Ktemplate<class _U1, class _U2, typename std::enable_if<(std::_PCC<((! std::is_same<rs2_stream, _U1>::value) || (! std::is_same<int, _U2>::value)), rs2_stream, int>::_ConstructiblePair<_U1, _U2>() && std::_PCC<((! std::is_same<rs2_stream, _U1>::value) || (! std::is_same<int, _U2>::value)), rs2_stream, int>::_ImplicitlyConvertiblePair<_U1, _U2>()), bool>::type <anonymous> > constexpr std::pair<_T1, _T2>::pair(const std::pair<_U1, _U2>&) [with _U1 = _U1; _U2 = _U2; typename std::enable_if<(std::_PCC<((! std::is_same<_T1, _U1>::value) || (! std::is_same<_T2, _U2>::value)), _T1, _T2>::_ConstructiblePair<_U1, _U2>() && std::_PCC<((! std::is_same<_T1, _U1>::value) || (! std::is_same<_T2, _U2>::value)), _T1, _T2>::_ImplicitlyConvertiblePair<_U1, _U2>()), bool>::type <anonymous> = <anonymous>; _T1 = rs2_stream; _T2 = int][m[K’
[10.839s]   300 |         constexpr [01;36m[Kpair[m[K(const pair<_U1, _U2>& __p)
[10.839s]       |                   [01;36m[K^~~~[m[K
[10.839s] [01m[K/usr/include/c++/11/bits/stl_pair.h:300:19:[m[K [01;36m[Knote: [m[K  template argument deduction/substitution failed:
[10.839s] [01m[K/usr/include/c++/11/bits/stl_pair.h:276:26:[m[K [01;36m[Knote: [m[Kcandidate: ‘[01m[Ktemplate<class _U1, class _U2, typename std::enable_if<(_ConstructiblePair<_U1, _U2>() && (! _ImplicitlyConvertiblePair<_U1, _U2>())), bool>::type <anonymous> > constexpr std::pair<_T1, _T2>::pair(const _T1&, const _T2&) [with _U1 = _U1; _U2 = _U2; typename std::enable_if<(std::_PCC<true, _T1, _T2>::_ConstructiblePair<_U1, _U2>() && (! std::_PCC<true, _T1, _T2>::_ImplicitlyConvertiblePair<_U1, _U2>())), bool>::type <anonymous> = <anonymous>; _T1 = rs2_stream; _T2 = int][m[K’
[10.839s]   276 |       explicit constexpr [01;36m[Kpair[m[K(const _T1& __a, const _T2& __b)
[10.839s]       |                          [01;36m[K^~~~[m[K
[10.839s] [01m[K/usr/include/c++/11/bits/stl_pair.h:276:26:[m[K [01;36m[Knote: [m[K  template argument deduction/substitution failed:
[10.839s] [01m[K/usr/include/c++/11/bits/stl_pair.h:266:17:[m[K [01;36m[Knote: [m[Kcandidate: ‘[01m[Ktemplate<class _U1, class _U2, typename std::enable_if<(_ConstructiblePair<_U1, _U2>() && _ImplicitlyConvertiblePair<_U1, _U2>()), bool>::type <anonymous> > constexpr std::pair<_T1, _T2>::pair(const _T1&, const _T2&) [with _U1 = _U1; _U2 = _U2; typename std::enable_if<(std::_PCC<true, _T1, _T2>::_ConstructiblePair<_U1, _U2>() && std::_PCC<true, _T1, _T2>::_ImplicitlyConvertiblePair<_U1, _U2>()), bool>::type <anonymous> = <anonymous>; _T1 = rs2_stream; _T2 = int][m[K’
[10.839s]   266 |       constexpr [01;36m[Kpair[m[K(const _T1& __a, const _T2& __b)
[10.839s]       |                 [01;36m[K^~~~[m[K
[10.839s] [01m[K/usr/include/c++/11/bits/stl_pair.h:266:17:[m[K [01;36m[Knote: [m[K  template argument deduction/substitution failed:
[10.852s] [01m[K/usr/include/c++/11/bits/stl_pair.h:245:26:[m[K [01;36m[Knote: [m[Kcandidate: ‘[01m[Ktemplate<class _U1, class _U2, typename std::enable_if<std::__and_<std::is_default_constructible<_U1>, std::is_default_constructible<_Dp>, std::__not_<std::__and_<std::__is_implicitly_default_constructible<_U1>, std::__is_implicitly_default_constructible<_U2> > > >::value, bool>::type <anonymous> > constexpr std::pair<_T1, _T2>::pair() [with _U1 = _U1; _U2 = _U2; typename std::enable_if<std::__and_<std::is_default_constructible<_U1>, std::is_default_constructible<_U2>, std::__not_<std::__and_<std::__is_implicitly_default_constructible<_U1>, std::__is_implicitly_default_constructible<_U2> > > >::value, bool>::type <anonymous> = <anonymous>; _T1 = rs2_stream; _T2 = int][m[K’
[10.852s]   245 |       explicit constexpr [01;36m[Kpair[m[K()
[10.853s]       |                          [01;36m[K^~~~[m[K
[10.853s] [01m[K/usr/include/c++/11/bits/stl_pair.h:245:26:[m[K [01;36m[Knote: [m[K  template argument deduction/substitution failed:
[10.853s] In file included from [01m[K/home/brace/codeSpace/navi/src/realsense-ros/realsense2_camera/src/ros_utils.cpp:15[m[K:
[10.853s] [01m[K/home/brace/codeSpace/navi/src/realsense-ros/realsense2_camera/include/ros_utils.h:36:56:[m[K [01;36m[Knote: [m[K  candidate expects 0 arguments, 2 provided
[10.853s]    36 |     const stream_index_pair SAFETY{RS2_STREAM_SAFETY, 0[01;36m[K}[m[K;
[10.853s]       |                                                        [01;36m[K^[m[K
[10.855s] In file included from [01m[K/usr/include/c++/11/bits/stl_algobase.h:64[m[K,
[10.855s]                  from [01m[K/usr/include/c++/11/bits/char_traits.h:39[m[K,
[10.855s]                  from [01m[K/usr/include/c++/11/ios:40[m[K,
[10.855s]                  from [01m[K/usr/include/c++/11/ostream:38[m[K,
[10.855s]                  from [01m[K/usr/include/c++/11/iostream:39[m[K,
[10.855s]                  from [01m[K/home/brace/codeSpace/navi/src/realsense-ros/realsense2_camera/include/ros_utils.h:18[m[K,
[10.855s]                  from [01m[K/home/brace/codeSpace/navi/src/realsense-ros/realsense2_camera/src/ros_utils.cpp:15[m[K:
[10.855s] [01m[K/usr/include/c++/11/bits/stl_pair.h:232:26:[m[K [01;36m[Knote: [m[Kcandidate: ‘[01m[Ktemplate<class _U1, class _U2, typename std::enable_if<std::__and_<std::__is_implicitly_default_constructible<_U1>, std::__is_implicitly_default_constructible<_U2> >::value, bool>::type <anonymous> > constexpr std::pair<_T1, _T2>::pair() [with _U1 = _U1; _U2 = _U2; typename std::enable_if<std::__and_<std::__is_implicitly_default_constructible<_U1>, std::__is_implicitly_default_constructible<_U2> >::value, bool>::type <anonymous> = <anonymous>; _T1 = rs2_stream; _T2 = int][m[K’
[10.855s]   232 |       _GLIBCXX_CONSTEXPR [01;36m[Kpair[m[K()
[10.855s]       |                          [01;36m[K^~~~[m[K
[10.855s] [01m[K/usr/include/c++/11/bits/stl_pair.h:232:26:[m[K [01;36m[Knote: [m[K  template argument deduction/substitution failed:
[10.855s] In file included from [01m[K/home/brace/codeSpace/navi/src/realsense-ros/realsense2_camera/src/ros_utils.cpp:15[m[K:
[10.855s] [01m[K/home/brace/codeSpace/navi/src/realsense-ros/realsense2_camera/include/ros_utils.h:36:56:[m[K [01;36m[Knote: [m[K  candidate expects 0 arguments, 2 provided
[10.856s]    36 |     const stream_index_pair SAFETY{RS2_STREAM_SAFETY, 0[01;36m[K}[m[K;
[10.859s]       |                                                        [01;36m[K^[m[K
[10.859s] In file included from [01m[K/usr/include/c++/11/bits/stl_algobase.h:64[m[K,
[10.859s]                  from [01m[K/usr/include/c++/11/bits/char_traits.h:39[m[K,
[10.859s]                  from [01m[K/usr/include/c++/11/ios:40[m[K,
[10.860s]                  from [01m[K/usr/include/c++/11/ostream:38[m[K,
[10.860s]                  from [01m[K/usr/include/c++/11/iostream:39[m[K,
[10.860s]                  from [01m[K/home/brace/codeSpace/navi/src/realsense-ros/realsense2_camera/include/ros_utils.h:18[m[K,
[10.860s]                  from [01m[K/home/brace/codeSpace/navi/src/realsense-ros/realsense2_camera/src/ros_utils.cpp:15[m[K:
[10.860s] [01m[K/usr/include/c++/11/bits/stl_pair.h:315:17:[m[K [01;36m[Knote: [m[Kcandidate: ‘[01m[Kconstexpr std::pair<_T1, _T2>::pair(std::pair<_T1, _T2>&&) [with _T1 = rs2_stream; _T2 = int][m[K’
[10.860s]   315 |       constexpr [01;36m[Kpair[m[K(pair&&) = default;         ///< Move constructor
[10.860s]       |                 [01;36m[K^~~~[m[K
[10.860s] [01m[K/usr/include/c++/11/bits/stl_pair.h:315:17:[m[K [01;36m[Knote: [m[K  candidate expects 1 argument, 2 provided
[10.860s] [01m[K/usr/include/c++/11/bits/stl_pair.h:314:17:[m[K [01;36m[Knote: [m[Kcandidate: ‘[01m[Kconstexpr std::pair<_T1, _T2>::pair(const std::pair<_T1, _T2>&) [with _T1 = rs2_stream; _T2 = int][m[K’
[10.865s]   314 |       constexpr [01;36m[Kpair[m[K(const pair&) = default;    ///< Copy constructor
[10.865s]       |                 [01;36m[K^~~~[m[K
[10.866s] [01m[K/usr/include/c++/11/bits/stl_pair.h:314:17:[m[K [01;36m[Knote: [m[K  candidate expects 1 argument, 2 provided
[10.867s] In file included from [01m[K/home/brace/codeSpace/navi/src/realsense-ros/realsense2_camera/src/ros_utils.cpp:15[m[K:
[10.867s] [01m[K/home/brace/codeSpace/navi/src/realsense-ros/realsense2_camera/include/ros_utils.h:37:49:[m[K [01;31m[Kerror: [m[K‘[01m[KRS2_STREAM_LABELED_POINT_CLOUD[m[K’ was not declared in this scope
[10.867s]    37 |     const stream_index_pair LABELED_POINT_CLOUD{[01;31m[KRS2_STREAM_LABELED_POINT_CLOUD[m[K, 0};
[10.868s]       |                                                 [01;31m[K^~~~~~~~~~~~~~~~~~~~~~~~~~~~~~[m[K
[10.868s] [01m[K/home/brace/codeSpace/navi/src/realsense-ros/realsense2_camera/include/ros_utils.h:37:82:[m[K [01;31m[Kerror: [m[Kno matching function for call to ‘[01m[Kstd::pair<rs2_stream, int>::pair(<brace-enclosed initializer list>)[m[K’
[10.869s]    37 |     const stream_index_pair LABELED_POINT_CLOUD{RS2_STREAM_LABELED_POINT_CLOUD, 0[01;31m[K}[m[K;
[10.869s]       |                                                                                  [01;31m[K^[m[K
[10.869s] In file included from [01m[K/usr/include/c++/11/bits/stl_algobase.h:64[m[K,
[10.869s]                  from [01m[K/usr/include/c++/11/bits/char_traits.h:39[m[K,
[10.869s]                  from [01m[K/usr/include/c++/11/ios:40[m[K,
[10.869s]                  from [01m[K/usr/include/c++/11/ostream:38[m[K,
[10.869s]                  from [01m[K/usr/include/c++/11/iostream:39[m[K,
[10.869s]                  from [01m[K/home/brace/codeSpace/navi/src/realsense-ros/realsense2_camera/include/ros_utils.h:18[m[K,
[10.870s]                  from [01m[K/home/brace/codeSpace/navi/src/realsense-ros/realsense2_camera/src/ros_utils.cpp:15[m[K:
[10.870s] [01m[K/usr/include/c++/11/bits/stl_pair.h:452:9:[m[K [01;36m[Knote: [m[Kcandidate: ‘[01m[Ktemplate<class ... _Args1, long unsigned int ..._Indexes1, class ... _Args2, long unsigned int ..._Indexes2> std::pair<_T1, _T2>::pair(std::tuple<_Args1 ...>&, std::tuple<_Args2 ...>&, std::_Index_tuple<_Indexes1 ...>, std::_Index_tuple<_Indexes2 ...>) [with _Args1 = {_Args1 ...}; long unsigned int ..._Indexes1 = {_Indexes1 ...}; _Args2 = {_Args2 ...}; long unsigned int ..._Indexes2 = {_Indexes2 ...}; _T1 = rs2_stream; _T2 = int][m[K’
[10.870s]   452 |         [01;36m[Kpair[m[K(tuple<_Args1...>&, tuple<_Args2...>&,
[10.870s]       |         [01;36m[K^~~~[m[K
[10.870s] [01m[K/usr/include/c++/11/bits/stl_pair.h:452:9:[m[K [01;36m[Knote: [m[K  template argument deduction/substitution failed:
[10.870s] [01m[K/usr/include/c++/11/bits/stl_pair.h:387:9:[m[K [01;36m[Knote: [m[Kcandidate: ‘[01m[Ktemplate<class ... _Args1, class ... _Args2> std::pair<_T1, _T2>::pair(std::piecewise_construct_t, std::tuple<_Args1 ...>, std::tuple<_Args2 ...>) [with _Args1 = {_Args1 ...}; _Args2 = {_Args2 ...}; _T1 = rs2_stream; _T2 = int][m[K’
[10.870s]   387 |         [01;36m[Kpair[m[K(piecewise_construct_t, tuple<_Args1...>, tuple<_Args2...>);
[10.870s]       |         [01;36m[K^~~~[m[K
[10.870s] [01m[K/usr/include/c++/11/bits/stl_pair.h:387:9:[m[K [01;36m[Knote: [m[K  template argument deduction/substitution failed:
[10.870s] [01m[K/usr/include/c++/11/bits/stl_pair.h:381:28:[m[K [01;36m[Knote: [m[Kcandidate: ‘[01m[Ktemplate<class _U1, class _U2, typename std::enable_if<(std::_PCC<((! std::is_same<rs2_stream, _U1>::value) || (! std::is_same<int, _U2>::value)), rs2_stream, int>::_MoveConstructiblePair<_U1, _U2>() && (! std::_PCC<((! std::is_same<rs2_stream, _U1>::value) || (! std::is_same<int, _U2>::value)), rs2_stream, int>::_ImplicitlyMoveConvertiblePair<_U1, _U2>())), bool>::type <anonymous> > constexpr std::pair<_T1, _T2>::pair(std::pair<_U1, _U2>&&) [with _U1 = _U1; _U2 = _U2; typename std::enable_if<(std::_PCC<((! std::is_same<_T1, _U1>::value) || (! std::is_same<_T2, _U2>::value)), _T1, _T2>::_MoveConstructiblePair<_U1, _U2>() && (! std::_PCC<((! std::is_same<_T1, _U1>::value) || (! std::is_same<_T2, _U2>::value)), _T1, _T2>::_ImplicitlyMoveConvertiblePair<_U1, _U2>())), bool>::type <anonymous> = <anonymous>; _T1 = rs2_stream; _T2 = int][m[K’
[10.870s]   381 |         explicit constexpr [01;36m[Kpair[m[K(pair<_U1, _U2>&& __p)
[10.870s]       |                            [01;36m[K^~~~[m[K
[10.870s] [01m[K/usr/include/c++/11/bits/stl_pair.h:381:28:[m[K [01;36m[Knote: [m[K  template argument deduction/substitution failed:
[10.870s] [01m[K/usr/include/c++/11/bits/stl_pair.h:371:19:[m[K [01;36m[Knote: [m[Kcandidate: ‘[01m[Ktemplate<class _U1, class _U2, typename std::enable_if<(std::_PCC<((! std::is_same<rs2_stream, _U1>::value) || (! std::is_same<int, _U2>::value)), rs2_stream, int>::_MoveConstructiblePair<_U1, _U2>() && std::_PCC<((! std::is_same<rs2_stream, _U1>::value) || (! std::is_same<int, _U2>::value)), rs2_stream, int>::_ImplicitlyMoveConvertiblePair<_U1, _U2>()), bool>::type <anonymous> > constexpr std::pair<_T1, _T2>::pair(std::pair<_U1, _U2>&&) [with _U1 = _U1; _U2 = _U2; typename std::enable_if<(std::_PCC<((! std::is_same<_T1, _U1>::value) || (! std::is_same<_T2, _U2>::value)), _T1, _T2>::_MoveConstructiblePair<_U1, _U2>() && std::_PCC<((! std::is_same<_T1, _U1>::value) || (! std::is_same<_T2, _U2>::value)), _T1, _T2>::_ImplicitlyMoveConvertiblePair<_U1, _U2>()), bool>::type <anonymous> = <anonymous>; _T1 = rs2_stream; _T2 = int][m[K’
[10.870s]   371 |         constexpr [01;36m[Kpair[m[K(pair<_U1, _U2>&& __p)
[10.871s]       |                   [01;36m[K^~~~[m[K
[10.871s] [01m[K/usr/include/c++/11/bits/stl_pair.h:371:19:[m[K [01;36m[Knote: [m[K  template argument deduction/substitution failed:
[10.871s] [01m[K/usr/include/c++/11/bits/stl_pair.h:361:28:[m[K [01;36m[Knote: [m[Kcandidate: ‘[01m[Ktemplate<class _U1, class _U2, typename std::enable_if<(_MoveConstructiblePair<_U1, _U2>() && (! _ImplicitlyMoveConvertiblePair<_U1, _U2>())), bool>::type <anonymous> > constexpr std::pair<_T1, _T2>::pair(_U1&&, _U2&&) [with _U1 = _U1; _U2 = _U2; typename std::enable_if<(std::_PCC<true, _T1, _T2>::_MoveConstructiblePair<_U1, _U2>() && (! std::_PCC<true, _T1, _T2>::_ImplicitlyMoveConvertiblePair<_U1, _U2>())), bool>::type <anonymous> = <anonymous>; _T1 = rs2_stream; _T2 = int][m[K’
[10.871s]   361 |         explicit constexpr [01;36m[Kpair[m[K(_U1&& __x, _U2&& __y)
[10.871s]       |                            [01;36m[K^~~~[m[K
[10.871s] [01m[K/usr/include/c++/11/bits/stl_pair.h:361:28:[m[K [01;36m[Knote: [m[K  template argument deduction/substitution failed:
[10.871s] [01m[K/usr/include/c++/11/bits/stl_pair.h:352:19:[m[K [01;36m[Knote: [m[Kcandidate: ‘[01m[Ktemplate<class _U1, class _U2, typename std::enable_if<(_MoveConstructiblePair<_U1, _U2>() && _ImplicitlyMoveConvertiblePair<_U1, _U2>()), bool>::type <anonymous> > constexpr std::pair<_T1, _T2>::pair(_U1&&, _U2&&) [with _U1 = _U1; _U2 = _U2; typename std::enable_if<(std::_PCC<true, _T1, _T2>::_MoveConstructiblePair<_U1, _U2>() && std::_PCC<true, _T1, _T2>::_ImplicitlyMoveConvertiblePair<_U1, _U2>()), bool>::type <anonymous> = <anonymous>; _T1 = rs2_stream; _T2 = int][m[K’
[10.871s]   352 |         constexpr [01;36m[Kpair[m[K(_U1&& __x, _U2&& __y)
[10.871s]       |                   [01;36m[K^~~~[m[K
[10.871s] [01m[K/usr/include/c++/11/bits/stl_pair.h:352:19:[m[K [01;36m[Knote: [m[K  template argument deduction/substitution failed:
[10.871s] [01m[K/usr/include/c++/11/bits/stl_pair.h:343:17:[m[K [01;36m[Knote: [m[Kcandidate: ‘[01m[Ktemplate<class _U2, typename std::enable_if<_CopyMovePair<false, rs2_stream, _U2>(), bool>::type <anonymous> > std::pair<_T1, _T2>::pair(const _T1&, _U2&&) [with _U2 = _U2; typename std::enable_if<std::_PCC<true, _T1, _T2>::_CopyMovePair<false, _T1, _U2>(), bool>::type <anonymous> = <anonymous>; _T1 = rs2_stream; _T2 = int][m[K’
[10.871s]   343 |        explicit [01;36m[Kpair[m[K(const _T1& __x, _U2&& __y)
[10.871s]       |                 [01;36m[K^~~~[m[K
[10.871s] [01m[K/usr/include/c++/11/bits/stl_pair.h:343:17:[m[K [01;36m[Knote: [m[K  template argument deduction/substitution failed:
[10.871s] [01m[K/usr/include/c++/11/bits/stl_pair.h:336:18:[m[K [01;36m[Knote: [m[Kcandidate: ‘[01m[Ktemplate<class _U2, typename std::enable_if<_CopyMovePair<true, rs2_stream, _U2>(), bool>::type <anonymous> > constexpr std::pair<_T1, _T2>::pair(const _T1&, _U2&&) [with _U2 = _U2; typename std::enable_if<std::_PCC<true, _T1, _T2>::_CopyMovePair<true, _T1, _U2>(), bool>::type <anonymous> = <anonymous>; _T1 = rs2_stream; _T2 = int][m[K’
[10.882s]   336 |        constexpr [01;36m[Kpair[m[K(const _T1& __x, _U2&& __y)
[10.883s]       |                  [01;36m[K^~~~[m[K
[10.884s] [01m[K/usr/include/c++/11/bits/stl_pair.h:336:18:[m[K [01;36m[Knote: [m[K  template argument deduction/substitution failed:
[10.884s] [01m[K/usr/include/c++/11/bits/stl_pair.h:329:27:[m[K [01;36m[Knote: [m[Kcandidate: ‘[01m[Ktemplate<class _U1, typename std::enable_if<_MoveCopyPair<false, _U1, int>(), bool>::type <anonymous> > constexpr std::pair<_T1, _T2>::pair(_U1&&, const _T2&) [with _U1 = _U1; typename std::enable_if<std::_PCC<true, _T1, _T2>::_MoveCopyPair<false, _U1, _T2>(), bool>::type <anonymous> = <anonymous>; _T1 = rs2_stream; _T2 = int][m[K’
[10.885s]   329 |        explicit constexpr [01;36m[Kpair[m[K(_U1&& __x, const _T2& __y)
[10.885s]       |                           [01;36m[K^~~~[m[K
[10.886s] [01m[K/usr/include/c++/11/bits/stl_pair.h:329:27:[m[K [01;36m[Knote: [m[K  template argument deduction/substitution failed:
[10.886s] [01m[K/usr/include/c++/11/bits/stl_pair.h:322:18:[m[K [01;36m[Knote: [m[Kcandidate: ‘[01m[Ktemplate<class _U1, typename std::enable_if<_MoveCopyPair<true, _U1, int>(), bool>::type <anonymous> > constexpr std::pair<_T1, _T2>::pair(_U1&&, const _T2&) [with _U1 = _U1; typename std::enable_if<std::_PCC<true, _T1, _T2>::_MoveCopyPair<true, _U1, _T2>(), bool>::type <anonymous> = <anonymous>; _T1 = rs2_stream; _T2 = int][m[K’
[10.887s]   322 |        constexpr [01;36m[Kpair[m[K(_U1&& __x, const _T2& __y)
[10.888s]       |                  [01;36m[K^~~~[m[K
[10.889s] [01m[K/usr/include/c++/11/bits/stl_pair.h:322:18:[m[K [01;36m[Knote: [m[K  template argument deduction/substitution failed:
[10.891s] [01m[K/usr/include/c++/11/bits/stl_pair.h:309:28:[m[K [01;36m[Knote: [m[Kcandidate: ‘[01m[Ktemplate<class _U1, class _U2, typename std::enable_if<(std::_PCC<((! std::is_same<rs2_stream, _U1>::value) || (! std::is_same<int, _U2>::value)), rs2_stream, int>::_ConstructiblePair<_U1, _U2>() && (! std::_PCC<((! std::is_same<rs2_stream, _U1>::value) || (! std::is_same<int, _U2>::value)), rs2_stream, int>::_ImplicitlyConvertiblePair<_U1, _U2>())), bool>::type <anonymous> > constexpr std::pair<_T1, _T2>::pair(const std::pair<_U1, _U2>&) [with _U1 = _U1; _U2 = _U2; typename std::enable_if<(std::_PCC<((! std::is_same<_T1, _U1>::value) || (! std::is_same<_T2, _U2>::value)), _T1, _T2>::_ConstructiblePair<_U1, _U2>() && (! std::_PCC<((! std::is_same<_T1, _U1>::value) || (! std::is_same<_T2, _U2>::value)), _T1, _T2>::_ImplicitlyConvertiblePair<_U1, _U2>())), bool>::type <anonymous> = <anonymous>; _T1 = rs2_stream; _T2 = int][m[K’
[10.892s]   309 |         explicit constexpr [01;36m[Kpair[m[K(const pair<_U1, _U2>& __p)
[10.893s]       |                            [01;36m[K^~~~[m[K
[10.894s] [01m[K/usr/include/c++/11/bits/stl_pair.h:309:28:[m[K [01;36m[Knote: [m[K  template argument deduction/substitution failed:
[10.894s] [01m[K/usr/include/c++/11/bits/stl_pair.h:300:19:[m[K [01;36m[Knote: [m[Kcandidate: ‘[01m[Ktemplate<class _U1, class _U2, typename std::enable_if<(std::_PCC<((! std::is_same<rs2_stream, _U1>::value) || (! std::is_same<int, _U2>::value)), rs2_stream, int>::_ConstructiblePair<_U1, _U2>() && std::_PCC<((! std::is_same<rs2_stream, _U1>::value) || (! std::is_same<int, _U2>::value)), rs2_stream, int>::_ImplicitlyConvertiblePair<_U1, _U2>()), bool>::type <anonymous> > constexpr std::pair<_T1, _T2>::pair(const std::pair<_U1, _U2>&) [with _U1 = _U1; _U2 = _U2; typename std::enable_if<(std::_PCC<((! std::is_same<_T1, _U1>::value) || (! std::is_same<_T2, _U2>::value)), _T1, _T2>::_ConstructiblePair<_U1, _U2>() && std::_PCC<((! std::is_same<_T1, _U1>::value) || (! std::is_same<_T2, _U2>::value)), _T1, _T2>::_ImplicitlyConvertiblePair<_U1, _U2>()), bool>::type <anonymous> = <anonymous>; _T1 = rs2_stream; _T2 = int][m[K’
[10.895s]   300 |         constexpr [01;36m[Kpair[m[K(const pair<_U1, _U2>& __p)
[10.896s]       |                   [01;36m[K^~~~[m[K
[10.896s] [01m[K/usr/include/c++/11/bits/stl_pair.h:300:19:[m[K [01;36m[Knote: [m[K  template argument deduction/substitution failed:
[10.897s] [01m[K/usr/include/c++/11/bits/stl_pair.h:276:26:[m[K [01;36m[Knote: [m[Kcandidate: ‘[01m[Ktemplate<class _U1, class _U2, typename std::enable_if<(_ConstructiblePair<_U1, _U2>() && (! _ImplicitlyConvertiblePair<_U1, _U2>())), bool>::type <anonymous> > constexpr std::pair<_T1, _T2>::pair(const _T1&, const _T2&) [with _U1 = _U1; _U2 = _U2; typename std::enable_if<(std::_PCC<true, _T1, _T2>::_ConstructiblePair<_U1, _U2>() && (! std::_PCC<true, _T1, _T2>::_ImplicitlyConvertiblePair<_U1, _U2>())), bool>::type <anonymous> = <anonymous>; _T1 = rs2_stream; _T2 = int][m[K’
[10.897s]   276 |       explicit constexpr [01;36m[Kpair[m[K(const _T1& __a, const _T2& __b)
[10.897s]       |                          [01;36m[K^~~~[m[K
[10.897s] [01m[K/usr/include/c++/11/bits/stl_pair.h:276:26:[m[K [01;36m[Knote: [m[K  template argument deduction/substitution failed:
[10.897s] [01m[K/usr/include/c++/11/bits/stl_pair.h:266:17:[m[K [01;36m[Knote: [m[Kcandidate: ‘[01m[Ktemplate<class _U1, class _U2, typename std::enable_if<(_ConstructiblePair<_U1, _U2>() && _ImplicitlyConvertiblePair<_U1, _U2>()), bool>::type <anonymous> > constexpr std::pair<_T1, _T2>::pair(const _T1&, const _T2&) [with _U1 = _U1; _U2 = _U2; typename std::enable_if<(std::_PCC<true, _T1, _T2>::_ConstructiblePair<_U1, _U2>() && std::_PCC<true, _T1, _T2>::_ImplicitlyConvertiblePair<_U1, _U2>()), bool>::type <anonymous> = <anonymous>; _T1 = rs2_stream; _T2 = int][m[K’
[10.897s]   266 |       constexpr [01;36m[Kpair[m[K(const _T1& __a, const _T2& __b)
[10.897s]       |                 [01;36m[K^~~~[m[K
[10.897s] [01m[K/usr/include/c++/11/bits/stl_pair.h:266:17:[m[K [01;36m[Knote: [m[K  template argument deduction/substitution failed:
[10.897s] [01m[K/usr/include/c++/11/bits/stl_pair.h:245:26:[m[K [01;36m[Knote: [m[Kcandidate: ‘[01m[Ktemplate<class _U1, class _U2, typename std::enable_if<std::__and_<std::is_default_constructible<_U1>, std::is_default_constructible<_Dp>, std::__not_<std::__and_<std::__is_implicitly_default_constructible<_U1>, std::__is_implicitly_default_constructible<_U2> > > >::value, bool>::type <anonymous> > constexpr std::pair<_T1, _T2>::pair() [with _U1 = _U1; _U2 = _U2; typename std::enable_if<std::__and_<std::is_default_constructible<_U1>, std::is_default_constructible<_U2>, std::__not_<std::__and_<std::__is_implicitly_default_constructible<_U1>, std::__is_implicitly_default_constructible<_U2> > > >::value, bool>::type <anonymous> = <anonymous>; _T1 = rs2_stream; _T2 = int][m[K’
[10.897s]   245 |       explicit constexpr [01;36m[Kpair[m[K()
[10.897s]       |                          [01;36m[K^~~~[m[K
[10.897s] [01m[K/usr/include/c++/11/bits/stl_pair.h:245:26:[m[K [01;36m[Knote: [m[K  template argument deduction/substitution failed:
[10.897s] In file included from [01m[K/home/brace/codeSpace/navi/src/realsense-ros/realsense2_camera/src/ros_utils.cpp:15[m[K:
[10.898s] [01m[K/home/brace/codeSpace/navi/src/realsense-ros/realsense2_camera/include/ros_utils.h:37:82:[m[K [01;36m[Knote: [m[K  candidate expects 0 arguments, 2 provided
[10.898s]    37 |     const stream_index_pair LABELED_POINT_CLOUD{RS2_STREAM_LABELED_POINT_CLOUD, 0[01;36m[K}[m[K;
[10.898s]       |                                                                                  [01;36m[K^[m[K
[10.898s] In file included from [01m[K/usr/include/c++/11/bits/stl_algobase.h:64[m[K,
[10.898s]                  from [01m[K/usr/include/c++/11/bits/char_traits.h:39[m[K,
[10.898s]                  from [01m[K/usr/include/c++/11/ios:40[m[K,
[10.898s]                  from [01m[K/usr/include/c++/11/ostream:38[m[K,
[10.898s]                  from [01m[K/usr/include/c++/11/iostream:39[m[K,
[10.898s]                  from [01m[K/home/brace/codeSpace/navi/src/realsense-ros/realsense2_camera/include/ros_utils.h:18[m[K,
[10.898s]                  from [01m[K/home/brace/codeSpace/navi/src/realsense-ros/realsense2_camera/src/ros_utils.cpp:15[m[K:
[10.898s] [01m[K/usr/include/c++/11/bits/stl_pair.h:232:26:[m[K [01;36m[Knote: [m[Kcandidate: ‘[01m[Ktemplate<class _U1, class _U2, typename std::enable_if<std::__and_<std::__is_implicitly_default_constructible<_U1>, std::__is_implicitly_default_constructible<_U2> >::value, bool>::type <anonymous> > constexpr std::pair<_T1, _T2>::pair() [with _U1 = _U1; _U2 = _U2; typename std::enable_if<std::__and_<std::__is_implicitly_default_constructible<_U1>, std::__is_implicitly_default_constructible<_U2> >::value, bool>::type <anonymous> = <anonymous>; _T1 = rs2_stream; _T2 = int][m[K’
[10.898s]   232 |       _GLIBCXX_CONSTEXPR [01;36m[Kpair[m[K()
[10.898s]       |                          [01;36m[K^~~~[m[K
[10.898s] [01m[K/usr/include/c++/11/bits/stl_pair.h:232:26:[m[K [01;36m[Knote: [m[K  template argument deduction/substitution failed:
[10.898s] In file included from [01m[K/home/brace/codeSpace/navi/src/realsense-ros/realsense2_camera/src/ros_utils.cpp:15[m[K:
[10.909s] [01m[K/home/brace/codeSpace/navi/src/realsense-ros/realsense2_camera/include/ros_utils.h:37:82:[m[K [01;36m[Knote: [m[K  candidate expects 0 arguments, 2 provided
[10.911s]    37 |     const stream_index_pair LABELED_POINT_CLOUD{RS2_STREAM_LABELED_POINT_CLOUD, 0[01;36m[K}[m[K;
[10.911s]       |                                                                                  [01;36m[K^[m[K
[10.913s] In file included from [01m[K/usr/include/c++/11/bits/stl_algobase.h:64[m[K,
[10.913s]                  from [01m[K/usr/include/c++/11/bits/char_traits.h:39[m[K,
[10.914s]                  from [01m[K/usr/include/c++/11/ios:40[m[K,
[10.915s]                  from [01m[K/usr/include/c++/11/ostream:38[m[K,
[10.916s]                  from [01m[K/usr/include/c++/11/iostream:39[m[K,
[10.916s]                  from [01m[K/home/brace/codeSpace/navi/src/realsense-ros/realsense2_camera/include/ros_utils.h:18[m[K,
[10.917s]                  from [01m[K/home/brace/codeSpace/navi/src/realsense-ros/realsense2_camera/src/ros_utils.cpp:15[m[K:
[10.918s] [01m[K/usr/include/c++/11/bits/stl_pair.h:315:17:[m[K [01;36m[Knote: [m[Kcandidate: ‘[01m[Kconstexpr std::pair<_T1, _T2>::pair(std::pair<_T1, _T2>&&) [with _T1 = rs2_stream; _T2 = int][m[K’
[10.918s]   315 |       constexpr [01;36m[Kpair[m[K(pair&&) = default;         ///< Move constructor
[10.919s]       |                 [01;36m[K^~~~[m[K
[10.919s] [01m[K/usr/include/c++/11/bits/stl_pair.h:315:17:[m[K [01;36m[Knote: [m[K  candidate expects 1 argument, 2 provided
[10.921s] [01m[K/usr/include/c++/11/bits/stl_pair.h:314:17:[m[K [01;36m[Knote: [m[Kcandidate: ‘[01m[Kconstexpr std::pair<_T1, _T2>::pair(const std::pair<_T1, _T2>&) [with _T1 = rs2_stream; _T2 = int][m[K’
[10.922s]   314 |       constexpr [01;36m[Kpair[m[K(const pair&) = default;    ///< Copy constructor
[10.922s]       |                 [01;36m[K^~~~[m[K
[10.923s] [01m[K/usr/include/c++/11/bits/stl_pair.h:314:17:[m[K [01;36m[Knote: [m[K  candidate expects 1 argument, 2 provided
[10.923s] In file included from [01m[K/home/brace/codeSpace/navi/src/realsense-ros/realsense2_camera/src/ros_utils.cpp:15[m[K:
[10.923s] [01m[K/home/brace/codeSpace/navi/src/realsense-ros/realsense2_camera/include/ros_utils.h:38:39:[m[K [01;31m[Kerror: [m[K‘[01m[KRS2_STREAM_OCCUPANCY[m[K’ was not declared in this scope; did you mean ‘[01m[KRS2_STREAM_COUNT[m[K’?
[10.924s]    38 |     const stream_index_pair OCCUPANCY{[01;31m[KRS2_STREAM_OCCUPANCY[m[K, 0};
[10.924s]       |                                       [01;31m[K^~~~~~~~~~~~~~~~~~~~[m[K
[10.924s]       |                                       [32m[KRS2_STREAM_COUNT[m[K
[10.924s] [01m[K/home/brace/codeSpace/navi/src/realsense-ros/realsense2_camera/include/ros_utils.h:38:62:[m[K [01;31m[Kerror: [m[Kno matching function for call to ‘[01m[Kstd::pair<rs2_stream, int>::pair(<brace-enclosed initializer list>)[m[K’
[10.924s]    38 |     const stream_index_pair OCCUPANCY{RS2_STREAM_OCCUPANCY, 0[01;31m[K}[m[K;
[10.924s]       |                                                              [01;31m[K^[m[K
[10.924s] In file included from [01m[K/usr/include/c++/11/bits/stl_algobase.h:64[m[K,
[10.924s]                  from [01m[K/usr/include/c++/11/bits/char_traits.h:39[m[K,
[10.924s]                  from [01m[K/usr/include/c++/11/ios:40[m[K,
[10.924s]                  from [01m[K/usr/include/c++/11/ostream:38[m[K,
[10.924s]                  from [01m[K/usr/include/c++/11/iostream:39[m[K,
[10.924s]                  from [01m[K/home/brace/codeSpace/navi/src/realsense-ros/realsense2_camera/include/ros_utils.h:18[m[K,
[10.924s]                  from [01m[K/home/brace/codeSpace/navi/src/realsense-ros/realsense2_camera/src/ros_utils.cpp:15[m[K:
[10.924s] [01m[K/usr/include/c++/11/bits/stl_pair.h:452:9:[m[K [01;36m[Knote: [m[Kcandidate: ‘[01m[Ktemplate<class ... _Args1, long unsigned int ..._Indexes1, class ... _Args2, long unsigned int ..._Indexes2> std::pair<_T1, _T2>::pair(std::tuple<_Args1 ...>&, std::tuple<_Args2 ...>&, std::_Index_tuple<_Indexes1 ...>, std::_Index_tuple<_Indexes2 ...>) [with _Args1 = {_Args1 ...}; long unsigned int ..._Indexes1 = {_Indexes1 ...}; _Args2 = {_Args2 ...}; long unsigned int ..._Indexes2 = {_Indexes2 ...}; _T1 = rs2_stream; _T2 = int][m[K’
[10.924s]   452 |         [01;36m[Kpair[m[K(tuple<_Args1...>&, tuple<_Args2...>&,
[10.925s]       |         [01;36m[K^~~~[m[K
[10.925s] [01m[K/usr/include/c++/11/bits/stl_pair.h:452:9:[m[K [01;36m[Knote: [m[K  template argument deduction/substitution failed:
[10.925s] [01m[K/usr/include/c++/11/bits/stl_pair.h:387:9:[m[K [01;36m[Knote: [m[Kcandidate: ‘[01m[Ktemplate<class ... _Args1, class ... _Args2> std::pair<_T1, _T2>::pair(std::piecewise_construct_t, std::tuple<_Args1 ...>, std::tuple<_Args2 ...>) [with _Args1 = {_Args1 ...}; _Args2 = {_Args2 ...}; _T1 = rs2_stream; _T2 = int][m[K’
[10.925s]   387 |         [01;36m[Kpair[m[K(piecewise_construct_t, tuple<_Args1...>, tuple<_Args2...>);
[10.925s]       |         [01;36m[K^~~~[m[K
[10.925s] [01m[K/usr/include/c++/11/bits/stl_pair.h:387:9:[m[K [01;36m[Knote: [m[K  template argument deduction/substitution failed:
[10.925s] [01m[K/usr/include/c++/11/bits/stl_pair.h:381:28:[m[K [01;36m[Knote: [m[Kcandidate: ‘[01m[Ktemplate<class _U1, class _U2, typename std::enable_if<(std::_PCC<((! std::is_same<rs2_stream, _U1>::value) || (! std::is_same<int, _U2>::value)), rs2_stream, int>::_MoveConstructiblePair<_U1, _U2>() && (! std::_PCC<((! std::is_same<rs2_stream, _U1>::value) || (! std::is_same<int, _U2>::value)), rs2_stream, int>::_ImplicitlyMoveConvertiblePair<_U1, _U2>())), bool>::type <anonymous> > constexpr std::pair<_T1, _T2>::pair(std::pair<_U1, _U2>&&) [with _U1 = _U1; _U2 = _U2; typename std::enable_if<(std::_PCC<((! std::is_same<_T1, _U1>::value) || (! std::is_same<_T2, _U2>::value)), _T1, _T2>::_MoveConstructiblePair<_U1, _U2>() && (! std::_PCC<((! std::is_same<_T1, _U1>::value) || (! std::is_same<_T2, _U2>::value)), _T1, _T2>::_ImplicitlyMoveConvertiblePair<_U1, _U2>())), bool>::type <anonymous> = <anonymous>; _T1 = rs2_stream; _T2 = int][m[K’
[10.925s]   381 |         explicit constexpr [01;36m[Kpair[m[K(pair<_U1, _U2>&& __p)
[10.925s]       |                            [01;36m[K^~~~[m[K
[10.926s] [01m[K/usr/include/c++/11/bits/stl_pair.h:381:28:[m[K [01;36m[Knote: [m[K  template argument deduction/substitution failed:
[10.926s] [01m[K/usr/include/c++/11/bits/stl_pair.h:371:19:[m[K [01;36m[Knote: [m[Kcandidate: ‘[01m[Ktemplate<class _U1, class _U2, typename std::enable_if<(std::_PCC<((! std::is_same<rs2_stream, _U1>::value) || (! std::is_same<int, _U2>::value)), rs2_stream, int>::_MoveConstructiblePair<_U1, _U2>() && std::_PCC<((! std::is_same<rs2_stream, _U1>::value) || (! std::is_same<int, _U2>::value)), rs2_stream, int>::_ImplicitlyMoveConvertiblePair<_U1, _U2>()), bool>::type <anonymous> > constexpr std::pair<_T1, _T2>::pair(std::pair<_U1, _U2>&&) [with _U1 = _U1; _U2 = _U2; typename std::enable_if<(std::_PCC<((! std::is_same<_T1, _U1>::value) || (! std::is_same<_T2, _U2>::value)), _T1, _T2>::_MoveConstructiblePair<_U1, _U2>() && std::_PCC<((! std::is_same<_T1, _U1>::value) || (! std::is_same<_T2, _U2>::value)), _T1, _T2>::_ImplicitlyMoveConvertiblePair<_U1, _U2>()), bool>::type <anonymous> = <anonymous>; _T1 = rs2_stream; _T2 = int][m[K’
[10.926s]   371 |         constexpr [01;36m[Kpair[m[K(pair<_U1, _U2>&& __p)
[10.926s]       |                   [01;36m[K^~~~[m[K
[10.927s] [01m[K/usr/include/c++/11/bits/stl_pair.h:371:19:[m[K [01;36m[Knote: [m[K  template argument deduction/substitution failed:
[10.927s] [01m[K/usr/include/c++/11/bits/stl_pair.h:361:28:[m[K [01;36m[Knote: [m[Kcandidate: ‘[01m[Ktemplate<class _U1, class _U2, typename std::enable_if<(_MoveConstructiblePair<_U1, _U2>() && (! _ImplicitlyMoveConvertiblePair<_U1, _U2>())), bool>::type <anonymous> > constexpr std::pair<_T1, _T2>::pair(_U1&&, _U2&&) [with _U1 = _U1; _U2 = _U2; typename std::enable_if<(std::_PCC<true, _T1, _T2>::_MoveConstructiblePair<_U1, _U2>() && (! std::_PCC<true, _T1, _T2>::_ImplicitlyMoveConvertiblePair<_U1, _U2>())), bool>::type <anonymous> = <anonymous>; _T1 = rs2_stream; _T2 = int][m[K’
[10.927s]   361 |         explicit constexpr [01;36m[Kpair[m[K(_U1&& __x, _U2&& __y)
[10.927s]       |                            [01;36m[K^~~~[m[K
[10.928s] [01m[K/usr/include/c++/11/bits/stl_pair.h:361:28:[m[K [01;36m[Knote: [m[K  template argument deduction/substitution failed:
[10.928s] [01m[K/usr/include/c++/11/bits/stl_pair.h:352:19:[m[K [01;36m[Knote: [m[Kcandidate: ‘[01m[Ktemplate<class _U1, class _U2, typename std::enable_if<(_MoveConstructiblePair<_U1, _U2>() && _ImplicitlyMoveConvertiblePair<_U1, _U2>()), bool>::type <anonymous> > constexpr std::pair<_T1, _T2>::pair(_U1&&, _U2&&) [with _U1 = _U1; _U2 = _U2; typename std::enable_if<(std::_PCC<true, _T1, _T2>::_MoveConstructiblePair<_U1, _U2>() && std::_PCC<true, _T1, _T2>::_ImplicitlyMoveConvertiblePair<_U1, _U2>()), bool>::type <anonymous> = <anonymous>; _T1 = rs2_stream; _T2 = int][m[K’
[10.928s]   352 |         constexpr [01;36m[Kpair[m[K(_U1&& __x, _U2&& __y)
[10.928s]       |                   [01;36m[K^~~~[m[K
[10.928s] [01m[K/usr/include/c++/11/bits/stl_pair.h:352:19:[m[K [01;36m[Knote: [m[K  template argument deduction/substitution failed:
[10.929s] [01m[K/usr/include/c++/11/bits/stl_pair.h:343:17:[m[K [01;36m[Knote: [m[Kcandidate: ‘[01m[Ktemplate<class _U2, typename std::enable_if<_CopyMovePair<false, rs2_stream, _U2>(), bool>::type <anonymous> > std::pair<_T1, _T2>::pair(const _T1&, _U2&&) [with _U2 = _U2; typename std::enable_if<std::_PCC<true, _T1, _T2>::_CopyMovePair<false, _T1, _U2>(), bool>::type <anonymous> = <anonymous>; _T1 = rs2_stream; _T2 = int][m[K’
[10.929s]   343 |        explicit [01;36m[Kpair[m[K(const _T1& __x, _U2&& __y)
[10.929s]       |                 [01;36m[K^~~~[m[K
[10.929s] [01m[K/usr/include/c++/11/bits/stl_pair.h:343:17:[m[K [01;36m[Knote: [m[K  template argument deduction/substitution failed:
[10.929s] [01m[K/usr/include/c++/11/bits/stl_pair.h:336:18:[m[K [01;36m[Knote: [m[Kcandidate: ‘[01m[Ktemplate<class _U2, typename std::enable_if<_CopyMovePair<true, rs2_stream, _U2>(), bool>::type <anonymous> > constexpr std::pair<_T1, _T2>::pair(const _T1&, _U2&&) [with _U2 = _U2; typename std::enable_if<std::_PCC<true, _T1, _T2>::_CopyMovePair<true, _T1, _U2>(), bool>::type <anonymous> = <anonymous>; _T1 = rs2_stream; _T2 = int][m[K’
[10.930s]   336 |        constexpr [01;36m[Kpair[m[K(const _T1& __x, _U2&& __y)
[10.930s]       |                  [01;36m[K^~~~[m[K
[10.930s] [01m[K/usr/include/c++/11/bits/stl_pair.h:336:18:[m[K [01;36m[Knote: [m[K  template argument deduction/substitution failed:
[10.930s] [01m[K/usr/include/c++/11/bits/stl_pair.h:329:27:[m[K [01;36m[Knote: [m[Kcandidate: ‘[01m[Ktemplate<class _U1, typename std::enable_if<_MoveCopyPair<false, _U1, int>(), bool>::type <anonymous> > constexpr std::pair<_T1, _T2>::pair(_U1&&, const _T2&) [with _U1 = _U1; typename std::enable_if<std::_PCC<true, _T1, _T2>::_MoveCopyPair<false, _U1, _T2>(), bool>::type <anonymous> = <anonymous>; _T1 = rs2_stream; _T2 = int][m[K’
[10.930s]   329 |        explicit constexpr [01;36m[Kpair[m[K(_U1&& __x, const _T2& __y)
[10.931s]       |                           [01;36m[K^~~~[m[K
[10.933s] [01m[K/usr/include/c++/11/bits/stl_pair.h:329:27:[m[K [01;36m[Knote: [m[K  template argument deduction/substitution failed:
[10.933s] [01m[K/usr/include/c++/11/bits/stl_pair.h:322:18:[m[K [01;36m[Knote: [m[Kcandidate: ‘[01m[Ktemplate<class _U1, typename std::enable_if<_MoveCopyPair<true, _U1, int>(), bool>::type <anonymous> > constexpr std::pair<_T1, _T2>::pair(_U1&&, const _T2&) [with _U1 = _U1; typename std::enable_if<std::_PCC<true, _T1, _T2>::_MoveCopyPair<true, _U1, _T2>(), bool>::type <anonymous> = <anonymous>; _T1 = rs2_stream; _T2 = int][m[K’
[10.933s]   322 |        constexpr [01;36m[Kpair[m[K(_U1&& __x, const _T2& __y)
[10.934s]       |                  [01;36m[K^~~~[m[K
[10.934s] [01m[K/usr/include/c++/11/bits/stl_pair.h:322:18:[m[K [01;36m[Knote: [m[K  template argument deduction/substitution failed:
[10.934s] [01m[K/usr/include/c++/11/bits/stl_pair.h:309:28:[m[K [01;36m[Knote: [m[Kcandidate: ‘[01m[Ktemplate<class _U1, class _U2, typename std::enable_if<(std::_PCC<((! std::is_same<rs2_stream, _U1>::value) || (! std::is_same<int, _U2>::value)), rs2_stream, int>::_ConstructiblePair<_U1, _U2>() && (! std::_PCC<((! std::is_same<rs2_stream, _U1>::value) || (! std::is_same<int, _U2>::value)), rs2_stream, int>::_ImplicitlyConvertiblePair<_U1, _U2>())), bool>::type <anonymous> > constexpr std::pair<_T1, _T2>::pair(const std::pair<_U1, _U2>&) [with _U1 = _U1; _U2 = _U2; typename std::enable_if<(std::_PCC<((! std::is_same<_T1, _U1>::value) || (! std::is_same<_T2, _U2>::value)), _T1, _T2>::_ConstructiblePair<_U1, _U2>() && (! std::_PCC<((! std::is_same<_T1, _U1>::value) || (! std::is_same<_T2, _U2>::value)), _T1, _T2>::_ImplicitlyConvertiblePair<_U1, _U2>())), bool>::type <anonymous> = <anonymous>; _T1 = rs2_stream; _T2 = int][m[K’
[10.934s]   309 |         explicit constexpr [01;36m[Kpair[m[K(const pair<_U1, _U2>& __p)
[10.934s]       |                            [01;36m[K^~~~[m[K
[10.935s] [01m[K/usr/include/c++/11/bits/stl_pair.h:309:28:[m[K [01;36m[Knote: [m[K  template argument deduction/substitution failed:
[10.935s] [01m[K/usr/include/c++/11/bits/stl_pair.h:300:19:[m[K [01;36m[Knote: [m[Kcandidate: ‘[01m[Ktemplate<class _U1, class _U2, typename std::enable_if<(std::_PCC<((! std::is_same<rs2_stream, _U1>::value) || (! std::is_same<int, _U2>::value)), rs2_stream, int>::_ConstructiblePair<_U1, _U2>() && std::_PCC<((! std::is_same<rs2_stream, _U1>::value) || (! std::is_same<int, _U2>::value)), rs2_stream, int>::_ImplicitlyConvertiblePair<_U1, _U2>()), bool>::type <anonymous> > constexpr std::pair<_T1, _T2>::pair(const std::pair<_U1, _U2>&) [with _U1 = _U1; _U2 = _U2; typename std::enable_if<(std::_PCC<((! std::is_same<_T1, _U1>::value) || (! std::is_same<_T2, _U2>::value)), _T1, _T2>::_ConstructiblePair<_U1, _U2>() && std::_PCC<((! std::is_same<_T1, _U1>::value) || (! std::is_same<_T2, _U2>::value)), _T1, _T2>::_ImplicitlyConvertiblePair<_U1, _U2>()), bool>::type <anonymous> = <anonymous>; _T1 = rs2_stream; _T2 = int][m[K’
[10.935s]   300 |         constexpr [01;36m[Kpair[m[K(const pair<_U1, _U2>& __p)
[10.935s]       |                   [01;36m[K^~~~[m[K
[10.935s] [01m[K/usr/include/c++/11/bits/stl_pair.h:300:19:[m[K [01;36m[Knote: [m[K  template argument deduction/substitution failed:
[10.935s] [01m[K/usr/include/c++/11/bits/stl_pair.h:276:26:[m[K [01;36m[Knote: [m[Kcandidate: ‘[01m[Ktemplate<class _U1, class _U2, typename std::enable_if<(_ConstructiblePair<_U1, _U2>() && (! _ImplicitlyConvertiblePair<_U1, _U2>())), bool>::type <anonymous> > constexpr std::pair<_T1, _T2>::pair(const _T1&, const _T2&) [with _U1 = _U1; _U2 = _U2; typename std::enable_if<(std::_PCC<true, _T1, _T2>::_ConstructiblePair<_U1, _U2>() && (! std::_PCC<true, _T1, _T2>::_ImplicitlyConvertiblePair<_U1, _U2>())), bool>::type <anonymous> = <anonymous>; _T1 = rs2_stream; _T2 = int][m[K’
[10.936s]   276 |       explicit constexpr [01;36m[Kpair[m[K(const _T1& __a, const _T2& __b)
[10.936s]       |                          [01;36m[K^~~~[m[K
[10.936s] [01m[K/usr/include/c++/11/bits/stl_pair.h:276:26:[m[K [01;36m[Knote: [m[K  template argument deduction/substitution failed:
[10.936s] [01m[K/usr/include/c++/11/bits/stl_pair.h:266:17:[m[K [01;36m[Knote: [m[Kcandidate: ‘[01m[Ktemplate<class _U1, class _U2, typename std::enable_if<(_ConstructiblePair<_U1, _U2>() && _ImplicitlyConvertiblePair<_U1, _U2>()), bool>::type <anonymous> > constexpr std::pair<_T1, _T2>::pair(const _T1&, const _T2&) [with _U1 = _U1; _U2 = _U2; typename std::enable_if<(std::_PCC<true, _T1, _T2>::_ConstructiblePair<_U1, _U2>() && std::_PCC<true, _T1, _T2>::_ImplicitlyConvertiblePair<_U1, _U2>()), bool>::type <anonymous> = <anonymous>; _T1 = rs2_stream; _T2 = int][m[K’
[10.936s]   266 |       constexpr [01;36m[Kpair[m[K(const _T1& __a, const _T2& __b)
[10.936s]       |                 [01;36m[K^~~~[m[K
[10.936s] [01m[K/usr/include/c++/11/bits/stl_pair.h:266:17:[m[K [01;36m[Knote: [m[K  template argument deduction/substitution failed:
[10.936s] [01m[K/usr/include/c++/11/bits/stl_pair.h:245:26:[m[K [01;36m[Knote: [m[Kcandidate: ‘[01m[Ktemplate<class _U1, class _U2, typename std::enable_if<std::__and_<std::is_default_constructible<_U1>, std::is_default_constructible<_Dp>, std::__not_<std::__and_<std::__is_implicitly_default_constructible<_U1>, std::__is_implicitly_default_constructible<_U2> > > >::value, bool>::type <anonymous> > constexpr std::pair<_T1, _T2>::pair() [with _U1 = _U1; _U2 = _U2; typename std::enable_if<std::__and_<std::is_default_constructible<_U1>, std::is_default_constructible<_U2>, std::__not_<std::__and_<std::__is_implicitly_default_constructible<_U1>, std::__is_implicitly_default_constructible<_U2> > > >::value, bool>::type <anonymous> = <anonymous>; _T1 = rs2_stream; _T2 = int][m[K’
[10.936s]   245 |       explicit constexpr [01;36m[Kpair[m[K()
[10.937s]       |                          [01;36m[K^~~~[m[K
[10.937s] [01m[K/usr/include/c++/11/bits/stl_pair.h:245:26:[m[K [01;36m[Knote: [m[K  template argument deduction/substitution failed:
[10.937s] In file included from [01m[K/home/brace/codeSpace/navi/src/realsense-ros/realsense2_camera/src/ros_utils.cpp:15[m[K:
[10.937s] [01m[K/home/brace/codeSpace/navi/src/realsense-ros/realsense2_camera/include/ros_utils.h:38:62:[m[K [01;36m[Knote: [m[K  candidate expects 0 arguments, 2 provided
[10.937s]    38 |     const stream_index_pair OCCUPANCY{RS2_STREAM_OCCUPANCY, 0[01;36m[K}[m[K;
[10.937s]       |                                                              [01;36m[K^[m[K
[10.937s] In file included from [01m[K/usr/include/c++/11/bits/stl_algobase.h:64[m[K,
[10.937s]                  from [01m[K/usr/include/c++/11/bits/char_traits.h:39[m[K,
[10.937s]                  from [01m[K/usr/include/c++/11/ios:40[m[K,
[10.937s]                  from [01m[K/usr/include/c++/11/ostream:38[m[K,
[10.938s]                  from [01m[K/usr/include/c++/11/iostream:39[m[K,
[10.938s]                  from [01m[K/home/brace/codeSpace/navi/src/realsense-ros/realsense2_camera/include/ros_utils.h:18[m[K,
[10.938s]                  from [01m[K/home/brace/codeSpace/navi/src/realsense-ros/realsense2_camera/src/ros_utils.cpp:15[m[K:
[10.938s] [01m[K/usr/include/c++/11/bits/stl_pair.h:232:26:[m[K [01;36m[Knote: [m[Kcandidate: ‘[01m[Ktemplate<class _U1, class _U2, typename std::enable_if<std::__and_<std::__is_implicitly_default_constructible<_U1>, std::__is_implicitly_default_constructible<_U2> >::value, bool>::type <anonymous> > constexpr std::pair<_T1, _T2>::pair() [with _U1 = _U1; _U2 = _U2; typename std::enable_if<std::__and_<std::__is_implicitly_default_constructible<_U1>, std::__is_implicitly_default_constructible<_U2> >::value, bool>::type <anonymous> = <anonymous>; _T1 = rs2_stream; _T2 = int][m[K’
[10.938s]   232 |       _GLIBCXX_CONSTEXPR [01;36m[Kpair[m[K()
[10.938s]       |                          [01;36m[K^~~~[m[K
[10.938s] [01m[K/usr/include/c++/11/bits/stl_pair.h:232:26:[m[K [01;36m[Knote: [m[K  template argument deduction/substitution failed:
[10.938s] In file included from [01m[K/home/brace/codeSpace/navi/src/realsense-ros/realsense2_camera/src/ros_utils.cpp:15[m[K:
[10.938s] [01m[K/home/brace/codeSpace/navi/src/realsense-ros/realsense2_camera/include/ros_utils.h:38:62:[m[K [01;36m[Knote: [m[K  candidate expects 0 arguments, 2 provided
[10.938s]    38 |     const stream_index_pair OCCUPANCY{RS2_STREAM_OCCUPANCY, 0[01;36m[K}[m[K;
[10.938s]       |                                                              [01;36m[K^[m[K
[10.938s] In file included from [01m[K/usr/include/c++/11/bits/stl_algobase.h:64[m[K,
[10.939s]                  from [01m[K/usr/include/c++/11/bits/char_traits.h:39[m[K,
[10.939s]                  from [01m[K/usr/include/c++/11/ios:40[m[K,
[10.939s]                  from [01m[K/usr/include/c++/11/ostream:38[m[K,
[10.939s]                  from [01m[K/usr/include/c++/11/iostream:39[m[K,
[10.939s]                  from [01m[K/home/brace/codeSpace/navi/src/realsense-ros/realsense2_camera/include/ros_utils.h:18[m[K,
[10.939s]                  from [01m[K/home/brace/codeSpace/navi/src/realsense-ros/realsense2_camera/src/ros_utils.cpp:15[m[K:
[10.939s] [01m[K/usr/include/c++/11/bits/stl_pair.h:315:17:[m[K [01;36m[Knote: [m[Kcandidate: ‘[01m[Kconstexpr std::pair<_T1, _T2>::pair(std::pair<_T1, _T2>&&) [with _T1 = rs2_stream; _T2 = int][m[K’
[10.939s]   315 |       constexpr [01;36m[Kpair[m[K(pair&&) = default;         ///< Move constructor
[10.939s]       |                 [01;36m[K^~~~[m[K
[10.939s] [01m[K/usr/include/c++/11/bits/stl_pair.h:315:17:[m[K [01;36m[Knote: [m[K  candidate expects 1 argument, 2 provided
[10.940s] [01m[K/usr/include/c++/11/bits/stl_pair.h:314:17:[m[K [01;36m[Knote: [m[Kcandidate: ‘[01m[Kconstexpr std::pair<_T1, _T2>::pair(const std::pair<_T1, _T2>&) [with _T1 = rs2_stream; _T2 = int][m[K’
[10.940s]   314 |       constexpr [01;36m[Kpair[m[K(const pair&) = default;    ///< Copy constructor
[10.940s]       |                 [01;36m[K^~~~[m[K
[10.940s] [01m[K/usr/include/c++/11/bits/stl_pair.h:314:17:[m[K [01;36m[Knote: [m[K  candidate expects 1 argument, 2 provided
[11.688s] In file included from [01m[K/home/brace/codeSpace/navi/src/realsense-ros/realsense2_camera/include/dynamic_params.h:16[m[K,
[11.689s]                  from [01m[K/home/brace/codeSpace/navi/src/realsense-ros/realsense2_camera/include/sensor_params.h:18[m[K,
[11.689s]                  from [01m[K/home/brace/codeSpace/navi/src/realsense-ros/realsense2_camera/include/align_depth_filter.h:20[m[K,
[11.690s]                  from [01m[K/home/brace/codeSpace/navi/src/realsense-ros/realsense2_camera/src/align_depth_filter.cpp:15[m[K:
[11.691s] [01m[K/home/brace/codeSpace/navi/src/realsense-ros/realsense2_camera/include/ros_utils.h:36:36:[m[K [01;31m[Kerror: [m[K‘[01m[KRS2_STREAM_SAFETY[m[K’ was not declared in this scope; did you mean ‘[01m[KRS2_STREAM_ANY[m[K’?
[11.692s]    36 |     const stream_index_pair SAFETY{[01;31m[KRS2_STREAM_SAFETY[m[K, 0};
[11.694s]       |                                    [01;31m[K^~~~~~~~~~~~~~~~~[m[K
[11.694s]       |                                    [32m[KRS2_STREAM_ANY[m[K
[11.695s] [01m[K/home/brace/codeSpace/navi/src/realsense-ros/realsense2_camera/include/ros_utils.h:36:56:[m[K [01;31m[Kerror: [m[Kno matching function for call to ‘[01m[Kstd::pair<rs2_stream, int>::pair(<brace-enclosed initializer list>)[m[K’
[11.696s]    36 |     const stream_index_pair SAFETY{RS2_STREAM_SAFETY, 0[01;31m[K}[m[K;
[11.697s]       |                                                        [01;31m[K^[m[K
[11.698s] In file included from [01m[K/usr/include/c++/11/bits/stl_algobase.h:64[m[K,
[11.705s]                  from [01m[K/usr/include/c++/11/bits/char_traits.h:39[m[K,
[11.705s]                  from [01m[K/usr/include/c++/11/string:40[m[K,
[11.705s]                  from [01m[K/home/brace/codeSpace/navi/src/realsense-ros/realsense2_camera/include/align_depth_filter.h:17[m[K,
[11.705s]                  from [01m[K/home/brace/codeSpace/navi/src/realsense-ros/realsense2_camera/src/align_depth_filter.cpp:15[m[K:
[11.706s] [01m[K/usr/include/c++/11/bits/stl_pair.h:452:9:[m[K [01;36m[Knote: [m[Kcandidate: ‘[01m[Ktemplate<class ... _Args1, long unsigned int ..._Indexes1, class ... _Args2, long unsigned int ..._Indexes2> std::pair<_T1, _T2>::pair(std::tuple<_Args1 ...>&, std::tuple<_Args2 ...>&, std::_Index_tuple<_Indexes1 ...>, std::_Index_tuple<_Indexes2 ...>) [with _Args1 = {_Args1 ...}; long unsigned int ..._Indexes1 = {_Indexes1 ...}; _Args2 = {_Args2 ...}; long unsigned int ..._Indexes2 = {_Indexes2 ...}; _T1 = rs2_stream; _T2 = int][m[K’
[11.706s]   452 |         [01;36m[Kpair[m[K(tuple<_Args1...>&, tuple<_Args2...>&,
[11.706s]       |         [01;36m[K^~~~[m[K
[11.706s] [01m[K/usr/include/c++/11/bits/stl_pair.h:452:9:[m[K [01;36m[Knote: [m[K  template argument deduction/substitution failed:
[11.706s] [01m[K/usr/include/c++/11/bits/stl_pair.h:387:9:[m[K [01;36m[Knote: [m[Kcandidate: ‘[01m[Ktemplate<class ... _Args1, class ... _Args2> std::pair<_T1, _T2>::pair(std::piecewise_construct_t, std::tuple<_Args1 ...>, std::tuple<_Args2 ...>) [with _Args1 = {_Args1 ...}; _Args2 = {_Args2 ...}; _T1 = rs2_stream; _T2 = int][m[K’
[11.706s]   387 |         [01;36m[Kpair[m[K(piecewise_construct_t, tuple<_Args1...>, tuple<_Args2...>);
[11.706s]       |         [01;36m[K^~~~[m[K
[11.706s] [01m[K/usr/include/c++/11/bits/stl_pair.h:387:9:[m[K [01;36m[Knote: [m[K  template argument deduction/substitution failed:
[11.706s] [01m[K/usr/include/c++/11/bits/stl_pair.h:381:28:[m[K [01;36m[Knote: [m[Kcandidate: ‘[01m[Ktemplate<class _U1, class _U2, typename std::enable_if<(std::_PCC<((! std::is_same<rs2_stream, _U1>::value) || (! std::is_same<int, _U2>::value)), rs2_stream, int>::_MoveConstructiblePair<_U1, _U2>() && (! std::_PCC<((! std::is_same<rs2_stream, _U1>::value) || (! std::is_same<int, _U2>::value)), rs2_stream, int>::_ImplicitlyMoveConvertiblePair<_U1, _U2>())), bool>::type <anonymous> > constexpr std::pair<_T1, _T2>::pair(std::pair<_U1, _U2>&&) [with _U1 = _U1; _U2 = _U2; typename std::enable_if<(std::_PCC<((! std::is_same<_T1, _U1>::value) || (! std::is_same<_T2, _U2>::value)), _T1, _T2>::_MoveConstructiblePair<_U1, _U2>() && (! std::_PCC<((! std::is_same<_T1, _U1>::value) || (! std::is_same<_T2, _U2>::value)), _T1, _T2>::_ImplicitlyMoveConvertiblePair<_U1, _U2>())), bool>::type <anonymous> = <anonymous>; _T1 = rs2_stream; _T2 = int][m[K’
[11.706s]   381 |         explicit constexpr [01;36m[Kpair[m[K(pair<_U1, _U2>&& __p)
[11.706s]       |                            [01;36m[K^~~~[m[K
[11.707s] [01m[K/usr/include/c++/11/bits/stl_pair.h:381:28:[m[K [01;36m[Knote: [m[K  template argument deduction/substitution failed:
[11.707s] [01m[K/usr/include/c++/11/bits/stl_pair.h:371:19:[m[K [01;36m[Knote: [m[Kcandidate: ‘[01m[Ktemplate<class _U1, class _U2, typename std::enable_if<(std::_PCC<((! std::is_same<rs2_stream, _U1>::value) || (! std::is_same<int, _U2>::value)), rs2_stream, int>::_MoveConstructiblePair<_U1, _U2>() && std::_PCC<((! std::is_same<rs2_stream, _U1>::value) || (! std::is_same<int, _U2>::value)), rs2_stream, int>::_ImplicitlyMoveConvertiblePair<_U1, _U2>()), bool>::type <anonymous> > constexpr std::pair<_T1, _T2>::pair(std::pair<_U1, _U2>&&) [with _U1 = _U1; _U2 = _U2; typename std::enable_if<(std::_PCC<((! std::is_same<_T1, _U1>::value) || (! std::is_same<_T2, _U2>::value)), _T1, _T2>::_MoveConstructiblePair<_U1, _U2>() && std::_PCC<((! std::is_same<_T1, _U1>::value) || (! std::is_same<_T2, _U2>::value)), _T1, _T2>::_ImplicitlyMoveConvertiblePair<_U1, _U2>()), bool>::type <anonymous> = <anonymous>; _T1 = rs2_stream; _T2 = int][m[K’
[11.707s]   371 |         constexpr [01;36m[Kpair[m[K(pair<_U1, _U2>&& __p)
[11.707s]       |                   [01;36m[K^~~~[m[K
[11.707s] [01m[K/usr/include/c++/11/bits/stl_pair.h:371:19:[m[K [01;36m[Knote: [m[K  template argument deduction/substitution failed:
[11.707s] [01m[K/usr/include/c++/11/bits/stl_pair.h:361:28:[m[K [01;36m[Knote: [m[Kcandidate: ‘[01m[Ktemplate<class _U1, class _U2, typename std::enable_if<(_MoveConstructiblePair<_U1, _U2>() && (! _ImplicitlyMoveConvertiblePair<_U1, _U2>())), bool>::type <anonymous> > constexpr std::pair<_T1, _T2>::pair(_U1&&, _U2&&) [with _U1 = _U1; _U2 = _U2; typename std::enable_if<(std::_PCC<true, _T1, _T2>::_MoveConstructiblePair<_U1, _U2>() && (! std::_PCC<true, _T1, _T2>::_ImplicitlyMoveConvertiblePair<_U1, _U2>())), bool>::type <anonymous> = <anonymous>; _T1 = rs2_stream; _T2 = int][m[K’
[11.707s]   361 |         explicit constexpr [01;36m[Kpair[m[K(_U1&& __x, _U2&& __y)
[11.707s]       |                            [01;36m[K^~~~[m[K
[11.707s] [01m[K/usr/include/c++/11/bits/stl_pair.h:361:28:[m[K [01;36m[Knote: [m[K  template argument deduction/substitution failed:
[11.707s] [01m[K/usr/include/c++/11/bits/stl_pair.h:352:19:[m[K [01;36m[Knote: [m[Kcandidate: ‘[01m[Ktemplate<class _U1, class _U2, typename std::enable_if<(_MoveConstructiblePair<_U1, _U2>() && _ImplicitlyMoveConvertiblePair<_U1, _U2>()), bool>::type <anonymous> > constexpr std::pair<_T1, _T2>::pair(_U1&&, _U2&&) [with _U1 = _U1; _U2 = _U2; typename std::enable_if<(std::_PCC<true, _T1, _T2>::_MoveConstructiblePair<_U1, _U2>() && std::_PCC<true, _T1, _T2>::_ImplicitlyMoveConvertiblePair<_U1, _U2>()), bool>::type <anonymous> = <anonymous>; _T1 = rs2_stream; _T2 = int][m[K’
[11.707s]   352 |         constexpr [01;36m[Kpair[m[K(_U1&& __x, _U2&& __y)
[11.707s]       |                   [01;36m[K^~~~[m[K
[11.707s] [01m[K/usr/include/c++/11/bits/stl_pair.h:352:19:[m[K [01;36m[Knote: [m[K  template argument deduction/substitution failed:
[11.707s] [01m[K/usr/include/c++/11/bits/stl_pair.h:343:17:[m[K [01;36m[Knote: [m[Kcandidate: ‘[01m[Ktemplate<class _U2, typename std::enable_if<_CopyMovePair<false, rs2_stream, _U2>(), bool>::type <anonymous> > std::pair<_T1, _T2>::pair(const _T1&, _U2&&) [with _U2 = _U2; typename std::enable_if<std::_PCC<true, _T1, _T2>::_CopyMovePair<false, _T1, _U2>(), bool>::type <anonymous> = <anonymous>; _T1 = rs2_stream; _T2 = int][m[K’
[11.708s]   343 |        explicit [01;36m[Kpair[m[K(const _T1& __x, _U2&& __y)
[11.708s]       |                 [01;36m[K^~~~[m[K
[11.708s] [01m[K/usr/include/c++/11/bits/stl_pair.h:343:17:[m[K [01;36m[Knote: [m[K  template argument deduction/substitution failed:
[11.708s] [01m[K/usr/include/c++/11/bits/stl_pair.h:336:18:[m[K [01;36m[Knote: [m[Kcandidate: ‘[01m[Ktemplate<class _U2, typename std::enable_if<_CopyMovePair<true, rs2_stream, _U2>(), bool>::type <anonymous> > constexpr std::pair<_T1, _T2>::pair(const _T1&, _U2&&) [with _U2 = _U2; typename std::enable_if<std::_PCC<true, _T1, _T2>::_CopyMovePair<true, _T1, _U2>(), bool>::type <anonymous> = <anonymous>; _T1 = rs2_stream; _T2 = int][m[K’
[11.708s]   336 |        constexpr [01;36m[Kpair[m[K(const _T1& __x, _U2&& __y)
[11.708s]       |                  [01;36m[K^~~~[m[K
[11.712s] [01m[K/usr/include/c++/11/bits/stl_pair.h:336:18:[m[K [01;36m[Knote: [m[K  template argument deduction/substitution failed:
[11.712s] [01m[K/usr/include/c++/11/bits/stl_pair.h:329:27:[m[K [01;36m[Knote: [m[Kcandidate: ‘[01m[Ktemplate<class _U1, typename std::enable_if<_MoveCopyPair<false, _U1, int>(), bool>::type <anonymous> > constexpr std::pair<_T1, _T2>::pair(_U1&&, const _T2&) [with _U1 = _U1; typename std::enable_if<std::_PCC<true, _T1, _T2>::_MoveCopyPair<false, _U1, _T2>(), bool>::type <anonymous> = <anonymous>; _T1 = rs2_stream; _T2 = int][m[K’
[11.712s]   329 |        explicit constexpr [01;36m[Kpair[m[K(_U1&& __x, const _T2& __y)
[11.712s]       |                           [01;36m[K^~~~[m[K
[11.712s] [01m[K/usr/include/c++/11/bits/stl_pair.h:329:27:[m[K [01;36m[Knote: [m[K  template argument deduction/substitution failed:
[11.712s] [01m[K/usr/include/c++/11/bits/stl_pair.h:322:18:[m[K [01;36m[Knote: [m[Kcandidate: ‘[01m[Ktemplate<class _U1, typename std::enable_if<_MoveCopyPair<true, _U1, int>(), bool>::type <anonymous> > constexpr std::pair<_T1, _T2>::pair(_U1&&, const _T2&) [with _U1 = _U1; typename std::enable_if<std::_PCC<true, _T1, _T2>::_MoveCopyPair<true, _U1, _T2>(), bool>::type <anonymous> = <anonymous>; _T1 = rs2_stream; _T2 = int][m[K’
[11.713s]   322 |        constexpr [01;36m[Kpair[m[K(_U1&& __x, const _T2& __y)
[11.713s]       |                  [01;36m[K^~~~[m[K
[11.713s] [01m[K/usr/include/c++/11/bits/stl_pair.h:322:18:[m[K [01;36m[Knote: [m[K  template argument deduction/substitution failed:
[11.713s] [01m[K/usr/include/c++/11/bits/stl_pair.h:309:28:[m[K [01;36m[Knote: [m[Kcandidate: ‘[01m[Ktemplate<class _U1, class _U2, typename std::enable_if<(std::_PCC<((! std::is_same<rs2_stream, _U1>::value) || (! std::is_same<int, _U2>::value)), rs2_stream, int>::_ConstructiblePair<_U1, _U2>() && (! std::_PCC<((! std::is_same<rs2_stream, _U1>::value) || (! std::is_same<int, _U2>::value)), rs2_stream, int>::_ImplicitlyConvertiblePair<_U1, _U2>())), bool>::type <anonymous> > constexpr std::pair<_T1, _T2>::pair(const std::pair<_U1, _U2>&) [with _U1 = _U1; _U2 = _U2; typename std::enable_if<(std::_PCC<((! std::is_same<_T1, _U1>::value) || (! std::is_same<_T2, _U2>::value)), _T1, _T2>::_ConstructiblePair<_U1, _U2>() && (! std::_PCC<((! std::is_same<_T1, _U1>::value) || (! std::is_same<_T2, _U2>::value)), _T1, _T2>::_ImplicitlyConvertiblePair<_U1, _U2>())), bool>::type <anonymous> = <anonymous>; _T1 = rs2_stream; _T2 = int][m[K’
[11.713s]   309 |         explicit constexpr [01;36m[Kpair[m[K(const pair<_U1, _U2>& __p)
[11.713s]       |                            [01;36m[K^~~~[m[K
[11.713s] [01m[K/usr/include/c++/11/bits/stl_pair.h:309:28:[m[K [01;36m[Knote: [m[K  template argument deduction/substitution failed:
[11.713s] [01m[K/usr/include/c++/11/bits/stl_pair.h:300:19:[m[K [01;36m[Knote: [m[Kcandidate: ‘[01m[Ktemplate<class _U1, class _U2, typename std::enable_if<(std::_PCC<((! std::is_same<rs2_stream, _U1>::value) || (! std::is_same<int, _U2>::value)), rs2_stream, int>::_ConstructiblePair<_U1, _U2>() && std::_PCC<((! std::is_same<rs2_stream, _U1>::value) || (! std::is_same<int, _U2>::value)), rs2_stream, int>::_ImplicitlyConvertiblePair<_U1, _U2>()), bool>::type <anonymous> > constexpr std::pair<_T1, _T2>::pair(const std::pair<_U1, _U2>&) [with _U1 = _U1; _U2 = _U2; typename std::enable_if<(std::_PCC<((! std::is_same<_T1, _U1>::value) || (! std::is_same<_T2, _U2>::value)), _T1, _T2>::_ConstructiblePair<_U1, _U2>() && std::_PCC<((! std::is_same<_T1, _U1>::value) || (! std::is_same<_T2, _U2>::value)), _T1, _T2>::_ImplicitlyConvertiblePair<_U1, _U2>()), bool>::type <anonymous> = <anonymous>; _T1 = rs2_stream; _T2 = int][m[K’
[11.716s]   300 |         constexpr [01;36m[Kpair[m[K(const pair<_U1, _U2>& __p)
[11.716s]       |                   [01;36m[K^~~~[m[K
[11.716s] [01m[K/usr/include/c++/11/bits/stl_pair.h:300:19:[m[K [01;36m[Knote: [m[K  template argument deduction/substitution failed:
[11.716s] [01m[K/usr/include/c++/11/bits/stl_pair.h:276:26:[m[K [01;36m[Knote: [m[Kcandidate: ‘[01m[Ktemplate<class _U1, class _U2, typename std::enable_if<(_ConstructiblePair<_U1, _U2>() && (! _ImplicitlyConvertiblePair<_U1, _U2>())), bool>::type <anonymous> > constexpr std::pair<_T1, _T2>::pair(const _T1&, const _T2&) [with _U1 = _U1; _U2 = _U2; typename std::enable_if<(std::_PCC<true, _T1, _T2>::_ConstructiblePair<_U1, _U2>() && (! std::_PCC<true, _T1, _T2>::_ImplicitlyConvertiblePair<_U1, _U2>())), bool>::type <anonymous> = <anonymous>; _T1 = rs2_stream; _T2 = int][m[K’
[11.716s]   276 |       explicit constexpr [01;36m[Kpair[m[K(const _T1& __a, const _T2& __b)
[11.716s]       |                          [01;36m[K^~~~[m[K
[11.716s] [01m[K/usr/include/c++/11/bits/stl_pair.h:276:26:[m[K [01;36m[Knote: [m[K  template argument deduction/substitution failed:
[11.716s] [01m[K/usr/include/c++/11/bits/stl_pair.h:266:17:[m[K [01;36m[Knote: [m[Kcandidate: ‘[01m[Ktemplate<class _U1, class _U2, typename std::enable_if<(_ConstructiblePair<_U1, _U2>() && _ImplicitlyConvertiblePair<_U1, _U2>()), bool>::type <anonymous> > constexpr std::pair<_T1, _T2>::pair(const _T1&, const _T2&) [with _U1 = _U1; _U2 = _U2; typename std::enable_if<(std::_PCC<true, _T1, _T2>::_ConstructiblePair<_U1, _U2>() && std::_PCC<true, _T1, _T2>::_ImplicitlyConvertiblePair<_U1, _U2>()), bool>::type <anonymous> = <anonymous>; _T1 = rs2_stream; _T2 = int][m[K’
[11.716s]   266 |       constexpr [01;36m[Kpair[m[K(const _T1& __a, const _T2& __b)
[11.716s]       |                 [01;36m[K^~~~[m[K
[11.717s] [01m[K/usr/include/c++/11/bits/stl_pair.h:266:17:[m[K [01;36m[Knote: [m[K  template argument deduction/substitution failed:
[11.717s] [01m[K/usr/include/c++/11/bits/stl_pair.h:245:26:[m[K [01;36m[Knote: [m[Kcandidate: ‘[01m[Ktemplate<class _U1, class _U2, typename std::enable_if<std::__and_<std::is_default_constructible<_U1>, std::is_default_constructible<_Dp>, std::__not_<std::__and_<std::__is_implicitly_default_constructible<_U1>, std::__is_implicitly_default_constructible<_U2> > > >::value, bool>::type <anonymous> > constexpr std::pair<_T1, _T2>::pair() [with _U1 = _U1; _U2 = _U2; typename std::enable_if<std::__and_<std::is_default_constructible<_U1>, std::is_default_constructible<_U2>, std::__not_<std::__and_<std::__is_implicitly_default_constructible<_U1>, std::__is_implicitly_default_constructible<_U2> > > >::value, bool>::type <anonymous> = <anonymous>; _T1 = rs2_stream; _T2 = int][m[K’
[11.717s]   245 |       explicit constexpr [01;36m[Kpair[m[K()
[11.717s]       |                          [01;36m[K^~~~[m[K
[11.717s] [01m[K/usr/include/c++/11/bits/stl_pair.h:245:26:[m[K [01;36m[Knote: [m[K  template argument deduction/substitution failed:
[11.717s] In file included from [01m[K/home/brace/codeSpace/navi/src/realsense-ros/realsense2_camera/include/dynamic_params.h:16[m[K,
[11.717s]                  from [01m[K/home/brace/codeSpace/navi/src/realsense-ros/realsense2_camera/include/sensor_params.h:18[m[K,
[11.717s]                  from [01m[K/home/brace/codeSpace/navi/src/realsense-ros/realsense2_camera/include/align_depth_filter.h:20[m[K,
[11.717s]                  from [01m[K/home/brace/codeSpace/navi/src/realsense-ros/realsense2_camera/src/align_depth_filter.cpp:15[m[K:
[11.717s] [01m[K/home/brace/codeSpace/navi/src/realsense-ros/realsense2_camera/include/ros_utils.h:36:56:[m[K [01;36m[Knote: [m[K  candidate expects 0 arguments, 2 provided
[11.717s]    36 |     const stream_index_pair SAFETY{RS2_STREAM_SAFETY, 0[01;36m[K}[m[K;
[11.717s]       |                                                        [01;36m[K^[m[K
[11.717s] In file included from [01m[K/usr/include/c++/11/bits/stl_algobase.h:64[m[K,
[11.717s]                  from [01m[K/usr/include/c++/11/bits/char_traits.h:39[m[K,
[11.717s]                  from [01m[K/usr/include/c++/11/string:40[m[K,
[11.717s]                  from [01m[K/home/brace/codeSpace/navi/src/realsense-ros/realsense2_camera/include/align_depth_filter.h:17[m[K,
[11.725s]                  from [01m[K/home/brace/codeSpace/navi/src/realsense-ros/realsense2_camera/src/align_depth_filter.cpp:15[m[K:
[11.727s] [01m[K/usr/include/c++/11/bits/stl_pair.h:232:26:[m[K [01;36m[Knote: [m[Kcandidate: ‘[01m[Ktemplate<class _U1, class _U2, typename std::enable_if<std::__and_<std::__is_implicitly_default_constructible<_U1>, std::__is_implicitly_default_constructible<_U2> >::value, bool>::type <anonymous> > constexpr std::pair<_T1, _T2>::pair() [with _U1 = _U1; _U2 = _U2; typename std::enable_if<std::__and_<std::__is_implicitly_default_constructible<_U1>, std::__is_implicitly_default_constructible<_U2> >::value, bool>::type <anonymous> = <anonymous>; _T1 = rs2_stream; _T2 = int][m[K’
[11.727s]   232 |       _GLIBCXX_CONSTEXPR [01;36m[Kpair[m[K()
[11.727s]       |                          [01;36m[K^~~~[m[K
[11.727s] [01m[K/usr/include/c++/11/bits/stl_pair.h:232:26:[m[K [01;36m[Knote: [m[K  template argument deduction/substitution failed:
[11.727s] In file included from [01m[K/home/brace/codeSpace/navi/src/realsense-ros/realsense2_camera/include/dynamic_params.h:16[m[K,
[11.727s]                  from [01m[K/home/brace/codeSpace/navi/src/realsense-ros/realsense2_camera/include/sensor_params.h:18[m[K,
[11.727s]                  from [01m[K/home/brace/codeSpace/navi/src/realsense-ros/realsense2_camera/include/align_depth_filter.h:20[m[K,
[11.727s]                  from [01m[K/home/brace/codeSpace/navi/src/realsense-ros/realsense2_camera/src/align_depth_filter.cpp:15[m[K:
[11.728s] [01m[K/home/brace/codeSpace/navi/src/realsense-ros/realsense2_camera/include/ros_utils.h:36:56:[m[K [01;36m[Knote: [m[K  candidate expects 0 arguments, 2 provided
[11.728s]    36 |     const stream_index_pair SAFETY{RS2_STREAM_SAFETY, 0[01;36m[K}[m[K;
[11.728s]       |                                                        [01;36m[K^[m[K
[11.728s] In file included from [01m[K/usr/include/c++/11/bits/stl_algobase.h:64[m[K,
[11.728s]                  from [01m[K/usr/include/c++/11/bits/char_traits.h:39[m[K,
[11.728s]                  from [01m[K/usr/include/c++/11/string:40[m[K,
[11.728s]                  from [01m[K/home/brace/codeSpace/navi/src/realsense-ros/realsense2_camera/include/align_depth_filter.h:17[m[K,
[11.728s]                  from [01m[K/home/brace/codeSpace/navi/src/realsense-ros/realsense2_camera/src/align_depth_filter.cpp:15[m[K:
[11.728s] [01m[K/usr/include/c++/11/bits/stl_pair.h:315:17:[m[K [01;36m[Knote: [m[Kcandidate: ‘[01m[Kconstexpr std::pair<_T1, _T2>::pair(std::pair<_T1, _T2>&&) [with _T1 = rs2_stream; _T2 = int][m[K’
[11.728s]   315 |       constexpr [01;36m[Kpair[m[K(pair&&) = default;         ///< Move constructor
[11.728s]       |                 [01;36m[K^~~~[m[K
[11.728s] [01m[K/usr/include/c++/11/bits/stl_pair.h:315:17:[m[K [01;36m[Knote: [m[K  candidate expects 1 argument, 2 provided
[11.728s] [01m[K/usr/include/c++/11/bits/stl_pair.h:314:17:[m[K [01;36m[Knote: [m[Kcandidate: ‘[01m[Kconstexpr std::pair<_T1, _T2>::pair(const std::pair<_T1, _T2>&) [with _T1 = rs2_stream; _T2 = int][m[K’
[11.728s]   314 |       constexpr [01;36m[Kpair[m[K(const pair&) = default;    ///< Copy constructor
[11.729s]       |                 [01;36m[K^~~~[m[K
[11.729s] [01m[K/usr/include/c++/11/bits/stl_pair.h:314:17:[m[K [01;36m[Knote: [m[K  candidate expects 1 argument, 2 provided
[11.758s] In file included from [01m[K/home/brace/codeSpace/navi/src/realsense-ros/realsense2_camera/include/dynamic_params.h:16[m[K,
[11.758s]                  from [01m[K/home/brace/codeSpace/navi/src/realsense-ros/realsense2_camera/include/sensor_params.h:18[m[K,
[11.759s]                  from [01m[K/home/brace/codeSpace/navi/src/realsense-ros/realsense2_camera/include/align_depth_filter.h:20[m[K,
[11.759s]                  from [01m[K/home/brace/codeSpace/navi/src/realsense-ros/realsense2_camera/src/align_depth_filter.cpp:15[m[K:
[11.759s] [01m[K/home/brace/codeSpace/navi/src/realsense-ros/realsense2_camera/include/ros_utils.h:37:49:[m[K [01;31m[Kerror: [m[K‘[01m[KRS2_STREAM_LABELED_POINT_CLOUD[m[K’ was not declared in this scope
[11.759s]    37 |     const stream_index_pair LABELED_POINT_CLOUD{[01;31m[KRS2_STREAM_LABELED_POINT_CLOUD[m[K, 0};
[11.759s]       |                                                 [01;31m[K^~~~~~~~~~~~~~~~~~~~~~~~~~~~~~[m[K
[11.759s] [01m[K/home/brace/codeSpace/navi/src/realsense-ros/realsense2_camera/include/ros_utils.h:37:82:[m[K [01;31m[Kerror: [m[Kno matching function for call to ‘[01m[Kstd::pair<rs2_stream, int>::pair(<brace-enclosed initializer list>)[m[K’
[11.759s]    37 |     const stream_index_pair LABELED_POINT_CLOUD{RS2_STREAM_LABELED_POINT_CLOUD, 0[01;31m[K}[m[K;
[11.759s]       |                                                                                  [01;31m[K^[m[K
[11.759s] In file included from [01m[K/usr/include/c++/11/bits/stl_algobase.h:64[m[K,
[11.759s]                  from [01m[K/usr/include/c++/11/bits/char_traits.h:39[m[K,
[11.760s]                  from [01m[K/usr/include/c++/11/string:40[m[K,
[11.760s]                  from [01m[K/home/brace/codeSpace/navi/src/realsense-ros/realsense2_camera/include/align_depth_filter.h:17[m[K,
[11.760s]                  from [01m[K/home/brace/codeSpace/navi/src/realsense-ros/realsense2_camera/src/align_depth_filter.cpp:15[m[K:
[11.760s] [01m[K/usr/include/c++/11/bits/stl_pair.h:452:9:[m[K [01;36m[Knote: [m[Kcandidate: ‘[01m[Ktemplate<class ... _Args1, long unsigned int ..._Indexes1, class ... _Args2, long unsigned int ..._Indexes2> std::pair<_T1, _T2>::pair(std::tuple<_Args1 ...>&, std::tuple<_Args2 ...>&, std::_Index_tuple<_Indexes1 ...>, std::_Index_tuple<_Indexes2 ...>) [with _Args1 = {_Args1 ...}; long unsigned int ..._Indexes1 = {_Indexes1 ...}; _Args2 = {_Args2 ...}; long unsigned int ..._Indexes2 = {_Indexes2 ...}; _T1 = rs2_stream; _T2 = int][m[K’
[11.760s]   452 |         [01;36m[Kpair[m[K(tuple<_Args1...>&, tuple<_Args2...>&,
[11.764s]       |         [01;36m[K^~~~[m[K
[11.764s] [01m[K/usr/include/c++/11/bits/stl_pair.h:452:9:[m[K [01;36m[Knote: [m[K  template argument deduction/substitution failed:
[11.764s] [01m[K/usr/include/c++/11/bits/stl_pair.h:387:9:[m[K [01;36m[Knote: [m[Kcandidate: ‘[01m[Ktemplate<class ... _Args1, class ... _Args2> std::pair<_T1, _T2>::pair(std::piecewise_construct_t, std::tuple<_Args1 ...>, std::tuple<_Args2 ...>) [with _Args1 = {_Args1 ...}; _Args2 = {_Args2 ...}; _T1 = rs2_stream; _T2 = int][m[K’
[11.764s]   387 |         [01;36m[Kpair[m[K(piecewise_construct_t, tuple<_Args1...>, tuple<_Args2...>);
[11.764s]       |         [01;36m[K^~~~[m[K
[11.764s] [01m[K/usr/include/c++/11/bits/stl_pair.h:387:9:[m[K [01;36m[Knote: [m[K  template argument deduction/substitution failed:
[11.764s] [01m[K/usr/include/c++/11/bits/stl_pair.h:381:28:[m[K [01;36m[Knote: [m[Kcandidate: ‘[01m[Ktemplate<class _U1, class _U2, typename std::enable_if<(std::_PCC<((! std::is_same<rs2_stream, _U1>::value) || (! std::is_same<int, _U2>::value)), rs2_stream, int>::_MoveConstructiblePair<_U1, _U2>() && (! std::_PCC<((! std::is_same<rs2_stream, _U1>::value) || (! std::is_same<int, _U2>::value)), rs2_stream, int>::_ImplicitlyMoveConvertiblePair<_U1, _U2>())), bool>::type <anonymous> > constexpr std::pair<_T1, _T2>::pair(std::pair<_U1, _U2>&&) [with _U1 = _U1; _U2 = _U2; typename std::enable_if<(std::_PCC<((! std::is_same<_T1, _U1>::value) || (! std::is_same<_T2, _U2>::value)), _T1, _T2>::_MoveConstructiblePair<_U1, _U2>() && (! std::_PCC<((! std::is_same<_T1, _U1>::value) || (! std::is_same<_T2, _U2>::value)), _T1, _T2>::_ImplicitlyMoveConvertiblePair<_U1, _U2>())), bool>::type <anonymous> = <anonymous>; _T1 = rs2_stream; _T2 = int][m[K’
[11.765s]   381 |         explicit constexpr [01;36m[Kpair[m[K(pair<_U1, _U2>&& __p)
[11.765s]       |                            [01;36m[K^~~~[m[K
[11.765s] [01m[K/usr/include/c++/11/bits/stl_pair.h:381:28:[m[K [01;36m[Knote: [m[K  template argument deduction/substitution failed:
[11.765s] [01m[K/usr/include/c++/11/bits/stl_pair.h:371:19:[m[K [01;36m[Knote: [m[Kcandidate: ‘[01m[Ktemplate<class _U1, class _U2, typename std::enable_if<(std::_PCC<((! std::is_same<rs2_stream, _U1>::value) || (! std::is_same<int, _U2>::value)), rs2_stream, int>::_MoveConstructiblePair<_U1, _U2>() && std::_PCC<((! std::is_same<rs2_stream, _U1>::value) || (! std::is_same<int, _U2>::value)), rs2_stream, int>::_ImplicitlyMoveConvertiblePair<_U1, _U2>()), bool>::type <anonymous> > constexpr std::pair<_T1, _T2>::pair(std::pair<_U1, _U2>&&) [with _U1 = _U1; _U2 = _U2; typename std::enable_if<(std::_PCC<((! std::is_same<_T1, _U1>::value) || (! std::is_same<_T2, _U2>::value)), _T1, _T2>::_MoveConstructiblePair<_U1, _U2>() && std::_PCC<((! std::is_same<_T1, _U1>::value) || (! std::is_same<_T2, _U2>::value)), _T1, _T2>::_ImplicitlyMoveConvertiblePair<_U1, _U2>()), bool>::type <anonymous> = <anonymous>; _T1 = rs2_stream; _T2 = int][m[K’
[11.765s]   371 |         constexpr [01;36m[Kpair[m[K(pair<_U1, _U2>&& __p)
[11.765s]       |                   [01;36m[K^~~~[m[K
[11.765s] [01m[K/usr/include/c++/11/bits/stl_pair.h:371:19:[m[K [01;36m[Knote: [m[K  template argument deduction/substitution failed:
[11.765s] [01m[K/usr/include/c++/11/bits/stl_pair.h:361:28:[m[K [01;36m[Knote: [m[Kcandidate: ‘[01m[Ktemplate<class _U1, class _U2, typename std::enable_if<(_MoveConstructiblePair<_U1, _U2>() && (! _ImplicitlyMoveConvertiblePair<_U1, _U2>())), bool>::type <anonymous> > constexpr std::pair<_T1, _T2>::pair(_U1&&, _U2&&) [with _U1 = _U1; _U2 = _U2; typename std::enable_if<(std::_PCC<true, _T1, _T2>::_MoveConstructiblePair<_U1, _U2>() && (! std::_PCC<true, _T1, _T2>::_ImplicitlyMoveConvertiblePair<_U1, _U2>())), bool>::type <anonymous> = <anonymous>; _T1 = rs2_stream; _T2 = int][m[K’
[11.765s]   361 |         explicit constexpr [01;36m[Kpair[m[K(_U1&& __x, _U2&& __y)
[11.765s]       |                            [01;36m[K^~~~[m[K
[11.765s] [01m[K/usr/include/c++/11/bits/stl_pair.h:361:28:[m[K [01;36m[Knote: [m[K  template argument deduction/substitution failed:
[11.765s] [01m[K/usr/include/c++/11/bits/stl_pair.h:352:19:[m[K [01;36m[Knote: [m[Kcandidate: ‘[01m[Ktemplate<class _U1, class _U2, typename std::enable_if<(_MoveConstructiblePair<_U1, _U2>() && _ImplicitlyMoveConvertiblePair<_U1, _U2>()), bool>::type <anonymous> > constexpr std::pair<_T1, _T2>::pair(_U1&&, _U2&&) [with _U1 = _U1; _U2 = _U2; typename std::enable_if<(std::_PCC<true, _T1, _T2>::_MoveConstructiblePair<_U1, _U2>() && std::_PCC<true, _T1, _T2>::_ImplicitlyMoveConvertiblePair<_U1, _U2>()), bool>::type <anonymous> = <anonymous>; _T1 = rs2_stream; _T2 = int][m[K’
[11.765s]   352 |         constexpr [01;36m[Kpair[m[K(_U1&& __x, _U2&& __y)
[11.765s]       |                   [01;36m[K^~~~[m[K
[11.765s] [01m[K/usr/include/c++/11/bits/stl_pair.h:352:19:[m[K [01;36m[Knote: [m[K  template argument deduction/substitution failed:
[11.765s] [01m[K/usr/include/c++/11/bits/stl_pair.h:343:17:[m[K [01;36m[Knote: [m[Kcandidate: ‘[01m[Ktemplate<class _U2, typename std::enable_if<_CopyMovePair<false, rs2_stream, _U2>(), bool>::type <anonymous> > std::pair<_T1, _T2>::pair(const _T1&, _U2&&) [with _U2 = _U2; typename std::enable_if<std::_PCC<true, _T1, _T2>::_CopyMovePair<false, _T1, _U2>(), bool>::type <anonymous> = <anonymous>; _T1 = rs2_stream; _T2 = int][m[K’
[11.765s]   343 |        explicit [01;36m[Kpair[m[K(const _T1& __x, _U2&& __y)
[11.772s]       |                 [01;36m[K^~~~[m[K
[11.772s] [01m[K/usr/include/c++/11/bits/stl_pair.h:343:17:[m[K [01;36m[Knote: [m[K  template argument deduction/substitution failed:
[11.772s] [01m[K/usr/include/c++/11/bits/stl_pair.h:336:18:[m[K [01;36m[Knote: [m[Kcandidate: ‘[01m[Ktemplate<class _U2, typename std::enable_if<_CopyMovePair<true, rs2_stream, _U2>(), bool>::type <anonymous> > constexpr std::pair<_T1, _T2>::pair(const _T1&, _U2&&) [with _U2 = _U2; typename std::enable_if<std::_PCC<true, _T1, _T2>::_CopyMovePair<true, _T1, _U2>(), bool>::type <anonymous> = <anonymous>; _T1 = rs2_stream; _T2 = int][m[K’
[11.772s]   336 |        constexpr [01;36m[Kpair[m[K(const _T1& __x, _U2&& __y)
[11.772s]       |                  [01;36m[K^~~~[m[K
[11.773s] [01m[K/usr/include/c++/11/bits/stl_pair.h:336:18:[m[K [01;36m[Knote: [m[K  template argument deduction/substitution failed:
[11.773s] [01m[K/usr/include/c++/11/bits/stl_pair.h:329:27:[m[K [01;36m[Knote: [m[Kcandidate: ‘[01m[Ktemplate<class _U1, typename std::enable_if<_MoveCopyPair<false, _U1, int>(), bool>::type <anonymous> > constexpr std::pair<_T1, _T2>::pair(_U1&&, const _T2&) [with _U1 = _U1; typename std::enable_if<std::_PCC<true, _T1, _T2>::_MoveCopyPair<false, _U1, _T2>(), bool>::type <anonymous> = <anonymous>; _T1 = rs2_stream; _T2 = int][m[K’
[11.773s]   329 |        explicit constexpr [01;36m[Kpair[m[K(_U1&& __x, const _T2& __y)
[11.773s]       |                           [01;36m[K^~~~[m[K
[11.773s] [01m[K/usr/include/c++/11/bits/stl_pair.h:329:27:[m[K [01;36m[Knote: [m[K  template argument deduction/substitution failed:
[11.773s] [01m[K/usr/include/c++/11/bits/stl_pair.h:322:18:[m[K [01;36m[Knote: [m[Kcandidate: ‘[01m[Ktemplate<class _U1, typename std::enable_if<_MoveCopyPair<true, _U1, int>(), bool>::type <anonymous> > constexpr std::pair<_T1, _T2>::pair(_U1&&, const _T2&) [with _U1 = _U1; typename std::enable_if<std::_PCC<true, _T1, _T2>::_MoveCopyPair<true, _U1, _T2>(), bool>::type <anonymous> = <anonymous>; _T1 = rs2_stream; _T2 = int][m[K’
[11.773s]   322 |        constexpr [01;36m[Kpair[m[K(_U1&& __x, const _T2& __y)
[11.773s]       |                  [01;36m[K^~~~[m[K
[11.773s] [01m[K/usr/include/c++/11/bits/stl_pair.h:322:18:[m[K [01;36m[Knote: [m[K  template argument deduction/substitution failed:
[11.777s] [01m[K/usr/include/c++/11/bits/stl_pair.h:309:28:[m[K [01;36m[Knote: [m[Kcandidate: ‘[01m[Ktemplate<class _U1, class _U2, typename std::enable_if<(std::_PCC<((! std::is_same<rs2_stream, _U1>::value) || (! std::is_same<int, _U2>::value)), rs2_stream, int>::_ConstructiblePair<_U1, _U2>() && (! std::_PCC<((! std::is_same<rs2_stream, _U1>::value) || (! std::is_same<int, _U2>::value)), rs2_stream, int>::_ImplicitlyConvertiblePair<_U1, _U2>())), bool>::type <anonymous> > constexpr std::pair<_T1, _T2>::pair(const std::pair<_U1, _U2>&) [with _U1 = _U1; _U2 = _U2; typename std::enable_if<(std::_PCC<((! std::is_same<_T1, _U1>::value) || (! std::is_same<_T2, _U2>::value)), _T1, _T2>::_ConstructiblePair<_U1, _U2>() && (! std::_PCC<((! std::is_same<_T1, _U1>::value) || (! std::is_same<_T2, _U2>::value)), _T1, _T2>::_ImplicitlyConvertiblePair<_U1, _U2>())), bool>::type <anonymous> = <anonymous>; _T1 = rs2_stream; _T2 = int][m[K’
[11.777s]   309 |         explicit constexpr [01;36m[Kpair[m[K(const pair<_U1, _U2>& __p)
[11.777s]       |                            [01;36m[K^~~~[m[K
[11.777s] [01m[K/usr/include/c++/11/bits/stl_pair.h:309:28:[m[K [01;36m[Knote: [m[K  template argument deduction/substitution failed:
[11.777s] [01m[K/usr/include/c++/11/bits/stl_pair.h:300:19:[m[K [01;36m[Knote: [m[Kcandidate: ‘[01m[Ktemplate<class _U1, class _U2, typename std::enable_if<(std::_PCC<((! std::is_same<rs2_stream, _U1>::value) || (! std::is_same<int, _U2>::value)), rs2_stream, int>::_ConstructiblePair<_U1, _U2>() && std::_PCC<((! std::is_same<rs2_stream, _U1>::value) || (! std::is_same<int, _U2>::value)), rs2_stream, int>::_ImplicitlyConvertiblePair<_U1, _U2>()), bool>::type <anonymous> > constexpr std::pair<_T1, _T2>::pair(const std::pair<_U1, _U2>&) [with _U1 = _U1; _U2 = _U2; typename std::enable_if<(std::_PCC<((! std::is_same<_T1, _U1>::value) || (! std::is_same<_T2, _U2>::value)), _T1, _T2>::_ConstructiblePair<_U1, _U2>() && std::_PCC<((! std::is_same<_T1, _U1>::value) || (! std::is_same<_T2, _U2>::value)), _T1, _T2>::_ImplicitlyConvertiblePair<_U1, _U2>()), bool>::type <anonymous> = <anonymous>; _T1 = rs2_stream; _T2 = int][m[K’
[11.777s]   300 |         constexpr [01;36m[Kpair[m[K(const pair<_U1, _U2>& __p)
[11.777s]       |                   [01;36m[K^~~~[m[K
[11.778s] [01m[K/usr/include/c++/11/bits/stl_pair.h:300:19:[m[K [01;36m[Knote: [m[K  template argument deduction/substitution failed:
[11.780s] [01m[K/usr/include/c++/11/bits/stl_pair.h:276:26:[m[K [01;36m[Knote: [m[Kcandidate: ‘[01m[Ktemplate<class _U1, class _U2, typename std::enable_if<(_ConstructiblePair<_U1, _U2>() && (! _ImplicitlyConvertiblePair<_U1, _U2>())), bool>::type <anonymous> > constexpr std::pair<_T1, _T2>::pair(const _T1&, const _T2&) [with _U1 = _U1; _U2 = _U2; typename std::enable_if<(std::_PCC<true, _T1, _T2>::_ConstructiblePair<_U1, _U2>() && (! std::_PCC<true, _T1, _T2>::_ImplicitlyConvertiblePair<_U1, _U2>())), bool>::type <anonymous> = <anonymous>; _T1 = rs2_stream; _T2 = int][m[K’
[11.783s]   276 |       explicit constexpr [01;36m[Kpair[m[K(const _T1& __a, const _T2& __b)
[11.783s]       |                          [01;36m[K^~~~[m[K
[11.783s] [01m[K/usr/include/c++/11/bits/stl_pair.h:276:26:[m[K [01;36m[Knote: [m[K  template argument deduction/substitution failed:
[11.783s] [01m[K/usr/include/c++/11/bits/stl_pair.h:266:17:[m[K [01;36m[Knote: [m[Kcandidate: ‘[01m[Ktemplate<class _U1, class _U2, typename std::enable_if<(_ConstructiblePair<_U1, _U2>() && _ImplicitlyConvertiblePair<_U1, _U2>()), bool>::type <anonymous> > constexpr std::pair<_T1, _T2>::pair(const _T1&, const _T2&) [with _U1 = _U1; _U2 = _U2; typename std::enable_if<(std::_PCC<true, _T1, _T2>::_ConstructiblePair<_U1, _U2>() && std::_PCC<true, _T1, _T2>::_ImplicitlyConvertiblePair<_U1, _U2>()), bool>::type <anonymous> = <anonymous>; _T1 = rs2_stream; _T2 = int][m[K’
[11.783s]   266 |       constexpr [01;36m[Kpair[m[K(const _T1& __a, const _T2& __b)
[11.783s]       |                 [01;36m[K^~~~[m[K
[11.783s] [01m[K/usr/include/c++/11/bits/stl_pair.h:266:17:[m[K [01;36m[Knote: [m[K  template argument deduction/substitution failed:
[11.783s] [01m[K/usr/include/c++/11/bits/stl_pair.h:245:26:[m[K [01;36m[Knote: [m[Kcandidate: ‘[01m[Ktemplate<class _U1, class _U2, typename std::enable_if<std::__and_<std::is_default_constructible<_U1>, std::is_default_constructible<_Dp>, std::__not_<std::__and_<std::__is_implicitly_default_constructible<_U1>, std::__is_implicitly_default_constructible<_U2> > > >::value, bool>::type <anonymous> > constexpr std::pair<_T1, _T2>::pair() [with _U1 = _U1; _U2 = _U2; typename std::enable_if<std::__and_<std::is_default_constructible<_U1>, std::is_default_constructible<_U2>, std::__not_<std::__and_<std::__is_implicitly_default_constructible<_U1>, std::__is_implicitly_default_constructible<_U2> > > >::value, bool>::type <anonymous> = <anonymous>; _T1 = rs2_stream; _T2 = int][m[K’
[11.783s]   245 |       explicit constexpr [01;36m[Kpair[m[K()
[11.783s]       |                          [01;36m[K^~~~[m[K
[11.783s] [01m[K/usr/include/c++/11/bits/stl_pair.h:245:26:[m[K [01;36m[Knote: [m[K  template argument deduction/substitution failed:
[11.784s] In file included from [01m[K/home/brace/codeSpace/navi/src/realsense-ros/realsense2_camera/include/dynamic_params.h:16[m[K,
[11.788s]                  from [01m[K/home/brace/codeSpace/navi/src/realsense-ros/realsense2_camera/include/sensor_params.h:18[m[K,
[11.788s]                  from [01m[K/home/brace/codeSpace/navi/src/realsense-ros/realsense2_camera/include/align_depth_filter.h:20[m[K,
[11.789s]                  from [01m[K/home/brace/codeSpace/navi/src/realsense-ros/realsense2_camera/src/align_depth_filter.cpp:15[m[K:
[11.789s] [01m[K/home/brace/codeSpace/navi/src/realsense-ros/realsense2_camera/include/ros_utils.h:37:82:[m[K [01;36m[Knote: [m[K  candidate expects 0 arguments, 2 provided
[11.789s]    37 |     const stream_index_pair LABELED_POINT_CLOUD{RS2_STREAM_LABELED_POINT_CLOUD, 0[01;36m[K}[m[K;
[11.789s]       |                                                                                  [01;36m[K^[m[K
[11.789s] In file included from [01m[K/usr/include/c++/11/bits/stl_algobase.h:64[m[K,
[11.789s]                  from [01m[K/usr/include/c++/11/bits/char_traits.h:39[m[K,
[11.789s]                  from [01m[K/usr/include/c++/11/string:40[m[K,
[11.789s]                  from [01m[K/home/brace/codeSpace/navi/src/realsense-ros/realsense2_camera/include/align_depth_filter.h:17[m[K,
[11.789s]                  from [01m[K/home/brace/codeSpace/navi/src/realsense-ros/realsense2_camera/src/align_depth_filter.cpp:15[m[K:
[11.789s] [01m[K/usr/include/c++/11/bits/stl_pair.h:232:26:[m[K [01;36m[Knote: [m[Kcandidate: ‘[01m[Ktemplate<class _U1, class _U2, typename std::enable_if<std::__and_<std::__is_implicitly_default_constructible<_U1>, std::__is_implicitly_default_constructible<_U2> >::value, bool>::type <anonymous> > constexpr std::pair<_T1, _T2>::pair() [with _U1 = _U1; _U2 = _U2; typename std::enable_if<std::__and_<std::__is_implicitly_default_constructible<_U1>, std::__is_implicitly_default_constructible<_U2> >::value, bool>::type <anonymous> = <anonymous>; _T1 = rs2_stream; _T2 = int][m[K’
[11.789s]   232 |       _GLIBCXX_CONSTEXPR [01;36m[Kpair[m[K()
[11.789s]       |                          [01;36m[K^~~~[m[K
[11.789s] [01m[K/usr/include/c++/11/bits/stl_pair.h:232:26:[m[K [01;36m[Knote: [m[K  template argument deduction/substitution failed:
[11.790s] In file included from [01m[K/home/brace/codeSpace/navi/src/realsense-ros/realsense2_camera/include/dynamic_params.h:16[m[K,
[11.790s]                  from [01m[K/home/brace/codeSpace/navi/src/realsense-ros/realsense2_camera/include/sensor_params.h:18[m[K,
[11.790s]                  from [01m[K/home/brace/codeSpace/navi/src/realsense-ros/realsense2_camera/include/align_depth_filter.h:20[m[K,
[11.790s]                  from [01m[K/home/brace/codeSpace/navi/src/realsense-ros/realsense2_camera/src/align_depth_filter.cpp:15[m[K:
[11.790s] [01m[K/home/brace/codeSpace/navi/src/realsense-ros/realsense2_camera/include/ros_utils.h:37:82:[m[K [01;36m[Knote: [m[K  candidate expects 0 arguments, 2 provided
[11.790s]    37 |     const stream_index_pair LABELED_POINT_CLOUD{RS2_STREAM_LABELED_POINT_CLOUD, 0[01;36m[K}[m[K;
[11.790s]       |                                                                                  [01;36m[K^[m[K
[11.790s] In file included from [01m[K/usr/include/c++/11/bits/stl_algobase.h:64[m[K,
[11.795s]                  from [01m[K/usr/include/c++/11/bits/char_traits.h:39[m[K,
[11.795s]                  from [01m[K/usr/include/c++/11/string:40[m[K,
[11.795s]                  from [01m[K/home/brace/codeSpace/navi/src/realsense-ros/realsense2_camera/include/align_depth_filter.h:17[m[K,
[11.795s]                  from [01m[K/home/brace/codeSpace/navi/src/realsense-ros/realsense2_camera/src/align_depth_filter.cpp:15[m[K:
[11.795s] [01m[K/usr/include/c++/11/bits/stl_pair.h:315:17:[m[K [01;36m[Knote: [m[Kcandidate: ‘[01m[Kconstexpr std::pair<_T1, _T2>::pair(std::pair<_T1, _T2>&&) [with _T1 = rs2_stream; _T2 = int][m[K’
[11.795s]   315 |       constexpr [01;36m[Kpair[m[K(pair&&) = default;         ///< Move constructor
[11.795s]       |                 [01;36m[K^~~~[m[K
[11.796s] [01m[K/usr/include/c++/11/bits/stl_pair.h:315:17:[m[K [01;36m[Knote: [m[K  candidate expects 1 argument, 2 provided
[11.796s] [01m[K/usr/include/c++/11/bits/stl_pair.h:314:17:[m[K [01;36m[Knote: [m[Kcandidate: ‘[01m[Kconstexpr std::pair<_T1, _T2>::pair(const std::pair<_T1, _T2>&) [with _T1 = rs2_stream; _T2 = int][m[K’
[11.796s]   314 |       constexpr [01;36m[Kpair[m[K(const pair&) = default;    ///< Copy constructor
[11.796s]       |                 [01;36m[K^~~~[m[K
[11.796s] [01m[K/usr/include/c++/11/bits/stl_pair.h:314:17:[m[K [01;36m[Knote: [m[K  candidate expects 1 argument, 2 provided
[11.804s] In file included from [01m[K/home/brace/codeSpace/navi/src/realsense-ros/realsense2_camera/include/dynamic_params.h:16[m[K,
[11.804s]                  from [01m[K/home/brace/codeSpace/navi/src/realsense-ros/realsense2_camera/include/sensor_params.h:18[m[K,
[11.804s]                  from [01m[K/home/brace/codeSpace/navi/src/realsense-ros/realsense2_camera/include/align_depth_filter.h:20[m[K,
[11.804s]                  from [01m[K/home/brace/codeSpace/navi/src/realsense-ros/realsense2_camera/src/align_depth_filter.cpp:15[m[K:
[11.804s] [01m[K/home/brace/codeSpace/navi/src/realsense-ros/realsense2_camera/include/ros_utils.h:38:39:[m[K [01;31m[Kerror: [m[K‘[01m[KRS2_STREAM_OCCUPANCY[m[K’ was not declared in this scope; did you mean ‘[01m[KRS2_STREAM_COUNT[m[K’?
[11.804s]    38 |     const stream_index_pair OCCUPANCY{[01;31m[KRS2_STREAM_OCCUPANCY[m[K, 0};
[11.805s]       |                                       [01;31m[K^~~~~~~~~~~~~~~~~~~~[m[K
[11.805s]       |                                       [32m[KRS2_STREAM_COUNT[m[K
[11.805s] [01m[K/home/brace/codeSpace/navi/src/realsense-ros/realsense2_camera/include/ros_utils.h:38:62:[m[K [01;31m[Kerror: [m[Kno matching function for call to ‘[01m[Kstd::pair<rs2_stream, int>::pair(<brace-enclosed initializer list>)[m[K’
[11.805s]    38 |     const stream_index_pair OCCUPANCY{RS2_STREAM_OCCUPANCY, 0[01;31m[K}[m[K;
[11.805s]       |                                                              [01;31m[K^[m[K
[11.805s] In file included from [01m[K/usr/include/c++/11/bits/stl_algobase.h:64[m[K,
[11.806s]                  from [01m[K/usr/include/c++/11/bits/char_traits.h:39[m[K,
[11.806s]                  from [01m[K/usr/include/c++/11/string:40[m[K,
[11.809s]                  from [01m[K/home/brace/codeSpace/navi/src/realsense-ros/realsense2_camera/include/align_depth_filter.h:17[m[K,
[11.809s]                  from [01m[K/home/brace/codeSpace/navi/src/realsense-ros/realsense2_camera/src/align_depth_filter.cpp:15[m[K:
[11.809s] [01m[K/usr/include/c++/11/bits/stl_pair.h:452:9:[m[K [01;36m[Knote: [m[Kcandidate: ‘[01m[Ktemplate<class ... _Args1, long unsigned int ..._Indexes1, class ... _Args2, long unsigned int ..._Indexes2> std::pair<_T1, _T2>::pair(std::tuple<_Args1 ...>&, std::tuple<_Args2 ...>&, std::_Index_tuple<_Indexes1 ...>, std::_Index_tuple<_Indexes2 ...>) [with _Args1 = {_Args1 ...}; long unsigned int ..._Indexes1 = {_Indexes1 ...}; _Args2 = {_Args2 ...}; long unsigned int ..._Indexes2 = {_Indexes2 ...}; _T1 = rs2_stream; _T2 = int][m[K’
[11.809s]   452 |         [01;36m[Kpair[m[K(tuple<_Args1...>&, tuple<_Args2...>&,
[11.809s]       |         [01;36m[K^~~~[m[K
[11.809s] [01m[K/usr/include/c++/11/bits/stl_pair.h:452:9:[m[K [01;36m[Knote: [m[K  template argument deduction/substitution failed:
[11.809s] [01m[K/usr/include/c++/11/bits/stl_pair.h:387:9:[m[K [01;36m[Knote: [m[Kcandidate: ‘[01m[Ktemplate<class ... _Args1, class ... _Args2> std::pair<_T1, _T2>::pair(std::piecewise_construct_t, std::tuple<_Args1 ...>, std::tuple<_Args2 ...>) [with _Args1 = {_Args1 ...}; _Args2 = {_Args2 ...}; _T1 = rs2_stream; _T2 = int][m[K’
[11.809s]   387 |         [01;36m[Kpair[m[K(piecewise_construct_t, tuple<_Args1...>, tuple<_Args2...>);
[11.809s]       |         [01;36m[K^~~~[m[K
[11.809s] [01m[K/usr/include/c++/11/bits/stl_pair.h:387:9:[m[K [01;36m[Knote: [m[K  template argument deduction/substitution failed:
[11.809s] [01m[K/usr/include/c++/11/bits/stl_pair.h:381:28:[m[K [01;36m[Knote: [m[Kcandidate: ‘[01m[Ktemplate<class _U1, class _U2, typename std::enable_if<(std::_PCC<((! std::is_same<rs2_stream, _U1>::value) || (! std::is_same<int, _U2>::value)), rs2_stream, int>::_MoveConstructiblePair<_U1, _U2>() && (! std::_PCC<((! std::is_same<rs2_stream, _U1>::value) || (! std::is_same<int, _U2>::value)), rs2_stream, int>::_ImplicitlyMoveConvertiblePair<_U1, _U2>())), bool>::type <anonymous> > constexpr std::pair<_T1, _T2>::pair(std::pair<_U1, _U2>&&) [with _U1 = _U1; _U2 = _U2; typename std::enable_if<(std::_PCC<((! std::is_same<_T1, _U1>::value) || (! std::is_same<_T2, _U2>::value)), _T1, _T2>::_MoveConstructiblePair<_U1, _U2>() && (! std::_PCC<((! std::is_same<_T1, _U1>::value) || (! std::is_same<_T2, _U2>::value)), _T1, _T2>::_ImplicitlyMoveConvertiblePair<_U1, _U2>())), bool>::type <anonymous> = <anonymous>; _T1 = rs2_stream; _T2 = int][m[K’
[11.809s]   381 |         explicit constexpr [01;36m[Kpair[m[K(pair<_U1, _U2>&& __p)
[11.810s]       |                            [01;36m[K^~~~[m[K
[11.810s] [01m[K/usr/include/c++/11/bits/stl_pair.h:381:28:[m[K [01;36m[Knote: [m[K  template argument deduction/substitution failed:
[11.810s] [01m[K/usr/include/c++/11/bits/stl_pair.h:371:19:[m[K [01;36m[Knote: [m[Kcandidate: ‘[01m[Ktemplate<class _U1, class _U2, typename std::enable_if<(std::_PCC<((! std::is_same<rs2_stream, _U1>::value) || (! std::is_same<int, _U2>::value)), rs2_stream, int>::_MoveConstructiblePair<_U1, _U2>() && std::_PCC<((! std::is_same<rs2_stream, _U1>::value) || (! std::is_same<int, _U2>::value)), rs2_stream, int>::_ImplicitlyMoveConvertiblePair<_U1, _U2>()), bool>::type <anonymous> > constexpr std::pair<_T1, _T2>::pair(std::pair<_U1, _U2>&&) [with _U1 = _U1; _U2 = _U2; typename std::enable_if<(std::_PCC<((! std::is_same<_T1, _U1>::value) || (! std::is_same<_T2, _U2>::value)), _T1, _T2>::_MoveConstructiblePair<_U1, _U2>() && std::_PCC<((! std::is_same<_T1, _U1>::value) || (! std::is_same<_T2, _U2>::value)), _T1, _T2>::_ImplicitlyMoveConvertiblePair<_U1, _U2>()), bool>::type <anonymous> = <anonymous>; _T1 = rs2_stream; _T2 = int][m[K’
[11.814s]   371 |         constexpr [01;36m[Kpair[m[K(pair<_U1, _U2>&& __p)
[11.814s]       |                   [01;36m[K^~~~[m[K
[11.814s] [01m[K/usr/include/c++/11/bits/stl_pair.h:371:19:[m[K [01;36m[Knote: [m[K  template argument deduction/substitution failed:
[11.814s] [01m[K/usr/include/c++/11/bits/stl_pair.h:361:28:[m[K [01;36m[Knote: [m[Kcandidate: ‘[01m[Ktemplate<class _U1, class _U2, typename std::enable_if<(_MoveConstructiblePair<_U1, _U2>() && (! _ImplicitlyMoveConvertiblePair<_U1, _U2>())), bool>::type <anonymous> > constexpr std::pair<_T1, _T2>::pair(_U1&&, _U2&&) [with _U1 = _U1; _U2 = _U2; typename std::enable_if<(std::_PCC<true, _T1, _T2>::_MoveConstructiblePair<_U1, _U2>() && (! std::_PCC<true, _T1, _T2>::_ImplicitlyMoveConvertiblePair<_U1, _U2>())), bool>::type <anonymous> = <anonymous>; _T1 = rs2_stream; _T2 = int][m[K’
[11.814s]   361 |         explicit constexpr [01;36m[Kpair[m[K(_U1&& __x, _U2&& __y)
[11.814s]       |                            [01;36m[K^~~~[m[K
[11.814s] [01m[K/usr/include/c++/11/bits/stl_pair.h:361:28:[m[K [01;36m[Knote: [m[K  template argument deduction/substitution failed:
[11.814s] [01m[K/usr/include/c++/11/bits/stl_pair.h:352:19:[m[K [01;36m[Knote: [m[Kcandidate: ‘[01m[Ktemplate<class _U1, class _U2, typename std::enable_if<(_MoveConstructiblePair<_U1, _U2>() && _ImplicitlyMoveConvertiblePair<_U1, _U2>()), bool>::type <anonymous> > constexpr std::pair<_T1, _T2>::pair(_U1&&, _U2&&) [with _U1 = _U1; _U2 = _U2; typename std::enable_if<(std::_PCC<true, _T1, _T2>::_MoveConstructiblePair<_U1, _U2>() && std::_PCC<true, _T1, _T2>::_ImplicitlyMoveConvertiblePair<_U1, _U2>()), bool>::type <anonymous> = <anonymous>; _T1 = rs2_stream; _T2 = int][m[K’
[11.814s]   352 |         constexpr [01;36m[Kpair[m[K(_U1&& __x, _U2&& __y)
[11.814s]       |                   [01;36m[K^~~~[m[K
[11.814s] [01m[K/usr/include/c++/11/bits/stl_pair.h:352:19:[m[K [01;36m[Knote: [m[K  template argument deduction/substitution failed:
[11.814s] [01m[K/usr/include/c++/11/bits/stl_pair.h:343:17:[m[K [01;36m[Knote: [m[Kcandidate: ‘[01m[Ktemplate<class _U2, typename std::enable_if<_CopyMovePair<false, rs2_stream, _U2>(), bool>::type <anonymous> > std::pair<_T1, _T2>::pair(const _T1&, _U2&&) [with _U2 = _U2; typename std::enable_if<std::_PCC<true, _T1, _T2>::_CopyMovePair<false, _T1, _U2>(), bool>::type <anonymous> = <anonymous>; _T1 = rs2_stream; _T2 = int][m[K’
[11.814s]   343 |        explicit [01;36m[Kpair[m[K(const _T1& __x, _U2&& __y)
[11.815s]       |                 [01;36m[K^~~~[m[K
[11.815s] [01m[K/usr/include/c++/11/bits/stl_pair.h:343:17:[m[K [01;36m[Knote: [m[K  template argument deduction/substitution failed:
[11.815s] [01m[K/usr/include/c++/11/bits/stl_pair.h:336:18:[m[K [01;36m[Knote: [m[Kcandidate: ‘[01m[Ktemplate<class _U2, typename std::enable_if<_CopyMovePair<true, rs2_stream, _U2>(), bool>::type <anonymous> > constexpr std::pair<_T1, _T2>::pair(const _T1&, _U2&&) [with _U2 = _U2; typename std::enable_if<std::_PCC<true, _T1, _T2>::_CopyMovePair<true, _T1, _U2>(), bool>::type <anonymous> = <anonymous>; _T1 = rs2_stream; _T2 = int][m[K’
[11.815s]   336 |        constexpr [01;36m[Kpair[m[K(const _T1& __x, _U2&& __y)
[11.815s]       |                  [01;36m[K^~~~[m[K
[11.815s] [01m[K/usr/include/c++/11/bits/stl_pair.h:336:18:[m[K [01;36m[Knote: [m[K  template argument deduction/substitution failed:
[11.815s] [01m[K/usr/include/c++/11/bits/stl_pair.h:329:27:[m[K [01;36m[Knote: [m[Kcandidate: ‘[01m[Ktemplate<class _U1, typename std::enable_if<_MoveCopyPair<false, _U1, int>(), bool>::type <anonymous> > constexpr std::pair<_T1, _T2>::pair(_U1&&, const _T2&) [with _U1 = _U1; typename std::enable_if<std::_PCC<true, _T1, _T2>::_MoveCopyPair<false, _U1, _T2>(), bool>::type <anonymous> = <anonymous>; _T1 = rs2_stream; _T2 = int][m[K’
[11.815s]   329 |        explicit constexpr [01;36m[Kpair[m[K(_U1&& __x, const _T2& __y)
[11.815s]       |                           [01;36m[K^~~~[m[K
[11.815s] [01m[K/usr/include/c++/11/bits/stl_pair.h:329:27:[m[K [01;36m[Knote: [m[K  template argument deduction/substitution failed:
[11.815s] [01m[K/usr/include/c++/11/bits/stl_pair.h:322:18:[m[K [01;36m[Knote: [m[Kcandidate: ‘[01m[Ktemplate<class _U1, typename std::enable_if<_MoveCopyPair<true, _U1, int>(), bool>::type <anonymous> > constexpr std::pair<_T1, _T2>::pair(_U1&&, const _T2&) [with _U1 = _U1; typename std::enable_if<std::_PCC<true, _T1, _T2>::_MoveCopyPair<true, _U1, _T2>(), bool>::type <anonymous> = <anonymous>; _T1 = rs2_stream; _T2 = int][m[K’
[11.815s]   322 |        constexpr [01;36m[Kpair[m[K(_U1&& __x, const _T2& __y)
[11.815s]       |                  [01;36m[K^~~~[m[K
[11.815s] [01m[K/usr/include/c++/11/bits/stl_pair.h:322:18:[m[K [01;36m[Knote: [m[K  template argument deduction/substitution failed:
[11.815s] [01m[K/usr/include/c++/11/bits/stl_pair.h:309:28:[m[K [01;36m[Knote: [m[Kcandidate: ‘[01m[Ktemplate<class _U1, class _U2, typename std::enable_if<(std::_PCC<((! std::is_same<rs2_stream, _U1>::value) || (! std::is_same<int, _U2>::value)), rs2_stream, int>::_ConstructiblePair<_U1, _U2>() && (! std::_PCC<((! std::is_same<rs2_stream, _U1>::value) || (! std::is_same<int, _U2>::value)), rs2_stream, int>::_ImplicitlyConvertiblePair<_U1, _U2>())), bool>::type <anonymous> > constexpr std::pair<_T1, _T2>::pair(const std::pair<_U1, _U2>&) [with _U1 = _U1; _U2 = _U2; typename std::enable_if<(std::_PCC<((! std::is_same<_T1, _U1>::value) || (! std::is_same<_T2, _U2>::value)), _T1, _T2>::_ConstructiblePair<_U1, _U2>() && (! std::_PCC<((! std::is_same<_T1, _U1>::value) || (! std::is_same<_T2, _U2>::value)), _T1, _T2>::_ImplicitlyConvertiblePair<_U1, _U2>())), bool>::type <anonymous> = <anonymous>; _T1 = rs2_stream; _T2 = int][m[K’
[11.819s]   309 |         explicit constexpr [01;36m[Kpair[m[K(const pair<_U1, _U2>& __p)
[11.819s]       |                            [01;36m[K^~~~[m[K
[11.819s] [01m[K/usr/include/c++/11/bits/stl_pair.h:309:28:[m[K [01;36m[Knote: [m[K  template argument deduction/substitution failed:
[11.819s] [01m[K/usr/include/c++/11/bits/stl_pair.h:300:19:[m[K [01;36m[Knote: [m[Kcandidate: ‘[01m[Ktemplate<class _U1, class _U2, typename std::enable_if<(std::_PCC<((! std::is_same<rs2_stream, _U1>::value) || (! std::is_same<int, _U2>::value)), rs2_stream, int>::_ConstructiblePair<_U1, _U2>() && std::_PCC<((! std::is_same<rs2_stream, _U1>::value) || (! std::is_same<int, _U2>::value)), rs2_stream, int>::_ImplicitlyConvertiblePair<_U1, _U2>()), bool>::type <anonymous> > constexpr std::pair<_T1, _T2>::pair(const std::pair<_U1, _U2>&) [with _U1 = _U1; _U2 = _U2; typename std::enable_if<(std::_PCC<((! std::is_same<_T1, _U1>::value) || (! std::is_same<_T2, _U2>::value)), _T1, _T2>::_ConstructiblePair<_U1, _U2>() && std::_PCC<((! std::is_same<_T1, _U1>::value) || (! std::is_same<_T2, _U2>::value)), _T1, _T2>::_ImplicitlyConvertiblePair<_U1, _U2>()), bool>::type <anonymous> = <anonymous>; _T1 = rs2_stream; _T2 = int][m[K’
[11.819s]   300 |         constexpr [01;36m[Kpair[m[K(const pair<_U1, _U2>& __p)
[11.819s]       |                   [01;36m[K^~~~[m[K
[11.819s] [01m[K/usr/include/c++/11/bits/stl_pair.h:300:19:[m[K [01;36m[Knote: [m[K  template argument deduction/substitution failed:
[11.820s] [01m[K/usr/include/c++/11/bits/stl_pair.h:276:26:[m[K [01;36m[Knote: [m[Kcandidate: ‘[01m[Ktemplate<class _U1, class _U2, typename std::enable_if<(_ConstructiblePair<_U1, _U2>() && (! _ImplicitlyConvertiblePair<_U1, _U2>())), bool>::type <anonymous> > constexpr std::pair<_T1, _T2>::pair(const _T1&, const _T2&) [with _U1 = _U1; _U2 = _U2; typename std::enable_if<(std::_PCC<true, _T1, _T2>::_ConstructiblePair<_U1, _U2>() && (! std::_PCC<true, _T1, _T2>::_ImplicitlyConvertiblePair<_U1, _U2>())), bool>::type <anonymous> = <anonymous>; _T1 = rs2_stream; _T2 = int][m[K’
[11.822s]   276 |       explicit constexpr [01;36m[Kpair[m[K(const _T1& __a, const _T2& __b)
[11.822s]       |                          [01;36m[K^~~~[m[K
[11.822s] [01m[K/usr/include/c++/11/bits/stl_pair.h:276:26:[m[K [01;36m[Knote: [m[K  template argument deduction/substitution failed:
[11.822s] [01m[K/usr/include/c++/11/bits/stl_pair.h:266:17:[m[K [01;36m[Knote: [m[Kcandidate: ‘[01m[Ktemplate<class _U1, class _U2, typename std::enable_if<(_ConstructiblePair<_U1, _U2>() && _ImplicitlyConvertiblePair<_U1, _U2>()), bool>::type <anonymous> > constexpr std::pair<_T1, _T2>::pair(const _T1&, const _T2&) [with _U1 = _U1; _U2 = _U2; typename std::enable_if<(std::_PCC<true, _T1, _T2>::_ConstructiblePair<_U1, _U2>() && std::_PCC<true, _T1, _T2>::_ImplicitlyConvertiblePair<_U1, _U2>()), bool>::type <anonymous> = <anonymous>; _T1 = rs2_stream; _T2 = int][m[K’
[11.823s]   266 |       constexpr [01;36m[Kpair[m[K(const _T1& __a, const _T2& __b)
[11.823s]       |                 [01;36m[K^~~~[m[K
[11.823s] [01m[K/usr/include/c++/11/bits/stl_pair.h:266:17:[m[K [01;36m[Knote: [m[K  template argument deduction/substitution failed:
[11.823s] [01m[K/usr/include/c++/11/bits/stl_pair.h:245:26:[m[K [01;36m[Knote: [m[Kcandidate: ‘[01m[Ktemplate<class _U1, class _U2, typename std::enable_if<std::__and_<std::is_default_constructible<_U1>, std::is_default_constructible<_Dp>, std::__not_<std::__and_<std::__is_implicitly_default_constructible<_U1>, std::__is_implicitly_default_constructible<_U2> > > >::value, bool>::type <anonymous> > constexpr std::pair<_T1, _T2>::pair() [with _U1 = _U1; _U2 = _U2; typename std::enable_if<std::__and_<std::is_default_constructible<_U1>, std::is_default_constructible<_U2>, std::__not_<std::__and_<std::__is_implicitly_default_constructible<_U1>, std::__is_implicitly_default_constructible<_U2> > > >::value, bool>::type <anonymous> = <anonymous>; _T1 = rs2_stream; _T2 = int][m[K’
[11.823s]   245 |       explicit constexpr [01;36m[Kpair[m[K()
[11.823s]       |                          [01;36m[K^~~~[m[K
[11.823s] [01m[K/usr/include/c++/11/bits/stl_pair.h:245:26:[m[K [01;36m[Knote: [m[K  template argument deduction/substitution failed:
[11.823s] In file included from [01m[K/home/brace/codeSpace/navi/src/realsense-ros/realsense2_camera/include/dynamic_params.h:16[m[K,
[11.825s]                  from [01m[K/home/brace/codeSpace/navi/src/realsense-ros/realsense2_camera/include/sensor_params.h:18[m[K,
[11.825s]                  from [01m[K/home/brace/codeSpace/navi/src/realsense-ros/realsense2_camera/include/align_depth_filter.h:20[m[K,
[11.825s]                  from [01m[K/home/brace/codeSpace/navi/src/realsense-ros/realsense2_camera/src/align_depth_filter.cpp:15[m[K:
[11.825s] [01m[K/home/brace/codeSpace/navi/src/realsense-ros/realsense2_camera/include/ros_utils.h:38:62:[m[K [01;36m[Knote: [m[K  candidate expects 0 arguments, 2 provided
[11.825s]    38 |     const stream_index_pair OCCUPANCY{RS2_STREAM_OCCUPANCY, 0[01;36m[K}[m[K;
[11.825s]       |                                                              [01;36m[K^[m[K
[11.829s] In file included from [01m[K/usr/include/c++/11/bits/stl_algobase.h:64[m[K,
[11.829s]                  from [01m[K/usr/include/c++/11/bits/char_traits.h:39[m[K,
[11.829s]                  from [01m[K/usr/include/c++/11/string:40[m[K,
[11.829s]                  from [01m[K/home/brace/codeSpace/navi/src/realsense-ros/realsense2_camera/include/align_depth_filter.h:17[m[K,
[11.829s]                  from [01m[K/home/brace/codeSpace/navi/src/realsense-ros/realsense2_camera/src/align_depth_filter.cpp:15[m[K:
[11.830s] [01m[K/usr/include/c++/11/bits/stl_pair.h:232:26:[m[K [01;36m[Knote: [m[Kcandidate: ‘[01m[Ktemplate<class _U1, class _U2, typename std::enable_if<std::__and_<std::__is_implicitly_default_constructible<_U1>, std::__is_implicitly_default_constructible<_U2> >::value, bool>::type <anonymous> > constexpr std::pair<_T1, _T2>::pair() [with _U1 = _U1; _U2 = _U2; typename std::enable_if<std::__and_<std::__is_implicitly_default_constructible<_U1>, std::__is_implicitly_default_constructible<_U2> >::value, bool>::type <anonymous> = <anonymous>; _T1 = rs2_stream; _T2 = int][m[K’
[11.834s]   232 |       _GLIBCXX_CONSTEXPR [01;36m[Kpair[m[K()
[11.834s]       |                          [01;36m[K^~~~[m[K
[11.834s] [01m[K/usr/include/c++/11/bits/stl_pair.h:232:26:[m[K [01;36m[Knote: [m[K  template argument deduction/substitution failed:
[11.834s] In file included from [01m[K/home/brace/codeSpace/navi/src/realsense-ros/realsense2_camera/include/dynamic_params.h:16[m[K,
[11.834s]                  from [01m[K/home/brace/codeSpace/navi/src/realsense-ros/realsense2_camera/include/sensor_params.h:18[m[K,
[11.834s]                  from [01m[K/home/brace/codeSpace/navi/src/realsense-ros/realsense2_camera/include/align_depth_filter.h:20[m[K,
[11.834s]                  from [01m[K/home/brace/codeSpace/navi/src/realsense-ros/realsense2_camera/src/align_depth_filter.cpp:15[m[K:
[11.835s] [01m[K/home/brace/codeSpace/navi/src/realsense-ros/realsense2_camera/include/ros_utils.h:38:62:[m[K [01;36m[Knote: [m[K  candidate expects 0 arguments, 2 provided
[11.835s]    38 |     const stream_index_pair OCCUPANCY{RS2_STREAM_OCCUPANCY, 0[01;36m[K}[m[K;
[11.835s]       |                                                              [01;36m[K^[m[K
[11.835s] In file included from [01m[K/usr/include/c++/11/bits/stl_algobase.h:64[m[K,
[11.835s]                  from [01m[K/usr/include/c++/11/bits/char_traits.h:39[m[K,
[11.835s]                  from [01m[K/usr/include/c++/11/string:40[m[K,
[11.835s]                  from [01m[K/home/brace/codeSpace/navi/src/realsense-ros/realsense2_camera/include/align_depth_filter.h:17[m[K,
[11.835s]                  from [01m[K/home/brace/codeSpace/navi/src/realsense-ros/realsense2_camera/src/align_depth_filter.cpp:15[m[K:
[11.835s] [01m[K/usr/include/c++/11/bits/stl_pair.h:315:17:[m[K [01;36m[Knote: [m[Kcandidate: ‘[01m[Kconstexpr std::pair<_T1, _T2>::pair(std::pair<_T1, _T2>&&) [with _T1 = rs2_stream; _T2 = int][m[K’
[11.835s]   315 |       constexpr [01;36m[Kpair[m[K(pair&&) = default;         ///< Move constructor
[11.835s]       |                 [01;36m[K^~~~[m[K
[11.835s] [01m[K/usr/include/c++/11/bits/stl_pair.h:315:17:[m[K [01;36m[Knote: [m[K  candidate expects 1 argument, 2 provided
[11.836s] [01m[K/usr/include/c++/11/bits/stl_pair.h:314:17:[m[K [01;36m[Knote: [m[Kcandidate: ‘[01m[Kconstexpr std::pair<_T1, _T2>::pair(const std::pair<_T1, _T2>&) [with _T1 = rs2_stream; _T2 = int][m[K’
[11.836s]   314 |       constexpr [01;36m[Kpair[m[K(const pair&) = default;    ///< Copy constructor
[11.836s]       |                 [01;36m[K^~~~[m[K
[11.839s] [01m[K/usr/include/c++/11/bits/stl_pair.h:314:17:[m[K [01;36m[Knote: [m[K  candidate expects 1 argument, 2 provided
[11.841s] In file included from [01m[K/home/brace/codeSpace/navi/src/realsense-ros/realsense2_camera/include/dynamic_params.h:16[m[K,
[11.841s]                  from [01m[K/home/brace/codeSpace/navi/src/realsense-ros/realsense2_camera/include/sensor_params.h:18[m[K,
[11.841s]                  from [01m[K/home/brace/codeSpace/navi/src/realsense-ros/realsense2_camera/src/sensor_params.cpp:15[m[K:
[11.841s] [01m[K/home/brace/codeSpace/navi/src/realsense-ros/realsense2_camera/include/ros_utils.h:36:36:[m[K [01;31m[Kerror: [m[K‘[01m[KRS2_STREAM_SAFETY[m[K’ was not declared in this scope; did you mean ‘[01m[KRS2_STREAM_ANY[m[K’?
[11.841s]    36 |     const stream_index_pair SAFETY{[01;31m[KRS2_STREAM_SAFETY[m[K, 0};
[11.841s]       |                                    [01;31m[K^~~~~~~~~~~~~~~~~[m[K
[11.842s]       |                                    [32m[KRS2_STREAM_ANY[m[K
[11.842s] [01m[K/home/brace/codeSpace/navi/src/realsense-ros/realsense2_camera/include/ros_utils.h:36:56:[m[K [01;31m[Kerror: [m[Kno matching function for call to ‘[01m[Kstd::pair<rs2_stream, int>::pair(<brace-enclosed initializer list>)[m[K’
[11.842s]    36 |     const stream_index_pair SAFETY{RS2_STREAM_SAFETY, 0[01;31m[K}[m[K;
[11.842s]       |                                                        [01;31m[K^[m[K
[11.842s] In file included from [01m[K/usr/include/c++/11/bits/stl_algobase.h:64[m[K,
[11.842s]                  from [01m[K/usr/include/c++/11/bits/specfun.h:45[m[K,
[11.842s]                  from [01m[K/usr/include/c++/11/cmath:1935[m[K,
[11.842s]                  from [01m[K/usr/include/c++/11/math.h:36[m[K,
[11.842s]                  from [01m[K/opt/ros/humble/include/librealsense2/rsutil.h:10[m[K,
[11.842s]                  from [01m[K/opt/ros/humble/include/librealsense2/rs.h:16[m[K,
[11.842s]                  from [01m[K/opt/ros/humble/include/librealsense2/rs.hpp:7[m[K,
[11.842s]                  from [01m[K/home/brace/codeSpace/navi/src/realsense-ros/realsense2_camera/include/sensor_params.h:16[m[K,
[11.843s]                  from [01m[K/home/brace/codeSpace/navi/src/realsense-ros/realsense2_camera/src/sensor_params.cpp:15[m[K:
[11.843s] [01m[K/usr/include/c++/11/bits/stl_pair.h:452:9:[m[K [01;36m[Knote: [m[Kcandidate: ‘[01m[Ktemplate<class ... _Args1, long unsigned int ..._Indexes1, class ... _Args2, long unsigned int ..._Indexes2> std::pair<_T1, _T2>::pair(std::tuple<_Args1 ...>&, std::tuple<_Args2 ...>&, std::_Index_tuple<_Indexes1 ...>, std::_Index_tuple<_Indexes2 ...>) [with _Args1 = {_Args1 ...}; long unsigned int ..._Indexes1 = {_Indexes1 ...}; _Args2 = {_Args2 ...}; long unsigned int ..._Indexes2 = {_Indexes2 ...}; _T1 = rs2_stream; _T2 = int][m[K’
[11.843s]   452 |         [01;36m[Kpair[m[K(tuple<_Args1...>&, tuple<_Args2...>&,
[11.843s]       |         [01;36m[K^~~~[m[K
[11.843s] [01m[K/usr/include/c++/11/bits/stl_pair.h:452:9:[m[K [01;36m[Knote: [m[K  template argument deduction/substitution failed:
[11.843s] [01m[K/usr/include/c++/11/bits/stl_pair.h:387:9:[m[K [01;36m[Knote: [m[Kcandidate: ‘[01m[Ktemplate<class ... _Args1, class ... _Args2> std::pair<_T1, _T2>::pair(std::piecewise_construct_t, std::tuple<_Args1 ...>, std::tuple<_Args2 ...>) [with _Args1 = {_Args1 ...}; _Args2 = {_Args2 ...}; _T1 = rs2_stream; _T2 = int][m[K’
[11.843s]   387 |         [01;36m[Kpair[m[K(piecewise_construct_t, tuple<_Args1...>, tuple<_Args2...>);
[11.843s]       |         [01;36m[K^~~~[m[K
[11.843s] [01m[K/usr/include/c++/11/bits/stl_pair.h:387:9:[m[K [01;36m[Knote: [m[K  template argument deduction/substitution failed:
[11.843s] [01m[K/usr/include/c++/11/bits/stl_pair.h:381:28:[m[K [01;36m[Knote: [m[Kcandidate: ‘[01m[Ktemplate<class _U1, class _U2, typename std::enable_if<(std::_PCC<((! std::is_same<rs2_stream, _U1>::value) || (! std::is_same<int, _U2>::value)), rs2_stream, int>::_MoveConstructiblePair<_U1, _U2>() && (! std::_PCC<((! std::is_same<rs2_stream, _U1>::value) || (! std::is_same<int, _U2>::value)), rs2_stream, int>::_ImplicitlyMoveConvertiblePair<_U1, _U2>())), bool>::type <anonymous> > constexpr std::pair<_T1, _T2>::pair(std::pair<_U1, _U2>&&) [with _U1 = _U1; _U2 = _U2; typename std::enable_if<(std::_PCC<((! std::is_same<_T1, _U1>::value) || (! std::is_same<_T2, _U2>::value)), _T1, _T2>::_MoveConstructiblePair<_U1, _U2>() && (! std::_PCC<((! std::is_same<_T1, _U1>::value) || (! std::is_same<_T2, _U2>::value)), _T1, _T2>::_ImplicitlyMoveConvertiblePair<_U1, _U2>())), bool>::type <anonymous> = <anonymous>; _T1 = rs2_stream; _T2 = int][m[K’
[11.843s]   381 |         explicit constexpr [01;36m[Kpair[m[K(pair<_U1, _U2>&& __p)
[11.843s]       |                            [01;36m[K^~~~[m[K
[11.843s] [01m[K/usr/include/c++/11/bits/stl_pair.h:381:28:[m[K [01;36m[Knote: [m[K  template argument deduction/substitution failed:
[11.843s] [01m[K/usr/include/c++/11/bits/stl_pair.h:371:19:[m[K [01;36m[Knote: [m[Kcandidate: ‘[01m[Ktemplate<class _U1, class _U2, typename std::enable_if<(std::_PCC<((! std::is_same<rs2_stream, _U1>::value) || (! std::is_same<int, _U2>::value)), rs2_stream, int>::_MoveConstructiblePair<_U1, _U2>() && std::_PCC<((! std::is_same<rs2_stream, _U1>::value) || (! std::is_same<int, _U2>::value)), rs2_stream, int>::_ImplicitlyMoveConvertiblePair<_U1, _U2>()), bool>::type <anonymous> > constexpr std::pair<_T1, _T2>::pair(std::pair<_U1, _U2>&&) [with _U1 = _U1; _U2 = _U2; typename std::enable_if<(std::_PCC<((! std::is_same<_T1, _U1>::value) || (! std::is_same<_T2, _U2>::value)), _T1, _T2>::_MoveConstructiblePair<_U1, _U2>() && std::_PCC<((! std::is_same<_T1, _U1>::value) || (! std::is_same<_T2, _U2>::value)), _T1, _T2>::_ImplicitlyMoveConvertiblePair<_U1, _U2>()), bool>::type <anonymous> = <anonymous>; _T1 = rs2_stream; _T2 = int][m[K’
[11.844s]   371 |         constexpr [01;36m[Kpair[m[K(pair<_U1, _U2>&& __p)
[11.844s]       |                   [01;36m[K^~~~[m[K
[11.844s] [01m[K/usr/include/c++/11/bits/stl_pair.h:371:19:[m[K [01;36m[Knote: [m[K  template argument deduction/substitution failed:
[11.844s] [01m[K/usr/include/c++/11/bits/stl_pair.h:361:28:[m[K [01;36m[Knote: [m[Kcandidate: ‘[01m[Ktemplate<class _U1, class _U2, typename std::enable_if<(_MoveConstructiblePair<_U1, _U2>() && (! _ImplicitlyMoveConvertiblePair<_U1, _U2>())), bool>::type <anonymous> > constexpr std::pair<_T1, _T2>::pair(_U1&&, _U2&&) [with _U1 = _U1; _U2 = _U2; typename std::enable_if<(std::_PCC<true, _T1, _T2>::_MoveConstructiblePair<_U1, _U2>() && (! std::_PCC<true, _T1, _T2>::_ImplicitlyMoveConvertiblePair<_U1, _U2>())), bool>::type <anonymous> = <anonymous>; _T1 = rs2_stream; _T2 = int][m[K’
[11.844s]   361 |         explicit constexpr [01;36m[Kpair[m[K(_U1&& __x, _U2&& __y)
[11.844s]       |                            [01;36m[K^~~~[m[K
[11.844s] [01m[K/usr/include/c++/11/bits/stl_pair.h:361:28:[m[K [01;36m[Knote: [m[K  template argument deduction/substitution failed:
[11.847s] [01m[K/usr/include/c++/11/bits/stl_pair.h:352:19:[m[K [01;36m[Knote: [m[Kcandidate: ‘[01m[Ktemplate<class _U1, class _U2, typename std::enable_if<(_MoveConstructiblePair<_U1, _U2>() && _ImplicitlyMoveConvertiblePair<_U1, _U2>()), bool>::type <anonymous> > constexpr std::pair<_T1, _T2>::pair(_U1&&, _U2&&) [with _U1 = _U1; _U2 = _U2; typename std::enable_if<(std::_PCC<true, _T1, _T2>::_MoveConstructiblePair<_U1, _U2>() && std::_PCC<true, _T1, _T2>::_ImplicitlyMoveConvertiblePair<_U1, _U2>()), bool>::type <anonymous> = <anonymous>; _T1 = rs2_stream; _T2 = int][m[K’
[11.847s]   352 |         constexpr [01;36m[Kpair[m[K(_U1&& __x, _U2&& __y)
[11.847s]       |                   [01;36m[K^~~~[m[K
[11.847s] [01m[K/usr/include/c++/11/bits/stl_pair.h:352:19:[m[K [01;36m[Knote: [m[K  template argument deduction/substitution failed:
[11.847s] [01m[K/usr/include/c++/11/bits/stl_pair.h:343:17:[m[K [01;36m[Knote: [m[Kcandidate: ‘[01m[Ktemplate<class _U2, typename std::enable_if<_CopyMovePair<false, rs2_stream, _U2>(), bool>::type <anonymous> > std::pair<_T1, _T2>::pair(const _T1&, _U2&&) [with _U2 = _U2; typename std::enable_if<std::_PCC<true, _T1, _T2>::_CopyMovePair<false, _T1, _U2>(), bool>::type <anonymous> = <anonymous>; _T1 = rs2_stream; _T2 = int][m[K’
[11.847s]   343 |        explicit [01;36m[Kpair[m[K(const _T1& __x, _U2&& __y)
[11.847s]       |                 [01;36m[K^~~~[m[K
[11.847s] [01m[K/usr/include/c++/11/bits/stl_pair.h:343:17:[m[K [01;36m[Knote: [m[K  template argument deduction/substitution failed:
[11.848s] [01m[K/usr/include/c++/11/bits/stl_pair.h:336:18:[m[K [01;36m[Knote: [m[Kcandidate: ‘[01m[Ktemplate<class _U2, typename std::enable_if<_CopyMovePair<true, rs2_stream, _U2>(), bool>::type <anonymous> > constexpr std::pair<_T1, _T2>::pair(const _T1&, _U2&&) [with _U2 = _U2; typename std::enable_if<std::_PCC<true, _T1, _T2>::_CopyMovePair<true, _T1, _U2>(), bool>::type <anonymous> = <anonymous>; _T1 = rs2_stream; _T2 = int][m[K’
[11.848s]   336 |        constexpr [01;36m[Kpair[m[K(const _T1& __x, _U2&& __y)
[11.848s]       |                  [01;36m[K^~~~[m[K
[11.848s] [01m[K/usr/include/c++/11/bits/stl_pair.h:336:18:[m[K [01;36m[Knote: [m[K  template argument deduction/substitution failed:
[11.848s] [01m[K/usr/include/c++/11/bits/stl_pair.h:329:27:[m[K [01;36m[Knote: [m[Kcandidate: ‘[01m[Ktemplate<class _U1, typename std::enable_if<_MoveCopyPair<false, _U1, int>(), bool>::type <anonymous> > constexpr std::pair<_T1, _T2>::pair(_U1&&, const _T2&) [with _U1 = _U1; typename std::enable_if<std::_PCC<true, _T1, _T2>::_MoveCopyPair<false, _U1, _T2>(), bool>::type <anonymous> = <anonymous>; _T1 = rs2_stream; _T2 = int][m[K’
[11.852s]   329 |        explicit constexpr [01;36m[Kpair[m[K(_U1&& __x, const _T2& __y)
[11.852s]       |                           [01;36m[K^~~~[m[K
[11.852s] [01m[K/usr/include/c++/11/bits/stl_pair.h:329:27:[m[K [01;36m[Knote: [m[K  template argument deduction/substitution failed:
[11.852s] [01m[K/usr/include/c++/11/bits/stl_pair.h:322:18:[m[K [01;36m[Knote: [m[Kcandidate: ‘[01m[Ktemplate<class _U1, typename std::enable_if<_MoveCopyPair<true, _U1, int>(), bool>::type <anonymous> > constexpr std::pair<_T1, _T2>::pair(_U1&&, const _T2&) [with _U1 = _U1; typename std::enable_if<std::_PCC<true, _T1, _T2>::_MoveCopyPair<true, _U1, _T2>(), bool>::type <anonymous> = <anonymous>; _T1 = rs2_stream; _T2 = int][m[K’
[11.852s]   322 |        constexpr [01;36m[Kpair[m[K(_U1&& __x, const _T2& __y)
[11.852s]       |                  [01;36m[K^~~~[m[K
[11.852s] [01m[K/usr/include/c++/11/bits/stl_pair.h:322:18:[m[K [01;36m[Knote: [m[K  template argument deduction/substitution failed:
[11.852s] [01m[K/usr/include/c++/11/bits/stl_pair.h:309:28:[m[K [01;36m[Knote: [m[Kcandidate: ‘[01m[Ktemplate<class _U1, class _U2, typename std::enable_if<(std::_PCC<((! std::is_same<rs2_stream, _U1>::value) || (! std::is_same<int, _U2>::value)), rs2_stream, int>::_ConstructiblePair<_U1, _U2>() && (! std::_PCC<((! std::is_same<rs2_stream, _U1>::value) || (! std::is_same<int, _U2>::value)), rs2_stream, int>::_ImplicitlyConvertiblePair<_U1, _U2>())), bool>::type <anonymous> > constexpr std::pair<_T1, _T2>::pair(const std::pair<_U1, _U2>&) [with _U1 = _U1; _U2 = _U2; typename std::enable_if<(std::_PCC<((! std::is_same<_T1, _U1>::value) || (! std::is_same<_T2, _U2>::value)), _T1, _T2>::_ConstructiblePair<_U1, _U2>() && (! std::_PCC<((! std::is_same<_T1, _U1>::value) || (! std::is_same<_T2, _U2>::value)), _T1, _T2>::_ImplicitlyConvertiblePair<_U1, _U2>())), bool>::type <anonymous> = <anonymous>; _T1 = rs2_stream; _T2 = int][m[K’
[11.852s]   309 |         explicit constexpr [01;36m[Kpair[m[K(const pair<_U1, _U2>& __p)
[11.852s]       |                            [01;36m[K^~~~[m[K
[11.853s] [01m[K/usr/include/c++/11/bits/stl_pair.h:309:28:[m[K [01;36m[Knote: [m[K  template argument deduction/substitution failed:
[11.853s] [01m[K/usr/include/c++/11/bits/stl_pair.h:300:19:[m[K [01;36m[Knote: [m[Kcandidate: ‘[01m[Ktemplate<class _U1, class _U2, typename std::enable_if<(std::_PCC<((! std::is_same<rs2_stream, _U1>::value) || (! std::is_same<int, _U2>::value)), rs2_stream, int>::_ConstructiblePair<_U1, _U2>() && std::_PCC<((! std::is_same<rs2_stream, _U1>::value) || (! std::is_same<int, _U2>::value)), rs2_stream, int>::_ImplicitlyConvertiblePair<_U1, _U2>()), bool>::type <anonymous> > constexpr std::pair<_T1, _T2>::pair(const std::pair<_U1, _U2>&) [with _U1 = _U1; _U2 = _U2; typename std::enable_if<(std::_PCC<((! std::is_same<_T1, _U1>::value) || (! std::is_same<_T2, _U2>::value)), _T1, _T2>::_ConstructiblePair<_U1, _U2>() && std::_PCC<((! std::is_same<_T1, _U1>::value) || (! std::is_same<_T2, _U2>::value)), _T1, _T2>::_ImplicitlyConvertiblePair<_U1, _U2>()), bool>::type <anonymous> = <anonymous>; _T1 = rs2_stream; _T2 = int][m[K’
[11.853s]   300 |         constexpr [01;36m[Kpair[m[K(const pair<_U1, _U2>& __p)
[11.853s]       |                   [01;36m[K^~~~[m[K
[11.853s] [01m[K/usr/include/c++/11/bits/stl_pair.h:300:19:[m[K [01;36m[Knote: [m[K  template argument deduction/substitution failed:
[11.853s] [01m[K/usr/include/c++/11/bits/stl_pair.h:276:26:[m[K [01;36m[Knote: [m[Kcandidate: ‘[01m[Ktemplate<class _U1, class _U2, typename std::enable_if<(_ConstructiblePair<_U1, _U2>() && (! _ImplicitlyConvertiblePair<_U1, _U2>())), bool>::type <anonymous> > constexpr std::pair<_T1, _T2>::pair(const _T1&, const _T2&) [with _U1 = _U1; _U2 = _U2; typename std::enable_if<(std::_PCC<true, _T1, _T2>::_ConstructiblePair<_U1, _U2>() && (! std::_PCC<true, _T1, _T2>::_ImplicitlyConvertiblePair<_U1, _U2>())), bool>::type <anonymous> = <anonymous>; _T1 = rs2_stream; _T2 = int][m[K’
[11.853s]   276 |       explicit constexpr [01;36m[Kpair[m[K(const _T1& __a, const _T2& __b)
[11.853s]       |                          [01;36m[K^~~~[m[K
[11.853s] [01m[K/usr/include/c++/11/bits/stl_pair.h:276:26:[m[K [01;36m[Knote: [m[K  template argument deduction/substitution failed:
[11.853s] [01m[K/usr/include/c++/11/bits/stl_pair.h:266:17:[m[K [01;36m[Knote: [m[Kcandidate: ‘[01m[Ktemplate<class _U1, class _U2, typename std::enable_if<(_ConstructiblePair<_U1, _U2>() && _ImplicitlyConvertiblePair<_U1, _U2>()), bool>::type <anonymous> > constexpr std::pair<_T1, _T2>::pair(const _T1&, const _T2&) [with _U1 = _U1; _U2 = _U2; typename std::enable_if<(std::_PCC<true, _T1, _T2>::_ConstructiblePair<_U1, _U2>() && std::_PCC<true, _T1, _T2>::_ImplicitlyConvertiblePair<_U1, _U2>()), bool>::type <anonymous> = <anonymous>; _T1 = rs2_stream; _T2 = int][m[K’
[11.853s]   266 |       constexpr [01;36m[Kpair[m[K(const _T1& __a, const _T2& __b)
[11.853s]       |                 [01;36m[K^~~~[m[K
[11.854s] [01m[K/usr/include/c++/11/bits/stl_pair.h:266:17:[m[K [01;36m[Knote: [m[K  template argument deduction/substitution failed:
[11.854s] [01m[K/usr/include/c++/11/bits/stl_pair.h:245:26:[m[K [01;36m[Knote: [m[Kcandidate: ‘[01m[Ktemplate<class _U1, class _U2, typename std::enable_if<std::__and_<std::is_default_constructible<_U1>, std::is_default_constructible<_Dp>, std::__not_<std::__and_<std::__is_implicitly_default_constructible<_U1>, std::__is_implicitly_default_constructible<_U2> > > >::value, bool>::type <anonymous> > constexpr std::pair<_T1, _T2>::pair() [with _U1 = _U1; _U2 = _U2; typename std::enable_if<std::__and_<std::is_default_constructible<_U1>, std::is_default_constructible<_U2>, std::__not_<std::__and_<std::__is_implicitly_default_constructible<_U1>, std::__is_implicitly_default_constructible<_U2> > > >::value, bool>::type <anonymous> = <anonymous>; _T1 = rs2_stream; _T2 = int][m[K’
[11.854s]   245 |       explicit constexpr [01;36m[Kpair[m[K()
[11.854s]       |                          [01;36m[K^~~~[m[K
[11.854s] [01m[K/usr/include/c++/11/bits/stl_pair.h:245:26:[m[K [01;36m[Knote: [m[K  template argument deduction/substitution failed:
[11.855s] In file included from [01m[K/home/brace/codeSpace/navi/src/realsense-ros/realsense2_camera/include/dynamic_params.h:16[m[K,
[11.855s]                  from [01m[K/home/brace/codeSpace/navi/src/realsense-ros/realsense2_camera/include/sensor_params.h:18[m[K,
[11.855s]                  from [01m[K/home/brace/codeSpace/navi/src/realsense-ros/realsense2_camera/src/sensor_params.cpp:15[m[K:
[11.855s] [01m[K/home/brace/codeSpace/navi/src/realsense-ros/realsense2_camera/include/ros_utils.h:36:56:[m[K [01;36m[Knote: [m[K  candidate expects 0 arguments, 2 provided
[11.855s]    36 |     const stream_index_pair SAFETY{RS2_STREAM_SAFETY, 0[01;36m[K}[m[K;
[11.855s]       |                                                        [01;36m[K^[m[K
[11.855s] In file included from [01m[K/usr/include/c++/11/bits/stl_algobase.h:64[m[K,
[11.855s]                  from [01m[K/usr/include/c++/11/bits/specfun.h:45[m[K,
[11.861s]                  from [01m[K/usr/include/c++/11/cmath:1935[m[K,
[11.862s]                  from [01m[K/usr/include/c++/11/math.h:36[m[K,
[11.862s]                  from [01m[K/opt/ros/humble/include/librealsense2/rsutil.h:10[m[K,
[11.863s]                  from [01m[K/opt/ros/humble/include/librealsense2/rs.h:16[m[K,
[11.863s]                  from [01m[K/opt/ros/humble/include/librealsense2/rs.hpp:7[m[K,
[11.863s]                  from [01m[K/home/brace/codeSpace/navi/src/realsense-ros/realsense2_camera/include/sensor_params.h:16[m[K,
[11.863s]                  from [01m[K/home/brace/codeSpace/navi/src/realsense-ros/realsense2_camera/src/sensor_params.cpp:15[m[K:
[11.864s] [01m[K/usr/include/c++/11/bits/stl_pair.h:232:26:[m[K [01;36m[Knote: [m[Kcandidate: ‘[01m[Ktemplate<class _U1, class _U2, typename std::enable_if<std::__and_<std::__is_implicitly_default_constructible<_U1>, std::__is_implicitly_default_constructible<_U2> >::value, bool>::type <anonymous> > constexpr std::pair<_T1, _T2>::pair() [with _U1 = _U1; _U2 = _U2; typename std::enable_if<std::__and_<std::__is_implicitly_default_constructible<_U1>, std::__is_implicitly_default_constructible<_U2> >::value, bool>::type <anonymous> = <anonymous>; _T1 = rs2_stream; _T2 = int][m[K’
[11.864s]   232 |       _GLIBCXX_CONSTEXPR [01;36m[Kpair[m[K()
[11.864s]       |                          [01;36m[K^~~~[m[K
[11.864s] [01m[K/usr/include/c++/11/bits/stl_pair.h:232:26:[m[K [01;36m[Knote: [m[K  template argument deduction/substitution failed:
[11.865s] In file included from [01m[K/home/brace/codeSpace/navi/src/realsense-ros/realsense2_camera/include/dynamic_params.h:16[m[K,
[11.865s]                  from [01m[K/home/brace/codeSpace/navi/src/realsense-ros/realsense2_camera/include/sensor_params.h:18[m[K,
[11.865s]                  from [01m[K/home/brace/codeSpace/navi/src/realsense-ros/realsense2_camera/src/sensor_params.cpp:15[m[K:
[11.865s] [01m[K/home/brace/codeSpace/navi/src/realsense-ros/realsense2_camera/include/ros_utils.h:36:56:[m[K [01;36m[Knote: [m[K  candidate expects 0 arguments, 2 provided
[11.865s]    36 |     const stream_index_pair SAFETY{RS2_STREAM_SAFETY, 0[01;36m[K}[m[K;
[11.865s]       |                                                        [01;36m[K^[m[K
[11.866s] In file included from [01m[K/usr/include/c++/11/bits/stl_algobase.h:64[m[K,
[11.866s]                  from [01m[K/usr/include/c++/11/bits/specfun.h:45[m[K,
[11.866s]                  from [01m[K/usr/include/c++/11/cmath:1935[m[K,
[11.867s]                  from [01m[K/usr/include/c++/11/math.h:36[m[K,
[11.867s]                  from [01m[K/opt/ros/humble/include/librealsense2/rsutil.h:10[m[K,
[11.867s]                  from [01m[K/opt/ros/humble/include/librealsense2/rs.h:16[m[K,
[11.871s]                  from [01m[K/opt/ros/humble/include/librealsense2/rs.hpp:7[m[K,
[11.871s]                  from [01m[K/home/brace/codeSpace/navi/src/realsense-ros/realsense2_camera/include/sensor_params.h:16[m[K,
[11.872s]                  from [01m[K/home/brace/codeSpace/navi/src/realsense-ros/realsense2_camera/src/sensor_params.cpp:15[m[K:
[11.872s] [01m[K/usr/include/c++/11/bits/stl_pair.h:315:17:[m[K [01;36m[Knote: [m[Kcandidate: ‘[01m[Kconstexpr std::pair<_T1, _T2>::pair(std::pair<_T1, _T2>&&) [with _T1 = rs2_stream; _T2 = int][m[K’
[11.872s]   315 |       constexpr [01;36m[Kpair[m[K(pair&&) = default;         ///< Move constructor
[11.873s]       |                 [01;36m[K^~~~[m[K
[11.873s] [01m[K/usr/include/c++/11/bits/stl_pair.h:315:17:[m[K [01;36m[Knote: [m[K  candidate expects 1 argument, 2 provided
[11.873s] [01m[K/usr/include/c++/11/bits/stl_pair.h:314:17:[m[K [01;36m[Knote: [m[Kcandidate: ‘[01m[Kconstexpr std::pair<_T1, _T2>::pair(const std::pair<_T1, _T2>&) [with _T1 = rs2_stream; _T2 = int][m[K’
[11.874s]   314 |       constexpr [01;36m[Kpair[m[K(const pair&) = default;    ///< Copy constructor
[11.874s]       |                 [01;36m[K^~~~[m[K
[11.874s] [01m[K/usr/include/c++/11/bits/stl_pair.h:314:17:[m[K [01;36m[Knote: [m[K  candidate expects 1 argument, 2 provided
[11.883s] In file included from [01m[K/home/brace/codeSpace/navi/src/realsense-ros/realsense2_camera/include/dynamic_params.h:16[m[K,
[11.884s]                  from [01m[K/home/brace/codeSpace/navi/src/realsense-ros/realsense2_camera/include/sensor_params.h:18[m[K,
[11.885s]                  from [01m[K/home/brace/codeSpace/navi/src/realsense-ros/realsense2_camera/src/sensor_params.cpp:15[m[K:
[11.886s] [01m[K/home/brace/codeSpace/navi/src/realsense-ros/realsense2_camera/include/ros_utils.h:37:49:[m[K [01;31m[Kerror: [m[K‘[01m[KRS2_STREAM_LABELED_POINT_CLOUD[m[K’ was not declared in this scope
[11.887s]    37 |     const stream_index_pair LABELED_POINT_CLOUD{[01;31m[KRS2_STREAM_LABELED_POINT_CLOUD[m[K, 0};
[11.887s]       |                                                 [01;31m[K^~~~~~~~~~~~~~~~~~~~~~~~~~~~~~[m[K
[11.888s] [01m[K/home/brace/codeSpace/navi/src/realsense-ros/realsense2_camera/include/ros_utils.h:37:82:[m[K [01;31m[Kerror: [m[Kno matching function for call to ‘[01m[Kstd::pair<rs2_stream, int>::pair(<brace-enclosed initializer list>)[m[K’
[11.890s]    37 |     const stream_index_pair LABELED_POINT_CLOUD{RS2_STREAM_LABELED_POINT_CLOUD, 0[01;31m[K}[m[K;
[11.891s]       |                                                                                  [01;31m[K^[m[K
[11.891s] In file included from [01m[K/usr/include/c++/11/bits/stl_algobase.h:64[m[K,
[11.891s]                  from [01m[K/usr/include/c++/11/bits/specfun.h:45[m[K,
[11.891s]                  from [01m[K/usr/include/c++/11/cmath:1935[m[K,
[11.892s]                  from [01m[K/usr/include/c++/11/math.h:36[m[K,
[11.894s]                  from [01m[K/opt/ros/humble/include/librealsense2/rsutil.h:10[m[K,
[11.894s]                  from [01m[K/opt/ros/humble/include/librealsense2/rs.h:16[m[K,
[11.894s]                  from [01m[K/opt/ros/humble/include/librealsense2/rs.hpp:7[m[K,
[11.894s]                  from [01m[K/home/brace/codeSpace/navi/src/realsense-ros/realsense2_camera/include/sensor_params.h:16[m[K,
[11.895s]                  from [01m[K/home/brace/codeSpace/navi/src/realsense-ros/realsense2_camera/src/sensor_params.cpp:15[m[K:
[11.895s] [01m[K/usr/include/c++/11/bits/stl_pair.h:452:9:[m[K [01;36m[Knote: [m[Kcandidate: ‘[01m[Ktemplate<class ... _Args1, long unsigned int ..._Indexes1, class ... _Args2, long unsigned int ..._Indexes2> std::pair<_T1, _T2>::pair(std::tuple<_Args1 ...>&, std::tuple<_Args2 ...>&, std::_Index_tuple<_Indexes1 ...>, std::_Index_tuple<_Indexes2 ...>) [with _Args1 = {_Args1 ...}; long unsigned int ..._Indexes1 = {_Indexes1 ...}; _Args2 = {_Args2 ...}; long unsigned int ..._Indexes2 = {_Indexes2 ...}; _T1 = rs2_stream; _T2 = int][m[K’
[11.895s]   452 |         [01;36m[Kpair[m[K(tuple<_Args1...>&, tuple<_Args2...>&,
[11.895s]       |         [01;36m[K^~~~[m[K
[11.895s] [01m[K/usr/include/c++/11/bits/stl_pair.h:452:9:[m[K [01;36m[Knote: [m[K  template argument deduction/substitution failed:
[11.895s] [01m[K/usr/include/c++/11/bits/stl_pair.h:387:9:[m[K [01;36m[Knote: [m[Kcandidate: ‘[01m[Ktemplate<class ... _Args1, class ... _Args2> std::pair<_T1, _T2>::pair(std::piecewise_construct_t, std::tuple<_Args1 ...>, std::tuple<_Args2 ...>) [with _Args1 = {_Args1 ...}; _Args2 = {_Args2 ...}; _T1 = rs2_stream; _T2 = int][m[K’
[11.895s]   387 |         [01;36m[Kpair[m[K(piecewise_construct_t, tuple<_Args1...>, tuple<_Args2...>);
[11.895s]       |         [01;36m[K^~~~[m[K
[11.895s] [01m[K/usr/include/c++/11/bits/stl_pair.h:387:9:[m[K [01;36m[Knote: [m[K  template argument deduction/substitution failed:
[11.895s] [01m[K/usr/include/c++/11/bits/stl_pair.h:381:28:[m[K [01;36m[Knote: [m[Kcandidate: ‘[01m[Ktemplate<class _U1, class _U2, typename std::enable_if<(std::_PCC<((! std::is_same<rs2_stream, _U1>::value) || (! std::is_same<int, _U2>::value)), rs2_stream, int>::_MoveConstructiblePair<_U1, _U2>() && (! std::_PCC<((! std::is_same<rs2_stream, _U1>::value) || (! std::is_same<int, _U2>::value)), rs2_stream, int>::_ImplicitlyMoveConvertiblePair<_U1, _U2>())), bool>::type <anonymous> > constexpr std::pair<_T1, _T2>::pair(std::pair<_U1, _U2>&&) [with _U1 = _U1; _U2 = _U2; typename std::enable_if<(std::_PCC<((! std::is_same<_T1, _U1>::value) || (! std::is_same<_T2, _U2>::value)), _T1, _T2>::_MoveConstructiblePair<_U1, _U2>() && (! std::_PCC<((! std::is_same<_T1, _U1>::value) || (! std::is_same<_T2, _U2>::value)), _T1, _T2>::_ImplicitlyMoveConvertiblePair<_U1, _U2>())), bool>::type <anonymous> = <anonymous>; _T1 = rs2_stream; _T2 = int][m[K’
[11.895s]   381 |         explicit constexpr [01;36m[Kpair[m[K(pair<_U1, _U2>&& __p)
[11.895s]       |                            [01;36m[K^~~~[m[K
[11.895s] [01m[K/usr/include/c++/11/bits/stl_pair.h:381:28:[m[K [01;36m[Knote: [m[K  template argument deduction/substitution failed:
[11.897s] [01m[K/usr/include/c++/11/bits/stl_pair.h:371:19:[m[K [01;36m[Knote: [m[Kcandidate: ‘[01m[Ktemplate<class _U1, class _U2, typename std::enable_if<(std::_PCC<((! std::is_same<rs2_stream, _U1>::value) || (! std::is_same<int, _U2>::value)), rs2_stream, int>::_MoveConstructiblePair<_U1, _U2>() && std::_PCC<((! std::is_same<rs2_stream, _U1>::value) || (! std::is_same<int, _U2>::value)), rs2_stream, int>::_ImplicitlyMoveConvertiblePair<_U1, _U2>()), bool>::type <anonymous> > constexpr std::pair<_T1, _T2>::pair(std::pair<_U1, _U2>&&) [with _U1 = _U1; _U2 = _U2; typename std::enable_if<(std::_PCC<((! std::is_same<_T1, _U1>::value) || (! std::is_same<_T2, _U2>::value)), _T1, _T2>::_MoveConstructiblePair<_U1, _U2>() && std::_PCC<((! std::is_same<_T1, _U1>::value) || (! std::is_same<_T2, _U2>::value)), _T1, _T2>::_ImplicitlyMoveConvertiblePair<_U1, _U2>()), bool>::type <anonymous> = <anonymous>; _T1 = rs2_stream; _T2 = int][m[K’
[11.899s]   371 |         constexpr [01;36m[Kpair[m[K(pair<_U1, _U2>&& __p)
[11.900s]       |                   [01;36m[K^~~~[m[K
[11.900s] [01m[K/usr/include/c++/11/bits/stl_pair.h:371:19:[m[K [01;36m[Knote: [m[K  template argument deduction/substitution failed:
[11.900s] [01m[K/usr/include/c++/11/bits/stl_pair.h:361:28:[m[K [01;36m[Knote: [m[Kcandidate: ‘[01m[Ktemplate<class _U1, class _U2, typename std::enable_if<(_MoveConstructiblePair<_U1, _U2>() && (! _ImplicitlyMoveConvertiblePair<_U1, _U2>())), bool>::type <anonymous> > constexpr std::pair<_T1, _T2>::pair(_U1&&, _U2&&) [with _U1 = _U1; _U2 = _U2; typename std::enable_if<(std::_PCC<true, _T1, _T2>::_MoveConstructiblePair<_U1, _U2>() && (! std::_PCC<true, _T1, _T2>::_ImplicitlyMoveConvertiblePair<_U1, _U2>())), bool>::type <anonymous> = <anonymous>; _T1 = rs2_stream; _T2 = int][m[K’
[11.900s]   361 |         explicit constexpr [01;36m[Kpair[m[K(_U1&& __x, _U2&& __y)
[11.900s]       |                            [01;36m[K^~~~[m[K
[11.900s] [01m[K/usr/include/c++/11/bits/stl_pair.h:361:28:[m[K [01;36m[Knote: [m[K  template argument deduction/substitution failed:
[11.900s] [01m[K/usr/include/c++/11/bits/stl_pair.h:352:19:[m[K [01;36m[Knote: [m[Kcandidate: ‘[01m[Ktemplate<class _U1, class _U2, typename std::enable_if<(_MoveConstructiblePair<_U1, _U2>() && _ImplicitlyMoveConvertiblePair<_U1, _U2>()), bool>::type <anonymous> > constexpr std::pair<_T1, _T2>::pair(_U1&&, _U2&&) [with _U1 = _U1; _U2 = _U2; typename std::enable_if<(std::_PCC<true, _T1, _T2>::_MoveConstructiblePair<_U1, _U2>() && std::_PCC<true, _T1, _T2>::_ImplicitlyMoveConvertiblePair<_U1, _U2>()), bool>::type <anonymous> = <anonymous>; _T1 = rs2_stream; _T2 = int][m[K’
[11.900s]   352 |         constexpr [01;36m[Kpair[m[K(_U1&& __x, _U2&& __y)
[11.900s]       |                   [01;36m[K^~~~[m[K
[11.900s] [01m[K/usr/include/c++/11/bits/stl_pair.h:352:19:[m[K [01;36m[Knote: [m[K  template argument deduction/substitution failed:
[11.900s] [01m[K/usr/include/c++/11/bits/stl_pair.h:343:17:[m[K [01;36m[Knote: [m[Kcandidate: ‘[01m[Ktemplate<class _U2, typename std::enable_if<_CopyMovePair<false, rs2_stream, _U2>(), bool>::type <anonymous> > std::pair<_T1, _T2>::pair(const _T1&, _U2&&) [with _U2 = _U2; typename std::enable_if<std::_PCC<true, _T1, _T2>::_CopyMovePair<false, _T1, _U2>(), bool>::type <anonymous> = <anonymous>; _T1 = rs2_stream; _T2 = int][m[K’
[11.901s]   343 |        explicit [01;36m[Kpair[m[K(const _T1& __x, _U2&& __y)
[11.901s]       |                 [01;36m[K^~~~[m[K
[11.901s] [01m[K/usr/include/c++/11/bits/stl_pair.h:343:17:[m[K [01;36m[Knote: [m[K  template argument deduction/substitution failed:
[11.901s] [01m[K/usr/include/c++/11/bits/stl_pair.h:336:18:[m[K [01;36m[Knote: [m[Kcandidate: ‘[01m[Ktemplate<class _U2, typename std::enable_if<_CopyMovePair<true, rs2_stream, _U2>(), bool>::type <anonymous> > constexpr std::pair<_T1, _T2>::pair(const _T1&, _U2&&) [with _U2 = _U2; typename std::enable_if<std::_PCC<true, _T1, _T2>::_CopyMovePair<true, _T1, _U2>(), bool>::type <anonymous> = <anonymous>; _T1 = rs2_stream; _T2 = int][m[K’
[11.901s]   336 |        constexpr [01;36m[Kpair[m[K(const _T1& __x, _U2&& __y)
[11.901s]       |                  [01;36m[K^~~~[m[K
[11.901s] [01m[K/usr/include/c++/11/bits/stl_pair.h:336:18:[m[K [01;36m[Knote: [m[K  template argument deduction/substitution failed:
[11.906s] [01m[K/usr/include/c++/11/bits/stl_pair.h:329:27:[m[K [01;36m[Knote: [m[Kcandidate: ‘[01m[Ktemplate<class _U1, typename std::enable_if<_MoveCopyPair<false, _U1, int>(), bool>::type <anonymous> > constexpr std::pair<_T1, _T2>::pair(_U1&&, const _T2&) [with _U1 = _U1; typename std::enable_if<std::_PCC<true, _T1, _T2>::_MoveCopyPair<false, _U1, _T2>(), bool>::type <anonymous> = <anonymous>; _T1 = rs2_stream; _T2 = int][m[K’
[11.909s]   329 |        explicit constexpr [01;36m[Kpair[m[K(_U1&& __x, const _T2& __y)
[11.910s]       |                           [01;36m[K^~~~[m[K
[11.910s] [01m[K/usr/include/c++/11/bits/stl_pair.h:329:27:[m[K [01;36m[Knote: [m[K  template argument deduction/substitution failed:
[11.910s] [01m[K/usr/include/c++/11/bits/stl_pair.h:322:18:[m[K [01;36m[Knote: [m[Kcandidate: ‘[01m[Ktemplate<class _U1, typename std::enable_if<_MoveCopyPair<true, _U1, int>(), bool>::type <anonymous> > constexpr std::pair<_T1, _T2>::pair(_U1&&, const _T2&) [with _U1 = _U1; typename std::enable_if<std::_PCC<true, _T1, _T2>::_MoveCopyPair<true, _U1, _T2>(), bool>::type <anonymous> = <anonymous>; _T1 = rs2_stream; _T2 = int][m[K’
[11.910s]   322 |        constexpr [01;36m[Kpair[m[K(_U1&& __x, const _T2& __y)
[11.910s]       |                  [01;36m[K^~~~[m[K
[11.911s] [01m[K/usr/include/c++/11/bits/stl_pair.h:322:18:[m[K [01;36m[Knote: [m[K  template argument deduction/substitution failed:
[11.911s] [01m[K/usr/include/c++/11/bits/stl_pair.h:309:28:[m[K [01;36m[Knote: [m[Kcandidate: ‘[01m[Ktemplate<class _U1, class _U2, typename std::enable_if<(std::_PCC<((! std::is_same<rs2_stream, _U1>::value) || (! std::is_same<int, _U2>::value)), rs2_stream, int>::_ConstructiblePair<_U1, _U2>() && (! std::_PCC<((! std::is_same<rs2_stream, _U1>::value) || (! std::is_same<int, _U2>::value)), rs2_stream, int>::_ImplicitlyConvertiblePair<_U1, _U2>())), bool>::type <anonymous> > constexpr std::pair<_T1, _T2>::pair(const std::pair<_U1, _U2>&) [with _U1 = _U1; _U2 = _U2; typename std::enable_if<(std::_PCC<((! std::is_same<_T1, _U1>::value) || (! std::is_same<_T2, _U2>::value)), _T1, _T2>::_ConstructiblePair<_U1, _U2>() && (! std::_PCC<((! std::is_same<_T1, _U1>::value) || (! std::is_same<_T2, _U2>::value)), _T1, _T2>::_ImplicitlyConvertiblePair<_U1, _U2>())), bool>::type <anonymous> = <anonymous>; _T1 = rs2_stream; _T2 = int][m[K’
[11.911s]   309 |         explicit constexpr [01;36m[Kpair[m[K(const pair<_U1, _U2>& __p)
[11.911s]       |                            [01;36m[K^~~~[m[K
[11.911s] [01m[K/usr/include/c++/11/bits/stl_pair.h:309:28:[m[K [01;36m[Knote: [m[K  template argument deduction/substitution failed:
[11.911s] [01m[K/usr/include/c++/11/bits/stl_pair.h:300:19:[m[K [01;36m[Knote: [m[Kcandidate: ‘[01m[Ktemplate<class _U1, class _U2, typename std::enable_if<(std::_PCC<((! std::is_same<rs2_stream, _U1>::value) || (! std::is_same<int, _U2>::value)), rs2_stream, int>::_ConstructiblePair<_U1, _U2>() && std::_PCC<((! std::is_same<rs2_stream, _U1>::value) || (! std::is_same<int, _U2>::value)), rs2_stream, int>::_ImplicitlyConvertiblePair<_U1, _U2>()), bool>::type <anonymous> > constexpr std::pair<_T1, _T2>::pair(const std::pair<_U1, _U2>&) [with _U1 = _U1; _U2 = _U2; typename std::enable_if<(std::_PCC<((! std::is_same<_T1, _U1>::value) || (! std::is_same<_T2, _U2>::value)), _T1, _T2>::_ConstructiblePair<_U1, _U2>() && std::_PCC<((! std::is_same<_T1, _U1>::value) || (! std::is_same<_T2, _U2>::value)), _T1, _T2>::_ImplicitlyConvertiblePair<_U1, _U2>()), bool>::type <anonymous> = <anonymous>; _T1 = rs2_stream; _T2 = int][m[K’
[11.911s]   300 |         constexpr [01;36m[Kpair[m[K(const pair<_U1, _U2>& __p)
[11.912s]       |                   [01;36m[K^~~~[m[K
[11.912s] [01m[K/usr/include/c++/11/bits/stl_pair.h:300:19:[m[K [01;36m[Knote: [m[K  template argument deduction/substitution failed:
[11.912s] [01m[K/usr/include/c++/11/bits/stl_pair.h:276:26:[m[K [01;36m[Knote: [m[Kcandidate: ‘[01m[Ktemplate<class _U1, class _U2, typename std::enable_if<(_ConstructiblePair<_U1, _U2>() && (! _ImplicitlyConvertiblePair<_U1, _U2>())), bool>::type <anonymous> > constexpr std::pair<_T1, _T2>::pair(const _T1&, const _T2&) [with _U1 = _U1; _U2 = _U2; typename std::enable_if<(std::_PCC<true, _T1, _T2>::_ConstructiblePair<_U1, _U2>() && (! std::_PCC<true, _T1, _T2>::_ImplicitlyConvertiblePair<_U1, _U2>())), bool>::type <anonymous> = <anonymous>; _T1 = rs2_stream; _T2 = int][m[K’
[11.912s]   276 |       explicit constexpr [01;36m[Kpair[m[K(const _T1& __a, const _T2& __b)
[11.912s]       |                          [01;36m[K^~~~[m[K
[11.912s] [01m[K/usr/include/c++/11/bits/stl_pair.h:276:26:[m[K [01;36m[Knote: [m[K  template argument deduction/substitution failed:
[11.912s] [01m[K/usr/include/c++/11/bits/stl_pair.h:266:17:[m[K [01;36m[Knote: [m[Kcandidate: ‘[01m[Ktemplate<class _U1, class _U2, typename std::enable_if<(_ConstructiblePair<_U1, _U2>() && _ImplicitlyConvertiblePair<_U1, _U2>()), bool>::type <anonymous> > constexpr std::pair<_T1, _T2>::pair(const _T1&, const _T2&) [with _U1 = _U1; _U2 = _U2; typename std::enable_if<(std::_PCC<true, _T1, _T2>::_ConstructiblePair<_U1, _U2>() && std::_PCC<true, _T1, _T2>::_ImplicitlyConvertiblePair<_U1, _U2>()), bool>::type <anonymous> = <anonymous>; _T1 = rs2_stream; _T2 = int][m[K’
[11.916s]   266 |       constexpr [01;36m[Kpair[m[K(const _T1& __a, const _T2& __b)
[11.918s]       |                 [01;36m[K^~~~[m[K
[11.919s] [01m[K/usr/include/c++/11/bits/stl_pair.h:266:17:[m[K [01;36m[Knote: [m[K  template argument deduction/substitution failed:
[11.919s] [01m[K/usr/include/c++/11/bits/stl_pair.h:245:26:[m[K [01;36m[Knote: [m[Kcandidate: ‘[01m[Ktemplate<class _U1, class _U2, typename std::enable_if<std::__and_<std::is_default_constructible<_U1>, std::is_default_constructible<_Dp>, std::__not_<std::__and_<std::__is_implicitly_default_constructible<_U1>, std::__is_implicitly_default_constructible<_U2> > > >::value, bool>::type <anonymous> > constexpr std::pair<_T1, _T2>::pair() [with _U1 = _U1; _U2 = _U2; typename std::enable_if<std::__and_<std::is_default_constructible<_U1>, std::is_default_constructible<_U2>, std::__not_<std::__and_<std::__is_implicitly_default_constructible<_U1>, std::__is_implicitly_default_constructible<_U2> > > >::value, bool>::type <anonymous> = <anonymous>; _T1 = rs2_stream; _T2 = int][m[K’
[11.919s]   245 |       explicit constexpr [01;36m[Kpair[m[K()
[11.919s]       |                          [01;36m[K^~~~[m[K
[11.919s] [01m[K/usr/include/c++/11/bits/stl_pair.h:245:26:[m[K [01;36m[Knote: [m[K  template argument deduction/substitution failed:
[11.919s] In file included from [01m[K/home/brace/codeSpace/navi/src/realsense-ros/realsense2_camera/include/dynamic_params.h:16[m[K,
[11.920s]                  from [01m[K/home/brace/codeSpace/navi/src/realsense-ros/realsense2_camera/include/sensor_params.h:18[m[K,
[11.920s]                  from [01m[K/home/brace/codeSpace/navi/src/realsense-ros/realsense2_camera/src/sensor_params.cpp:15[m[K:
[11.920s] [01m[K/home/brace/codeSpace/navi/src/realsense-ros/realsense2_camera/include/ros_utils.h:37:82:[m[K [01;36m[Knote: [m[K  candidate expects 0 arguments, 2 provided
[11.920s]    37 |     const stream_index_pair LABELED_POINT_CLOUD{RS2_STREAM_LABELED_POINT_CLOUD, 0[01;36m[K}[m[K;
[11.920s]       |                                                                                  [01;36m[K^[m[K
[11.921s] In file included from [01m[K/usr/include/c++/11/bits/stl_algobase.h:64[m[K,
[11.921s]                  from [01m[K/usr/include/c++/11/bits/specfun.h:45[m[K,
[11.921s]                  from [01m[K/usr/include/c++/11/cmath:1935[m[K,
[11.921s]                  from [01m[K/usr/include/c++/11/math.h:36[m[K,
[11.921s]                  from [01m[K/opt/ros/humble/include/librealsense2/rsutil.h:10[m[K,
[11.921s]                  from [01m[K/opt/ros/humble/include/librealsense2/rs.h:16[m[K,
[11.921s]                  from [01m[K/opt/ros/humble/include/librealsense2/rs.hpp:7[m[K,
[11.921s]                  from [01m[K/home/brace/codeSpace/navi/src/realsense-ros/realsense2_camera/include/sensor_params.h:16[m[K,
[11.921s]                  from [01m[K/home/brace/codeSpace/navi/src/realsense-ros/realsense2_camera/src/sensor_params.cpp:15[m[K:
[11.921s] [01m[K/usr/include/c++/11/bits/stl_pair.h:232:26:[m[K [01;36m[Knote: [m[Kcandidate: ‘[01m[Ktemplate<class _U1, class _U2, typename std::enable_if<std::__and_<std::__is_implicitly_default_constructible<_U1>, std::__is_implicitly_default_constructible<_U2> >::value, bool>::type <anonymous> > constexpr std::pair<_T1, _T2>::pair() [with _U1 = _U1; _U2 = _U2; typename std::enable_if<std::__and_<std::__is_implicitly_default_constructible<_U1>, std::__is_implicitly_default_constructible<_U2> >::value, bool>::type <anonymous> = <anonymous>; _T1 = rs2_stream; _T2 = int][m[K’
[11.921s]   232 |       _GLIBCXX_CONSTEXPR [01;36m[Kpair[m[K()
[11.921s]       |                          [01;36m[K^~~~[m[K
[11.921s] [01m[K/usr/include/c++/11/bits/stl_pair.h:232:26:[m[K [01;36m[Knote: [m[K  template argument deduction/substitution failed:
[11.921s] In file included from [01m[K/home/brace/codeSpace/navi/src/realsense-ros/realsense2_camera/include/dynamic_params.h:16[m[K,
[11.921s]                  from [01m[K/home/brace/codeSpace/navi/src/realsense-ros/realsense2_camera/include/sensor_params.h:18[m[K,
[11.922s]                  from [01m[K/home/brace/codeSpace/navi/src/realsense-ros/realsense2_camera/src/sensor_params.cpp:15[m[K:
[11.922s] [01m[K/home/brace/codeSpace/navi/src/realsense-ros/realsense2_camera/include/ros_utils.h:37:82:[m[K [01;36m[Knote: [m[K  candidate expects 0 arguments, 2 provided
[11.922s]    37 |     const stream_index_pair LABELED_POINT_CLOUD{RS2_STREAM_LABELED_POINT_CLOUD, 0[01;36m[K}[m[K;
[11.926s]       |                                                                                  [01;36m[K^[m[K
[11.926s] In file included from [01m[K/usr/include/c++/11/bits/stl_algobase.h:64[m[K,
[11.926s]                  from [01m[K/usr/include/c++/11/bits/specfun.h:45[m[K,
[11.926s]                  from [01m[K/usr/include/c++/11/cmath:1935[m[K,
[11.926s]                  from [01m[K/usr/include/c++/11/math.h:36[m[K,
[11.926s]                  from [01m[K/opt/ros/humble/include/librealsense2/rsutil.h:10[m[K,
[11.926s]                  from [01m[K/opt/ros/humble/include/librealsense2/rs.h:16[m[K,
[11.926s]                  from [01m[K/opt/ros/humble/include/librealsense2/rs.hpp:7[m[K,
[11.926s]                  from [01m[K/home/brace/codeSpace/navi/src/realsense-ros/realsense2_camera/include/sensor_params.h:16[m[K,
[11.926s]                  from [01m[K/home/brace/codeSpace/navi/src/realsense-ros/realsense2_camera/src/sensor_params.cpp:15[m[K:
[11.926s] [01m[K/usr/include/c++/11/bits/stl_pair.h:315:17:[m[K [01;36m[Knote: [m[Kcandidate: ‘[01m[Kconstexpr std::pair<_T1, _T2>::pair(std::pair<_T1, _T2>&&) [with _T1 = rs2_stream; _T2 = int][m[K’
[11.926s]   315 |       constexpr [01;36m[Kpair[m[K(pair&&) = default;         ///< Move constructor
[11.927s]       |                 [01;36m[K^~~~[m[K
[11.927s] [01m[K/usr/include/c++/11/bits/stl_pair.h:315:17:[m[K [01;36m[Knote: [m[K  candidate expects 1 argument, 2 provided
[11.927s] [01m[K/usr/include/c++/11/bits/stl_pair.h:314:17:[m[K [01;36m[Knote: [m[Kcandidate: ‘[01m[Kconstexpr std::pair<_T1, _T2>::pair(const std::pair<_T1, _T2>&) [with _T1 = rs2_stream; _T2 = int][m[K’
[11.927s]   314 |       constexpr [01;36m[Kpair[m[K(const pair&) = default;    ///< Copy constructor
[11.927s]       |                 [01;36m[K^~~~[m[K
[11.927s] [01m[K/usr/include/c++/11/bits/stl_pair.h:314:17:[m[K [01;36m[Knote: [m[K  candidate expects 1 argument, 2 provided
[11.927s] In file included from [01m[K/home/brace/codeSpace/navi/src/realsense-ros/realsense2_camera/include/dynamic_params.h:16[m[K,
[11.927s]                  from [01m[K/home/brace/codeSpace/navi/src/realsense-ros/realsense2_camera/include/sensor_params.h:18[m[K,
[11.927s]                  from [01m[K/home/brace/codeSpace/navi/src/realsense-ros/realsense2_camera/include/profile_manager.h:18[m[K,
[11.927s]                  from [01m[K/home/brace/codeSpace/navi/src/realsense-ros/realsense2_camera/src/profile_manager.cpp:15[m[K:
[11.928s] [01m[K/home/brace/codeSpace/navi/src/realsense-ros/realsense2_camera/include/ros_utils.h:36:36:[m[K [01;31m[Kerror: [m[K‘[01m[KRS2_STREAM_SAFETY[m[K’ was not declared in this scope; did you mean ‘[01m[KRS2_STREAM_ANY[m[K’?
[11.928s]    36 |     const stream_index_pair SAFETY{[01;31m[KRS2_STREAM_SAFETY[m[K, 0};
[11.928s]       |                                    [01;31m[K^~~~~~~~~~~~~~~~~[m[K
[11.928s]       |                                    [32m[KRS2_STREAM_ANY[m[K
[11.928s] [01m[K/home/brace/codeSpace/navi/src/realsense-ros/realsense2_camera/include/ros_utils.h:36:56:[m[K [01;31m[Kerror: [m[Kno matching function for call to ‘[01m[Kstd::pair<rs2_stream, int>::pair(<brace-enclosed initializer list>)[m[K’
[11.929s]    36 |     const stream_index_pair SAFETY{RS2_STREAM_SAFETY, 0[01;31m[K}[m[K;
[11.929s]       |                                                        [01;31m[K^[m[K
[11.929s] In file included from [01m[K/usr/include/c++/11/bits/stl_algobase.h:64[m[K,
[11.929s]                  from [01m[K/usr/include/c++/11/bits/specfun.h:45[m[K,
[11.929s]                  from [01m[K/usr/include/c++/11/cmath:1935[m[K,
[11.929s]                  from [01m[K/usr/include/c++/11/math.h:36[m[K,
[11.929s]                  from [01m[K/opt/ros/humble/include/librealsense2/rsutil.h:10[m[K,
[11.929s]                  from [01m[K/opt/ros/humble/include/librealsense2/rs.h:16[m[K,
[11.929s]                  from [01m[K/opt/ros/humble/include/librealsense2/rs.hpp:7[m[K,
[11.929s]                  from [01m[K/home/brace/codeSpace/navi/src/realsense-ros/realsense2_camera/include/profile_manager.h:17[m[K,
[11.929s]                  from [01m[K/home/brace/codeSpace/navi/src/realsense-ros/realsense2_camera/src/profile_manager.cpp:15[m[K:
[11.930s] [01m[K/usr/include/c++/11/bits/stl_pair.h:452:9:[m[K [01;36m[Knote: [m[Kcandidate: ‘[01m[Ktemplate<class ... _Args1, long unsigned int ..._Indexes1, class ... _Args2, long unsigned int ..._Indexes2> std::pair<_T1, _T2>::pair(std::tuple<_Args1 ...>&, std::tuple<_Args2 ...>&, std::_Index_tuple<_Indexes1 ...>, std::_Index_tuple<_Indexes2 ...>) [with _Args1 = {_Args1 ...}; long unsigned int ..._Indexes1 = {_Indexes1 ...}; _Args2 = {_Args2 ...}; long unsigned int ..._Indexes2 = {_Indexes2 ...}; _T1 = rs2_stream; _T2 = int][m[K’
[11.932s]   452 |         [01;36m[Kpair[m[K(tuple<_Args1...>&, tuple<_Args2...>&,
[11.932s]       |         [01;36m[K^~~~[m[K
[11.932s] [01m[K/usr/include/c++/11/bits/stl_pair.h:452:9:[m[K [01;36m[Knote: [m[K  template argument deduction/substitution failed:
[11.932s] [01m[K/usr/include/c++/11/bits/stl_pair.h:387:9:[m[K [01;36m[Knote: [m[Kcandidate: ‘[01m[Ktemplate<class ... _Args1, class ... _Args2> std::pair<_T1, _T2>::pair(std::piecewise_construct_t, std::tuple<_Args1 ...>, std::tuple<_Args2 ...>) [with _Args1 = {_Args1 ...}; _Args2 = {_Args2 ...}; _T1 = rs2_stream; _T2 = int][m[K’
[11.932s]   387 |         [01;36m[Kpair[m[K(piecewise_construct_t, tuple<_Args1...>, tuple<_Args2...>);
[11.932s]       |         [01;36m[K^~~~[m[K
[11.932s] [01m[K/usr/include/c++/11/bits/stl_pair.h:387:9:[m[K [01;36m[Knote: [m[K  template argument deduction/substitution failed:
[11.933s] [01m[K/usr/include/c++/11/bits/stl_pair.h:381:28:[m[K [01;36m[Knote: [m[Kcandidate: ‘[01m[Ktemplate<class _U1, class _U2, typename std::enable_if<(std::_PCC<((! std::is_same<rs2_stream, _U1>::value) || (! std::is_same<int, _U2>::value)), rs2_stream, int>::_MoveConstructiblePair<_U1, _U2>() && (! std::_PCC<((! std::is_same<rs2_stream, _U1>::value) || (! std::is_same<int, _U2>::value)), rs2_stream, int>::_ImplicitlyMoveConvertiblePair<_U1, _U2>())), bool>::type <anonymous> > constexpr std::pair<_T1, _T2>::pair(std::pair<_U1, _U2>&&) [with _U1 = _U1; _U2 = _U2; typename std::enable_if<(std::_PCC<((! std::is_same<_T1, _U1>::value) || (! std::is_same<_T2, _U2>::value)), _T1, _T2>::_MoveConstructiblePair<_U1, _U2>() && (! std::_PCC<((! std::is_same<_T1, _U1>::value) || (! std::is_same<_T2, _U2>::value)), _T1, _T2>::_ImplicitlyMoveConvertiblePair<_U1, _U2>())), bool>::type <anonymous> = <anonymous>; _T1 = rs2_stream; _T2 = int][m[K’
[11.933s]   381 |         explicit constexpr [01;36m[Kpair[m[K(pair<_U1, _U2>&& __p)
[11.933s]       |                            [01;36m[K^~~~[m[K
[11.933s] [01m[K/usr/include/c++/11/bits/stl_pair.h:381:28:[m[K [01;36m[Knote: [m[K  template argument deduction/substitution failed:
[11.933s] [01m[K/usr/include/c++/11/bits/stl_pair.h:371:19:[m[K [01;36m[Knote: [m[Kcandidate: ‘[01m[Ktemplate<class _U1, class _U2, typename std::enable_if<(std::_PCC<((! std::is_same<rs2_stream, _U1>::value) || (! std::is_same<int, _U2>::value)), rs2_stream, int>::_MoveConstructiblePair<_U1, _U2>() && std::_PCC<((! std::is_same<rs2_stream, _U1>::value) || (! std::is_same<int, _U2>::value)), rs2_stream, int>::_ImplicitlyMoveConvertiblePair<_U1, _U2>()), bool>::type <anonymous> > constexpr std::pair<_T1, _T2>::pair(std::pair<_U1, _U2>&&) [with _U1 = _U1; _U2 = _U2; typename std::enable_if<(std::_PCC<((! std::is_same<_T1, _U1>::value) || (! std::is_same<_T2, _U2>::value)), _T1, _T2>::_MoveConstructiblePair<_U1, _U2>() && std::_PCC<((! std::is_same<_T1, _U1>::value) || (! std::is_same<_T2, _U2>::value)), _T1, _T2>::_ImplicitlyMoveConvertiblePair<_U1, _U2>()), bool>::type <anonymous> = <anonymous>; _T1 = rs2_stream; _T2 = int][m[K’
[11.933s]   371 |         constexpr [01;36m[Kpair[m[K(pair<_U1, _U2>&& __p)
[11.933s]       |                   [01;36m[K^~~~[m[K
[11.933s] [01m[K/usr/include/c++/11/bits/stl_pair.h:371:19:[m[K [01;36m[Knote: [m[K  template argument deduction/substitution failed:
[11.933s] [01m[K/usr/include/c++/11/bits/stl_pair.h:361:28:[m[K [01;36m[Knote: [m[Kcandidate: ‘[01m[Ktemplate<class _U1, class _U2, typename std::enable_if<(_MoveConstructiblePair<_U1, _U2>() && (! _ImplicitlyMoveConvertiblePair<_U1, _U2>())), bool>::type <anonymous> > constexpr std::pair<_T1, _T2>::pair(_U1&&, _U2&&) [with _U1 = _U1; _U2 = _U2; typename std::enable_if<(std::_PCC<true, _T1, _T2>::_MoveConstructiblePair<_U1, _U2>() && (! std::_PCC<true, _T1, _T2>::_ImplicitlyMoveConvertiblePair<_U1, _U2>())), bool>::type <anonymous> = <anonymous>; _T1 = rs2_stream; _T2 = int][m[K’
[11.933s]   361 |         explicit constexpr [01;36m[Kpair[m[K(_U1&& __x, _U2&& __y)
[11.933s]       |                            [01;36m[K^~~~[m[K
[11.934s] [01m[K/usr/include/c++/11/bits/stl_pair.h:361:28:[m[K [01;36m[Knote: [m[K  template argument deduction/substitution failed:
[11.934s] [01m[K/usr/include/c++/11/bits/stl_pair.h:352:19:[m[K [01;36m[Knote: [m[Kcandidate: ‘[01m[Ktemplate<class _U1, class _U2, typename std::enable_if<(_MoveConstructiblePair<_U1, _U2>() && _ImplicitlyMoveConvertiblePair<_U1, _U2>()), bool>::type <anonymous> > constexpr std::pair<_T1, _T2>::pair(_U1&&, _U2&&) [with _U1 = _U1; _U2 = _U2; typename std::enable_if<(std::_PCC<true, _T1, _T2>::_MoveConstructiblePair<_U1, _U2>() && std::_PCC<true, _T1, _T2>::_ImplicitlyMoveConvertiblePair<_U1, _U2>()), bool>::type <anonymous> = <anonymous>; _T1 = rs2_stream; _T2 = int][m[K’
[11.934s]   352 |         constexpr [01;36m[Kpair[m[K(_U1&& __x, _U2&& __y)
[11.934s]       |                   [01;36m[K^~~~[m[K
[11.934s] [01m[K/usr/include/c++/11/bits/stl_pair.h:352:19:[m[K [01;36m[Knote: [m[K  template argument deduction/substitution failed:
[11.934s] [01m[K/usr/include/c++/11/bits/stl_pair.h:343:17:[m[K [01;36m[Knote: [m[Kcandidate: ‘[01m[Ktemplate<class _U2, typename std::enable_if<_CopyMovePair<false, rs2_stream, _U2>(), bool>::type <anonymous> > std::pair<_T1, _T2>::pair(const _T1&, _U2&&) [with _U2 = _U2; typename std::enable_if<std::_PCC<true, _T1, _T2>::_CopyMovePair<false, _T1, _U2>(), bool>::type <anonymous> = <anonymous>; _T1 = rs2_stream; _T2 = int][m[K’
[11.934s]   343 |        explicit [01;36m[Kpair[m[K(const _T1& __x, _U2&& __y)
[11.934s]       |                 [01;36m[K^~~~[m[K
[11.934s] [01m[K/usr/include/c++/11/bits/stl_pair.h:343:17:[m[K [01;36m[Knote: [m[K  template argument deduction/substitution failed:
[11.934s] [01m[K/usr/include/c++/11/bits/stl_pair.h:336:18:[m[K [01;36m[Knote: [m[Kcandidate: ‘[01m[Ktemplate<class _U2, typename std::enable_if<_CopyMovePair<true, rs2_stream, _U2>(), bool>::type <anonymous> > constexpr std::pair<_T1, _T2>::pair(const _T1&, _U2&&) [with _U2 = _U2; typename std::enable_if<std::_PCC<true, _T1, _T2>::_CopyMovePair<true, _T1, _U2>(), bool>::type <anonymous> = <anonymous>; _T1 = rs2_stream; _T2 = int][m[K’
[11.934s]   336 |        constexpr [01;36m[Kpair[m[K(const _T1& __x, _U2&& __y)
[11.935s]       |                  [01;36m[K^~~~[m[K
[11.935s] [01m[K/usr/include/c++/11/bits/stl_pair.h:336:18:[m[K [01;36m[Knote: [m[K  template argument deduction/substitution failed:
[11.935s] [01m[K/usr/include/c++/11/bits/stl_pair.h:329:27:[m[K [01;36m[Knote: [m[Kcandidate: ‘[01m[Ktemplate<class _U1, typename std::enable_if<_MoveCopyPair<false, _U1, int>(), bool>::type <anonymous> > constexpr std::pair<_T1, _T2>::pair(_U1&&, const _T2&) [with _U1 = _U1; typename std::enable_if<std::_PCC<true, _T1, _T2>::_MoveCopyPair<false, _U1, _T2>(), bool>::type <anonymous> = <anonymous>; _T1 = rs2_stream; _T2 = int][m[K’
[11.935s]   329 |        explicit constexpr [01;36m[Kpair[m[K(_U1&& __x, const _T2& __y)
[11.935s]       |                           [01;36m[K^~~~[m[K
[11.935s] [01m[K/usr/include/c++/11/bits/stl_pair.h:329:27:[m[K [01;36m[Knote: [m[K  template argument deduction/substitution failed:
[11.935s] [01m[K/usr/include/c++/11/bits/stl_pair.h:322:18:[m[K [01;36m[Knote: [m[Kcandidate: ‘[01m[Ktemplate<class _U1, typename std::enable_if<_MoveCopyPair<true, _U1, int>(), bool>::type <anonymous> > constexpr std::pair<_T1, _T2>::pair(_U1&&, const _T2&) [with _U1 = _U1; typename std::enable_if<std::_PCC<true, _T1, _T2>::_MoveCopyPair<true, _U1, _T2>(), bool>::type <anonymous> = <anonymous>; _T1 = rs2_stream; _T2 = int][m[K’
[11.935s]   322 |        constexpr [01;36m[Kpair[m[K(_U1&& __x, const _T2& __y)
[11.936s]       |                  [01;36m[K^~~~[m[K
[11.936s] [01m[K/usr/include/c++/11/bits/stl_pair.h:322:18:[m[K [01;36m[Knote: [m[K  template argument deduction/substitution failed:
[11.936s] [01m[K/usr/include/c++/11/bits/stl_pair.h:309:28:[m[K [01;36m[Knote: [m[Kcandidate: ‘[01m[Ktemplate<class _U1, class _U2, typename std::enable_if<(std::_PCC<((! std::is_same<rs2_stream, _U1>::value) || (! std::is_same<int, _U2>::value)), rs2_stream, int>::_ConstructiblePair<_U1, _U2>() && (! std::_PCC<((! std::is_same<rs2_stream, _U1>::value) || (! std::is_same<int, _U2>::value)), rs2_stream, int>::_ImplicitlyConvertiblePair<_U1, _U2>())), bool>::type <anonymous> > constexpr std::pair<_T1, _T2>::pair(const std::pair<_U1, _U2>&) [with _U1 = _U1; _U2 = _U2; typename std::enable_if<(std::_PCC<((! std::is_same<_T1, _U1>::value) || (! std::is_same<_T2, _U2>::value)), _T1, _T2>::_ConstructiblePair<_U1, _U2>() && (! std::_PCC<((! std::is_same<_T1, _U1>::value) || (! std::is_same<_T2, _U2>::value)), _T1, _T2>::_ImplicitlyConvertiblePair<_U1, _U2>())), bool>::type <anonymous> = <anonymous>; _T1 = rs2_stream; _T2 = int][m[K’
[11.936s]   309 |         explicit constexpr [01;36m[Kpair[m[K(const pair<_U1, _U2>& __p)
[11.936s]       |                            [01;36m[K^~~~[m[K
[11.936s] [01m[K/usr/include/c++/11/bits/stl_pair.h:309:28:[m[K [01;36m[Knote: [m[K  template argument deduction/substitution failed:
[11.936s] [01m[K/usr/include/c++/11/bits/stl_pair.h:300:19:[m[K [01;36m[Knote: [m[Kcandidate: ‘[01m[Ktemplate<class _U1, class _U2, typename std::enable_if<(std::_PCC<((! std::is_same<rs2_stream, _U1>::value) || (! std::is_same<int, _U2>::value)), rs2_stream, int>::_ConstructiblePair<_U1, _U2>() && std::_PCC<((! std::is_same<rs2_stream, _U1>::value) || (! std::is_same<int, _U2>::value)), rs2_stream, int>::_ImplicitlyConvertiblePair<_U1, _U2>()), bool>::type <anonymous> > constexpr std::pair<_T1, _T2>::pair(const std::pair<_U1, _U2>&) [with _U1 = _U1; _U2 = _U2; typename std::enable_if<(std::_PCC<((! std::is_same<_T1, _U1>::value) || (! std::is_same<_T2, _U2>::value)), _T1, _T2>::_ConstructiblePair<_U1, _U2>() && std::_PCC<((! std::is_same<_T1, _U1>::value) || (! std::is_same<_T2, _U2>::value)), _T1, _T2>::_ImplicitlyConvertiblePair<_U1, _U2>()), bool>::type <anonymous> = <anonymous>; _T1 = rs2_stream; _T2 = int][m[K’
[11.936s]   300 |         constexpr [01;36m[Kpair[m[K(const pair<_U1, _U2>& __p)
[11.936s]       |                   [01;36m[K^~~~[m[K
[11.936s] [01m[K/usr/include/c++/11/bits/stl_pair.h:300:19:[m[K [01;36m[Knote: [m[K  template argument deduction/substitution failed:
[11.936s] [01m[K/usr/include/c++/11/bits/stl_pair.h:276:26:[m[K [01;36m[Knote: [m[Kcandidate: ‘[01m[Ktemplate<class _U1, class _U2, typename std::enable_if<(_ConstructiblePair<_U1, _U2>() && (! _ImplicitlyConvertiblePair<_U1, _U2>())), bool>::type <anonymous> > constexpr std::pair<_T1, _T2>::pair(const _T1&, const _T2&) [with _U1 = _U1; _U2 = _U2; typename std::enable_if<(std::_PCC<true, _T1, _T2>::_ConstructiblePair<_U1, _U2>() && (! std::_PCC<true, _T1, _T2>::_ImplicitlyConvertiblePair<_U1, _U2>())), bool>::type <anonymous> = <anonymous>; _T1 = rs2_stream; _T2 = int][m[K’
[11.937s]   276 |       explicit constexpr [01;36m[Kpair[m[K(const _T1& __a, const _T2& __b)
[11.937s]       |                          [01;36m[K^~~~[m[K
[11.937s] [01m[K/usr/include/c++/11/bits/stl_pair.h:276:26:[m[K [01;36m[Knote: [m[K  template argument deduction/substitution failed:
[11.937s] [01m[K/usr/include/c++/11/bits/stl_pair.h:266:17:[m[K [01;36m[Knote: [m[Kcandidate: ‘[01m[Ktemplate<class _U1, class _U2, typename std::enable_if<(_ConstructiblePair<_U1, _U2>() && _ImplicitlyConvertiblePair<_U1, _U2>()), bool>::type <anonymous> > constexpr std::pair<_T1, _T2>::pair(const _T1&, const _T2&) [with _U1 = _U1; _U2 = _U2; typename std::enable_if<(std::_PCC<true, _T1, _T2>::_ConstructiblePair<_U1, _U2>() && std::_PCC<true, _T1, _T2>::_ImplicitlyConvertiblePair<_U1, _U2>()), bool>::type <anonymous> = <anonymous>; _T1 = rs2_stream; _T2 = int][m[K’
[11.937s]   266 |       constexpr [01;36m[Kpair[m[K(const _T1& __a, const _T2& __b)
[11.937s]       |                 [01;36m[K^~~~[m[K
[11.937s] [01m[K/usr/include/c++/11/bits/stl_pair.h:266:17:[m[K [01;36m[Knote: [m[K  template argument deduction/substitution failed:
[11.937s] [01m[K/usr/include/c++/11/bits/stl_pair.h:245:26:[m[K [01;36m[Knote: [m[Kcandidate: ‘[01m[Ktemplate<class _U1, class _U2, typename std::enable_if<std::__and_<std::is_default_constructible<_U1>, std::is_default_constructible<_Dp>, std::__not_<std::__and_<std::__is_implicitly_default_constructible<_U1>, std::__is_implicitly_default_constructible<_U2> > > >::value, bool>::type <anonymous> > constexpr std::pair<_T1, _T2>::pair() [with _U1 = _U1; _U2 = _U2; typename std::enable_if<std::__and_<std::is_default_constructible<_U1>, std::is_default_constructible<_U2>, std::__not_<std::__and_<std::__is_implicitly_default_constructible<_U1>, std::__is_implicitly_default_constructible<_U2> > > >::value, bool>::type <anonymous> = <anonymous>; _T1 = rs2_stream; _T2 = int][m[K’
[11.937s]   245 |       explicit constexpr [01;36m[Kpair[m[K()
[11.937s]       |                          [01;36m[K^~~~[m[K
[11.937s] [01m[K/usr/include/c++/11/bits/stl_pair.h:245:26:[m[K [01;36m[Knote: [m[K  template argument deduction/substitution failed:
[11.937s] In file included from [01m[K/home/brace/codeSpace/navi/src/realsense-ros/realsense2_camera/include/dynamic_params.h:16[m[K,
[11.937s]                  from [01m[K/home/brace/codeSpace/navi/src/realsense-ros/realsense2_camera/include/sensor_params.h:18[m[K,
[11.937s]                  from [01m[K/home/brace/codeSpace/navi/src/realsense-ros/realsense2_camera/include/profile_manager.h:18[m[K,
[11.937s]                  from [01m[K/home/brace/codeSpace/navi/src/realsense-ros/realsense2_camera/src/profile_manager.cpp:15[m[K:
[11.938s] [01m[K/home/brace/codeSpace/navi/src/realsense-ros/realsense2_camera/include/ros_utils.h:36:56:[m[K [01;36m[Knote: [m[K  candidate expects 0 arguments, 2 provided
[11.938s]    36 |     const stream_index_pair SAFETY{RS2_STREAM_SAFETY, 0[01;36m[K}[m[K;
[11.938s]       |                                                        [01;36m[K^[m[K
[11.938s] In file included from [01m[K/usr/include/c++/11/bits/stl_algobase.h:64[m[K,
[11.938s]                  from [01m[K/usr/include/c++/11/bits/specfun.h:45[m[K,
[11.938s]                  from [01m[K/usr/include/c++/11/cmath:1935[m[K,
[11.938s]                  from [01m[K/usr/include/c++/11/math.h:36[m[K,
[11.938s]                  from [01m[K/opt/ros/humble/include/librealsense2/rsutil.h:10[m[K,
[11.938s]                  from [01m[K/opt/ros/humble/include/librealsense2/rs.h:16[m[K,
[11.938s]                  from [01m[K/opt/ros/humble/include/librealsense2/rs.hpp:7[m[K,
[11.938s]                  from [01m[K/home/brace/codeSpace/navi/src/realsense-ros/realsense2_camera/include/profile_manager.h:17[m[K,
[11.938s]                  from [01m[K/home/brace/codeSpace/navi/src/realsense-ros/realsense2_camera/src/profile_manager.cpp:15[m[K:
[11.939s] [01m[K/usr/include/c++/11/bits/stl_pair.h:232:26:[m[K [01;36m[Knote: [m[Kcandidate: ‘[01m[Ktemplate<class _U1, class _U2, typename std::enable_if<std::__and_<std::__is_implicitly_default_constructible<_U1>, std::__is_implicitly_default_constructible<_U2> >::value, bool>::type <anonymous> > constexpr std::pair<_T1, _T2>::pair() [with _U1 = _U1; _U2 = _U2; typename std::enable_if<std::__and_<std::__is_implicitly_default_constructible<_U1>, std::__is_implicitly_default_constructible<_U2> >::value, bool>::type <anonymous> = <anonymous>; _T1 = rs2_stream; _T2 = int][m[K’
[11.939s]   232 |       _GLIBCXX_CONSTEXPR [01;36m[Kpair[m[K()
[11.939s]       |                          [01;36m[K^~~~[m[K
[11.939s] [01m[K/usr/include/c++/11/bits/stl_pair.h:232:26:[m[K [01;36m[Knote: [m[K  template argument deduction/substitution failed:
[11.939s] In file included from [01m[K/home/brace/codeSpace/navi/src/realsense-ros/realsense2_camera/include/dynamic_params.h:16[m[K,
[11.939s]                  from [01m[K/home/brace/codeSpace/navi/src/realsense-ros/realsense2_camera/include/sensor_params.h:18[m[K,
[11.939s]                  from [01m[K/home/brace/codeSpace/navi/src/realsense-ros/realsense2_camera/include/profile_manager.h:18[m[K,
[11.939s]                  from [01m[K/home/brace/codeSpace/navi/src/realsense-ros/realsense2_camera/src/profile_manager.cpp:15[m[K:
[11.939s] [01m[K/home/brace/codeSpace/navi/src/realsense-ros/realsense2_camera/include/ros_utils.h:36:56:[m[K [01;36m[Knote: [m[K  candidate expects 0 arguments, 2 provided
[11.939s]    36 |     const stream_index_pair SAFETY{RS2_STREAM_SAFETY, 0[01;36m[K}[m[K;
[11.940s]       |                                                        [01;36m[K^[m[K
[11.940s] In file included from [01m[K/usr/include/c++/11/bits/stl_algobase.h:64[m[K,
[11.940s]                  from [01m[K/usr/include/c++/11/bits/specfun.h:45[m[K,
[11.940s]                  from [01m[K/usr/include/c++/11/cmath:1935[m[K,
[11.940s]                  from [01m[K/usr/include/c++/11/math.h:36[m[K,
[11.940s]                  from [01m[K/opt/ros/humble/include/librealsense2/rsutil.h:10[m[K,
[11.940s]                  from [01m[K/opt/ros/humble/include/librealsense2/rs.h:16[m[K,
[11.940s]                  from [01m[K/opt/ros/humble/include/librealsense2/rs.hpp:7[m[K,
[11.940s]                  from [01m[K/home/brace/codeSpace/navi/src/realsense-ros/realsense2_camera/include/profile_manager.h:17[m[K,
[11.940s]                  from [01m[K/home/brace/codeSpace/navi/src/realsense-ros/realsense2_camera/src/profile_manager.cpp:15[m[K:
[11.940s] [01m[K/usr/include/c++/11/bits/stl_pair.h:315:17:[m[K [01;36m[Knote: [m[Kcandidate: ‘[01m[Kconstexpr std::pair<_T1, _T2>::pair(std::pair<_T1, _T2>&&) [with _T1 = rs2_stream; _T2 = int][m[K’
[11.940s]   315 |       constexpr [01;36m[Kpair[m[K(pair&&) = default;         ///< Move constructor
[11.941s]       |                 [01;36m[K^~~~[m[K
[11.941s] [01m[K/usr/include/c++/11/bits/stl_pair.h:315:17:[m[K [01;36m[Knote: [m[K  candidate expects 1 argument, 2 provided
[11.941s] [01m[K/usr/include/c++/11/bits/stl_pair.h:314:17:[m[K [01;36m[Knote: [m[Kcandidate: ‘[01m[Kconstexpr std::pair<_T1, _T2>::pair(const std::pair<_T1, _T2>&) [with _T1 = rs2_stream; _T2 = int][m[K’
[11.941s]   314 |       constexpr [01;36m[Kpair[m[K(const pair&) = default;    ///< Copy constructor
[11.941s]       |                 [01;36m[K^~~~[m[K
[11.941s] [01m[K/usr/include/c++/11/bits/stl_pair.h:314:17:[m[K [01;36m[Knote: [m[K  candidate expects 1 argument, 2 provided
[11.941s] In file included from [01m[K/home/brace/codeSpace/navi/src/realsense-ros/realsense2_camera/include/dynamic_params.h:16[m[K,
[11.941s]                  from [01m[K/home/brace/codeSpace/navi/src/realsense-ros/realsense2_camera/include/sensor_params.h:18[m[K,
[11.941s]                  from [01m[K/home/brace/codeSpace/navi/src/realsense-ros/realsense2_camera/src/sensor_params.cpp:15[m[K:
[11.941s] [01m[K/home/brace/codeSpace/navi/src/realsense-ros/realsense2_camera/include/ros_utils.h:38:39:[m[K [01;31m[Kerror: [m[K‘[01m[KRS2_STREAM_OCCUPANCY[m[K’ was not declared in this scope; did you mean ‘[01m[KRS2_STREAM_COUNT[m[K’?
[11.941s]    38 |     const stream_index_pair OCCUPANCY{[01;31m[KRS2_STREAM_OCCUPANCY[m[K, 0};
[11.941s]       |                                       [01;31m[K^~~~~~~~~~~~~~~~~~~~[m[K
[11.941s]       |                                       [32m[KRS2_STREAM_COUNT[m[K
[11.941s] [01m[K/home/brace/codeSpace/navi/src/realsense-ros/realsense2_camera/include/ros_utils.h:38:62:[m[K [01;31m[Kerror: [m[Kno matching function for call to ‘[01m[Kstd::pair<rs2_stream, int>::pair(<brace-enclosed initializer list>)[m[K’
[11.942s]    38 |     const stream_index_pair OCCUPANCY{RS2_STREAM_OCCUPANCY, 0[01;31m[K}[m[K;
[11.942s]       |                                                              [01;31m[K^[m[K
[11.942s] In file included from [01m[K/home/brace/codeSpace/navi/src/realsense-ros/realsense2_camera/include/dynamic_params.h:16[m[K,
[11.942s]                  from [01m[K/home/brace/codeSpace/navi/src/realsense-ros/realsense2_camera/include/sensor_params.h:18[m[K,
[11.942s]                  from [01m[K/home/brace/codeSpace/navi/src/realsense-ros/realsense2_camera/include/profile_manager.h:18[m[K,
[11.942s]                  from [01m[K/home/brace/codeSpace/navi/src/realsense-ros/realsense2_camera/src/profile_manager.cpp:15[m[K:
[11.942s] [01m[K/home/brace/codeSpace/navi/src/realsense-ros/realsense2_camera/include/ros_utils.h:37:49:[m[K [01;31m[Kerror: [m[K‘[01m[KRS2_STREAM_LABELED_POINT_CLOUD[m[K’ was not declared in this scope
[11.942s]    37 |     const stream_index_pair LABELED_POINT_CLOUD{[01;31m[KRS2_STREAM_LABELED_POINT_CLOUD[m[K, 0};
[11.942s]       |                                                 [01;31m[K^~~~~~~~~~~~~~~~~~~~~~~~~~~~~~[m[K
[11.942s] In file included from [01m[K/usr/include/c++/11/bits/stl_algobase.h:64[m[K,
[11.942s]                  from [01m[K/usr/include/c++/11/bits/specfun.h:45[m[K,
[11.942s]                  from [01m[K/usr/include/c++/11/cmath:1935[m[K,
[11.942s]                  from [01m[K/usr/include/c++/11/math.h:36[m[K,
[11.943s]                  from [01m[K/opt/ros/humble/include/librealsense2/rsutil.h:10[m[K,
[11.943s]                  from [01m[K/opt/ros/humble/include/librealsense2/rs.h:16[m[K,
[11.943s]                  from [01m[K/opt/ros/humble/include/librealsense2/rs.hpp:7[m[K,
[11.943s]                  from [01m[K/home/brace/codeSpace/navi/src/realsense-ros/realsense2_camera/include/sensor_params.h:16[m[K,
[11.943s]                  from [01m[K/home/brace/codeSpace/navi/src/realsense-ros/realsense2_camera/src/sensor_params.cpp:15[m[K:
[11.943s] [01m[K/usr/include/c++/11/bits/stl_pair.h:452:9:[m[K [01;36m[Knote: [m[Kcandidate: ‘[01m[Ktemplate<class ... _Args1, long unsigned int ..._Indexes1, class ... _Args2, long unsigned int ..._Indexes2> std::pair<_T1, _T2>::pair(std::tuple<_Args1 ...>&, std::tuple<_Args2 ...>&, std::_Index_tuple<_Indexes1 ...>, std::_Index_tuple<_Indexes2 ...>) [with _Args1 = {_Args1 ...}; long unsigned int ..._Indexes1 = {_Indexes1 ...}; _Args2 = {_Args2 ...}; long unsigned int ..._Indexes2 = {_Indexes2 ...}; _T1 = rs2_stream; _T2 = int][m[K’
[11.943s]   452 |         [01;36m[Kpair[m[K(tuple<_Args1...>&, tuple<_Args2...>&,
[11.943s]       |         [01;36m[K^~~~[m[K
[11.943s] [01m[K/usr/include/c++/11/bits/stl_pair.h:452:9:[m[K [01;36m[Knote: [m[K  template argument deduction/substitution failed:
[11.943s] [01m[K/usr/include/c++/11/bits/stl_pair.h:387:9:[m[K [01;36m[Knote: [m[Kcandidate: ‘[01m[Ktemplate<class ... _Args1, class ... _Args2> std::pair<_T1, _T2>::pair(std::piecewise_construct_t, std::tuple<_Args1 ...>, std::tuple<_Args2 ...>) [with _Args1 = {_Args1 ...}; _Args2 = {_Args2 ...}; _T1 = rs2_stream; _T2 = int][m[K’
[11.943s]   387 |         [01;36m[Kpair[m[K(piecewise_construct_t, tuple<_Args1...>, tuple<_Args2...>);
[11.943s]       |         [01;36m[K^~~~[m[K
[11.943s] [01m[K/usr/include/c++/11/bits/stl_pair.h:387:9:[m[K [01;36m[Knote: [m[K  template argument deduction/substitution failed:
[11.943s] [01m[K/usr/include/c++/11/bits/stl_pair.h:381:28:[m[K [01;36m[Knote: [m[Kcandidate: ‘[01m[Ktemplate<class _U1, class _U2, typename std::enable_if<(std::_PCC<((! std::is_same<rs2_stream, _U1>::value) || (! std::is_same<int, _U2>::value)), rs2_stream, int>::_MoveConstructiblePair<_U1, _U2>() && (! std::_PCC<((! std::is_same<rs2_stream, _U1>::value) || (! std::is_same<int, _U2>::value)), rs2_stream, int>::_ImplicitlyMoveConvertiblePair<_U1, _U2>())), bool>::type <anonymous> > constexpr std::pair<_T1, _T2>::pair(std::pair<_U1, _U2>&&) [with _U1 = _U1; _U2 = _U2; typename std::enable_if<(std::_PCC<((! std::is_same<_T1, _U1>::value) || (! std::is_same<_T2, _U2>::value)), _T1, _T2>::_MoveConstructiblePair<_U1, _U2>() && (! std::_PCC<((! std::is_same<_T1, _U1>::value) || (! std::is_same<_T2, _U2>::value)), _T1, _T2>::_ImplicitlyMoveConvertiblePair<_U1, _U2>())), bool>::type <anonymous> = <anonymous>; _T1 = rs2_stream; _T2 = int][m[K’
[11.943s]   381 |         explicit constexpr [01;36m[Kpair[m[K(pair<_U1, _U2>&& __p)
[11.943s]       |                            [01;36m[K^~~~[m[K
[11.944s] [01m[K/usr/include/c++/11/bits/stl_pair.h:381:28:[m[K [01;36m[Knote: [m[K  template argument deduction/substitution failed:
[11.944s] [01m[K/usr/include/c++/11/bits/stl_pair.h:371:19:[m[K [01;36m[Knote: [m[Kcandidate: ‘[01m[Ktemplate<class _U1, class _U2, typename std::enable_if<(std::_PCC<((! std::is_same<rs2_stream, _U1>::value) || (! std::is_same<int, _U2>::value)), rs2_stream, int>::_MoveConstructiblePair<_U1, _U2>() && std::_PCC<((! std::is_same<rs2_stream, _U1>::value) || (! std::is_same<int, _U2>::value)), rs2_stream, int>::_ImplicitlyMoveConvertiblePair<_U1, _U2>()), bool>::type <anonymous> > constexpr std::pair<_T1, _T2>::pair(std::pair<_U1, _U2>&&) [with _U1 = _U1; _U2 = _U2; typename std::enable_if<(std::_PCC<((! std::is_same<_T1, _U1>::value) || (! std::is_same<_T2, _U2>::value)), _T1, _T2>::_MoveConstructiblePair<_U1, _U2>() && std::_PCC<((! std::is_same<_T1, _U1>::value) || (! std::is_same<_T2, _U2>::value)), _T1, _T2>::_ImplicitlyMoveConvertiblePair<_U1, _U2>()), bool>::type <anonymous> = <anonymous>; _T1 = rs2_stream; _T2 = int][m[K’
[11.944s]   371 |         constexpr [01;36m[Kpair[m[K(pair<_U1, _U2>&& __p)
[11.944s]       |                   [01;36m[K^~~~[m[K
[11.944s] [01m[K/usr/include/c++/11/bits/stl_pair.h:371:19:[m[K [01;36m[Knote: [m[K  template argument deduction/substitution failed:
[11.944s] [01m[K/usr/include/c++/11/bits/stl_pair.h:361:28:[m[K [01;36m[Knote: [m[Kcandidate: ‘[01m[Ktemplate<class _U1, class _U2, typename std::enable_if<(_MoveConstructiblePair<_U1, _U2>() && (! _ImplicitlyMoveConvertiblePair<_U1, _U2>())), bool>::type <anonymous> > constexpr std::pair<_T1, _T2>::pair(_U1&&, _U2&&) [with _U1 = _U1; _U2 = _U2; typename std::enable_if<(std::_PCC<true, _T1, _T2>::_MoveConstructiblePair<_U1, _U2>() && (! std::_PCC<true, _T1, _T2>::_ImplicitlyMoveConvertiblePair<_U1, _U2>())), bool>::type <anonymous> = <anonymous>; _T1 = rs2_stream; _T2 = int][m[K’
[11.944s]   361 |         explicit constexpr [01;36m[Kpair[m[K(_U1&& __x, _U2&& __y)
[11.944s]       |                            [01;36m[K^~~~[m[K
[11.944s] [01m[K/usr/include/c++/11/bits/stl_pair.h:361:28:[m[K [01;36m[Knote: [m[K  template argument deduction/substitution failed:
[11.944s] [01m[K/usr/include/c++/11/bits/stl_pair.h:352:19:[m[K [01;36m[Knote: [m[Kcandidate: ‘[01m[Ktemplate<class _U1, class _U2, typename std::enable_if<(_MoveConstructiblePair<_U1, _U2>() && _ImplicitlyMoveConvertiblePair<_U1, _U2>()), bool>::type <anonymous> > constexpr std::pair<_T1, _T2>::pair(_U1&&, _U2&&) [with _U1 = _U1; _U2 = _U2; typename std::enable_if<(std::_PCC<true, _T1, _T2>::_MoveConstructiblePair<_U1, _U2>() && std::_PCC<true, _T1, _T2>::_ImplicitlyMoveConvertiblePair<_U1, _U2>()), bool>::type <anonymous> = <anonymous>; _T1 = rs2_stream; _T2 = int][m[K’
[11.944s]   352 |         constexpr [01;36m[Kpair[m[K(_U1&& __x, _U2&& __y)
[11.944s]       |                   [01;36m[K^~~~[m[K
[11.944s] [01m[K/usr/include/c++/11/bits/stl_pair.h:352:19:[m[K [01;36m[Knote: [m[K  template argument deduction/substitution failed:
[11.944s] [01m[K/usr/include/c++/11/bits/stl_pair.h:343:17:[m[K [01;36m[Knote: [m[Kcandidate: ‘[01m[Ktemplate<class _U2, typename std::enable_if<_CopyMovePair<false, rs2_stream, _U2>(), bool>::type <anonymous> > std::pair<_T1, _T2>::pair(const _T1&, _U2&&) [with _U2 = _U2; typename std::enable_if<std::_PCC<true, _T1, _T2>::_CopyMovePair<false, _T1, _U2>(), bool>::type <anonymous> = <anonymous>; _T1 = rs2_stream; _T2 = int][m[K’
[11.944s]   343 |        explicit [01;36m[Kpair[m[K(const _T1& __x, _U2&& __y)
[11.944s]       |                 [01;36m[K^~~~[m[K
[11.945s] [01m[K/usr/include/c++/11/bits/stl_pair.h:343:17:[m[K [01;36m[Knote: [m[K  template argument deduction/substitution failed:
[11.945s] [01m[K/usr/include/c++/11/bits/stl_pair.h:336:18:[m[K [01;36m[Knote: [m[Kcandidate: ‘[01m[Ktemplate<class _U2, typename std::enable_if<_CopyMovePair<true, rs2_stream, _U2>(), bool>::type <anonymous> > constexpr std::pair<_T1, _T2>::pair(const _T1&, _U2&&) [with _U2 = _U2; typename std::enable_if<std::_PCC<true, _T1, _T2>::_CopyMovePair<true, _T1, _U2>(), bool>::type <anonymous> = <anonymous>; _T1 = rs2_stream; _T2 = int][m[K’
[11.945s]   336 |        constexpr [01;36m[Kpair[m[K(const _T1& __x, _U2&& __y)
[11.945s]       |                  [01;36m[K^~~~[m[K
[11.945s] [01m[K/usr/include/c++/11/bits/stl_pair.h:336:18:[m[K [01;36m[Knote: [m[K  template argument deduction/substitution failed:
[11.945s] [01m[K/usr/include/c++/11/bits/stl_pair.h:329:27:[m[K [01;36m[Knote: [m[Kcandidate: ‘[01m[Ktemplate<class _U1, typename std::enable_if<_MoveCopyPair<false, _U1, int>(), bool>::type <anonymous> > constexpr std::pair<_T1, _T2>::pair(_U1&&, const _T2&) [with _U1 = _U1; typename std::enable_if<std::_PCC<true, _T1, _T2>::_MoveCopyPair<false, _U1, _T2>(), bool>::type <anonymous> = <anonymous>; _T1 = rs2_stream; _T2 = int][m[K’
[11.945s]   329 |        explicit constexpr [01;36m[Kpair[m[K(_U1&& __x, const _T2& __y)
[11.945s]       |                           [01;36m[K^~~~[m[K
[11.945s] [01m[K/usr/include/c++/11/bits/stl_pair.h:329:27:[m[K [01;36m[Knote: [m[K  template argument deduction/substitution failed:
[11.945s] [01m[K/usr/include/c++/11/bits/stl_pair.h:322:18:[m[K [01;36m[Knote: [m[Kcandidate: ‘[01m[Ktemplate<class _U1, typename std::enable_if<_MoveCopyPair<true, _U1, int>(), bool>::type <anonymous> > constexpr std::pair<_T1, _T2>::pair(_U1&&, const _T2&) [with _U1 = _U1; typename std::enable_if<std::_PCC<true, _T1, _T2>::_MoveCopyPair<true, _U1, _T2>(), bool>::type <anonymous> = <anonymous>; _T1 = rs2_stream; _T2 = int][m[K’
[11.945s]   322 |        constexpr [01;36m[Kpair[m[K(_U1&& __x, const _T2& __y)
[11.946s]       |                  [01;36m[K^~~~[m[K
[11.946s] [01m[K/usr/include/c++/11/bits/stl_pair.h:322:18:[m[K [01;36m[Knote: [m[K  template argument deduction/substitution failed:
[11.946s] [01m[K/usr/include/c++/11/bits/stl_pair.h:309:28:[m[K [01;36m[Knote: [m[Kcandidate: ‘[01m[Ktemplate<class _U1, class _U2, typename std::enable_if<(std::_PCC<((! std::is_same<rs2_stream, _U1>::value) || (! std::is_same<int, _U2>::value)), rs2_stream, int>::_ConstructiblePair<_U1, _U2>() && (! std::_PCC<((! std::is_same<rs2_stream, _U1>::value) || (! std::is_same<int, _U2>::value)), rs2_stream, int>::_ImplicitlyConvertiblePair<_U1, _U2>())), bool>::type <anonymous> > constexpr std::pair<_T1, _T2>::pair(const std::pair<_U1, _U2>&) [with _U1 = _U1; _U2 = _U2; typename std::enable_if<(std::_PCC<((! std::is_same<_T1, _U1>::value) || (! std::is_same<_T2, _U2>::value)), _T1, _T2>::_ConstructiblePair<_U1, _U2>() && (! std::_PCC<((! std::is_same<_T1, _U1>::value) || (! std::is_same<_T2, _U2>::value)), _T1, _T2>::_ImplicitlyConvertiblePair<_U1, _U2>())), bool>::type <anonymous> = <anonymous>; _T1 = rs2_stream; _T2 = int][m[K’
[11.946s]   309 |         explicit constexpr [01;36m[Kpair[m[K(const pair<_U1, _U2>& __p)
[11.946s]       |                            [01;36m[K^~~~[m[K
[11.946s] [01m[K/usr/include/c++/11/bits/stl_pair.h:309:28:[m[K [01;36m[Knote: [m[K  template argument deduction/substitution failed:
[11.946s] [01m[K/usr/include/c++/11/bits/stl_pair.h:300:19:[m[K [01;36m[Knote: [m[Kcandidate: ‘[01m[Ktemplate<class _U1, class _U2, typename std::enable_if<(std::_PCC<((! std::is_same<rs2_stream, _U1>::value) || (! std::is_same<int, _U2>::value)), rs2_stream, int>::_ConstructiblePair<_U1, _U2>() && std::_PCC<((! std::is_same<rs2_stream, _U1>::value) || (! std::is_same<int, _U2>::value)), rs2_stream, int>::_ImplicitlyConvertiblePair<_U1, _U2>()), bool>::type <anonymous> > constexpr std::pair<_T1, _T2>::pair(const std::pair<_U1, _U2>&) [with _U1 = _U1; _U2 = _U2; typename std::enable_if<(std::_PCC<((! std::is_same<_T1, _U1>::value) || (! std::is_same<_T2, _U2>::value)), _T1, _T2>::_ConstructiblePair<_U1, _U2>() && std::_PCC<((! std::is_same<_T1, _U1>::value) || (! std::is_same<_T2, _U2>::value)), _T1, _T2>::_ImplicitlyConvertiblePair<_U1, _U2>()), bool>::type <anonymous> = <anonymous>; _T1 = rs2_stream; _T2 = int][m[K’
[11.946s]   300 |         constexpr [01;36m[Kpair[m[K(const pair<_U1, _U2>& __p)
[11.946s]       |                   [01;36m[K^~~~[m[K
[11.946s] [01m[K/usr/include/c++/11/bits/stl_pair.h:300:19:[m[K [01;36m[Knote: [m[K  template argument deduction/substitution failed:
[11.946s] [01m[K/usr/include/c++/11/bits/stl_pair.h:276:26:[m[K [01;36m[Knote: [m[Kcandidate: ‘[01m[Ktemplate<class _U1, class _U2, typename std::enable_if<(_ConstructiblePair<_U1, _U2>() && (! _ImplicitlyConvertiblePair<_U1, _U2>())), bool>::type <anonymous> > constexpr std::pair<_T1, _T2>::pair(const _T1&, const _T2&) [with _U1 = _U1; _U2 = _U2; typename std::enable_if<(std::_PCC<true, _T1, _T2>::_ConstructiblePair<_U1, _U2>() && (! std::_PCC<true, _T1, _T2>::_ImplicitlyConvertiblePair<_U1, _U2>())), bool>::type <anonymous> = <anonymous>; _T1 = rs2_stream; _T2 = int][m[K’
[11.946s]   276 |       explicit constexpr [01;36m[Kpair[m[K(const _T1& __a, const _T2& __b)
[11.946s]       |                          [01;36m[K^~~~[m[K
[11.946s] [01m[K/usr/include/c++/11/bits/stl_pair.h:276:26:[m[K [01;36m[Knote: [m[K  template argument deduction/substitution failed:
[11.947s] [01m[K/usr/include/c++/11/bits/stl_pair.h:266:17:[m[K [01;36m[Knote: [m[Kcandidate: ‘[01m[Ktemplate<class _U1, class _U2, typename std::enable_if<(_ConstructiblePair<_U1, _U2>() && _ImplicitlyConvertiblePair<_U1, _U2>()), bool>::type <anonymous> > constexpr std::pair<_T1, _T2>::pair(const _T1&, const _T2&) [with _U1 = _U1; _U2 = _U2; typename std::enable_if<(std::_PCC<true, _T1, _T2>::_ConstructiblePair<_U1, _U2>() && std::_PCC<true, _T1, _T2>::_ImplicitlyConvertiblePair<_U1, _U2>()), bool>::type <anonymous> = <anonymous>; _T1 = rs2_stream; _T2 = int][m[K’
[11.947s]   266 |       constexpr [01;36m[Kpair[m[K(const _T1& __a, const _T2& __b)
[11.947s]       |                 [01;36m[K^~~~[m[K
[11.947s] [01m[K/usr/include/c++/11/bits/stl_pair.h:266:17:[m[K [01;36m[Knote: [m[K  template argument deduction/substitution failed:
[11.947s] [01m[K/usr/include/c++/11/bits/stl_pair.h:245:26:[m[K [01;36m[Knote: [m[Kcandidate: ‘[01m[Ktemplate<class _U1, class _U2, typename std::enable_if<std::__and_<std::is_default_constructible<_U1>, std::is_default_constructible<_Dp>, std::__not_<std::__and_<std::__is_implicitly_default_constructible<_U1>, std::__is_implicitly_default_constructible<_U2> > > >::value, bool>::type <anonymous> > constexpr std::pair<_T1, _T2>::pair() [with _U1 = _U1; _U2 = _U2; typename std::enable_if<std::__and_<std::is_default_constructible<_U1>, std::is_default_constructible<_U2>, std::__not_<std::__and_<std::__is_implicitly_default_constructible<_U1>, std::__is_implicitly_default_constructible<_U2> > > >::value, bool>::type <anonymous> = <anonymous>; _T1 = rs2_stream; _T2 = int][m[K’
[11.947s]   245 |       explicit constexpr [01;36m[Kpair[m[K()
[11.947s]       |                          [01;36m[K^~~~[m[K
[11.947s] [01m[K/usr/include/c++/11/bits/stl_pair.h:245:26:[m[K [01;36m[Knote: [m[K  template argument deduction/substitution failed:
[11.947s] In file included from [01m[K/home/brace/codeSpace/navi/src/realsense-ros/realsense2_camera/include/dynamic_params.h:16[m[K,
[11.947s]                  from [01m[K/home/brace/codeSpace/navi/src/realsense-ros/realsense2_camera/include/sensor_params.h:18[m[K,
[11.947s]                  from [01m[K/home/brace/codeSpace/navi/src/realsense-ros/realsense2_camera/src/sensor_params.cpp:15[m[K:
[11.947s] [01m[K/home/brace/codeSpace/navi/src/realsense-ros/realsense2_camera/include/ros_utils.h:38:62:[m[K [01;36m[Knote: [m[K  candidate expects 0 arguments, 2 provided
[11.947s]    38 |     const stream_index_pair OCCUPANCY{RS2_STREAM_OCCUPANCY, 0[01;36m[K}[m[K;
[11.947s]       |                                                              [01;36m[K^[m[K
[11.948s] In file included from [01m[K/usr/include/c++/11/bits/stl_algobase.h:64[m[K,
[11.948s]                  from [01m[K/usr/include/c++/11/bits/specfun.h:45[m[K,
[11.948s]                  from [01m[K/usr/include/c++/11/cmath:1935[m[K,
[11.948s]                  from [01m[K/usr/include/c++/11/math.h:36[m[K,
[11.948s]                  from [01m[K/opt/ros/humble/include/librealsense2/rsutil.h:10[m[K,
[11.948s]                  from [01m[K/opt/ros/humble/include/librealsense2/rs.h:16[m[K,
[11.948s]                  from [01m[K/opt/ros/humble/include/librealsense2/rs.hpp:7[m[K,
[11.948s]                  from [01m[K/home/brace/codeSpace/navi/src/realsense-ros/realsense2_camera/include/sensor_params.h:16[m[K,
[11.948s]                  from [01m[K/home/brace/codeSpace/navi/src/realsense-ros/realsense2_camera/src/sensor_params.cpp:15[m[K:
[11.948s] [01m[K/usr/include/c++/11/bits/stl_pair.h:232:26:[m[K [01;36m[Knote: [m[Kcandidate: ‘[01m[Ktemplate<class _U1, class _U2, typename std::enable_if<std::__and_<std::__is_implicitly_default_constructible<_U1>, std::__is_implicitly_default_constructible<_U2> >::value, bool>::type <anonymous> > constexpr std::pair<_T1, _T2>::pair() [with _U1 = _U1; _U2 = _U2; typename std::enable_if<std::__and_<std::__is_implicitly_default_constructible<_U1>, std::__is_implicitly_default_constructible<_U2> >::value, bool>::type <anonymous> = <anonymous>; _T1 = rs2_stream; _T2 = int][m[K’
[11.948s]   232 |       _GLIBCXX_CONSTEXPR [01;36m[Kpair[m[K()
[11.949s]       |                          [01;36m[K^~~~[m[K
[11.949s] [01m[K/home/brace/codeSpace/navi/src/realsense-ros/realsense2_camera/include/ros_utils.h:37:82:[m[K [01;31m[Kerror: [m[Kno matching function for call to ‘[01m[Kstd::pair<rs2_stream, int>::pair(<brace-enclosed initializer list>)[m[K’
[11.949s]    37 |     const stream_index_pair LABELED_POINT_CLOUD{RS2_STREAM_LABELED_POINT_CLOUD, 0[01;31m[K}[m[K;
[11.949s]       |                                                                                  [01;31m[K^[m[K
[11.949s] [01m[K/usr/include/c++/11/bits/stl_pair.h:232:26:[m[K [01;36m[Knote: [m[K  template argument deduction/substitution failed:
[11.949s] In file included from [01m[K/home/brace/codeSpace/navi/src/realsense-ros/realsense2_camera/include/dynamic_params.h:16[m[K,
[11.949s]                  from [01m[K/home/brace/codeSpace/navi/src/realsense-ros/realsense2_camera/include/sensor_params.h:18[m[K,
[11.949s]                  from [01m[K/home/brace/codeSpace/navi/src/realsense-ros/realsense2_camera/src/sensor_params.cpp:15[m[K:
[11.949s] [01m[K/home/brace/codeSpace/navi/src/realsense-ros/realsense2_camera/include/ros_utils.h:38:62:[m[K [01;36m[Knote: [m[K  candidate expects 0 arguments, 2 provided
[11.949s]    38 |     const stream_index_pair OCCUPANCY{RS2_STREAM_OCCUPANCY, 0[01;36m[K}[m[K;
[11.949s]       |                                                              [01;36m[K^[m[K
[11.949s] In file included from [01m[K/usr/include/c++/11/bits/stl_algobase.h:64[m[K,
[11.949s]                  from [01m[K/usr/include/c++/11/bits/specfun.h:45[m[K,
[11.949s]                  from [01m[K/usr/include/c++/11/cmath:1935[m[K,
[11.949s]                  from [01m[K/usr/include/c++/11/math.h:36[m[K,
[11.949s]                  from [01m[K/opt/ros/humble/include/librealsense2/rsutil.h:10[m[K,
[11.950s]                  from [01m[K/opt/ros/humble/include/librealsense2/rs.h:16[m[K,
[11.950s]                  from [01m[K/opt/ros/humble/include/librealsense2/rs.hpp:7[m[K,
[11.950s]                  from [01m[K/home/brace/codeSpace/navi/src/realsense-ros/realsense2_camera/include/profile_manager.h:17[m[K,
[11.950s]                  from [01m[K/home/brace/codeSpace/navi/src/realsense-ros/realsense2_camera/src/profile_manager.cpp:15[m[K:
[11.950s] [01m[K/usr/include/c++/11/bits/stl_pair.h:452:9:[m[K [01;36m[Knote: [m[Kcandidate: ‘[01m[Ktemplate<class ... _Args1, long unsigned int ..._Indexes1, class ... _Args2, long unsigned int ..._Indexes2> std::pair<_T1, _T2>::pair(std::tuple<_Args1 ...>&, std::tuple<_Args2 ...>&, std::_Index_tuple<_Indexes1 ...>, std::_Index_tuple<_Indexes2 ...>) [with _Args1 = {_Args1 ...}; long unsigned int ..._Indexes1 = {_Indexes1 ...}; _Args2 = {_Args2 ...}; long unsigned int ..._Indexes2 = {_Indexes2 ...}; _T1 = rs2_stream; _T2 = int][m[K’
[11.950s]   452 |         [01;36m[Kpair[m[K(tuple<_Args1...>&, tuple<_Args2...>&,
[11.950s]       |         [01;36m[K^~~~[m[K
[11.950s] [01m[K/usr/include/c++/11/bits/stl_pair.h:452:9:[m[K [01;36m[Knote: [m[K  template argument deduction/substitution failed:
[11.950s] In file included from [01m[K/usr/include/c++/11/bits/stl_algobase.h:64[m[K,
[11.950s]                  from [01m[K/usr/include/c++/11/bits/specfun.h:45[m[K,
[11.950s]                  from [01m[K/usr/include/c++/11/cmath:1935[m[K,
[11.950s]                  from [01m[K/usr/include/c++/11/math.h:36[m[K,
[11.950s]                  from [01m[K/opt/ros/humble/include/librealsense2/rsutil.h:10[m[K,
[11.950s]                  from [01m[K/opt/ros/humble/include/librealsense2/rs.h:16[m[K,
[11.950s]                  from [01m[K/opt/ros/humble/include/librealsense2/rs.hpp:7[m[K,
[11.950s]                  from [01m[K/home/brace/codeSpace/navi/src/realsense-ros/realsense2_camera/include/sensor_params.h:16[m[K,
[11.950s]                  from [01m[K/home/brace/codeSpace/navi/src/realsense-ros/realsense2_camera/src/sensor_params.cpp:15[m[K:
[11.951s] [01m[K/usr/include/c++/11/bits/stl_pair.h:315:17:[m[K [01;36m[Knote: [m[Kcandidate: ‘[01m[Kconstexpr std::pair<_T1, _T2>::pair(std::pair<_T1, _T2>&&) [with _T1 = rs2_stream; _T2 = int][m[K’
[11.951s]   315 |       constexpr [01;36m[Kpair[m[K(pair&&) = default;         ///< Move constructor
[11.951s]       |                 [01;36m[K^~~~[m[K
[11.951s] [01m[K/usr/include/c++/11/bits/stl_pair.h:387:9:[m[K [01;36m[Knote: [m[Kcandidate: ‘[01m[Ktemplate<class ... _Args1, class ... _Args2> std::pair<_T1, _T2>::pair(std::piecewise_construct_t, std::tuple<_Args1 ...>, std::tuple<_Args2 ...>) [with _Args1 = {_Args1 ...}; _Args2 = {_Args2 ...}; _T1 = rs2_stream; _T2 = int][m[K’
[11.951s]   387 |         [01;36m[Kpair[m[K(piecewise_construct_t, tuple<_Args1...>, tuple<_Args2...>);
[11.951s]       |         [01;36m[K^~~~[m[K
[11.951s] [01m[K/usr/include/c++/11/bits/stl_pair.h:387:9:[m[K [01;36m[Knote: [m[K  template argument deduction/substitution failed:
[11.951s] [01m[K/usr/include/c++/11/bits/stl_pair.h:315:17:[m[K [01;36m[Knote: [m[K  candidate expects 1 argument, 2 provided
[11.951s] [01m[K/usr/include/c++/11/bits/stl_pair.h:314:17:[m[K [01;36m[Knote: [m[Kcandidate: ‘[01m[Kconstexpr std::pair<_T1, _T2>::pair(const std::pair<_T1, _T2>&) [with _T1 = rs2_stream; _T2 = int][m[K’
[11.951s]   314 |       constexpr [01;36m[Kpair[m[K(const pair&) = default;    ///< Copy constructor
[11.951s]       |                 [01;36m[K^~~~[m[K
[11.951s] [01m[K/usr/include/c++/11/bits/stl_pair.h:314:17:[m[K [01;36m[Knote: [m[K  candidate expects 1 argument, 2 provided
[11.951s] [01m[K/usr/include/c++/11/bits/stl_pair.h:381:28:[m[K [01;36m[Knote: [m[Kcandidate: ‘[01m[Ktemplate<class _U1, class _U2, typename std::enable_if<(std::_PCC<((! std::is_same<rs2_stream, _U1>::value) || (! std::is_same<int, _U2>::value)), rs2_stream, int>::_MoveConstructiblePair<_U1, _U2>() && (! std::_PCC<((! std::is_same<rs2_stream, _U1>::value) || (! std::is_same<int, _U2>::value)), rs2_stream, int>::_ImplicitlyMoveConvertiblePair<_U1, _U2>())), bool>::type <anonymous> > constexpr std::pair<_T1, _T2>::pair(std::pair<_U1, _U2>&&) [with _U1 = _U1; _U2 = _U2; typename std::enable_if<(std::_PCC<((! std::is_same<_T1, _U1>::value) || (! std::is_same<_T2, _U2>::value)), _T1, _T2>::_MoveConstructiblePair<_U1, _U2>() && (! std::_PCC<((! std::is_same<_T1, _U1>::value) || (! std::is_same<_T2, _U2>::value)), _T1, _T2>::_ImplicitlyMoveConvertiblePair<_U1, _U2>())), bool>::type <anonymous> = <anonymous>; _T1 = rs2_stream; _T2 = int][m[K’
[11.951s]   381 |         explicit constexpr [01;36m[Kpair[m[K(pair<_U1, _U2>&& __p)
[11.951s]       |                            [01;36m[K^~~~[m[K
[11.951s] [01m[K/usr/include/c++/11/bits/stl_pair.h:381:28:[m[K [01;36m[Knote: [m[K  template argument deduction/substitution failed:
[11.951s] [01m[K/usr/include/c++/11/bits/stl_pair.h:371:19:[m[K [01;36m[Knote: [m[Kcandidate: ‘[01m[Ktemplate<class _U1, class _U2, typename std::enable_if<(std::_PCC<((! std::is_same<rs2_stream, _U1>::value) || (! std::is_same<int, _U2>::value)), rs2_stream, int>::_MoveConstructiblePair<_U1, _U2>() && std::_PCC<((! std::is_same<rs2_stream, _U1>::value) || (! std::is_same<int, _U2>::value)), rs2_stream, int>::_ImplicitlyMoveConvertiblePair<_U1, _U2>()), bool>::type <anonymous> > constexpr std::pair<_T1, _T2>::pair(std::pair<_U1, _U2>&&) [with _U1 = _U1; _U2 = _U2; typename std::enable_if<(std::_PCC<((! std::is_same<_T1, _U1>::value) || (! std::is_same<_T2, _U2>::value)), _T1, _T2>::_MoveConstructiblePair<_U1, _U2>() && std::_PCC<((! std::is_same<_T1, _U1>::value) || (! std::is_same<_T2, _U2>::value)), _T1, _T2>::_ImplicitlyMoveConvertiblePair<_U1, _U2>()), bool>::type <anonymous> = <anonymous>; _T1 = rs2_stream; _T2 = int][m[K’
[11.952s]   371 |         constexpr [01;36m[Kpair[m[K(pair<_U1, _U2>&& __p)
[11.952s]       |                   [01;36m[K^~~~[m[K
[11.952s] [01m[K/usr/include/c++/11/bits/stl_pair.h:371:19:[m[K [01;36m[Knote: [m[K  template argument deduction/substitution failed:
[11.952s] [01m[K/usr/include/c++/11/bits/stl_pair.h:361:28:[m[K [01;36m[Knote: [m[Kcandidate: ‘[01m[Ktemplate<class _U1, class _U2, typename std::enable_if<(_MoveConstructiblePair<_U1, _U2>() && (! _ImplicitlyMoveConvertiblePair<_U1, _U2>())), bool>::type <anonymous> > constexpr std::pair<_T1, _T2>::pair(_U1&&, _U2&&) [with _U1 = _U1; _U2 = _U2; typename std::enable_if<(std::_PCC<true, _T1, _T2>::_MoveConstructiblePair<_U1, _U2>() && (! std::_PCC<true, _T1, _T2>::_ImplicitlyMoveConvertiblePair<_U1, _U2>())), bool>::type <anonymous> = <anonymous>; _T1 = rs2_stream; _T2 = int][m[K’
[11.952s]   361 |         explicit constexpr [01;36m[Kpair[m[K(_U1&& __x, _U2&& __y)
[11.952s]       |                            [01;36m[K^~~~[m[K
[11.952s] [01m[K/usr/include/c++/11/bits/stl_pair.h:361:28:[m[K [01;36m[Knote: [m[K  template argument deduction/substitution failed:
[11.952s] [01m[K/usr/include/c++/11/bits/stl_pair.h:352:19:[m[K [01;36m[Knote: [m[Kcandidate: ‘[01m[Ktemplate<class _U1, class _U2, typename std::enable_if<(_MoveConstructiblePair<_U1, _U2>() && _ImplicitlyMoveConvertiblePair<_U1, _U2>()), bool>::type <anonymous> > constexpr std::pair<_T1, _T2>::pair(_U1&&, _U2&&) [with _U1 = _U1; _U2 = _U2; typename std::enable_if<(std::_PCC<true, _T1, _T2>::_MoveConstructiblePair<_U1, _U2>() && std::_PCC<true, _T1, _T2>::_ImplicitlyMoveConvertiblePair<_U1, _U2>()), bool>::type <anonymous> = <anonymous>; _T1 = rs2_stream; _T2 = int][m[K’
[11.952s]   352 |         constexpr [01;36m[Kpair[m[K(_U1&& __x, _U2&& __y)
[11.952s]       |                   [01;36m[K^~~~[m[K
[11.952s] [01m[K/usr/include/c++/11/bits/stl_pair.h:352:19:[m[K [01;36m[Knote: [m[K  template argument deduction/substitution failed:
[11.952s] [01m[K/usr/include/c++/11/bits/stl_pair.h:343:17:[m[K [01;36m[Knote: [m[Kcandidate: ‘[01m[Ktemplate<class _U2, typename std::enable_if<_CopyMovePair<false, rs2_stream, _U2>(), bool>::type <anonymous> > std::pair<_T1, _T2>::pair(const _T1&, _U2&&) [with _U2 = _U2; typename std::enable_if<std::_PCC<true, _T1, _T2>::_CopyMovePair<false, _T1, _U2>(), bool>::type <anonymous> = <anonymous>; _T1 = rs2_stream; _T2 = int][m[K’
[11.952s]   343 |        explicit [01;36m[Kpair[m[K(const _T1& __x, _U2&& __y)
[11.952s]       |                 [01;36m[K^~~~[m[K
[11.952s] [01m[K/usr/include/c++/11/bits/stl_pair.h:343:17:[m[K [01;36m[Knote: [m[K  template argument deduction/substitution failed:
[11.952s] [01m[K/usr/include/c++/11/bits/stl_pair.h:336:18:[m[K [01;36m[Knote: [m[Kcandidate: ‘[01m[Ktemplate<class _U2, typename std::enable_if<_CopyMovePair<true, rs2_stream, _U2>(), bool>::type <anonymous> > constexpr std::pair<_T1, _T2>::pair(const _T1&, _U2&&) [with _U2 = _U2; typename std::enable_if<std::_PCC<true, _T1, _T2>::_CopyMovePair<true, _T1, _U2>(), bool>::type <anonymous> = <anonymous>; _T1 = rs2_stream; _T2 = int][m[K’
[11.952s]   336 |        constexpr [01;36m[Kpair[m[K(const _T1& __x, _U2&& __y)
[11.953s]       |                  [01;36m[K^~~~[m[K
[11.953s] [01m[K/usr/include/c++/11/bits/stl_pair.h:336:18:[m[K [01;36m[Knote: [m[K  template argument deduction/substitution failed:
[11.953s] [01m[K/usr/include/c++/11/bits/stl_pair.h:329:27:[m[K [01;36m[Knote: [m[Kcandidate: ‘[01m[Ktemplate<class _U1, typename std::enable_if<_MoveCopyPair<false, _U1, int>(), bool>::type <anonymous> > constexpr std::pair<_T1, _T2>::pair(_U1&&, const _T2&) [with _U1 = _U1; typename std::enable_if<std::_PCC<true, _T1, _T2>::_MoveCopyPair<false, _U1, _T2>(), bool>::type <anonymous> = <anonymous>; _T1 = rs2_stream; _T2 = int][m[K’
[11.953s]   329 |        explicit constexpr [01;36m[Kpair[m[K(_U1&& __x, const _T2& __y)
[11.953s]       |                           [01;36m[K^~~~[m[K
[11.953s] [01m[K/usr/include/c++/11/bits/stl_pair.h:329:27:[m[K [01;36m[Knote: [m[K  template argument deduction/substitution failed:
[11.953s] [01m[K/usr/include/c++/11/bits/stl_pair.h:322:18:[m[K [01;36m[Knote: [m[Kcandidate: ‘[01m[Ktemplate<class _U1, typename std::enable_if<_MoveCopyPair<true, _U1, int>(), bool>::type <anonymous> > constexpr std::pair<_T1, _T2>::pair(_U1&&, const _T2&) [with _U1 = _U1; typename std::enable_if<std::_PCC<true, _T1, _T2>::_MoveCopyPair<true, _U1, _T2>(), bool>::type <anonymous> = <anonymous>; _T1 = rs2_stream; _T2 = int][m[K’
[11.953s]   322 |        constexpr [01;36m[Kpair[m[K(_U1&& __x, const _T2& __y)
[11.953s]       |                  [01;36m[K^~~~[m[K
[11.953s] [01m[K/usr/include/c++/11/bits/stl_pair.h:322:18:[m[K [01;36m[Knote: [m[K  template argument deduction/substitution failed:
[11.953s] [01m[K/usr/include/c++/11/bits/stl_pair.h:309:28:[m[K [01;36m[Knote: [m[Kcandidate: ‘[01m[Ktemplate<class _U1, class _U2, typename std::enable_if<(std::_PCC<((! std::is_same<rs2_stream, _U1>::value) || (! std::is_same<int, _U2>::value)), rs2_stream, int>::_ConstructiblePair<_U1, _U2>() && (! std::_PCC<((! std::is_same<rs2_stream, _U1>::value) || (! std::is_same<int, _U2>::value)), rs2_stream, int>::_ImplicitlyConvertiblePair<_U1, _U2>())), bool>::type <anonymous> > constexpr std::pair<_T1, _T2>::pair(const std::pair<_U1, _U2>&) [with _U1 = _U1; _U2 = _U2; typename std::enable_if<(std::_PCC<((! std::is_same<_T1, _U1>::value) || (! std::is_same<_T2, _U2>::value)), _T1, _T2>::_ConstructiblePair<_U1, _U2>() && (! std::_PCC<((! std::is_same<_T1, _U1>::value) || (! std::is_same<_T2, _U2>::value)), _T1, _T2>::_ImplicitlyConvertiblePair<_U1, _U2>())), bool>::type <anonymous> = <anonymous>; _T1 = rs2_stream; _T2 = int][m[K’
[11.953s]   309 |         explicit constexpr [01;36m[Kpair[m[K(const pair<_U1, _U2>& __p)
[11.953s]       |                            [01;36m[K^~~~[m[K
[11.953s] [01m[K/usr/include/c++/11/bits/stl_pair.h:309:28:[m[K [01;36m[Knote: [m[K  template argument deduction/substitution failed:
[11.953s] [01m[K/usr/include/c++/11/bits/stl_pair.h:300:19:[m[K [01;36m[Knote: [m[Kcandidate: ‘[01m[Ktemplate<class _U1, class _U2, typename std::enable_if<(std::_PCC<((! std::is_same<rs2_stream, _U1>::value) || (! std::is_same<int, _U2>::value)), rs2_stream, int>::_ConstructiblePair<_U1, _U2>() && std::_PCC<((! std::is_same<rs2_stream, _U1>::value) || (! std::is_same<int, _U2>::value)), rs2_stream, int>::_ImplicitlyConvertiblePair<_U1, _U2>()), bool>::type <anonymous> > constexpr std::pair<_T1, _T2>::pair(const std::pair<_U1, _U2>&) [with _U1 = _U1; _U2 = _U2; typename std::enable_if<(std::_PCC<((! std::is_same<_T1, _U1>::value) || (! std::is_same<_T2, _U2>::value)), _T1, _T2>::_ConstructiblePair<_U1, _U2>() && std::_PCC<((! std::is_same<_T1, _U1>::value) || (! std::is_same<_T2, _U2>::value)), _T1, _T2>::_ImplicitlyConvertiblePair<_U1, _U2>()), bool>::type <anonymous> = <anonymous>; _T1 = rs2_stream; _T2 = int][m[K’
[11.953s]   300 |         constexpr [01;36m[Kpair[m[K(const pair<_U1, _U2>& __p)
[11.953s]       |                   [01;36m[K^~~~[m[K
[11.954s] [01m[K/usr/include/c++/11/bits/stl_pair.h:300:19:[m[K [01;36m[Knote: [m[K  template argument deduction/substitution failed:
[11.954s] [01m[K/usr/include/c++/11/bits/stl_pair.h:276:26:[m[K [01;36m[Knote: [m[Kcandidate: ‘[01m[Ktemplate<class _U1, class _U2, typename std::enable_if<(_ConstructiblePair<_U1, _U2>() && (! _ImplicitlyConvertiblePair<_U1, _U2>())), bool>::type <anonymous> > constexpr std::pair<_T1, _T2>::pair(const _T1&, const _T2&) [with _U1 = _U1; _U2 = _U2; typename std::enable_if<(std::_PCC<true, _T1, _T2>::_ConstructiblePair<_U1, _U2>() && (! std::_PCC<true, _T1, _T2>::_ImplicitlyConvertiblePair<_U1, _U2>())), bool>::type <anonymous> = <anonymous>; _T1 = rs2_stream; _T2 = int][m[K’
[11.954s]   276 |       explicit constexpr [01;36m[Kpair[m[K(const _T1& __a, const _T2& __b)
[11.954s]       |                          [01;36m[K^~~~[m[K
[11.954s] [01m[K/usr/include/c++/11/bits/stl_pair.h:276:26:[m[K [01;36m[Knote: [m[K  template argument deduction/substitution failed:
[11.954s] [01m[K/usr/include/c++/11/bits/stl_pair.h:266:17:[m[K [01;36m[Knote: [m[Kcandidate: ‘[01m[Ktemplate<class _U1, class _U2, typename std::enable_if<(_ConstructiblePair<_U1, _U2>() && _ImplicitlyConvertiblePair<_U1, _U2>()), bool>::type <anonymous> > constexpr std::pair<_T1, _T2>::pair(const _T1&, const _T2&) [with _U1 = _U1; _U2 = _U2; typename std::enable_if<(std::_PCC<true, _T1, _T2>::_ConstructiblePair<_U1, _U2>() && std::_PCC<true, _T1, _T2>::_ImplicitlyConvertiblePair<_U1, _U2>()), bool>::type <anonymous> = <anonymous>; _T1 = rs2_stream; _T2 = int][m[K’
[11.954s]   266 |       constexpr [01;36m[Kpair[m[K(const _T1& __a, const _T2& __b)
[11.954s]       |                 [01;36m[K^~~~[m[K
[11.954s] [01m[K/usr/include/c++/11/bits/stl_pair.h:266:17:[m[K [01;36m[Knote: [m[K  template argument deduction/substitution failed:
[11.954s] [01m[K/usr/include/c++/11/bits/stl_pair.h:245:26:[m[K [01;36m[Knote: [m[Kcandidate: ‘[01m[Ktemplate<class _U1, class _U2, typename std::enable_if<std::__and_<std::is_default_constructible<_U1>, std::is_default_constructible<_Dp>, std::__not_<std::__and_<std::__is_implicitly_default_constructible<_U1>, std::__is_implicitly_default_constructible<_U2> > > >::value, bool>::type <anonymous> > constexpr std::pair<_T1, _T2>::pair() [with _U1 = _U1; _U2 = _U2; typename std::enable_if<std::__and_<std::is_default_constructible<_U1>, std::is_default_constructible<_U2>, std::__not_<std::__and_<std::__is_implicitly_default_constructible<_U1>, std::__is_implicitly_default_constructible<_U2> > > >::value, bool>::type <anonymous> = <anonymous>; _T1 = rs2_stream; _T2 = int][m[K’
[11.954s]   245 |       explicit constexpr [01;36m[Kpair[m[K()
[11.954s]       |                          [01;36m[K^~~~[m[K
[11.954s] [01m[K/usr/include/c++/11/bits/stl_pair.h:245:26:[m[K [01;36m[Knote: [m[K  template argument deduction/substitution failed:
[11.954s] In file included from [01m[K/home/brace/codeSpace/navi/src/realsense-ros/realsense2_camera/include/dynamic_params.h:16[m[K,
[11.954s]                  from [01m[K/home/brace/codeSpace/navi/src/realsense-ros/realsense2_camera/include/sensor_params.h:18[m[K,
[11.954s]                  from [01m[K/home/brace/codeSpace/navi/src/realsense-ros/realsense2_camera/include/profile_manager.h:18[m[K,
[11.954s]                  from [01m[K/home/brace/codeSpace/navi/src/realsense-ros/realsense2_camera/src/profile_manager.cpp:15[m[K:
[11.955s] [01m[K/home/brace/codeSpace/navi/src/realsense-ros/realsense2_camera/include/ros_utils.h:37:82:[m[K [01;36m[Knote: [m[K  candidate expects 0 arguments, 2 provided
[11.955s]    37 |     const stream_index_pair LABELED_POINT_CLOUD{RS2_STREAM_LABELED_POINT_CLOUD, 0[01;36m[K}[m[K;
[11.955s]       |                                                                                  [01;36m[K^[m[K
[11.955s] In file included from [01m[K/usr/include/c++/11/bits/stl_algobase.h:64[m[K,
[11.955s]                  from [01m[K/usr/include/c++/11/bits/specfun.h:45[m[K,
[11.955s]                  from [01m[K/usr/include/c++/11/cmath:1935[m[K,
[11.955s]                  from [01m[K/usr/include/c++/11/math.h:36[m[K,
[11.955s]                  from [01m[K/opt/ros/humble/include/librealsense2/rsutil.h:10[m[K,
[11.955s]                  from [01m[K/opt/ros/humble/include/librealsense2/rs.h:16[m[K,
[11.955s]                  from [01m[K/opt/ros/humble/include/librealsense2/rs.hpp:7[m[K,
[11.955s]                  from [01m[K/home/brace/codeSpace/navi/src/realsense-ros/realsense2_camera/include/profile_manager.h:17[m[K,
[11.955s]                  from [01m[K/home/brace/codeSpace/navi/src/realsense-ros/realsense2_camera/src/profile_manager.cpp:15[m[K:
[11.955s] [01m[K/usr/include/c++/11/bits/stl_pair.h:232:26:[m[K [01;36m[Knote: [m[Kcandidate: ‘[01m[Ktemplate<class _U1, class _U2, typename std::enable_if<std::__and_<std::__is_implicitly_default_constructible<_U1>, std::__is_implicitly_default_constructible<_U2> >::value, bool>::type <anonymous> > constexpr std::pair<_T1, _T2>::pair() [with _U1 = _U1; _U2 = _U2; typename std::enable_if<std::__and_<std::__is_implicitly_default_constructible<_U1>, std::__is_implicitly_default_constructible<_U2> >::value, bool>::type <anonymous> = <anonymous>; _T1 = rs2_stream; _T2 = int][m[K’
[11.955s]   232 |       _GLIBCXX_CONSTEXPR [01;36m[Kpair[m[K()
[11.955s]       |                          [01;36m[K^~~~[m[K
[11.955s] [01m[K/usr/include/c++/11/bits/stl_pair.h:232:26:[m[K [01;36m[Knote: [m[K  template argument deduction/substitution failed:
[11.956s] In file included from [01m[K/home/brace/codeSpace/navi/src/realsense-ros/realsense2_camera/include/dynamic_params.h:16[m[K,
[11.956s]                  from [01m[K/home/brace/codeSpace/navi/src/realsense-ros/realsense2_camera/include/sensor_params.h:18[m[K,
[11.956s]                  from [01m[K/home/brace/codeSpace/navi/src/realsense-ros/realsense2_camera/include/profile_manager.h:18[m[K,
[11.956s]                  from [01m[K/home/brace/codeSpace/navi/src/realsense-ros/realsense2_camera/src/profile_manager.cpp:15[m[K:
[11.956s] [01m[K/home/brace/codeSpace/navi/src/realsense-ros/realsense2_camera/include/ros_utils.h:37:82:[m[K [01;36m[Knote: [m[K  candidate expects 0 arguments, 2 provided
[11.956s]    37 |     const stream_index_pair LABELED_POINT_CLOUD{RS2_STREAM_LABELED_POINT_CLOUD, 0[01;36m[K}[m[K;
[11.956s]       |                                                                                  [01;36m[K^[m[K
[11.956s] In file included from [01m[K/usr/include/c++/11/bits/stl_algobase.h:64[m[K,
[11.956s]                  from [01m[K/usr/include/c++/11/bits/specfun.h:45[m[K,
[11.956s]                  from [01m[K/usr/include/c++/11/cmath:1935[m[K,
[11.956s]                  from [01m[K/usr/include/c++/11/math.h:36[m[K,
[11.956s]                  from [01m[K/opt/ros/humble/include/librealsense2/rsutil.h:10[m[K,
[11.957s]                  from [01m[K/opt/ros/humble/include/librealsense2/rs.h:16[m[K,
[11.957s]                  from [01m[K/opt/ros/humble/include/librealsense2/rs.hpp:7[m[K,
[11.957s]                  from [01m[K/home/brace/codeSpace/navi/src/realsense-ros/realsense2_camera/include/profile_manager.h:17[m[K,
[11.957s]                  from [01m[K/home/brace/codeSpace/navi/src/realsense-ros/realsense2_camera/src/profile_manager.cpp:15[m[K:
[11.957s] [01m[K/usr/include/c++/11/bits/stl_pair.h:315:17:[m[K [01;36m[Knote: [m[Kcandidate: ‘[01m[Kconstexpr std::pair<_T1, _T2>::pair(std::pair<_T1, _T2>&&) [with _T1 = rs2_stream; _T2 = int][m[K’
[11.957s]   315 |       constexpr [01;36m[Kpair[m[K(pair&&) = default;         ///< Move constructor
[11.957s]       |                 [01;36m[K^~~~[m[K
[11.957s] [01m[K/usr/include/c++/11/bits/stl_pair.h:315:17:[m[K [01;36m[Knote: [m[K  candidate expects 1 argument, 2 provided
[11.957s] [01m[K/usr/include/c++/11/bits/stl_pair.h:314:17:[m[K [01;36m[Knote: [m[Kcandidate: ‘[01m[Kconstexpr std::pair<_T1, _T2>::pair(const std::pair<_T1, _T2>&) [with _T1 = rs2_stream; _T2 = int][m[K’
[11.957s]   314 |       constexpr [01;36m[Kpair[m[K(const pair&) = default;    ///< Copy constructor
[11.957s]       |                 [01;36m[K^~~~[m[K
[11.957s] [01m[K/usr/include/c++/11/bits/stl_pair.h:314:17:[m[K [01;36m[Knote: [m[K  candidate expects 1 argument, 2 provided
[11.957s] In file included from [01m[K/home/brace/codeSpace/navi/src/realsense-ros/realsense2_camera/include/dynamic_params.h:16[m[K,
[11.958s]                  from [01m[K/home/brace/codeSpace/navi/src/realsense-ros/realsense2_camera/include/sensor_params.h:18[m[K,
[11.958s]                  from [01m[K/home/brace/codeSpace/navi/src/realsense-ros/realsense2_camera/include/profile_manager.h:18[m[K,
[11.958s]                  from [01m[K/home/brace/codeSpace/navi/src/realsense-ros/realsense2_camera/src/profile_manager.cpp:15[m[K:
[11.958s] [01m[K/home/brace/codeSpace/navi/src/realsense-ros/realsense2_camera/include/ros_utils.h:38:39:[m[K [01;31m[Kerror: [m[K‘[01m[KRS2_STREAM_OCCUPANCY[m[K’ was not declared in this scope; did you mean ‘[01m[KRS2_STREAM_COUNT[m[K’?
[11.958s]    38 |     const stream_index_pair OCCUPANCY{[01;31m[KRS2_STREAM_OCCUPANCY[m[K, 0};
[11.958s]       |                                       [01;31m[K^~~~~~~~~~~~~~~~~~~~[m[K
[11.961s]       |                                       [32m[KRS2_STREAM_COUNT[m[K
[11.961s] [01m[K/home/brace/codeSpace/navi/src/realsense-ros/realsense2_camera/include/ros_utils.h:38:62:[m[K [01;31m[Kerror: [m[Kno matching function for call to ‘[01m[Kstd::pair<rs2_stream, int>::pair(<brace-enclosed initializer list>)[m[K’
[11.961s]    38 |     const stream_index_pair OCCUPANCY{RS2_STREAM_OCCUPANCY, 0[01;31m[K}[m[K;
[11.962s]       |                                                              [01;31m[K^[m[K
[11.962s] In file included from [01m[K/usr/include/c++/11/bits/stl_algobase.h:64[m[K,
[11.962s]                  from [01m[K/usr/include/c++/11/bits/specfun.h:45[m[K,
[11.962s]                  from [01m[K/usr/include/c++/11/cmath:1935[m[K,
[11.962s]                  from [01m[K/usr/include/c++/11/math.h:36[m[K,
[11.962s]                  from [01m[K/opt/ros/humble/include/librealsense2/rsutil.h:10[m[K,
[11.962s]                  from [01m[K/opt/ros/humble/include/librealsense2/rs.h:16[m[K,
[11.962s]                  from [01m[K/opt/ros/humble/include/librealsense2/rs.hpp:7[m[K,
[11.962s]                  from [01m[K/home/brace/codeSpace/navi/src/realsense-ros/realsense2_camera/include/profile_manager.h:17[m[K,
[11.962s]                  from [01m[K/home/brace/codeSpace/navi/src/realsense-ros/realsense2_camera/src/profile_manager.cpp:15[m[K:
[11.962s] [01m[K/usr/include/c++/11/bits/stl_pair.h:452:9:[m[K [01;36m[Knote: [m[Kcandidate: ‘[01m[Ktemplate<class ... _Args1, long unsigned int ..._Indexes1, class ... _Args2, long unsigned int ..._Indexes2> std::pair<_T1, _T2>::pair(std::tuple<_Args1 ...>&, std::tuple<_Args2 ...>&, std::_Index_tuple<_Indexes1 ...>, std::_Index_tuple<_Indexes2 ...>) [with _Args1 = {_Args1 ...}; long unsigned int ..._Indexes1 = {_Indexes1 ...}; _Args2 = {_Args2 ...}; long unsigned int ..._Indexes2 = {_Indexes2 ...}; _T1 = rs2_stream; _T2 = int][m[K’
[11.962s]   452 |         [01;36m[Kpair[m[K(tuple<_Args1...>&, tuple<_Args2...>&,
[11.962s]       |         [01;36m[K^~~~[m[K
[11.963s] [01m[K/usr/include/c++/11/bits/stl_pair.h:452:9:[m[K [01;36m[Knote: [m[K  template argument deduction/substitution failed:
[11.963s] [01m[K/usr/include/c++/11/bits/stl_pair.h:387:9:[m[K [01;36m[Knote: [m[Kcandidate: ‘[01m[Ktemplate<class ... _Args1, class ... _Args2> std::pair<_T1, _T2>::pair(std::piecewise_construct_t, std::tuple<_Args1 ...>, std::tuple<_Args2 ...>) [with _Args1 = {_Args1 ...}; _Args2 = {_Args2 ...}; _T1 = rs2_stream; _T2 = int][m[K’
[11.963s]   387 |         [01;36m[Kpair[m[K(piecewise_construct_t, tuple<_Args1...>, tuple<_Args2...>);
[11.963s]       |         [01;36m[K^~~~[m[K
[11.963s] [01m[K/usr/include/c++/11/bits/stl_pair.h:387:9:[m[K [01;36m[Knote: [m[K  template argument deduction/substitution failed:
[11.963s] [01m[K/usr/include/c++/11/bits/stl_pair.h:381:28:[m[K [01;36m[Knote: [m[Kcandidate: ‘[01m[Ktemplate<class _U1, class _U2, typename std::enable_if<(std::_PCC<((! std::is_same<rs2_stream, _U1>::value) || (! std::is_same<int, _U2>::value)), rs2_stream, int>::_MoveConstructiblePair<_U1, _U2>() && (! std::_PCC<((! std::is_same<rs2_stream, _U1>::value) || (! std::is_same<int, _U2>::value)), rs2_stream, int>::_ImplicitlyMoveConvertiblePair<_U1, _U2>())), bool>::type <anonymous> > constexpr std::pair<_T1, _T2>::pair(std::pair<_U1, _U2>&&) [with _U1 = _U1; _U2 = _U2; typename std::enable_if<(std::_PCC<((! std::is_same<_T1, _U1>::value) || (! std::is_same<_T2, _U2>::value)), _T1, _T2>::_MoveConstructiblePair<_U1, _U2>() && (! std::_PCC<((! std::is_same<_T1, _U1>::value) || (! std::is_same<_T2, _U2>::value)), _T1, _T2>::_ImplicitlyMoveConvertiblePair<_U1, _U2>())), bool>::type <anonymous> = <anonymous>; _T1 = rs2_stream; _T2 = int][m[K’
[11.963s]   381 |         explicit constexpr [01;36m[Kpair[m[K(pair<_U1, _U2>&& __p)
[11.963s]       |                            [01;36m[K^~~~[m[K
[11.963s] [01m[K/usr/include/c++/11/bits/stl_pair.h:381:28:[m[K [01;36m[Knote: [m[K  template argument deduction/substitution failed:
[11.963s] [01m[K/usr/include/c++/11/bits/stl_pair.h:371:19:[m[K [01;36m[Knote: [m[Kcandidate: ‘[01m[Ktemplate<class _U1, class _U2, typename std::enable_if<(std::_PCC<((! std::is_same<rs2_stream, _U1>::value) || (! std::is_same<int, _U2>::value)), rs2_stream, int>::_MoveConstructiblePair<_U1, _U2>() && std::_PCC<((! std::is_same<rs2_stream, _U1>::value) || (! std::is_same<int, _U2>::value)), rs2_stream, int>::_ImplicitlyMoveConvertiblePair<_U1, _U2>()), bool>::type <anonymous> > constexpr std::pair<_T1, _T2>::pair(std::pair<_U1, _U2>&&) [with _U1 = _U1; _U2 = _U2; typename std::enable_if<(std::_PCC<((! std::is_same<_T1, _U1>::value) || (! std::is_same<_T2, _U2>::value)), _T1, _T2>::_MoveConstructiblePair<_U1, _U2>() && std::_PCC<((! std::is_same<_T1, _U1>::value) || (! std::is_same<_T2, _U2>::value)), _T1, _T2>::_ImplicitlyMoveConvertiblePair<_U1, _U2>()), bool>::type <anonymous> = <anonymous>; _T1 = rs2_stream; _T2 = int][m[K’
[11.963s]   371 |         constexpr [01;36m[Kpair[m[K(pair<_U1, _U2>&& __p)
[11.963s]       |                   [01;36m[K^~~~[m[K
[11.963s] [01m[K/usr/include/c++/11/bits/stl_pair.h:371:19:[m[K [01;36m[Knote: [m[K  template argument deduction/substitution failed:
[11.964s] [01m[K/usr/include/c++/11/bits/stl_pair.h:361:28:[m[K [01;36m[Knote: [m[Kcandidate: ‘[01m[Ktemplate<class _U1, class _U2, typename std::enable_if<(_MoveConstructiblePair<_U1, _U2>() && (! _ImplicitlyMoveConvertiblePair<_U1, _U2>())), bool>::type <anonymous> > constexpr std::pair<_T1, _T2>::pair(_U1&&, _U2&&) [with _U1 = _U1; _U2 = _U2; typename std::enable_if<(std::_PCC<true, _T1, _T2>::_MoveConstructiblePair<_U1, _U2>() && (! std::_PCC<true, _T1, _T2>::_ImplicitlyMoveConvertiblePair<_U1, _U2>())), bool>::type <anonymous> = <anonymous>; _T1 = rs2_stream; _T2 = int][m[K’
[11.964s]   361 |         explicit constexpr [01;36m[Kpair[m[K(_U1&& __x, _U2&& __y)
[11.964s]       |                            [01;36m[K^~~~[m[K
[11.964s] [01m[K/usr/include/c++/11/bits/stl_pair.h:361:28:[m[K [01;36m[Knote: [m[K  template argument deduction/substitution failed:
[11.964s] [01m[K/usr/include/c++/11/bits/stl_pair.h:352:19:[m[K [01;36m[Knote: [m[Kcandidate: ‘[01m[Ktemplate<class _U1, class _U2, typename std::enable_if<(_MoveConstructiblePair<_U1, _U2>() && _ImplicitlyMoveConvertiblePair<_U1, _U2>()), bool>::type <anonymous> > constexpr std::pair<_T1, _T2>::pair(_U1&&, _U2&&) [with _U1 = _U1; _U2 = _U2; typename std::enable_if<(std::_PCC<true, _T1, _T2>::_MoveConstructiblePair<_U1, _U2>() && std::_PCC<true, _T1, _T2>::_ImplicitlyMoveConvertiblePair<_U1, _U2>()), bool>::type <anonymous> = <anonymous>; _T1 = rs2_stream; _T2 = int][m[K’
[11.964s]   352 |         constexpr [01;36m[Kpair[m[K(_U1&& __x, _U2&& __y)
[11.964s]       |                   [01;36m[K^~~~[m[K
[11.964s] [01m[K/usr/include/c++/11/bits/stl_pair.h:352:19:[m[K [01;36m[Knote: [m[K  template argument deduction/substitution failed:
[11.965s] [01m[K/usr/include/c++/11/bits/stl_pair.h:343:17:[m[K [01;36m[Knote: [m[Kcandidate: ‘[01m[Ktemplate<class _U2, typename std::enable_if<_CopyMovePair<false, rs2_stream, _U2>(), bool>::type <anonymous> > std::pair<_T1, _T2>::pair(const _T1&, _U2&&) [with _U2 = _U2; typename std::enable_if<std::_PCC<true, _T1, _T2>::_CopyMovePair<false, _T1, _U2>(), bool>::type <anonymous> = <anonymous>; _T1 = rs2_stream; _T2 = int][m[K’
[11.965s]   343 |        explicit [01;36m[Kpair[m[K(const _T1& __x, _U2&& __y)
[11.965s]       |                 [01;36m[K^~~~[m[K
[11.965s] [01m[K/usr/include/c++/11/bits/stl_pair.h:343:17:[m[K [01;36m[Knote: [m[K  template argument deduction/substitution failed:
[11.965s] [01m[K/usr/include/c++/11/bits/stl_pair.h:336:18:[m[K [01;36m[Knote: [m[Kcandidate: ‘[01m[Ktemplate<class _U2, typename std::enable_if<_CopyMovePair<true, rs2_stream, _U2>(), bool>::type <anonymous> > constexpr std::pair<_T1, _T2>::pair(const _T1&, _U2&&) [with _U2 = _U2; typename std::enable_if<std::_PCC<true, _T1, _T2>::_CopyMovePair<true, _T1, _U2>(), bool>::type <anonymous> = <anonymous>; _T1 = rs2_stream; _T2 = int][m[K’
[11.965s]   336 |        constexpr [01;36m[Kpair[m[K(const _T1& __x, _U2&& __y)
[11.965s]       |                  [01;36m[K^~~~[m[K
[11.965s] [01m[K/usr/include/c++/11/bits/stl_pair.h:336:18:[m[K [01;36m[Knote: [m[K  template argument deduction/substitution failed:
[11.965s] [01m[K/usr/include/c++/11/bits/stl_pair.h:329:27:[m[K [01;36m[Knote: [m[Kcandidate: ‘[01m[Ktemplate<class _U1, typename std::enable_if<_MoveCopyPair<false, _U1, int>(), bool>::type <anonymous> > constexpr std::pair<_T1, _T2>::pair(_U1&&, const _T2&) [with _U1 = _U1; typename std::enable_if<std::_PCC<true, _T1, _T2>::_MoveCopyPair<false, _U1, _T2>(), bool>::type <anonymous> = <anonymous>; _T1 = rs2_stream; _T2 = int][m[K’
[11.965s]   329 |        explicit constexpr [01;36m[Kpair[m[K(_U1&& __x, const _T2& __y)
[11.965s]       |                           [01;36m[K^~~~[m[K
[11.965s] [01m[K/usr/include/c++/11/bits/stl_pair.h:329:27:[m[K [01;36m[Knote: [m[K  template argument deduction/substitution failed:
[11.965s] [01m[K/usr/include/c++/11/bits/stl_pair.h:322:18:[m[K [01;36m[Knote: [m[Kcandidate: ‘[01m[Ktemplate<class _U1, typename std::enable_if<_MoveCopyPair<true, _U1, int>(), bool>::type <anonymous> > constexpr std::pair<_T1, _T2>::pair(_U1&&, const _T2&) [with _U1 = _U1; typename std::enable_if<std::_PCC<true, _T1, _T2>::_MoveCopyPair<true, _U1, _T2>(), bool>::type <anonymous> = <anonymous>; _T1 = rs2_stream; _T2 = int][m[K’
[11.965s]   322 |        constexpr [01;36m[Kpair[m[K(_U1&& __x, const _T2& __y)
[11.966s]       |                  [01;36m[K^~~~[m[K
[11.966s] [01m[K/usr/include/c++/11/bits/stl_pair.h:322:18:[m[K [01;36m[Knote: [m[K  template argument deduction/substitution failed:
[11.966s] [01m[K/usr/include/c++/11/bits/stl_pair.h:309:28:[m[K [01;36m[Knote: [m[Kcandidate: ‘[01m[Ktemplate<class _U1, class _U2, typename std::enable_if<(std::_PCC<((! std::is_same<rs2_stream, _U1>::value) || (! std::is_same<int, _U2>::value)), rs2_stream, int>::_ConstructiblePair<_U1, _U2>() && (! std::_PCC<((! std::is_same<rs2_stream, _U1>::value) || (! std::is_same<int, _U2>::value)), rs2_stream, int>::_ImplicitlyConvertiblePair<_U1, _U2>())), bool>::type <anonymous> > constexpr std::pair<_T1, _T2>::pair(const std::pair<_U1, _U2>&) [with _U1 = _U1; _U2 = _U2; typename std::enable_if<(std::_PCC<((! std::is_same<_T1, _U1>::value) || (! std::is_same<_T2, _U2>::value)), _T1, _T2>::_ConstructiblePair<_U1, _U2>() && (! std::_PCC<((! std::is_same<_T1, _U1>::value) || (! std::is_same<_T2, _U2>::value)), _T1, _T2>::_ImplicitlyConvertiblePair<_U1, _U2>())), bool>::type <anonymous> = <anonymous>; _T1 = rs2_stream; _T2 = int][m[K’
[11.966s]   309 |         explicit constexpr [01;36m[Kpair[m[K(const pair<_U1, _U2>& __p)
[11.966s]       |                            [01;36m[K^~~~[m[K
[11.966s] [01m[K/usr/include/c++/11/bits/stl_pair.h:309:28:[m[K [01;36m[Knote: [m[K  template argument deduction/substitution failed:
[11.966s] [01m[K/usr/include/c++/11/bits/stl_pair.h:300:19:[m[K [01;36m[Knote: [m[Kcandidate: ‘[01m[Ktemplate<class _U1, class _U2, typename std::enable_if<(std::_PCC<((! std::is_same<rs2_stream, _U1>::value) || (! std::is_same<int, _U2>::value)), rs2_stream, int>::_ConstructiblePair<_U1, _U2>() && std::_PCC<((! std::is_same<rs2_stream, _U1>::value) || (! std::is_same<int, _U2>::value)), rs2_stream, int>::_ImplicitlyConvertiblePair<_U1, _U2>()), bool>::type <anonymous> > constexpr std::pair<_T1, _T2>::pair(const std::pair<_U1, _U2>&) [with _U1 = _U1; _U2 = _U2; typename std::enable_if<(std::_PCC<((! std::is_same<_T1, _U1>::value) || (! std::is_same<_T2, _U2>::value)), _T1, _T2>::_ConstructiblePair<_U1, _U2>() && std::_PCC<((! std::is_same<_T1, _U1>::value) || (! std::is_same<_T2, _U2>::value)), _T1, _T2>::_ImplicitlyConvertiblePair<_U1, _U2>()), bool>::type <anonymous> = <anonymous>; _T1 = rs2_stream; _T2 = int][m[K’
[11.966s]   300 |         constexpr [01;36m[Kpair[m[K(const pair<_U1, _U2>& __p)
[11.966s]       |                   [01;36m[K^~~~[m[K
[11.966s] [01m[K/usr/include/c++/11/bits/stl_pair.h:300:19:[m[K [01;36m[Knote: [m[K  template argument deduction/substitution failed:
[11.966s] [01m[K/usr/include/c++/11/bits/stl_pair.h:276:26:[m[K [01;36m[Knote: [m[Kcandidate: ‘[01m[Ktemplate<class _U1, class _U2, typename std::enable_if<(_ConstructiblePair<_U1, _U2>() && (! _ImplicitlyConvertiblePair<_U1, _U2>())), bool>::type <anonymous> > constexpr std::pair<_T1, _T2>::pair(const _T1&, const _T2&) [with _U1 = _U1; _U2 = _U2; typename std::enable_if<(std::_PCC<true, _T1, _T2>::_ConstructiblePair<_U1, _U2>() && (! std::_PCC<true, _T1, _T2>::_ImplicitlyConvertiblePair<_U1, _U2>())), bool>::type <anonymous> = <anonymous>; _T1 = rs2_stream; _T2 = int][m[K’
[11.966s]   276 |       explicit constexpr [01;36m[Kpair[m[K(const _T1& __a, const _T2& __b)
[11.966s]       |                          [01;36m[K^~~~[m[K
[11.966s] [01m[K/usr/include/c++/11/bits/stl_pair.h:276:26:[m[K [01;36m[Knote: [m[K  template argument deduction/substitution failed:
[11.967s] [01m[K/usr/include/c++/11/bits/stl_pair.h:266:17:[m[K [01;36m[Knote: [m[Kcandidate: ‘[01m[Ktemplate<class _U1, class _U2, typename std::enable_if<(_ConstructiblePair<_U1, _U2>() && _ImplicitlyConvertiblePair<_U1, _U2>()), bool>::type <anonymous> > constexpr std::pair<_T1, _T2>::pair(const _T1&, const _T2&) [with _U1 = _U1; _U2 = _U2; typename std::enable_if<(std::_PCC<true, _T1, _T2>::_ConstructiblePair<_U1, _U2>() && std::_PCC<true, _T1, _T2>::_ImplicitlyConvertiblePair<_U1, _U2>()), bool>::type <anonymous> = <anonymous>; _T1 = rs2_stream; _T2 = int][m[K’
[11.967s]   266 |       constexpr [01;36m[Kpair[m[K(const _T1& __a, const _T2& __b)
[11.967s]       |                 [01;36m[K^~~~[m[K
[11.967s] [01m[K/usr/include/c++/11/bits/stl_pair.h:266:17:[m[K [01;36m[Knote: [m[K  template argument deduction/substitution failed:
[11.967s] [01m[K/usr/include/c++/11/bits/stl_pair.h:245:26:[m[K [01;36m[Knote: [m[Kcandidate: ‘[01m[Ktemplate<class _U1, class _U2, typename std::enable_if<std::__and_<std::is_default_constructible<_U1>, std::is_default_constructible<_Dp>, std::__not_<std::__and_<std::__is_implicitly_default_constructible<_U1>, std::__is_implicitly_default_constructible<_U2> > > >::value, bool>::type <anonymous> > constexpr std::pair<_T1, _T2>::pair() [with _U1 = _U1; _U2 = _U2; typename std::enable_if<std::__and_<std::is_default_constructible<_U1>, std::is_default_constructible<_U2>, std::__not_<std::__and_<std::__is_implicitly_default_constructible<_U1>, std::__is_implicitly_default_constructible<_U2> > > >::value, bool>::type <anonymous> = <anonymous>; _T1 = rs2_stream; _T2 = int][m[K’
[11.967s]   245 |       explicit constexpr [01;36m[Kpair[m[K()
[11.967s]       |                          [01;36m[K^~~~[m[K
[11.967s] [01m[K/usr/include/c++/11/bits/stl_pair.h:245:26:[m[K [01;36m[Knote: [m[K  template argument deduction/substitution failed:
[11.967s] In file included from [01m[K/home/brace/codeSpace/navi/src/realsense-ros/realsense2_camera/include/dynamic_params.h:16[m[K,
[11.967s]                  from [01m[K/home/brace/codeSpace/navi/src/realsense-ros/realsense2_camera/include/sensor_params.h:18[m[K,
[11.967s]                  from [01m[K/home/brace/codeSpace/navi/src/realsense-ros/realsense2_camera/include/profile_manager.h:18[m[K,
[11.967s]                  from [01m[K/home/brace/codeSpace/navi/src/realsense-ros/realsense2_camera/src/profile_manager.cpp:15[m[K:
[11.967s] [01m[K/home/brace/codeSpace/navi/src/realsense-ros/realsense2_camera/include/ros_utils.h:38:62:[m[K [01;36m[Knote: [m[K  candidate expects 0 arguments, 2 provided
[11.967s]    38 |     const stream_index_pair OCCUPANCY{RS2_STREAM_OCCUPANCY, 0[01;36m[K}[m[K;
[11.968s]       |                                                              [01;36m[K^[m[K
[11.968s] In file included from [01m[K/usr/include/c++/11/bits/stl_algobase.h:64[m[K,
[11.968s]                  from [01m[K/usr/include/c++/11/bits/specfun.h:45[m[K,
[11.968s]                  from [01m[K/usr/include/c++/11/cmath:1935[m[K,
[11.968s]                  from [01m[K/usr/include/c++/11/math.h:36[m[K,
[11.968s]                  from [01m[K/opt/ros/humble/include/librealsense2/rsutil.h:10[m[K,
[11.968s]                  from [01m[K/opt/ros/humble/include/librealsense2/rs.h:16[m[K,
[11.968s]                  from [01m[K/opt/ros/humble/include/librealsense2/rs.hpp:7[m[K,
[11.968s]                  from [01m[K/home/brace/codeSpace/navi/src/realsense-ros/realsense2_camera/include/profile_manager.h:17[m[K,
[11.968s]                  from [01m[K/home/brace/codeSpace/navi/src/realsense-ros/realsense2_camera/src/profile_manager.cpp:15[m[K:
[11.968s] [01m[K/usr/include/c++/11/bits/stl_pair.h:232:26:[m[K [01;36m[Knote: [m[Kcandidate: ‘[01m[Ktemplate<class _U1, class _U2, typename std::enable_if<std::__and_<std::__is_implicitly_default_constructible<_U1>, std::__is_implicitly_default_constructible<_U2> >::value, bool>::type <anonymous> > constexpr std::pair<_T1, _T2>::pair() [with _U1 = _U1; _U2 = _U2; typename std::enable_if<std::__and_<std::__is_implicitly_default_constructible<_U1>, std::__is_implicitly_default_constructible<_U2> >::value, bool>::type <anonymous> = <anonymous>; _T1 = rs2_stream; _T2 = int][m[K’
[11.968s]   232 |       _GLIBCXX_CONSTEXPR [01;36m[Kpair[m[K()
[11.968s]       |                          [01;36m[K^~~~[m[K
[11.969s] [01m[K/usr/include/c++/11/bits/stl_pair.h:232:26:[m[K [01;36m[Knote: [m[K  template argument deduction/substitution failed:
[11.969s] In file included from [01m[K/home/brace/codeSpace/navi/src/realsense-ros/realsense2_camera/include/dynamic_params.h:16[m[K,
[11.969s]                  from [01m[K/home/brace/codeSpace/navi/src/realsense-ros/realsense2_camera/include/sensor_params.h:18[m[K,
[11.969s]                  from [01m[K/home/brace/codeSpace/navi/src/realsense-ros/realsense2_camera/include/profile_manager.h:18[m[K,
[11.969s]                  from [01m[K/home/brace/codeSpace/navi/src/realsense-ros/realsense2_camera/src/profile_manager.cpp:15[m[K:
[11.969s] [01m[K/home/brace/codeSpace/navi/src/realsense-ros/realsense2_camera/include/ros_utils.h:38:62:[m[K [01;36m[Knote: [m[K  candidate expects 0 arguments, 2 provided
[11.969s]    38 |     const stream_index_pair OCCUPANCY{RS2_STREAM_OCCUPANCY, 0[01;36m[K}[m[K;
[11.969s]       |                                                              [01;36m[K^[m[K
[11.969s] In file included from [01m[K/usr/include/c++/11/bits/stl_algobase.h:64[m[K,
[11.969s]                  from [01m[K/usr/include/c++/11/bits/specfun.h:45[m[K,
[11.969s]                  from [01m[K/usr/include/c++/11/cmath:1935[m[K,
[11.969s]                  from [01m[K/usr/include/c++/11/math.h:36[m[K,
[11.969s]                  from [01m[K/opt/ros/humble/include/librealsense2/rsutil.h:10[m[K,
[11.969s]                  from [01m[K/opt/ros/humble/include/librealsense2/rs.h:16[m[K,
[11.969s]                  from [01m[K/opt/ros/humble/include/librealsense2/rs.hpp:7[m[K,
[11.970s]                  from [01m[K/home/brace/codeSpace/navi/src/realsense-ros/realsense2_camera/include/profile_manager.h:17[m[K,
[11.970s]                  from [01m[K/home/brace/codeSpace/navi/src/realsense-ros/realsense2_camera/src/profile_manager.cpp:15[m[K:
[11.970s] [01m[K/usr/include/c++/11/bits/stl_pair.h:315:17:[m[K [01;36m[Knote: [m[Kcandidate: ‘[01m[Kconstexpr std::pair<_T1, _T2>::pair(std::pair<_T1, _T2>&&) [with _T1 = rs2_stream; _T2 = int][m[K’
[11.970s]   315 |       constexpr [01;36m[Kpair[m[K(pair&&) = default;         ///< Move constructor
[11.970s]       |                 [01;36m[K^~~~[m[K
[11.970s] [01m[K/usr/include/c++/11/bits/stl_pair.h:315:17:[m[K [01;36m[Knote: [m[K  candidate expects 1 argument, 2 provided
[11.970s] [01m[K/usr/include/c++/11/bits/stl_pair.h:314:17:[m[K [01;36m[Knote: [m[Kcandidate: ‘[01m[Kconstexpr std::pair<_T1, _T2>::pair(const std::pair<_T1, _T2>&) [with _T1 = rs2_stream; _T2 = int][m[K’
[11.970s]   314 |       constexpr [01;36m[Kpair[m[K(const pair&) = default;    ///< Copy constructor
[11.970s]       |                 [01;36m[K^~~~[m[K
[11.970s] [01m[K/usr/include/c++/11/bits/stl_pair.h:314:17:[m[K [01;36m[Knote: [m[K  candidate expects 1 argument, 2 provided
[12.180s] In file included from [01m[K/home/brace/codeSpace/navi/src/realsense-ros/realsense2_camera/include/ros_sensor.h:22[m[K,
[12.180s]                  from [01m[K/home/brace/codeSpace/navi/src/realsense-ros/realsense2_camera/src/ros_sensor.cpp:15[m[K:
[12.180s] [01m[K/home/brace/codeSpace/navi/src/realsense-ros/realsense2_camera/include/ros_utils.h:36:36:[m[K [01;31m[Kerror: [m[K‘[01m[KRS2_STREAM_SAFETY[m[K’ was not declared in this scope; did you mean ‘[01m[KRS2_STREAM_ANY[m[K’?
[12.180s]    36 |     const stream_index_pair SAFETY{[01;31m[KRS2_STREAM_SAFETY[m[K, 0};
[12.181s]       |                                    [01;31m[K^~~~~~~~~~~~~~~~~[m[K
[12.181s]       |                                    [32m[KRS2_STREAM_ANY[m[K
[12.181s] [01m[K/home/brace/codeSpace/navi/src/realsense-ros/realsense2_camera/include/ros_utils.h:36:56:[m[K [01;31m[Kerror: [m[Kno matching function for call to ‘[01m[Kstd::pair<rs2_stream, int>::pair(<brace-enclosed initializer list>)[m[K’
[12.181s]    36 |     const stream_index_pair SAFETY{RS2_STREAM_SAFETY, 0[01;31m[K}[m[K;
[12.181s]       |                                                        [01;31m[K^[m[K
[12.182s] In file included from [01m[K/usr/include/c++/11/bits/stl_algobase.h:64[m[K,
[12.182s]                  from [01m[K/usr/include/c++/11/bits/specfun.h:45[m[K,
[12.182s]                  from [01m[K/usr/include/c++/11/cmath:1935[m[K,
[12.182s]                  from [01m[K/usr/include/c++/11/math.h:36[m[K,
[12.182s]                  from [01m[K/opt/ros/humble/include/librealsense2/rsutil.h:10[m[K,
[12.183s]                  from [01m[K/opt/ros/humble/include/librealsense2/rs.h:16[m[K,
[12.183s]                  from [01m[K/opt/ros/humble/include/librealsense2/rs.hpp:7[m[K,
[12.183s]                  from [01m[K/home/brace/codeSpace/navi/src/realsense-ros/realsense2_camera/include/ros_sensor.h:17[m[K,
[12.183s]                  from [01m[K/home/brace/codeSpace/navi/src/realsense-ros/realsense2_camera/src/ros_sensor.cpp:15[m[K:
[12.183s] [01m[K/usr/include/c++/11/bits/stl_pair.h:452:9:[m[K [01;36m[Knote: [m[Kcandidate: ‘[01m[Ktemplate<class ... _Args1, long unsigned int ..._Indexes1, class ... _Args2, long unsigned int ..._Indexes2> std::pair<_T1, _T2>::pair(std::tuple<_Args1 ...>&, std::tuple<_Args2 ...>&, std::_Index_tuple<_Indexes1 ...>, std::_Index_tuple<_Indexes2 ...>) [with _Args1 = {_Args1 ...}; long unsigned int ..._Indexes1 = {_Indexes1 ...}; _Args2 = {_Args2 ...}; long unsigned int ..._Indexes2 = {_Indexes2 ...}; _T1 = rs2_stream; _T2 = int][m[K’
[12.184s]   452 |         [01;36m[Kpair[m[K(tuple<_Args1...>&, tuple<_Args2...>&,
[12.184s]       |         [01;36m[K^~~~[m[K
[12.184s] [01m[K/usr/include/c++/11/bits/stl_pair.h:452:9:[m[K [01;36m[Knote: [m[K  template argument deduction/substitution failed:
[12.185s] [01m[K/usr/include/c++/11/bits/stl_pair.h:387:9:[m[K [01;36m[Knote: [m[Kcandidate: ‘[01m[Ktemplate<class ... _Args1, class ... _Args2> std::pair<_T1, _T2>::pair(std::piecewise_construct_t, std::tuple<_Args1 ...>, std::tuple<_Args2 ...>) [with _Args1 = {_Args1 ...}; _Args2 = {_Args2 ...}; _T1 = rs2_stream; _T2 = int][m[K’
[12.185s]   387 |         [01;36m[Kpair[m[K(piecewise_construct_t, tuple<_Args1...>, tuple<_Args2...>);
[12.185s]       |         [01;36m[K^~~~[m[K
[12.186s] [01m[K/usr/include/c++/11/bits/stl_pair.h:387:9:[m[K [01;36m[Knote: [m[K  template argument deduction/substitution failed:
[12.186s] [01m[K/usr/include/c++/11/bits/stl_pair.h:381:28:[m[K [01;36m[Knote: [m[Kcandidate: ‘[01m[Ktemplate<class _U1, class _U2, typename std::enable_if<(std::_PCC<((! std::is_same<rs2_stream, _U1>::value) || (! std::is_same<int, _U2>::value)), rs2_stream, int>::_MoveConstructiblePair<_U1, _U2>() && (! std::_PCC<((! std::is_same<rs2_stream, _U1>::value) || (! std::is_same<int, _U2>::value)), rs2_stream, int>::_ImplicitlyMoveConvertiblePair<_U1, _U2>())), bool>::type <anonymous> > constexpr std::pair<_T1, _T2>::pair(std::pair<_U1, _U2>&&) [with _U1 = _U1; _U2 = _U2; typename std::enable_if<(std::_PCC<((! std::is_same<_T1, _U1>::value) || (! std::is_same<_T2, _U2>::value)), _T1, _T2>::_MoveConstructiblePair<_U1, _U2>() && (! std::_PCC<((! std::is_same<_T1, _U1>::value) || (! std::is_same<_T2, _U2>::value)), _T1, _T2>::_ImplicitlyMoveConvertiblePair<_U1, _U2>())), bool>::type <anonymous> = <anonymous>; _T1 = rs2_stream; _T2 = int][m[K’
[12.189s]   381 |         explicit constexpr [01;36m[Kpair[m[K(pair<_U1, _U2>&& __p)
[12.189s]       |                            [01;36m[K^~~~[m[K
[12.189s] [01m[K/usr/include/c++/11/bits/stl_pair.h:381:28:[m[K [01;36m[Knote: [m[K  template argument deduction/substitution failed:
[12.189s] [01m[K/usr/include/c++/11/bits/stl_pair.h:371:19:[m[K [01;36m[Knote: [m[Kcandidate: ‘[01m[Ktemplate<class _U1, class _U2, typename std::enable_if<(std::_PCC<((! std::is_same<rs2_stream, _U1>::value) || (! std::is_same<int, _U2>::value)), rs2_stream, int>::_MoveConstructiblePair<_U1, _U2>() && std::_PCC<((! std::is_same<rs2_stream, _U1>::value) || (! std::is_same<int, _U2>::value)), rs2_stream, int>::_ImplicitlyMoveConvertiblePair<_U1, _U2>()), bool>::type <anonymous> > constexpr std::pair<_T1, _T2>::pair(std::pair<_U1, _U2>&&) [with _U1 = _U1; _U2 = _U2; typename std::enable_if<(std::_PCC<((! std::is_same<_T1, _U1>::value) || (! std::is_same<_T2, _U2>::value)), _T1, _T2>::_MoveConstructiblePair<_U1, _U2>() && std::_PCC<((! std::is_same<_T1, _U1>::value) || (! std::is_same<_T2, _U2>::value)), _T1, _T2>::_ImplicitlyMoveConvertiblePair<_U1, _U2>()), bool>::type <anonymous> = <anonymous>; _T1 = rs2_stream; _T2 = int][m[K’
[12.189s]   371 |         constexpr [01;36m[Kpair[m[K(pair<_U1, _U2>&& __p)
[12.189s]       |                   [01;36m[K^~~~[m[K
[12.189s] [01m[K/usr/include/c++/11/bits/stl_pair.h:371:19:[m[K [01;36m[Knote: [m[K  template argument deduction/substitution failed:
[12.190s] [01m[K/usr/include/c++/11/bits/stl_pair.h:361:28:[m[K [01;36m[Knote: [m[Kcandidate: ‘[01m[Ktemplate<class _U1, class _U2, typename std::enable_if<(_MoveConstructiblePair<_U1, _U2>() && (! _ImplicitlyMoveConvertiblePair<_U1, _U2>())), bool>::type <anonymous> > constexpr std::pair<_T1, _T2>::pair(_U1&&, _U2&&) [with _U1 = _U1; _U2 = _U2; typename std::enable_if<(std::_PCC<true, _T1, _T2>::_MoveConstructiblePair<_U1, _U2>() && (! std::_PCC<true, _T1, _T2>::_ImplicitlyMoveConvertiblePair<_U1, _U2>())), bool>::type <anonymous> = <anonymous>; _T1 = rs2_stream; _T2 = int][m[K’
[12.190s]   361 |         explicit constexpr [01;36m[Kpair[m[K(_U1&& __x, _U2&& __y)
[12.190s]       |                            [01;36m[K^~~~[m[K
[12.190s] [01m[K/usr/include/c++/11/bits/stl_pair.h:361:28:[m[K [01;36m[Knote: [m[K  template argument deduction/substitution failed:
[12.190s] [01m[K/usr/include/c++/11/bits/stl_pair.h:352:19:[m[K [01;36m[Knote: [m[Kcandidate: ‘[01m[Ktemplate<class _U1, class _U2, typename std::enable_if<(_MoveConstructiblePair<_U1, _U2>() && _ImplicitlyMoveConvertiblePair<_U1, _U2>()), bool>::type <anonymous> > constexpr std::pair<_T1, _T2>::pair(_U1&&, _U2&&) [with _U1 = _U1; _U2 = _U2; typename std::enable_if<(std::_PCC<true, _T1, _T2>::_MoveConstructiblePair<_U1, _U2>() && std::_PCC<true, _T1, _T2>::_ImplicitlyMoveConvertiblePair<_U1, _U2>()), bool>::type <anonymous> = <anonymous>; _T1 = rs2_stream; _T2 = int][m[K’
[12.190s]   352 |         constexpr [01;36m[Kpair[m[K(_U1&& __x, _U2&& __y)
[12.190s]       |                   [01;36m[K^~~~[m[K
[12.190s] [01m[K/usr/include/c++/11/bits/stl_pair.h:352:19:[m[K [01;36m[Knote: [m[K  template argument deduction/substitution failed:
[12.190s] [01m[K/usr/include/c++/11/bits/stl_pair.h:343:17:[m[K [01;36m[Knote: [m[Kcandidate: ‘[01m[Ktemplate<class _U2, typename std::enable_if<_CopyMovePair<false, rs2_stream, _U2>(), bool>::type <anonymous> > std::pair<_T1, _T2>::pair(const _T1&, _U2&&) [with _U2 = _U2; typename std::enable_if<std::_PCC<true, _T1, _T2>::_CopyMovePair<false, _T1, _U2>(), bool>::type <anonymous> = <anonymous>; _T1 = rs2_stream; _T2 = int][m[K’
[12.190s]   343 |        explicit [01;36m[Kpair[m[K(const _T1& __x, _U2&& __y)
[12.191s]       |                 [01;36m[K^~~~[m[K
[12.191s] [01m[K/usr/include/c++/11/bits/stl_pair.h:343:17:[m[K [01;36m[Knote: [m[K  template argument deduction/substitution failed:
[12.191s] [01m[K/usr/include/c++/11/bits/stl_pair.h:336:18:[m[K [01;36m[Knote: [m[Kcandidate: ‘[01m[Ktemplate<class _U2, typename std::enable_if<_CopyMovePair<true, rs2_stream, _U2>(), bool>::type <anonymous> > constexpr std::pair<_T1, _T2>::pair(const _T1&, _U2&&) [with _U2 = _U2; typename std::enable_if<std::_PCC<true, _T1, _T2>::_CopyMovePair<true, _T1, _U2>(), bool>::type <anonymous> = <anonymous>; _T1 = rs2_stream; _T2 = int][m[K’
[12.191s]   336 |        constexpr [01;36m[Kpair[m[K(const _T1& __x, _U2&& __y)
[12.191s]       |                  [01;36m[K^~~~[m[K
[12.191s] [01m[K/usr/include/c++/11/bits/stl_pair.h:336:18:[m[K [01;36m[Knote: [m[K  template argument deduction/substitution failed:
[12.192s] [01m[K/usr/include/c++/11/bits/stl_pair.h:329:27:[m[K [01;36m[Knote: [m[Kcandidate: ‘[01m[Ktemplate<class _U1, typename std::enable_if<_MoveCopyPair<false, _U1, int>(), bool>::type <anonymous> > constexpr std::pair<_T1, _T2>::pair(_U1&&, const _T2&) [with _U1 = _U1; typename std::enable_if<std::_PCC<true, _T1, _T2>::_MoveCopyPair<false, _U1, _T2>(), bool>::type <anonymous> = <anonymous>; _T1 = rs2_stream; _T2 = int][m[K’
[12.192s]   329 |        explicit constexpr [01;36m[Kpair[m[K(_U1&& __x, const _T2& __y)
[12.192s]       |                           [01;36m[K^~~~[m[K
[12.192s] [01m[K/usr/include/c++/11/bits/stl_pair.h:329:27:[m[K [01;36m[Knote: [m[K  template argument deduction/substitution failed:
[12.192s] [01m[K/usr/include/c++/11/bits/stl_pair.h:322:18:[m[K [01;36m[Knote: [m[Kcandidate: ‘[01m[Ktemplate<class _U1, typename std::enable_if<_MoveCopyPair<true, _U1, int>(), bool>::type <anonymous> > constexpr std::pair<_T1, _T2>::pair(_U1&&, const _T2&) [with _U1 = _U1; typename std::enable_if<std::_PCC<true, _T1, _T2>::_MoveCopyPair<true, _U1, _T2>(), bool>::type <anonymous> = <anonymous>; _T1 = rs2_stream; _T2 = int][m[K’
[12.195s]   322 |        constexpr [01;36m[Kpair[m[K(_U1&& __x, const _T2& __y)
[12.197s]       |                  [01;36m[K^~~~[m[K
[12.197s] [01m[K/usr/include/c++/11/bits/stl_pair.h:322:18:[m[K [01;36m[Knote: [m[K  template argument deduction/substitution failed:
[12.197s] [01m[K/usr/include/c++/11/bits/stl_pair.h:309:28:[m[K [01;36m[Knote: [m[Kcandidate: ‘[01m[Ktemplate<class _U1, class _U2, typename std::enable_if<(std::_PCC<((! std::is_same<rs2_stream, _U1>::value) || (! std::is_same<int, _U2>::value)), rs2_stream, int>::_ConstructiblePair<_U1, _U2>() && (! std::_PCC<((! std::is_same<rs2_stream, _U1>::value) || (! std::is_same<int, _U2>::value)), rs2_stream, int>::_ImplicitlyConvertiblePair<_U1, _U2>())), bool>::type <anonymous> > constexpr std::pair<_T1, _T2>::pair(const std::pair<_U1, _U2>&) [with _U1 = _U1; _U2 = _U2; typename std::enable_if<(std::_PCC<((! std::is_same<_T1, _U1>::value) || (! std::is_same<_T2, _U2>::value)), _T1, _T2>::_ConstructiblePair<_U1, _U2>() && (! std::_PCC<((! std::is_same<_T1, _U1>::value) || (! std::is_same<_T2, _U2>::value)), _T1, _T2>::_ImplicitlyConvertiblePair<_U1, _U2>())), bool>::type <anonymous> = <anonymous>; _T1 = rs2_stream; _T2 = int][m[K’
[12.198s]   309 |         explicit constexpr [01;36m[Kpair[m[K(const pair<_U1, _U2>& __p)
[12.198s]       |                            [01;36m[K^~~~[m[K
[12.198s] [01m[K/usr/include/c++/11/bits/stl_pair.h:309:28:[m[K [01;36m[Knote: [m[K  template argument deduction/substitution failed:
[12.198s] [01m[K/usr/include/c++/11/bits/stl_pair.h:300:19:[m[K [01;36m[Knote: [m[Kcandidate: ‘[01m[Ktemplate<class _U1, class _U2, typename std::enable_if<(std::_PCC<((! std::is_same<rs2_stream, _U1>::value) || (! std::is_same<int, _U2>::value)), rs2_stream, int>::_ConstructiblePair<_U1, _U2>() && std::_PCC<((! std::is_same<rs2_stream, _U1>::value) || (! std::is_same<int, _U2>::value)), rs2_stream, int>::_ImplicitlyConvertiblePair<_U1, _U2>()), bool>::type <anonymous> > constexpr std::pair<_T1, _T2>::pair(const std::pair<_U1, _U2>&) [with _U1 = _U1; _U2 = _U2; typename std::enable_if<(std::_PCC<((! std::is_same<_T1, _U1>::value) || (! std::is_same<_T2, _U2>::value)), _T1, _T2>::_ConstructiblePair<_U1, _U2>() && std::_PCC<((! std::is_same<_T1, _U1>::value) || (! std::is_same<_T2, _U2>::value)), _T1, _T2>::_ImplicitlyConvertiblePair<_U1, _U2>()), bool>::type <anonymous> = <anonymous>; _T1 = rs2_stream; _T2 = int][m[K’
[12.198s]   300 |         constexpr [01;36m[Kpair[m[K(const pair<_U1, _U2>& __p)
[12.199s]       |                   [01;36m[K^~~~[m[K
[12.199s] [01m[K/usr/include/c++/11/bits/stl_pair.h:300:19:[m[K [01;36m[Knote: [m[K  template argument deduction/substitution failed:
[12.199s] [01m[K/usr/include/c++/11/bits/stl_pair.h:276:26:[m[K [01;36m[Knote: [m[Kcandidate: ‘[01m[Ktemplate<class _U1, class _U2, typename std::enable_if<(_ConstructiblePair<_U1, _U2>() && (! _ImplicitlyConvertiblePair<_U1, _U2>())), bool>::type <anonymous> > constexpr std::pair<_T1, _T2>::pair(const _T1&, const _T2&) [with _U1 = _U1; _U2 = _U2; typename std::enable_if<(std::_PCC<true, _T1, _T2>::_ConstructiblePair<_U1, _U2>() && (! std::_PCC<true, _T1, _T2>::_ImplicitlyConvertiblePair<_U1, _U2>())), bool>::type <anonymous> = <anonymous>; _T1 = rs2_stream; _T2 = int][m[K’
[12.199s]   276 |       explicit constexpr [01;36m[Kpair[m[K(const _T1& __a, const _T2& __b)
[12.199s]       |                          [01;36m[K^~~~[m[K
[12.200s] [01m[K/usr/include/c++/11/bits/stl_pair.h:276:26:[m[K [01;36m[Knote: [m[K  template argument deduction/substitution failed:
[12.200s] [01m[K/usr/include/c++/11/bits/stl_pair.h:266:17:[m[K [01;36m[Knote: [m[Kcandidate: ‘[01m[Ktemplate<class _U1, class _U2, typename std::enable_if<(_ConstructiblePair<_U1, _U2>() && _ImplicitlyConvertiblePair<_U1, _U2>()), bool>::type <anonymous> > constexpr std::pair<_T1, _T2>::pair(const _T1&, const _T2&) [with _U1 = _U1; _U2 = _U2; typename std::enable_if<(std::_PCC<true, _T1, _T2>::_ConstructiblePair<_U1, _U2>() && std::_PCC<true, _T1, _T2>::_ImplicitlyConvertiblePair<_U1, _U2>()), bool>::type <anonymous> = <anonymous>; _T1 = rs2_stream; _T2 = int][m[K’
[12.200s]   266 |       constexpr [01;36m[Kpair[m[K(const _T1& __a, const _T2& __b)
[12.200s]       |                 [01;36m[K^~~~[m[K
[12.201s] [01m[K/usr/include/c++/11/bits/stl_pair.h:266:17:[m[K [01;36m[Knote: [m[K  template argument deduction/substitution failed:
[12.201s] [01m[K/usr/include/c++/11/bits/stl_pair.h:245:26:[m[K [01;36m[Knote: [m[Kcandidate: ‘[01m[Ktemplate<class _U1, class _U2, typename std::enable_if<std::__and_<std::is_default_constructible<_U1>, std::is_default_constructible<_Dp>, std::__not_<std::__and_<std::__is_implicitly_default_constructible<_U1>, std::__is_implicitly_default_constructible<_U2> > > >::value, bool>::type <anonymous> > constexpr std::pair<_T1, _T2>::pair() [with _U1 = _U1; _U2 = _U2; typename std::enable_if<std::__and_<std::is_default_constructible<_U1>, std::is_default_constructible<_U2>, std::__not_<std::__and_<std::__is_implicitly_default_constructible<_U1>, std::__is_implicitly_default_constructible<_U2> > > >::value, bool>::type <anonymous> = <anonymous>; _T1 = rs2_stream; _T2 = int][m[K’
[12.202s]   245 |       explicit constexpr [01;36m[Kpair[m[K()
[12.207s]       |                          [01;36m[K^~~~[m[K
[12.211s] [01m[K/usr/include/c++/11/bits/stl_pair.h:245:26:[m[K [01;36m[Knote: [m[K  template argument deduction/substitution failed:
[12.211s] In file included from [01m[K/home/brace/codeSpace/navi/src/realsense-ros/realsense2_camera/include/ros_sensor.h:22[m[K,
[12.211s]                  from [01m[K/home/brace/codeSpace/navi/src/realsense-ros/realsense2_camera/src/ros_sensor.cpp:15[m[K:
[12.211s] [01m[K/home/brace/codeSpace/navi/src/realsense-ros/realsense2_camera/include/ros_utils.h:36:56:[m[K [01;36m[Knote: [m[K  candidate expects 0 arguments, 2 provided
[12.212s]    36 |     const stream_index_pair SAFETY{RS2_STREAM_SAFETY, 0[01;36m[K}[m[K;
[12.214s]       |                                                        [01;36m[K^[m[K
[12.214s] In file included from [01m[K/usr/include/c++/11/bits/stl_algobase.h:64[m[K,
[12.214s]                  from [01m[K/usr/include/c++/11/bits/specfun.h:45[m[K,
[12.215s]                  from [01m[K/usr/include/c++/11/cmath:1935[m[K,
[12.215s]                  from [01m[K/usr/include/c++/11/math.h:36[m[K,
[12.215s]                  from [01m[K/opt/ros/humble/include/librealsense2/rsutil.h:10[m[K,
[12.215s]                  from [01m[K/opt/ros/humble/include/librealsense2/rs.h:16[m[K,
[12.215s]                  from [01m[K/opt/ros/humble/include/librealsense2/rs.hpp:7[m[K,
[12.215s]                  from [01m[K/home/brace/codeSpace/navi/src/realsense-ros/realsense2_camera/include/ros_sensor.h:17[m[K,
[12.215s]                  from [01m[K/home/brace/codeSpace/navi/src/realsense-ros/realsense2_camera/src/ros_sensor.cpp:15[m[K:
[12.215s] [01m[K/usr/include/c++/11/bits/stl_pair.h:232:26:[m[K [01;36m[Knote: [m[Kcandidate: ‘[01m[Ktemplate<class _U1, class _U2, typename std::enable_if<std::__and_<std::__is_implicitly_default_constructible<_U1>, std::__is_implicitly_default_constructible<_U2> >::value, bool>::type <anonymous> > constexpr std::pair<_T1, _T2>::pair() [with _U1 = _U1; _U2 = _U2; typename std::enable_if<std::__and_<std::__is_implicitly_default_constructible<_U1>, std::__is_implicitly_default_constructible<_U2> >::value, bool>::type <anonymous> = <anonymous>; _T1 = rs2_stream; _T2 = int][m[K’
[12.215s]   232 |       _GLIBCXX_CONSTEXPR [01;36m[Kpair[m[K()
[12.216s]       |                          [01;36m[K^~~~[m[K
[12.216s] [01m[K/usr/include/c++/11/bits/stl_pair.h:232:26:[m[K [01;36m[Knote: [m[K  template argument deduction/substitution failed:
[12.216s] In file included from [01m[K/home/brace/codeSpace/navi/src/realsense-ros/realsense2_camera/include/ros_sensor.h:22[m[K,
[12.216s]                  from [01m[K/home/brace/codeSpace/navi/src/realsense-ros/realsense2_camera/src/ros_sensor.cpp:15[m[K:
[12.216s] [01m[K/home/brace/codeSpace/navi/src/realsense-ros/realsense2_camera/include/ros_utils.h:36:56:[m[K [01;36m[Knote: [m[K  candidate expects 0 arguments, 2 provided
[12.216s]    36 |     const stream_index_pair SAFETY{RS2_STREAM_SAFETY, 0[01;36m[K}[m[K;
[12.216s]       |                                                        [01;36m[K^[m[K
[12.216s] In file included from [01m[K/usr/include/c++/11/bits/stl_algobase.h:64[m[K,
[12.216s]                  from [01m[K/usr/include/c++/11/bits/specfun.h:45[m[K,
[12.216s]                  from [01m[K/usr/include/c++/11/cmath:1935[m[K,
[12.216s]                  from [01m[K/usr/include/c++/11/math.h:36[m[K,
[12.216s]                  from [01m[K/opt/ros/humble/include/librealsense2/rsutil.h:10[m[K,
[12.216s]                  from [01m[K/opt/ros/humble/include/librealsense2/rs.h:16[m[K,
[12.216s]                  from [01m[K/opt/ros/humble/include/librealsense2/rs.hpp:7[m[K,
[12.216s]                  from [01m[K/home/brace/codeSpace/navi/src/realsense-ros/realsense2_camera/include/ros_sensor.h:17[m[K,
[12.216s]                  from [01m[K/home/brace/codeSpace/navi/src/realsense-ros/realsense2_camera/src/ros_sensor.cpp:15[m[K:
[12.216s] [01m[K/usr/include/c++/11/bits/stl_pair.h:315:17:[m[K [01;36m[Knote: [m[Kcandidate: ‘[01m[Kconstexpr std::pair<_T1, _T2>::pair(std::pair<_T1, _T2>&&) [with _T1 = rs2_stream; _T2 = int][m[K’
[12.217s]   315 |       constexpr [01;36m[Kpair[m[K(pair&&) = default;         ///< Move constructor
[12.217s]       |                 [01;36m[K^~~~[m[K
[12.217s] [01m[K/usr/include/c++/11/bits/stl_pair.h:315:17:[m[K [01;36m[Knote: [m[K  candidate expects 1 argument, 2 provided
[12.217s] [01m[K/usr/include/c++/11/bits/stl_pair.h:314:17:[m[K [01;36m[Knote: [m[Kcandidate: ‘[01m[Kconstexpr std::pair<_T1, _T2>::pair(const std::pair<_T1, _T2>&) [with _T1 = rs2_stream; _T2 = int][m[K’
[12.217s]   314 |       constexpr [01;36m[Kpair[m[K(const pair&) = default;    ///< Copy constructor
[12.217s]       |                 [01;36m[K^~~~[m[K
[12.217s] [01m[K/usr/include/c++/11/bits/stl_pair.h:314:17:[m[K [01;36m[Knote: [m[K  candidate expects 1 argument, 2 provided
[12.226s] In file included from [01m[K/home/brace/codeSpace/navi/src/realsense-ros/realsense2_camera/include/ros_sensor.h:22[m[K,
[12.228s]                  from [01m[K/home/brace/codeSpace/navi/src/realsense-ros/realsense2_camera/src/ros_sensor.cpp:15[m[K:
[12.229s] [01m[K/home/brace/codeSpace/navi/src/realsense-ros/realsense2_camera/include/ros_utils.h:37:49:[m[K [01;31m[Kerror: [m[K‘[01m[KRS2_STREAM_LABELED_POINT_CLOUD[m[K’ was not declared in this scope
[12.231s]    37 |     const stream_index_pair LABELED_POINT_CLOUD{[01;31m[KRS2_STREAM_LABELED_POINT_CLOUD[m[K, 0};
[12.232s]       |                                                 [01;31m[K^~~~~~~~~~~~~~~~~~~~~~~~~~~~~~[m[K
[12.232s] [01m[K/home/brace/codeSpace/navi/src/realsense-ros/realsense2_camera/include/ros_utils.h:37:82:[m[K [01;31m[Kerror: [m[Kno matching function for call to ‘[01m[Kstd::pair<rs2_stream, int>::pair(<brace-enclosed initializer list>)[m[K’
[12.232s]    37 |     const stream_index_pair LABELED_POINT_CLOUD{RS2_STREAM_LABELED_POINT_CLOUD, 0[01;31m[K}[m[K;
[12.232s]       |                                                                                  [01;31m[K^[m[K
[12.233s] In file included from [01m[K/usr/include/c++/11/bits/stl_algobase.h:64[m[K,
[12.233s]                  from [01m[K/usr/include/c++/11/bits/specfun.h:45[m[K,
[12.233s]                  from [01m[K/usr/include/c++/11/cmath:1935[m[K,
[12.233s]                  from [01m[K/usr/include/c++/11/math.h:36[m[K,
[12.233s]                  from [01m[K/opt/ros/humble/include/librealsense2/rsutil.h:10[m[K,
[12.233s]                  from [01m[K/opt/ros/humble/include/librealsense2/rs.h:16[m[K,
[12.233s]                  from [01m[K/opt/ros/humble/include/librealsense2/rs.hpp:7[m[K,
[12.233s]                  from [01m[K/home/brace/codeSpace/navi/src/realsense-ros/realsense2_camera/include/ros_sensor.h:17[m[K,
[12.233s]                  from [01m[K/home/brace/codeSpace/navi/src/realsense-ros/realsense2_camera/src/ros_sensor.cpp:15[m[K:
[12.233s] [01m[K/usr/include/c++/11/bits/stl_pair.h:452:9:[m[K [01;36m[Knote: [m[Kcandidate: ‘[01m[Ktemplate<class ... _Args1, long unsigned int ..._Indexes1, class ... _Args2, long unsigned int ..._Indexes2> std::pair<_T1, _T2>::pair(std::tuple<_Args1 ...>&, std::tuple<_Args2 ...>&, std::_Index_tuple<_Indexes1 ...>, std::_Index_tuple<_Indexes2 ...>) [with _Args1 = {_Args1 ...}; long unsigned int ..._Indexes1 = {_Indexes1 ...}; _Args2 = {_Args2 ...}; long unsigned int ..._Indexes2 = {_Indexes2 ...}; _T1 = rs2_stream; _T2 = int][m[K’
[12.233s]   452 |         [01;36m[Kpair[m[K(tuple<_Args1...>&, tuple<_Args2...>&,
[12.233s]       |         [01;36m[K^~~~[m[K
[12.233s] [01m[K/usr/include/c++/11/bits/stl_pair.h:452:9:[m[K [01;36m[Knote: [m[K  template argument deduction/substitution failed:
[12.233s] [01m[K/usr/include/c++/11/bits/stl_pair.h:387:9:[m[K [01;36m[Knote: [m[Kcandidate: ‘[01m[Ktemplate<class ... _Args1, class ... _Args2> std::pair<_T1, _T2>::pair(std::piecewise_construct_t, std::tuple<_Args1 ...>, std::tuple<_Args2 ...>) [with _Args1 = {_Args1 ...}; _Args2 = {_Args2 ...}; _T1 = rs2_stream; _T2 = int][m[K’
[12.234s]   387 |         [01;36m[Kpair[m[K(piecewise_construct_t, tuple<_Args1...>, tuple<_Args2...>);
[12.234s]       |         [01;36m[K^~~~[m[K
[12.234s] [01m[K/usr/include/c++/11/bits/stl_pair.h:387:9:[m[K [01;36m[Knote: [m[K  template argument deduction/substitution failed:
[12.234s] [01m[K/usr/include/c++/11/bits/stl_pair.h:381:28:[m[K [01;36m[Knote: [m[Kcandidate: ‘[01m[Ktemplate<class _U1, class _U2, typename std::enable_if<(std::_PCC<((! std::is_same<rs2_stream, _U1>::value) || (! std::is_same<int, _U2>::value)), rs2_stream, int>::_MoveConstructiblePair<_U1, _U2>() && (! std::_PCC<((! std::is_same<rs2_stream, _U1>::value) || (! std::is_same<int, _U2>::value)), rs2_stream, int>::_ImplicitlyMoveConvertiblePair<_U1, _U2>())), bool>::type <anonymous> > constexpr std::pair<_T1, _T2>::pair(std::pair<_U1, _U2>&&) [with _U1 = _U1; _U2 = _U2; typename std::enable_if<(std::_PCC<((! std::is_same<_T1, _U1>::value) || (! std::is_same<_T2, _U2>::value)), _T1, _T2>::_MoveConstructiblePair<_U1, _U2>() && (! std::_PCC<((! std::is_same<_T1, _U1>::value) || (! std::is_same<_T2, _U2>::value)), _T1, _T2>::_ImplicitlyMoveConvertiblePair<_U1, _U2>())), bool>::type <anonymous> = <anonymous>; _T1 = rs2_stream; _T2 = int][m[K’
[12.234s]   381 |         explicit constexpr [01;36m[Kpair[m[K(pair<_U1, _U2>&& __p)
[12.234s]       |                            [01;36m[K^~~~[m[K
[12.234s] [01m[K/usr/include/c++/11/bits/stl_pair.h:381:28:[m[K [01;36m[Knote: [m[K  template argument deduction/substitution failed:
[12.234s] [01m[K/usr/include/c++/11/bits/stl_pair.h:371:19:[m[K [01;36m[Knote: [m[Kcandidate: ‘[01m[Ktemplate<class _U1, class _U2, typename std::enable_if<(std::_PCC<((! std::is_same<rs2_stream, _U1>::value) || (! std::is_same<int, _U2>::value)), rs2_stream, int>::_MoveConstructiblePair<_U1, _U2>() && std::_PCC<((! std::is_same<rs2_stream, _U1>::value) || (! std::is_same<int, _U2>::value)), rs2_stream, int>::_ImplicitlyMoveConvertiblePair<_U1, _U2>()), bool>::type <anonymous> > constexpr std::pair<_T1, _T2>::pair(std::pair<_U1, _U2>&&) [with _U1 = _U1; _U2 = _U2; typename std::enable_if<(std::_PCC<((! std::is_same<_T1, _U1>::value) || (! std::is_same<_T2, _U2>::value)), _T1, _T2>::_MoveConstructiblePair<_U1, _U2>() && std::_PCC<((! std::is_same<_T1, _U1>::value) || (! std::is_same<_T2, _U2>::value)), _T1, _T2>::_ImplicitlyMoveConvertiblePair<_U1, _U2>()), bool>::type <anonymous> = <anonymous>; _T1 = rs2_stream; _T2 = int][m[K’
[12.234s]   371 |         constexpr [01;36m[Kpair[m[K(pair<_U1, _U2>&& __p)
[12.234s]       |                   [01;36m[K^~~~[m[K
[12.234s] [01m[K/usr/include/c++/11/bits/stl_pair.h:371:19:[m[K [01;36m[Knote: [m[K  template argument deduction/substitution failed:
[12.235s] [01m[K/usr/include/c++/11/bits/stl_pair.h:361:28:[m[K [01;36m[Knote: [m[Kcandidate: ‘[01m[Ktemplate<class _U1, class _U2, typename std::enable_if<(_MoveConstructiblePair<_U1, _U2>() && (! _ImplicitlyMoveConvertiblePair<_U1, _U2>())), bool>::type <anonymous> > constexpr std::pair<_T1, _T2>::pair(_U1&&, _U2&&) [with _U1 = _U1; _U2 = _U2; typename std::enable_if<(std::_PCC<true, _T1, _T2>::_MoveConstructiblePair<_U1, _U2>() && (! std::_PCC<true, _T1, _T2>::_ImplicitlyMoveConvertiblePair<_U1, _U2>())), bool>::type <anonymous> = <anonymous>; _T1 = rs2_stream; _T2 = int][m[K’
[12.235s]   361 |         explicit constexpr [01;36m[Kpair[m[K(_U1&& __x, _U2&& __y)
[12.235s]       |                            [01;36m[K^~~~[m[K
[12.235s] [01m[K/usr/include/c++/11/bits/stl_pair.h:361:28:[m[K [01;36m[Knote: [m[K  template argument deduction/substitution failed:
[12.235s] [01m[K/usr/include/c++/11/bits/stl_pair.h:352:19:[m[K [01;36m[Knote: [m[Kcandidate: ‘[01m[Ktemplate<class _U1, class _U2, typename std::enable_if<(_MoveConstructiblePair<_U1, _U2>() && _ImplicitlyMoveConvertiblePair<_U1, _U2>()), bool>::type <anonymous> > constexpr std::pair<_T1, _T2>::pair(_U1&&, _U2&&) [with _U1 = _U1; _U2 = _U2; typename std::enable_if<(std::_PCC<true, _T1, _T2>::_MoveConstructiblePair<_U1, _U2>() && std::_PCC<true, _T1, _T2>::_ImplicitlyMoveConvertiblePair<_U1, _U2>()), bool>::type <anonymous> = <anonymous>; _T1 = rs2_stream; _T2 = int][m[K’
[12.235s]   352 |         constexpr [01;36m[Kpair[m[K(_U1&& __x, _U2&& __y)
[12.235s]       |                   [01;36m[K^~~~[m[K
[12.235s] [01m[K/usr/include/c++/11/bits/stl_pair.h:352:19:[m[K [01;36m[Knote: [m[K  template argument deduction/substitution failed:
[12.235s] [01m[K/usr/include/c++/11/bits/stl_pair.h:343:17:[m[K [01;36m[Knote: [m[Kcandidate: ‘[01m[Ktemplate<class _U2, typename std::enable_if<_CopyMovePair<false, rs2_stream, _U2>(), bool>::type <anonymous> > std::pair<_T1, _T2>::pair(const _T1&, _U2&&) [with _U2 = _U2; typename std::enable_if<std::_PCC<true, _T1, _T2>::_CopyMovePair<false, _T1, _U2>(), bool>::type <anonymous> = <anonymous>; _T1 = rs2_stream; _T2 = int][m[K’
[12.235s]   343 |        explicit [01;36m[Kpair[m[K(const _T1& __x, _U2&& __y)
[12.235s]       |                 [01;36m[K^~~~[m[K
[12.235s] [01m[K/usr/include/c++/11/bits/stl_pair.h:343:17:[m[K [01;36m[Knote: [m[K  template argument deduction/substitution failed:
[12.236s] [01m[K/usr/include/c++/11/bits/stl_pair.h:336:18:[m[K [01;36m[Knote: [m[Kcandidate: ‘[01m[Ktemplate<class _U2, typename std::enable_if<_CopyMovePair<true, rs2_stream, _U2>(), bool>::type <anonymous> > constexpr std::pair<_T1, _T2>::pair(const _T1&, _U2&&) [with _U2 = _U2; typename std::enable_if<std::_PCC<true, _T1, _T2>::_CopyMovePair<true, _T1, _U2>(), bool>::type <anonymous> = <anonymous>; _T1 = rs2_stream; _T2 = int][m[K’
[12.236s]   336 |        constexpr [01;36m[Kpair[m[K(const _T1& __x, _U2&& __y)
[12.236s]       |                  [01;36m[K^~~~[m[K
[12.236s] [01m[K/usr/include/c++/11/bits/stl_pair.h:336:18:[m[K [01;36m[Knote: [m[K  template argument deduction/substitution failed:
[12.236s] [01m[K/usr/include/c++/11/bits/stl_pair.h:329:27:[m[K [01;36m[Knote: [m[Kcandidate: ‘[01m[Ktemplate<class _U1, typename std::enable_if<_MoveCopyPair<false, _U1, int>(), bool>::type <anonymous> > constexpr std::pair<_T1, _T2>::pair(_U1&&, const _T2&) [with _U1 = _U1; typename std::enable_if<std::_PCC<true, _T1, _T2>::_MoveCopyPair<false, _U1, _T2>(), bool>::type <anonymous> = <anonymous>; _T1 = rs2_stream; _T2 = int][m[K’
[12.236s]   329 |        explicit constexpr [01;36m[Kpair[m[K(_U1&& __x, const _T2& __y)
[12.236s]       |                           [01;36m[K^~~~[m[K
[12.236s] [01m[K/usr/include/c++/11/bits/stl_pair.h:329:27:[m[K [01;36m[Knote: [m[K  template argument deduction/substitution failed:
[12.236s] [01m[K/usr/include/c++/11/bits/stl_pair.h:322:18:[m[K [01;36m[Knote: [m[Kcandidate: ‘[01m[Ktemplate<class _U1, typename std::enable_if<_MoveCopyPair<true, _U1, int>(), bool>::type <anonymous> > constexpr std::pair<_T1, _T2>::pair(_U1&&, const _T2&) [with _U1 = _U1; typename std::enable_if<std::_PCC<true, _T1, _T2>::_MoveCopyPair<true, _U1, _T2>(), bool>::type <anonymous> = <anonymous>; _T1 = rs2_stream; _T2 = int][m[K’
[12.236s]   322 |        constexpr [01;36m[Kpair[m[K(_U1&& __x, const _T2& __y)
[12.236s]       |                  [01;36m[K^~~~[m[K
[12.236s] [01m[K/usr/include/c++/11/bits/stl_pair.h:322:18:[m[K [01;36m[Knote: [m[K  template argument deduction/substitution failed:
[12.236s] [01m[K/usr/include/c++/11/bits/stl_pair.h:309:28:[m[K [01;36m[Knote: [m[Kcandidate: ‘[01m[Ktemplate<class _U1, class _U2, typename std::enable_if<(std::_PCC<((! std::is_same<rs2_stream, _U1>::value) || (! std::is_same<int, _U2>::value)), rs2_stream, int>::_ConstructiblePair<_U1, _U2>() && (! std::_PCC<((! std::is_same<rs2_stream, _U1>::value) || (! std::is_same<int, _U2>::value)), rs2_stream, int>::_ImplicitlyConvertiblePair<_U1, _U2>())), bool>::type <anonymous> > constexpr std::pair<_T1, _T2>::pair(const std::pair<_U1, _U2>&) [with _U1 = _U1; _U2 = _U2; typename std::enable_if<(std::_PCC<((! std::is_same<_T1, _U1>::value) || (! std::is_same<_T2, _U2>::value)), _T1, _T2>::_ConstructiblePair<_U1, _U2>() && (! std::_PCC<((! std::is_same<_T1, _U1>::value) || (! std::is_same<_T2, _U2>::value)), _T1, _T2>::_ImplicitlyConvertiblePair<_U1, _U2>())), bool>::type <anonymous> = <anonymous>; _T1 = rs2_stream; _T2 = int][m[K’
[12.236s]   309 |         explicit constexpr [01;36m[Kpair[m[K(const pair<_U1, _U2>& __p)
[12.237s]       |                            [01;36m[K^~~~[m[K
[12.237s] [01m[K/usr/include/c++/11/bits/stl_pair.h:309:28:[m[K [01;36m[Knote: [m[K  template argument deduction/substitution failed:
[12.237s] [01m[K/usr/include/c++/11/bits/stl_pair.h:300:19:[m[K [01;36m[Knote: [m[Kcandidate: ‘[01m[Ktemplate<class _U1, class _U2, typename std::enable_if<(std::_PCC<((! std::is_same<rs2_stream, _U1>::value) || (! std::is_same<int, _U2>::value)), rs2_stream, int>::_ConstructiblePair<_U1, _U2>() && std::_PCC<((! std::is_same<rs2_stream, _U1>::value) || (! std::is_same<int, _U2>::value)), rs2_stream, int>::_ImplicitlyConvertiblePair<_U1, _U2>()), bool>::type <anonymous> > constexpr std::pair<_T1, _T2>::pair(const std::pair<_U1, _U2>&) [with _U1 = _U1; _U2 = _U2; typename std::enable_if<(std::_PCC<((! std::is_same<_T1, _U1>::value) || (! std::is_same<_T2, _U2>::value)), _T1, _T2>::_ConstructiblePair<_U1, _U2>() && std::_PCC<((! std::is_same<_T1, _U1>::value) || (! std::is_same<_T2, _U2>::value)), _T1, _T2>::_ImplicitlyConvertiblePair<_U1, _U2>()), bool>::type <anonymous> = <anonymous>; _T1 = rs2_stream; _T2 = int][m[K’
[12.237s]   300 |         constexpr [01;36m[Kpair[m[K(const pair<_U1, _U2>& __p)
[12.237s]       |                   [01;36m[K^~~~[m[K
[12.237s] [01m[K/usr/include/c++/11/bits/stl_pair.h:300:19:[m[K [01;36m[Knote: [m[K  template argument deduction/substitution failed:
[12.237s] [01m[K/usr/include/c++/11/bits/stl_pair.h:276:26:[m[K [01;36m[Knote: [m[Kcandidate: ‘[01m[Ktemplate<class _U1, class _U2, typename std::enable_if<(_ConstructiblePair<_U1, _U2>() && (! _ImplicitlyConvertiblePair<_U1, _U2>())), bool>::type <anonymous> > constexpr std::pair<_T1, _T2>::pair(const _T1&, const _T2&) [with _U1 = _U1; _U2 = _U2; typename std::enable_if<(std::_PCC<true, _T1, _T2>::_ConstructiblePair<_U1, _U2>() && (! std::_PCC<true, _T1, _T2>::_ImplicitlyConvertiblePair<_U1, _U2>())), bool>::type <anonymous> = <anonymous>; _T1 = rs2_stream; _T2 = int][m[K’
[12.237s]   276 |       explicit constexpr [01;36m[Kpair[m[K(const _T1& __a, const _T2& __b)
[12.237s]       |                          [01;36m[K^~~~[m[K
[12.237s] [01m[K/usr/include/c++/11/bits/stl_pair.h:276:26:[m[K [01;36m[Knote: [m[K  template argument deduction/substitution failed:
[12.238s] [01m[K/usr/include/c++/11/bits/stl_pair.h:266:17:[m[K [01;36m[Knote: [m[Kcandidate: ‘[01m[Ktemplate<class _U1, class _U2, typename std::enable_if<(_ConstructiblePair<_U1, _U2>() && _ImplicitlyConvertiblePair<_U1, _U2>()), bool>::type <anonymous> > constexpr std::pair<_T1, _T2>::pair(const _T1&, const _T2&) [with _U1 = _U1; _U2 = _U2; typename std::enable_if<(std::_PCC<true, _T1, _T2>::_ConstructiblePair<_U1, _U2>() && std::_PCC<true, _T1, _T2>::_ImplicitlyConvertiblePair<_U1, _U2>()), bool>::type <anonymous> = <anonymous>; _T1 = rs2_stream; _T2 = int][m[K’
[12.238s]   266 |       constexpr [01;36m[Kpair[m[K(const _T1& __a, const _T2& __b)
[12.238s]       |                 [01;36m[K^~~~[m[K
[12.238s] [01m[K/usr/include/c++/11/bits/stl_pair.h:266:17:[m[K [01;36m[Knote: [m[K  template argument deduction/substitution failed:
[12.238s] [01m[K/usr/include/c++/11/bits/stl_pair.h:245:26:[m[K [01;36m[Knote: [m[Kcandidate: ‘[01m[Ktemplate<class _U1, class _U2, typename std::enable_if<std::__and_<std::is_default_constructible<_U1>, std::is_default_constructible<_Dp>, std::__not_<std::__and_<std::__is_implicitly_default_constructible<_U1>, std::__is_implicitly_default_constructible<_U2> > > >::value, bool>::type <anonymous> > constexpr std::pair<_T1, _T2>::pair() [with _U1 = _U1; _U2 = _U2; typename std::enable_if<std::__and_<std::is_default_constructible<_U1>, std::is_default_constructible<_U2>, std::__not_<std::__and_<std::__is_implicitly_default_constructible<_U1>, std::__is_implicitly_default_constructible<_U2> > > >::value, bool>::type <anonymous> = <anonymous>; _T1 = rs2_stream; _T2 = int][m[K’
[12.238s]   245 |       explicit constexpr [01;36m[Kpair[m[K()
[12.238s]       |                          [01;36m[K^~~~[m[K
[12.238s] [01m[K/usr/include/c++/11/bits/stl_pair.h:245:26:[m[K [01;36m[Knote: [m[K  template argument deduction/substitution failed:
[12.238s] In file included from [01m[K/home/brace/codeSpace/navi/src/realsense-ros/realsense2_camera/include/ros_sensor.h:22[m[K,
[12.238s]                  from [01m[K/home/brace/codeSpace/navi/src/realsense-ros/realsense2_camera/src/ros_sensor.cpp:15[m[K:
[12.239s] [01m[K/home/brace/codeSpace/navi/src/realsense-ros/realsense2_camera/include/ros_utils.h:37:82:[m[K [01;36m[Knote: [m[K  candidate expects 0 arguments, 2 provided
[12.239s]    37 |     const stream_index_pair LABELED_POINT_CLOUD{RS2_STREAM_LABELED_POINT_CLOUD, 0[01;36m[K}[m[K;
[12.239s]       |                                                                                  [01;36m[K^[m[K
[12.239s] In file included from [01m[K/usr/include/c++/11/bits/stl_algobase.h:64[m[K,
[12.239s]                  from [01m[K/usr/include/c++/11/bits/specfun.h:45[m[K,
[12.239s]                  from [01m[K/usr/include/c++/11/cmath:1935[m[K,
[12.240s]                  from [01m[K/usr/include/c++/11/math.h:36[m[K,
[12.241s]                  from [01m[K/opt/ros/humble/include/librealsense2/rsutil.h:10[m[K,
[12.241s]                  from [01m[K/opt/ros/humble/include/librealsense2/rs.h:16[m[K,
[12.241s]                  from [01m[K/opt/ros/humble/include/librealsense2/rs.hpp:7[m[K,
[12.242s]                  from [01m[K/home/brace/codeSpace/navi/src/realsense-ros/realsense2_camera/include/ros_sensor.h:17[m[K,
[12.242s]                  from [01m[K/home/brace/codeSpace/navi/src/realsense-ros/realsense2_camera/src/ros_sensor.cpp:15[m[K:
[12.242s] [01m[K/usr/include/c++/11/bits/stl_pair.h:232:26:[m[K [01;36m[Knote: [m[Kcandidate: ‘[01m[Ktemplate<class _U1, class _U2, typename std::enable_if<std::__and_<std::__is_implicitly_default_constructible<_U1>, std::__is_implicitly_default_constructible<_U2> >::value, bool>::type <anonymous> > constexpr std::pair<_T1, _T2>::pair() [with _U1 = _U1; _U2 = _U2; typename std::enable_if<std::__and_<std::__is_implicitly_default_constructible<_U1>, std::__is_implicitly_default_constructible<_U2> >::value, bool>::type <anonymous> = <anonymous>; _T1 = rs2_stream; _T2 = int][m[K’
[12.242s]   232 |       _GLIBCXX_CONSTEXPR [01;36m[Kpair[m[K()
[12.242s]       |                          [01;36m[K^~~~[m[K
[12.242s] [01m[K/usr/include/c++/11/bits/stl_pair.h:232:26:[m[K [01;36m[Knote: [m[K  template argument deduction/substitution failed:
[12.242s] In file included from [01m[K/home/brace/codeSpace/navi/src/realsense-ros/realsense2_camera/include/ros_sensor.h:22[m[K,
[12.242s]                  from [01m[K/home/brace/codeSpace/navi/src/realsense-ros/realsense2_camera/src/ros_sensor.cpp:15[m[K:
[12.242s] [01m[K/home/brace/codeSpace/navi/src/realsense-ros/realsense2_camera/include/ros_utils.h:37:82:[m[K [01;36m[Knote: [m[K  candidate expects 0 arguments, 2 provided
[12.242s]    37 |     const stream_index_pair LABELED_POINT_CLOUD{RS2_STREAM_LABELED_POINT_CLOUD, 0[01;36m[K}[m[K;
[12.242s]       |                                                                                  [01;36m[K^[m[K
[12.242s] In file included from [01m[K/usr/include/c++/11/bits/stl_algobase.h:64[m[K,
[12.243s]                  from [01m[K/usr/include/c++/11/bits/specfun.h:45[m[K,
[12.243s]                  from [01m[K/usr/include/c++/11/cmath:1935[m[K,
[12.243s]                  from [01m[K/usr/include/c++/11/math.h:36[m[K,
[12.243s]                  from [01m[K/opt/ros/humble/include/librealsense2/rsutil.h:10[m[K,
[12.243s]                  from [01m[K/opt/ros/humble/include/librealsense2/rs.h:16[m[K,
[12.243s]                  from [01m[K/opt/ros/humble/include/librealsense2/rs.hpp:7[m[K,
[12.243s]                  from [01m[K/home/brace/codeSpace/navi/src/realsense-ros/realsense2_camera/include/ros_sensor.h:17[m[K,
[12.243s]                  from [01m[K/home/brace/codeSpace/navi/src/realsense-ros/realsense2_camera/src/ros_sensor.cpp:15[m[K:
[12.243s] [01m[K/usr/include/c++/11/bits/stl_pair.h:315:17:[m[K [01;36m[Knote: [m[Kcandidate: ‘[01m[Kconstexpr std::pair<_T1, _T2>::pair(std::pair<_T1, _T2>&&) [with _T1 = rs2_stream; _T2 = int][m[K’
[12.243s]   315 |       constexpr [01;36m[Kpair[m[K(pair&&) = default;         ///< Move constructor
[12.243s]       |                 [01;36m[K^~~~[m[K
[12.244s] [01m[K/usr/include/c++/11/bits/stl_pair.h:315:17:[m[K [01;36m[Knote: [m[K  candidate expects 1 argument, 2 provided
[12.244s] [01m[K/usr/include/c++/11/bits/stl_pair.h:314:17:[m[K [01;36m[Knote: [m[Kcandidate: ‘[01m[Kconstexpr std::pair<_T1, _T2>::pair(const std::pair<_T1, _T2>&) [with _T1 = rs2_stream; _T2 = int][m[K’
[12.244s]   314 |       constexpr [01;36m[Kpair[m[K(const pair&) = default;    ///< Copy constructor
[12.244s]       |                 [01;36m[K^~~~[m[K
[12.244s] [01m[K/usr/include/c++/11/bits/stl_pair.h:314:17:[m[K [01;36m[Knote: [m[K  candidate expects 1 argument, 2 provided
[12.255s] In file included from [01m[K/home/brace/codeSpace/navi/src/realsense-ros/realsense2_camera/include/dynamic_params.h:16[m[K,
[12.256s]                  from [01m[K/home/brace/codeSpace/navi/src/realsense-ros/realsense2_camera/include/sensor_params.h:18[m[K,
[12.261s]                  from [01m[K/home/brace/codeSpace/navi/src/realsense-ros/realsense2_camera/include/named_filter.h:20[m[K,
[12.261s]                  from [01m[K/home/brace/codeSpace/navi/src/realsense-ros/realsense2_camera/src/named_filter.cpp:15[m[K:
[12.261s] [01m[K/home/brace/codeSpace/navi/src/realsense-ros/realsense2_camera/include/ros_utils.h:36:36:[m[K [01;31m[Kerror: [m[K‘[01m[KRS2_STREAM_SAFETY[m[K’ was not declared in this scope; did you mean ‘[01m[KRS2_STREAM_ANY[m[K’?
[12.261s]    36 |     const stream_index_pair SAFETY{[01;31m[KRS2_STREAM_SAFETY[m[K, 0};
[12.261s]       |                                    [01;31m[K^~~~~~~~~~~~~~~~~[m[K
[12.261s]       |                                    [32m[KRS2_STREAM_ANY[m[K
[12.262s] [01m[K/home/brace/codeSpace/navi/src/realsense-ros/realsense2_camera/include/ros_utils.h:36:56:[m[K [01;31m[Kerror: [m[Kno matching function for call to ‘[01m[Kstd::pair<rs2_stream, int>::pair(<brace-enclosed initializer list>)[m[K’
[12.264s]    36 |     const stream_index_pair SAFETY{RS2_STREAM_SAFETY, 0[01;31m[K}[m[K;
[12.267s]       |                                                        [01;31m[K^[m[K
[12.267s] In file included from [01m[K/home/brace/codeSpace/navi/src/realsense-ros/realsense2_camera/include/ros_sensor.h:22[m[K,
[12.267s]                  from [01m[K/home/brace/codeSpace/navi/src/realsense-ros/realsense2_camera/src/ros_sensor.cpp:15[m[K:
[12.267s] [01m[K/home/brace/codeSpace/navi/src/realsense-ros/realsense2_camera/include/ros_utils.h:38:39:[m[K [01;31m[Kerror: [m[K‘[01m[KRS2_STREAM_OCCUPANCY[m[K’ was not declared in this scope; did you mean ‘[01m[KRS2_STREAM_COUNT[m[K’?
[12.267s]    38 |     const stream_index_pair OCCUPANCY{[01;31m[KRS2_STREAM_OCCUPANCY[m[K, 0};
[12.267s]       |                                       [01;31m[K^~~~~~~~~~~~~~~~~~~~[m[K
[12.268s]       |                                       [32m[KRS2_STREAM_COUNT[m[K
[12.268s] [01m[K/home/brace/codeSpace/navi/src/realsense-ros/realsense2_camera/include/ros_utils.h:38:62:[m[K [01;31m[Kerror: [m[Kno matching function for call to ‘[01m[Kstd::pair<rs2_stream, int>::pair(<brace-enclosed initializer list>)[m[K’
[12.268s]    38 |     const stream_index_pair OCCUPANCY{RS2_STREAM_OCCUPANCY, 0[01;31m[K}[m[K;
[12.268s]       |                                                              [01;31m[K^[m[K
[12.268s] In file included from [01m[K/usr/include/c++/11/bits/stl_algobase.h:64[m[K,
[12.268s]                  from [01m[K/usr/include/c++/11/bits/specfun.h:45[m[K,
[12.269s]                  from [01m[K/usr/include/c++/11/cmath:1935[m[K,
[12.269s]                  from [01m[K/usr/include/c++/11/math.h:36[m[K,
[12.269s]                  from [01m[K/opt/ros/humble/include/librealsense2/rsutil.h:10[m[K,
[12.269s]                  from [01m[K/opt/ros/humble/include/librealsense2/rs.h:16[m[K,
[12.269s]                  from [01m[K/opt/ros/humble/include/librealsense2/rs.hpp:7[m[K,
[12.269s]                  from [01m[K/home/brace/codeSpace/navi/src/realsense-ros/realsense2_camera/include/ros_sensor.h:17[m[K,
[12.270s]                  from [01m[K/home/brace/codeSpace/navi/src/realsense-ros/realsense2_camera/src/ros_sensor.cpp:15[m[K:
[12.270s] [01m[K/usr/include/c++/11/bits/stl_pair.h:452:9:[m[K [01;36m[Knote: [m[Kcandidate: ‘[01m[Ktemplate<class ... _Args1, long unsigned int ..._Indexes1, class ... _Args2, long unsigned int ..._Indexes2> std::pair<_T1, _T2>::pair(std::tuple<_Args1 ...>&, std::tuple<_Args2 ...>&, std::_Index_tuple<_Indexes1 ...>, std::_Index_tuple<_Indexes2 ...>) [with _Args1 = {_Args1 ...}; long unsigned int ..._Indexes1 = {_Indexes1 ...}; _Args2 = {_Args2 ...}; long unsigned int ..._Indexes2 = {_Indexes2 ...}; _T1 = rs2_stream; _T2 = int][m[K’
[12.270s]   452 |         [01;36m[Kpair[m[K(tuple<_Args1...>&, tuple<_Args2...>&,
[12.270s]       |         [01;36m[K^~~~[m[K
[12.270s] [01m[K/usr/include/c++/11/bits/stl_pair.h:452:9:[m[K [01;36m[Knote: [m[K  template argument deduction/substitution failed:
[12.270s] [01m[K/usr/include/c++/11/bits/stl_pair.h:387:9:[m[K [01;36m[Knote: [m[Kcandidate: ‘[01m[Ktemplate<class ... _Args1, class ... _Args2> std::pair<_T1, _T2>::pair(std::piecewise_construct_t, std::tuple<_Args1 ...>, std::tuple<_Args2 ...>) [with _Args1 = {_Args1 ...}; _Args2 = {_Args2 ...}; _T1 = rs2_stream; _T2 = int][m[K’
[12.270s]   387 |         [01;36m[Kpair[m[K(piecewise_construct_t, tuple<_Args1...>, tuple<_Args2...>);
[12.270s]       |         [01;36m[K^~~~[m[K
[12.270s] [01m[K/usr/include/c++/11/bits/stl_pair.h:387:9:[m[K [01;36m[Knote: [m[K  template argument deduction/substitution failed:
[12.271s] [01m[K/usr/include/c++/11/bits/stl_pair.h:381:28:[m[K [01;36m[Knote: [m[Kcandidate: ‘[01m[Ktemplate<class _U1, class _U2, typename std::enable_if<(std::_PCC<((! std::is_same<rs2_stream, _U1>::value) || (! std::is_same<int, _U2>::value)), rs2_stream, int>::_MoveConstructiblePair<_U1, _U2>() && (! std::_PCC<((! std::is_same<rs2_stream, _U1>::value) || (! std::is_same<int, _U2>::value)), rs2_stream, int>::_ImplicitlyMoveConvertiblePair<_U1, _U2>())), bool>::type <anonymous> > constexpr std::pair<_T1, _T2>::pair(std::pair<_U1, _U2>&&) [with _U1 = _U1; _U2 = _U2; typename std::enable_if<(std::_PCC<((! std::is_same<_T1, _U1>::value) || (! std::is_same<_T2, _U2>::value)), _T1, _T2>::_MoveConstructiblePair<_U1, _U2>() && (! std::_PCC<((! std::is_same<_T1, _U1>::value) || (! std::is_same<_T2, _U2>::value)), _T1, _T2>::_ImplicitlyMoveConvertiblePair<_U1, _U2>())), bool>::type <anonymous> = <anonymous>; _T1 = rs2_stream; _T2 = int][m[K’
[12.271s]   381 |         explicit constexpr [01;36m[Kpair[m[K(pair<_U1, _U2>&& __p)
[12.271s]       |                            [01;36m[K^~~~[m[K
[12.271s] [01m[K/usr/include/c++/11/bits/stl_pair.h:381:28:[m[K [01;36m[Knote: [m[K  template argument deduction/substitution failed:
[12.271s] [01m[K/usr/include/c++/11/bits/stl_pair.h:371:19:[m[K [01;36m[Knote: [m[Kcandidate: ‘[01m[Ktemplate<class _U1, class _U2, typename std::enable_if<(std::_PCC<((! std::is_same<rs2_stream, _U1>::value) || (! std::is_same<int, _U2>::value)), rs2_stream, int>::_MoveConstructiblePair<_U1, _U2>() && std::_PCC<((! std::is_same<rs2_stream, _U1>::value) || (! std::is_same<int, _U2>::value)), rs2_stream, int>::_ImplicitlyMoveConvertiblePair<_U1, _U2>()), bool>::type <anonymous> > constexpr std::pair<_T1, _T2>::pair(std::pair<_U1, _U2>&&) [with _U1 = _U1; _U2 = _U2; typename std::enable_if<(std::_PCC<((! std::is_same<_T1, _U1>::value) || (! std::is_same<_T2, _U2>::value)), _T1, _T2>::_MoveConstructiblePair<_U1, _U2>() && std::_PCC<((! std::is_same<_T1, _U1>::value) || (! std::is_same<_T2, _U2>::value)), _T1, _T2>::_ImplicitlyMoveConvertiblePair<_U1, _U2>()), bool>::type <anonymous> = <anonymous>; _T1 = rs2_stream; _T2 = int][m[K’
[12.271s]   371 |         constexpr [01;36m[Kpair[m[K(pair<_U1, _U2>&& __p)
[12.271s]       |                   [01;36m[K^~~~[m[K
[12.271s] [01m[K/usr/include/c++/11/bits/stl_pair.h:371:19:[m[K [01;36m[Knote: [m[K  template argument deduction/substitution failed:
[12.271s] [01m[K/usr/include/c++/11/bits/stl_pair.h:361:28:[m[K [01;36m[Knote: [m[Kcandidate: ‘[01m[Ktemplate<class _U1, class _U2, typename std::enable_if<(_MoveConstructiblePair<_U1, _U2>() && (! _ImplicitlyMoveConvertiblePair<_U1, _U2>())), bool>::type <anonymous> > constexpr std::pair<_T1, _T2>::pair(_U1&&, _U2&&) [with _U1 = _U1; _U2 = _U2; typename std::enable_if<(std::_PCC<true, _T1, _T2>::_MoveConstructiblePair<_U1, _U2>() && (! std::_PCC<true, _T1, _T2>::_ImplicitlyMoveConvertiblePair<_U1, _U2>())), bool>::type <anonymous> = <anonymous>; _T1 = rs2_stream; _T2 = int][m[K’
[12.272s]   361 |         explicit constexpr [01;36m[Kpair[m[K(_U1&& __x, _U2&& __y)
[12.272s]       |                            [01;36m[K^~~~[m[K
[12.272s] [01m[K/usr/include/c++/11/bits/stl_pair.h:361:28:[m[K [01;36m[Knote: [m[K  template argument deduction/substitution failed:
[12.272s] [01m[K/usr/include/c++/11/bits/stl_pair.h:352:19:[m[K [01;36m[Knote: [m[Kcandidate: ‘[01m[Ktemplate<class _U1, class _U2, typename std::enable_if<(_MoveConstructiblePair<_U1, _U2>() && _ImplicitlyMoveConvertiblePair<_U1, _U2>()), bool>::type <anonymous> > constexpr std::pair<_T1, _T2>::pair(_U1&&, _U2&&) [with _U1 = _U1; _U2 = _U2; typename std::enable_if<(std::_PCC<true, _T1, _T2>::_MoveConstructiblePair<_U1, _U2>() && std::_PCC<true, _T1, _T2>::_ImplicitlyMoveConvertiblePair<_U1, _U2>()), bool>::type <anonymous> = <anonymous>; _T1 = rs2_stream; _T2 = int][m[K’
[12.272s]   352 |         constexpr [01;36m[Kpair[m[K(_U1&& __x, _U2&& __y)
[12.272s]       |                   [01;36m[K^~~~[m[K
[12.272s] [01m[K/usr/include/c++/11/bits/stl_pair.h:352:19:[m[K [01;36m[Knote: [m[K  template argument deduction/substitution failed:
[12.272s] [01m[K/usr/include/c++/11/bits/stl_pair.h:343:17:[m[K [01;36m[Knote: [m[Kcandidate: ‘[01m[Ktemplate<class _U2, typename std::enable_if<_CopyMovePair<false, rs2_stream, _U2>(), bool>::type <anonymous> > std::pair<_T1, _T2>::pair(const _T1&, _U2&&) [with _U2 = _U2; typename std::enable_if<std::_PCC<true, _T1, _T2>::_CopyMovePair<false, _T1, _U2>(), bool>::type <anonymous> = <anonymous>; _T1 = rs2_stream; _T2 = int][m[K’
[12.272s]   343 |        explicit [01;36m[Kpair[m[K(const _T1& __x, _U2&& __y)
[12.272s]       |                 [01;36m[K^~~~[m[K
[12.273s] [01m[K/usr/include/c++/11/bits/stl_pair.h:343:17:[m[K [01;36m[Knote: [m[K  template argument deduction/substitution failed:
[12.273s] [01m[K/usr/include/c++/11/bits/stl_pair.h:336:18:[m[K [01;36m[Knote: [m[Kcandidate: ‘[01m[Ktemplate<class _U2, typename std::enable_if<_CopyMovePair<true, rs2_stream, _U2>(), bool>::type <anonymous> > constexpr std::pair<_T1, _T2>::pair(const _T1&, _U2&&) [with _U2 = _U2; typename std::enable_if<std::_PCC<true, _T1, _T2>::_CopyMovePair<true, _T1, _U2>(), bool>::type <anonymous> = <anonymous>; _T1 = rs2_stream; _T2 = int][m[K’
[12.273s]   336 |        constexpr [01;36m[Kpair[m[K(const _T1& __x, _U2&& __y)
[12.273s]       |                  [01;36m[K^~~~[m[K
[12.273s] [01m[K/usr/include/c++/11/bits/stl_pair.h:336:18:[m[K [01;36m[Knote: [m[K  template argument deduction/substitution failed:
[12.273s] [01m[K/usr/include/c++/11/bits/stl_pair.h:329:27:[m[K [01;36m[Knote: [m[Kcandidate: ‘[01m[Ktemplate<class _U1, typename std::enable_if<_MoveCopyPair<false, _U1, int>(), bool>::type <anonymous> > constexpr std::pair<_T1, _T2>::pair(_U1&&, const _T2&) [with _U1 = _U1; typename std::enable_if<std::_PCC<true, _T1, _T2>::_MoveCopyPair<false, _U1, _T2>(), bool>::type <anonymous> = <anonymous>; _T1 = rs2_stream; _T2 = int][m[K’
[12.273s]   329 |        explicit constexpr [01;36m[Kpair[m[K(_U1&& __x, const _T2& __y)
[12.273s]       |                           [01;36m[K^~~~[m[K
[12.273s] [01m[K/usr/include/c++/11/bits/stl_pair.h:329:27:[m[K [01;36m[Knote: [m[K  template argument deduction/substitution failed:
[12.273s] [01m[K/usr/include/c++/11/bits/stl_pair.h:322:18:[m[K [01;36m[Knote: [m[Kcandidate: ‘[01m[Ktemplate<class _U1, typename std::enable_if<_MoveCopyPair<true, _U1, int>(), bool>::type <anonymous> > constexpr std::pair<_T1, _T2>::pair(_U1&&, const _T2&) [with _U1 = _U1; typename std::enable_if<std::_PCC<true, _T1, _T2>::_MoveCopyPair<true, _U1, _T2>(), bool>::type <anonymous> = <anonymous>; _T1 = rs2_stream; _T2 = int][m[K’
[12.273s]   322 |        constexpr [01;36m[Kpair[m[K(_U1&& __x, const _T2& __y)
[12.273s]       |                  [01;36m[K^~~~[m[K
[12.274s] [01m[K/usr/include/c++/11/bits/stl_pair.h:322:18:[m[K [01;36m[Knote: [m[K  template argument deduction/substitution failed:
[12.274s] [01m[K/usr/include/c++/11/bits/stl_pair.h:309:28:[m[K [01;36m[Knote: [m[Kcandidate: ‘[01m[Ktemplate<class _U1, class _U2, typename std::enable_if<(std::_PCC<((! std::is_same<rs2_stream, _U1>::value) || (! std::is_same<int, _U2>::value)), rs2_stream, int>::_ConstructiblePair<_U1, _U2>() && (! std::_PCC<((! std::is_same<rs2_stream, _U1>::value) || (! std::is_same<int, _U2>::value)), rs2_stream, int>::_ImplicitlyConvertiblePair<_U1, _U2>())), bool>::type <anonymous> > constexpr std::pair<_T1, _T2>::pair(const std::pair<_U1, _U2>&) [with _U1 = _U1; _U2 = _U2; typename std::enable_if<(std::_PCC<((! std::is_same<_T1, _U1>::value) || (! std::is_same<_T2, _U2>::value)), _T1, _T2>::_ConstructiblePair<_U1, _U2>() && (! std::_PCC<((! std::is_same<_T1, _U1>::value) || (! std::is_same<_T2, _U2>::value)), _T1, _T2>::_ImplicitlyConvertiblePair<_U1, _U2>())), bool>::type <anonymous> = <anonymous>; _T1 = rs2_stream; _T2 = int][m[K’
[12.274s]   309 |         explicit constexpr [01;36m[Kpair[m[K(const pair<_U1, _U2>& __p)
[12.274s]       |                            [01;36m[K^~~~[m[K
[12.274s] [01m[K/usr/include/c++/11/bits/stl_pair.h:309:28:[m[K [01;36m[Knote: [m[K  template argument deduction/substitution failed:
[12.274s] In file included from [01m[K/usr/include/c++/11/bits/stl_algobase.h:64[m[K,
[12.274s]                  from [01m[K/usr/include/c++/11/bits/char_traits.h:39[m[K,
[12.274s]                  from [01m[K/usr/include/c++/11/string:40[m[K,
[12.274s]                  from [01m[K/home/brace/codeSpace/navi/src/realsense-ros/realsense2_camera/include/named_filter.h:17[m[K,
[12.274s]                  from [01m[K/home/brace/codeSpace/navi/src/realsense-ros/realsense2_camera/src/named_filter.cpp:15[m[K:
[12.274s] [01m[K/usr/include/c++/11/bits/stl_pair.h:452:9:[m[K [01;36m[Knote: [m[Kcandidate: ‘[01m[Ktemplate<class ... _Args1, long unsigned int ..._Indexes1, class ... _Args2, long unsigned int ..._Indexes2> std::pair<_T1, _T2>::pair(std::tuple<_Args1 ...>&, std::tuple<_Args2 ...>&, std::_Index_tuple<_Indexes1 ...>, std::_Index_tuple<_Indexes2 ...>) [with _Args1 = {_Args1 ...}; long unsigned int ..._Indexes1 = {_Indexes1 ...}; _Args2 = {_Args2 ...}; long unsigned int ..._Indexes2 = {_Indexes2 ...}; _T1 = rs2_stream; _T2 = int][m[K’
[12.274s]   452 |         [01;36m[Kpair[m[K(tuple<_Args1...>&, tuple<_Args2...>&,
[12.274s]       |         [01;36m[K^~~~[m[K
[12.274s] [01m[K/usr/include/c++/11/bits/stl_pair.h:300:19:[m[K [01;36m[Knote: [m[Kcandidate: ‘[01m[Ktemplate<class _U1, class _U2, typename std::enable_if<(std::_PCC<((! std::is_same<rs2_stream, _U1>::value) || (! std::is_same<int, _U2>::value)), rs2_stream, int>::_ConstructiblePair<_U1, _U2>() && std::_PCC<((! std::is_same<rs2_stream, _U1>::value) || (! std::is_same<int, _U2>::value)), rs2_stream, int>::_ImplicitlyConvertiblePair<_U1, _U2>()), bool>::type <anonymous> > constexpr std::pair<_T1, _T2>::pair(const std::pair<_U1, _U2>&) [with _U1 = _U1; _U2 = _U2; typename std::enable_if<(std::_PCC<((! std::is_same<_T1, _U1>::value) || (! std::is_same<_T2, _U2>::value)), _T1, _T2>::_ConstructiblePair<_U1, _U2>() && std::_PCC<((! std::is_same<_T1, _U1>::value) || (! std::is_same<_T2, _U2>::value)), _T1, _T2>::_ImplicitlyConvertiblePair<_U1, _U2>()), bool>::type <anonymous> = <anonymous>; _T1 = rs2_stream; _T2 = int][m[K’
[12.275s]   300 |         constexpr [01;36m[Kpair[m[K(const pair<_U1, _U2>& __p)
[12.275s]       |                   [01;36m[K^~~~[m[K
[12.275s] [01m[K/usr/include/c++/11/bits/stl_pair.h:300:19:[m[K [01;36m[Knote: [m[K  template argument deduction/substitution failed:
[12.276s] [01m[K/usr/include/c++/11/bits/stl_pair.h:452:9:[m[K [01;36m[Knote: [m[K  template argument deduction/substitution failed:
[12.276s] [01m[K/usr/include/c++/11/bits/stl_pair.h:276:26:[m[K [01;36m[Knote: [m[Kcandidate: ‘[01m[Ktemplate<class _U1, class _U2, typename std::enable_if<(_ConstructiblePair<_U1, _U2>() && (! _ImplicitlyConvertiblePair<_U1, _U2>())), bool>::type <anonymous> > constexpr std::pair<_T1, _T2>::pair(const _T1&, const _T2&) [with _U1 = _U1; _U2 = _U2; typename std::enable_if<(std::_PCC<true, _T1, _T2>::_ConstructiblePair<_U1, _U2>() && (! std::_PCC<true, _T1, _T2>::_ImplicitlyConvertiblePair<_U1, _U2>())), bool>::type <anonymous> = <anonymous>; _T1 = rs2_stream; _T2 = int][m[K’
[12.276s]   276 |       explicit constexpr [01;36m[Kpair[m[K(const _T1& __a, const _T2& __b)
[12.276s]       |                          [01;36m[K^~~~[m[K
[12.276s] [01m[K/usr/include/c++/11/bits/stl_pair.h:276:26:[m[K [01;36m[Knote: [m[K  template argument deduction/substitution failed:
[12.277s] [01m[K/usr/include/c++/11/bits/stl_pair.h:266:17:[m[K [01;36m[Knote: [m[Kcandidate: ‘[01m[Ktemplate<class _U1, class _U2, typename std::enable_if<(_ConstructiblePair<_U1, _U2>() && _ImplicitlyConvertiblePair<_U1, _U2>()), bool>::type <anonymous> > constexpr std::pair<_T1, _T2>::pair(const _T1&, const _T2&) [with _U1 = _U1; _U2 = _U2; typename std::enable_if<(std::_PCC<true, _T1, _T2>::_ConstructiblePair<_U1, _U2>() && std::_PCC<true, _T1, _T2>::_ImplicitlyConvertiblePair<_U1, _U2>()), bool>::type <anonymous> = <anonymous>; _T1 = rs2_stream; _T2 = int][m[K’
[12.277s]   266 |       constexpr [01;36m[Kpair[m[K(const _T1& __a, const _T2& __b)
[12.277s]       |                 [01;36m[K^~~~[m[K
[12.277s] [01m[K/usr/include/c++/11/bits/stl_pair.h:266:17:[m[K [01;36m[Knote: [m[K  template argument deduction/substitution failed:
[12.277s] [01m[K/usr/include/c++/11/bits/stl_pair.h:387:9:[m[K [01;36m[Knote: [m[Kcandidate: ‘[01m[Ktemplate<class ... _Args1, class ... _Args2> std::pair<_T1, _T2>::pair(std::piecewise_construct_t, std::tuple<_Args1 ...>, std::tuple<_Args2 ...>) [with _Args1 = {_Args1 ...}; _Args2 = {_Args2 ...}; _T1 = rs2_stream; _T2 = int][m[K’
[12.277s]   387 |         [01;36m[Kpair[m[K(piecewise_construct_t, tuple<_Args1...>, tuple<_Args2...>);
[12.277s]       |         [01;36m[K^~~~[m[K
[12.278s] [01m[K/usr/include/c++/11/bits/stl_pair.h:387:9:[m[K [01;36m[Knote: [m[K  template argument deduction/substitution failed:
[12.278s] [01m[K/usr/include/c++/11/bits/stl_pair.h:245:26:[m[K [01;36m[Knote: [m[Kcandidate: ‘[01m[Ktemplate<class _U1, class _U2, typename std::enable_if<std::__and_<std::is_default_constructible<_U1>, std::is_default_constructible<_Dp>, std::__not_<std::__and_<std::__is_implicitly_default_constructible<_U1>, std::__is_implicitly_default_constructible<_U2> > > >::value, bool>::type <anonymous> > constexpr std::pair<_T1, _T2>::pair() [with _U1 = _U1; _U2 = _U2; typename std::enable_if<std::__and_<std::is_default_constructible<_U1>, std::is_default_constructible<_U2>, std::__not_<std::__and_<std::__is_implicitly_default_constructible<_U1>, std::__is_implicitly_default_constructible<_U2> > > >::value, bool>::type <anonymous> = <anonymous>; _T1 = rs2_stream; _T2 = int][m[K’
[12.278s]   245 |       explicit constexpr [01;36m[Kpair[m[K()
[12.278s]       |                          [01;36m[K^~~~[m[K
[12.278s] [01m[K/usr/include/c++/11/bits/stl_pair.h:245:26:[m[K [01;36m[Knote: [m[K  template argument deduction/substitution failed:
[12.278s] [01m[K/usr/include/c++/11/bits/stl_pair.h:381:28:[m[K [01;36m[Knote: [m[Kcandidate: ‘[01m[Ktemplate<class _U1, class _U2, typename std::enable_if<(std::_PCC<((! std::is_same<rs2_stream, _U1>::value) || (! std::is_same<int, _U2>::value)), rs2_stream, int>::_MoveConstructiblePair<_U1, _U2>() && (! std::_PCC<((! std::is_same<rs2_stream, _U1>::value) || (! std::is_same<int, _U2>::value)), rs2_stream, int>::_ImplicitlyMoveConvertiblePair<_U1, _U2>())), bool>::type <anonymous> > constexpr std::pair<_T1, _T2>::pair(std::pair<_U1, _U2>&&) [with _U1 = _U1; _U2 = _U2; typename std::enable_if<(std::_PCC<((! std::is_same<_T1, _U1>::value) || (! std::is_same<_T2, _U2>::value)), _T1, _T2>::_MoveConstructiblePair<_U1, _U2>() && (! std::_PCC<((! std::is_same<_T1, _U1>::value) || (! std::is_same<_T2, _U2>::value)), _T1, _T2>::_ImplicitlyMoveConvertiblePair<_U1, _U2>())), bool>::type <anonymous> = <anonymous>; _T1 = rs2_stream; _T2 = int][m[K’
[12.278s]   381 |         explicit constexpr [01;36m[Kpair[m[K(pair<_U1, _U2>&& __p)
[12.278s]       |                            [01;36m[K^~~~[m[K
[12.279s] [01m[K/usr/include/c++/11/bits/stl_pair.h:381:28:[m[K [01;36m[Knote: [m[K  template argument deduction/substitution failed:
[12.279s] In file included from [01m[K/home/brace/codeSpace/navi/src/realsense-ros/realsense2_camera/include/ros_sensor.h:22[m[K,
[12.279s]                  from [01m[K/home/brace/codeSpace/navi/src/realsense-ros/realsense2_camera/src/ros_sensor.cpp:15[m[K:
[12.279s] [01m[K/home/brace/codeSpace/navi/src/realsense-ros/realsense2_camera/include/ros_utils.h:38:62:[m[K [01;36m[Knote: [m[K  candidate expects 0 arguments, 2 provided
[12.279s]    38 |     const stream_index_pair OCCUPANCY{RS2_STREAM_OCCUPANCY, 0[01;36m[K}[m[K;
[12.279s]       |                                                              [01;36m[K^[m[K
[12.279s] In file included from [01m[K/usr/include/c++/11/bits/stl_algobase.h:64[m[K,
[12.279s]                  from [01m[K/usr/include/c++/11/bits/specfun.h:45[m[K,
[12.279s]                  from [01m[K/usr/include/c++/11/cmath:1935[m[K,
[12.279s]                  from [01m[K/usr/include/c++/11/math.h:36[m[K,
[12.279s]                  from [01m[K/opt/ros/humble/include/librealsense2/rsutil.h:10[m[K,
[12.279s]                  from [01m[K/opt/ros/humble/include/librealsense2/rs.h:16[m[K,
[12.279s]                  from [01m[K/opt/ros/humble/include/librealsense2/rs.hpp:7[m[K,
[12.279s]                  from [01m[K/home/brace/codeSpace/navi/src/realsense-ros/realsense2_camera/include/ros_sensor.h:17[m[K,
[12.279s]                  from [01m[K/home/brace/codeSpace/navi/src/realsense-ros/realsense2_camera/src/ros_sensor.cpp:15[m[K:
[12.279s] [01m[K/usr/include/c++/11/bits/stl_pair.h:232:26:[m[K [01;36m[Knote: [m[Kcandidate: ‘[01m[Ktemplate<class _U1, class _U2, typename std::enable_if<std::__and_<std::__is_implicitly_default_constructible<_U1>, std::__is_implicitly_default_constructible<_U2> >::value, bool>::type <anonymous> > constexpr std::pair<_T1, _T2>::pair() [with _U1 = _U1; _U2 = _U2; typename std::enable_if<std::__and_<std::__is_implicitly_default_constructible<_U1>, std::__is_implicitly_default_constructible<_U2> >::value, bool>::type <anonymous> = <anonymous>; _T1 = rs2_stream; _T2 = int][m[K’
[12.279s]   232 |       _GLIBCXX_CONSTEXPR [01;36m[Kpair[m[K()
[12.279s]       |                          [01;36m[K^~~~[m[K
[12.279s] [01m[K/usr/include/c++/11/bits/stl_pair.h:371:19:[m[K [01;36m[Knote: [m[Kcandidate: ‘[01m[Ktemplate<class _U1, class _U2, typename std::enable_if<(std::_PCC<((! std::is_same<rs2_stream, _U1>::value) || (! std::is_same<int, _U2>::value)), rs2_stream, int>::_MoveConstructiblePair<_U1, _U2>() && std::_PCC<((! std::is_same<rs2_stream, _U1>::value) || (! std::is_same<int, _U2>::value)), rs2_stream, int>::_ImplicitlyMoveConvertiblePair<_U1, _U2>()), bool>::type <anonymous> > constexpr std::pair<_T1, _T2>::pair(std::pair<_U1, _U2>&&) [with _U1 = _U1; _U2 = _U2; typename std::enable_if<(std::_PCC<((! std::is_same<_T1, _U1>::value) || (! std::is_same<_T2, _U2>::value)), _T1, _T2>::_MoveConstructiblePair<_U1, _U2>() && std::_PCC<((! std::is_same<_T1, _U1>::value) || (! std::is_same<_T2, _U2>::value)), _T1, _T2>::_ImplicitlyMoveConvertiblePair<_U1, _U2>()), bool>::type <anonymous> = <anonymous>; _T1 = rs2_stream; _T2 = int][m[K’
[12.280s]   371 |         constexpr [01;36m[Kpair[m[K(pair<_U1, _U2>&& __p)
[12.280s]       |                   [01;36m[K^~~~[m[K
[12.280s] [01m[K/usr/include/c++/11/bits/stl_pair.h:371:19:[m[K [01;36m[Knote: [m[K  template argument deduction/substitution failed:
[12.280s] [01m[K/usr/include/c++/11/bits/stl_pair.h:232:26:[m[K [01;36m[Knote: [m[K  template argument deduction/substitution failed:
[12.280s] [01m[K/usr/include/c++/11/bits/stl_pair.h:361:28:[m[K [01;36m[Knote: [m[Kcandidate: ‘[01m[Ktemplate<class _U1, class _U2, typename std::enable_if<(_MoveConstructiblePair<_U1, _U2>() && (! _ImplicitlyMoveConvertiblePair<_U1, _U2>())), bool>::type <anonymous> > constexpr std::pair<_T1, _T2>::pair(_U1&&, _U2&&) [with _U1 = _U1; _U2 = _U2; typename std::enable_if<(std::_PCC<true, _T1, _T2>::_MoveConstructiblePair<_U1, _U2>() && (! std::_PCC<true, _T1, _T2>::_ImplicitlyMoveConvertiblePair<_U1, _U2>())), bool>::type <anonymous> = <anonymous>; _T1 = rs2_stream; _T2 = int][m[K’
[12.280s]   361 |         explicit constexpr [01;36m[Kpair[m[K(_U1&& __x, _U2&& __y)
[12.280s]       |                            [01;36m[K^~~~[m[K
[12.280s] In file included from [01m[K/home/brace/codeSpace/navi/src/realsense-ros/realsense2_camera/include/ros_sensor.h:22[m[K,
[12.280s]                  from [01m[K/home/brace/codeSpace/navi/src/realsense-ros/realsense2_camera/src/ros_sensor.cpp:15[m[K:
[12.280s] [01m[K/home/brace/codeSpace/navi/src/realsense-ros/realsense2_camera/include/ros_utils.h:38:62:[m[K [01;36m[Knote: [m[K  candidate expects 0 arguments, 2 provided
[12.280s]    38 |     const stream_index_pair OCCUPANCY{RS2_STREAM_OCCUPANCY, 0[01;36m[K}[m[K;
[12.280s]       |                                                              [01;36m[K^[m[K
[12.280s] In file included from [01m[K/usr/include/c++/11/bits/stl_algobase.h:64[m[K,
[12.280s]                  from [01m[K/usr/include/c++/11/bits/specfun.h:45[m[K,
[12.280s]                  from [01m[K/usr/include/c++/11/cmath:1935[m[K,
[12.280s]                  from [01m[K/usr/include/c++/11/math.h:36[m[K,
[12.281s]                  from [01m[K/opt/ros/humble/include/librealsense2/rsutil.h:10[m[K,
[12.281s]                  from [01m[K/opt/ros/humble/include/librealsense2/rs.h:16[m[K,
[12.282s]                  from [01m[K/opt/ros/humble/include/librealsense2/rs.hpp:7[m[K,
[12.282s]                  from [01m[K/home/brace/codeSpace/navi/src/realsense-ros/realsense2_camera/include/ros_sensor.h:17[m[K,
[12.282s]                  from [01m[K/home/brace/codeSpace/navi/src/realsense-ros/realsense2_camera/src/ros_sensor.cpp:15[m[K:
[12.282s] [01m[K/usr/include/c++/11/bits/stl_pair.h:315:17:[m[K [01;36m[Knote: [m[Kcandidate: ‘[01m[Kconstexpr std::pair<_T1, _T2>::pair(std::pair<_T1, _T2>&&) [with _T1 = rs2_stream; _T2 = int][m[K’
[12.282s]   315 |       constexpr [01;36m[Kpair[m[K(pair&&) = default;         ///< Move constructor
[12.282s]       |                 [01;36m[K^~~~[m[K
[12.283s] [01m[K/usr/include/c++/11/bits/stl_pair.h:361:28:[m[K [01;36m[Knote: [m[K  template argument deduction/substitution failed:
[12.283s] [01m[K/usr/include/c++/11/bits/stl_pair.h:352:19:[m[K [01;36m[Knote: [m[Kcandidate: ‘[01m[Ktemplate<class _U1, class _U2, typename std::enable_if<(_MoveConstructiblePair<_U1, _U2>() && _ImplicitlyMoveConvertiblePair<_U1, _U2>()), bool>::type <anonymous> > constexpr std::pair<_T1, _T2>::pair(_U1&&, _U2&&) [with _U1 = _U1; _U2 = _U2; typename std::enable_if<(std::_PCC<true, _T1, _T2>::_MoveConstructiblePair<_U1, _U2>() && std::_PCC<true, _T1, _T2>::_ImplicitlyMoveConvertiblePair<_U1, _U2>()), bool>::type <anonymous> = <anonymous>; _T1 = rs2_stream; _T2 = int][m[K’
[12.283s]   352 |         constexpr [01;36m[Kpair[m[K(_U1&& __x, _U2&& __y)
[12.283s]       |                   [01;36m[K^~~~[m[K
[12.283s] [01m[K/usr/include/c++/11/bits/stl_pair.h:352:19:[m[K [01;36m[Knote: [m[K  template argument deduction/substitution failed:
[12.284s] [01m[K/usr/include/c++/11/bits/stl_pair.h:315:17:[m[K [01;36m[Knote: [m[K  candidate expects 1 argument, 2 provided
[12.284s] [01m[K/usr/include/c++/11/bits/stl_pair.h:314:17:[m[K [01;36m[Knote: [m[Kcandidate: ‘[01m[Kconstexpr std::pair<_T1, _T2>::pair(const std::pair<_T1, _T2>&) [with _T1 = rs2_stream; _T2 = int][m[K’
[12.284s]   314 |       constexpr [01;36m[Kpair[m[K(const pair&) = default;    ///< Copy constructor
[12.284s]       |                 [01;36m[K^~~~[m[K
[12.284s] [01m[K/usr/include/c++/11/bits/stl_pair.h:314:17:[m[K [01;36m[Knote: [m[K  candidate expects 1 argument, 2 provided
[12.284s] [01m[K/usr/include/c++/11/bits/stl_pair.h:343:17:[m[K [01;36m[Knote: [m[Kcandidate: ‘[01m[Ktemplate<class _U2, typename std::enable_if<_CopyMovePair<false, rs2_stream, _U2>(), bool>::type <anonymous> > std::pair<_T1, _T2>::pair(const _T1&, _U2&&) [with _U2 = _U2; typename std::enable_if<std::_PCC<true, _T1, _T2>::_CopyMovePair<false, _T1, _U2>(), bool>::type <anonymous> = <anonymous>; _T1 = rs2_stream; _T2 = int][m[K’
[12.285s]   343 |        explicit [01;36m[Kpair[m[K(const _T1& __x, _U2&& __y)
[12.285s]       |                 [01;36m[K^~~~[m[K
[12.285s] [01m[K/usr/include/c++/11/bits/stl_pair.h:343:17:[m[K [01;36m[Knote: [m[K  template argument deduction/substitution failed:
[12.285s] [01m[K/usr/include/c++/11/bits/stl_pair.h:336:18:[m[K [01;36m[Knote: [m[Kcandidate: ‘[01m[Ktemplate<class _U2, typename std::enable_if<_CopyMovePair<true, rs2_stream, _U2>(), bool>::type <anonymous> > constexpr std::pair<_T1, _T2>::pair(const _T1&, _U2&&) [with _U2 = _U2; typename std::enable_if<std::_PCC<true, _T1, _T2>::_CopyMovePair<true, _T1, _U2>(), bool>::type <anonymous> = <anonymous>; _T1 = rs2_stream; _T2 = int][m[K’
[12.285s]   336 |        constexpr [01;36m[Kpair[m[K(const _T1& __x, _U2&& __y)
[12.285s]       |                  [01;36m[K^~~~[m[K
[12.286s] [01m[K/usr/include/c++/11/bits/stl_pair.h:336:18:[m[K [01;36m[Knote: [m[K  template argument deduction/substitution failed:
[12.287s] [01m[K/usr/include/c++/11/bits/stl_pair.h:329:27:[m[K [01;36m[Knote: [m[Kcandidate: ‘[01m[Ktemplate<class _U1, typename std::enable_if<_MoveCopyPair<false, _U1, int>(), bool>::type <anonymous> > constexpr std::pair<_T1, _T2>::pair(_U1&&, const _T2&) [with _U1 = _U1; typename std::enable_if<std::_PCC<true, _T1, _T2>::_MoveCopyPair<false, _U1, _T2>(), bool>::type <anonymous> = <anonymous>; _T1 = rs2_stream; _T2 = int][m[K’
[12.287s]   329 |        explicit constexpr [01;36m[Kpair[m[K(_U1&& __x, const _T2& __y)
[12.287s]       |                           [01;36m[K^~~~[m[K
[12.288s] [01m[K/usr/include/c++/11/bits/stl_pair.h:329:27:[m[K [01;36m[Knote: [m[K  template argument deduction/substitution failed:
[12.288s] [01m[K/usr/include/c++/11/bits/stl_pair.h:322:18:[m[K [01;36m[Knote: [m[Kcandidate: ‘[01m[Ktemplate<class _U1, typename std::enable_if<_MoveCopyPair<true, _U1, int>(), bool>::type <anonymous> > constexpr std::pair<_T1, _T2>::pair(_U1&&, const _T2&) [with _U1 = _U1; typename std::enable_if<std::_PCC<true, _T1, _T2>::_MoveCopyPair<true, _U1, _T2>(), bool>::type <anonymous> = <anonymous>; _T1 = rs2_stream; _T2 = int][m[K’
[12.288s]   322 |        constexpr [01;36m[Kpair[m[K(_U1&& __x, const _T2& __y)
[12.288s]       |                  [01;36m[K^~~~[m[K
[12.288s] [01m[K/usr/include/c++/11/bits/stl_pair.h:322:18:[m[K [01;36m[Knote: [m[K  template argument deduction/substitution failed:
[12.288s] [01m[K/usr/include/c++/11/bits/stl_pair.h:309:28:[m[K [01;36m[Knote: [m[Kcandidate: ‘[01m[Ktemplate<class _U1, class _U2, typename std::enable_if<(std::_PCC<((! std::is_same<rs2_stream, _U1>::value) || (! std::is_same<int, _U2>::value)), rs2_stream, int>::_ConstructiblePair<_U1, _U2>() && (! std::_PCC<((! std::is_same<rs2_stream, _U1>::value) || (! std::is_same<int, _U2>::value)), rs2_stream, int>::_ImplicitlyConvertiblePair<_U1, _U2>())), bool>::type <anonymous> > constexpr std::pair<_T1, _T2>::pair(const std::pair<_U1, _U2>&) [with _U1 = _U1; _U2 = _U2; typename std::enable_if<(std::_PCC<((! std::is_same<_T1, _U1>::value) || (! std::is_same<_T2, _U2>::value)), _T1, _T2>::_ConstructiblePair<_U1, _U2>() && (! std::_PCC<((! std::is_same<_T1, _U1>::value) || (! std::is_same<_T2, _U2>::value)), _T1, _T2>::_ImplicitlyConvertiblePair<_U1, _U2>())), bool>::type <anonymous> = <anonymous>; _T1 = rs2_stream; _T2 = int][m[K’
[12.289s]   309 |         explicit constexpr [01;36m[Kpair[m[K(const pair<_U1, _U2>& __p)
[12.289s]       |                            [01;36m[K^~~~[m[K
[12.289s] [01m[K/usr/include/c++/11/bits/stl_pair.h:309:28:[m[K [01;36m[Knote: [m[K  template argument deduction/substitution failed:
[12.289s] [01m[K/usr/include/c++/11/bits/stl_pair.h:300:19:[m[K [01;36m[Knote: [m[Kcandidate: ‘[01m[Ktemplate<class _U1, class _U2, typename std::enable_if<(std::_PCC<((! std::is_same<rs2_stream, _U1>::value) || (! std::is_same<int, _U2>::value)), rs2_stream, int>::_ConstructiblePair<_U1, _U2>() && std::_PCC<((! std::is_same<rs2_stream, _U1>::value) || (! std::is_same<int, _U2>::value)), rs2_stream, int>::_ImplicitlyConvertiblePair<_U1, _U2>()), bool>::type <anonymous> > constexpr std::pair<_T1, _T2>::pair(const std::pair<_U1, _U2>&) [with _U1 = _U1; _U2 = _U2; typename std::enable_if<(std::_PCC<((! std::is_same<_T1, _U1>::value) || (! std::is_same<_T2, _U2>::value)), _T1, _T2>::_ConstructiblePair<_U1, _U2>() && std::_PCC<((! std::is_same<_T1, _U1>::value) || (! std::is_same<_T2, _U2>::value)), _T1, _T2>::_ImplicitlyConvertiblePair<_U1, _U2>()), bool>::type <anonymous> = <anonymous>; _T1 = rs2_stream; _T2 = int][m[K’
[12.289s]   300 |         constexpr [01;36m[Kpair[m[K(const pair<_U1, _U2>& __p)
[12.290s]       |                   [01;36m[K^~~~[m[K
[12.290s] [01m[K/usr/include/c++/11/bits/stl_pair.h:300:19:[m[K [01;36m[Knote: [m[K  template argument deduction/substitution failed:
[12.290s] [01m[K/usr/include/c++/11/bits/stl_pair.h:276:26:[m[K [01;36m[Knote: [m[Kcandidate: ‘[01m[Ktemplate<class _U1, class _U2, typename std::enable_if<(_ConstructiblePair<_U1, _U2>() && (! _ImplicitlyConvertiblePair<_U1, _U2>())), bool>::type <anonymous> > constexpr std::pair<_T1, _T2>::pair(const _T1&, const _T2&) [with _U1 = _U1; _U2 = _U2; typename std::enable_if<(std::_PCC<true, _T1, _T2>::_ConstructiblePair<_U1, _U2>() && (! std::_PCC<true, _T1, _T2>::_ImplicitlyConvertiblePair<_U1, _U2>())), bool>::type <anonymous> = <anonymous>; _T1 = rs2_stream; _T2 = int][m[K’
[12.290s]   276 |       explicit constexpr [01;36m[Kpair[m[K(const _T1& __a, const _T2& __b)
[12.290s]       |                          [01;36m[K^~~~[m[K
[12.290s] [01m[K/usr/include/c++/11/bits/stl_pair.h:276:26:[m[K [01;36m[Knote: [m[K  template argument deduction/substitution failed:
[12.291s] [01m[K/usr/include/c++/11/bits/stl_pair.h:266:17:[m[K [01;36m[Knote: [m[Kcandidate: ‘[01m[Ktemplate<class _U1, class _U2, typename std::enable_if<(_ConstructiblePair<_U1, _U2>() && _ImplicitlyConvertiblePair<_U1, _U2>()), bool>::type <anonymous> > constexpr std::pair<_T1, _T2>::pair(const _T1&, const _T2&) [with _U1 = _U1; _U2 = _U2; typename std::enable_if<(std::_PCC<true, _T1, _T2>::_ConstructiblePair<_U1, _U2>() && std::_PCC<true, _T1, _T2>::_ImplicitlyConvertiblePair<_U1, _U2>()), bool>::type <anonymous> = <anonymous>; _T1 = rs2_stream; _T2 = int][m[K’
[12.291s]   266 |       constexpr [01;36m[Kpair[m[K(const _T1& __a, const _T2& __b)
[12.291s]       |                 [01;36m[K^~~~[m[K
[12.291s] [01m[K/usr/include/c++/11/bits/stl_pair.h:266:17:[m[K [01;36m[Knote: [m[K  template argument deduction/substitution failed:
[12.291s] [01m[K/usr/include/c++/11/bits/stl_pair.h:245:26:[m[K [01;36m[Knote: [m[Kcandidate: ‘[01m[Ktemplate<class _U1, class _U2, typename std::enable_if<std::__and_<std::is_default_constructible<_U1>, std::is_default_constructible<_Dp>, std::__not_<std::__and_<std::__is_implicitly_default_constructible<_U1>, std::__is_implicitly_default_constructible<_U2> > > >::value, bool>::type <anonymous> > constexpr std::pair<_T1, _T2>::pair() [with _U1 = _U1; _U2 = _U2; typename std::enable_if<std::__and_<std::is_default_constructible<_U1>, std::is_default_constructible<_U2>, std::__not_<std::__and_<std::__is_implicitly_default_constructible<_U1>, std::__is_implicitly_default_constructible<_U2> > > >::value, bool>::type <anonymous> = <anonymous>; _T1 = rs2_stream; _T2 = int][m[K’
[12.291s]   245 |       explicit constexpr [01;36m[Kpair[m[K()
[12.292s]       |                          [01;36m[K^~~~[m[K
[12.292s] [01m[K/usr/include/c++/11/bits/stl_pair.h:245:26:[m[K [01;36m[Knote: [m[K  template argument deduction/substitution failed:
[12.292s] In file included from [01m[K/home/brace/codeSpace/navi/src/realsense-ros/realsense2_camera/include/dynamic_params.h:16[m[K,
[12.292s]                  from [01m[K/home/brace/codeSpace/navi/src/realsense-ros/realsense2_camera/include/sensor_params.h:18[m[K,
[12.292s]                  from [01m[K/home/brace/codeSpace/navi/src/realsense-ros/realsense2_camera/include/named_filter.h:20[m[K,
[12.292s]                  from [01m[K/home/brace/codeSpace/navi/src/realsense-ros/realsense2_camera/src/named_filter.cpp:15[m[K:
[12.292s] [01m[K/home/brace/codeSpace/navi/src/realsense-ros/realsense2_camera/include/ros_utils.h:36:56:[m[K [01;36m[Knote: [m[K  candidate expects 0 arguments, 2 provided
[12.292s]    36 |     const stream_index_pair SAFETY{RS2_STREAM_SAFETY, 0[01;36m[K}[m[K;
[12.292s]       |                                                        [01;36m[K^[m[K
[12.292s] In file included from [01m[K/usr/include/c++/11/bits/stl_algobase.h:64[m[K,
[12.292s]                  from [01m[K/usr/include/c++/11/bits/char_traits.h:39[m[K,
[12.292s]                  from [01m[K/usr/include/c++/11/string:40[m[K,
[12.292s]                  from [01m[K/home/brace/codeSpace/navi/src/realsense-ros/realsense2_camera/include/named_filter.h:17[m[K,
[12.292s]                  from [01m[K/home/brace/codeSpace/navi/src/realsense-ros/realsense2_camera/src/named_filter.cpp:15[m[K:
[12.292s] [01m[K/usr/include/c++/11/bits/stl_pair.h:232:26:[m[K [01;36m[Knote: [m[Kcandidate: ‘[01m[Ktemplate<class _U1, class _U2, typename std::enable_if<std::__and_<std::__is_implicitly_default_constructible<_U1>, std::__is_implicitly_default_constructible<_U2> >::value, bool>::type <anonymous> > constexpr std::pair<_T1, _T2>::pair() [with _U1 = _U1; _U2 = _U2; typename std::enable_if<std::__and_<std::__is_implicitly_default_constructible<_U1>, std::__is_implicitly_default_constructible<_U2> >::value, bool>::type <anonymous> = <anonymous>; _T1 = rs2_stream; _T2 = int][m[K’
[12.292s]   232 |       _GLIBCXX_CONSTEXPR [01;36m[Kpair[m[K()
[12.292s]       |                          [01;36m[K^~~~[m[K
[12.292s] [01m[K/usr/include/c++/11/bits/stl_pair.h:232:26:[m[K [01;36m[Knote: [m[K  template argument deduction/substitution failed:
[12.293s] In file included from [01m[K/home/brace/codeSpace/navi/src/realsense-ros/realsense2_camera/include/dynamic_params.h:16[m[K,
[12.293s]                  from [01m[K/home/brace/codeSpace/navi/src/realsense-ros/realsense2_camera/include/sensor_params.h:18[m[K,
[12.293s]                  from [01m[K/home/brace/codeSpace/navi/src/realsense-ros/realsense2_camera/include/named_filter.h:20[m[K,
[12.293s]                  from [01m[K/home/brace/codeSpace/navi/src/realsense-ros/realsense2_camera/src/named_filter.cpp:15[m[K:
[12.293s] [01m[K/home/brace/codeSpace/navi/src/realsense-ros/realsense2_camera/include/ros_utils.h:36:56:[m[K [01;36m[Knote: [m[K  candidate expects 0 arguments, 2 provided
[12.293s]    36 |     const stream_index_pair SAFETY{RS2_STREAM_SAFETY, 0[01;36m[K}[m[K;
[12.293s]       |                                                        [01;36m[K^[m[K
[12.293s] In file included from [01m[K/usr/include/c++/11/bits/stl_algobase.h:64[m[K,
[12.293s]                  from [01m[K/usr/include/c++/11/bits/char_traits.h:39[m[K,
[12.293s]                  from [01m[K/usr/include/c++/11/string:40[m[K,
[12.293s]                  from [01m[K/home/brace/codeSpace/navi/src/realsense-ros/realsense2_camera/include/named_filter.h:17[m[K,
[12.293s]                  from [01m[K/home/brace/codeSpace/navi/src/realsense-ros/realsense2_camera/src/named_filter.cpp:15[m[K:
[12.293s] [01m[K/usr/include/c++/11/bits/stl_pair.h:315:17:[m[K [01;36m[Knote: [m[Kcandidate: ‘[01m[Kconstexpr std::pair<_T1, _T2>::pair(std::pair<_T1, _T2>&&) [with _T1 = rs2_stream; _T2 = int][m[K’
[12.293s]   315 |       constexpr [01;36m[Kpair[m[K(pair&&) = default;         ///< Move constructor
[12.293s]       |                 [01;36m[K^~~~[m[K
[12.293s] [01m[K/usr/include/c++/11/bits/stl_pair.h:315:17:[m[K [01;36m[Knote: [m[K  candidate expects 1 argument, 2 provided
[12.293s] [01m[K/usr/include/c++/11/bits/stl_pair.h:314:17:[m[K [01;36m[Knote: [m[Kcandidate: ‘[01m[Kconstexpr std::pair<_T1, _T2>::pair(const std::pair<_T1, _T2>&) [with _T1 = rs2_stream; _T2 = int][m[K’
[12.294s]   314 |       constexpr [01;36m[Kpair[m[K(const pair&) = default;    ///< Copy constructor
[12.294s]       |                 [01;36m[K^~~~[m[K
[12.295s] [01m[K/usr/include/c++/11/bits/stl_pair.h:314:17:[m[K [01;36m[Knote: [m[K  candidate expects 1 argument, 2 provided
[12.309s] In file included from [01m[K/home/brace/codeSpace/navi/src/realsense-ros/realsense2_camera/include/dynamic_params.h:16[m[K,
[12.310s]                  from [01m[K/home/brace/codeSpace/navi/src/realsense-ros/realsense2_camera/include/sensor_params.h:18[m[K,
[12.311s]                  from [01m[K/home/brace/codeSpace/navi/src/realsense-ros/realsense2_camera/include/named_filter.h:20[m[K,
[12.311s]                  from [01m[K/home/brace/codeSpace/navi/src/realsense-ros/realsense2_camera/src/named_filter.cpp:15[m[K:
[12.311s] [01m[K/home/brace/codeSpace/navi/src/realsense-ros/realsense2_camera/include/ros_utils.h:37:49:[m[K [01;31m[Kerror: [m[K‘[01m[KRS2_STREAM_LABELED_POINT_CLOUD[m[K’ was not declared in this scope
[12.311s]    37 |     const stream_index_pair LABELED_POINT_CLOUD{[01;31m[KRS2_STREAM_LABELED_POINT_CLOUD[m[K, 0};
[12.311s]       |                                                 [01;31m[K^~~~~~~~~~~~~~~~~~~~~~~~~~~~~~[m[K
[12.312s] [01m[K/home/brace/codeSpace/navi/src/realsense-ros/realsense2_camera/include/ros_utils.h:37:82:[m[K [01;31m[Kerror: [m[Kno matching function for call to ‘[01m[Kstd::pair<rs2_stream, int>::pair(<brace-enclosed initializer list>)[m[K’
[12.312s]    37 |     const stream_index_pair LABELED_POINT_CLOUD{RS2_STREAM_LABELED_POINT_CLOUD, 0[01;31m[K}[m[K;
[12.312s]       |                                                                                  [01;31m[K^[m[K
[12.312s] In file included from [01m[K/usr/include/c++/11/bits/stl_algobase.h:64[m[K,
[12.312s]                  from [01m[K/usr/include/c++/11/bits/char_traits.h:39[m[K,
[12.312s]                  from [01m[K/usr/include/c++/11/string:40[m[K,
[12.312s]                  from [01m[K/home/brace/codeSpace/navi/src/realsense-ros/realsense2_camera/include/named_filter.h:17[m[K,
[12.313s]                  from [01m[K/home/brace/codeSpace/navi/src/realsense-ros/realsense2_camera/src/named_filter.cpp:15[m[K:
[12.313s] [01m[K/usr/include/c++/11/bits/stl_pair.h:452:9:[m[K [01;36m[Knote: [m[Kcandidate: ‘[01m[Ktemplate<class ... _Args1, long unsigned int ..._Indexes1, class ... _Args2, long unsigned int ..._Indexes2> std::pair<_T1, _T2>::pair(std::tuple<_Args1 ...>&, std::tuple<_Args2 ...>&, std::_Index_tuple<_Indexes1 ...>, std::_Index_tuple<_Indexes2 ...>) [with _Args1 = {_Args1 ...}; long unsigned int ..._Indexes1 = {_Indexes1 ...}; _Args2 = {_Args2 ...}; long unsigned int ..._Indexes2 = {_Indexes2 ...}; _T1 = rs2_stream; _T2 = int][m[K’
[12.313s]   452 |         [01;36m[Kpair[m[K(tuple<_Args1...>&, tuple<_Args2...>&,
[12.313s]       |         [01;36m[K^~~~[m[K
[12.313s] [01m[K/usr/include/c++/11/bits/stl_pair.h:452:9:[m[K [01;36m[Knote: [m[K  template argument deduction/substitution failed:
[12.313s] [01m[K/usr/include/c++/11/bits/stl_pair.h:387:9:[m[K [01;36m[Knote: [m[Kcandidate: ‘[01m[Ktemplate<class ... _Args1, class ... _Args2> std::pair<_T1, _T2>::pair(std::piecewise_construct_t, std::tuple<_Args1 ...>, std::tuple<_Args2 ...>) [with _Args1 = {_Args1 ...}; _Args2 = {_Args2 ...}; _T1 = rs2_stream; _T2 = int][m[K’
[12.314s]   387 |         [01;36m[Kpair[m[K(piecewise_construct_t, tuple<_Args1...>, tuple<_Args2...>);
[12.314s]       |         [01;36m[K^~~~[m[K
[12.314s] [01m[K/usr/include/c++/11/bits/stl_pair.h:387:9:[m[K [01;36m[Knote: [m[K  template argument deduction/substitution failed:
[12.314s] [01m[K/usr/include/c++/11/bits/stl_pair.h:381:28:[m[K [01;36m[Knote: [m[Kcandidate: ‘[01m[Ktemplate<class _U1, class _U2, typename std::enable_if<(std::_PCC<((! std::is_same<rs2_stream, _U1>::value) || (! std::is_same<int, _U2>::value)), rs2_stream, int>::_MoveConstructiblePair<_U1, _U2>() && (! std::_PCC<((! std::is_same<rs2_stream, _U1>::value) || (! std::is_same<int, _U2>::value)), rs2_stream, int>::_ImplicitlyMoveConvertiblePair<_U1, _U2>())), bool>::type <anonymous> > constexpr std::pair<_T1, _T2>::pair(std::pair<_U1, _U2>&&) [with _U1 = _U1; _U2 = _U2; typename std::enable_if<(std::_PCC<((! std::is_same<_T1, _U1>::value) || (! std::is_same<_T2, _U2>::value)), _T1, _T2>::_MoveConstructiblePair<_U1, _U2>() && (! std::_PCC<((! std::is_same<_T1, _U1>::value) || (! std::is_same<_T2, _U2>::value)), _T1, _T2>::_ImplicitlyMoveConvertiblePair<_U1, _U2>())), bool>::type <anonymous> = <anonymous>; _T1 = rs2_stream; _T2 = int][m[K’
[12.314s]   381 |         explicit constexpr [01;36m[Kpair[m[K(pair<_U1, _U2>&& __p)
[12.314s]       |                            [01;36m[K^~~~[m[K
[12.314s] [01m[K/usr/include/c++/11/bits/stl_pair.h:381:28:[m[K [01;36m[Knote: [m[K  template argument deduction/substitution failed:
[12.314s] [01m[K/usr/include/c++/11/bits/stl_pair.h:371:19:[m[K [01;36m[Knote: [m[Kcandidate: ‘[01m[Ktemplate<class _U1, class _U2, typename std::enable_if<(std::_PCC<((! std::is_same<rs2_stream, _U1>::value) || (! std::is_same<int, _U2>::value)), rs2_stream, int>::_MoveConstructiblePair<_U1, _U2>() && std::_PCC<((! std::is_same<rs2_stream, _U1>::value) || (! std::is_same<int, _U2>::value)), rs2_stream, int>::_ImplicitlyMoveConvertiblePair<_U1, _U2>()), bool>::type <anonymous> > constexpr std::pair<_T1, _T2>::pair(std::pair<_U1, _U2>&&) [with _U1 = _U1; _U2 = _U2; typename std::enable_if<(std::_PCC<((! std::is_same<_T1, _U1>::value) || (! std::is_same<_T2, _U2>::value)), _T1, _T2>::_MoveConstructiblePair<_U1, _U2>() && std::_PCC<((! std::is_same<_T1, _U1>::value) || (! std::is_same<_T2, _U2>::value)), _T1, _T2>::_ImplicitlyMoveConvertiblePair<_U1, _U2>()), bool>::type <anonymous> = <anonymous>; _T1 = rs2_stream; _T2 = int][m[K’
[12.314s]   371 |         constexpr [01;36m[Kpair[m[K(pair<_U1, _U2>&& __p)
[12.314s]       |                   [01;36m[K^~~~[m[K
[12.315s] [01m[K/usr/include/c++/11/bits/stl_pair.h:371:19:[m[K [01;36m[Knote: [m[K  template argument deduction/substitution failed:
[12.315s] [01m[K/usr/include/c++/11/bits/stl_pair.h:361:28:[m[K [01;36m[Knote: [m[Kcandidate: ‘[01m[Ktemplate<class _U1, class _U2, typename std::enable_if<(_MoveConstructiblePair<_U1, _U2>() && (! _ImplicitlyMoveConvertiblePair<_U1, _U2>())), bool>::type <anonymous> > constexpr std::pair<_T1, _T2>::pair(_U1&&, _U2&&) [with _U1 = _U1; _U2 = _U2; typename std::enable_if<(std::_PCC<true, _T1, _T2>::_MoveConstructiblePair<_U1, _U2>() && (! std::_PCC<true, _T1, _T2>::_ImplicitlyMoveConvertiblePair<_U1, _U2>())), bool>::type <anonymous> = <anonymous>; _T1 = rs2_stream; _T2 = int][m[K’
[12.315s]   361 |         explicit constexpr [01;36m[Kpair[m[K(_U1&& __x, _U2&& __y)
[12.315s]       |                            [01;36m[K^~~~[m[K
[12.315s] [01m[K/usr/include/c++/11/bits/stl_pair.h:361:28:[m[K [01;36m[Knote: [m[K  template argument deduction/substitution failed:
[12.315s] [01m[K/usr/include/c++/11/bits/stl_pair.h:352:19:[m[K [01;36m[Knote: [m[Kcandidate: ‘[01m[Ktemplate<class _U1, class _U2, typename std::enable_if<(_MoveConstructiblePair<_U1, _U2>() && _ImplicitlyMoveConvertiblePair<_U1, _U2>()), bool>::type <anonymous> > constexpr std::pair<_T1, _T2>::pair(_U1&&, _U2&&) [with _U1 = _U1; _U2 = _U2; typename std::enable_if<(std::_PCC<true, _T1, _T2>::_MoveConstructiblePair<_U1, _U2>() && std::_PCC<true, _T1, _T2>::_ImplicitlyMoveConvertiblePair<_U1, _U2>()), bool>::type <anonymous> = <anonymous>; _T1 = rs2_stream; _T2 = int][m[K’
[12.315s]   352 |         constexpr [01;36m[Kpair[m[K(_U1&& __x, _U2&& __y)
[12.315s]       |                   [01;36m[K^~~~[m[K
[12.315s] [01m[K/usr/include/c++/11/bits/stl_pair.h:352:19:[m[K [01;36m[Knote: [m[K  template argument deduction/substitution failed:
[12.315s] [01m[K/usr/include/c++/11/bits/stl_pair.h:343:17:[m[K [01;36m[Knote: [m[Kcandidate: ‘[01m[Ktemplate<class _U2, typename std::enable_if<_CopyMovePair<false, rs2_stream, _U2>(), bool>::type <anonymous> > std::pair<_T1, _T2>::pair(const _T1&, _U2&&) [with _U2 = _U2; typename std::enable_if<std::_PCC<true, _T1, _T2>::_CopyMovePair<false, _T1, _U2>(), bool>::type <anonymous> = <anonymous>; _T1 = rs2_stream; _T2 = int][m[K’
[12.315s]   343 |        explicit [01;36m[Kpair[m[K(const _T1& __x, _U2&& __y)
[12.315s]       |                 [01;36m[K^~~~[m[K
[12.315s] [01m[K/usr/include/c++/11/bits/stl_pair.h:343:17:[m[K [01;36m[Knote: [m[K  template argument deduction/substitution failed:
[12.315s] [01m[K/usr/include/c++/11/bits/stl_pair.h:336:18:[m[K [01;36m[Knote: [m[Kcandidate: ‘[01m[Ktemplate<class _U2, typename std::enable_if<_CopyMovePair<true, rs2_stream, _U2>(), bool>::type <anonymous> > constexpr std::pair<_T1, _T2>::pair(const _T1&, _U2&&) [with _U2 = _U2; typename std::enable_if<std::_PCC<true, _T1, _T2>::_CopyMovePair<true, _T1, _U2>(), bool>::type <anonymous> = <anonymous>; _T1 = rs2_stream; _T2 = int][m[K’
[12.316s]   336 |        constexpr [01;36m[Kpair[m[K(const _T1& __x, _U2&& __y)
[12.316s]       |                  [01;36m[K^~~~[m[K
[12.316s] [01m[K/usr/include/c++/11/bits/stl_pair.h:336:18:[m[K [01;36m[Knote: [m[K  template argument deduction/substitution failed:
[12.316s] [01m[K/usr/include/c++/11/bits/stl_pair.h:329:27:[m[K [01;36m[Knote: [m[Kcandidate: ‘[01m[Ktemplate<class _U1, typename std::enable_if<_MoveCopyPair<false, _U1, int>(), bool>::type <anonymous> > constexpr std::pair<_T1, _T2>::pair(_U1&&, const _T2&) [with _U1 = _U1; typename std::enable_if<std::_PCC<true, _T1, _T2>::_MoveCopyPair<false, _U1, _T2>(), bool>::type <anonymous> = <anonymous>; _T1 = rs2_stream; _T2 = int][m[K’
[12.316s]   329 |        explicit constexpr [01;36m[Kpair[m[K(_U1&& __x, const _T2& __y)
[12.336s]       |                           [01;36m[K^~~~[m[K
[12.337s] [01m[K/usr/include/c++/11/bits/stl_pair.h:329:27:[m[K [01;36m[Knote: [m[K  template argument deduction/substitution failed:
[12.337s] [01m[K/usr/include/c++/11/bits/stl_pair.h:322:18:[m[K [01;36m[Knote: [m[Kcandidate: ‘[01m[Ktemplate<class _U1, typename std::enable_if<_MoveCopyPair<true, _U1, int>(), bool>::type <anonymous> > constexpr std::pair<_T1, _T2>::pair(_U1&&, const _T2&) [with _U1 = _U1; typename std::enable_if<std::_PCC<true, _T1, _T2>::_MoveCopyPair<true, _U1, _T2>(), bool>::type <anonymous> = <anonymous>; _T1 = rs2_stream; _T2 = int][m[K’
[12.337s]   322 |        constexpr [01;36m[Kpair[m[K(_U1&& __x, const _T2& __y)
[12.337s]       |                  [01;36m[K^~~~[m[K
[12.337s] [01m[K/usr/include/c++/11/bits/stl_pair.h:322:18:[m[K [01;36m[Knote: [m[K  template argument deduction/substitution failed:
[12.337s] [01m[K/usr/include/c++/11/bits/stl_pair.h:309:28:[m[K [01;36m[Knote: [m[Kcandidate: ‘[01m[Ktemplate<class _U1, class _U2, typename std::enable_if<(std::_PCC<((! std::is_same<rs2_stream, _U1>::value) || (! std::is_same<int, _U2>::value)), rs2_stream, int>::_ConstructiblePair<_U1, _U2>() && (! std::_PCC<((! std::is_same<rs2_stream, _U1>::value) || (! std::is_same<int, _U2>::value)), rs2_stream, int>::_ImplicitlyConvertiblePair<_U1, _U2>())), bool>::type <anonymous> > constexpr std::pair<_T1, _T2>::pair(const std::pair<_U1, _U2>&) [with _U1 = _U1; _U2 = _U2; typename std::enable_if<(std::_PCC<((! std::is_same<_T1, _U1>::value) || (! std::is_same<_T2, _U2>::value)), _T1, _T2>::_ConstructiblePair<_U1, _U2>() && (! std::_PCC<((! std::is_same<_T1, _U1>::value) || (! std::is_same<_T2, _U2>::value)), _T1, _T2>::_ImplicitlyConvertiblePair<_U1, _U2>())), bool>::type <anonymous> = <anonymous>; _T1 = rs2_stream; _T2 = int][m[K’
[12.337s]   309 |         explicit constexpr [01;36m[Kpair[m[K(const pair<_U1, _U2>& __p)
[12.337s]       |                            [01;36m[K^~~~[m[K
[12.337s] [01m[K/usr/include/c++/11/bits/stl_pair.h:309:28:[m[K [01;36m[Knote: [m[K  template argument deduction/substitution failed:
[12.338s] [01m[K/usr/include/c++/11/bits/stl_pair.h:300:19:[m[K [01;36m[Knote: [m[Kcandidate: ‘[01m[Ktemplate<class _U1, class _U2, typename std::enable_if<(std::_PCC<((! std::is_same<rs2_stream, _U1>::value) || (! std::is_same<int, _U2>::value)), rs2_stream, int>::_ConstructiblePair<_U1, _U2>() && std::_PCC<((! std::is_same<rs2_stream, _U1>::value) || (! std::is_same<int, _U2>::value)), rs2_stream, int>::_ImplicitlyConvertiblePair<_U1, _U2>()), bool>::type <anonymous> > constexpr std::pair<_T1, _T2>::pair(const std::pair<_U1, _U2>&) [with _U1 = _U1; _U2 = _U2; typename std::enable_if<(std::_PCC<((! std::is_same<_T1, _U1>::value) || (! std::is_same<_T2, _U2>::value)), _T1, _T2>::_ConstructiblePair<_U1, _U2>() && std::_PCC<((! std::is_same<_T1, _U1>::value) || (! std::is_same<_T2, _U2>::value)), _T1, _T2>::_ImplicitlyConvertiblePair<_U1, _U2>()), bool>::type <anonymous> = <anonymous>; _T1 = rs2_stream; _T2 = int][m[K’
[12.338s]   300 |         constexpr [01;36m[Kpair[m[K(const pair<_U1, _U2>& __p)
[12.338s]       |                   [01;36m[K^~~~[m[K
[12.338s] [01m[K/usr/include/c++/11/bits/stl_pair.h:300:19:[m[K [01;36m[Knote: [m[K  template argument deduction/substitution failed:
[12.338s] [01m[K/usr/include/c++/11/bits/stl_pair.h:276:26:[m[K [01;36m[Knote: [m[Kcandidate: ‘[01m[Ktemplate<class _U1, class _U2, typename std::enable_if<(_ConstructiblePair<_U1, _U2>() && (! _ImplicitlyConvertiblePair<_U1, _U2>())), bool>::type <anonymous> > constexpr std::pair<_T1, _T2>::pair(const _T1&, const _T2&) [with _U1 = _U1; _U2 = _U2; typename std::enable_if<(std::_PCC<true, _T1, _T2>::_ConstructiblePair<_U1, _U2>() && (! std::_PCC<true, _T1, _T2>::_ImplicitlyConvertiblePair<_U1, _U2>())), bool>::type <anonymous> = <anonymous>; _T1 = rs2_stream; _T2 = int][m[K’
[12.338s]   276 |       explicit constexpr [01;36m[Kpair[m[K(const _T1& __a, const _T2& __b)
[12.338s]       |                          [01;36m[K^~~~[m[K
[12.346s] [01m[K/usr/include/c++/11/bits/stl_pair.h:276:26:[m[K [01;36m[Knote: [m[K  template argument deduction/substitution failed:
[12.346s] [01m[K/usr/include/c++/11/bits/stl_pair.h:266:17:[m[K [01;36m[Knote: [m[Kcandidate: ‘[01m[Ktemplate<class _U1, class _U2, typename std::enable_if<(_ConstructiblePair<_U1, _U2>() && _ImplicitlyConvertiblePair<_U1, _U2>()), bool>::type <anonymous> > constexpr std::pair<_T1, _T2>::pair(const _T1&, const _T2&) [with _U1 = _U1; _U2 = _U2; typename std::enable_if<(std::_PCC<true, _T1, _T2>::_ConstructiblePair<_U1, _U2>() && std::_PCC<true, _T1, _T2>::_ImplicitlyConvertiblePair<_U1, _U2>()), bool>::type <anonymous> = <anonymous>; _T1 = rs2_stream; _T2 = int][m[K’
[12.346s]   266 |       constexpr [01;36m[Kpair[m[K(const _T1& __a, const _T2& __b)
[12.347s]       |                 [01;36m[K^~~~[m[K
[12.347s] [01m[K/usr/include/c++/11/bits/stl_pair.h:266:17:[m[K [01;36m[Knote: [m[K  template argument deduction/substitution failed:
[12.347s] [01m[K/usr/include/c++/11/bits/stl_pair.h:245:26:[m[K [01;36m[Knote: [m[Kcandidate: ‘[01m[Ktemplate<class _U1, class _U2, typename std::enable_if<std::__and_<std::is_default_constructible<_U1>, std::is_default_constructible<_Dp>, std::__not_<std::__and_<std::__is_implicitly_default_constructible<_U1>, std::__is_implicitly_default_constructible<_U2> > > >::value, bool>::type <anonymous> > constexpr std::pair<_T1, _T2>::pair() [with _U1 = _U1; _U2 = _U2; typename std::enable_if<std::__and_<std::is_default_constructible<_U1>, std::is_default_constructible<_U2>, std::__not_<std::__and_<std::__is_implicitly_default_constructible<_U1>, std::__is_implicitly_default_constructible<_U2> > > >::value, bool>::type <anonymous> = <anonymous>; _T1 = rs2_stream; _T2 = int][m[K’
[12.347s]   245 |       explicit constexpr [01;36m[Kpair[m[K()
[12.347s]       |                          [01;36m[K^~~~[m[K
[12.347s] [01m[K/usr/include/c++/11/bits/stl_pair.h:245:26:[m[K [01;36m[Knote: [m[K  template argument deduction/substitution failed:
[12.347s] In file included from [01m[K/home/brace/codeSpace/navi/src/realsense-ros/realsense2_camera/include/dynamic_params.h:16[m[K,
[12.347s]                  from [01m[K/home/brace/codeSpace/navi/src/realsense-ros/realsense2_camera/include/sensor_params.h:18[m[K,
[12.347s]                  from [01m[K/home/brace/codeSpace/navi/src/realsense-ros/realsense2_camera/include/named_filter.h:20[m[K,
[12.347s]                  from [01m[K/home/brace/codeSpace/navi/src/realsense-ros/realsense2_camera/src/named_filter.cpp:15[m[K:
[12.347s] [01m[K/home/brace/codeSpace/navi/src/realsense-ros/realsense2_camera/include/ros_utils.h:37:82:[m[K [01;36m[Knote: [m[K  candidate expects 0 arguments, 2 provided
[12.347s]    37 |     const stream_index_pair LABELED_POINT_CLOUD{RS2_STREAM_LABELED_POINT_CLOUD, 0[01;36m[K}[m[K;
[12.347s]       |                                                                                  [01;36m[K^[m[K
[12.347s] In file included from [01m[K/usr/include/c++/11/bits/stl_algobase.h:64[m[K,
[12.348s]                  from [01m[K/usr/include/c++/11/bits/char_traits.h:39[m[K,
[12.348s]                  from [01m[K/usr/include/c++/11/string:40[m[K,
[12.348s]                  from [01m[K/home/brace/codeSpace/navi/src/realsense-ros/realsense2_camera/include/named_filter.h:17[m[K,
[12.348s]                  from [01m[K/home/brace/codeSpace/navi/src/realsense-ros/realsense2_camera/src/named_filter.cpp:15[m[K:
[12.348s] [01m[K/usr/include/c++/11/bits/stl_pair.h:232:26:[m[K [01;36m[Knote: [m[Kcandidate: ‘[01m[Ktemplate<class _U1, class _U2, typename std::enable_if<std::__and_<std::__is_implicitly_default_constructible<_U1>, std::__is_implicitly_default_constructible<_U2> >::value, bool>::type <anonymous> > constexpr std::pair<_T1, _T2>::pair() [with _U1 = _U1; _U2 = _U2; typename std::enable_if<std::__and_<std::__is_implicitly_default_constructible<_U1>, std::__is_implicitly_default_constructible<_U2> >::value, bool>::type <anonymous> = <anonymous>; _T1 = rs2_stream; _T2 = int][m[K’
[12.348s]   232 |       _GLIBCXX_CONSTEXPR [01;36m[Kpair[m[K()
[12.348s]       |                          [01;36m[K^~~~[m[K
[12.348s] [01m[K/usr/include/c++/11/bits/stl_pair.h:232:26:[m[K [01;36m[Knote: [m[K  template argument deduction/substitution failed:
[12.348s] In file included from [01m[K/home/brace/codeSpace/navi/src/realsense-ros/realsense2_camera/include/dynamic_params.h:16[m[K,
[12.348s]                  from [01m[K/home/brace/codeSpace/navi/src/realsense-ros/realsense2_camera/include/sensor_params.h:18[m[K,
[12.348s]                  from [01m[K/home/brace/codeSpace/navi/src/realsense-ros/realsense2_camera/include/named_filter.h:20[m[K,
[12.348s]                  from [01m[K/home/brace/codeSpace/navi/src/realsense-ros/realsense2_camera/src/named_filter.cpp:15[m[K:
[12.348s] [01m[K/home/brace/codeSpace/navi/src/realsense-ros/realsense2_camera/include/ros_utils.h:37:82:[m[K [01;36m[Knote: [m[K  candidate expects 0 arguments, 2 provided
[12.348s]    37 |     const stream_index_pair LABELED_POINT_CLOUD{RS2_STREAM_LABELED_POINT_CLOUD, 0[01;36m[K}[m[K;
[12.349s]       |                                                                                  [01;36m[K^[m[K
[12.349s] In file included from [01m[K/usr/include/c++/11/bits/stl_algobase.h:64[m[K,
[12.349s]                  from [01m[K/usr/include/c++/11/bits/char_traits.h:39[m[K,
[12.349s]                  from [01m[K/usr/include/c++/11/string:40[m[K,
[12.349s]                  from [01m[K/home/brace/codeSpace/navi/src/realsense-ros/realsense2_camera/include/named_filter.h:17[m[K,
[12.349s]                  from [01m[K/home/brace/codeSpace/navi/src/realsense-ros/realsense2_camera/src/named_filter.cpp:15[m[K:
[12.349s] [01m[K/usr/include/c++/11/bits/stl_pair.h:315:17:[m[K [01;36m[Knote: [m[Kcandidate: ‘[01m[Kconstexpr std::pair<_T1, _T2>::pair(std::pair<_T1, _T2>&&) [with _T1 = rs2_stream; _T2 = int][m[K’
[12.349s]   315 |       constexpr [01;36m[Kpair[m[K(pair&&) = default;         ///< Move constructor
[12.349s]       |                 [01;36m[K^~~~[m[K
[12.349s] [01m[K/usr/include/c++/11/bits/stl_pair.h:315:17:[m[K [01;36m[Knote: [m[K  candidate expects 1 argument, 2 provided
[12.349s] [01m[K/usr/include/c++/11/bits/stl_pair.h:314:17:[m[K [01;36m[Knote: [m[Kcandidate: ‘[01m[Kconstexpr std::pair<_T1, _T2>::pair(const std::pair<_T1, _T2>&) [with _T1 = rs2_stream; _T2 = int][m[K’
[12.349s]   314 |       constexpr [01;36m[Kpair[m[K(const pair&) = default;    ///< Copy constructor
[12.349s]       |                 [01;36m[K^~~~[m[K
[12.349s] [01m[K/usr/include/c++/11/bits/stl_pair.h:314:17:[m[K [01;36m[Knote: [m[K  candidate expects 1 argument, 2 provided
[12.355s] In file included from [01m[K/home/brace/codeSpace/navi/src/realsense-ros/realsense2_camera/include/dynamic_params.h:16[m[K,
[12.361s]                  from [01m[K/home/brace/codeSpace/navi/src/realsense-ros/realsense2_camera/include/sensor_params.h:18[m[K,
[12.361s]                  from [01m[K/home/brace/codeSpace/navi/src/realsense-ros/realsense2_camera/include/named_filter.h:20[m[K,
[12.361s]                  from [01m[K/home/brace/codeSpace/navi/src/realsense-ros/realsense2_camera/src/named_filter.cpp:15[m[K:
[12.362s] [01m[K/home/brace/codeSpace/navi/src/realsense-ros/realsense2_camera/include/ros_utils.h:38:39:[m[K [01;31m[Kerror: [m[K‘[01m[KRS2_STREAM_OCCUPANCY[m[K’ was not declared in this scope; did you mean ‘[01m[KRS2_STREAM_COUNT[m[K’?
[12.362s]    38 |     const stream_index_pair OCCUPANCY{[01;31m[KRS2_STREAM_OCCUPANCY[m[K, 0};
[12.362s]       |                                       [01;31m[K^~~~~~~~~~~~~~~~~~~~[m[K
[12.362s]       |                                       [32m[KRS2_STREAM_COUNT[m[K
[12.362s] [01m[K/home/brace/codeSpace/navi/src/realsense-ros/realsense2_camera/include/ros_utils.h:38:62:[m[K [01;31m[Kerror: [m[Kno matching function for call to ‘[01m[Kstd::pair<rs2_stream, int>::pair(<brace-enclosed initializer list>)[m[K’
[12.362s]    38 |     const stream_index_pair OCCUPANCY{RS2_STREAM_OCCUPANCY, 0[01;31m[K}[m[K;
[12.362s]       |                                                              [01;31m[K^[m[K
[12.362s] In file included from [01m[K/usr/include/c++/11/bits/stl_algobase.h:64[m[K,
[12.362s]                  from [01m[K/usr/include/c++/11/bits/char_traits.h:39[m[K,
[12.362s]                  from [01m[K/usr/include/c++/11/string:40[m[K,
[12.362s]                  from [01m[K/home/brace/codeSpace/navi/src/realsense-ros/realsense2_camera/include/named_filter.h:17[m[K,
[12.362s]                  from [01m[K/home/brace/codeSpace/navi/src/realsense-ros/realsense2_camera/src/named_filter.cpp:15[m[K:
[12.362s] [01m[K/usr/include/c++/11/bits/stl_pair.h:452:9:[m[K [01;36m[Knote: [m[Kcandidate: ‘[01m[Ktemplate<class ... _Args1, long unsigned int ..._Indexes1, class ... _Args2, long unsigned int ..._Indexes2> std::pair<_T1, _T2>::pair(std::tuple<_Args1 ...>&, std::tuple<_Args2 ...>&, std::_Index_tuple<_Indexes1 ...>, std::_Index_tuple<_Indexes2 ...>) [with _Args1 = {_Args1 ...}; long unsigned int ..._Indexes1 = {_Indexes1 ...}; _Args2 = {_Args2 ...}; long unsigned int ..._Indexes2 = {_Indexes2 ...}; _T1 = rs2_stream; _T2 = int][m[K’
[12.363s]   452 |         [01;36m[Kpair[m[K(tuple<_Args1...>&, tuple<_Args2...>&,
[12.363s]       |         [01;36m[K^~~~[m[K
[12.363s] [01m[K/usr/include/c++/11/bits/stl_pair.h:452:9:[m[K [01;36m[Knote: [m[K  template argument deduction/substitution failed:
[12.363s] [01m[K/usr/include/c++/11/bits/stl_pair.h:387:9:[m[K [01;36m[Knote: [m[Kcandidate: ‘[01m[Ktemplate<class ... _Args1, class ... _Args2> std::pair<_T1, _T2>::pair(std::piecewise_construct_t, std::tuple<_Args1 ...>, std::tuple<_Args2 ...>) [with _Args1 = {_Args1 ...}; _Args2 = {_Args2 ...}; _T1 = rs2_stream; _T2 = int][m[K’
[12.364s]   387 |         [01;36m[Kpair[m[K(piecewise_construct_t, tuple<_Args1...>, tuple<_Args2...>);
[12.364s]       |         [01;36m[K^~~~[m[K
[12.364s] [01m[K/usr/include/c++/11/bits/stl_pair.h:387:9:[m[K [01;36m[Knote: [m[K  template argument deduction/substitution failed:
[12.364s] [01m[K/usr/include/c++/11/bits/stl_pair.h:381:28:[m[K [01;36m[Knote: [m[Kcandidate: ‘[01m[Ktemplate<class _U1, class _U2, typename std::enable_if<(std::_PCC<((! std::is_same<rs2_stream, _U1>::value) || (! std::is_same<int, _U2>::value)), rs2_stream, int>::_MoveConstructiblePair<_U1, _U2>() && (! std::_PCC<((! std::is_same<rs2_stream, _U1>::value) || (! std::is_same<int, _U2>::value)), rs2_stream, int>::_ImplicitlyMoveConvertiblePair<_U1, _U2>())), bool>::type <anonymous> > constexpr std::pair<_T1, _T2>::pair(std::pair<_U1, _U2>&&) [with _U1 = _U1; _U2 = _U2; typename std::enable_if<(std::_PCC<((! std::is_same<_T1, _U1>::value) || (! std::is_same<_T2, _U2>::value)), _T1, _T2>::_MoveConstructiblePair<_U1, _U2>() && (! std::_PCC<((! std::is_same<_T1, _U1>::value) || (! std::is_same<_T2, _U2>::value)), _T1, _T2>::_ImplicitlyMoveConvertiblePair<_U1, _U2>())), bool>::type <anonymous> = <anonymous>; _T1 = rs2_stream; _T2 = int][m[K’
[12.364s]   381 |         explicit constexpr [01;36m[Kpair[m[K(pair<_U1, _U2>&& __p)
[12.364s]       |                            [01;36m[K^~~~[m[K
[12.364s] [01m[K/usr/include/c++/11/bits/stl_pair.h:381:28:[m[K [01;36m[Knote: [m[K  template argument deduction/substitution failed:
[12.364s] [01m[K/usr/include/c++/11/bits/stl_pair.h:371:19:[m[K [01;36m[Knote: [m[Kcandidate: ‘[01m[Ktemplate<class _U1, class _U2, typename std::enable_if<(std::_PCC<((! std::is_same<rs2_stream, _U1>::value) || (! std::is_same<int, _U2>::value)), rs2_stream, int>::_MoveConstructiblePair<_U1, _U2>() && std::_PCC<((! std::is_same<rs2_stream, _U1>::value) || (! std::is_same<int, _U2>::value)), rs2_stream, int>::_ImplicitlyMoveConvertiblePair<_U1, _U2>()), bool>::type <anonymous> > constexpr std::pair<_T1, _T2>::pair(std::pair<_U1, _U2>&&) [with _U1 = _U1; _U2 = _U2; typename std::enable_if<(std::_PCC<((! std::is_same<_T1, _U1>::value) || (! std::is_same<_T2, _U2>::value)), _T1, _T2>::_MoveConstructiblePair<_U1, _U2>() && std::_PCC<((! std::is_same<_T1, _U1>::value) || (! std::is_same<_T2, _U2>::value)), _T1, _T2>::_ImplicitlyMoveConvertiblePair<_U1, _U2>()), bool>::type <anonymous> = <anonymous>; _T1 = rs2_stream; _T2 = int][m[K’
[12.364s]   371 |         constexpr [01;36m[Kpair[m[K(pair<_U1, _U2>&& __p)
[12.372s]       |                   [01;36m[K^~~~[m[K
[12.372s] [01m[K/usr/include/c++/11/bits/stl_pair.h:371:19:[m[K [01;36m[Knote: [m[K  template argument deduction/substitution failed:
[12.372s] [01m[K/usr/include/c++/11/bits/stl_pair.h:361:28:[m[K [01;36m[Knote: [m[Kcandidate: ‘[01m[Ktemplate<class _U1, class _U2, typename std::enable_if<(_MoveConstructiblePair<_U1, _U2>() && (! _ImplicitlyMoveConvertiblePair<_U1, _U2>())), bool>::type <anonymous> > constexpr std::pair<_T1, _T2>::pair(_U1&&, _U2&&) [with _U1 = _U1; _U2 = _U2; typename std::enable_if<(std::_PCC<true, _T1, _T2>::_MoveConstructiblePair<_U1, _U2>() && (! std::_PCC<true, _T1, _T2>::_ImplicitlyMoveConvertiblePair<_U1, _U2>())), bool>::type <anonymous> = <anonymous>; _T1 = rs2_stream; _T2 = int][m[K’
[12.372s]   361 |         explicit constexpr [01;36m[Kpair[m[K(_U1&& __x, _U2&& __y)
[12.372s]       |                            [01;36m[K^~~~[m[K
[12.372s] [01m[K/usr/include/c++/11/bits/stl_pair.h:361:28:[m[K [01;36m[Knote: [m[K  template argument deduction/substitution failed:
[12.372s] [01m[K/usr/include/c++/11/bits/stl_pair.h:352:19:[m[K [01;36m[Knote: [m[Kcandidate: ‘[01m[Ktemplate<class _U1, class _U2, typename std::enable_if<(_MoveConstructiblePair<_U1, _U2>() && _ImplicitlyMoveConvertiblePair<_U1, _U2>()), bool>::type <anonymous> > constexpr std::pair<_T1, _T2>::pair(_U1&&, _U2&&) [with _U1 = _U1; _U2 = _U2; typename std::enable_if<(std::_PCC<true, _T1, _T2>::_MoveConstructiblePair<_U1, _U2>() && std::_PCC<true, _T1, _T2>::_ImplicitlyMoveConvertiblePair<_U1, _U2>()), bool>::type <anonymous> = <anonymous>; _T1 = rs2_stream; _T2 = int][m[K’
[12.372s]   352 |         constexpr [01;36m[Kpair[m[K(_U1&& __x, _U2&& __y)
[12.372s]       |                   [01;36m[K^~~~[m[K
[12.372s] [01m[K/usr/include/c++/11/bits/stl_pair.h:352:19:[m[K [01;36m[Knote: [m[K  template argument deduction/substitution failed:
[12.372s] [01m[K/usr/include/c++/11/bits/stl_pair.h:343:17:[m[K [01;36m[Knote: [m[Kcandidate: ‘[01m[Ktemplate<class _U2, typename std::enable_if<_CopyMovePair<false, rs2_stream, _U2>(), bool>::type <anonymous> > std::pair<_T1, _T2>::pair(const _T1&, _U2&&) [with _U2 = _U2; typename std::enable_if<std::_PCC<true, _T1, _T2>::_CopyMovePair<false, _T1, _U2>(), bool>::type <anonymous> = <anonymous>; _T1 = rs2_stream; _T2 = int][m[K’
[12.373s]   343 |        explicit [01;36m[Kpair[m[K(const _T1& __x, _U2&& __y)
[12.373s]       |                 [01;36m[K^~~~[m[K
[12.373s] [01m[K/usr/include/c++/11/bits/stl_pair.h:343:17:[m[K [01;36m[Knote: [m[K  template argument deduction/substitution failed:
[12.373s] [01m[K/usr/include/c++/11/bits/stl_pair.h:336:18:[m[K [01;36m[Knote: [m[Kcandidate: ‘[01m[Ktemplate<class _U2, typename std::enable_if<_CopyMovePair<true, rs2_stream, _U2>(), bool>::type <anonymous> > constexpr std::pair<_T1, _T2>::pair(const _T1&, _U2&&) [with _U2 = _U2; typename std::enable_if<std::_PCC<true, _T1, _T2>::_CopyMovePair<true, _T1, _U2>(), bool>::type <anonymous> = <anonymous>; _T1 = rs2_stream; _T2 = int][m[K’
[12.373s]   336 |        constexpr [01;36m[Kpair[m[K(const _T1& __x, _U2&& __y)
[12.373s]       |                  [01;36m[K^~~~[m[K
[12.373s] [01m[K/usr/include/c++/11/bits/stl_pair.h:336:18:[m[K [01;36m[Knote: [m[K  template argument deduction/substitution failed:
[12.373s] [01m[K/usr/include/c++/11/bits/stl_pair.h:329:27:[m[K [01;36m[Knote: [m[Kcandidate: ‘[01m[Ktemplate<class _U1, typename std::enable_if<_MoveCopyPair<false, _U1, int>(), bool>::type <anonymous> > constexpr std::pair<_T1, _T2>::pair(_U1&&, const _T2&) [with _U1 = _U1; typename std::enable_if<std::_PCC<true, _T1, _T2>::_MoveCopyPair<false, _U1, _T2>(), bool>::type <anonymous> = <anonymous>; _T1 = rs2_stream; _T2 = int][m[K’
[12.373s]   329 |        explicit constexpr [01;36m[Kpair[m[K(_U1&& __x, const _T2& __y)
[12.373s]       |                           [01;36m[K^~~~[m[K
[12.373s] [01m[K/usr/include/c++/11/bits/stl_pair.h:329:27:[m[K [01;36m[Knote: [m[K  template argument deduction/substitution failed:
[12.373s] [01m[K/usr/include/c++/11/bits/stl_pair.h:322:18:[m[K [01;36m[Knote: [m[Kcandidate: ‘[01m[Ktemplate<class _U1, typename std::enable_if<_MoveCopyPair<true, _U1, int>(), bool>::type <anonymous> > constexpr std::pair<_T1, _T2>::pair(_U1&&, const _T2&) [with _U1 = _U1; typename std::enable_if<std::_PCC<true, _T1, _T2>::_MoveCopyPair<true, _U1, _T2>(), bool>::type <anonymous> = <anonymous>; _T1 = rs2_stream; _T2 = int][m[K’
[12.373s]   322 |        constexpr [01;36m[Kpair[m[K(_U1&& __x, const _T2& __y)
[12.373s]       |                  [01;36m[K^~~~[m[K
[12.373s] [01m[K/usr/include/c++/11/bits/stl_pair.h:322:18:[m[K [01;36m[Knote: [m[K  template argument deduction/substitution failed:
[12.374s] [01m[K/usr/include/c++/11/bits/stl_pair.h:309:28:[m[K [01;36m[Knote: [m[Kcandidate: ‘[01m[Ktemplate<class _U1, class _U2, typename std::enable_if<(std::_PCC<((! std::is_same<rs2_stream, _U1>::value) || (! std::is_same<int, _U2>::value)), rs2_stream, int>::_ConstructiblePair<_U1, _U2>() && (! std::_PCC<((! std::is_same<rs2_stream, _U1>::value) || (! std::is_same<int, _U2>::value)), rs2_stream, int>::_ImplicitlyConvertiblePair<_U1, _U2>())), bool>::type <anonymous> > constexpr std::pair<_T1, _T2>::pair(const std::pair<_U1, _U2>&) [with _U1 = _U1; _U2 = _U2; typename std::enable_if<(std::_PCC<((! std::is_same<_T1, _U1>::value) || (! std::is_same<_T2, _U2>::value)), _T1, _T2>::_ConstructiblePair<_U1, _U2>() && (! std::_PCC<((! std::is_same<_T1, _U1>::value) || (! std::is_same<_T2, _U2>::value)), _T1, _T2>::_ImplicitlyConvertiblePair<_U1, _U2>())), bool>::type <anonymous> = <anonymous>; _T1 = rs2_stream; _T2 = int][m[K’
[12.374s]   309 |         explicit constexpr [01;36m[Kpair[m[K(const pair<_U1, _U2>& __p)
[12.374s]       |                            [01;36m[K^~~~[m[K
[12.374s] [01m[K/usr/include/c++/11/bits/stl_pair.h:309:28:[m[K [01;36m[Knote: [m[K  template argument deduction/substitution failed:
[12.374s] [01m[K/usr/include/c++/11/bits/stl_pair.h:300:19:[m[K [01;36m[Knote: [m[Kcandidate: ‘[01m[Ktemplate<class _U1, class _U2, typename std::enable_if<(std::_PCC<((! std::is_same<rs2_stream, _U1>::value) || (! std::is_same<int, _U2>::value)), rs2_stream, int>::_ConstructiblePair<_U1, _U2>() && std::_PCC<((! std::is_same<rs2_stream, _U1>::value) || (! std::is_same<int, _U2>::value)), rs2_stream, int>::_ImplicitlyConvertiblePair<_U1, _U2>()), bool>::type <anonymous> > constexpr std::pair<_T1, _T2>::pair(const std::pair<_U1, _U2>&) [with _U1 = _U1; _U2 = _U2; typename std::enable_if<(std::_PCC<((! std::is_same<_T1, _U1>::value) || (! std::is_same<_T2, _U2>::value)), _T1, _T2>::_ConstructiblePair<_U1, _U2>() && std::_PCC<((! std::is_same<_T1, _U1>::value) || (! std::is_same<_T2, _U2>::value)), _T1, _T2>::_ImplicitlyConvertiblePair<_U1, _U2>()), bool>::type <anonymous> = <anonymous>; _T1 = rs2_stream; _T2 = int][m[K’
[12.374s]   300 |         constexpr [01;36m[Kpair[m[K(const pair<_U1, _U2>& __p)
[12.374s]       |                   [01;36m[K^~~~[m[K
[12.374s] [01m[K/usr/include/c++/11/bits/stl_pair.h:300:19:[m[K [01;36m[Knote: [m[K  template argument deduction/substitution failed:
[12.374s] [01m[K/usr/include/c++/11/bits/stl_pair.h:276:26:[m[K [01;36m[Knote: [m[Kcandidate: ‘[01m[Ktemplate<class _U1, class _U2, typename std::enable_if<(_ConstructiblePair<_U1, _U2>() && (! _ImplicitlyConvertiblePair<_U1, _U2>())), bool>::type <anonymous> > constexpr std::pair<_T1, _T2>::pair(const _T1&, const _T2&) [with _U1 = _U1; _U2 = _U2; typename std::enable_if<(std::_PCC<true, _T1, _T2>::_ConstructiblePair<_U1, _U2>() && (! std::_PCC<true, _T1, _T2>::_ImplicitlyConvertiblePair<_U1, _U2>())), bool>::type <anonymous> = <anonymous>; _T1 = rs2_stream; _T2 = int][m[K’
[12.374s]   276 |       explicit constexpr [01;36m[Kpair[m[K(const _T1& __a, const _T2& __b)
[12.374s]       |                          [01;36m[K^~~~[m[K
[12.374s] [01m[K/usr/include/c++/11/bits/stl_pair.h:276:26:[m[K [01;36m[Knote: [m[K  template argument deduction/substitution failed:
[12.374s] [01m[K/usr/include/c++/11/bits/stl_pair.h:266:17:[m[K [01;36m[Knote: [m[Kcandidate: ‘[01m[Ktemplate<class _U1, class _U2, typename std::enable_if<(_ConstructiblePair<_U1, _U2>() && _ImplicitlyConvertiblePair<_U1, _U2>()), bool>::type <anonymous> > constexpr std::pair<_T1, _T2>::pair(const _T1&, const _T2&) [with _U1 = _U1; _U2 = _U2; typename std::enable_if<(std::_PCC<true, _T1, _T2>::_ConstructiblePair<_U1, _U2>() && std::_PCC<true, _T1, _T2>::_ImplicitlyConvertiblePair<_U1, _U2>()), bool>::type <anonymous> = <anonymous>; _T1 = rs2_stream; _T2 = int][m[K’
[12.374s]   266 |       constexpr [01;36m[Kpair[m[K(const _T1& __a, const _T2& __b)
[12.374s]       |                 [01;36m[K^~~~[m[K
[12.375s] [01m[K/usr/include/c++/11/bits/stl_pair.h:266:17:[m[K [01;36m[Knote: [m[K  template argument deduction/substitution failed:
[12.375s] [01m[K/usr/include/c++/11/bits/stl_pair.h:245:26:[m[K [01;36m[Knote: [m[Kcandidate: ‘[01m[Ktemplate<class _U1, class _U2, typename std::enable_if<std::__and_<std::is_default_constructible<_U1>, std::is_default_constructible<_Dp>, std::__not_<std::__and_<std::__is_implicitly_default_constructible<_U1>, std::__is_implicitly_default_constructible<_U2> > > >::value, bool>::type <anonymous> > constexpr std::pair<_T1, _T2>::pair() [with _U1 = _U1; _U2 = _U2; typename std::enable_if<std::__and_<std::is_default_constructible<_U1>, std::is_default_constructible<_U2>, std::__not_<std::__and_<std::__is_implicitly_default_constructible<_U1>, std::__is_implicitly_default_constructible<_U2> > > >::value, bool>::type <anonymous> = <anonymous>; _T1 = rs2_stream; _T2 = int][m[K’
[12.375s]   245 |       explicit constexpr [01;36m[Kpair[m[K()
[12.375s]       |                          [01;36m[K^~~~[m[K
[12.375s] [01m[K/usr/include/c++/11/bits/stl_pair.h:245:26:[m[K [01;36m[Knote: [m[K  template argument deduction/substitution failed:
[12.375s] In file included from [01m[K/home/brace/codeSpace/navi/src/realsense-ros/realsense2_camera/include/dynamic_params.h:16[m[K,
[12.375s]                  from [01m[K/home/brace/codeSpace/navi/src/realsense-ros/realsense2_camera/include/sensor_params.h:18[m[K,
[12.375s]                  from [01m[K/home/brace/codeSpace/navi/src/realsense-ros/realsense2_camera/include/named_filter.h:20[m[K,
[12.375s]                  from [01m[K/home/brace/codeSpace/navi/src/realsense-ros/realsense2_camera/src/named_filter.cpp:15[m[K:
[12.375s] [01m[K/home/brace/codeSpace/navi/src/realsense-ros/realsense2_camera/include/ros_utils.h:38:62:[m[K [01;36m[Knote: [m[K  candidate expects 0 arguments, 2 provided
[12.375s]    38 |     const stream_index_pair OCCUPANCY{RS2_STREAM_OCCUPANCY, 0[01;36m[K}[m[K;
[12.375s]       |                                                              [01;36m[K^[m[K
[12.375s] In file included from [01m[K/usr/include/c++/11/bits/stl_algobase.h:64[m[K,
[12.376s]                  from [01m[K/usr/include/c++/11/bits/char_traits.h:39[m[K,
[12.376s]                  from [01m[K/usr/include/c++/11/string:40[m[K,
[12.376s]                  from [01m[K/home/brace/codeSpace/navi/src/realsense-ros/realsense2_camera/include/named_filter.h:17[m[K,
[12.376s]                  from [01m[K/home/brace/codeSpace/navi/src/realsense-ros/realsense2_camera/src/named_filter.cpp:15[m[K:
[12.376s] [01m[K/usr/include/c++/11/bits/stl_pair.h:232:26:[m[K [01;36m[Knote: [m[Kcandidate: ‘[01m[Ktemplate<class _U1, class _U2, typename std::enable_if<std::__and_<std::__is_implicitly_default_constructible<_U1>, std::__is_implicitly_default_constructible<_U2> >::value, bool>::type <anonymous> > constexpr std::pair<_T1, _T2>::pair() [with _U1 = _U1; _U2 = _U2; typename std::enable_if<std::__and_<std::__is_implicitly_default_constructible<_U1>, std::__is_implicitly_default_constructible<_U2> >::value, bool>::type <anonymous> = <anonymous>; _T1 = rs2_stream; _T2 = int][m[K’
[12.376s]   232 |       _GLIBCXX_CONSTEXPR [01;36m[Kpair[m[K()
[12.376s]       |                          [01;36m[K^~~~[m[K
[12.376s] [01m[K/usr/include/c++/11/bits/stl_pair.h:232:26:[m[K [01;36m[Knote: [m[K  template argument deduction/substitution failed:
[12.376s] In file included from [01m[K/home/brace/codeSpace/navi/src/realsense-ros/realsense2_camera/include/dynamic_params.h:16[m[K,
[12.376s]                  from [01m[K/home/brace/codeSpace/navi/src/realsense-ros/realsense2_camera/include/sensor_params.h:18[m[K,
[12.376s]                  from [01m[K/home/brace/codeSpace/navi/src/realsense-ros/realsense2_camera/include/named_filter.h:20[m[K,
[12.376s]                  from [01m[K/home/brace/codeSpace/navi/src/realsense-ros/realsense2_camera/src/named_filter.cpp:15[m[K:
[12.376s] [01m[K/home/brace/codeSpace/navi/src/realsense-ros/realsense2_camera/include/ros_utils.h:38:62:[m[K [01;36m[Knote: [m[K  candidate expects 0 arguments, 2 provided
[12.376s]    38 |     const stream_index_pair OCCUPANCY{RS2_STREAM_OCCUPANCY, 0[01;36m[K}[m[K;
[12.376s]       |                                                              [01;36m[K^[m[K
[12.376s] In file included from [01m[K/usr/include/c++/11/bits/stl_algobase.h:64[m[K,
[12.376s]                  from [01m[K/usr/include/c++/11/bits/char_traits.h:39[m[K,
[12.376s]                  from [01m[K/usr/include/c++/11/string:40[m[K,
[12.376s]                  from [01m[K/home/brace/codeSpace/navi/src/realsense-ros/realsense2_camera/include/named_filter.h:17[m[K,
[12.377s]                  from [01m[K/home/brace/codeSpace/navi/src/realsense-ros/realsense2_camera/src/named_filter.cpp:15[m[K:
[12.377s] [01m[K/usr/include/c++/11/bits/stl_pair.h:315:17:[m[K [01;36m[Knote: [m[Kcandidate: ‘[01m[Kconstexpr std::pair<_T1, _T2>::pair(std::pair<_T1, _T2>&&) [with _T1 = rs2_stream; _T2 = int][m[K’
[12.377s]   315 |       constexpr [01;36m[Kpair[m[K(pair&&) = default;         ///< Move constructor
[12.377s]       |                 [01;36m[K^~~~[m[K
[12.377s] [01m[K/usr/include/c++/11/bits/stl_pair.h:315:17:[m[K [01;36m[Knote: [m[K  candidate expects 1 argument, 2 provided
[12.377s] [01m[K/usr/include/c++/11/bits/stl_pair.h:314:17:[m[K [01;36m[Knote: [m[Kcandidate: ‘[01m[Kconstexpr std::pair<_T1, _T2>::pair(const std::pair<_T1, _T2>&) [with _T1 = rs2_stream; _T2 = int][m[K’
[12.377s]   314 |       constexpr [01;36m[Kpair[m[K(const pair&) = default;    ///< Copy constructor
[12.377s]       |                 [01;36m[K^~~~[m[K
[12.377s] [01m[K/usr/include/c++/11/bits/stl_pair.h:314:17:[m[K [01;36m[Knote: [m[K  candidate expects 1 argument, 2 provided
[12.527s] In file included from [01m[K/home/brace/codeSpace/navi/src/realsense-ros/realsense2_camera/include/dynamic_params.h:16[m[K,
[12.527s]                  from [01m[K/home/brace/codeSpace/navi/src/realsense-ros/realsense2_camera/include/sensor_params.h:18[m[K,
[12.527s]                  from [01m[K/home/brace/codeSpace/navi/src/realsense-ros/realsense2_camera/include/pointcloud_filter.h:20[m[K,
[12.527s]                  from [01m[K/home/brace/codeSpace/navi/src/realsense-ros/realsense2_camera/src/pointcloud_filter.cpp:15[m[K:
[12.527s] [01m[K/home/brace/codeSpace/navi/src/realsense-ros/realsense2_camera/include/ros_utils.h:36:36:[m[K [01;31m[Kerror: [m[K‘[01m[KRS2_STREAM_SAFETY[m[K’ was not declared in this scope; did you mean ‘[01m[KRS2_STREAM_ANY[m[K’?
[12.528s]    36 |     const stream_index_pair SAFETY{[01;31m[KRS2_STREAM_SAFETY[m[K, 0};
[12.528s]       |                                    [01;31m[K^~~~~~~~~~~~~~~~~[m[K
[12.528s]       |                                    [32m[KRS2_STREAM_ANY[m[K
[12.528s] [01m[K/home/brace/codeSpace/navi/src/realsense-ros/realsense2_camera/include/ros_utils.h:36:56:[m[K [01;31m[Kerror: [m[Kno matching function for call to ‘[01m[Kstd::pair<rs2_stream, int>::pair(<brace-enclosed initializer list>)[m[K’
[12.528s]    36 |     const stream_index_pair SAFETY{RS2_STREAM_SAFETY, 0[01;31m[K}[m[K;
[12.528s]       |                                                        [01;31m[K^[m[K
[12.528s] In file included from [01m[K/usr/include/c++/11/bits/stl_algobase.h:64[m[K,
[12.528s]                  from [01m[K/usr/include/c++/11/bits/char_traits.h:39[m[K,
[12.529s]                  from [01m[K/usr/include/c++/11/string:40[m[K,
[12.529s]                  from [01m[K/home/brace/codeSpace/navi/src/realsense-ros/realsense2_camera/include/pointcloud_filter.h:17[m[K,
[12.529s]                  from [01m[K/home/brace/codeSpace/navi/src/realsense-ros/realsense2_camera/src/pointcloud_filter.cpp:15[m[K:
[12.530s] [01m[K/usr/include/c++/11/bits/stl_pair.h:452:9:[m[K [01;36m[Knote: [m[Kcandidate: ‘[01m[Ktemplate<class ... _Args1, long unsigned int ..._Indexes1, class ... _Args2, long unsigned int ..._Indexes2> std::pair<_T1, _T2>::pair(std::tuple<_Args1 ...>&, std::tuple<_Args2 ...>&, std::_Index_tuple<_Indexes1 ...>, std::_Index_tuple<_Indexes2 ...>) [with _Args1 = {_Args1 ...}; long unsigned int ..._Indexes1 = {_Indexes1 ...}; _Args2 = {_Args2 ...}; long unsigned int ..._Indexes2 = {_Indexes2 ...}; _T1 = rs2_stream; _T2 = int][m[K’
[12.530s]   452 |         [01;36m[Kpair[m[K(tuple<_Args1...>&, tuple<_Args2...>&,
[12.530s]       |         [01;36m[K^~~~[m[K
[12.530s] [01m[K/usr/include/c++/11/bits/stl_pair.h:452:9:[m[K [01;36m[Knote: [m[K  template argument deduction/substitution failed:
[12.530s] [01m[K/usr/include/c++/11/bits/stl_pair.h:387:9:[m[K [01;36m[Knote: [m[Kcandidate: ‘[01m[Ktemplate<class ... _Args1, class ... _Args2> std::pair<_T1, _T2>::pair(std::piecewise_construct_t, std::tuple<_Args1 ...>, std::tuple<_Args2 ...>) [with _Args1 = {_Args1 ...}; _Args2 = {_Args2 ...}; _T1 = rs2_stream; _T2 = int][m[K’
[12.530s]   387 |         [01;36m[Kpair[m[K(piecewise_construct_t, tuple<_Args1...>, tuple<_Args2...>);
[12.530s]       |         [01;36m[K^~~~[m[K
[12.531s] [01m[K/usr/include/c++/11/bits/stl_pair.h:387:9:[m[K [01;36m[Knote: [m[K  template argument deduction/substitution failed:
[12.533s] [01m[K/usr/include/c++/11/bits/stl_pair.h:381:28:[m[K [01;36m[Knote: [m[Kcandidate: ‘[01m[Ktemplate<class _U1, class _U2, typename std::enable_if<(std::_PCC<((! std::is_same<rs2_stream, _U1>::value) || (! std::is_same<int, _U2>::value)), rs2_stream, int>::_MoveConstructiblePair<_U1, _U2>() && (! std::_PCC<((! std::is_same<rs2_stream, _U1>::value) || (! std::is_same<int, _U2>::value)), rs2_stream, int>::_ImplicitlyMoveConvertiblePair<_U1, _U2>())), bool>::type <anonymous> > constexpr std::pair<_T1, _T2>::pair(std::pair<_U1, _U2>&&) [with _U1 = _U1; _U2 = _U2; typename std::enable_if<(std::_PCC<((! std::is_same<_T1, _U1>::value) || (! std::is_same<_T2, _U2>::value)), _T1, _T2>::_MoveConstructiblePair<_U1, _U2>() && (! std::_PCC<((! std::is_same<_T1, _U1>::value) || (! std::is_same<_T2, _U2>::value)), _T1, _T2>::_ImplicitlyMoveConvertiblePair<_U1, _U2>())), bool>::type <anonymous> = <anonymous>; _T1 = rs2_stream; _T2 = int][m[K’
[12.533s]   381 |         explicit constexpr [01;36m[Kpair[m[K(pair<_U1, _U2>&& __p)
[12.533s]       |                            [01;36m[K^~~~[m[K
[12.533s] [01m[K/usr/include/c++/11/bits/stl_pair.h:381:28:[m[K [01;36m[Knote: [m[K  template argument deduction/substitution failed:
[12.533s] [01m[K/usr/include/c++/11/bits/stl_pair.h:371:19:[m[K [01;36m[Knote: [m[Kcandidate: ‘[01m[Ktemplate<class _U1, class _U2, typename std::enable_if<(std::_PCC<((! std::is_same<rs2_stream, _U1>::value) || (! std::is_same<int, _U2>::value)), rs2_stream, int>::_MoveConstructiblePair<_U1, _U2>() && std::_PCC<((! std::is_same<rs2_stream, _U1>::value) || (! std::is_same<int, _U2>::value)), rs2_stream, int>::_ImplicitlyMoveConvertiblePair<_U1, _U2>()), bool>::type <anonymous> > constexpr std::pair<_T1, _T2>::pair(std::pair<_U1, _U2>&&) [with _U1 = _U1; _U2 = _U2; typename std::enable_if<(std::_PCC<((! std::is_same<_T1, _U1>::value) || (! std::is_same<_T2, _U2>::value)), _T1, _T2>::_MoveConstructiblePair<_U1, _U2>() && std::_PCC<((! std::is_same<_T1, _U1>::value) || (! std::is_same<_T2, _U2>::value)), _T1, _T2>::_ImplicitlyMoveConvertiblePair<_U1, _U2>()), bool>::type <anonymous> = <anonymous>; _T1 = rs2_stream; _T2 = int][m[K’
[12.533s]   371 |         constexpr [01;36m[Kpair[m[K(pair<_U1, _U2>&& __p)
[12.533s]       |                   [01;36m[K^~~~[m[K
[12.534s] [01m[K/usr/include/c++/11/bits/stl_pair.h:371:19:[m[K [01;36m[Knote: [m[K  template argument deduction/substitution failed:
[12.534s] [01m[K/usr/include/c++/11/bits/stl_pair.h:361:28:[m[K [01;36m[Knote: [m[Kcandidate: ‘[01m[Ktemplate<class _U1, class _U2, typename std::enable_if<(_MoveConstructiblePair<_U1, _U2>() && (! _ImplicitlyMoveConvertiblePair<_U1, _U2>())), bool>::type <anonymous> > constexpr std::pair<_T1, _T2>::pair(_U1&&, _U2&&) [with _U1 = _U1; _U2 = _U2; typename std::enable_if<(std::_PCC<true, _T1, _T2>::_MoveConstructiblePair<_U1, _U2>() && (! std::_PCC<true, _T1, _T2>::_ImplicitlyMoveConvertiblePair<_U1, _U2>())), bool>::type <anonymous> = <anonymous>; _T1 = rs2_stream; _T2 = int][m[K’
[12.534s]   361 |         explicit constexpr [01;36m[Kpair[m[K(_U1&& __x, _U2&& __y)
[12.534s]       |                            [01;36m[K^~~~[m[K
[12.534s] [01m[K/usr/include/c++/11/bits/stl_pair.h:361:28:[m[K [01;36m[Knote: [m[K  template argument deduction/substitution failed:
[12.534s] [01m[K/usr/include/c++/11/bits/stl_pair.h:352:19:[m[K [01;36m[Knote: [m[Kcandidate: ‘[01m[Ktemplate<class _U1, class _U2, typename std::enable_if<(_MoveConstructiblePair<_U1, _U2>() && _ImplicitlyMoveConvertiblePair<_U1, _U2>()), bool>::type <anonymous> > constexpr std::pair<_T1, _T2>::pair(_U1&&, _U2&&) [with _U1 = _U1; _U2 = _U2; typename std::enable_if<(std::_PCC<true, _T1, _T2>::_MoveConstructiblePair<_U1, _U2>() && std::_PCC<true, _T1, _T2>::_ImplicitlyMoveConvertiblePair<_U1, _U2>()), bool>::type <anonymous> = <anonymous>; _T1 = rs2_stream; _T2 = int][m[K’
[12.534s]   352 |         constexpr [01;36m[Kpair[m[K(_U1&& __x, _U2&& __y)
[12.534s]       |                   [01;36m[K^~~~[m[K
[12.534s] [01m[K/usr/include/c++/11/bits/stl_pair.h:352:19:[m[K [01;36m[Knote: [m[K  template argument deduction/substitution failed:
[12.534s] [01m[K/usr/include/c++/11/bits/stl_pair.h:343:17:[m[K [01;36m[Knote: [m[Kcandidate: ‘[01m[Ktemplate<class _U2, typename std::enable_if<_CopyMovePair<false, rs2_stream, _U2>(), bool>::type <anonymous> > std::pair<_T1, _T2>::pair(const _T1&, _U2&&) [with _U2 = _U2; typename std::enable_if<std::_PCC<true, _T1, _T2>::_CopyMovePair<false, _T1, _U2>(), bool>::type <anonymous> = <anonymous>; _T1 = rs2_stream; _T2 = int][m[K’
[12.534s]   343 |        explicit [01;36m[Kpair[m[K(const _T1& __x, _U2&& __y)
[12.534s]       |                 [01;36m[K^~~~[m[K
[12.534s] [01m[K/usr/include/c++/11/bits/stl_pair.h:343:17:[m[K [01;36m[Knote: [m[K  template argument deduction/substitution failed:
[12.534s] [01m[K/usr/include/c++/11/bits/stl_pair.h:336:18:[m[K [01;36m[Knote: [m[Kcandidate: ‘[01m[Ktemplate<class _U2, typename std::enable_if<_CopyMovePair<true, rs2_stream, _U2>(), bool>::type <anonymous> > constexpr std::pair<_T1, _T2>::pair(const _T1&, _U2&&) [with _U2 = _U2; typename std::enable_if<std::_PCC<true, _T1, _T2>::_CopyMovePair<true, _T1, _U2>(), bool>::type <anonymous> = <anonymous>; _T1 = rs2_stream; _T2 = int][m[K’
[12.535s]   336 |        constexpr [01;36m[Kpair[m[K(const _T1& __x, _U2&& __y)
[12.535s]       |                  [01;36m[K^~~~[m[K
[12.535s] [01m[K/usr/include/c++/11/bits/stl_pair.h:336:18:[m[K [01;36m[Knote: [m[K  template argument deduction/substitution failed:
[12.535s] [01m[K/usr/include/c++/11/bits/stl_pair.h:329:27:[m[K [01;36m[Knote: [m[Kcandidate: ‘[01m[Ktemplate<class _U1, typename std::enable_if<_MoveCopyPair<false, _U1, int>(), bool>::type <anonymous> > constexpr std::pair<_T1, _T2>::pair(_U1&&, const _T2&) [with _U1 = _U1; typename std::enable_if<std::_PCC<true, _T1, _T2>::_MoveCopyPair<false, _U1, _T2>(), bool>::type <anonymous> = <anonymous>; _T1 = rs2_stream; _T2 = int][m[K’
[12.535s]   329 |        explicit constexpr [01;36m[Kpair[m[K(_U1&& __x, const _T2& __y)
[12.535s]       |                           [01;36m[K^~~~[m[K
[12.535s] [01m[K/usr/include/c++/11/bits/stl_pair.h:329:27:[m[K [01;36m[Knote: [m[K  template argument deduction/substitution failed:
[12.535s] [01m[K/usr/include/c++/11/bits/stl_pair.h:322:18:[m[K [01;36m[Knote: [m[Kcandidate: ‘[01m[Ktemplate<class _U1, typename std::enable_if<_MoveCopyPair<true, _U1, int>(), bool>::type <anonymous> > constexpr std::pair<_T1, _T2>::pair(_U1&&, const _T2&) [with _U1 = _U1; typename std::enable_if<std::_PCC<true, _T1, _T2>::_MoveCopyPair<true, _U1, _T2>(), bool>::type <anonymous> = <anonymous>; _T1 = rs2_stream; _T2 = int][m[K’
[12.535s]   322 |        constexpr [01;36m[Kpair[m[K(_U1&& __x, const _T2& __y)
[12.535s]       |                  [01;36m[K^~~~[m[K
[12.535s] [01m[K/usr/include/c++/11/bits/stl_pair.h:322:18:[m[K [01;36m[Knote: [m[K  template argument deduction/substitution failed:
[12.535s] [01m[K/usr/include/c++/11/bits/stl_pair.h:309:28:[m[K [01;36m[Knote: [m[Kcandidate: ‘[01m[Ktemplate<class _U1, class _U2, typename std::enable_if<(std::_PCC<((! std::is_same<rs2_stream, _U1>::value) || (! std::is_same<int, _U2>::value)), rs2_stream, int>::_ConstructiblePair<_U1, _U2>() && (! std::_PCC<((! std::is_same<rs2_stream, _U1>::value) || (! std::is_same<int, _U2>::value)), rs2_stream, int>::_ImplicitlyConvertiblePair<_U1, _U2>())), bool>::type <anonymous> > constexpr std::pair<_T1, _T2>::pair(const std::pair<_U1, _U2>&) [with _U1 = _U1; _U2 = _U2; typename std::enable_if<(std::_PCC<((! std::is_same<_T1, _U1>::value) || (! std::is_same<_T2, _U2>::value)), _T1, _T2>::_ConstructiblePair<_U1, _U2>() && (! std::_PCC<((! std::is_same<_T1, _U1>::value) || (! std::is_same<_T2, _U2>::value)), _T1, _T2>::_ImplicitlyConvertiblePair<_U1, _U2>())), bool>::type <anonymous> = <anonymous>; _T1 = rs2_stream; _T2 = int][m[K’
[12.535s]   309 |         explicit constexpr [01;36m[Kpair[m[K(const pair<_U1, _U2>& __p)
[12.535s]       |                            [01;36m[K^~~~[m[K
[12.535s] [01m[K/usr/include/c++/11/bits/stl_pair.h:309:28:[m[K [01;36m[Knote: [m[K  template argument deduction/substitution failed:
[12.535s] [01m[K/usr/include/c++/11/bits/stl_pair.h:300:19:[m[K [01;36m[Knote: [m[Kcandidate: ‘[01m[Ktemplate<class _U1, class _U2, typename std::enable_if<(std::_PCC<((! std::is_same<rs2_stream, _U1>::value) || (! std::is_same<int, _U2>::value)), rs2_stream, int>::_ConstructiblePair<_U1, _U2>() && std::_PCC<((! std::is_same<rs2_stream, _U1>::value) || (! std::is_same<int, _U2>::value)), rs2_stream, int>::_ImplicitlyConvertiblePair<_U1, _U2>()), bool>::type <anonymous> > constexpr std::pair<_T1, _T2>::pair(const std::pair<_U1, _U2>&) [with _U1 = _U1; _U2 = _U2; typename std::enable_if<(std::_PCC<((! std::is_same<_T1, _U1>::value) || (! std::is_same<_T2, _U2>::value)), _T1, _T2>::_ConstructiblePair<_U1, _U2>() && std::_PCC<((! std::is_same<_T1, _U1>::value) || (! std::is_same<_T2, _U2>::value)), _T1, _T2>::_ImplicitlyConvertiblePair<_U1, _U2>()), bool>::type <anonymous> = <anonymous>; _T1 = rs2_stream; _T2 = int][m[K’
[12.536s]   300 |         constexpr [01;36m[Kpair[m[K(const pair<_U1, _U2>& __p)
[12.536s]       |                   [01;36m[K^~~~[m[K
[12.536s] [01m[K/usr/include/c++/11/bits/stl_pair.h:300:19:[m[K [01;36m[Knote: [m[K  template argument deduction/substitution failed:
[12.536s] [01m[K/usr/include/c++/11/bits/stl_pair.h:276:26:[m[K [01;36m[Knote: [m[Kcandidate: ‘[01m[Ktemplate<class _U1, class _U2, typename std::enable_if<(_ConstructiblePair<_U1, _U2>() && (! _ImplicitlyConvertiblePair<_U1, _U2>())), bool>::type <anonymous> > constexpr std::pair<_T1, _T2>::pair(const _T1&, const _T2&) [with _U1 = _U1; _U2 = _U2; typename std::enable_if<(std::_PCC<true, _T1, _T2>::_ConstructiblePair<_U1, _U2>() && (! std::_PCC<true, _T1, _T2>::_ImplicitlyConvertiblePair<_U1, _U2>())), bool>::type <anonymous> = <anonymous>; _T1 = rs2_stream; _T2 = int][m[K’
[12.536s]   276 |       explicit constexpr [01;36m[Kpair[m[K(const _T1& __a, const _T2& __b)
[12.536s]       |                          [01;36m[K^~~~[m[K
[12.536s] [01m[K/usr/include/c++/11/bits/stl_pair.h:276:26:[m[K [01;36m[Knote: [m[K  template argument deduction/substitution failed:
[12.536s] [01m[K/usr/include/c++/11/bits/stl_pair.h:266:17:[m[K [01;36m[Knote: [m[Kcandidate: ‘[01m[Ktemplate<class _U1, class _U2, typename std::enable_if<(_ConstructiblePair<_U1, _U2>() && _ImplicitlyConvertiblePair<_U1, _U2>()), bool>::type <anonymous> > constexpr std::pair<_T1, _T2>::pair(const _T1&, const _T2&) [with _U1 = _U1; _U2 = _U2; typename std::enable_if<(std::_PCC<true, _T1, _T2>::_ConstructiblePair<_U1, _U2>() && std::_PCC<true, _T1, _T2>::_ImplicitlyConvertiblePair<_U1, _U2>()), bool>::type <anonymous> = <anonymous>; _T1 = rs2_stream; _T2 = int][m[K’
[12.536s]   266 |       constexpr [01;36m[Kpair[m[K(const _T1& __a, const _T2& __b)
[12.536s]       |                 [01;36m[K^~~~[m[K
[12.536s] [01m[K/usr/include/c++/11/bits/stl_pair.h:266:17:[m[K [01;36m[Knote: [m[K  template argument deduction/substitution failed:
[12.536s] [01m[K/usr/include/c++/11/bits/stl_pair.h:245:26:[m[K [01;36m[Knote: [m[Kcandidate: ‘[01m[Ktemplate<class _U1, class _U2, typename std::enable_if<std::__and_<std::is_default_constructible<_U1>, std::is_default_constructible<_Dp>, std::__not_<std::__and_<std::__is_implicitly_default_constructible<_U1>, std::__is_implicitly_default_constructible<_U2> > > >::value, bool>::type <anonymous> > constexpr std::pair<_T1, _T2>::pair() [with _U1 = _U1; _U2 = _U2; typename std::enable_if<std::__and_<std::is_default_constructible<_U1>, std::is_default_constructible<_U2>, std::__not_<std::__and_<std::__is_implicitly_default_constructible<_U1>, std::__is_implicitly_default_constructible<_U2> > > >::value, bool>::type <anonymous> = <anonymous>; _T1 = rs2_stream; _T2 = int][m[K’
[12.536s]   245 |       explicit constexpr [01;36m[Kpair[m[K()
[12.542s]       |                          [01;36m[K^~~~[m[K
[12.546s] [01m[K/usr/include/c++/11/bits/stl_pair.h:245:26:[m[K [01;36m[Knote: [m[K  template argument deduction/substitution failed:
[12.547s] In file included from [01m[K/home/brace/codeSpace/navi/src/realsense-ros/realsense2_camera/include/dynamic_params.h:16[m[K,
[12.548s]                  from [01m[K/home/brace/codeSpace/navi/src/realsense-ros/realsense2_camera/include/sensor_params.h:18[m[K,
[12.549s]                  from [01m[K/home/brace/codeSpace/navi/src/realsense-ros/realsense2_camera/include/pointcloud_filter.h:20[m[K,
[12.549s]                  from [01m[K/home/brace/codeSpace/navi/src/realsense-ros/realsense2_camera/src/pointcloud_filter.cpp:15[m[K:
[12.549s] [01m[K/home/brace/codeSpace/navi/src/realsense-ros/realsense2_camera/include/ros_utils.h:36:56:[m[K [01;36m[Knote: [m[K  candidate expects 0 arguments, 2 provided
[12.549s]    36 |     const stream_index_pair SAFETY{RS2_STREAM_SAFETY, 0[01;36m[K}[m[K;
[12.550s]       |                                                        [01;36m[K^[m[K
[12.550s] In file included from [01m[K/usr/include/c++/11/bits/stl_algobase.h:64[m[K,
[12.550s]                  from [01m[K/usr/include/c++/11/bits/char_traits.h:39[m[K,
[12.550s]                  from [01m[K/usr/include/c++/11/string:40[m[K,
[12.550s]                  from [01m[K/home/brace/codeSpace/navi/src/realsense-ros/realsense2_camera/include/pointcloud_filter.h:17[m[K,
[12.551s]                  from [01m[K/home/brace/codeSpace/navi/src/realsense-ros/realsense2_camera/src/pointcloud_filter.cpp:15[m[K:
[12.551s] [01m[K/usr/include/c++/11/bits/stl_pair.h:232:26:[m[K [01;36m[Knote: [m[Kcandidate: ‘[01m[Ktemplate<class _U1, class _U2, typename std::enable_if<std::__and_<std::__is_implicitly_default_constructible<_U1>, std::__is_implicitly_default_constructible<_U2> >::value, bool>::type <anonymous> > constexpr std::pair<_T1, _T2>::pair() [with _U1 = _U1; _U2 = _U2; typename std::enable_if<std::__and_<std::__is_implicitly_default_constructible<_U1>, std::__is_implicitly_default_constructible<_U2> >::value, bool>::type <anonymous> = <anonymous>; _T1 = rs2_stream; _T2 = int][m[K’
[12.551s]   232 |       _GLIBCXX_CONSTEXPR [01;36m[Kpair[m[K()
[12.552s]       |                          [01;36m[K^~~~[m[K
[12.552s] [01m[K/usr/include/c++/11/bits/stl_pair.h:232:26:[m[K [01;36m[Knote: [m[K  template argument deduction/substitution failed:
[12.552s] In file included from [01m[K/home/brace/codeSpace/navi/src/realsense-ros/realsense2_camera/include/dynamic_params.h:16[m[K,
[12.554s]                  from [01m[K/home/brace/codeSpace/navi/src/realsense-ros/realsense2_camera/include/sensor_params.h:18[m[K,
[12.554s]                  from [01m[K/home/brace/codeSpace/navi/src/realsense-ros/realsense2_camera/include/pointcloud_filter.h:20[m[K,
[12.555s]                  from [01m[K/home/brace/codeSpace/navi/src/realsense-ros/realsense2_camera/src/pointcloud_filter.cpp:15[m[K:
[12.555s] [01m[K/home/brace/codeSpace/navi/src/realsense-ros/realsense2_camera/include/ros_utils.h:36:56:[m[K [01;36m[Knote: [m[K  candidate expects 0 arguments, 2 provided
[12.555s]    36 |     const stream_index_pair SAFETY{RS2_STREAM_SAFETY, 0[01;36m[K}[m[K;
[12.555s]       |                                                        [01;36m[K^[m[K
[12.555s] In file included from [01m[K/usr/include/c++/11/bits/stl_algobase.h:64[m[K,
[12.555s]                  from [01m[K/usr/include/c++/11/bits/char_traits.h:39[m[K,
[12.555s]                  from [01m[K/usr/include/c++/11/string:40[m[K,
[12.555s]                  from [01m[K/home/brace/codeSpace/navi/src/realsense-ros/realsense2_camera/include/pointcloud_filter.h:17[m[K,
[12.556s]                  from [01m[K/home/brace/codeSpace/navi/src/realsense-ros/realsense2_camera/src/pointcloud_filter.cpp:15[m[K:
[12.556s] [01m[K/usr/include/c++/11/bits/stl_pair.h:315:17:[m[K [01;36m[Knote: [m[Kcandidate: ‘[01m[Kconstexpr std::pair<_T1, _T2>::pair(std::pair<_T1, _T2>&&) [with _T1 = rs2_stream; _T2 = int][m[K’
[12.556s]   315 |       constexpr [01;36m[Kpair[m[K(pair&&) = default;         ///< Move constructor
[12.556s]       |                 [01;36m[K^~~~[m[K
[12.556s] [01m[K/usr/include/c++/11/bits/stl_pair.h:315:17:[m[K [01;36m[Knote: [m[K  candidate expects 1 argument, 2 provided
[12.556s] [01m[K/usr/include/c++/11/bits/stl_pair.h:314:17:[m[K [01;36m[Knote: [m[Kcandidate: ‘[01m[Kconstexpr std::pair<_T1, _T2>::pair(const std::pair<_T1, _T2>&) [with _T1 = rs2_stream; _T2 = int][m[K’
[12.556s]   314 |       constexpr [01;36m[Kpair[m[K(const pair&) = default;    ///< Copy constructor
[12.556s]       |                 [01;36m[K^~~~[m[K
[12.556s] [01m[K/usr/include/c++/11/bits/stl_pair.h:314:17:[m[K [01;36m[Knote: [m[K  candidate expects 1 argument, 2 provided
[12.566s] gmake[2]: *** [CMakeFiles/realsense2_camera.dir/build.make:146：CMakeFiles/realsense2_camera.dir/src/ros_utils.cpp.o] 错误 1
[12.568s] gmake[2]: *** 正在等待未完成的任务....
[12.569s] In file included from [01m[K/home/brace/codeSpace/navi/src/realsense-ros/realsense2_camera/include/dynamic_params.h:16[m[K,
[12.569s]                  from [01m[K/home/brace/codeSpace/navi/src/realsense-ros/realsense2_camera/include/sensor_params.h:18[m[K,
[12.569s]                  from [01m[K/home/brace/codeSpace/navi/src/realsense-ros/realsense2_camera/include/pointcloud_filter.h:20[m[K,
[12.569s]                  from [01m[K/home/brace/codeSpace/navi/src/realsense-ros/realsense2_camera/src/pointcloud_filter.cpp:15[m[K:
[12.574s] [01m[K/home/brace/codeSpace/navi/src/realsense-ros/realsense2_camera/include/ros_utils.h:37:49:[m[K [01;31m[Kerror: [m[K‘[01m[KRS2_STREAM_LABELED_POINT_CLOUD[m[K’ was not declared in this scope
[12.575s]    37 |     const stream_index_pair LABELED_POINT_CLOUD{[01;31m[KRS2_STREAM_LABELED_POINT_CLOUD[m[K, 0};
[12.575s]       |                                                 [01;31m[K^~~~~~~~~~~~~~~~~~~~~~~~~~~~~~[m[K
[12.575s] [01m[K/home/brace/codeSpace/navi/src/realsense-ros/realsense2_camera/include/ros_utils.h:37:82:[m[K [01;31m[Kerror: [m[Kno matching function for call to ‘[01m[Kstd::pair<rs2_stream, int>::pair(<brace-enclosed initializer list>)[m[K’
[12.579s]    37 |     const stream_index_pair LABELED_POINT_CLOUD{RS2_STREAM_LABELED_POINT_CLOUD, 0[01;31m[K}[m[K;
[12.579s]       |                                                                                  [01;31m[K^[m[K
[12.579s] In file included from [01m[K/usr/include/c++/11/bits/stl_algobase.h:64[m[K,
[12.579s]                  from [01m[K/usr/include/c++/11/bits/char_traits.h:39[m[K,
[12.579s]                  from [01m[K/usr/include/c++/11/string:40[m[K,
[12.579s]                  from [01m[K/home/brace/codeSpace/navi/src/realsense-ros/realsense2_camera/include/pointcloud_filter.h:17[m[K,
[12.579s]                  from [01m[K/home/brace/codeSpace/navi/src/realsense-ros/realsense2_camera/src/pointcloud_filter.cpp:15[m[K:
[12.580s] [01m[K/usr/include/c++/11/bits/stl_pair.h:452:9:[m[K [01;36m[Knote: [m[Kcandidate: ‘[01m[Ktemplate<class ... _Args1, long unsigned int ..._Indexes1, class ... _Args2, long unsigned int ..._Indexes2> std::pair<_T1, _T2>::pair(std::tuple<_Args1 ...>&, std::tuple<_Args2 ...>&, std::_Index_tuple<_Indexes1 ...>, std::_Index_tuple<_Indexes2 ...>) [with _Args1 = {_Args1 ...}; long unsigned int ..._Indexes1 = {_Indexes1 ...}; _Args2 = {_Args2 ...}; long unsigned int ..._Indexes2 = {_Indexes2 ...}; _T1 = rs2_stream; _T2 = int][m[K’
[12.580s]   452 |         [01;36m[Kpair[m[K(tuple<_Args1...>&, tuple<_Args2...>&,
[12.580s]       |         [01;36m[K^~~~[m[K
[12.580s] [01m[K/usr/include/c++/11/bits/stl_pair.h:452:9:[m[K [01;36m[Knote: [m[K  template argument deduction/substitution failed:
[12.580s] [01m[K/usr/include/c++/11/bits/stl_pair.h:387:9:[m[K [01;36m[Knote: [m[Kcandidate: ‘[01m[Ktemplate<class ... _Args1, class ... _Args2> std::pair<_T1, _T2>::pair(std::piecewise_construct_t, std::tuple<_Args1 ...>, std::tuple<_Args2 ...>) [with _Args1 = {_Args1 ...}; _Args2 = {_Args2 ...}; _T1 = rs2_stream; _T2 = int][m[K’
[12.580s]   387 |         [01;36m[Kpair[m[K(piecewise_construct_t, tuple<_Args1...>, tuple<_Args2...>);
[12.581s]       |         [01;36m[K^~~~[m[K
[12.581s] [01m[K/usr/include/c++/11/bits/stl_pair.h:387:9:[m[K [01;36m[Knote: [m[K  template argument deduction/substitution failed:
[12.581s] [01m[K/usr/include/c++/11/bits/stl_pair.h:381:28:[m[K [01;36m[Knote: [m[Kcandidate: ‘[01m[Ktemplate<class _U1, class _U2, typename std::enable_if<(std::_PCC<((! std::is_same<rs2_stream, _U1>::value) || (! std::is_same<int, _U2>::value)), rs2_stream, int>::_MoveConstructiblePair<_U1, _U2>() && (! std::_PCC<((! std::is_same<rs2_stream, _U1>::value) || (! std::is_same<int, _U2>::value)), rs2_stream, int>::_ImplicitlyMoveConvertiblePair<_U1, _U2>())), bool>::type <anonymous> > constexpr std::pair<_T1, _T2>::pair(std::pair<_U1, _U2>&&) [with _U1 = _U1; _U2 = _U2; typename std::enable_if<(std::_PCC<((! std::is_same<_T1, _U1>::value) || (! std::is_same<_T2, _U2>::value)), _T1, _T2>::_MoveConstructiblePair<_U1, _U2>() && (! std::_PCC<((! std::is_same<_T1, _U1>::value) || (! std::is_same<_T2, _U2>::value)), _T1, _T2>::_ImplicitlyMoveConvertiblePair<_U1, _U2>())), bool>::type <anonymous> = <anonymous>; _T1 = rs2_stream; _T2 = int][m[K’
[12.581s]   381 |         explicit constexpr [01;36m[Kpair[m[K(pair<_U1, _U2>&& __p)
[12.581s]       |                            [01;36m[K^~~~[m[K
[12.581s] [01m[K/usr/include/c++/11/bits/stl_pair.h:381:28:[m[K [01;36m[Knote: [m[K  template argument deduction/substitution failed:
[12.581s] [01m[K/usr/include/c++/11/bits/stl_pair.h:371:19:[m[K [01;36m[Knote: [m[Kcandidate: ‘[01m[Ktemplate<class _U1, class _U2, typename std::enable_if<(std::_PCC<((! std::is_same<rs2_stream, _U1>::value) || (! std::is_same<int, _U2>::value)), rs2_stream, int>::_MoveConstructiblePair<_U1, _U2>() && std::_PCC<((! std::is_same<rs2_stream, _U1>::value) || (! std::is_same<int, _U2>::value)), rs2_stream, int>::_ImplicitlyMoveConvertiblePair<_U1, _U2>()), bool>::type <anonymous> > constexpr std::pair<_T1, _T2>::pair(std::pair<_U1, _U2>&&) [with _U1 = _U1; _U2 = _U2; typename std::enable_if<(std::_PCC<((! std::is_same<_T1, _U1>::value) || (! std::is_same<_T2, _U2>::value)), _T1, _T2>::_MoveConstructiblePair<_U1, _U2>() && std::_PCC<((! std::is_same<_T1, _U1>::value) || (! std::is_same<_T2, _U2>::value)), _T1, _T2>::_ImplicitlyMoveConvertiblePair<_U1, _U2>()), bool>::type <anonymous> = <anonymous>; _T1 = rs2_stream; _T2 = int][m[K’
[12.581s]   371 |         constexpr [01;36m[Kpair[m[K(pair<_U1, _U2>&& __p)
[12.581s]       |                   [01;36m[K^~~~[m[K
[12.581s] [01m[K/usr/include/c++/11/bits/stl_pair.h:371:19:[m[K [01;36m[Knote: [m[K  template argument deduction/substitution failed:
[12.581s] [01m[K/usr/include/c++/11/bits/stl_pair.h:361:28:[m[K [01;36m[Knote: [m[Kcandidate: ‘[01m[Ktemplate<class _U1, class _U2, typename std::enable_if<(_MoveConstructiblePair<_U1, _U2>() && (! _ImplicitlyMoveConvertiblePair<_U1, _U2>())), bool>::type <anonymous> > constexpr std::pair<_T1, _T2>::pair(_U1&&, _U2&&) [with _U1 = _U1; _U2 = _U2; typename std::enable_if<(std::_PCC<true, _T1, _T2>::_MoveConstructiblePair<_U1, _U2>() && (! std::_PCC<true, _T1, _T2>::_ImplicitlyMoveConvertiblePair<_U1, _U2>())), bool>::type <anonymous> = <anonymous>; _T1 = rs2_stream; _T2 = int][m[K’
[12.582s]   361 |         explicit constexpr [01;36m[Kpair[m[K(_U1&& __x, _U2&& __y)
[12.582s]       |                            [01;36m[K^~~~[m[K
[12.582s] [01m[K/usr/include/c++/11/bits/stl_pair.h:361:28:[m[K [01;36m[Knote: [m[K  template argument deduction/substitution failed:
[12.582s] [01m[K/usr/include/c++/11/bits/stl_pair.h:352:19:[m[K [01;36m[Knote: [m[Kcandidate: ‘[01m[Ktemplate<class _U1, class _U2, typename std::enable_if<(_MoveConstructiblePair<_U1, _U2>() && _ImplicitlyMoveConvertiblePair<_U1, _U2>()), bool>::type <anonymous> > constexpr std::pair<_T1, _T2>::pair(_U1&&, _U2&&) [with _U1 = _U1; _U2 = _U2; typename std::enable_if<(std::_PCC<true, _T1, _T2>::_MoveConstructiblePair<_U1, _U2>() && std::_PCC<true, _T1, _T2>::_ImplicitlyMoveConvertiblePair<_U1, _U2>()), bool>::type <anonymous> = <anonymous>; _T1 = rs2_stream; _T2 = int][m[K’
[12.582s]   352 |         constexpr [01;36m[Kpair[m[K(_U1&& __x, _U2&& __y)
[12.582s]       |                   [01;36m[K^~~~[m[K
[12.582s] [01m[K/usr/include/c++/11/bits/stl_pair.h:352:19:[m[K [01;36m[Knote: [m[K  template argument deduction/substitution failed:
[12.586s] [01m[K/usr/include/c++/11/bits/stl_pair.h:343:17:[m[K [01;36m[Knote: [m[Kcandidate: ‘[01m[Ktemplate<class _U2, typename std::enable_if<_CopyMovePair<false, rs2_stream, _U2>(), bool>::type <anonymous> > std::pair<_T1, _T2>::pair(const _T1&, _U2&&) [with _U2 = _U2; typename std::enable_if<std::_PCC<true, _T1, _T2>::_CopyMovePair<false, _T1, _U2>(), bool>::type <anonymous> = <anonymous>; _T1 = rs2_stream; _T2 = int][m[K’
[12.586s]   343 |        explicit [01;36m[Kpair[m[K(const _T1& __x, _U2&& __y)
[12.586s]       |                 [01;36m[K^~~~[m[K
[12.586s] [01m[K/usr/include/c++/11/bits/stl_pair.h:343:17:[m[K [01;36m[Knote: [m[K  template argument deduction/substitution failed:
[12.586s] [01m[K/usr/include/c++/11/bits/stl_pair.h:336:18:[m[K [01;36m[Knote: [m[Kcandidate: ‘[01m[Ktemplate<class _U2, typename std::enable_if<_CopyMovePair<true, rs2_stream, _U2>(), bool>::type <anonymous> > constexpr std::pair<_T1, _T2>::pair(const _T1&, _U2&&) [with _U2 = _U2; typename std::enable_if<std::_PCC<true, _T1, _T2>::_CopyMovePair<true, _T1, _U2>(), bool>::type <anonymous> = <anonymous>; _T1 = rs2_stream; _T2 = int][m[K’
[12.586s]   336 |        constexpr [01;36m[Kpair[m[K(const _T1& __x, _U2&& __y)
[12.586s]       |                  [01;36m[K^~~~[m[K
[12.587s] [01m[K/usr/include/c++/11/bits/stl_pair.h:336:18:[m[K [01;36m[Knote: [m[K  template argument deduction/substitution failed:
[12.587s] [01m[K/usr/include/c++/11/bits/stl_pair.h:329:27:[m[K [01;36m[Knote: [m[Kcandidate: ‘[01m[Ktemplate<class _U1, typename std::enable_if<_MoveCopyPair<false, _U1, int>(), bool>::type <anonymous> > constexpr std::pair<_T1, _T2>::pair(_U1&&, const _T2&) [with _U1 = _U1; typename std::enable_if<std::_PCC<true, _T1, _T2>::_MoveCopyPair<false, _U1, _T2>(), bool>::type <anonymous> = <anonymous>; _T1 = rs2_stream; _T2 = int][m[K’
[12.587s]   329 |        explicit constexpr [01;36m[Kpair[m[K(_U1&& __x, const _T2& __y)
[12.587s]       |                           [01;36m[K^~~~[m[K
[12.587s] [01m[K/usr/include/c++/11/bits/stl_pair.h:329:27:[m[K [01;36m[Knote: [m[K  template argument deduction/substitution failed:
[12.587s] [01m[K/usr/include/c++/11/bits/stl_pair.h:322:18:[m[K [01;36m[Knote: [m[Kcandidate: ‘[01m[Ktemplate<class _U1, typename std::enable_if<_MoveCopyPair<true, _U1, int>(), bool>::type <anonymous> > constexpr std::pair<_T1, _T2>::pair(_U1&&, const _T2&) [with _U1 = _U1; typename std::enable_if<std::_PCC<true, _T1, _T2>::_MoveCopyPair<true, _U1, _T2>(), bool>::type <anonymous> = <anonymous>; _T1 = rs2_stream; _T2 = int][m[K’
[12.587s]   322 |        constexpr [01;36m[Kpair[m[K(_U1&& __x, const _T2& __y)
[12.587s]       |                  [01;36m[K^~~~[m[K
[12.587s] [01m[K/usr/include/c++/11/bits/stl_pair.h:322:18:[m[K [01;36m[Knote: [m[K  template argument deduction/substitution failed:
[12.587s] [01m[K/usr/include/c++/11/bits/stl_pair.h:309:28:[m[K [01;36m[Knote: [m[Kcandidate: ‘[01m[Ktemplate<class _U1, class _U2, typename std::enable_if<(std::_PCC<((! std::is_same<rs2_stream, _U1>::value) || (! std::is_same<int, _U2>::value)), rs2_stream, int>::_ConstructiblePair<_U1, _U2>() && (! std::_PCC<((! std::is_same<rs2_stream, _U1>::value) || (! std::is_same<int, _U2>::value)), rs2_stream, int>::_ImplicitlyConvertiblePair<_U1, _U2>())), bool>::type <anonymous> > constexpr std::pair<_T1, _T2>::pair(const std::pair<_U1, _U2>&) [with _U1 = _U1; _U2 = _U2; typename std::enable_if<(std::_PCC<((! std::is_same<_T1, _U1>::value) || (! std::is_same<_T2, _U2>::value)), _T1, _T2>::_ConstructiblePair<_U1, _U2>() && (! std::_PCC<((! std::is_same<_T1, _U1>::value) || (! std::is_same<_T2, _U2>::value)), _T1, _T2>::_ImplicitlyConvertiblePair<_U1, _U2>())), bool>::type <anonymous> = <anonymous>; _T1 = rs2_stream; _T2 = int][m[K’
[12.587s]   309 |         explicit constexpr [01;36m[Kpair[m[K(const pair<_U1, _U2>& __p)
[12.587s]       |                            [01;36m[K^~~~[m[K
[12.587s] [01m[K/usr/include/c++/11/bits/stl_pair.h:309:28:[m[K [01;36m[Knote: [m[K  template argument deduction/substitution failed:
[12.587s] [01m[K/usr/include/c++/11/bits/stl_pair.h:300:19:[m[K [01;36m[Knote: [m[Kcandidate: ‘[01m[Ktemplate<class _U1, class _U2, typename std::enable_if<(std::_PCC<((! std::is_same<rs2_stream, _U1>::value) || (! std::is_same<int, _U2>::value)), rs2_stream, int>::_ConstructiblePair<_U1, _U2>() && std::_PCC<((! std::is_same<rs2_stream, _U1>::value) || (! std::is_same<int, _U2>::value)), rs2_stream, int>::_ImplicitlyConvertiblePair<_U1, _U2>()), bool>::type <anonymous> > constexpr std::pair<_T1, _T2>::pair(const std::pair<_U1, _U2>&) [with _U1 = _U1; _U2 = _U2; typename std::enable_if<(std::_PCC<((! std::is_same<_T1, _U1>::value) || (! std::is_same<_T2, _U2>::value)), _T1, _T2>::_ConstructiblePair<_U1, _U2>() && std::_PCC<((! std::is_same<_T1, _U1>::value) || (! std::is_same<_T2, _U2>::value)), _T1, _T2>::_ImplicitlyConvertiblePair<_U1, _U2>()), bool>::type <anonymous> = <anonymous>; _T1 = rs2_stream; _T2 = int][m[K’
[12.587s]   300 |         constexpr [01;36m[Kpair[m[K(const pair<_U1, _U2>& __p)
[12.588s]       |                   [01;36m[K^~~~[m[K
[12.588s] [01m[K/usr/include/c++/11/bits/stl_pair.h:300:19:[m[K [01;36m[Knote: [m[K  template argument deduction/substitution failed:
[12.588s] [01m[K/usr/include/c++/11/bits/stl_pair.h:276:26:[m[K [01;36m[Knote: [m[Kcandidate: ‘[01m[Ktemplate<class _U1, class _U2, typename std::enable_if<(_ConstructiblePair<_U1, _U2>() && (! _ImplicitlyConvertiblePair<_U1, _U2>())), bool>::type <anonymous> > constexpr std::pair<_T1, _T2>::pair(const _T1&, const _T2&) [with _U1 = _U1; _U2 = _U2; typename std::enable_if<(std::_PCC<true, _T1, _T2>::_ConstructiblePair<_U1, _U2>() && (! std::_PCC<true, _T1, _T2>::_ImplicitlyConvertiblePair<_U1, _U2>())), bool>::type <anonymous> = <anonymous>; _T1 = rs2_stream; _T2 = int][m[K’
[12.588s]   276 |       explicit constexpr [01;36m[Kpair[m[K(const _T1& __a, const _T2& __b)
[12.588s]       |                          [01;36m[K^~~~[m[K
[12.588s] [01m[K/usr/include/c++/11/bits/stl_pair.h:276:26:[m[K [01;36m[Knote: [m[K  template argument deduction/substitution failed:
[12.588s] [01m[K/usr/include/c++/11/bits/stl_pair.h:266:17:[m[K [01;36m[Knote: [m[Kcandidate: ‘[01m[Ktemplate<class _U1, class _U2, typename std::enable_if<(_ConstructiblePair<_U1, _U2>() && _ImplicitlyConvertiblePair<_U1, _U2>()), bool>::type <anonymous> > constexpr std::pair<_T1, _T2>::pair(const _T1&, const _T2&) [with _U1 = _U1; _U2 = _U2; typename std::enable_if<(std::_PCC<true, _T1, _T2>::_ConstructiblePair<_U1, _U2>() && std::_PCC<true, _T1, _T2>::_ImplicitlyConvertiblePair<_U1, _U2>()), bool>::type <anonymous> = <anonymous>; _T1 = rs2_stream; _T2 = int][m[K’
[12.588s]   266 |       constexpr [01;36m[Kpair[m[K(const _T1& __a, const _T2& __b)
[12.588s]       |                 [01;36m[K^~~~[m[K
[12.588s] [01m[K/usr/include/c++/11/bits/stl_pair.h:266:17:[m[K [01;36m[Knote: [m[K  template argument deduction/substitution failed:
[12.588s] [01m[K/usr/include/c++/11/bits/stl_pair.h:245:26:[m[K [01;36m[Knote: [m[Kcandidate: ‘[01m[Ktemplate<class _U1, class _U2, typename std::enable_if<std::__and_<std::is_default_constructible<_U1>, std::is_default_constructible<_Dp>, std::__not_<std::__and_<std::__is_implicitly_default_constructible<_U1>, std::__is_implicitly_default_constructible<_U2> > > >::value, bool>::type <anonymous> > constexpr std::pair<_T1, _T2>::pair() [with _U1 = _U1; _U2 = _U2; typename std::enable_if<std::__and_<std::is_default_constructible<_U1>, std::is_default_constructible<_U2>, std::__not_<std::__and_<std::__is_implicitly_default_constructible<_U1>, std::__is_implicitly_default_constructible<_U2> > > >::value, bool>::type <anonymous> = <anonymous>; _T1 = rs2_stream; _T2 = int][m[K’
[12.588s]   245 |       explicit constexpr [01;36m[Kpair[m[K()
[12.588s]       |                          [01;36m[K^~~~[m[K
[12.589s] [01m[K/usr/include/c++/11/bits/stl_pair.h:245:26:[m[K [01;36m[Knote: [m[K  template argument deduction/substitution failed:
[12.589s] In file included from [01m[K/home/brace/codeSpace/navi/src/realsense-ros/realsense2_camera/include/dynamic_params.h:16[m[K,
[12.589s]                  from [01m[K/home/brace/codeSpace/navi/src/realsense-ros/realsense2_camera/include/sensor_params.h:18[m[K,
[12.589s]                  from [01m[K/home/brace/codeSpace/navi/src/realsense-ros/realsense2_camera/include/pointcloud_filter.h:20[m[K,
[12.589s]                  from [01m[K/home/brace/codeSpace/navi/src/realsense-ros/realsense2_camera/src/pointcloud_filter.cpp:15[m[K:
[12.589s] [01m[K/home/brace/codeSpace/navi/src/realsense-ros/realsense2_camera/include/ros_utils.h:37:82:[m[K [01;36m[Knote: [m[K  candidate expects 0 arguments, 2 provided
[12.589s]    37 |     const stream_index_pair LABELED_POINT_CLOUD{RS2_STREAM_LABELED_POINT_CLOUD, 0[01;36m[K}[m[K;
[12.589s]       |                                                                                  [01;36m[K^[m[K
[12.589s] In file included from [01m[K/usr/include/c++/11/bits/stl_algobase.h:64[m[K,
[12.589s]                  from [01m[K/usr/include/c++/11/bits/char_traits.h:39[m[K,
[12.589s]                  from [01m[K/usr/include/c++/11/string:40[m[K,
[12.589s]                  from [01m[K/home/brace/codeSpace/navi/src/realsense-ros/realsense2_camera/include/pointcloud_filter.h:17[m[K,
[12.589s]                  from [01m[K/home/brace/codeSpace/navi/src/realsense-ros/realsense2_camera/src/pointcloud_filter.cpp:15[m[K:
[12.589s] [01m[K/usr/include/c++/11/bits/stl_pair.h:232:26:[m[K [01;36m[Knote: [m[Kcandidate: ‘[01m[Ktemplate<class _U1, class _U2, typename std::enable_if<std::__and_<std::__is_implicitly_default_constructible<_U1>, std::__is_implicitly_default_constructible<_U2> >::value, bool>::type <anonymous> > constexpr std::pair<_T1, _T2>::pair() [with _U1 = _U1; _U2 = _U2; typename std::enable_if<std::__and_<std::__is_implicitly_default_constructible<_U1>, std::__is_implicitly_default_constructible<_U2> >::value, bool>::type <anonymous> = <anonymous>; _T1 = rs2_stream; _T2 = int][m[K’
[12.593s]   232 |       _GLIBCXX_CONSTEXPR [01;36m[Kpair[m[K()
[12.593s]       |                          [01;36m[K^~~~[m[K
[12.593s] [01m[K/usr/include/c++/11/bits/stl_pair.h:232:26:[m[K [01;36m[Knote: [m[K  template argument deduction/substitution failed:
[12.593s] In file included from [01m[K/home/brace/codeSpace/navi/src/realsense-ros/realsense2_camera/include/dynamic_params.h:16[m[K,
[12.593s]                  from [01m[K/home/brace/codeSpace/navi/src/realsense-ros/realsense2_camera/include/sensor_params.h:18[m[K,
[12.593s]                  from [01m[K/home/brace/codeSpace/navi/src/realsense-ros/realsense2_camera/include/pointcloud_filter.h:20[m[K,
[12.593s]                  from [01m[K/home/brace/codeSpace/navi/src/realsense-ros/realsense2_camera/src/pointcloud_filter.cpp:15[m[K:
[12.593s] [01m[K/home/brace/codeSpace/navi/src/realsense-ros/realsense2_camera/include/ros_utils.h:37:82:[m[K [01;36m[Knote: [m[K  candidate expects 0 arguments, 2 provided
[12.593s]    37 |     const stream_index_pair LABELED_POINT_CLOUD{RS2_STREAM_LABELED_POINT_CLOUD, 0[01;36m[K}[m[K;
[12.594s]       |                                                                                  [01;36m[K^[m[K
[12.594s] In file included from [01m[K/usr/include/c++/11/bits/stl_algobase.h:64[m[K,
[12.594s]                  from [01m[K/usr/include/c++/11/bits/char_traits.h:39[m[K,
[12.594s]                  from [01m[K/usr/include/c++/11/string:40[m[K,
[12.594s]                  from [01m[K/home/brace/codeSpace/navi/src/realsense-ros/realsense2_camera/include/pointcloud_filter.h:17[m[K,
[12.594s]                  from [01m[K/home/brace/codeSpace/navi/src/realsense-ros/realsense2_camera/src/pointcloud_filter.cpp:15[m[K:
[12.594s] [01m[K/usr/include/c++/11/bits/stl_pair.h:315:17:[m[K [01;36m[Knote: [m[Kcandidate: ‘[01m[Kconstexpr std::pair<_T1, _T2>::pair(std::pair<_T1, _T2>&&) [with _T1 = rs2_stream; _T2 = int][m[K’
[12.594s]   315 |       constexpr [01;36m[Kpair[m[K(pair&&) = default;         ///< Move constructor
[12.594s]       |                 [01;36m[K^~~~[m[K
[12.594s] [01m[K/usr/include/c++/11/bits/stl_pair.h:315:17:[m[K [01;36m[Knote: [m[K  candidate expects 1 argument, 2 provided
[12.594s] [01m[K/usr/include/c++/11/bits/stl_pair.h:314:17:[m[K [01;36m[Knote: [m[Kcandidate: ‘[01m[Kconstexpr std::pair<_T1, _T2>::pair(const std::pair<_T1, _T2>&) [with _T1 = rs2_stream; _T2 = int][m[K’
[12.594s]   314 |       constexpr [01;36m[Kpair[m[K(const pair&) = default;    ///< Copy constructor
[12.595s]       |                 [01;36m[K^~~~[m[K
[12.595s] [01m[K/usr/include/c++/11/bits/stl_pair.h:314:17:[m[K [01;36m[Knote: [m[K  candidate expects 1 argument, 2 provided
[12.597s] In file included from [01m[K/home/brace/codeSpace/navi/src/realsense-ros/realsense2_camera/include/dynamic_params.h:16[m[K,
[12.598s]                  from [01m[K/home/brace/codeSpace/navi/src/realsense-ros/realsense2_camera/include/sensor_params.h:18[m[K,
[12.599s]                  from [01m[K/home/brace/codeSpace/navi/src/realsense-ros/realsense2_camera/include/pointcloud_filter.h:20[m[K,
[12.599s]                  from [01m[K/home/brace/codeSpace/navi/src/realsense-ros/realsense2_camera/src/pointcloud_filter.cpp:15[m[K:
[12.599s] [01m[K/home/brace/codeSpace/navi/src/realsense-ros/realsense2_camera/include/ros_utils.h:38:39:[m[K [01;31m[Kerror: [m[K‘[01m[KRS2_STREAM_OCCUPANCY[m[K’ was not declared in this scope; did you mean ‘[01m[KRS2_STREAM_COUNT[m[K’?
[12.599s]    38 |     const stream_index_pair OCCUPANCY{[01;31m[KRS2_STREAM_OCCUPANCY[m[K, 0};
[12.599s]       |                                       [01;31m[K^~~~~~~~~~~~~~~~~~~~[m[K
[12.601s]       |                                       [32m[KRS2_STREAM_COUNT[m[K
[12.601s] [01m[K/home/brace/codeSpace/navi/src/realsense-ros/realsense2_camera/include/ros_utils.h:38:62:[m[K [01;31m[Kerror: [m[Kno matching function for call to ‘[01m[Kstd::pair<rs2_stream, int>::pair(<brace-enclosed initializer list>)[m[K’
[12.601s]    38 |     const stream_index_pair OCCUPANCY{RS2_STREAM_OCCUPANCY, 0[01;31m[K}[m[K;
[12.601s]       |                                                              [01;31m[K^[m[K
[12.601s] In file included from [01m[K/usr/include/c++/11/bits/stl_algobase.h:64[m[K,
[12.601s]                  from [01m[K/usr/include/c++/11/bits/char_traits.h:39[m[K,
[12.601s]                  from [01m[K/usr/include/c++/11/string:40[m[K,
[12.601s]                  from [01m[K/home/brace/codeSpace/navi/src/realsense-ros/realsense2_camera/include/pointcloud_filter.h:17[m[K,
[12.601s]                  from [01m[K/home/brace/codeSpace/navi/src/realsense-ros/realsense2_camera/src/pointcloud_filter.cpp:15[m[K:
[12.601s] [01m[K/usr/include/c++/11/bits/stl_pair.h:452:9:[m[K [01;36m[Knote: [m[Kcandidate: ‘[01m[Ktemplate<class ... _Args1, long unsigned int ..._Indexes1, class ... _Args2, long unsigned int ..._Indexes2> std::pair<_T1, _T2>::pair(std::tuple<_Args1 ...>&, std::tuple<_Args2 ...>&, std::_Index_tuple<_Indexes1 ...>, std::_Index_tuple<_Indexes2 ...>) [with _Args1 = {_Args1 ...}; long unsigned int ..._Indexes1 = {_Indexes1 ...}; _Args2 = {_Args2 ...}; long unsigned int ..._Indexes2 = {_Indexes2 ...}; _T1 = rs2_stream; _T2 = int][m[K’
[12.602s]   452 |         [01;36m[Kpair[m[K(tuple<_Args1...>&, tuple<_Args2...>&,
[12.602s]       |         [01;36m[K^~~~[m[K
[12.602s] [01m[K/usr/include/c++/11/bits/stl_pair.h:452:9:[m[K [01;36m[Knote: [m[K  template argument deduction/substitution failed:
[12.602s] [01m[K/usr/include/c++/11/bits/stl_pair.h:387:9:[m[K [01;36m[Knote: [m[Kcandidate: ‘[01m[Ktemplate<class ... _Args1, class ... _Args2> std::pair<_T1, _T2>::pair(std::piecewise_construct_t, std::tuple<_Args1 ...>, std::tuple<_Args2 ...>) [with _Args1 = {_Args1 ...}; _Args2 = {_Args2 ...}; _T1 = rs2_stream; _T2 = int][m[K’
[12.602s]   387 |         [01;36m[Kpair[m[K(piecewise_construct_t, tuple<_Args1...>, tuple<_Args2...>);
[12.602s]       |         [01;36m[K^~~~[m[K
[12.602s] [01m[K/usr/include/c++/11/bits/stl_pair.h:387:9:[m[K [01;36m[Knote: [m[K  template argument deduction/substitution failed:
[12.602s] [01m[K/usr/include/c++/11/bits/stl_pair.h:381:28:[m[K [01;36m[Knote: [m[Kcandidate: ‘[01m[Ktemplate<class _U1, class _U2, typename std::enable_if<(std::_PCC<((! std::is_same<rs2_stream, _U1>::value) || (! std::is_same<int, _U2>::value)), rs2_stream, int>::_MoveConstructiblePair<_U1, _U2>() && (! std::_PCC<((! std::is_same<rs2_stream, _U1>::value) || (! std::is_same<int, _U2>::value)), rs2_stream, int>::_ImplicitlyMoveConvertiblePair<_U1, _U2>())), bool>::type <anonymous> > constexpr std::pair<_T1, _T2>::pair(std::pair<_U1, _U2>&&) [with _U1 = _U1; _U2 = _U2; typename std::enable_if<(std::_PCC<((! std::is_same<_T1, _U1>::value) || (! std::is_same<_T2, _U2>::value)), _T1, _T2>::_MoveConstructiblePair<_U1, _U2>() && (! std::_PCC<((! std::is_same<_T1, _U1>::value) || (! std::is_same<_T2, _U2>::value)), _T1, _T2>::_ImplicitlyMoveConvertiblePair<_U1, _U2>())), bool>::type <anonymous> = <anonymous>; _T1 = rs2_stream; _T2 = int][m[K’
[12.602s]   381 |         explicit constexpr [01;36m[Kpair[m[K(pair<_U1, _U2>&& __p)
[12.602s]       |                            [01;36m[K^~~~[m[K
[12.602s] [01m[K/usr/include/c++/11/bits/stl_pair.h:381:28:[m[K [01;36m[Knote: [m[K  template argument deduction/substitution failed:
[12.602s] [01m[K/usr/include/c++/11/bits/stl_pair.h:371:19:[m[K [01;36m[Knote: [m[Kcandidate: ‘[01m[Ktemplate<class _U1, class _U2, typename std::enable_if<(std::_PCC<((! std::is_same<rs2_stream, _U1>::value) || (! std::is_same<int, _U2>::value)), rs2_stream, int>::_MoveConstructiblePair<_U1, _U2>() && std::_PCC<((! std::is_same<rs2_stream, _U1>::value) || (! std::is_same<int, _U2>::value)), rs2_stream, int>::_ImplicitlyMoveConvertiblePair<_U1, _U2>()), bool>::type <anonymous> > constexpr std::pair<_T1, _T2>::pair(std::pair<_U1, _U2>&&) [with _U1 = _U1; _U2 = _U2; typename std::enable_if<(std::_PCC<((! std::is_same<_T1, _U1>::value) || (! std::is_same<_T2, _U2>::value)), _T1, _T2>::_MoveConstructiblePair<_U1, _U2>() && std::_PCC<((! std::is_same<_T1, _U1>::value) || (! std::is_same<_T2, _U2>::value)), _T1, _T2>::_ImplicitlyMoveConvertiblePair<_U1, _U2>()), bool>::type <anonymous> = <anonymous>; _T1 = rs2_stream; _T2 = int][m[K’
[12.602s]   371 |         constexpr [01;36m[Kpair[m[K(pair<_U1, _U2>&& __p)
[12.602s]       |                   [01;36m[K^~~~[m[K
[12.603s] [01m[K/usr/include/c++/11/bits/stl_pair.h:371:19:[m[K [01;36m[Knote: [m[K  template argument deduction/substitution failed:
[12.603s] [01m[K/usr/include/c++/11/bits/stl_pair.h:361:28:[m[K [01;36m[Knote: [m[Kcandidate: ‘[01m[Ktemplate<class _U1, class _U2, typename std::enable_if<(_MoveConstructiblePair<_U1, _U2>() && (! _ImplicitlyMoveConvertiblePair<_U1, _U2>())), bool>::type <anonymous> > constexpr std::pair<_T1, _T2>::pair(_U1&&, _U2&&) [with _U1 = _U1; _U2 = _U2; typename std::enable_if<(std::_PCC<true, _T1, _T2>::_MoveConstructiblePair<_U1, _U2>() && (! std::_PCC<true, _T1, _T2>::_ImplicitlyMoveConvertiblePair<_U1, _U2>())), bool>::type <anonymous> = <anonymous>; _T1 = rs2_stream; _T2 = int][m[K’
[12.603s]   361 |         explicit constexpr [01;36m[Kpair[m[K(_U1&& __x, _U2&& __y)
[12.603s]       |                            [01;36m[K^~~~[m[K
[12.603s] [01m[K/usr/include/c++/11/bits/stl_pair.h:361:28:[m[K [01;36m[Knote: [m[K  template argument deduction/substitution failed:
[12.603s] [01m[K/usr/include/c++/11/bits/stl_pair.h:352:19:[m[K [01;36m[Knote: [m[Kcandidate: ‘[01m[Ktemplate<class _U1, class _U2, typename std::enable_if<(_MoveConstructiblePair<_U1, _U2>() && _ImplicitlyMoveConvertiblePair<_U1, _U2>()), bool>::type <anonymous> > constexpr std::pair<_T1, _T2>::pair(_U1&&, _U2&&) [with _U1 = _U1; _U2 = _U2; typename std::enable_if<(std::_PCC<true, _T1, _T2>::_MoveConstructiblePair<_U1, _U2>() && std::_PCC<true, _T1, _T2>::_ImplicitlyMoveConvertiblePair<_U1, _U2>()), bool>::type <anonymous> = <anonymous>; _T1 = rs2_stream; _T2 = int][m[K’
[12.603s]   352 |         constexpr [01;36m[Kpair[m[K(_U1&& __x, _U2&& __y)
[12.603s]       |                   [01;36m[K^~~~[m[K
[12.603s] [01m[K/usr/include/c++/11/bits/stl_pair.h:352:19:[m[K [01;36m[Knote: [m[K  template argument deduction/substitution failed:
[12.603s] [01m[K/usr/include/c++/11/bits/stl_pair.h:343:17:[m[K [01;36m[Knote: [m[Kcandidate: ‘[01m[Ktemplate<class _U2, typename std::enable_if<_CopyMovePair<false, rs2_stream, _U2>(), bool>::type <anonymous> > std::pair<_T1, _T2>::pair(const _T1&, _U2&&) [with _U2 = _U2; typename std::enable_if<std::_PCC<true, _T1, _T2>::_CopyMovePair<false, _T1, _U2>(), bool>::type <anonymous> = <anonymous>; _T1 = rs2_stream; _T2 = int][m[K’
[12.603s]   343 |        explicit [01;36m[Kpair[m[K(const _T1& __x, _U2&& __y)
[12.603s]       |                 [01;36m[K^~~~[m[K
[12.608s] [01m[K/usr/include/c++/11/bits/stl_pair.h:343:17:[m[K [01;36m[Knote: [m[K  template argument deduction/substitution failed:
[12.608s] [01m[K/usr/include/c++/11/bits/stl_pair.h:336:18:[m[K [01;36m[Knote: [m[Kcandidate: ‘[01m[Ktemplate<class _U2, typename std::enable_if<_CopyMovePair<true, rs2_stream, _U2>(), bool>::type <anonymous> > constexpr std::pair<_T1, _T2>::pair(const _T1&, _U2&&) [with _U2 = _U2; typename std::enable_if<std::_PCC<true, _T1, _T2>::_CopyMovePair<true, _T1, _U2>(), bool>::type <anonymous> = <anonymous>; _T1 = rs2_stream; _T2 = int][m[K’
[12.608s]   336 |        constexpr [01;36m[Kpair[m[K(const _T1& __x, _U2&& __y)
[12.608s]       |                  [01;36m[K^~~~[m[K
[12.609s] [01m[K/usr/include/c++/11/bits/stl_pair.h:336:18:[m[K [01;36m[Knote: [m[K  template argument deduction/substitution failed:
[12.609s] [01m[K/usr/include/c++/11/bits/stl_pair.h:329:27:[m[K [01;36m[Knote: [m[Kcandidate: ‘[01m[Ktemplate<class _U1, typename std::enable_if<_MoveCopyPair<false, _U1, int>(), bool>::type <anonymous> > constexpr std::pair<_T1, _T2>::pair(_U1&&, const _T2&) [with _U1 = _U1; typename std::enable_if<std::_PCC<true, _T1, _T2>::_MoveCopyPair<false, _U1, _T2>(), bool>::type <anonymous> = <anonymous>; _T1 = rs2_stream; _T2 = int][m[K’
[12.609s]   329 |        explicit constexpr [01;36m[Kpair[m[K(_U1&& __x, const _T2& __y)
[12.609s]       |                           [01;36m[K^~~~[m[K
[12.609s] [01m[K/usr/include/c++/11/bits/stl_pair.h:329:27:[m[K [01;36m[Knote: [m[K  template argument deduction/substitution failed:
[12.609s] [01m[K/usr/include/c++/11/bits/stl_pair.h:322:18:[m[K [01;36m[Knote: [m[Kcandidate: ‘[01m[Ktemplate<class _U1, typename std::enable_if<_MoveCopyPair<true, _U1, int>(), bool>::type <anonymous> > constexpr std::pair<_T1, _T2>::pair(_U1&&, const _T2&) [with _U1 = _U1; typename std::enable_if<std::_PCC<true, _T1, _T2>::_MoveCopyPair<true, _U1, _T2>(), bool>::type <anonymous> = <anonymous>; _T1 = rs2_stream; _T2 = int][m[K’
[12.609s]   322 |        constexpr [01;36m[Kpair[m[K(_U1&& __x, const _T2& __y)
[12.609s]       |                  [01;36m[K^~~~[m[K
[12.609s] [01m[K/usr/include/c++/11/bits/stl_pair.h:322:18:[m[K [01;36m[Knote: [m[K  template argument deduction/substitution failed:
[12.609s] [01m[K/usr/include/c++/11/bits/stl_pair.h:309:28:[m[K [01;36m[Knote: [m[Kcandidate: ‘[01m[Ktemplate<class _U1, class _U2, typename std::enable_if<(std::_PCC<((! std::is_same<rs2_stream, _U1>::value) || (! std::is_same<int, _U2>::value)), rs2_stream, int>::_ConstructiblePair<_U1, _U2>() && (! std::_PCC<((! std::is_same<rs2_stream, _U1>::value) || (! std::is_same<int, _U2>::value)), rs2_stream, int>::_ImplicitlyConvertiblePair<_U1, _U2>())), bool>::type <anonymous> > constexpr std::pair<_T1, _T2>::pair(const std::pair<_U1, _U2>&) [with _U1 = _U1; _U2 = _U2; typename std::enable_if<(std::_PCC<((! std::is_same<_T1, _U1>::value) || (! std::is_same<_T2, _U2>::value)), _T1, _T2>::_ConstructiblePair<_U1, _U2>() && (! std::_PCC<((! std::is_same<_T1, _U1>::value) || (! std::is_same<_T2, _U2>::value)), _T1, _T2>::_ImplicitlyConvertiblePair<_U1, _U2>())), bool>::type <anonymous> = <anonymous>; _T1 = rs2_stream; _T2 = int][m[K’
[12.609s]   309 |         explicit constexpr [01;36m[Kpair[m[K(const pair<_U1, _U2>& __p)
[12.610s]       |                            [01;36m[K^~~~[m[K
[12.610s] [01m[K/usr/include/c++/11/bits/stl_pair.h:309:28:[m[K [01;36m[Knote: [m[K  template argument deduction/substitution failed:
[12.610s] [01m[K/usr/include/c++/11/bits/stl_pair.h:300:19:[m[K [01;36m[Knote: [m[Kcandidate: ‘[01m[Ktemplate<class _U1, class _U2, typename std::enable_if<(std::_PCC<((! std::is_same<rs2_stream, _U1>::value) || (! std::is_same<int, _U2>::value)), rs2_stream, int>::_ConstructiblePair<_U1, _U2>() && std::_PCC<((! std::is_same<rs2_stream, _U1>::value) || (! std::is_same<int, _U2>::value)), rs2_stream, int>::_ImplicitlyConvertiblePair<_U1, _U2>()), bool>::type <anonymous> > constexpr std::pair<_T1, _T2>::pair(const std::pair<_U1, _U2>&) [with _U1 = _U1; _U2 = _U2; typename std::enable_if<(std::_PCC<((! std::is_same<_T1, _U1>::value) || (! std::is_same<_T2, _U2>::value)), _T1, _T2>::_ConstructiblePair<_U1, _U2>() && std::_PCC<((! std::is_same<_T1, _U1>::value) || (! std::is_same<_T2, _U2>::value)), _T1, _T2>::_ImplicitlyConvertiblePair<_U1, _U2>()), bool>::type <anonymous> = <anonymous>; _T1 = rs2_stream; _T2 = int][m[K’
[12.610s]   300 |         constexpr [01;36m[Kpair[m[K(const pair<_U1, _U2>& __p)
[12.610s]       |                   [01;36m[K^~~~[m[K
[12.610s] [01m[K/usr/include/c++/11/bits/stl_pair.h:300:19:[m[K [01;36m[Knote: [m[K  template argument deduction/substitution failed:
[12.610s] [01m[K/usr/include/c++/11/bits/stl_pair.h:276:26:[m[K [01;36m[Knote: [m[Kcandidate: ‘[01m[Ktemplate<class _U1, class _U2, typename std::enable_if<(_ConstructiblePair<_U1, _U2>() && (! _ImplicitlyConvertiblePair<_U1, _U2>())), bool>::type <anonymous> > constexpr std::pair<_T1, _T2>::pair(const _T1&, const _T2&) [with _U1 = _U1; _U2 = _U2; typename std::enable_if<(std::_PCC<true, _T1, _T2>::_ConstructiblePair<_U1, _U2>() && (! std::_PCC<true, _T1, _T2>::_ImplicitlyConvertiblePair<_U1, _U2>())), bool>::type <anonymous> = <anonymous>; _T1 = rs2_stream; _T2 = int][m[K’
[12.610s]   276 |       explicit constexpr [01;36m[Kpair[m[K(const _T1& __a, const _T2& __b)
[12.610s]       |                          [01;36m[K^~~~[m[K
[12.610s] [01m[K/usr/include/c++/11/bits/stl_pair.h:276:26:[m[K [01;36m[Knote: [m[K  template argument deduction/substitution failed:
[12.610s] [01m[K/usr/include/c++/11/bits/stl_pair.h:266:17:[m[K [01;36m[Knote: [m[Kcandidate: ‘[01m[Ktemplate<class _U1, class _U2, typename std::enable_if<(_ConstructiblePair<_U1, _U2>() && _ImplicitlyConvertiblePair<_U1, _U2>()), bool>::type <anonymous> > constexpr std::pair<_T1, _T2>::pair(const _T1&, const _T2&) [with _U1 = _U1; _U2 = _U2; typename std::enable_if<(std::_PCC<true, _T1, _T2>::_ConstructiblePair<_U1, _U2>() && std::_PCC<true, _T1, _T2>::_ImplicitlyConvertiblePair<_U1, _U2>()), bool>::type <anonymous> = <anonymous>; _T1 = rs2_stream; _T2 = int][m[K’
[12.610s]   266 |       constexpr [01;36m[Kpair[m[K(const _T1& __a, const _T2& __b)
[12.610s]       |                 [01;36m[K^~~~[m[K
[12.615s] [01m[K/usr/include/c++/11/bits/stl_pair.h:266:17:[m[K [01;36m[Knote: [m[K  template argument deduction/substitution failed:
[12.616s] [01m[K/usr/include/c++/11/bits/stl_pair.h:245:26:[m[K [01;36m[Knote: [m[Kcandidate: ‘[01m[Ktemplate<class _U1, class _U2, typename std::enable_if<std::__and_<std::is_default_constructible<_U1>, std::is_default_constructible<_Dp>, std::__not_<std::__and_<std::__is_implicitly_default_constructible<_U1>, std::__is_implicitly_default_constructible<_U2> > > >::value, bool>::type <anonymous> > constexpr std::pair<_T1, _T2>::pair() [with _U1 = _U1; _U2 = _U2; typename std::enable_if<std::__and_<std::is_default_constructible<_U1>, std::is_default_constructible<_U2>, std::__not_<std::__and_<std::__is_implicitly_default_constructible<_U1>, std::__is_implicitly_default_constructible<_U2> > > >::value, bool>::type <anonymous> = <anonymous>; _T1 = rs2_stream; _T2 = int][m[K’
[12.616s]   245 |       explicit constexpr [01;36m[Kpair[m[K()
[12.616s]       |                          [01;36m[K^~~~[m[K
[12.616s] [01m[K/usr/include/c++/11/bits/stl_pair.h:245:26:[m[K [01;36m[Knote: [m[K  template argument deduction/substitution failed:
[12.616s] In file included from [01m[K/home/brace/codeSpace/navi/src/realsense-ros/realsense2_camera/include/dynamic_params.h:16[m[K,
[12.616s]                  from [01m[K/home/brace/codeSpace/navi/src/realsense-ros/realsense2_camera/include/sensor_params.h:18[m[K,
[12.616s]                  from [01m[K/home/brace/codeSpace/navi/src/realsense-ros/realsense2_camera/include/pointcloud_filter.h:20[m[K,
[12.616s]                  from [01m[K/home/brace/codeSpace/navi/src/realsense-ros/realsense2_camera/src/pointcloud_filter.cpp:15[m[K:
[12.617s] [01m[K/home/brace/codeSpace/navi/src/realsense-ros/realsense2_camera/include/ros_utils.h:38:62:[m[K [01;36m[Knote: [m[K  candidate expects 0 arguments, 2 provided
[12.617s]    38 |     const stream_index_pair OCCUPANCY{RS2_STREAM_OCCUPANCY, 0[01;36m[K}[m[K;
[12.617s]       |                                                              [01;36m[K^[m[K
[12.617s] In file included from [01m[K/usr/include/c++/11/bits/stl_algobase.h:64[m[K,
[12.617s]                  from [01m[K/usr/include/c++/11/bits/char_traits.h:39[m[K,
[12.618s]                  from [01m[K/usr/include/c++/11/string:40[m[K,
[12.618s]                  from [01m[K/home/brace/codeSpace/navi/src/realsense-ros/realsense2_camera/include/pointcloud_filter.h:17[m[K,
[12.618s]                  from [01m[K/home/brace/codeSpace/navi/src/realsense-ros/realsense2_camera/src/pointcloud_filter.cpp:15[m[K:
[12.618s] [01m[K/usr/include/c++/11/bits/stl_pair.h:232:26:[m[K [01;36m[Knote: [m[Kcandidate: ‘[01m[Ktemplate<class _U1, class _U2, typename std::enable_if<std::__and_<std::__is_implicitly_default_constructible<_U1>, std::__is_implicitly_default_constructible<_U2> >::value, bool>::type <anonymous> > constexpr std::pair<_T1, _T2>::pair() [with _U1 = _U1; _U2 = _U2; typename std::enable_if<std::__and_<std::__is_implicitly_default_constructible<_U1>, std::__is_implicitly_default_constructible<_U2> >::value, bool>::type <anonymous> = <anonymous>; _T1 = rs2_stream; _T2 = int][m[K’
[12.618s]   232 |       _GLIBCXX_CONSTEXPR [01;36m[Kpair[m[K()
[12.618s]       |                          [01;36m[K^~~~[m[K
[12.618s] [01m[K/usr/include/c++/11/bits/stl_pair.h:232:26:[m[K [01;36m[Knote: [m[K  template argument deduction/substitution failed:
[12.618s] In file included from [01m[K/home/brace/codeSpace/navi/src/realsense-ros/realsense2_camera/include/dynamic_params.h:16[m[K,
[12.618s]                  from [01m[K/home/brace/codeSpace/navi/src/realsense-ros/realsense2_camera/include/sensor_params.h:18[m[K,
[12.618s]                  from [01m[K/home/brace/codeSpace/navi/src/realsense-ros/realsense2_camera/include/pointcloud_filter.h:20[m[K,
[12.618s]                  from [01m[K/home/brace/codeSpace/navi/src/realsense-ros/realsense2_camera/src/pointcloud_filter.cpp:15[m[K:
[12.618s] [01m[K/home/brace/codeSpace/navi/src/realsense-ros/realsense2_camera/include/ros_utils.h:38:62:[m[K [01;36m[Knote: [m[K  candidate expects 0 arguments, 2 provided
[12.618s]    38 |     const stream_index_pair OCCUPANCY{RS2_STREAM_OCCUPANCY, 0[01;36m[K}[m[K;
[12.618s]       |                                                              [01;36m[K^[m[K
[12.618s] In file included from [01m[K/usr/include/c++/11/bits/stl_algobase.h:64[m[K,
[12.619s]                  from [01m[K/usr/include/c++/11/bits/char_traits.h:39[m[K,
[12.619s]                  from [01m[K/usr/include/c++/11/string:40[m[K,
[12.619s]                  from [01m[K/home/brace/codeSpace/navi/src/realsense-ros/realsense2_camera/include/pointcloud_filter.h:17[m[K,
[12.619s]                  from [01m[K/home/brace/codeSpace/navi/src/realsense-ros/realsense2_camera/src/pointcloud_filter.cpp:15[m[K:
[12.619s] [01m[K/usr/include/c++/11/bits/stl_pair.h:315:17:[m[K [01;36m[Knote: [m[Kcandidate: ‘[01m[Kconstexpr std::pair<_T1, _T2>::pair(std::pair<_T1, _T2>&&) [with _T1 = rs2_stream; _T2 = int][m[K’
[12.619s]   315 |       constexpr [01;36m[Kpair[m[K(pair&&) = default;         ///< Move constructor
[12.619s]       |                 [01;36m[K^~~~[m[K
[12.619s] [01m[K/usr/include/c++/11/bits/stl_pair.h:315:17:[m[K [01;36m[Knote: [m[K  candidate expects 1 argument, 2 provided
[12.619s] [01m[K/usr/include/c++/11/bits/stl_pair.h:314:17:[m[K [01;36m[Knote: [m[Kcandidate: ‘[01m[Kconstexpr std::pair<_T1, _T2>::pair(const std::pair<_T1, _T2>&) [with _T1 = rs2_stream; _T2 = int][m[K’
[12.619s]   314 |       constexpr [01;36m[Kpair[m[K(const pair&) = default;    ///< Copy constructor
[12.619s]       |                 [01;36m[K^~~~[m[K
[12.619s] [01m[K/usr/include/c++/11/bits/stl_pair.h:314:17:[m[K [01;36m[Knote: [m[K  candidate expects 1 argument, 2 provided
[13.173s] In file included from [01m[K/home/brace/codeSpace/navi/src/realsense-ros/realsense2_camera/include/dynamic_params.h:16[m[K,
[13.175s]                  from [01m[K/home/brace/codeSpace/navi/src/realsense-ros/realsense2_camera/src/dynamic_params.cpp:15[m[K:
[13.176s] [01m[K/home/brace/codeSpace/navi/src/realsense-ros/realsense2_camera/include/ros_utils.h:36:36:[m[K [01;31m[Kerror: [m[K‘[01m[KRS2_STREAM_SAFETY[m[K’ was not declared in this scope; did you mean ‘[01m[KRS2_STREAM_ANY[m[K’?
[13.177s]    36 |     const stream_index_pair SAFETY{[01;31m[KRS2_STREAM_SAFETY[m[K, 0};
[13.178s]       |                                    [01;31m[K^~~~~~~~~~~~~~~~~[m[K
[13.179s]       |                                    [32m[KRS2_STREAM_ANY[m[K
[13.180s] [01m[K/home/brace/codeSpace/navi/src/realsense-ros/realsense2_camera/include/ros_utils.h:36:56:[m[K [01;31m[Kerror: [m[Kno matching function for call to ‘[01m[Kstd::pair<rs2_stream, int>::pair(<brace-enclosed initializer list>)[m[K’
[13.182s]    36 |     const stream_index_pair SAFETY{RS2_STREAM_SAFETY, 0[01;31m[K}[m[K;
[13.183s]       |                                                        [01;31m[K^[m[K
[13.183s] In file included from [01m[K/usr/include/c++/11/bits/stl_algobase.h:64[m[K,
[13.185s]                  from [01m[K/usr/include/c++/11/bits/char_traits.h:39[m[K,
[13.185s]                  from [01m[K/usr/include/c++/11/ios:40[m[K,
[13.186s]                  from [01m[K/usr/include/c++/11/ostream:38[m[K,
[13.186s]                  from [01m[K/usr/include/c++/11/iostream:39[m[K,
[13.187s]                  from [01m[K/home/brace/codeSpace/navi/src/realsense-ros/realsense2_camera/include/ros_utils.h:18[m[K,
[13.187s]                  from [01m[K/home/brace/codeSpace/navi/src/realsense-ros/realsense2_camera/include/dynamic_params.h:16[m[K,
[13.187s]                  from [01m[K/home/brace/codeSpace/navi/src/realsense-ros/realsense2_camera/src/dynamic_params.cpp:15[m[K:
[13.189s] [01m[K/usr/include/c++/11/bits/stl_pair.h:452:9:[m[K [01;36m[Knote: [m[Kcandidate: ‘[01m[Ktemplate<class ... _Args1, long unsigned int ..._Indexes1, class ... _Args2, long unsigned int ..._Indexes2> std::pair<_T1, _T2>::pair(std::tuple<_Args1 ...>&, std::tuple<_Args2 ...>&, std::_Index_tuple<_Indexes1 ...>, std::_Index_tuple<_Indexes2 ...>) [with _Args1 = {_Args1 ...}; long unsigned int ..._Indexes1 = {_Indexes1 ...}; _Args2 = {_Args2 ...}; long unsigned int ..._Indexes2 = {_Indexes2 ...}; _T1 = rs2_stream; _T2 = int][m[K’
[13.189s]   452 |         [01;36m[Kpair[m[K(tuple<_Args1...>&, tuple<_Args2...>&,
[13.190s]       |         [01;36m[K^~~~[m[K
[13.192s] [01m[K/usr/include/c++/11/bits/stl_pair.h:452:9:[m[K [01;36m[Knote: [m[K  template argument deduction/substitution failed:
[13.193s] [01m[K/usr/include/c++/11/bits/stl_pair.h:387:9:[m[K [01;36m[Knote: [m[Kcandidate: ‘[01m[Ktemplate<class ... _Args1, class ... _Args2> std::pair<_T1, _T2>::pair(std::piecewise_construct_t, std::tuple<_Args1 ...>, std::tuple<_Args2 ...>) [with _Args1 = {_Args1 ...}; _Args2 = {_Args2 ...}; _T1 = rs2_stream; _T2 = int][m[K’
[13.193s]   387 |         [01;36m[Kpair[m[K(piecewise_construct_t, tuple<_Args1...>, tuple<_Args2...>);
[13.194s]       |         [01;36m[K^~~~[m[K
[13.194s] [01m[K/usr/include/c++/11/bits/stl_pair.h:387:9:[m[K [01;36m[Knote: [m[K  template argument deduction/substitution failed:
[13.195s] [01m[K/usr/include/c++/11/bits/stl_pair.h:381:28:[m[K [01;36m[Knote: [m[Kcandidate: ‘[01m[Ktemplate<class _U1, class _U2, typename std::enable_if<(std::_PCC<((! std::is_same<rs2_stream, _U1>::value) || (! std::is_same<int, _U2>::value)), rs2_stream, int>::_MoveConstructiblePair<_U1, _U2>() && (! std::_PCC<((! std::is_same<rs2_stream, _U1>::value) || (! std::is_same<int, _U2>::value)), rs2_stream, int>::_ImplicitlyMoveConvertiblePair<_U1, _U2>())), bool>::type <anonymous> > constexpr std::pair<_T1, _T2>::pair(std::pair<_U1, _U2>&&) [with _U1 = _U1; _U2 = _U2; typename std::enable_if<(std::_PCC<((! std::is_same<_T1, _U1>::value) || (! std::is_same<_T2, _U2>::value)), _T1, _T2>::_MoveConstructiblePair<_U1, _U2>() && (! std::_PCC<((! std::is_same<_T1, _U1>::value) || (! std::is_same<_T2, _U2>::value)), _T1, _T2>::_ImplicitlyMoveConvertiblePair<_U1, _U2>())), bool>::type <anonymous> = <anonymous>; _T1 = rs2_stream; _T2 = int][m[K’
[13.199s]   381 |         explicit constexpr [01;36m[Kpair[m[K(pair<_U1, _U2>&& __p)
[13.200s]       |                            [01;36m[K^~~~[m[K
[13.200s] [01m[K/usr/include/c++/11/bits/stl_pair.h:381:28:[m[K [01;36m[Knote: [m[K  template argument deduction/substitution failed:
[13.200s] [01m[K/usr/include/c++/11/bits/stl_pair.h:371:19:[m[K [01;36m[Knote: [m[Kcandidate: ‘[01m[Ktemplate<class _U1, class _U2, typename std::enable_if<(std::_PCC<((! std::is_same<rs2_stream, _U1>::value) || (! std::is_same<int, _U2>::value)), rs2_stream, int>::_MoveConstructiblePair<_U1, _U2>() && std::_PCC<((! std::is_same<rs2_stream, _U1>::value) || (! std::is_same<int, _U2>::value)), rs2_stream, int>::_ImplicitlyMoveConvertiblePair<_U1, _U2>()), bool>::type <anonymous> > constexpr std::pair<_T1, _T2>::pair(std::pair<_U1, _U2>&&) [with _U1 = _U1; _U2 = _U2; typename std::enable_if<(std::_PCC<((! std::is_same<_T1, _U1>::value) || (! std::is_same<_T2, _U2>::value)), _T1, _T2>::_MoveConstructiblePair<_U1, _U2>() && std::_PCC<((! std::is_same<_T1, _U1>::value) || (! std::is_same<_T2, _U2>::value)), _T1, _T2>::_ImplicitlyMoveConvertiblePair<_U1, _U2>()), bool>::type <anonymous> = <anonymous>; _T1 = rs2_stream; _T2 = int][m[K’
[13.200s]   371 |         constexpr [01;36m[Kpair[m[K(pair<_U1, _U2>&& __p)
[13.200s]       |                   [01;36m[K^~~~[m[K
[13.200s] [01m[K/usr/include/c++/11/bits/stl_pair.h:371:19:[m[K [01;36m[Knote: [m[K  template argument deduction/substitution failed:
[13.200s] [01m[K/usr/include/c++/11/bits/stl_pair.h:361:28:[m[K [01;36m[Knote: [m[Kcandidate: ‘[01m[Ktemplate<class _U1, class _U2, typename std::enable_if<(_MoveConstructiblePair<_U1, _U2>() && (! _ImplicitlyMoveConvertiblePair<_U1, _U2>())), bool>::type <anonymous> > constexpr std::pair<_T1, _T2>::pair(_U1&&, _U2&&) [with _U1 = _U1; _U2 = _U2; typename std::enable_if<(std::_PCC<true, _T1, _T2>::_MoveConstructiblePair<_U1, _U2>() && (! std::_PCC<true, _T1, _T2>::_ImplicitlyMoveConvertiblePair<_U1, _U2>())), bool>::type <anonymous> = <anonymous>; _T1 = rs2_stream; _T2 = int][m[K’
[13.200s]   361 |         explicit constexpr [01;36m[Kpair[m[K(_U1&& __x, _U2&& __y)
[13.200s]       |                            [01;36m[K^~~~[m[K
[13.200s] [01m[K/usr/include/c++/11/bits/stl_pair.h:361:28:[m[K [01;36m[Knote: [m[K  template argument deduction/substitution failed:
[13.200s] [01m[K/usr/include/c++/11/bits/stl_pair.h:352:19:[m[K [01;36m[Knote: [m[Kcandidate: ‘[01m[Ktemplate<class _U1, class _U2, typename std::enable_if<(_MoveConstructiblePair<_U1, _U2>() && _ImplicitlyMoveConvertiblePair<_U1, _U2>()), bool>::type <anonymous> > constexpr std::pair<_T1, _T2>::pair(_U1&&, _U2&&) [with _U1 = _U1; _U2 = _U2; typename std::enable_if<(std::_PCC<true, _T1, _T2>::_MoveConstructiblePair<_U1, _U2>() && std::_PCC<true, _T1, _T2>::_ImplicitlyMoveConvertiblePair<_U1, _U2>()), bool>::type <anonymous> = <anonymous>; _T1 = rs2_stream; _T2 = int][m[K’
[13.200s]   352 |         constexpr [01;36m[Kpair[m[K(_U1&& __x, _U2&& __y)
[13.200s]       |                   [01;36m[K^~~~[m[K
[13.201s] [01m[K/usr/include/c++/11/bits/stl_pair.h:352:19:[m[K [01;36m[Knote: [m[K  template argument deduction/substitution failed:
[13.201s] [01m[K/usr/include/c++/11/bits/stl_pair.h:343:17:[m[K [01;36m[Knote: [m[Kcandidate: ‘[01m[Ktemplate<class _U2, typename std::enable_if<_CopyMovePair<false, rs2_stream, _U2>(), bool>::type <anonymous> > std::pair<_T1, _T2>::pair(const _T1&, _U2&&) [with _U2 = _U2; typename std::enable_if<std::_PCC<true, _T1, _T2>::_CopyMovePair<false, _T1, _U2>(), bool>::type <anonymous> = <anonymous>; _T1 = rs2_stream; _T2 = int][m[K’
[13.201s]   343 |        explicit [01;36m[Kpair[m[K(const _T1& __x, _U2&& __y)
[13.201s]       |                 [01;36m[K^~~~[m[K
[13.201s] [01m[K/usr/include/c++/11/bits/stl_pair.h:343:17:[m[K [01;36m[Knote: [m[K  template argument deduction/substitution failed:
[13.201s] [01m[K/usr/include/c++/11/bits/stl_pair.h:336:18:[m[K [01;36m[Knote: [m[Kcandidate: ‘[01m[Ktemplate<class _U2, typename std::enable_if<_CopyMovePair<true, rs2_stream, _U2>(), bool>::type <anonymous> > constexpr std::pair<_T1, _T2>::pair(const _T1&, _U2&&) [with _U2 = _U2; typename std::enable_if<std::_PCC<true, _T1, _T2>::_CopyMovePair<true, _T1, _U2>(), bool>::type <anonymous> = <anonymous>; _T1 = rs2_stream; _T2 = int][m[K’
[13.201s]   336 |        constexpr [01;36m[Kpair[m[K(const _T1& __x, _U2&& __y)
[13.201s]       |                  [01;36m[K^~~~[m[K
[13.201s] [01m[K/usr/include/c++/11/bits/stl_pair.h:336:18:[m[K [01;36m[Knote: [m[K  template argument deduction/substitution failed:
[13.201s] [01m[K/usr/include/c++/11/bits/stl_pair.h:329:27:[m[K [01;36m[Knote: [m[Kcandidate: ‘[01m[Ktemplate<class _U1, typename std::enable_if<_MoveCopyPair<false, _U1, int>(), bool>::type <anonymous> > constexpr std::pair<_T1, _T2>::pair(_U1&&, const _T2&) [with _U1 = _U1; typename std::enable_if<std::_PCC<true, _T1, _T2>::_MoveCopyPair<false, _U1, _T2>(), bool>::type <anonymous> = <anonymous>; _T1 = rs2_stream; _T2 = int][m[K’
[13.201s]   329 |        explicit constexpr [01;36m[Kpair[m[K(_U1&& __x, const _T2& __y)
[13.201s]       |                           [01;36m[K^~~~[m[K
[13.201s] [01m[K/usr/include/c++/11/bits/stl_pair.h:329:27:[m[K [01;36m[Knote: [m[K  template argument deduction/substitution failed:
[13.201s] [01m[K/usr/include/c++/11/bits/stl_pair.h:322:18:[m[K [01;36m[Knote: [m[Kcandidate: ‘[01m[Ktemplate<class _U1, typename std::enable_if<_MoveCopyPair<true, _U1, int>(), bool>::type <anonymous> > constexpr std::pair<_T1, _T2>::pair(_U1&&, const _T2&) [with _U1 = _U1; typename std::enable_if<std::_PCC<true, _T1, _T2>::_MoveCopyPair<true, _U1, _T2>(), bool>::type <anonymous> = <anonymous>; _T1 = rs2_stream; _T2 = int][m[K’
[13.201s]   322 |        constexpr [01;36m[Kpair[m[K(_U1&& __x, const _T2& __y)
[13.201s]       |                  [01;36m[K^~~~[m[K
[13.202s] [01m[K/usr/include/c++/11/bits/stl_pair.h:322:18:[m[K [01;36m[Knote: [m[K  template argument deduction/substitution failed:
[13.202s] [01m[K/usr/include/c++/11/bits/stl_pair.h:309:28:[m[K [01;36m[Knote: [m[Kcandidate: ‘[01m[Ktemplate<class _U1, class _U2, typename std::enable_if<(std::_PCC<((! std::is_same<rs2_stream, _U1>::value) || (! std::is_same<int, _U2>::value)), rs2_stream, int>::_ConstructiblePair<_U1, _U2>() && (! std::_PCC<((! std::is_same<rs2_stream, _U1>::value) || (! std::is_same<int, _U2>::value)), rs2_stream, int>::_ImplicitlyConvertiblePair<_U1, _U2>())), bool>::type <anonymous> > constexpr std::pair<_T1, _T2>::pair(const std::pair<_U1, _U2>&) [with _U1 = _U1; _U2 = _U2; typename std::enable_if<(std::_PCC<((! std::is_same<_T1, _U1>::value) || (! std::is_same<_T2, _U2>::value)), _T1, _T2>::_ConstructiblePair<_U1, _U2>() && (! std::_PCC<((! std::is_same<_T1, _U1>::value) || (! std::is_same<_T2, _U2>::value)), _T1, _T2>::_ImplicitlyConvertiblePair<_U1, _U2>())), bool>::type <anonymous> = <anonymous>; _T1 = rs2_stream; _T2 = int][m[K’
[13.202s]   309 |         explicit constexpr [01;36m[Kpair[m[K(const pair<_U1, _U2>& __p)
[13.202s]       |                            [01;36m[K^~~~[m[K
[13.202s] [01m[K/usr/include/c++/11/bits/stl_pair.h:309:28:[m[K [01;36m[Knote: [m[K  template argument deduction/substitution failed:
[13.202s] [01m[K/usr/include/c++/11/bits/stl_pair.h:300:19:[m[K [01;36m[Knote: [m[Kcandidate: ‘[01m[Ktemplate<class _U1, class _U2, typename std::enable_if<(std::_PCC<((! std::is_same<rs2_stream, _U1>::value) || (! std::is_same<int, _U2>::value)), rs2_stream, int>::_ConstructiblePair<_U1, _U2>() && std::_PCC<((! std::is_same<rs2_stream, _U1>::value) || (! std::is_same<int, _U2>::value)), rs2_stream, int>::_ImplicitlyConvertiblePair<_U1, _U2>()), bool>::type <anonymous> > constexpr std::pair<_T1, _T2>::pair(const std::pair<_U1, _U2>&) [with _U1 = _U1; _U2 = _U2; typename std::enable_if<(std::_PCC<((! std::is_same<_T1, _U1>::value) || (! std::is_same<_T2, _U2>::value)), _T1, _T2>::_ConstructiblePair<_U1, _U2>() && std::_PCC<((! std::is_same<_T1, _U1>::value) || (! std::is_same<_T2, _U2>::value)), _T1, _T2>::_ImplicitlyConvertiblePair<_U1, _U2>()), bool>::type <anonymous> = <anonymous>; _T1 = rs2_stream; _T2 = int][m[K’
[13.202s]   300 |         constexpr [01;36m[Kpair[m[K(const pair<_U1, _U2>& __p)
[13.202s]       |                   [01;36m[K^~~~[m[K
[13.202s] [01m[K/usr/include/c++/11/bits/stl_pair.h:300:19:[m[K [01;36m[Knote: [m[K  template argument deduction/substitution failed:
[13.202s] [01m[K/usr/include/c++/11/bits/stl_pair.h:276:26:[m[K [01;36m[Knote: [m[Kcandidate: ‘[01m[Ktemplate<class _U1, class _U2, typename std::enable_if<(_ConstructiblePair<_U1, _U2>() && (! _ImplicitlyConvertiblePair<_U1, _U2>())), bool>::type <anonymous> > constexpr std::pair<_T1, _T2>::pair(const _T1&, const _T2&) [with _U1 = _U1; _U2 = _U2; typename std::enable_if<(std::_PCC<true, _T1, _T2>::_ConstructiblePair<_U1, _U2>() && (! std::_PCC<true, _T1, _T2>::_ImplicitlyConvertiblePair<_U1, _U2>())), bool>::type <anonymous> = <anonymous>; _T1 = rs2_stream; _T2 = int][m[K’
[13.202s]   276 |       explicit constexpr [01;36m[Kpair[m[K(const _T1& __a, const _T2& __b)
[13.202s]       |                          [01;36m[K^~~~[m[K
[13.202s] [01m[K/usr/include/c++/11/bits/stl_pair.h:276:26:[m[K [01;36m[Knote: [m[K  template argument deduction/substitution failed:
[13.202s] [01m[K/usr/include/c++/11/bits/stl_pair.h:266:17:[m[K [01;36m[Knote: [m[Kcandidate: ‘[01m[Ktemplate<class _U1, class _U2, typename std::enable_if<(_ConstructiblePair<_U1, _U2>() && _ImplicitlyConvertiblePair<_U1, _U2>()), bool>::type <anonymous> > constexpr std::pair<_T1, _T2>::pair(const _T1&, const _T2&) [with _U1 = _U1; _U2 = _U2; typename std::enable_if<(std::_PCC<true, _T1, _T2>::_ConstructiblePair<_U1, _U2>() && std::_PCC<true, _T1, _T2>::_ImplicitlyConvertiblePair<_U1, _U2>()), bool>::type <anonymous> = <anonymous>; _T1 = rs2_stream; _T2 = int][m[K’
[13.202s]   266 |       constexpr [01;36m[Kpair[m[K(const _T1& __a, const _T2& __b)
[13.202s]       |                 [01;36m[K^~~~[m[K
[13.203s] [01m[K/usr/include/c++/11/bits/stl_pair.h:266:17:[m[K [01;36m[Knote: [m[K  template argument deduction/substitution failed:
[13.203s] [01m[K/usr/include/c++/11/bits/stl_pair.h:245:26:[m[K [01;36m[Knote: [m[Kcandidate: ‘[01m[Ktemplate<class _U1, class _U2, typename std::enable_if<std::__and_<std::is_default_constructible<_U1>, std::is_default_constructible<_Dp>, std::__not_<std::__and_<std::__is_implicitly_default_constructible<_U1>, std::__is_implicitly_default_constructible<_U2> > > >::value, bool>::type <anonymous> > constexpr std::pair<_T1, _T2>::pair() [with _U1 = _U1; _U2 = _U2; typename std::enable_if<std::__and_<std::is_default_constructible<_U1>, std::is_default_constructible<_U2>, std::__not_<std::__and_<std::__is_implicitly_default_constructible<_U1>, std::__is_implicitly_default_constructible<_U2> > > >::value, bool>::type <anonymous> = <anonymous>; _T1 = rs2_stream; _T2 = int][m[K’
[13.204s]   245 |       explicit constexpr [01;36m[Kpair[m[K()
[13.204s]       |                          [01;36m[K^~~~[m[K
[13.204s] [01m[K/usr/include/c++/11/bits/stl_pair.h:245:26:[m[K [01;36m[Knote: [m[K  template argument deduction/substitution failed:
[13.204s] In file included from [01m[K/home/brace/codeSpace/navi/src/realsense-ros/realsense2_camera/include/dynamic_params.h:16[m[K,
[13.204s]                  from [01m[K/home/brace/codeSpace/navi/src/realsense-ros/realsense2_camera/src/dynamic_params.cpp:15[m[K:
[13.204s] [01m[K/home/brace/codeSpace/navi/src/realsense-ros/realsense2_camera/include/ros_utils.h:36:56:[m[K [01;36m[Knote: [m[K  candidate expects 0 arguments, 2 provided
[13.204s]    36 |     const stream_index_pair SAFETY{RS2_STREAM_SAFETY, 0[01;36m[K}[m[K;
[13.204s]       |                                                        [01;36m[K^[m[K
[13.204s] In file included from [01m[K/usr/include/c++/11/bits/stl_algobase.h:64[m[K,
[13.204s]                  from [01m[K/usr/include/c++/11/bits/char_traits.h:39[m[K,
[13.205s]                  from [01m[K/usr/include/c++/11/ios:40[m[K,
[13.205s]                  from [01m[K/usr/include/c++/11/ostream:38[m[K,
[13.205s]                  from [01m[K/usr/include/c++/11/iostream:39[m[K,
[13.205s]                  from [01m[K/home/brace/codeSpace/navi/src/realsense-ros/realsense2_camera/include/ros_utils.h:18[m[K,
[13.205s]                  from [01m[K/home/brace/codeSpace/navi/src/realsense-ros/realsense2_camera/include/dynamic_params.h:16[m[K,
[13.205s]                  from [01m[K/home/brace/codeSpace/navi/src/realsense-ros/realsense2_camera/src/dynamic_params.cpp:15[m[K:
[13.206s] [01m[K/usr/include/c++/11/bits/stl_pair.h:232:26:[m[K [01;36m[Knote: [m[Kcandidate: ‘[01m[Ktemplate<class _U1, class _U2, typename std::enable_if<std::__and_<std::__is_implicitly_default_constructible<_U1>, std::__is_implicitly_default_constructible<_U2> >::value, bool>::type <anonymous> > constexpr std::pair<_T1, _T2>::pair() [with _U1 = _U1; _U2 = _U2; typename std::enable_if<std::__and_<std::__is_implicitly_default_constructible<_U1>, std::__is_implicitly_default_constructible<_U2> >::value, bool>::type <anonymous> = <anonymous>; _T1 = rs2_stream; _T2 = int][m[K’
[13.206s]   232 |       _GLIBCXX_CONSTEXPR [01;36m[Kpair[m[K()
[13.206s]       |                          [01;36m[K^~~~[m[K
[13.206s] [01m[K/usr/include/c++/11/bits/stl_pair.h:232:26:[m[K [01;36m[Knote: [m[K  template argument deduction/substitution failed:
[13.206s] In file included from [01m[K/home/brace/codeSpace/navi/src/realsense-ros/realsense2_camera/include/dynamic_params.h:16[m[K,
[13.207s]                  from [01m[K/home/brace/codeSpace/navi/src/realsense-ros/realsense2_camera/src/dynamic_params.cpp:15[m[K:
[13.210s] [01m[K/home/brace/codeSpace/navi/src/realsense-ros/realsense2_camera/include/ros_utils.h:36:56:[m[K [01;36m[Knote: [m[K  candidate expects 0 arguments, 2 provided
[13.210s]    36 |     const stream_index_pair SAFETY{RS2_STREAM_SAFETY, 0[01;36m[K}[m[K;
[13.210s]       |                                                        [01;36m[K^[m[K
[13.210s] In file included from [01m[K/usr/include/c++/11/bits/stl_algobase.h:64[m[K,
[13.210s]                  from [01m[K/usr/include/c++/11/bits/char_traits.h:39[m[K,
[13.210s]                  from [01m[K/usr/include/c++/11/ios:40[m[K,
[13.210s]                  from [01m[K/usr/include/c++/11/ostream:38[m[K,
[13.210s]                  from [01m[K/usr/include/c++/11/iostream:39[m[K,
[13.210s]                  from [01m[K/home/brace/codeSpace/navi/src/realsense-ros/realsense2_camera/include/ros_utils.h:18[m[K,
[13.210s]                  from [01m[K/home/brace/codeSpace/navi/src/realsense-ros/realsense2_camera/include/dynamic_params.h:16[m[K,
[13.210s]                  from [01m[K/home/brace/codeSpace/navi/src/realsense-ros/realsense2_camera/src/dynamic_params.cpp:15[m[K:
[13.210s] [01m[K/usr/include/c++/11/bits/stl_pair.h:315:17:[m[K [01;36m[Knote: [m[Kcandidate: ‘[01m[Kconstexpr std::pair<_T1, _T2>::pair(std::pair<_T1, _T2>&&) [with _T1 = rs2_stream; _T2 = int][m[K’
[13.210s]   315 |       constexpr [01;36m[Kpair[m[K(pair&&) = default;         ///< Move constructor
[13.211s]       |                 [01;36m[K^~~~[m[K
[13.211s] [01m[K/usr/include/c++/11/bits/stl_pair.h:315:17:[m[K [01;36m[Knote: [m[K  candidate expects 1 argument, 2 provided
[13.211s] [01m[K/usr/include/c++/11/bits/stl_pair.h:314:17:[m[K [01;36m[Knote: [m[Kcandidate: ‘[01m[Kconstexpr std::pair<_T1, _T2>::pair(const std::pair<_T1, _T2>&) [with _T1 = rs2_stream; _T2 = int][m[K’
[13.211s]   314 |       constexpr [01;36m[Kpair[m[K(const pair&) = default;    ///< Copy constructor
[13.211s]       |                 [01;36m[K^~~~[m[K
[13.211s] [01m[K/usr/include/c++/11/bits/stl_pair.h:314:17:[m[K [01;36m[Knote: [m[K  candidate expects 1 argument, 2 provided
[13.235s] In file included from [01m[K/home/brace/codeSpace/navi/src/realsense-ros/realsense2_camera/include/dynamic_params.h:16[m[K,
[13.236s]                  from [01m[K/home/brace/codeSpace/navi/src/realsense-ros/realsense2_camera/src/dynamic_params.cpp:15[m[K:
[13.236s] [01m[K/home/brace/codeSpace/navi/src/realsense-ros/realsense2_camera/include/ros_utils.h:37:49:[m[K [01;31m[Kerror: [m[K‘[01m[KRS2_STREAM_LABELED_POINT_CLOUD[m[K’ was not declared in this scope
[13.236s]    37 |     const stream_index_pair LABELED_POINT_CLOUD{[01;31m[KRS2_STREAM_LABELED_POINT_CLOUD[m[K, 0};
[13.237s]       |                                                 [01;31m[K^~~~~~~~~~~~~~~~~~~~~~~~~~~~~~[m[K
[13.237s] [01m[K/home/brace/codeSpace/navi/src/realsense-ros/realsense2_camera/include/ros_utils.h:37:82:[m[K [01;31m[Kerror: [m[Kno matching function for call to ‘[01m[Kstd::pair<rs2_stream, int>::pair(<brace-enclosed initializer list>)[m[K’
[13.237s]    37 |     const stream_index_pair LABELED_POINT_CLOUD{RS2_STREAM_LABELED_POINT_CLOUD, 0[01;31m[K}[m[K;
[13.237s]       |                                                                                  [01;31m[K^[m[K
[13.237s] In file included from [01m[K/usr/include/c++/11/bits/stl_algobase.h:64[m[K,
[13.237s]                  from [01m[K/usr/include/c++/11/bits/char_traits.h:39[m[K,
[13.237s]                  from [01m[K/usr/include/c++/11/ios:40[m[K,
[13.237s]                  from [01m[K/usr/include/c++/11/ostream:38[m[K,
[13.237s]                  from [01m[K/usr/include/c++/11/iostream:39[m[K,
[13.237s]                  from [01m[K/home/brace/codeSpace/navi/src/realsense-ros/realsense2_camera/include/ros_utils.h:18[m[K,
[13.237s]                  from [01m[K/home/brace/codeSpace/navi/src/realsense-ros/realsense2_camera/include/dynamic_params.h:16[m[K,
[13.237s]                  from [01m[K/home/brace/codeSpace/navi/src/realsense-ros/realsense2_camera/src/dynamic_params.cpp:15[m[K:
[13.237s] [01m[K/usr/include/c++/11/bits/stl_pair.h:452:9:[m[K [01;36m[Knote: [m[Kcandidate: ‘[01m[Ktemplate<class ... _Args1, long unsigned int ..._Indexes1, class ... _Args2, long unsigned int ..._Indexes2> std::pair<_T1, _T2>::pair(std::tuple<_Args1 ...>&, std::tuple<_Args2 ...>&, std::_Index_tuple<_Indexes1 ...>, std::_Index_tuple<_Indexes2 ...>) [with _Args1 = {_Args1 ...}; long unsigned int ..._Indexes1 = {_Indexes1 ...}; _Args2 = {_Args2 ...}; long unsigned int ..._Indexes2 = {_Indexes2 ...}; _T1 = rs2_stream; _T2 = int][m[K’
[13.237s]   452 |         [01;36m[Kpair[m[K(tuple<_Args1...>&, tuple<_Args2...>&,
[13.237s]       |         [01;36m[K^~~~[m[K
[13.237s] [01m[K/usr/include/c++/11/bits/stl_pair.h:452:9:[m[K [01;36m[Knote: [m[K  template argument deduction/substitution failed:
[13.239s] [01m[K/usr/include/c++/11/bits/stl_pair.h:387:9:[m[K [01;36m[Knote: [m[Kcandidate: ‘[01m[Ktemplate<class ... _Args1, class ... _Args2> std::pair<_T1, _T2>::pair(std::piecewise_construct_t, std::tuple<_Args1 ...>, std::tuple<_Args2 ...>) [with _Args1 = {_Args1 ...}; _Args2 = {_Args2 ...}; _T1 = rs2_stream; _T2 = int][m[K’
[13.242s]   387 |         [01;36m[Kpair[m[K(piecewise_construct_t, tuple<_Args1...>, tuple<_Args2...>);
[13.242s]       |         [01;36m[K^~~~[m[K
[13.242s] [01m[K/usr/include/c++/11/bits/stl_pair.h:387:9:[m[K [01;36m[Knote: [m[K  template argument deduction/substitution failed:
[13.242s] [01m[K/usr/include/c++/11/bits/stl_pair.h:381:28:[m[K [01;36m[Knote: [m[Kcandidate: ‘[01m[Ktemplate<class _U1, class _U2, typename std::enable_if<(std::_PCC<((! std::is_same<rs2_stream, _U1>::value) || (! std::is_same<int, _U2>::value)), rs2_stream, int>::_MoveConstructiblePair<_U1, _U2>() && (! std::_PCC<((! std::is_same<rs2_stream, _U1>::value) || (! std::is_same<int, _U2>::value)), rs2_stream, int>::_ImplicitlyMoveConvertiblePair<_U1, _U2>())), bool>::type <anonymous> > constexpr std::pair<_T1, _T2>::pair(std::pair<_U1, _U2>&&) [with _U1 = _U1; _U2 = _U2; typename std::enable_if<(std::_PCC<((! std::is_same<_T1, _U1>::value) || (! std::is_same<_T2, _U2>::value)), _T1, _T2>::_MoveConstructiblePair<_U1, _U2>() && (! std::_PCC<((! std::is_same<_T1, _U1>::value) || (! std::is_same<_T2, _U2>::value)), _T1, _T2>::_ImplicitlyMoveConvertiblePair<_U1, _U2>())), bool>::type <anonymous> = <anonymous>; _T1 = rs2_stream; _T2 = int][m[K’
[13.242s]   381 |         explicit constexpr [01;36m[Kpair[m[K(pair<_U1, _U2>&& __p)
[13.242s]       |                            [01;36m[K^~~~[m[K
[13.242s] [01m[K/usr/include/c++/11/bits/stl_pair.h:381:28:[m[K [01;36m[Knote: [m[K  template argument deduction/substitution failed:
[13.242s] [01m[K/usr/include/c++/11/bits/stl_pair.h:371:19:[m[K [01;36m[Knote: [m[Kcandidate: ‘[01m[Ktemplate<class _U1, class _U2, typename std::enable_if<(std::_PCC<((! std::is_same<rs2_stream, _U1>::value) || (! std::is_same<int, _U2>::value)), rs2_stream, int>::_MoveConstructiblePair<_U1, _U2>() && std::_PCC<((! std::is_same<rs2_stream, _U1>::value) || (! std::is_same<int, _U2>::value)), rs2_stream, int>::_ImplicitlyMoveConvertiblePair<_U1, _U2>()), bool>::type <anonymous> > constexpr std::pair<_T1, _T2>::pair(std::pair<_U1, _U2>&&) [with _U1 = _U1; _U2 = _U2; typename std::enable_if<(std::_PCC<((! std::is_same<_T1, _U1>::value) || (! std::is_same<_T2, _U2>::value)), _T1, _T2>::_MoveConstructiblePair<_U1, _U2>() && std::_PCC<((! std::is_same<_T1, _U1>::value) || (! std::is_same<_T2, _U2>::value)), _T1, _T2>::_ImplicitlyMoveConvertiblePair<_U1, _U2>()), bool>::type <anonymous> = <anonymous>; _T1 = rs2_stream; _T2 = int][m[K’
[13.242s]   371 |         constexpr [01;36m[Kpair[m[K(pair<_U1, _U2>&& __p)
[13.242s]       |                   [01;36m[K^~~~[m[K
[13.242s] [01m[K/usr/include/c++/11/bits/stl_pair.h:371:19:[m[K [01;36m[Knote: [m[K  template argument deduction/substitution failed:
[13.243s] [01m[K/usr/include/c++/11/bits/stl_pair.h:361:28:[m[K [01;36m[Knote: [m[Kcandidate: ‘[01m[Ktemplate<class _U1, class _U2, typename std::enable_if<(_MoveConstructiblePair<_U1, _U2>() && (! _ImplicitlyMoveConvertiblePair<_U1, _U2>())), bool>::type <anonymous> > constexpr std::pair<_T1, _T2>::pair(_U1&&, _U2&&) [with _U1 = _U1; _U2 = _U2; typename std::enable_if<(std::_PCC<true, _T1, _T2>::_MoveConstructiblePair<_U1, _U2>() && (! std::_PCC<true, _T1, _T2>::_ImplicitlyMoveConvertiblePair<_U1, _U2>())), bool>::type <anonymous> = <anonymous>; _T1 = rs2_stream; _T2 = int][m[K’
[13.243s]   361 |         explicit constexpr [01;36m[Kpair[m[K(_U1&& __x, _U2&& __y)
[13.243s]       |                            [01;36m[K^~~~[m[K
[13.243s] [01m[K/usr/include/c++/11/bits/stl_pair.h:361:28:[m[K [01;36m[Knote: [m[K  template argument deduction/substitution failed:
[13.243s] [01m[K/usr/include/c++/11/bits/stl_pair.h:352:19:[m[K [01;36m[Knote: [m[Kcandidate: ‘[01m[Ktemplate<class _U1, class _U2, typename std::enable_if<(_MoveConstructiblePair<_U1, _U2>() && _ImplicitlyMoveConvertiblePair<_U1, _U2>()), bool>::type <anonymous> > constexpr std::pair<_T1, _T2>::pair(_U1&&, _U2&&) [with _U1 = _U1; _U2 = _U2; typename std::enable_if<(std::_PCC<true, _T1, _T2>::_MoveConstructiblePair<_U1, _U2>() && std::_PCC<true, _T1, _T2>::_ImplicitlyMoveConvertiblePair<_U1, _U2>()), bool>::type <anonymous> = <anonymous>; _T1 = rs2_stream; _T2 = int][m[K’
[13.243s]   352 |         constexpr [01;36m[Kpair[m[K(_U1&& __x, _U2&& __y)
[13.243s]       |                   [01;36m[K^~~~[m[K
[13.243s] [01m[K/usr/include/c++/11/bits/stl_pair.h:352:19:[m[K [01;36m[Knote: [m[K  template argument deduction/substitution failed:
[13.243s] [01m[K/usr/include/c++/11/bits/stl_pair.h:343:17:[m[K [01;36m[Knote: [m[Kcandidate: ‘[01m[Ktemplate<class _U2, typename std::enable_if<_CopyMovePair<false, rs2_stream, _U2>(), bool>::type <anonymous> > std::pair<_T1, _T2>::pair(const _T1&, _U2&&) [with _U2 = _U2; typename std::enable_if<std::_PCC<true, _T1, _T2>::_CopyMovePair<false, _T1, _U2>(), bool>::type <anonymous> = <anonymous>; _T1 = rs2_stream; _T2 = int][m[K’
[13.243s]   343 |        explicit [01;36m[Kpair[m[K(const _T1& __x, _U2&& __y)
[13.243s]       |                 [01;36m[K^~~~[m[K
[13.243s] [01m[K/usr/include/c++/11/bits/stl_pair.h:343:17:[m[K [01;36m[Knote: [m[K  template argument deduction/substitution failed:
[13.244s] [01m[K/usr/include/c++/11/bits/stl_pair.h:336:18:[m[K [01;36m[Knote: [m[Kcandidate: ‘[01m[Ktemplate<class _U2, typename std::enable_if<_CopyMovePair<true, rs2_stream, _U2>(), bool>::type <anonymous> > constexpr std::pair<_T1, _T2>::pair(const _T1&, _U2&&) [with _U2 = _U2; typename std::enable_if<std::_PCC<true, _T1, _T2>::_CopyMovePair<true, _T1, _U2>(), bool>::type <anonymous> = <anonymous>; _T1 = rs2_stream; _T2 = int][m[K’
[13.245s]   336 |        constexpr [01;36m[Kpair[m[K(const _T1& __x, _U2&& __y)
[13.245s]       |                  [01;36m[K^~~~[m[K
[13.245s] [01m[K/usr/include/c++/11/bits/stl_pair.h:336:18:[m[K [01;36m[Knote: [m[K  template argument deduction/substitution failed:
[13.245s] [01m[K/usr/include/c++/11/bits/stl_pair.h:329:27:[m[K [01;36m[Knote: [m[Kcandidate: ‘[01m[Ktemplate<class _U1, typename std::enable_if<_MoveCopyPair<false, _U1, int>(), bool>::type <anonymous> > constexpr std::pair<_T1, _T2>::pair(_U1&&, const _T2&) [with _U1 = _U1; typename std::enable_if<std::_PCC<true, _T1, _T2>::_MoveCopyPair<false, _U1, _T2>(), bool>::type <anonymous> = <anonymous>; _T1 = rs2_stream; _T2 = int][m[K’
[13.245s]   329 |        explicit constexpr [01;36m[Kpair[m[K(_U1&& __x, const _T2& __y)
[13.245s]       |                           [01;36m[K^~~~[m[K
[13.249s] [01m[K/usr/include/c++/11/bits/stl_pair.h:329:27:[m[K [01;36m[Knote: [m[K  template argument deduction/substitution failed:
[13.249s] [01m[K/usr/include/c++/11/bits/stl_pair.h:322:18:[m[K [01;36m[Knote: [m[Kcandidate: ‘[01m[Ktemplate<class _U1, typename std::enable_if<_MoveCopyPair<true, _U1, int>(), bool>::type <anonymous> > constexpr std::pair<_T1, _T2>::pair(_U1&&, const _T2&) [with _U1 = _U1; typename std::enable_if<std::_PCC<true, _T1, _T2>::_MoveCopyPair<true, _U1, _T2>(), bool>::type <anonymous> = <anonymous>; _T1 = rs2_stream; _T2 = int][m[K’
[13.249s]   322 |        constexpr [01;36m[Kpair[m[K(_U1&& __x, const _T2& __y)
[13.249s]       |                  [01;36m[K^~~~[m[K
[13.249s] [01m[K/usr/include/c++/11/bits/stl_pair.h:322:18:[m[K [01;36m[Knote: [m[K  template argument deduction/substitution failed:
[13.249s] [01m[K/usr/include/c++/11/bits/stl_pair.h:309:28:[m[K [01;36m[Knote: [m[Kcandidate: ‘[01m[Ktemplate<class _U1, class _U2, typename std::enable_if<(std::_PCC<((! std::is_same<rs2_stream, _U1>::value) || (! std::is_same<int, _U2>::value)), rs2_stream, int>::_ConstructiblePair<_U1, _U2>() && (! std::_PCC<((! std::is_same<rs2_stream, _U1>::value) || (! std::is_same<int, _U2>::value)), rs2_stream, int>::_ImplicitlyConvertiblePair<_U1, _U2>())), bool>::type <anonymous> > constexpr std::pair<_T1, _T2>::pair(const std::pair<_U1, _U2>&) [with _U1 = _U1; _U2 = _U2; typename std::enable_if<(std::_PCC<((! std::is_same<_T1, _U1>::value) || (! std::is_same<_T2, _U2>::value)), _T1, _T2>::_ConstructiblePair<_U1, _U2>() && (! std::_PCC<((! std::is_same<_T1, _U1>::value) || (! std::is_same<_T2, _U2>::value)), _T1, _T2>::_ImplicitlyConvertiblePair<_U1, _U2>())), bool>::type <anonymous> = <anonymous>; _T1 = rs2_stream; _T2 = int][m[K’
[13.249s]   309 |         explicit constexpr [01;36m[Kpair[m[K(const pair<_U1, _U2>& __p)
[13.249s]       |                            [01;36m[K^~~~[m[K
[13.249s] [01m[K/usr/include/c++/11/bits/stl_pair.h:309:28:[m[K [01;36m[Knote: [m[K  template argument deduction/substitution failed:
[13.249s] [01m[K/usr/include/c++/11/bits/stl_pair.h:300:19:[m[K [01;36m[Knote: [m[Kcandidate: ‘[01m[Ktemplate<class _U1, class _U2, typename std::enable_if<(std::_PCC<((! std::is_same<rs2_stream, _U1>::value) || (! std::is_same<int, _U2>::value)), rs2_stream, int>::_ConstructiblePair<_U1, _U2>() && std::_PCC<((! std::is_same<rs2_stream, _U1>::value) || (! std::is_same<int, _U2>::value)), rs2_stream, int>::_ImplicitlyConvertiblePair<_U1, _U2>()), bool>::type <anonymous> > constexpr std::pair<_T1, _T2>::pair(const std::pair<_U1, _U2>&) [with _U1 = _U1; _U2 = _U2; typename std::enable_if<(std::_PCC<((! std::is_same<_T1, _U1>::value) || (! std::is_same<_T2, _U2>::value)), _T1, _T2>::_ConstructiblePair<_U1, _U2>() && std::_PCC<((! std::is_same<_T1, _U1>::value) || (! std::is_same<_T2, _U2>::value)), _T1, _T2>::_ImplicitlyConvertiblePair<_U1, _U2>()), bool>::type <anonymous> = <anonymous>; _T1 = rs2_stream; _T2 = int][m[K’
[13.249s]   300 |         constexpr [01;36m[Kpair[m[K(const pair<_U1, _U2>& __p)
[13.250s]       |                   [01;36m[K^~~~[m[K
[13.250s] [01m[K/usr/include/c++/11/bits/stl_pair.h:300:19:[m[K [01;36m[Knote: [m[K  template argument deduction/substitution failed:
[13.250s] [01m[K/usr/include/c++/11/bits/stl_pair.h:276:26:[m[K [01;36m[Knote: [m[Kcandidate: ‘[01m[Ktemplate<class _U1, class _U2, typename std::enable_if<(_ConstructiblePair<_U1, _U2>() && (! _ImplicitlyConvertiblePair<_U1, _U2>())), bool>::type <anonymous> > constexpr std::pair<_T1, _T2>::pair(const _T1&, const _T2&) [with _U1 = _U1; _U2 = _U2; typename std::enable_if<(std::_PCC<true, _T1, _T2>::_ConstructiblePair<_U1, _U2>() && (! std::_PCC<true, _T1, _T2>::_ImplicitlyConvertiblePair<_U1, _U2>())), bool>::type <anonymous> = <anonymous>; _T1 = rs2_stream; _T2 = int][m[K’
[13.250s]   276 |       explicit constexpr [01;36m[Kpair[m[K(const _T1& __a, const _T2& __b)
[13.250s]       |                          [01;36m[K^~~~[m[K
[13.250s] [01m[K/usr/include/c++/11/bits/stl_pair.h:276:26:[m[K [01;36m[Knote: [m[K  template argument deduction/substitution failed:
[13.250s] [01m[K/usr/include/c++/11/bits/stl_pair.h:266:17:[m[K [01;36m[Knote: [m[Kcandidate: ‘[01m[Ktemplate<class _U1, class _U2, typename std::enable_if<(_ConstructiblePair<_U1, _U2>() && _ImplicitlyConvertiblePair<_U1, _U2>()), bool>::type <anonymous> > constexpr std::pair<_T1, _T2>::pair(const _T1&, const _T2&) [with _U1 = _U1; _U2 = _U2; typename std::enable_if<(std::_PCC<true, _T1, _T2>::_ConstructiblePair<_U1, _U2>() && std::_PCC<true, _T1, _T2>::_ImplicitlyConvertiblePair<_U1, _U2>()), bool>::type <anonymous> = <anonymous>; _T1 = rs2_stream; _T2 = int][m[K’
[13.250s]   266 |       constexpr [01;36m[Kpair[m[K(const _T1& __a, const _T2& __b)
[13.250s]       |                 [01;36m[K^~~~[m[K
[13.250s] [01m[K/usr/include/c++/11/bits/stl_pair.h:266:17:[m[K [01;36m[Knote: [m[K  template argument deduction/substitution failed:
[13.250s] [01m[K/usr/include/c++/11/bits/stl_pair.h:245:26:[m[K [01;36m[Knote: [m[Kcandidate: ‘[01m[Ktemplate<class _U1, class _U2, typename std::enable_if<std::__and_<std::is_default_constructible<_U1>, std::is_default_constructible<_Dp>, std::__not_<std::__and_<std::__is_implicitly_default_constructible<_U1>, std::__is_implicitly_default_constructible<_U2> > > >::value, bool>::type <anonymous> > constexpr std::pair<_T1, _T2>::pair() [with _U1 = _U1; _U2 = _U2; typename std::enable_if<std::__and_<std::is_default_constructible<_U1>, std::is_default_constructible<_U2>, std::__not_<std::__and_<std::__is_implicitly_default_constructible<_U1>, std::__is_implicitly_default_constructible<_U2> > > >::value, bool>::type <anonymous> = <anonymous>; _T1 = rs2_stream; _T2 = int][m[K’
[13.250s]   245 |       explicit constexpr [01;36m[Kpair[m[K()
[13.250s]       |                          [01;36m[K^~~~[m[K
[13.250s] [01m[K/usr/include/c++/11/bits/stl_pair.h:245:26:[m[K [01;36m[Knote: [m[K  template argument deduction/substitution failed:
[13.250s] In file included from [01m[K/home/brace/codeSpace/navi/src/realsense-ros/realsense2_camera/include/dynamic_params.h:16[m[K,
[13.251s]                  from [01m[K/home/brace/codeSpace/navi/src/realsense-ros/realsense2_camera/src/dynamic_params.cpp:15[m[K:
[13.251s] [01m[K/home/brace/codeSpace/navi/src/realsense-ros/realsense2_camera/include/ros_utils.h:37:82:[m[K [01;36m[Knote: [m[K  candidate expects 0 arguments, 2 provided
[13.251s]    37 |     const stream_index_pair LABELED_POINT_CLOUD{RS2_STREAM_LABELED_POINT_CLOUD, 0[01;36m[K}[m[K;
[13.251s]       |                                                                                  [01;36m[K^[m[K
[13.251s] In file included from [01m[K/usr/include/c++/11/bits/stl_algobase.h:64[m[K,
[13.251s]                  from [01m[K/usr/include/c++/11/bits/char_traits.h:39[m[K,
[13.251s]                  from [01m[K/usr/include/c++/11/ios:40[m[K,
[13.251s]                  from [01m[K/usr/include/c++/11/ostream:38[m[K,
[13.251s]                  from [01m[K/usr/include/c++/11/iostream:39[m[K,
[13.251s]                  from [01m[K/home/brace/codeSpace/navi/src/realsense-ros/realsense2_camera/include/ros_utils.h:18[m[K,
[13.251s]                  from [01m[K/home/brace/codeSpace/navi/src/realsense-ros/realsense2_camera/include/dynamic_params.h:16[m[K,
[13.251s]                  from [01m[K/home/brace/codeSpace/navi/src/realsense-ros/realsense2_camera/src/dynamic_params.cpp:15[m[K:
[13.251s] [01m[K/usr/include/c++/11/bits/stl_pair.h:232:26:[m[K [01;36m[Knote: [m[Kcandidate: ‘[01m[Ktemplate<class _U1, class _U2, typename std::enable_if<std::__and_<std::__is_implicitly_default_constructible<_U1>, std::__is_implicitly_default_constructible<_U2> >::value, bool>::type <anonymous> > constexpr std::pair<_T1, _T2>::pair() [with _U1 = _U1; _U2 = _U2; typename std::enable_if<std::__and_<std::__is_implicitly_default_constructible<_U1>, std::__is_implicitly_default_constructible<_U2> >::value, bool>::type <anonymous> = <anonymous>; _T1 = rs2_stream; _T2 = int][m[K’
[13.251s]   232 |       _GLIBCXX_CONSTEXPR [01;36m[Kpair[m[K()
[13.251s]       |                          [01;36m[K^~~~[m[K
[13.252s] [01m[K/usr/include/c++/11/bits/stl_pair.h:232:26:[m[K [01;36m[Knote: [m[K  template argument deduction/substitution failed:
[13.253s] In file included from [01m[K/home/brace/codeSpace/navi/src/realsense-ros/realsense2_camera/include/dynamic_params.h:16[m[K,
[13.253s]                  from [01m[K/home/brace/codeSpace/navi/src/realsense-ros/realsense2_camera/src/dynamic_params.cpp:15[m[K:
[13.253s] [01m[K/home/brace/codeSpace/navi/src/realsense-ros/realsense2_camera/include/ros_utils.h:37:82:[m[K [01;36m[Knote: [m[K  candidate expects 0 arguments, 2 provided
[13.253s]    37 |     const stream_index_pair LABELED_POINT_CLOUD{RS2_STREAM_LABELED_POINT_CLOUD, 0[01;36m[K}[m[K;
[13.253s]       |                                                                                  [01;36m[K^[m[K
[13.254s] In file included from [01m[K/usr/include/c++/11/bits/stl_algobase.h:64[m[K,
[13.254s]                  from [01m[K/usr/include/c++/11/bits/char_traits.h:39[m[K,
[13.254s]                  from [01m[K/usr/include/c++/11/ios:40[m[K,
[13.254s]                  from [01m[K/usr/include/c++/11/ostream:38[m[K,
[13.254s]                  from [01m[K/usr/include/c++/11/iostream:39[m[K,
[13.254s]                  from [01m[K/home/brace/codeSpace/navi/src/realsense-ros/realsense2_camera/include/ros_utils.h:18[m[K,
[13.254s]                  from [01m[K/home/brace/codeSpace/navi/src/realsense-ros/realsense2_camera/include/dynamic_params.h:16[m[K,
[13.254s]                  from [01m[K/home/brace/codeSpace/navi/src/realsense-ros/realsense2_camera/src/dynamic_params.cpp:15[m[K:
[13.254s] [01m[K/usr/include/c++/11/bits/stl_pair.h:315:17:[m[K [01;36m[Knote: [m[Kcandidate: ‘[01m[Kconstexpr std::pair<_T1, _T2>::pair(std::pair<_T1, _T2>&&) [with _T1 = rs2_stream; _T2 = int][m[K’
[13.254s]   315 |       constexpr [01;36m[Kpair[m[K(pair&&) = default;         ///< Move constructor
[13.255s]       |                 [01;36m[K^~~~[m[K
[13.255s] [01m[K/usr/include/c++/11/bits/stl_pair.h:315:17:[m[K [01;36m[Knote: [m[K  candidate expects 1 argument, 2 provided
[13.255s] [01m[K/usr/include/c++/11/bits/stl_pair.h:314:17:[m[K [01;36m[Knote: [m[Kcandidate: ‘[01m[Kconstexpr std::pair<_T1, _T2>::pair(const std::pair<_T1, _T2>&) [with _T1 = rs2_stream; _T2 = int][m[K’
[13.255s]   314 |       constexpr [01;36m[Kpair[m[K(const pair&) = default;    ///< Copy constructor
[13.255s]       |                 [01;36m[K^~~~[m[K
[13.258s] [01m[K/usr/include/c++/11/bits/stl_pair.h:314:17:[m[K [01;36m[Knote: [m[K  candidate expects 1 argument, 2 provided
[13.279s] In file included from [01m[K/home/brace/codeSpace/navi/src/realsense-ros/realsense2_camera/include/dynamic_params.h:16[m[K,
[13.279s]                  from [01m[K/home/brace/codeSpace/navi/src/realsense-ros/realsense2_camera/src/dynamic_params.cpp:15[m[K:
[13.279s] [01m[K/home/brace/codeSpace/navi/src/realsense-ros/realsense2_camera/include/ros_utils.h:38:39:[m[K [01;31m[Kerror: [m[K‘[01m[KRS2_STREAM_OCCUPANCY[m[K’ was not declared in this scope; did you mean ‘[01m[KRS2_STREAM_COUNT[m[K’?
[13.280s]    38 |     const stream_index_pair OCCUPANCY{[01;31m[KRS2_STREAM_OCCUPANCY[m[K, 0};
[13.280s]       |                                       [01;31m[K^~~~~~~~~~~~~~~~~~~~[m[K
[13.280s]       |                                       [32m[KRS2_STREAM_COUNT[m[K
[13.280s] [01m[K/home/brace/codeSpace/navi/src/realsense-ros/realsense2_camera/include/ros_utils.h:38:62:[m[K [01;31m[Kerror: [m[Kno matching function for call to ‘[01m[Kstd::pair<rs2_stream, int>::pair(<brace-enclosed initializer list>)[m[K’
[13.280s]    38 |     const stream_index_pair OCCUPANCY{RS2_STREAM_OCCUPANCY, 0[01;31m[K}[m[K;
[13.280s]       |                                                              [01;31m[K^[m[K
[13.280s] In file included from [01m[K/usr/include/c++/11/bits/stl_algobase.h:64[m[K,
[13.280s]                  from [01m[K/usr/include/c++/11/bits/char_traits.h:39[m[K,
[13.280s]                  from [01m[K/usr/include/c++/11/ios:40[m[K,
[13.280s]                  from [01m[K/usr/include/c++/11/ostream:38[m[K,
[13.280s]                  from [01m[K/usr/include/c++/11/iostream:39[m[K,
[13.281s]                  from [01m[K/home/brace/codeSpace/navi/src/realsense-ros/realsense2_camera/include/ros_utils.h:18[m[K,
[13.281s]                  from [01m[K/home/brace/codeSpace/navi/src/realsense-ros/realsense2_camera/include/dynamic_params.h:16[m[K,
[13.281s]                  from [01m[K/home/brace/codeSpace/navi/src/realsense-ros/realsense2_camera/src/dynamic_params.cpp:15[m[K:
[13.282s] [01m[K/usr/include/c++/11/bits/stl_pair.h:452:9:[m[K [01;36m[Knote: [m[Kcandidate: ‘[01m[Ktemplate<class ... _Args1, long unsigned int ..._Indexes1, class ... _Args2, long unsigned int ..._Indexes2> std::pair<_T1, _T2>::pair(std::tuple<_Args1 ...>&, std::tuple<_Args2 ...>&, std::_Index_tuple<_Indexes1 ...>, std::_Index_tuple<_Indexes2 ...>) [with _Args1 = {_Args1 ...}; long unsigned int ..._Indexes1 = {_Indexes1 ...}; _Args2 = {_Args2 ...}; long unsigned int ..._Indexes2 = {_Indexes2 ...}; _T1 = rs2_stream; _T2 = int][m[K’
[13.282s]   452 |         [01;36m[Kpair[m[K(tuple<_Args1...>&, tuple<_Args2...>&,
[13.282s]       |         [01;36m[K^~~~[m[K
[13.283s] [01m[K/usr/include/c++/11/bits/stl_pair.h:452:9:[m[K [01;36m[Knote: [m[K  template argument deduction/substitution failed:
[13.284s] [01m[K/usr/include/c++/11/bits/stl_pair.h:387:9:[m[K [01;36m[Knote: [m[Kcandidate: ‘[01m[Ktemplate<class ... _Args1, class ... _Args2> std::pair<_T1, _T2>::pair(std::piecewise_construct_t, std::tuple<_Args1 ...>, std::tuple<_Args2 ...>) [with _Args1 = {_Args1 ...}; _Args2 = {_Args2 ...}; _T1 = rs2_stream; _T2 = int][m[K’
[13.284s]   387 |         [01;36m[Kpair[m[K(piecewise_construct_t, tuple<_Args1...>, tuple<_Args2...>);
[13.284s]       |         [01;36m[K^~~~[m[K
[13.284s] [01m[K/usr/include/c++/11/bits/stl_pair.h:387:9:[m[K [01;36m[Knote: [m[K  template argument deduction/substitution failed:
[13.284s] [01m[K/usr/include/c++/11/bits/stl_pair.h:381:28:[m[K [01;36m[Knote: [m[Kcandidate: ‘[01m[Ktemplate<class _U1, class _U2, typename std::enable_if<(std::_PCC<((! std::is_same<rs2_stream, _U1>::value) || (! std::is_same<int, _U2>::value)), rs2_stream, int>::_MoveConstructiblePair<_U1, _U2>() && (! std::_PCC<((! std::is_same<rs2_stream, _U1>::value) || (! std::is_same<int, _U2>::value)), rs2_stream, int>::_ImplicitlyMoveConvertiblePair<_U1, _U2>())), bool>::type <anonymous> > constexpr std::pair<_T1, _T2>::pair(std::pair<_U1, _U2>&&) [with _U1 = _U1; _U2 = _U2; typename std::enable_if<(std::_PCC<((! std::is_same<_T1, _U1>::value) || (! std::is_same<_T2, _U2>::value)), _T1, _T2>::_MoveConstructiblePair<_U1, _U2>() && (! std::_PCC<((! std::is_same<_T1, _U1>::value) || (! std::is_same<_T2, _U2>::value)), _T1, _T2>::_ImplicitlyMoveConvertiblePair<_U1, _U2>())), bool>::type <anonymous> = <anonymous>; _T1 = rs2_stream; _T2 = int][m[K’
[13.284s]   381 |         explicit constexpr [01;36m[Kpair[m[K(pair<_U1, _U2>&& __p)
[13.285s]       |                            [01;36m[K^~~~[m[K
[13.285s] [01m[K/usr/include/c++/11/bits/stl_pair.h:381:28:[m[K [01;36m[Knote: [m[K  template argument deduction/substitution failed:
[13.285s] [01m[K/usr/include/c++/11/bits/stl_pair.h:371:19:[m[K [01;36m[Knote: [m[Kcandidate: ‘[01m[Ktemplate<class _U1, class _U2, typename std::enable_if<(std::_PCC<((! std::is_same<rs2_stream, _U1>::value) || (! std::is_same<int, _U2>::value)), rs2_stream, int>::_MoveConstructiblePair<_U1, _U2>() && std::_PCC<((! std::is_same<rs2_stream, _U1>::value) || (! std::is_same<int, _U2>::value)), rs2_stream, int>::_ImplicitlyMoveConvertiblePair<_U1, _U2>()), bool>::type <anonymous> > constexpr std::pair<_T1, _T2>::pair(std::pair<_U1, _U2>&&) [with _U1 = _U1; _U2 = _U2; typename std::enable_if<(std::_PCC<((! std::is_same<_T1, _U1>::value) || (! std::is_same<_T2, _U2>::value)), _T1, _T2>::_MoveConstructiblePair<_U1, _U2>() && std::_PCC<((! std::is_same<_T1, _U1>::value) || (! std::is_same<_T2, _U2>::value)), _T1, _T2>::_ImplicitlyMoveConvertiblePair<_U1, _U2>()), bool>::type <anonymous> = <anonymous>; _T1 = rs2_stream; _T2 = int][m[K’
[13.285s]   371 |         constexpr [01;36m[Kpair[m[K(pair<_U1, _U2>&& __p)
[13.285s]       |                   [01;36m[K^~~~[m[K
[13.285s] [01m[K/usr/include/c++/11/bits/stl_pair.h:371:19:[m[K [01;36m[Knote: [m[K  template argument deduction/substitution failed:
[13.285s] [01m[K/usr/include/c++/11/bits/stl_pair.h:361:28:[m[K [01;36m[Knote: [m[Kcandidate: ‘[01m[Ktemplate<class _U1, class _U2, typename std::enable_if<(_MoveConstructiblePair<_U1, _U2>() && (! _ImplicitlyMoveConvertiblePair<_U1, _U2>())), bool>::type <anonymous> > constexpr std::pair<_T1, _T2>::pair(_U1&&, _U2&&) [with _U1 = _U1; _U2 = _U2; typename std::enable_if<(std::_PCC<true, _T1, _T2>::_MoveConstructiblePair<_U1, _U2>() && (! std::_PCC<true, _T1, _T2>::_ImplicitlyMoveConvertiblePair<_U1, _U2>())), bool>::type <anonymous> = <anonymous>; _T1 = rs2_stream; _T2 = int][m[K’
[13.285s]   361 |         explicit constexpr [01;36m[Kpair[m[K(_U1&& __x, _U2&& __y)
[13.285s]       |                            [01;36m[K^~~~[m[K
[13.285s] [01m[K/usr/include/c++/11/bits/stl_pair.h:361:28:[m[K [01;36m[Knote: [m[K  template argument deduction/substitution failed:
[13.285s] [01m[K/usr/include/c++/11/bits/stl_pair.h:352:19:[m[K [01;36m[Knote: [m[Kcandidate: ‘[01m[Ktemplate<class _U1, class _U2, typename std::enable_if<(_MoveConstructiblePair<_U1, _U2>() && _ImplicitlyMoveConvertiblePair<_U1, _U2>()), bool>::type <anonymous> > constexpr std::pair<_T1, _T2>::pair(_U1&&, _U2&&) [with _U1 = _U1; _U2 = _U2; typename std::enable_if<(std::_PCC<true, _T1, _T2>::_MoveConstructiblePair<_U1, _U2>() && std::_PCC<true, _T1, _T2>::_ImplicitlyMoveConvertiblePair<_U1, _U2>()), bool>::type <anonymous> = <anonymous>; _T1 = rs2_stream; _T2 = int][m[K’
[13.285s]   352 |         constexpr [01;36m[Kpair[m[K(_U1&& __x, _U2&& __y)
[13.286s]       |                   [01;36m[K^~~~[m[K
[13.286s] [01m[K/usr/include/c++/11/bits/stl_pair.h:352:19:[m[K [01;36m[Knote: [m[K  template argument deduction/substitution failed:
[13.286s] [01m[K/usr/include/c++/11/bits/stl_pair.h:343:17:[m[K [01;36m[Knote: [m[Kcandidate: ‘[01m[Ktemplate<class _U2, typename std::enable_if<_CopyMovePair<false, rs2_stream, _U2>(), bool>::type <anonymous> > std::pair<_T1, _T2>::pair(const _T1&, _U2&&) [with _U2 = _U2; typename std::enable_if<std::_PCC<true, _T1, _T2>::_CopyMovePair<false, _T1, _U2>(), bool>::type <anonymous> = <anonymous>; _T1 = rs2_stream; _T2 = int][m[K’
[13.286s]   343 |        explicit [01;36m[Kpair[m[K(const _T1& __x, _U2&& __y)
[13.286s]       |                 [01;36m[K^~~~[m[K
[13.286s] [01m[K/usr/include/c++/11/bits/stl_pair.h:343:17:[m[K [01;36m[Knote: [m[K  template argument deduction/substitution failed:
[13.286s] [01m[K/usr/include/c++/11/bits/stl_pair.h:336:18:[m[K [01;36m[Knote: [m[Kcandidate: ‘[01m[Ktemplate<class _U2, typename std::enable_if<_CopyMovePair<true, rs2_stream, _U2>(), bool>::type <anonymous> > constexpr std::pair<_T1, _T2>::pair(const _T1&, _U2&&) [with _U2 = _U2; typename std::enable_if<std::_PCC<true, _T1, _T2>::_CopyMovePair<true, _T1, _U2>(), bool>::type <anonymous> = <anonymous>; _T1 = rs2_stream; _T2 = int][m[K’
[13.286s]   336 |        constexpr [01;36m[Kpair[m[K(const _T1& __x, _U2&& __y)
[13.286s]       |                  [01;36m[K^~~~[m[K
[13.286s] [01m[K/usr/include/c++/11/bits/stl_pair.h:336:18:[m[K [01;36m[Knote: [m[K  template argument deduction/substitution failed:
[13.286s] [01m[K/usr/include/c++/11/bits/stl_pair.h:329:27:[m[K [01;36m[Knote: [m[Kcandidate: ‘[01m[Ktemplate<class _U1, typename std::enable_if<_MoveCopyPair<false, _U1, int>(), bool>::type <anonymous> > constexpr std::pair<_T1, _T2>::pair(_U1&&, const _T2&) [with _U1 = _U1; typename std::enable_if<std::_PCC<true, _T1, _T2>::_MoveCopyPair<false, _U1, _T2>(), bool>::type <anonymous> = <anonymous>; _T1 = rs2_stream; _T2 = int][m[K’
[13.286s]   329 |        explicit constexpr [01;36m[Kpair[m[K(_U1&& __x, const _T2& __y)
[13.286s]       |                           [01;36m[K^~~~[m[K
[13.286s] [01m[K/usr/include/c++/11/bits/stl_pair.h:329:27:[m[K [01;36m[Knote: [m[K  template argument deduction/substitution failed:
[13.286s] [01m[K/usr/include/c++/11/bits/stl_pair.h:322:18:[m[K [01;36m[Knote: [m[Kcandidate: ‘[01m[Ktemplate<class _U1, typename std::enable_if<_MoveCopyPair<true, _U1, int>(), bool>::type <anonymous> > constexpr std::pair<_T1, _T2>::pair(_U1&&, const _T2&) [with _U1 = _U1; typename std::enable_if<std::_PCC<true, _T1, _T2>::_MoveCopyPair<true, _U1, _T2>(), bool>::type <anonymous> = <anonymous>; _T1 = rs2_stream; _T2 = int][m[K’
[13.286s]   322 |        constexpr [01;36m[Kpair[m[K(_U1&& __x, const _T2& __y)
[13.286s]       |                  [01;36m[K^~~~[m[K
[13.286s] [01m[K/usr/include/c++/11/bits/stl_pair.h:322:18:[m[K [01;36m[Knote: [m[K  template argument deduction/substitution failed:
[13.286s] [01m[K/usr/include/c++/11/bits/stl_pair.h:309:28:[m[K [01;36m[Knote: [m[Kcandidate: ‘[01m[Ktemplate<class _U1, class _U2, typename std::enable_if<(std::_PCC<((! std::is_same<rs2_stream, _U1>::value) || (! std::is_same<int, _U2>::value)), rs2_stream, int>::_ConstructiblePair<_U1, _U2>() && (! std::_PCC<((! std::is_same<rs2_stream, _U1>::value) || (! std::is_same<int, _U2>::value)), rs2_stream, int>::_ImplicitlyConvertiblePair<_U1, _U2>())), bool>::type <anonymous> > constexpr std::pair<_T1, _T2>::pair(const std::pair<_U1, _U2>&) [with _U1 = _U1; _U2 = _U2; typename std::enable_if<(std::_PCC<((! std::is_same<_T1, _U1>::value) || (! std::is_same<_T2, _U2>::value)), _T1, _T2>::_ConstructiblePair<_U1, _U2>() && (! std::_PCC<((! std::is_same<_T1, _U1>::value) || (! std::is_same<_T2, _U2>::value)), _T1, _T2>::_ImplicitlyConvertiblePair<_U1, _U2>())), bool>::type <anonymous> = <anonymous>; _T1 = rs2_stream; _T2 = int][m[K’
[13.287s]   309 |         explicit constexpr [01;36m[Kpair[m[K(const pair<_U1, _U2>& __p)
[13.287s]       |                            [01;36m[K^~~~[m[K
[13.287s] [01m[K/usr/include/c++/11/bits/stl_pair.h:309:28:[m[K [01;36m[Knote: [m[K  template argument deduction/substitution failed:
[13.287s] [01m[K/usr/include/c++/11/bits/stl_pair.h:300:19:[m[K [01;36m[Knote: [m[Kcandidate: ‘[01m[Ktemplate<class _U1, class _U2, typename std::enable_if<(std::_PCC<((! std::is_same<rs2_stream, _U1>::value) || (! std::is_same<int, _U2>::value)), rs2_stream, int>::_ConstructiblePair<_U1, _U2>() && std::_PCC<((! std::is_same<rs2_stream, _U1>::value) || (! std::is_same<int, _U2>::value)), rs2_stream, int>::_ImplicitlyConvertiblePair<_U1, _U2>()), bool>::type <anonymous> > constexpr std::pair<_T1, _T2>::pair(const std::pair<_U1, _U2>&) [with _U1 = _U1; _U2 = _U2; typename std::enable_if<(std::_PCC<((! std::is_same<_T1, _U1>::value) || (! std::is_same<_T2, _U2>::value)), _T1, _T2>::_ConstructiblePair<_U1, _U2>() && std::_PCC<((! std::is_same<_T1, _U1>::value) || (! std::is_same<_T2, _U2>::value)), _T1, _T2>::_ImplicitlyConvertiblePair<_U1, _U2>()), bool>::type <anonymous> = <anonymous>; _T1 = rs2_stream; _T2 = int][m[K’
[13.287s]   300 |         constexpr [01;36m[Kpair[m[K(const pair<_U1, _U2>& __p)
[13.287s]       |                   [01;36m[K^~~~[m[K
[13.287s] [01m[K/usr/include/c++/11/bits/stl_pair.h:300:19:[m[K [01;36m[Knote: [m[K  template argument deduction/substitution failed:
[13.287s] [01m[K/usr/include/c++/11/bits/stl_pair.h:276:26:[m[K [01;36m[Knote: [m[Kcandidate: ‘[01m[Ktemplate<class _U1, class _U2, typename std::enable_if<(_ConstructiblePair<_U1, _U2>() && (! _ImplicitlyConvertiblePair<_U1, _U2>())), bool>::type <anonymous> > constexpr std::pair<_T1, _T2>::pair(const _T1&, const _T2&) [with _U1 = _U1; _U2 = _U2; typename std::enable_if<(std::_PCC<true, _T1, _T2>::_ConstructiblePair<_U1, _U2>() && (! std::_PCC<true, _T1, _T2>::_ImplicitlyConvertiblePair<_U1, _U2>())), bool>::type <anonymous> = <anonymous>; _T1 = rs2_stream; _T2 = int][m[K’
[13.287s]   276 |       explicit constexpr [01;36m[Kpair[m[K(const _T1& __a, const _T2& __b)
[13.287s]       |                          [01;36m[K^~~~[m[K
[13.287s] [01m[K/usr/include/c++/11/bits/stl_pair.h:276:26:[m[K [01;36m[Knote: [m[K  template argument deduction/substitution failed:
[13.287s] [01m[K/usr/include/c++/11/bits/stl_pair.h:266:17:[m[K [01;36m[Knote: [m[Kcandidate: ‘[01m[Ktemplate<class _U1, class _U2, typename std::enable_if<(_ConstructiblePair<_U1, _U2>() && _ImplicitlyConvertiblePair<_U1, _U2>()), bool>::type <anonymous> > constexpr std::pair<_T1, _T2>::pair(const _T1&, const _T2&) [with _U1 = _U1; _U2 = _U2; typename std::enable_if<(std::_PCC<true, _T1, _T2>::_ConstructiblePair<_U1, _U2>() && std::_PCC<true, _T1, _T2>::_ImplicitlyConvertiblePair<_U1, _U2>()), bool>::type <anonymous> = <anonymous>; _T1 = rs2_stream; _T2 = int][m[K’
[13.287s]   266 |       constexpr [01;36m[Kpair[m[K(const _T1& __a, const _T2& __b)
[13.287s]       |                 [01;36m[K^~~~[m[K
[13.287s] [01m[K/usr/include/c++/11/bits/stl_pair.h:266:17:[m[K [01;36m[Knote: [m[K  template argument deduction/substitution failed:
[13.287s] [01m[K/usr/include/c++/11/bits/stl_pair.h:245:26:[m[K [01;36m[Knote: [m[Kcandidate: ‘[01m[Ktemplate<class _U1, class _U2, typename std::enable_if<std::__and_<std::is_default_constructible<_U1>, std::is_default_constructible<_Dp>, std::__not_<std::__and_<std::__is_implicitly_default_constructible<_U1>, std::__is_implicitly_default_constructible<_U2> > > >::value, bool>::type <anonymous> > constexpr std::pair<_T1, _T2>::pair() [with _U1 = _U1; _U2 = _U2; typename std::enable_if<std::__and_<std::is_default_constructible<_U1>, std::is_default_constructible<_U2>, std::__not_<std::__and_<std::__is_implicitly_default_constructible<_U1>, std::__is_implicitly_default_constructible<_U2> > > >::value, bool>::type <anonymous> = <anonymous>; _T1 = rs2_stream; _T2 = int][m[K’
[13.287s]   245 |       explicit constexpr [01;36m[Kpair[m[K()
[13.288s]       |                          [01;36m[K^~~~[m[K
[13.288s] [01m[K/usr/include/c++/11/bits/stl_pair.h:245:26:[m[K [01;36m[Knote: [m[K  template argument deduction/substitution failed:
[13.288s] In file included from [01m[K/home/brace/codeSpace/navi/src/realsense-ros/realsense2_camera/include/dynamic_params.h:16[m[K,
[13.288s]                  from [01m[K/home/brace/codeSpace/navi/src/realsense-ros/realsense2_camera/src/dynamic_params.cpp:15[m[K:
[13.288s] [01m[K/home/brace/codeSpace/navi/src/realsense-ros/realsense2_camera/include/ros_utils.h:38:62:[m[K [01;36m[Knote: [m[K  candidate expects 0 arguments, 2 provided
[13.288s]    38 |     const stream_index_pair OCCUPANCY{RS2_STREAM_OCCUPANCY, 0[01;36m[K}[m[K;
[13.288s]       |                                                              [01;36m[K^[m[K
[13.288s] In file included from [01m[K/usr/include/c++/11/bits/stl_algobase.h:64[m[K,
[13.288s]                  from [01m[K/usr/include/c++/11/bits/char_traits.h:39[m[K,
[13.288s]                  from [01m[K/usr/include/c++/11/ios:40[m[K,
[13.288s]                  from [01m[K/usr/include/c++/11/ostream:38[m[K,
[13.288s]                  from [01m[K/usr/include/c++/11/iostream:39[m[K,
[13.288s]                  from [01m[K/home/brace/codeSpace/navi/src/realsense-ros/realsense2_camera/include/ros_utils.h:18[m[K,
[13.288s]                  from [01m[K/home/brace/codeSpace/navi/src/realsense-ros/realsense2_camera/include/dynamic_params.h:16[m[K,
[13.288s]                  from [01m[K/home/brace/codeSpace/navi/src/realsense-ros/realsense2_camera/src/dynamic_params.cpp:15[m[K:
[13.288s] [01m[K/usr/include/c++/11/bits/stl_pair.h:232:26:[m[K [01;36m[Knote: [m[Kcandidate: ‘[01m[Ktemplate<class _U1, class _U2, typename std::enable_if<std::__and_<std::__is_implicitly_default_constructible<_U1>, std::__is_implicitly_default_constructible<_U2> >::value, bool>::type <anonymous> > constexpr std::pair<_T1, _T2>::pair() [with _U1 = _U1; _U2 = _U2; typename std::enable_if<std::__and_<std::__is_implicitly_default_constructible<_U1>, std::__is_implicitly_default_constructible<_U2> >::value, bool>::type <anonymous> = <anonymous>; _T1 = rs2_stream; _T2 = int][m[K’
[13.288s]   232 |       _GLIBCXX_CONSTEXPR [01;36m[Kpair[m[K()
[13.288s]       |                          [01;36m[K^~~~[m[K
[13.293s] [01m[K/usr/include/c++/11/bits/stl_pair.h:232:26:[m[K [01;36m[Knote: [m[K  template argument deduction/substitution failed:
[13.293s] In file included from [01m[K/home/brace/codeSpace/navi/src/realsense-ros/realsense2_camera/include/dynamic_params.h:16[m[K,
[13.293s]                  from [01m[K/home/brace/codeSpace/navi/src/realsense-ros/realsense2_camera/src/dynamic_params.cpp:15[m[K:
[13.293s] [01m[K/home/brace/codeSpace/navi/src/realsense-ros/realsense2_camera/include/ros_utils.h:38:62:[m[K [01;36m[Knote: [m[K  candidate expects 0 arguments, 2 provided
[13.293s]    38 |     const stream_index_pair OCCUPANCY{RS2_STREAM_OCCUPANCY, 0[01;36m[K}[m[K;
[13.293s]       |                                                              [01;36m[K^[m[K
[13.293s] In file included from [01m[K/usr/include/c++/11/bits/stl_algobase.h:64[m[K,
[13.293s]                  from [01m[K/usr/include/c++/11/bits/char_traits.h:39[m[K,
[13.293s]                  from [01m[K/usr/include/c++/11/ios:40[m[K,
[13.293s]                  from [01m[K/usr/include/c++/11/ostream:38[m[K,
[13.293s]                  from [01m[K/usr/include/c++/11/iostream:39[m[K,
[13.293s]                  from [01m[K/home/brace/codeSpace/navi/src/realsense-ros/realsense2_camera/include/ros_utils.h:18[m[K,
[13.293s]                  from [01m[K/home/brace/codeSpace/navi/src/realsense-ros/realsense2_camera/include/dynamic_params.h:16[m[K,
[13.293s]                  from [01m[K/home/brace/codeSpace/navi/src/realsense-ros/realsense2_camera/src/dynamic_params.cpp:15[m[K:
[13.293s] [01m[K/usr/include/c++/11/bits/stl_pair.h:315:17:[m[K [01;36m[Knote: [m[Kcandidate: ‘[01m[Kconstexpr std::pair<_T1, _T2>::pair(std::pair<_T1, _T2>&&) [with _T1 = rs2_stream; _T2 = int][m[K’
[13.294s]   315 |       constexpr [01;36m[Kpair[m[K(pair&&) = default;         ///< Move constructor
[13.294s]       |                 [01;36m[K^~~~[m[K
[13.294s] [01m[K/usr/include/c++/11/bits/stl_pair.h:315:17:[m[K [01;36m[Knote: [m[K  candidate expects 1 argument, 2 provided
[13.294s] [01m[K/usr/include/c++/11/bits/stl_pair.h:314:17:[m[K [01;36m[Knote: [m[Kcandidate: ‘[01m[Kconstexpr std::pair<_T1, _T2>::pair(const std::pair<_T1, _T2>&) [with _T1 = rs2_stream; _T2 = int][m[K’
[13.294s]   314 |       constexpr [01;36m[Kpair[m[K(const pair&) = default;    ///< Copy constructor
[13.294s]       |                 [01;36m[K^~~~[m[K
[13.294s] [01m[K/usr/include/c++/11/bits/stl_pair.h:314:17:[m[K [01;36m[Knote: [m[K  candidate expects 1 argument, 2 provided
[13.470s] [ 73%] [32m[1mLinking CXX executable realsense2_camera_node[0m
[13.718s] gmake[2]: *** [CMakeFiles/realsense2_camera.dir/build.make:174：CMakeFiles/realsense2_camera.dir/src/sensor_params.cpp.o] 错误 1
[13.970s] [ 73%] Built target realsense2_camera_node
[14.906s] In file included from [01m[K/home/brace/codeSpace/navi/src/realsense-ros/realsense2_camera/include/ros_sensor.h:22[m[K,
[14.909s]                  from [01m[K/home/brace/codeSpace/navi/src/realsense-ros/realsense2_camera/src/../include/base_realsense_node.h:63[m[K,
[14.910s]                  from [01m[K/home/brace/codeSpace/navi/src/realsense-ros/realsense2_camera/src/parameters.cpp:15[m[K:
[14.910s] [01m[K/home/brace/codeSpace/navi/src/realsense-ros/realsense2_camera/include/ros_utils.h:36:36:[m[K [01;31m[Kerror: [m[K‘[01m[KRS2_STREAM_SAFETY[m[K’ was not declared in this scope; did you mean ‘[01m[KRS2_STREAM_ANY[m[K’?
[14.911s]    36 |     const stream_index_pair SAFETY{[01;31m[KRS2_STREAM_SAFETY[m[K, 0};
[14.915s]       |                                    [01;31m[K^~~~~~~~~~~~~~~~~[m[K
[14.916s]       |                                    [32m[KRS2_STREAM_ANY[m[K
[14.917s] [01m[K/home/brace/codeSpace/navi/src/realsense-ros/realsense2_camera/include/ros_utils.h:36:56:[m[K [01;31m[Kerror: [m[Kno matching function for call to ‘[01m[Kstd::pair<rs2_stream, int>::pair(<brace-enclosed initializer list>)[m[K’
[14.917s]    36 |     const stream_index_pair SAFETY{RS2_STREAM_SAFETY, 0[01;31m[K}[m[K;
[14.918s]       |                                                        [01;31m[K^[m[K
[14.919s] In file included from [01m[K/usr/include/c++/11/bits/stl_algobase.h:64[m[K,
[14.919s]                  from [01m[K/usr/include/c++/11/bits/specfun.h:45[m[K,
[14.919s]                  from [01m[K/usr/include/c++/11/cmath:1935[m[K,
[14.919s]                  from [01m[K/usr/include/c++/11/math.h:36[m[K,
[14.920s]                  from [01m[K/opt/ros/humble/include/librealsense2/rsutil.h:10[m[K,
[14.920s]                  from [01m[K/opt/ros/humble/include/librealsense2/rs.h:16[m[K,
[14.920s]                  from [01m[K/opt/ros/humble/include/librealsense2/rs.hpp:7[m[K,
[14.920s]                  from [01m[K/home/brace/codeSpace/navi/src/realsense-ros/realsense2_camera/src/../include/base_realsense_node.h:17[m[K,
[14.920s]                  from [01m[K/home/brace/codeSpace/navi/src/realsense-ros/realsense2_camera/src/parameters.cpp:15[m[K:
[14.920s] [01m[K/usr/include/c++/11/bits/stl_pair.h:452:9:[m[K [01;36m[Knote: [m[Kcandidate: ‘[01m[Ktemplate<class ... _Args1, long unsigned int ..._Indexes1, class ... _Args2, long unsigned int ..._Indexes2> std::pair<_T1, _T2>::pair(std::tuple<_Args1 ...>&, std::tuple<_Args2 ...>&, std::_Index_tuple<_Indexes1 ...>, std::_Index_tuple<_Indexes2 ...>) [with _Args1 = {_Args1 ...}; long unsigned int ..._Indexes1 = {_Indexes1 ...}; _Args2 = {_Args2 ...}; long unsigned int ..._Indexes2 = {_Indexes2 ...}; _T1 = rs2_stream; _T2 = int][m[K’
[14.920s]   452 |         [01;36m[Kpair[m[K(tuple<_Args1...>&, tuple<_Args2...>&,
[14.920s]       |         [01;36m[K^~~~[m[K
[14.920s] [01m[K/usr/include/c++/11/bits/stl_pair.h:452:9:[m[K [01;36m[Knote: [m[K  template argument deduction/substitution failed:
[14.920s] [01m[K/usr/include/c++/11/bits/stl_pair.h:387:9:[m[K [01;36m[Knote: [m[Kcandidate: ‘[01m[Ktemplate<class ... _Args1, class ... _Args2> std::pair<_T1, _T2>::pair(std::piecewise_construct_t, std::tuple<_Args1 ...>, std::tuple<_Args2 ...>) [with _Args1 = {_Args1 ...}; _Args2 = {_Args2 ...}; _T1 = rs2_stream; _T2 = int][m[K’
[14.920s]   387 |         [01;36m[Kpair[m[K(piecewise_construct_t, tuple<_Args1...>, tuple<_Args2...>);
[14.920s]       |         [01;36m[K^~~~[m[K
[14.920s] [01m[K/usr/include/c++/11/bits/stl_pair.h:387:9:[m[K [01;36m[Knote: [m[K  template argument deduction/substitution failed:
[14.920s] [01m[K/usr/include/c++/11/bits/stl_pair.h:381:28:[m[K [01;36m[Knote: [m[Kcandidate: ‘[01m[Ktemplate<class _U1, class _U2, typename std::enable_if<(std::_PCC<((! std::is_same<rs2_stream, _U1>::value) || (! std::is_same<int, _U2>::value)), rs2_stream, int>::_MoveConstructiblePair<_U1, _U2>() && (! std::_PCC<((! std::is_same<rs2_stream, _U1>::value) || (! std::is_same<int, _U2>::value)), rs2_stream, int>::_ImplicitlyMoveConvertiblePair<_U1, _U2>())), bool>::type <anonymous> > constexpr std::pair<_T1, _T2>::pair(std::pair<_U1, _U2>&&) [with _U1 = _U1; _U2 = _U2; typename std::enable_if<(std::_PCC<((! std::is_same<_T1, _U1>::value) || (! std::is_same<_T2, _U2>::value)), _T1, _T2>::_MoveConstructiblePair<_U1, _U2>() && (! std::_PCC<((! std::is_same<_T1, _U1>::value) || (! std::is_same<_T2, _U2>::value)), _T1, _T2>::_ImplicitlyMoveConvertiblePair<_U1, _U2>())), bool>::type <anonymous> = <anonymous>; _T1 = rs2_stream; _T2 = int][m[K’
[14.920s]   381 |         explicit constexpr [01;36m[Kpair[m[K(pair<_U1, _U2>&& __p)
[14.921s]       |                            [01;36m[K^~~~[m[K
[14.921s] [01m[K/usr/include/c++/11/bits/stl_pair.h:381:28:[m[K [01;36m[Knote: [m[K  template argument deduction/substitution failed:
[14.921s] [01m[K/usr/include/c++/11/bits/stl_pair.h:371:19:[m[K [01;36m[Knote: [m[Kcandidate: ‘[01m[Ktemplate<class _U1, class _U2, typename std::enable_if<(std::_PCC<((! std::is_same<rs2_stream, _U1>::value) || (! std::is_same<int, _U2>::value)), rs2_stream, int>::_MoveConstructiblePair<_U1, _U2>() && std::_PCC<((! std::is_same<rs2_stream, _U1>::value) || (! std::is_same<int, _U2>::value)), rs2_stream, int>::_ImplicitlyMoveConvertiblePair<_U1, _U2>()), bool>::type <anonymous> > constexpr std::pair<_T1, _T2>::pair(std::pair<_U1, _U2>&&) [with _U1 = _U1; _U2 = _U2; typename std::enable_if<(std::_PCC<((! std::is_same<_T1, _U1>::value) || (! std::is_same<_T2, _U2>::value)), _T1, _T2>::_MoveConstructiblePair<_U1, _U2>() && std::_PCC<((! std::is_same<_T1, _U1>::value) || (! std::is_same<_T2, _U2>::value)), _T1, _T2>::_ImplicitlyMoveConvertiblePair<_U1, _U2>()), bool>::type <anonymous> = <anonymous>; _T1 = rs2_stream; _T2 = int][m[K’
[14.921s]   371 |         constexpr [01;36m[Kpair[m[K(pair<_U1, _U2>&& __p)
[14.921s]       |                   [01;36m[K^~~~[m[K
[14.921s] [01m[K/usr/include/c++/11/bits/stl_pair.h:371:19:[m[K [01;36m[Knote: [m[K  template argument deduction/substitution failed:
[14.921s] [01m[K/usr/include/c++/11/bits/stl_pair.h:361:28:[m[K [01;36m[Knote: [m[Kcandidate: ‘[01m[Ktemplate<class _U1, class _U2, typename std::enable_if<(_MoveConstructiblePair<_U1, _U2>() && (! _ImplicitlyMoveConvertiblePair<_U1, _U2>())), bool>::type <anonymous> > constexpr std::pair<_T1, _T2>::pair(_U1&&, _U2&&) [with _U1 = _U1; _U2 = _U2; typename std::enable_if<(std::_PCC<true, _T1, _T2>::_MoveConstructiblePair<_U1, _U2>() && (! std::_PCC<true, _T1, _T2>::_ImplicitlyMoveConvertiblePair<_U1, _U2>())), bool>::type <anonymous> = <anonymous>; _T1 = rs2_stream; _T2 = int][m[K’
[14.921s]   361 |         explicit constexpr [01;36m[Kpair[m[K(_U1&& __x, _U2&& __y)
[14.921s]       |                            [01;36m[K^~~~[m[K
[14.921s] [01m[K/usr/include/c++/11/bits/stl_pair.h:361:28:[m[K [01;36m[Knote: [m[K  template argument deduction/substitution failed:
[14.921s] [01m[K/usr/include/c++/11/bits/stl_pair.h:352:19:[m[K [01;36m[Knote: [m[Kcandidate: ‘[01m[Ktemplate<class _U1, class _U2, typename std::enable_if<(_MoveConstructiblePair<_U1, _U2>() && _ImplicitlyMoveConvertiblePair<_U1, _U2>()), bool>::type <anonymous> > constexpr std::pair<_T1, _T2>::pair(_U1&&, _U2&&) [with _U1 = _U1; _U2 = _U2; typename std::enable_if<(std::_PCC<true, _T1, _T2>::_MoveConstructiblePair<_U1, _U2>() && std::_PCC<true, _T1, _T2>::_ImplicitlyMoveConvertiblePair<_U1, _U2>()), bool>::type <anonymous> = <anonymous>; _T1 = rs2_stream; _T2 = int][m[K’
[14.921s]   352 |         constexpr [01;36m[Kpair[m[K(_U1&& __x, _U2&& __y)
[14.921s]       |                   [01;36m[K^~~~[m[K
[14.921s] [01m[K/usr/include/c++/11/bits/stl_pair.h:352:19:[m[K [01;36m[Knote: [m[K  template argument deduction/substitution failed:
[14.921s] [01m[K/usr/include/c++/11/bits/stl_pair.h:343:17:[m[K [01;36m[Knote: [m[Kcandidate: ‘[01m[Ktemplate<class _U2, typename std::enable_if<_CopyMovePair<false, rs2_stream, _U2>(), bool>::type <anonymous> > std::pair<_T1, _T2>::pair(const _T1&, _U2&&) [with _U2 = _U2; typename std::enable_if<std::_PCC<true, _T1, _T2>::_CopyMovePair<false, _T1, _U2>(), bool>::type <anonymous> = <anonymous>; _T1 = rs2_stream; _T2 = int][m[K’
[14.933s]   343 |        explicit [01;36m[Kpair[m[K(const _T1& __x, _U2&& __y)
[14.934s]       |                 [01;36m[K^~~~[m[K
[14.934s] [01m[K/usr/include/c++/11/bits/stl_pair.h:343:17:[m[K [01;36m[Knote: [m[K  template argument deduction/substitution failed:
[14.934s] [01m[K/usr/include/c++/11/bits/stl_pair.h:336:18:[m[K [01;36m[Knote: [m[Kcandidate: ‘[01m[Ktemplate<class _U2, typename std::enable_if<_CopyMovePair<true, rs2_stream, _U2>(), bool>::type <anonymous> > constexpr std::pair<_T1, _T2>::pair(const _T1&, _U2&&) [with _U2 = _U2; typename std::enable_if<std::_PCC<true, _T1, _T2>::_CopyMovePair<true, _T1, _U2>(), bool>::type <anonymous> = <anonymous>; _T1 = rs2_stream; _T2 = int][m[K’
[14.934s]   336 |        constexpr [01;36m[Kpair[m[K(const _T1& __x, _U2&& __y)
[14.934s]       |                  [01;36m[K^~~~[m[K
[14.934s] [01m[K/usr/include/c++/11/bits/stl_pair.h:336:18:[m[K [01;36m[Knote: [m[K  template argument deduction/substitution failed:
[14.934s] [01m[K/usr/include/c++/11/bits/stl_pair.h:329:27:[m[K [01;36m[Knote: [m[Kcandidate: ‘[01m[Ktemplate<class _U1, typename std::enable_if<_MoveCopyPair<false, _U1, int>(), bool>::type <anonymous> > constexpr std::pair<_T1, _T2>::pair(_U1&&, const _T2&) [with _U1 = _U1; typename std::enable_if<std::_PCC<true, _T1, _T2>::_MoveCopyPair<false, _U1, _T2>(), bool>::type <anonymous> = <anonymous>; _T1 = rs2_stream; _T2 = int][m[K’
[14.934s]   329 |        explicit constexpr [01;36m[Kpair[m[K(_U1&& __x, const _T2& __y)
[14.934s]       |                           [01;36m[K^~~~[m[K
[14.934s] [01m[K/usr/include/c++/11/bits/stl_pair.h:329:27:[m[K [01;36m[Knote: [m[K  template argument deduction/substitution failed:
[14.934s] [01m[K/usr/include/c++/11/bits/stl_pair.h:322:18:[m[K [01;36m[Knote: [m[Kcandidate: ‘[01m[Ktemplate<class _U1, typename std::enable_if<_MoveCopyPair<true, _U1, int>(), bool>::type <anonymous> > constexpr std::pair<_T1, _T2>::pair(_U1&&, const _T2&) [with _U1 = _U1; typename std::enable_if<std::_PCC<true, _T1, _T2>::_MoveCopyPair<true, _U1, _T2>(), bool>::type <anonymous> = <anonymous>; _T1 = rs2_stream; _T2 = int][m[K’
[14.934s]   322 |        constexpr [01;36m[Kpair[m[K(_U1&& __x, const _T2& __y)
[14.934s]       |                  [01;36m[K^~~~[m[K
[14.935s] [01m[K/usr/include/c++/11/bits/stl_pair.h:322:18:[m[K [01;36m[Knote: [m[K  template argument deduction/substitution failed:
[14.935s] [01m[K/usr/include/c++/11/bits/stl_pair.h:309:28:[m[K [01;36m[Knote: [m[Kcandidate: ‘[01m[Ktemplate<class _U1, class _U2, typename std::enable_if<(std::_PCC<((! std::is_same<rs2_stream, _U1>::value) || (! std::is_same<int, _U2>::value)), rs2_stream, int>::_ConstructiblePair<_U1, _U2>() && (! std::_PCC<((! std::is_same<rs2_stream, _U1>::value) || (! std::is_same<int, _U2>::value)), rs2_stream, int>::_ImplicitlyConvertiblePair<_U1, _U2>())), bool>::type <anonymous> > constexpr std::pair<_T1, _T2>::pair(const std::pair<_U1, _U2>&) [with _U1 = _U1; _U2 = _U2; typename std::enable_if<(std::_PCC<((! std::is_same<_T1, _U1>::value) || (! std::is_same<_T2, _U2>::value)), _T1, _T2>::_ConstructiblePair<_U1, _U2>() && (! std::_PCC<((! std::is_same<_T1, _U1>::value) || (! std::is_same<_T2, _U2>::value)), _T1, _T2>::_ImplicitlyConvertiblePair<_U1, _U2>())), bool>::type <anonymous> = <anonymous>; _T1 = rs2_stream; _T2 = int][m[K’
[14.935s]   309 |         explicit constexpr [01;36m[Kpair[m[K(const pair<_U1, _U2>& __p)
[14.935s]       |                            [01;36m[K^~~~[m[K
[14.935s] [01m[K/usr/include/c++/11/bits/stl_pair.h:309:28:[m[K [01;36m[Knote: [m[K  template argument deduction/substitution failed:
[14.935s] [01m[K/usr/include/c++/11/bits/stl_pair.h:300:19:[m[K [01;36m[Knote: [m[Kcandidate: ‘[01m[Ktemplate<class _U1, class _U2, typename std::enable_if<(std::_PCC<((! std::is_same<rs2_stream, _U1>::value) || (! std::is_same<int, _U2>::value)), rs2_stream, int>::_ConstructiblePair<_U1, _U2>() && std::_PCC<((! std::is_same<rs2_stream, _U1>::value) || (! std::is_same<int, _U2>::value)), rs2_stream, int>::_ImplicitlyConvertiblePair<_U1, _U2>()), bool>::type <anonymous> > constexpr std::pair<_T1, _T2>::pair(const std::pair<_U1, _U2>&) [with _U1 = _U1; _U2 = _U2; typename std::enable_if<(std::_PCC<((! std::is_same<_T1, _U1>::value) || (! std::is_same<_T2, _U2>::value)), _T1, _T2>::_ConstructiblePair<_U1, _U2>() && std::_PCC<((! std::is_same<_T1, _U1>::value) || (! std::is_same<_T2, _U2>::value)), _T1, _T2>::_ImplicitlyConvertiblePair<_U1, _U2>()), bool>::type <anonymous> = <anonymous>; _T1 = rs2_stream; _T2 = int][m[K’
[14.935s]   300 |         constexpr [01;36m[Kpair[m[K(const pair<_U1, _U2>& __p)
[14.935s]       |                   [01;36m[K^~~~[m[K
[14.935s] [01m[K/usr/include/c++/11/bits/stl_pair.h:300:19:[m[K [01;36m[Knote: [m[K  template argument deduction/substitution failed:
[14.935s] [01m[K/usr/include/c++/11/bits/stl_pair.h:276:26:[m[K [01;36m[Knote: [m[Kcandidate: ‘[01m[Ktemplate<class _U1, class _U2, typename std::enable_if<(_ConstructiblePair<_U1, _U2>() && (! _ImplicitlyConvertiblePair<_U1, _U2>())), bool>::type <anonymous> > constexpr std::pair<_T1, _T2>::pair(const _T1&, const _T2&) [with _U1 = _U1; _U2 = _U2; typename std::enable_if<(std::_PCC<true, _T1, _T2>::_ConstructiblePair<_U1, _U2>() && (! std::_PCC<true, _T1, _T2>::_ImplicitlyConvertiblePair<_U1, _U2>())), bool>::type <anonymous> = <anonymous>; _T1 = rs2_stream; _T2 = int][m[K’
[14.935s]   276 |       explicit constexpr [01;36m[Kpair[m[K(const _T1& __a, const _T2& __b)
[14.935s]       |                          [01;36m[K^~~~[m[K
[14.935s] [01m[K/usr/include/c++/11/bits/stl_pair.h:276:26:[m[K [01;36m[Knote: [m[K  template argument deduction/substitution failed:
[14.935s] [01m[K/usr/include/c++/11/bits/stl_pair.h:266:17:[m[K [01;36m[Knote: [m[Kcandidate: ‘[01m[Ktemplate<class _U1, class _U2, typename std::enable_if<(_ConstructiblePair<_U1, _U2>() && _ImplicitlyConvertiblePair<_U1, _U2>()), bool>::type <anonymous> > constexpr std::pair<_T1, _T2>::pair(const _T1&, const _T2&) [with _U1 = _U1; _U2 = _U2; typename std::enable_if<(std::_PCC<true, _T1, _T2>::_ConstructiblePair<_U1, _U2>() && std::_PCC<true, _T1, _T2>::_ImplicitlyConvertiblePair<_U1, _U2>()), bool>::type <anonymous> = <anonymous>; _T1 = rs2_stream; _T2 = int][m[K’
[14.936s]   266 |       constexpr [01;36m[Kpair[m[K(const _T1& __a, const _T2& __b)
[14.936s]       |                 [01;36m[K^~~~[m[K
[14.936s] [01m[K/usr/include/c++/11/bits/stl_pair.h:266:17:[m[K [01;36m[Knote: [m[K  template argument deduction/substitution failed:
[14.936s] [01m[K/usr/include/c++/11/bits/stl_pair.h:245:26:[m[K [01;36m[Knote: [m[Kcandidate: ‘[01m[Ktemplate<class _U1, class _U2, typename std::enable_if<std::__and_<std::is_default_constructible<_U1>, std::is_default_constructible<_Dp>, std::__not_<std::__and_<std::__is_implicitly_default_constructible<_U1>, std::__is_implicitly_default_constructible<_U2> > > >::value, bool>::type <anonymous> > constexpr std::pair<_T1, _T2>::pair() [with _U1 = _U1; _U2 = _U2; typename std::enable_if<std::__and_<std::is_default_constructible<_U1>, std::is_default_constructible<_U2>, std::__not_<std::__and_<std::__is_implicitly_default_constructible<_U1>, std::__is_implicitly_default_constructible<_U2> > > >::value, bool>::type <anonymous> = <anonymous>; _T1 = rs2_stream; _T2 = int][m[K’
[14.936s]   245 |       explicit constexpr [01;36m[Kpair[m[K()
[14.936s]       |                          [01;36m[K^~~~[m[K
[14.936s] [01m[K/usr/include/c++/11/bits/stl_pair.h:245:26:[m[K [01;36m[Knote: [m[K  template argument deduction/substitution failed:
[14.936s] In file included from [01m[K/home/brace/codeSpace/navi/src/realsense-ros/realsense2_camera/include/ros_sensor.h:22[m[K,
[14.937s]                  from [01m[K/home/brace/codeSpace/navi/src/realsense-ros/realsense2_camera/src/../include/base_realsense_node.h:63[m[K,
[14.937s]                  from [01m[K/home/brace/codeSpace/navi/src/realsense-ros/realsense2_camera/src/parameters.cpp:15[m[K:
[14.937s] [01m[K/home/brace/codeSpace/navi/src/realsense-ros/realsense2_camera/include/ros_utils.h:36:56:[m[K [01;36m[Knote: [m[K  candidate expects 0 arguments, 2 provided
[14.937s]    36 |     const stream_index_pair SAFETY{RS2_STREAM_SAFETY, 0[01;36m[K}[m[K;
[14.937s]       |                                                        [01;36m[K^[m[K
[14.937s] In file included from [01m[K/usr/include/c++/11/bits/stl_algobase.h:64[m[K,
[14.937s]                  from [01m[K/usr/include/c++/11/bits/specfun.h:45[m[K,
[14.937s]                  from [01m[K/usr/include/c++/11/cmath:1935[m[K,
[14.937s]                  from [01m[K/usr/include/c++/11/math.h:36[m[K,
[14.937s]                  from [01m[K/opt/ros/humble/include/librealsense2/rsutil.h:10[m[K,
[14.938s]                  from [01m[K/opt/ros/humble/include/librealsense2/rs.h:16[m[K,
[14.938s]                  from [01m[K/opt/ros/humble/include/librealsense2/rs.hpp:7[m[K,
[14.938s]                  from [01m[K/home/brace/codeSpace/navi/src/realsense-ros/realsense2_camera/src/../include/base_realsense_node.h:17[m[K,
[14.938s]                  from [01m[K/home/brace/codeSpace/navi/src/realsense-ros/realsense2_camera/src/parameters.cpp:15[m[K:
[14.938s] [01m[K/usr/include/c++/11/bits/stl_pair.h:232:26:[m[K [01;36m[Knote: [m[Kcandidate: ‘[01m[Ktemplate<class _U1, class _U2, typename std::enable_if<std::__and_<std::__is_implicitly_default_constructible<_U1>, std::__is_implicitly_default_constructible<_U2> >::value, bool>::type <anonymous> > constexpr std::pair<_T1, _T2>::pair() [with _U1 = _U1; _U2 = _U2; typename std::enable_if<std::__and_<std::__is_implicitly_default_constructible<_U1>, std::__is_implicitly_default_constructible<_U2> >::value, bool>::type <anonymous> = <anonymous>; _T1 = rs2_stream; _T2 = int][m[K’
[14.938s]   232 |       _GLIBCXX_CONSTEXPR [01;36m[Kpair[m[K()
[14.938s]       |                          [01;36m[K^~~~[m[K
[14.938s] [01m[K/usr/include/c++/11/bits/stl_pair.h:232:26:[m[K [01;36m[Knote: [m[K  template argument deduction/substitution failed:
[14.938s] In file included from [01m[K/home/brace/codeSpace/navi/src/realsense-ros/realsense2_camera/include/ros_sensor.h:22[m[K,
[14.938s]                  from [01m[K/home/brace/codeSpace/navi/src/realsense-ros/realsense2_camera/src/../include/base_realsense_node.h:63[m[K,
[14.939s]                  from [01m[K/home/brace/codeSpace/navi/src/realsense-ros/realsense2_camera/src/parameters.cpp:15[m[K:
[14.939s] [01m[K/home/brace/codeSpace/navi/src/realsense-ros/realsense2_camera/include/ros_utils.h:36:56:[m[K [01;36m[Knote: [m[K  candidate expects 0 arguments, 2 provided
[14.939s]    36 |     const stream_index_pair SAFETY{RS2_STREAM_SAFETY, 0[01;36m[K}[m[K;
[14.939s]       |                                                        [01;36m[K^[m[K
[14.939s] In file included from [01m[K/usr/include/c++/11/bits/stl_algobase.h:64[m[K,
[14.947s]                  from [01m[K/usr/include/c++/11/bits/specfun.h:45[m[K,
[14.947s]                  from [01m[K/usr/include/c++/11/cmath:1935[m[K,
[14.947s]                  from [01m[K/usr/include/c++/11/math.h:36[m[K,
[14.947s]                  from [01m[K/opt/ros/humble/include/librealsense2/rsutil.h:10[m[K,
[14.947s]                  from [01m[K/opt/ros/humble/include/librealsense2/rs.h:16[m[K,
[14.947s]                  from [01m[K/opt/ros/humble/include/librealsense2/rs.hpp:7[m[K,
[14.947s]                  from [01m[K/home/brace/codeSpace/navi/src/realsense-ros/realsense2_camera/src/../include/base_realsense_node.h:17[m[K,
[14.947s]                  from [01m[K/home/brace/codeSpace/navi/src/realsense-ros/realsense2_camera/src/parameters.cpp:15[m[K:
[14.948s] [01m[K/usr/include/c++/11/bits/stl_pair.h:315:17:[m[K [01;36m[Knote: [m[Kcandidate: ‘[01m[Kconstexpr std::pair<_T1, _T2>::pair(std::pair<_T1, _T2>&&) [with _T1 = rs2_stream; _T2 = int][m[K’
[14.948s]   315 |       constexpr [01;36m[Kpair[m[K(pair&&) = default;         ///< Move constructor
[14.948s]       |                 [01;36m[K^~~~[m[K
[14.948s] [01m[K/usr/include/c++/11/bits/stl_pair.h:315:17:[m[K [01;36m[Knote: [m[K  candidate expects 1 argument, 2 provided
[14.948s] [01m[K/usr/include/c++/11/bits/stl_pair.h:314:17:[m[K [01;36m[Knote: [m[Kcandidate: ‘[01m[Kconstexpr std::pair<_T1, _T2>::pair(const std::pair<_T1, _T2>&) [with _T1 = rs2_stream; _T2 = int][m[K’
[14.948s]   314 |       constexpr [01;36m[Kpair[m[K(const pair&) = default;    ///< Copy constructor
[14.948s]       |                 [01;36m[K^~~~[m[K
[14.948s] [01m[K/usr/include/c++/11/bits/stl_pair.h:314:17:[m[K [01;36m[Knote: [m[K  candidate expects 1 argument, 2 provided
[14.948s] In file included from [01m[K/home/brace/codeSpace/navi/src/realsense-ros/realsense2_camera/include/ros_sensor.h:22[m[K,
[14.948s]                  from [01m[K/home/brace/codeSpace/navi/src/realsense-ros/realsense2_camera/src/../include/base_realsense_node.h:63[m[K,
[14.948s]                  from [01m[K/home/brace/codeSpace/navi/src/realsense-ros/realsense2_camera/src/parameters.cpp:15[m[K:
[14.948s] [01m[K/home/brace/codeSpace/navi/src/realsense-ros/realsense2_camera/include/ros_utils.h:37:49:[m[K [01;31m[Kerror: [m[K‘[01m[KRS2_STREAM_LABELED_POINT_CLOUD[m[K’ was not declared in this scope
[14.948s]    37 |     const stream_index_pair LABELED_POINT_CLOUD{[01;31m[KRS2_STREAM_LABELED_POINT_CLOUD[m[K, 0};
[14.949s]       |                                                 [01;31m[K^~~~~~~~~~~~~~~~~~~~~~~~~~~~~~[m[K
[14.949s] [01m[K/home/brace/codeSpace/navi/src/realsense-ros/realsense2_camera/include/ros_utils.h:37:82:[m[K [01;31m[Kerror: [m[Kno matching function for call to ‘[01m[Kstd::pair<rs2_stream, int>::pair(<brace-enclosed initializer list>)[m[K’
[14.949s]    37 |     const stream_index_pair LABELED_POINT_CLOUD{RS2_STREAM_LABELED_POINT_CLOUD, 0[01;31m[K}[m[K;
[14.949s]       |                                                                                  [01;31m[K^[m[K
[14.949s] In file included from [01m[K/usr/include/c++/11/bits/stl_algobase.h:64[m[K,
[14.949s]                  from [01m[K/usr/include/c++/11/bits/specfun.h:45[m[K,
[14.949s]                  from [01m[K/usr/include/c++/11/cmath:1935[m[K,
[14.949s]                  from [01m[K/usr/include/c++/11/math.h:36[m[K,
[14.949s]                  from [01m[K/opt/ros/humble/include/librealsense2/rsutil.h:10[m[K,
[14.950s]                  from [01m[K/opt/ros/humble/include/librealsense2/rs.h:16[m[K,
[14.950s]                  from [01m[K/opt/ros/humble/include/librealsense2/rs.hpp:7[m[K,
[14.950s]                  from [01m[K/home/brace/codeSpace/navi/src/realsense-ros/realsense2_camera/src/../include/base_realsense_node.h:17[m[K,
[14.950s]                  from [01m[K/home/brace/codeSpace/navi/src/realsense-ros/realsense2_camera/src/parameters.cpp:15[m[K:
[14.950s] [01m[K/usr/include/c++/11/bits/stl_pair.h:452:9:[m[K [01;36m[Knote: [m[Kcandidate: ‘[01m[Ktemplate<class ... _Args1, long unsigned int ..._Indexes1, class ... _Args2, long unsigned int ..._Indexes2> std::pair<_T1, _T2>::pair(std::tuple<_Args1 ...>&, std::tuple<_Args2 ...>&, std::_Index_tuple<_Indexes1 ...>, std::_Index_tuple<_Indexes2 ...>) [with _Args1 = {_Args1 ...}; long unsigned int ..._Indexes1 = {_Indexes1 ...}; _Args2 = {_Args2 ...}; long unsigned int ..._Indexes2 = {_Indexes2 ...}; _T1 = rs2_stream; _T2 = int][m[K’
[14.950s]   452 |         [01;36m[Kpair[m[K(tuple<_Args1...>&, tuple<_Args2...>&,
[14.950s]       |         [01;36m[K^~~~[m[K
[14.950s] [01m[K/usr/include/c++/11/bits/stl_pair.h:452:9:[m[K [01;36m[Knote: [m[K  template argument deduction/substitution failed:
[14.950s] [01m[K/usr/include/c++/11/bits/stl_pair.h:387:9:[m[K [01;36m[Knote: [m[Kcandidate: ‘[01m[Ktemplate<class ... _Args1, class ... _Args2> std::pair<_T1, _T2>::pair(std::piecewise_construct_t, std::tuple<_Args1 ...>, std::tuple<_Args2 ...>) [with _Args1 = {_Args1 ...}; _Args2 = {_Args2 ...}; _T1 = rs2_stream; _T2 = int][m[K’
[14.950s]   387 |         [01;36m[Kpair[m[K(piecewise_construct_t, tuple<_Args1...>, tuple<_Args2...>);
[14.950s]       |         [01;36m[K^~~~[m[K
[14.950s] [01m[K/usr/include/c++/11/bits/stl_pair.h:387:9:[m[K [01;36m[Knote: [m[K  template argument deduction/substitution failed:
[14.951s] [01m[K/usr/include/c++/11/bits/stl_pair.h:381:28:[m[K [01;36m[Knote: [m[Kcandidate: ‘[01m[Ktemplate<class _U1, class _U2, typename std::enable_if<(std::_PCC<((! std::is_same<rs2_stream, _U1>::value) || (! std::is_same<int, _U2>::value)), rs2_stream, int>::_MoveConstructiblePair<_U1, _U2>() && (! std::_PCC<((! std::is_same<rs2_stream, _U1>::value) || (! std::is_same<int, _U2>::value)), rs2_stream, int>::_ImplicitlyMoveConvertiblePair<_U1, _U2>())), bool>::type <anonymous> > constexpr std::pair<_T1, _T2>::pair(std::pair<_U1, _U2>&&) [with _U1 = _U1; _U2 = _U2; typename std::enable_if<(std::_PCC<((! std::is_same<_T1, _U1>::value) || (! std::is_same<_T2, _U2>::value)), _T1, _T2>::_MoveConstructiblePair<_U1, _U2>() && (! std::_PCC<((! std::is_same<_T1, _U1>::value) || (! std::is_same<_T2, _U2>::value)), _T1, _T2>::_ImplicitlyMoveConvertiblePair<_U1, _U2>())), bool>::type <anonymous> = <anonymous>; _T1 = rs2_stream; _T2 = int][m[K’
[14.951s]   381 |         explicit constexpr [01;36m[Kpair[m[K(pair<_U1, _U2>&& __p)
[14.951s]       |                            [01;36m[K^~~~[m[K
[14.951s] [01m[K/usr/include/c++/11/bits/stl_pair.h:381:28:[m[K [01;36m[Knote: [m[K  template argument deduction/substitution failed:
[14.951s] [01m[K/usr/include/c++/11/bits/stl_pair.h:371:19:[m[K [01;36m[Knote: [m[Kcandidate: ‘[01m[Ktemplate<class _U1, class _U2, typename std::enable_if<(std::_PCC<((! std::is_same<rs2_stream, _U1>::value) || (! std::is_same<int, _U2>::value)), rs2_stream, int>::_MoveConstructiblePair<_U1, _U2>() && std::_PCC<((! std::is_same<rs2_stream, _U1>::value) || (! std::is_same<int, _U2>::value)), rs2_stream, int>::_ImplicitlyMoveConvertiblePair<_U1, _U2>()), bool>::type <anonymous> > constexpr std::pair<_T1, _T2>::pair(std::pair<_U1, _U2>&&) [with _U1 = _U1; _U2 = _U2; typename std::enable_if<(std::_PCC<((! std::is_same<_T1, _U1>::value) || (! std::is_same<_T2, _U2>::value)), _T1, _T2>::_MoveConstructiblePair<_U1, _U2>() && std::_PCC<((! std::is_same<_T1, _U1>::value) || (! std::is_same<_T2, _U2>::value)), _T1, _T2>::_ImplicitlyMoveConvertiblePair<_U1, _U2>()), bool>::type <anonymous> = <anonymous>; _T1 = rs2_stream; _T2 = int][m[K’
[14.951s]   371 |         constexpr [01;36m[Kpair[m[K(pair<_U1, _U2>&& __p)
[14.951s]       |                   [01;36m[K^~~~[m[K
[14.951s] [01m[K/usr/include/c++/11/bits/stl_pair.h:371:19:[m[K [01;36m[Knote: [m[K  template argument deduction/substitution failed:
[14.951s] [01m[K/usr/include/c++/11/bits/stl_pair.h:361:28:[m[K [01;36m[Knote: [m[Kcandidate: ‘[01m[Ktemplate<class _U1, class _U2, typename std::enable_if<(_MoveConstructiblePair<_U1, _U2>() && (! _ImplicitlyMoveConvertiblePair<_U1, _U2>())), bool>::type <anonymous> > constexpr std::pair<_T1, _T2>::pair(_U1&&, _U2&&) [with _U1 = _U1; _U2 = _U2; typename std::enable_if<(std::_PCC<true, _T1, _T2>::_MoveConstructiblePair<_U1, _U2>() && (! std::_PCC<true, _T1, _T2>::_ImplicitlyMoveConvertiblePair<_U1, _U2>())), bool>::type <anonymous> = <anonymous>; _T1 = rs2_stream; _T2 = int][m[K’
[14.951s]   361 |         explicit constexpr [01;36m[Kpair[m[K(_U1&& __x, _U2&& __y)
[14.951s]       |                            [01;36m[K^~~~[m[K
[14.951s] [01m[K/usr/include/c++/11/bits/stl_pair.h:361:28:[m[K [01;36m[Knote: [m[K  template argument deduction/substitution failed:
[14.951s] [01m[K/usr/include/c++/11/bits/stl_pair.h:352:19:[m[K [01;36m[Knote: [m[Kcandidate: ‘[01m[Ktemplate<class _U1, class _U2, typename std::enable_if<(_MoveConstructiblePair<_U1, _U2>() && _ImplicitlyMoveConvertiblePair<_U1, _U2>()), bool>::type <anonymous> > constexpr std::pair<_T1, _T2>::pair(_U1&&, _U2&&) [with _U1 = _U1; _U2 = _U2; typename std::enable_if<(std::_PCC<true, _T1, _T2>::_MoveConstructiblePair<_U1, _U2>() && std::_PCC<true, _T1, _T2>::_ImplicitlyMoveConvertiblePair<_U1, _U2>()), bool>::type <anonymous> = <anonymous>; _T1 = rs2_stream; _T2 = int][m[K’
[14.951s]   352 |         constexpr [01;36m[Kpair[m[K(_U1&& __x, _U2&& __y)
[14.952s]       |                   [01;36m[K^~~~[m[K
[14.952s] [01m[K/usr/include/c++/11/bits/stl_pair.h:352:19:[m[K [01;36m[Knote: [m[K  template argument deduction/substitution failed:
[14.952s] [01m[K/usr/include/c++/11/bits/stl_pair.h:343:17:[m[K [01;36m[Knote: [m[Kcandidate: ‘[01m[Ktemplate<class _U2, typename std::enable_if<_CopyMovePair<false, rs2_stream, _U2>(), bool>::type <anonymous> > std::pair<_T1, _T2>::pair(const _T1&, _U2&&) [with _U2 = _U2; typename std::enable_if<std::_PCC<true, _T1, _T2>::_CopyMovePair<false, _T1, _U2>(), bool>::type <anonymous> = <anonymous>; _T1 = rs2_stream; _T2 = int][m[K’
[14.952s]   343 |        explicit [01;36m[Kpair[m[K(const _T1& __x, _U2&& __y)
[14.952s]       |                 [01;36m[K^~~~[m[K
[14.952s] [01m[K/usr/include/c++/11/bits/stl_pair.h:343:17:[m[K [01;36m[Knote: [m[K  template argument deduction/substitution failed:
[14.952s] [01m[K/usr/include/c++/11/bits/stl_pair.h:336:18:[m[K [01;36m[Knote: [m[Kcandidate: ‘[01m[Ktemplate<class _U2, typename std::enable_if<_CopyMovePair<true, rs2_stream, _U2>(), bool>::type <anonymous> > constexpr std::pair<_T1, _T2>::pair(const _T1&, _U2&&) [with _U2 = _U2; typename std::enable_if<std::_PCC<true, _T1, _T2>::_CopyMovePair<true, _T1, _U2>(), bool>::type <anonymous> = <anonymous>; _T1 = rs2_stream; _T2 = int][m[K’
[14.952s]   336 |        constexpr [01;36m[Kpair[m[K(const _T1& __x, _U2&& __y)
[14.952s]       |                  [01;36m[K^~~~[m[K
[14.952s] [01m[K/usr/include/c++/11/bits/stl_pair.h:336:18:[m[K [01;36m[Knote: [m[K  template argument deduction/substitution failed:
[14.952s] [01m[K/usr/include/c++/11/bits/stl_pair.h:329:27:[m[K [01;36m[Knote: [m[Kcandidate: ‘[01m[Ktemplate<class _U1, typename std::enable_if<_MoveCopyPair<false, _U1, int>(), bool>::type <anonymous> > constexpr std::pair<_T1, _T2>::pair(_U1&&, const _T2&) [with _U1 = _U1; typename std::enable_if<std::_PCC<true, _T1, _T2>::_MoveCopyPair<false, _U1, _T2>(), bool>::type <anonymous> = <anonymous>; _T1 = rs2_stream; _T2 = int][m[K’
[14.952s]   329 |        explicit constexpr [01;36m[Kpair[m[K(_U1&& __x, const _T2& __y)
[14.953s]       |                           [01;36m[K^~~~[m[K
[14.953s] [01m[K/usr/include/c++/11/bits/stl_pair.h:329:27:[m[K [01;36m[Knote: [m[K  template argument deduction/substitution failed:
[14.953s] [01m[K/usr/include/c++/11/bits/stl_pair.h:322:18:[m[K [01;36m[Knote: [m[Kcandidate: ‘[01m[Ktemplate<class _U1, typename std::enable_if<_MoveCopyPair<true, _U1, int>(), bool>::type <anonymous> > constexpr std::pair<_T1, _T2>::pair(_U1&&, const _T2&) [with _U1 = _U1; typename std::enable_if<std::_PCC<true, _T1, _T2>::_MoveCopyPair<true, _U1, _T2>(), bool>::type <anonymous> = <anonymous>; _T1 = rs2_stream; _T2 = int][m[K’
[14.953s]   322 |        constexpr [01;36m[Kpair[m[K(_U1&& __x, const _T2& __y)
[14.953s]       |                  [01;36m[K^~~~[m[K
[14.953s] [01m[K/usr/include/c++/11/bits/stl_pair.h:322:18:[m[K [01;36m[Knote: [m[K  template argument deduction/substitution failed:
[14.953s] [01m[K/usr/include/c++/11/bits/stl_pair.h:309:28:[m[K [01;36m[Knote: [m[Kcandidate: ‘[01m[Ktemplate<class _U1, class _U2, typename std::enable_if<(std::_PCC<((! std::is_same<rs2_stream, _U1>::value) || (! std::is_same<int, _U2>::value)), rs2_stream, int>::_ConstructiblePair<_U1, _U2>() && (! std::_PCC<((! std::is_same<rs2_stream, _U1>::value) || (! std::is_same<int, _U2>::value)), rs2_stream, int>::_ImplicitlyConvertiblePair<_U1, _U2>())), bool>::type <anonymous> > constexpr std::pair<_T1, _T2>::pair(const std::pair<_U1, _U2>&) [with _U1 = _U1; _U2 = _U2; typename std::enable_if<(std::_PCC<((! std::is_same<_T1, _U1>::value) || (! std::is_same<_T2, _U2>::value)), _T1, _T2>::_ConstructiblePair<_U1, _U2>() && (! std::_PCC<((! std::is_same<_T1, _U1>::value) || (! std::is_same<_T2, _U2>::value)), _T1, _T2>::_ImplicitlyConvertiblePair<_U1, _U2>())), bool>::type <anonymous> = <anonymous>; _T1 = rs2_stream; _T2 = int][m[K’
[14.955s]   309 |         explicit constexpr [01;36m[Kpair[m[K(const pair<_U1, _U2>& __p)
[14.955s]       |                            [01;36m[K^~~~[m[K
[14.955s] [01m[K/usr/include/c++/11/bits/stl_pair.h:309:28:[m[K [01;36m[Knote: [m[K  template argument deduction/substitution failed:
[14.955s] [01m[K/usr/include/c++/11/bits/stl_pair.h:300:19:[m[K [01;36m[Knote: [m[Kcandidate: ‘[01m[Ktemplate<class _U1, class _U2, typename std::enable_if<(std::_PCC<((! std::is_same<rs2_stream, _U1>::value) || (! std::is_same<int, _U2>::value)), rs2_stream, int>::_ConstructiblePair<_U1, _U2>() && std::_PCC<((! std::is_same<rs2_stream, _U1>::value) || (! std::is_same<int, _U2>::value)), rs2_stream, int>::_ImplicitlyConvertiblePair<_U1, _U2>()), bool>::type <anonymous> > constexpr std::pair<_T1, _T2>::pair(const std::pair<_U1, _U2>&) [with _U1 = _U1; _U2 = _U2; typename std::enable_if<(std::_PCC<((! std::is_same<_T1, _U1>::value) || (! std::is_same<_T2, _U2>::value)), _T1, _T2>::_ConstructiblePair<_U1, _U2>() && std::_PCC<((! std::is_same<_T1, _U1>::value) || (! std::is_same<_T2, _U2>::value)), _T1, _T2>::_ImplicitlyConvertiblePair<_U1, _U2>()), bool>::type <anonymous> = <anonymous>; _T1 = rs2_stream; _T2 = int][m[K’
[14.955s]   300 |         constexpr [01;36m[Kpair[m[K(const pair<_U1, _U2>& __p)
[14.955s]       |                   [01;36m[K^~~~[m[K
[14.955s] [01m[K/usr/include/c++/11/bits/stl_pair.h:300:19:[m[K [01;36m[Knote: [m[K  template argument deduction/substitution failed:
[14.956s] [01m[K/usr/include/c++/11/bits/stl_pair.h:276:26:[m[K [01;36m[Knote: [m[Kcandidate: ‘[01m[Ktemplate<class _U1, class _U2, typename std::enable_if<(_ConstructiblePair<_U1, _U2>() && (! _ImplicitlyConvertiblePair<_U1, _U2>())), bool>::type <anonymous> > constexpr std::pair<_T1, _T2>::pair(const _T1&, const _T2&) [with _U1 = _U1; _U2 = _U2; typename std::enable_if<(std::_PCC<true, _T1, _T2>::_ConstructiblePair<_U1, _U2>() && (! std::_PCC<true, _T1, _T2>::_ImplicitlyConvertiblePair<_U1, _U2>())), bool>::type <anonymous> = <anonymous>; _T1 = rs2_stream; _T2 = int][m[K’
[14.956s]   276 |       explicit constexpr [01;36m[Kpair[m[K(const _T1& __a, const _T2& __b)
[14.956s]       |                          [01;36m[K^~~~[m[K
[14.956s] [01m[K/usr/include/c++/11/bits/stl_pair.h:276:26:[m[K [01;36m[Knote: [m[K  template argument deduction/substitution failed:
[14.956s] [01m[K/usr/include/c++/11/bits/stl_pair.h:266:17:[m[K [01;36m[Knote: [m[Kcandidate: ‘[01m[Ktemplate<class _U1, class _U2, typename std::enable_if<(_ConstructiblePair<_U1, _U2>() && _ImplicitlyConvertiblePair<_U1, _U2>()), bool>::type <anonymous> > constexpr std::pair<_T1, _T2>::pair(const _T1&, const _T2&) [with _U1 = _U1; _U2 = _U2; typename std::enable_if<(std::_PCC<true, _T1, _T2>::_ConstructiblePair<_U1, _U2>() && std::_PCC<true, _T1, _T2>::_ImplicitlyConvertiblePair<_U1, _U2>()), bool>::type <anonymous> = <anonymous>; _T1 = rs2_stream; _T2 = int][m[K’
[14.956s]   266 |       constexpr [01;36m[Kpair[m[K(const _T1& __a, const _T2& __b)
[14.956s]       |                 [01;36m[K^~~~[m[K
[14.956s] [01m[K/usr/include/c++/11/bits/stl_pair.h:266:17:[m[K [01;36m[Knote: [m[K  template argument deduction/substitution failed:
[14.956s] [01m[K/usr/include/c++/11/bits/stl_pair.h:245:26:[m[K [01;36m[Knote: [m[Kcandidate: ‘[01m[Ktemplate<class _U1, class _U2, typename std::enable_if<std::__and_<std::is_default_constructible<_U1>, std::is_default_constructible<_Dp>, std::__not_<std::__and_<std::__is_implicitly_default_constructible<_U1>, std::__is_implicitly_default_constructible<_U2> > > >::value, bool>::type <anonymous> > constexpr std::pair<_T1, _T2>::pair() [with _U1 = _U1; _U2 = _U2; typename std::enable_if<std::__and_<std::is_default_constructible<_U1>, std::is_default_constructible<_U2>, std::__not_<std::__and_<std::__is_implicitly_default_constructible<_U1>, std::__is_implicitly_default_constructible<_U2> > > >::value, bool>::type <anonymous> = <anonymous>; _T1 = rs2_stream; _T2 = int][m[K’
[14.956s]   245 |       explicit constexpr [01;36m[Kpair[m[K()
[14.956s]       |                          [01;36m[K^~~~[m[K
[14.956s] [01m[K/usr/include/c++/11/bits/stl_pair.h:245:26:[m[K [01;36m[Knote: [m[K  template argument deduction/substitution failed:
[14.956s] In file included from [01m[K/home/brace/codeSpace/navi/src/realsense-ros/realsense2_camera/include/ros_sensor.h:22[m[K,
[14.956s]                  from [01m[K/home/brace/codeSpace/navi/src/realsense-ros/realsense2_camera/src/../include/base_realsense_node.h:63[m[K,
[14.956s]                  from [01m[K/home/brace/codeSpace/navi/src/realsense-ros/realsense2_camera/src/parameters.cpp:15[m[K:
[14.957s] [01m[K/home/brace/codeSpace/navi/src/realsense-ros/realsense2_camera/include/ros_utils.h:37:82:[m[K [01;36m[Knote: [m[K  candidate expects 0 arguments, 2 provided
[14.957s]    37 |     const stream_index_pair LABELED_POINT_CLOUD{RS2_STREAM_LABELED_POINT_CLOUD, 0[01;36m[K}[m[K;
[14.957s]       |                                                                                  [01;36m[K^[m[K
[14.957s] In file included from [01m[K/usr/include/c++/11/bits/stl_algobase.h:64[m[K,
[14.957s]                  from [01m[K/usr/include/c++/11/bits/specfun.h:45[m[K,
[14.957s]                  from [01m[K/usr/include/c++/11/cmath:1935[m[K,
[14.957s]                  from [01m[K/usr/include/c++/11/math.h:36[m[K,
[14.957s]                  from [01m[K/opt/ros/humble/include/librealsense2/rsutil.h:10[m[K,
[14.957s]                  from [01m[K/opt/ros/humble/include/librealsense2/rs.h:16[m[K,
[14.957s]                  from [01m[K/opt/ros/humble/include/librealsense2/rs.hpp:7[m[K,
[14.957s]                  from [01m[K/home/brace/codeSpace/navi/src/realsense-ros/realsense2_camera/src/../include/base_realsense_node.h:17[m[K,
[14.957s]                  from [01m[K/home/brace/codeSpace/navi/src/realsense-ros/realsense2_camera/src/parameters.cpp:15[m[K:
[14.957s] [01m[K/usr/include/c++/11/bits/stl_pair.h:232:26:[m[K [01;36m[Knote: [m[Kcandidate: ‘[01m[Ktemplate<class _U1, class _U2, typename std::enable_if<std::__and_<std::__is_implicitly_default_constructible<_U1>, std::__is_implicitly_default_constructible<_U2> >::value, bool>::type <anonymous> > constexpr std::pair<_T1, _T2>::pair() [with _U1 = _U1; _U2 = _U2; typename std::enable_if<std::__and_<std::__is_implicitly_default_constructible<_U1>, std::__is_implicitly_default_constructible<_U2> >::value, bool>::type <anonymous> = <anonymous>; _T1 = rs2_stream; _T2 = int][m[K’
[14.957s]   232 |       _GLIBCXX_CONSTEXPR [01;36m[Kpair[m[K()
[14.957s]       |                          [01;36m[K^~~~[m[K
[14.958s] [01m[K/usr/include/c++/11/bits/stl_pair.h:232:26:[m[K [01;36m[Knote: [m[K  template argument deduction/substitution failed:
[14.958s] In file included from [01m[K/home/brace/codeSpace/navi/src/realsense-ros/realsense2_camera/include/ros_sensor.h:22[m[K,
[14.958s]                  from [01m[K/home/brace/codeSpace/navi/src/realsense-ros/realsense2_camera/src/../include/base_realsense_node.h:63[m[K,
[14.958s]                  from [01m[K/home/brace/codeSpace/navi/src/realsense-ros/realsense2_camera/src/parameters.cpp:15[m[K:
[14.958s] [01m[K/home/brace/codeSpace/navi/src/realsense-ros/realsense2_camera/include/ros_utils.h:37:82:[m[K [01;36m[Knote: [m[K  candidate expects 0 arguments, 2 provided
[14.958s]    37 |     const stream_index_pair LABELED_POINT_CLOUD{RS2_STREAM_LABELED_POINT_CLOUD, 0[01;36m[K}[m[K;
[14.958s]       |                                                                                  [01;36m[K^[m[K
[14.958s] In file included from [01m[K/usr/include/c++/11/bits/stl_algobase.h:64[m[K,
[14.958s]                  from [01m[K/usr/include/c++/11/bits/specfun.h:45[m[K,
[14.958s]                  from [01m[K/usr/include/c++/11/cmath:1935[m[K,
[14.958s]                  from [01m[K/usr/include/c++/11/math.h:36[m[K,
[14.958s]                  from [01m[K/opt/ros/humble/include/librealsense2/rsutil.h:10[m[K,
[14.958s]                  from [01m[K/opt/ros/humble/include/librealsense2/rs.h:16[m[K,
[14.959s]                  from [01m[K/opt/ros/humble/include/librealsense2/rs.hpp:7[m[K,
[14.959s]                  from [01m[K/home/brace/codeSpace/navi/src/realsense-ros/realsense2_camera/src/../include/base_realsense_node.h:17[m[K,
[14.959s]                  from [01m[K/home/brace/codeSpace/navi/src/realsense-ros/realsense2_camera/src/parameters.cpp:15[m[K:
[14.959s] [01m[K/usr/include/c++/11/bits/stl_pair.h:315:17:[m[K [01;36m[Knote: [m[Kcandidate: ‘[01m[Kconstexpr std::pair<_T1, _T2>::pair(std::pair<_T1, _T2>&&) [with _T1 = rs2_stream; _T2 = int][m[K’
[14.959s]   315 |       constexpr [01;36m[Kpair[m[K(pair&&) = default;         ///< Move constructor
[14.959s]       |                 [01;36m[K^~~~[m[K
[14.959s] [01m[K/usr/include/c++/11/bits/stl_pair.h:315:17:[m[K [01;36m[Knote: [m[K  candidate expects 1 argument, 2 provided
[14.959s] [01m[K/usr/include/c++/11/bits/stl_pair.h:314:17:[m[K [01;36m[Knote: [m[Kcandidate: ‘[01m[Kconstexpr std::pair<_T1, _T2>::pair(const std::pair<_T1, _T2>&) [with _T1 = rs2_stream; _T2 = int][m[K’
[14.959s]   314 |       constexpr [01;36m[Kpair[m[K(const pair&) = default;    ///< Copy constructor
[14.959s]       |                 [01;36m[K^~~~[m[K
[14.959s] [01m[K/usr/include/c++/11/bits/stl_pair.h:314:17:[m[K [01;36m[Knote: [m[K  candidate expects 1 argument, 2 provided
[14.966s] In file included from [01m[K/home/brace/codeSpace/navi/src/realsense-ros/realsense2_camera/include/ros_sensor.h:22[m[K,
[14.967s]                  from [01m[K/home/brace/codeSpace/navi/src/realsense-ros/realsense2_camera/src/../include/base_realsense_node.h:63[m[K,
[14.969s]                  from [01m[K/home/brace/codeSpace/navi/src/realsense-ros/realsense2_camera/src/parameters.cpp:15[m[K:
[14.970s] [01m[K/home/brace/codeSpace/navi/src/realsense-ros/realsense2_camera/include/ros_utils.h:38:39:[m[K [01;31m[Kerror: [m[K‘[01m[KRS2_STREAM_OCCUPANCY[m[K’ was not declared in this scope; did you mean ‘[01m[KRS2_STREAM_COUNT[m[K’?
[14.970s]    38 |     const stream_index_pair OCCUPANCY{[01;31m[KRS2_STREAM_OCCUPANCY[m[K, 0};
[14.971s]       |                                       [01;31m[K^~~~~~~~~~~~~~~~~~~~[m[K
[14.971s]       |                                       [32m[KRS2_STREAM_COUNT[m[K
[14.971s] [01m[K/home/brace/codeSpace/navi/src/realsense-ros/realsense2_camera/include/ros_utils.h:38:62:[m[K [01;31m[Kerror: [m[Kno matching function for call to ‘[01m[Kstd::pair<rs2_stream, int>::pair(<brace-enclosed initializer list>)[m[K’
[14.972s]    38 |     const stream_index_pair OCCUPANCY{RS2_STREAM_OCCUPANCY, 0[01;31m[K}[m[K;
[14.973s]       |                                                              [01;31m[K^[m[K
[14.973s] In file included from [01m[K/usr/include/c++/11/bits/stl_algobase.h:64[m[K,
[14.973s]                  from [01m[K/usr/include/c++/11/bits/specfun.h:45[m[K,
[14.973s]                  from [01m[K/usr/include/c++/11/cmath:1935[m[K,
[14.973s]                  from [01m[K/usr/include/c++/11/math.h:36[m[K,
[14.976s]                  from [01m[K/opt/ros/humble/include/librealsense2/rsutil.h:10[m[K,
[14.976s]                  from [01m[K/opt/ros/humble/include/librealsense2/rs.h:16[m[K,
[14.976s]                  from [01m[K/opt/ros/humble/include/librealsense2/rs.hpp:7[m[K,
[14.976s]                  from [01m[K/home/brace/codeSpace/navi/src/realsense-ros/realsense2_camera/src/../include/base_realsense_node.h:17[m[K,
[14.977s]                  from [01m[K/home/brace/codeSpace/navi/src/realsense-ros/realsense2_camera/src/parameters.cpp:15[m[K:
[14.977s] [01m[K/usr/include/c++/11/bits/stl_pair.h:452:9:[m[K [01;36m[Knote: [m[Kcandidate: ‘[01m[Ktemplate<class ... _Args1, long unsigned int ..._Indexes1, class ... _Args2, long unsigned int ..._Indexes2> std::pair<_T1, _T2>::pair(std::tuple<_Args1 ...>&, std::tuple<_Args2 ...>&, std::_Index_tuple<_Indexes1 ...>, std::_Index_tuple<_Indexes2 ...>) [with _Args1 = {_Args1 ...}; long unsigned int ..._Indexes1 = {_Indexes1 ...}; _Args2 = {_Args2 ...}; long unsigned int ..._Indexes2 = {_Indexes2 ...}; _T1 = rs2_stream; _T2 = int][m[K’
[14.977s]   452 |         [01;36m[Kpair[m[K(tuple<_Args1...>&, tuple<_Args2...>&,
[14.977s]       |         [01;36m[K^~~~[m[K
[14.977s] [01m[K/usr/include/c++/11/bits/stl_pair.h:452:9:[m[K [01;36m[Knote: [m[K  template argument deduction/substitution failed:
[14.977s] [01m[K/usr/include/c++/11/bits/stl_pair.h:387:9:[m[K [01;36m[Knote: [m[Kcandidate: ‘[01m[Ktemplate<class ... _Args1, class ... _Args2> std::pair<_T1, _T2>::pair(std::piecewise_construct_t, std::tuple<_Args1 ...>, std::tuple<_Args2 ...>) [with _Args1 = {_Args1 ...}; _Args2 = {_Args2 ...}; _T1 = rs2_stream; _T2 = int][m[K’
[14.977s]   387 |         [01;36m[Kpair[m[K(piecewise_construct_t, tuple<_Args1...>, tuple<_Args2...>);
[14.977s]       |         [01;36m[K^~~~[m[K
[14.977s] [01m[K/usr/include/c++/11/bits/stl_pair.h:387:9:[m[K [01;36m[Knote: [m[K  template argument deduction/substitution failed:
[14.978s] [01m[K/usr/include/c++/11/bits/stl_pair.h:381:28:[m[K [01;36m[Knote: [m[Kcandidate: ‘[01m[Ktemplate<class _U1, class _U2, typename std::enable_if<(std::_PCC<((! std::is_same<rs2_stream, _U1>::value) || (! std::is_same<int, _U2>::value)), rs2_stream, int>::_MoveConstructiblePair<_U1, _U2>() && (! std::_PCC<((! std::is_same<rs2_stream, _U1>::value) || (! std::is_same<int, _U2>::value)), rs2_stream, int>::_ImplicitlyMoveConvertiblePair<_U1, _U2>())), bool>::type <anonymous> > constexpr std::pair<_T1, _T2>::pair(std::pair<_U1, _U2>&&) [with _U1 = _U1; _U2 = _U2; typename std::enable_if<(std::_PCC<((! std::is_same<_T1, _U1>::value) || (! std::is_same<_T2, _U2>::value)), _T1, _T2>::_MoveConstructiblePair<_U1, _U2>() && (! std::_PCC<((! std::is_same<_T1, _U1>::value) || (! std::is_same<_T2, _U2>::value)), _T1, _T2>::_ImplicitlyMoveConvertiblePair<_U1, _U2>())), bool>::type <anonymous> = <anonymous>; _T1 = rs2_stream; _T2 = int][m[K’
[14.978s]   381 |         explicit constexpr [01;36m[Kpair[m[K(pair<_U1, _U2>&& __p)
[14.978s]       |                            [01;36m[K^~~~[m[K
[14.978s] [01m[K/usr/include/c++/11/bits/stl_pair.h:381:28:[m[K [01;36m[Knote: [m[K  template argument deduction/substitution failed:
[14.979s] [01m[K/usr/include/c++/11/bits/stl_pair.h:371:19:[m[K [01;36m[Knote: [m[Kcandidate: ‘[01m[Ktemplate<class _U1, class _U2, typename std::enable_if<(std::_PCC<((! std::is_same<rs2_stream, _U1>::value) || (! std::is_same<int, _U2>::value)), rs2_stream, int>::_MoveConstructiblePair<_U1, _U2>() && std::_PCC<((! std::is_same<rs2_stream, _U1>::value) || (! std::is_same<int, _U2>::value)), rs2_stream, int>::_ImplicitlyMoveConvertiblePair<_U1, _U2>()), bool>::type <anonymous> > constexpr std::pair<_T1, _T2>::pair(std::pair<_U1, _U2>&&) [with _U1 = _U1; _U2 = _U2; typename std::enable_if<(std::_PCC<((! std::is_same<_T1, _U1>::value) || (! std::is_same<_T2, _U2>::value)), _T1, _T2>::_MoveConstructiblePair<_U1, _U2>() && std::_PCC<((! std::is_same<_T1, _U1>::value) || (! std::is_same<_T2, _U2>::value)), _T1, _T2>::_ImplicitlyMoveConvertiblePair<_U1, _U2>()), bool>::type <anonymous> = <anonymous>; _T1 = rs2_stream; _T2 = int][m[K’
[14.980s]   371 |         constexpr [01;36m[Kpair[m[K(pair<_U1, _U2>&& __p)
[14.980s]       |                   [01;36m[K^~~~[m[K
[14.980s] [01m[K/usr/include/c++/11/bits/stl_pair.h:371:19:[m[K [01;36m[Knote: [m[K  template argument deduction/substitution failed:
[14.980s] [01m[K/usr/include/c++/11/bits/stl_pair.h:361:28:[m[K [01;36m[Knote: [m[Kcandidate: ‘[01m[Ktemplate<class _U1, class _U2, typename std::enable_if<(_MoveConstructiblePair<_U1, _U2>() && (! _ImplicitlyMoveConvertiblePair<_U1, _U2>())), bool>::type <anonymous> > constexpr std::pair<_T1, _T2>::pair(_U1&&, _U2&&) [with _U1 = _U1; _U2 = _U2; typename std::enable_if<(std::_PCC<true, _T1, _T2>::_MoveConstructiblePair<_U1, _U2>() && (! std::_PCC<true, _T1, _T2>::_ImplicitlyMoveConvertiblePair<_U1, _U2>())), bool>::type <anonymous> = <anonymous>; _T1 = rs2_stream; _T2 = int][m[K’
[14.980s]   361 |         explicit constexpr [01;36m[Kpair[m[K(_U1&& __x, _U2&& __y)
[14.980s]       |                            [01;36m[K^~~~[m[K
[14.980s] [01m[K/usr/include/c++/11/bits/stl_pair.h:361:28:[m[K [01;36m[Knote: [m[K  template argument deduction/substitution failed:
[14.981s] [01m[K/usr/include/c++/11/bits/stl_pair.h:352:19:[m[K [01;36m[Knote: [m[Kcandidate: ‘[01m[Ktemplate<class _U1, class _U2, typename std::enable_if<(_MoveConstructiblePair<_U1, _U2>() && _ImplicitlyMoveConvertiblePair<_U1, _U2>()), bool>::type <anonymous> > constexpr std::pair<_T1, _T2>::pair(_U1&&, _U2&&) [with _U1 = _U1; _U2 = _U2; typename std::enable_if<(std::_PCC<true, _T1, _T2>::_MoveConstructiblePair<_U1, _U2>() && std::_PCC<true, _T1, _T2>::_ImplicitlyMoveConvertiblePair<_U1, _U2>()), bool>::type <anonymous> = <anonymous>; _T1 = rs2_stream; _T2 = int][m[K’
[14.981s]   352 |         constexpr [01;36m[Kpair[m[K(_U1&& __x, _U2&& __y)
[14.981s]       |                   [01;36m[K^~~~[m[K
[14.981s] [01m[K/usr/include/c++/11/bits/stl_pair.h:352:19:[m[K [01;36m[Knote: [m[K  template argument deduction/substitution failed:
[14.982s] [01m[K/usr/include/c++/11/bits/stl_pair.h:343:17:[m[K [01;36m[Knote: [m[Kcandidate: ‘[01m[Ktemplate<class _U2, typename std::enable_if<_CopyMovePair<false, rs2_stream, _U2>(), bool>::type <anonymous> > std::pair<_T1, _T2>::pair(const _T1&, _U2&&) [with _U2 = _U2; typename std::enable_if<std::_PCC<true, _T1, _T2>::_CopyMovePair<false, _T1, _U2>(), bool>::type <anonymous> = <anonymous>; _T1 = rs2_stream; _T2 = int][m[K’
[14.982s]   343 |        explicit [01;36m[Kpair[m[K(const _T1& __x, _U2&& __y)
[14.982s]       |                 [01;36m[K^~~~[m[K
[14.982s] [01m[K/usr/include/c++/11/bits/stl_pair.h:343:17:[m[K [01;36m[Knote: [m[K  template argument deduction/substitution failed:
[14.982s] [01m[K/usr/include/c++/11/bits/stl_pair.h:336:18:[m[K [01;36m[Knote: [m[Kcandidate: ‘[01m[Ktemplate<class _U2, typename std::enable_if<_CopyMovePair<true, rs2_stream, _U2>(), bool>::type <anonymous> > constexpr std::pair<_T1, _T2>::pair(const _T1&, _U2&&) [with _U2 = _U2; typename std::enable_if<std::_PCC<true, _T1, _T2>::_CopyMovePair<true, _T1, _U2>(), bool>::type <anonymous> = <anonymous>; _T1 = rs2_stream; _T2 = int][m[K’
[14.982s]   336 |        constexpr [01;36m[Kpair[m[K(const _T1& __x, _U2&& __y)
[14.982s]       |                  [01;36m[K^~~~[m[K
[14.982s] [01m[K/usr/include/c++/11/bits/stl_pair.h:336:18:[m[K [01;36m[Knote: [m[K  template argument deduction/substitution failed:
[14.982s] [01m[K/usr/include/c++/11/bits/stl_pair.h:329:27:[m[K [01;36m[Knote: [m[Kcandidate: ‘[01m[Ktemplate<class _U1, typename std::enable_if<_MoveCopyPair<false, _U1, int>(), bool>::type <anonymous> > constexpr std::pair<_T1, _T2>::pair(_U1&&, const _T2&) [with _U1 = _U1; typename std::enable_if<std::_PCC<true, _T1, _T2>::_MoveCopyPair<false, _U1, _T2>(), bool>::type <anonymous> = <anonymous>; _T1 = rs2_stream; _T2 = int][m[K’
[14.982s]   329 |        explicit constexpr [01;36m[Kpair[m[K(_U1&& __x, const _T2& __y)
[14.982s]       |                           [01;36m[K^~~~[m[K
[14.982s] [01m[K/usr/include/c++/11/bits/stl_pair.h:329:27:[m[K [01;36m[Knote: [m[K  template argument deduction/substitution failed:
[14.982s] [01m[K/usr/include/c++/11/bits/stl_pair.h:322:18:[m[K [01;36m[Knote: [m[Kcandidate: ‘[01m[Ktemplate<class _U1, typename std::enable_if<_MoveCopyPair<true, _U1, int>(), bool>::type <anonymous> > constexpr std::pair<_T1, _T2>::pair(_U1&&, const _T2&) [with _U1 = _U1; typename std::enable_if<std::_PCC<true, _T1, _T2>::_MoveCopyPair<true, _U1, _T2>(), bool>::type <anonymous> = <anonymous>; _T1 = rs2_stream; _T2 = int][m[K’
[14.982s]   322 |        constexpr [01;36m[Kpair[m[K(_U1&& __x, const _T2& __y)
[14.982s]       |                  [01;36m[K^~~~[m[K
[14.983s] [01m[K/usr/include/c++/11/bits/stl_pair.h:322:18:[m[K [01;36m[Knote: [m[K  template argument deduction/substitution failed:
[14.983s] [01m[K/usr/include/c++/11/bits/stl_pair.h:309:28:[m[K [01;36m[Knote: [m[Kcandidate: ‘[01m[Ktemplate<class _U1, class _U2, typename std::enable_if<(std::_PCC<((! std::is_same<rs2_stream, _U1>::value) || (! std::is_same<int, _U2>::value)), rs2_stream, int>::_ConstructiblePair<_U1, _U2>() && (! std::_PCC<((! std::is_same<rs2_stream, _U1>::value) || (! std::is_same<int, _U2>::value)), rs2_stream, int>::_ImplicitlyConvertiblePair<_U1, _U2>())), bool>::type <anonymous> > constexpr std::pair<_T1, _T2>::pair(const std::pair<_U1, _U2>&) [with _U1 = _U1; _U2 = _U2; typename std::enable_if<(std::_PCC<((! std::is_same<_T1, _U1>::value) || (! std::is_same<_T2, _U2>::value)), _T1, _T2>::_ConstructiblePair<_U1, _U2>() && (! std::_PCC<((! std::is_same<_T1, _U1>::value) || (! std::is_same<_T2, _U2>::value)), _T1, _T2>::_ImplicitlyConvertiblePair<_U1, _U2>())), bool>::type <anonymous> = <anonymous>; _T1 = rs2_stream; _T2 = int][m[K’
[14.983s]   309 |         explicit constexpr [01;36m[Kpair[m[K(const pair<_U1, _U2>& __p)
[14.983s]       |                            [01;36m[K^~~~[m[K
[14.983s] [01m[K/usr/include/c++/11/bits/stl_pair.h:309:28:[m[K [01;36m[Knote: [m[K  template argument deduction/substitution failed:
[14.983s] [01m[K/usr/include/c++/11/bits/stl_pair.h:300:19:[m[K [01;36m[Knote: [m[Kcandidate: ‘[01m[Ktemplate<class _U1, class _U2, typename std::enable_if<(std::_PCC<((! std::is_same<rs2_stream, _U1>::value) || (! std::is_same<int, _U2>::value)), rs2_stream, int>::_ConstructiblePair<_U1, _U2>() && std::_PCC<((! std::is_same<rs2_stream, _U1>::value) || (! std::is_same<int, _U2>::value)), rs2_stream, int>::_ImplicitlyConvertiblePair<_U1, _U2>()), bool>::type <anonymous> > constexpr std::pair<_T1, _T2>::pair(const std::pair<_U1, _U2>&) [with _U1 = _U1; _U2 = _U2; typename std::enable_if<(std::_PCC<((! std::is_same<_T1, _U1>::value) || (! std::is_same<_T2, _U2>::value)), _T1, _T2>::_ConstructiblePair<_U1, _U2>() && std::_PCC<((! std::is_same<_T1, _U1>::value) || (! std::is_same<_T2, _U2>::value)), _T1, _T2>::_ImplicitlyConvertiblePair<_U1, _U2>()), bool>::type <anonymous> = <anonymous>; _T1 = rs2_stream; _T2 = int][m[K’
[14.983s]   300 |         constexpr [01;36m[Kpair[m[K(const pair<_U1, _U2>& __p)
[14.983s]       |                   [01;36m[K^~~~[m[K
[14.983s] [01m[K/usr/include/c++/11/bits/stl_pair.h:300:19:[m[K [01;36m[Knote: [m[K  template argument deduction/substitution failed:
[14.983s] [01m[K/usr/include/c++/11/bits/stl_pair.h:276:26:[m[K [01;36m[Knote: [m[Kcandidate: ‘[01m[Ktemplate<class _U1, class _U2, typename std::enable_if<(_ConstructiblePair<_U1, _U2>() && (! _ImplicitlyConvertiblePair<_U1, _U2>())), bool>::type <anonymous> > constexpr std::pair<_T1, _T2>::pair(const _T1&, const _T2&) [with _U1 = _U1; _U2 = _U2; typename std::enable_if<(std::_PCC<true, _T1, _T2>::_ConstructiblePair<_U1, _U2>() && (! std::_PCC<true, _T1, _T2>::_ImplicitlyConvertiblePair<_U1, _U2>())), bool>::type <anonymous> = <anonymous>; _T1 = rs2_stream; _T2 = int][m[K’
[14.983s]   276 |       explicit constexpr [01;36m[Kpair[m[K(const _T1& __a, const _T2& __b)
[14.983s]       |                          [01;36m[K^~~~[m[K
[14.983s] [01m[K/usr/include/c++/11/bits/stl_pair.h:276:26:[m[K [01;36m[Knote: [m[K  template argument deduction/substitution failed:
[14.983s] [01m[K/usr/include/c++/11/bits/stl_pair.h:266:17:[m[K [01;36m[Knote: [m[Kcandidate: ‘[01m[Ktemplate<class _U1, class _U2, typename std::enable_if<(_ConstructiblePair<_U1, _U2>() && _ImplicitlyConvertiblePair<_U1, _U2>()), bool>::type <anonymous> > constexpr std::pair<_T1, _T2>::pair(const _T1&, const _T2&) [with _U1 = _U1; _U2 = _U2; typename std::enable_if<(std::_PCC<true, _T1, _T2>::_ConstructiblePair<_U1, _U2>() && std::_PCC<true, _T1, _T2>::_ImplicitlyConvertiblePair<_U1, _U2>()), bool>::type <anonymous> = <anonymous>; _T1 = rs2_stream; _T2 = int][m[K’
[14.984s]   266 |       constexpr [01;36m[Kpair[m[K(const _T1& __a, const _T2& __b)
[14.984s]       |                 [01;36m[K^~~~[m[K
[14.984s] [01m[K/usr/include/c++/11/bits/stl_pair.h:266:17:[m[K [01;36m[Knote: [m[K  template argument deduction/substitution failed:
[14.984s] [01m[K/usr/include/c++/11/bits/stl_pair.h:245:26:[m[K [01;36m[Knote: [m[Kcandidate: ‘[01m[Ktemplate<class _U1, class _U2, typename std::enable_if<std::__and_<std::is_default_constructible<_U1>, std::is_default_constructible<_Dp>, std::__not_<std::__and_<std::__is_implicitly_default_constructible<_U1>, std::__is_implicitly_default_constructible<_U2> > > >::value, bool>::type <anonymous> > constexpr std::pair<_T1, _T2>::pair() [with _U1 = _U1; _U2 = _U2; typename std::enable_if<std::__and_<std::is_default_constructible<_U1>, std::is_default_constructible<_U2>, std::__not_<std::__and_<std::__is_implicitly_default_constructible<_U1>, std::__is_implicitly_default_constructible<_U2> > > >::value, bool>::type <anonymous> = <anonymous>; _T1 = rs2_stream; _T2 = int][m[K’
[14.984s]   245 |       explicit constexpr [01;36m[Kpair[m[K()
[14.984s]       |                          [01;36m[K^~~~[m[K
[14.984s] [01m[K/usr/include/c++/11/bits/stl_pair.h:245:26:[m[K [01;36m[Knote: [m[K  template argument deduction/substitution failed:
[14.984s] In file included from [01m[K/home/brace/codeSpace/navi/src/realsense-ros/realsense2_camera/include/ros_sensor.h:22[m[K,
[14.984s]                  from [01m[K/home/brace/codeSpace/navi/src/realsense-ros/realsense2_camera/src/../include/base_realsense_node.h:63[m[K,
[14.984s]                  from [01m[K/home/brace/codeSpace/navi/src/realsense-ros/realsense2_camera/src/parameters.cpp:15[m[K:
[14.984s] [01m[K/home/brace/codeSpace/navi/src/realsense-ros/realsense2_camera/include/ros_utils.h:38:62:[m[K [01;36m[Knote: [m[K  candidate expects 0 arguments, 2 provided
[14.985s]    38 |     const stream_index_pair OCCUPANCY{RS2_STREAM_OCCUPANCY, 0[01;36m[K}[m[K;
[14.985s]       |                                                              [01;36m[K^[m[K
[14.985s] In file included from [01m[K/usr/include/c++/11/bits/stl_algobase.h:64[m[K,
[14.985s]                  from [01m[K/usr/include/c++/11/bits/specfun.h:45[m[K,
[14.985s]                  from [01m[K/usr/include/c++/11/cmath:1935[m[K,
[14.985s]                  from [01m[K/usr/include/c++/11/math.h:36[m[K,
[14.985s]                  from [01m[K/opt/ros/humble/include/librealsense2/rsutil.h:10[m[K,
[14.985s]                  from [01m[K/opt/ros/humble/include/librealsense2/rs.h:16[m[K,
[14.985s]                  from [01m[K/opt/ros/humble/include/librealsense2/rs.hpp:7[m[K,
[14.985s]                  from [01m[K/home/brace/codeSpace/navi/src/realsense-ros/realsense2_camera/src/../include/base_realsense_node.h:17[m[K,
[14.985s]                  from [01m[K/home/brace/codeSpace/navi/src/realsense-ros/realsense2_camera/src/parameters.cpp:15[m[K:
[14.985s] [01m[K/usr/include/c++/11/bits/stl_pair.h:232:26:[m[K [01;36m[Knote: [m[Kcandidate: ‘[01m[Ktemplate<class _U1, class _U2, typename std::enable_if<std::__and_<std::__is_implicitly_default_constructible<_U1>, std::__is_implicitly_default_constructible<_U2> >::value, bool>::type <anonymous> > constexpr std::pair<_T1, _T2>::pair() [with _U1 = _U1; _U2 = _U2; typename std::enable_if<std::__and_<std::__is_implicitly_default_constructible<_U1>, std::__is_implicitly_default_constructible<_U2> >::value, bool>::type <anonymous> = <anonymous>; _T1 = rs2_stream; _T2 = int][m[K’
[14.985s]   232 |       _GLIBCXX_CONSTEXPR [01;36m[Kpair[m[K()
[14.985s]       |                          [01;36m[K^~~~[m[K
[14.985s] [01m[K/usr/include/c++/11/bits/stl_pair.h:232:26:[m[K [01;36m[Knote: [m[K  template argument deduction/substitution failed:
[14.985s] In file included from [01m[K/home/brace/codeSpace/navi/src/realsense-ros/realsense2_camera/include/ros_sensor.h:22[m[K,
[14.986s]                  from [01m[K/home/brace/codeSpace/navi/src/realsense-ros/realsense2_camera/src/../include/base_realsense_node.h:63[m[K,
[14.986s]                  from [01m[K/home/brace/codeSpace/navi/src/realsense-ros/realsense2_camera/src/parameters.cpp:15[m[K:
[14.986s] [01m[K/home/brace/codeSpace/navi/src/realsense-ros/realsense2_camera/include/ros_utils.h:38:62:[m[K [01;36m[Knote: [m[K  candidate expects 0 arguments, 2 provided
[14.986s]    38 |     const stream_index_pair OCCUPANCY{RS2_STREAM_OCCUPANCY, 0[01;36m[K}[m[K;
[14.986s]       |                                                              [01;36m[K^[m[K
[14.986s] In file included from [01m[K/usr/include/c++/11/bits/stl_algobase.h:64[m[K,
[14.986s]                  from [01m[K/usr/include/c++/11/bits/specfun.h:45[m[K,
[14.986s]                  from [01m[K/usr/include/c++/11/cmath:1935[m[K,
[14.986s]                  from [01m[K/usr/include/c++/11/math.h:36[m[K,
[14.986s]                  from [01m[K/opt/ros/humble/include/librealsense2/rsutil.h:10[m[K,
[14.986s]                  from [01m[K/opt/ros/humble/include/librealsense2/rs.h:16[m[K,
[14.986s]                  from [01m[K/opt/ros/humble/include/librealsense2/rs.hpp:7[m[K,
[14.986s]                  from [01m[K/home/brace/codeSpace/navi/src/realsense-ros/realsense2_camera/src/../include/base_realsense_node.h:17[m[K,
[14.986s]                  from [01m[K/home/brace/codeSpace/navi/src/realsense-ros/realsense2_camera/src/parameters.cpp:15[m[K:
[14.986s] [01m[K/usr/include/c++/11/bits/stl_pair.h:315:17:[m[K [01;36m[Knote: [m[Kcandidate: ‘[01m[Kconstexpr std::pair<_T1, _T2>::pair(std::pair<_T1, _T2>&&) [with _T1 = rs2_stream; _T2 = int][m[K’
[14.986s]   315 |       constexpr [01;36m[Kpair[m[K(pair&&) = default;         ///< Move constructor
[14.986s]       |                 [01;36m[K^~~~[m[K
[14.986s] [01m[K/usr/include/c++/11/bits/stl_pair.h:315:17:[m[K [01;36m[Knote: [m[K  candidate expects 1 argument, 2 provided
[14.987s] [01m[K/usr/include/c++/11/bits/stl_pair.h:314:17:[m[K [01;36m[Knote: [m[Kcandidate: ‘[01m[Kconstexpr std::pair<_T1, _T2>::pair(const std::pair<_T1, _T2>&) [with _T1 = rs2_stream; _T2 = int][m[K’
[14.987s]   314 |       constexpr [01;36m[Kpair[m[K(const pair&) = default;    ///< Copy constructor
[14.987s]       |                 [01;36m[K^~~~[m[K
[14.987s] [01m[K/usr/include/c++/11/bits/stl_pair.h:314:17:[m[K [01;36m[Knote: [m[K  candidate expects 1 argument, 2 provided
[14.994s] gmake[2]: *** [CMakeFiles/realsense2_camera.dir/build.make:216：CMakeFiles/realsense2_camera.dir/src/align_depth_filter.cpp.o] 错误 1
[15.334s] gmake[2]: *** [CMakeFiles/realsense2_camera.dir/build.make:160：CMakeFiles/realsense2_camera.dir/src/dynamic_params.cpp.o] 错误 1
[15.505s] gmake[2]: *** [CMakeFiles/realsense2_camera.dir/build.make:188：CMakeFiles/realsense2_camera.dir/src/named_filter.cpp.o] 错误 1
[15.531s] In file included from [01m[K/home/brace/codeSpace/navi/src/realsense-ros/realsense2_camera/include/ros_sensor.h:22[m[K,
[15.531s]                  from [01m[K/home/brace/codeSpace/navi/src/realsense-ros/realsense2_camera/include/base_realsense_node.h:63[m[K,
[15.531s]                  from [01m[K/home/brace/codeSpace/navi/src/realsense-ros/realsense2_camera/include/realsense_node_factory.h:19[m[K,
[15.531s]                  from [01m[K/home/brace/codeSpace/navi/src/realsense-ros/realsense2_camera/src/realsense_node_factory.cpp:15[m[K:
[15.532s] [01m[K/home/brace/codeSpace/navi/src/realsense-ros/realsense2_camera/include/ros_utils.h:36:36:[m[K [01;31m[Kerror: [m[K‘[01m[KRS2_STREAM_SAFETY[m[K’ was not declared in this scope; did you mean ‘[01m[KRS2_STREAM_ANY[m[K’?
[15.532s]    36 |     const stream_index_pair SAFETY{[01;31m[KRS2_STREAM_SAFETY[m[K, 0};
[15.532s]       |                                    [01;31m[K^~~~~~~~~~~~~~~~~[m[K
[15.532s]       |                                    [32m[KRS2_STREAM_ANY[m[K
[15.532s] [01m[K/home/brace/codeSpace/navi/src/realsense-ros/realsense2_camera/include/ros_utils.h:36:56:[m[K [01;31m[Kerror: [m[Kno matching function for call to ‘[01m[Kstd::pair<rs2_stream, int>::pair(<brace-enclosed initializer list>)[m[K’
[15.532s]    36 |     const stream_index_pair SAFETY{RS2_STREAM_SAFETY, 0[01;31m[K}[m[K;
[15.532s]       |                                                        [01;31m[K^[m[K
[15.532s] In file included from [01m[K/usr/include/c++/11/bits/stl_algobase.h:64[m[K,
[15.532s]                  from [01m[K/usr/include/c++/11/bits/char_traits.h:39[m[K,
[15.532s]                  from [01m[K/usr/include/c++/11/string:40[m[K,
[15.532s]                  from [01m[K/home/brace/codeSpace/navi/src/realsense-ros/realsense2_camera/include/constants.h:17[m[K,
[15.532s]                  from [01m[K/home/brace/codeSpace/navi/src/realsense-ros/realsense2_camera/include/realsense_node_factory.h:18[m[K,
[15.532s]                  from [01m[K/home/brace/codeSpace/navi/src/realsense-ros/realsense2_camera/src/realsense_node_factory.cpp:15[m[K:
[15.532s] [01m[K/usr/include/c++/11/bits/stl_pair.h:452:9:[m[K [01;36m[Knote: [m[Kcandidate: ‘[01m[Ktemplate<class ... _Args1, long unsigned int ..._Indexes1, class ... _Args2, long unsigned int ..._Indexes2> std::pair<_T1, _T2>::pair(std::tuple<_Args1 ...>&, std::tuple<_Args2 ...>&, std::_Index_tuple<_Indexes1 ...>, std::_Index_tuple<_Indexes2 ...>) [with _Args1 = {_Args1 ...}; long unsigned int ..._Indexes1 = {_Indexes1 ...}; _Args2 = {_Args2 ...}; long unsigned int ..._Indexes2 = {_Indexes2 ...}; _T1 = rs2_stream; _T2 = int][m[K’
[15.532s]   452 |         [01;36m[Kpair[m[K(tuple<_Args1...>&, tuple<_Args2...>&,
[15.532s]       |         [01;36m[K^~~~[m[K
[15.533s] [01m[K/usr/include/c++/11/bits/stl_pair.h:452:9:[m[K [01;36m[Knote: [m[K  template argument deduction/substitution failed:
[15.533s] [01m[K/usr/include/c++/11/bits/stl_pair.h:387:9:[m[K [01;36m[Knote: [m[Kcandidate: ‘[01m[Ktemplate<class ... _Args1, class ... _Args2> std::pair<_T1, _T2>::pair(std::piecewise_construct_t, std::tuple<_Args1 ...>, std::tuple<_Args2 ...>) [with _Args1 = {_Args1 ...}; _Args2 = {_Args2 ...}; _T1 = rs2_stream; _T2 = int][m[K’
[15.533s]   387 |         [01;36m[Kpair[m[K(piecewise_construct_t, tuple<_Args1...>, tuple<_Args2...>);
[15.533s]       |         [01;36m[K^~~~[m[K
[15.533s] [01m[K/usr/include/c++/11/bits/stl_pair.h:387:9:[m[K [01;36m[Knote: [m[K  template argument deduction/substitution failed:
[15.533s] [01m[K/usr/include/c++/11/bits/stl_pair.h:381:28:[m[K [01;36m[Knote: [m[Kcandidate: ‘[01m[Ktemplate<class _U1, class _U2, typename std::enable_if<(std::_PCC<((! std::is_same<rs2_stream, _U1>::value) || (! std::is_same<int, _U2>::value)), rs2_stream, int>::_MoveConstructiblePair<_U1, _U2>() && (! std::_PCC<((! std::is_same<rs2_stream, _U1>::value) || (! std::is_same<int, _U2>::value)), rs2_stream, int>::_ImplicitlyMoveConvertiblePair<_U1, _U2>())), bool>::type <anonymous> > constexpr std::pair<_T1, _T2>::pair(std::pair<_U1, _U2>&&) [with _U1 = _U1; _U2 = _U2; typename std::enable_if<(std::_PCC<((! std::is_same<_T1, _U1>::value) || (! std::is_same<_T2, _U2>::value)), _T1, _T2>::_MoveConstructiblePair<_U1, _U2>() && (! std::_PCC<((! std::is_same<_T1, _U1>::value) || (! std::is_same<_T2, _U2>::value)), _T1, _T2>::_ImplicitlyMoveConvertiblePair<_U1, _U2>())), bool>::type <anonymous> = <anonymous>; _T1 = rs2_stream; _T2 = int][m[K’
[15.533s]   381 |         explicit constexpr [01;36m[Kpair[m[K(pair<_U1, _U2>&& __p)
[15.533s]       |                            [01;36m[K^~~~[m[K
[15.533s] [01m[K/usr/include/c++/11/bits/stl_pair.h:381:28:[m[K [01;36m[Knote: [m[K  template argument deduction/substitution failed:
[15.533s] [01m[K/usr/include/c++/11/bits/stl_pair.h:371:19:[m[K [01;36m[Knote: [m[Kcandidate: ‘[01m[Ktemplate<class _U1, class _U2, typename std::enable_if<(std::_PCC<((! std::is_same<rs2_stream, _U1>::value) || (! std::is_same<int, _U2>::value)), rs2_stream, int>::_MoveConstructiblePair<_U1, _U2>() && std::_PCC<((! std::is_same<rs2_stream, _U1>::value) || (! std::is_same<int, _U2>::value)), rs2_stream, int>::_ImplicitlyMoveConvertiblePair<_U1, _U2>()), bool>::type <anonymous> > constexpr std::pair<_T1, _T2>::pair(std::pair<_U1, _U2>&&) [with _U1 = _U1; _U2 = _U2; typename std::enable_if<(std::_PCC<((! std::is_same<_T1, _U1>::value) || (! std::is_same<_T2, _U2>::value)), _T1, _T2>::_MoveConstructiblePair<_U1, _U2>() && std::_PCC<((! std::is_same<_T1, _U1>::value) || (! std::is_same<_T2, _U2>::value)), _T1, _T2>::_ImplicitlyMoveConvertiblePair<_U1, _U2>()), bool>::type <anonymous> = <anonymous>; _T1 = rs2_stream; _T2 = int][m[K’
[15.533s]   371 |         constexpr [01;36m[Kpair[m[K(pair<_U1, _U2>&& __p)
[15.533s]       |                   [01;36m[K^~~~[m[K
[15.533s] [01m[K/usr/include/c++/11/bits/stl_pair.h:371:19:[m[K [01;36m[Knote: [m[K  template argument deduction/substitution failed:
[15.533s] [01m[K/usr/include/c++/11/bits/stl_pair.h:361:28:[m[K [01;36m[Knote: [m[Kcandidate: ‘[01m[Ktemplate<class _U1, class _U2, typename std::enable_if<(_MoveConstructiblePair<_U1, _U2>() && (! _ImplicitlyMoveConvertiblePair<_U1, _U2>())), bool>::type <anonymous> > constexpr std::pair<_T1, _T2>::pair(_U1&&, _U2&&) [with _U1 = _U1; _U2 = _U2; typename std::enable_if<(std::_PCC<true, _T1, _T2>::_MoveConstructiblePair<_U1, _U2>() && (! std::_PCC<true, _T1, _T2>::_ImplicitlyMoveConvertiblePair<_U1, _U2>())), bool>::type <anonymous> = <anonymous>; _T1 = rs2_stream; _T2 = int][m[K’
[15.534s]   361 |         explicit constexpr [01;36m[Kpair[m[K(_U1&& __x, _U2&& __y)
[15.534s]       |                            [01;36m[K^~~~[m[K
[15.534s] [01m[K/usr/include/c++/11/bits/stl_pair.h:361:28:[m[K [01;36m[Knote: [m[K  template argument deduction/substitution failed:
[15.534s] [01m[K/usr/include/c++/11/bits/stl_pair.h:352:19:[m[K [01;36m[Knote: [m[Kcandidate: ‘[01m[Ktemplate<class _U1, class _U2, typename std::enable_if<(_MoveConstructiblePair<_U1, _U2>() && _ImplicitlyMoveConvertiblePair<_U1, _U2>()), bool>::type <anonymous> > constexpr std::pair<_T1, _T2>::pair(_U1&&, _U2&&) [with _U1 = _U1; _U2 = _U2; typename std::enable_if<(std::_PCC<true, _T1, _T2>::_MoveConstructiblePair<_U1, _U2>() && std::_PCC<true, _T1, _T2>::_ImplicitlyMoveConvertiblePair<_U1, _U2>()), bool>::type <anonymous> = <anonymous>; _T1 = rs2_stream; _T2 = int][m[K’
[15.534s]   352 |         constexpr [01;36m[Kpair[m[K(_U1&& __x, _U2&& __y)
[15.534s]       |                   [01;36m[K^~~~[m[K
[15.534s] [01m[K/usr/include/c++/11/bits/stl_pair.h:352:19:[m[K [01;36m[Knote: [m[K  template argument deduction/substitution failed:
[15.534s] [01m[K/usr/include/c++/11/bits/stl_pair.h:343:17:[m[K [01;36m[Knote: [m[Kcandidate: ‘[01m[Ktemplate<class _U2, typename std::enable_if<_CopyMovePair<false, rs2_stream, _U2>(), bool>::type <anonymous> > std::pair<_T1, _T2>::pair(const _T1&, _U2&&) [with _U2 = _U2; typename std::enable_if<std::_PCC<true, _T1, _T2>::_CopyMovePair<false, _T1, _U2>(), bool>::type <anonymous> = <anonymous>; _T1 = rs2_stream; _T2 = int][m[K’
[15.534s]   343 |        explicit [01;36m[Kpair[m[K(const _T1& __x, _U2&& __y)
[15.534s]       |                 [01;36m[K^~~~[m[K
[15.534s] [01m[K/usr/include/c++/11/bits/stl_pair.h:343:17:[m[K [01;36m[Knote: [m[K  template argument deduction/substitution failed:
[15.534s] [01m[K/usr/include/c++/11/bits/stl_pair.h:336:18:[m[K [01;36m[Knote: [m[Kcandidate: ‘[01m[Ktemplate<class _U2, typename std::enable_if<_CopyMovePair<true, rs2_stream, _U2>(), bool>::type <anonymous> > constexpr std::pair<_T1, _T2>::pair(const _T1&, _U2&&) [with _U2 = _U2; typename std::enable_if<std::_PCC<true, _T1, _T2>::_CopyMovePair<true, _T1, _U2>(), bool>::type <anonymous> = <anonymous>; _T1 = rs2_stream; _T2 = int][m[K’
[15.534s]   336 |        constexpr [01;36m[Kpair[m[K(const _T1& __x, _U2&& __y)
[15.534s]       |                  [01;36m[K^~~~[m[K
[15.535s] [01m[K/usr/include/c++/11/bits/stl_pair.h:336:18:[m[K [01;36m[Knote: [m[K  template argument deduction/substitution failed:
[15.535s] [01m[K/usr/include/c++/11/bits/stl_pair.h:329:27:[m[K [01;36m[Knote: [m[Kcandidate: ‘[01m[Ktemplate<class _U1, typename std::enable_if<_MoveCopyPair<false, _U1, int>(), bool>::type <anonymous> > constexpr std::pair<_T1, _T2>::pair(_U1&&, const _T2&) [with _U1 = _U1; typename std::enable_if<std::_PCC<true, _T1, _T2>::_MoveCopyPair<false, _U1, _T2>(), bool>::type <anonymous> = <anonymous>; _T1 = rs2_stream; _T2 = int][m[K’
[15.535s]   329 |        explicit constexpr [01;36m[Kpair[m[K(_U1&& __x, const _T2& __y)
[15.535s]       |                           [01;36m[K^~~~[m[K
[15.535s] [01m[K/usr/include/c++/11/bits/stl_pair.h:329:27:[m[K [01;36m[Knote: [m[K  template argument deduction/substitution failed:
[15.535s] [01m[K/usr/include/c++/11/bits/stl_pair.h:322:18:[m[K [01;36m[Knote: [m[Kcandidate: ‘[01m[Ktemplate<class _U1, typename std::enable_if<_MoveCopyPair<true, _U1, int>(), bool>::type <anonymous> > constexpr std::pair<_T1, _T2>::pair(_U1&&, const _T2&) [with _U1 = _U1; typename std::enable_if<std::_PCC<true, _T1, _T2>::_MoveCopyPair<true, _U1, _T2>(), bool>::type <anonymous> = <anonymous>; _T1 = rs2_stream; _T2 = int][m[K’
[15.535s]   322 |        constexpr [01;36m[Kpair[m[K(_U1&& __x, const _T2& __y)
[15.535s]       |                  [01;36m[K^~~~[m[K
[15.535s] [01m[K/usr/include/c++/11/bits/stl_pair.h:322:18:[m[K [01;36m[Knote: [m[K  template argument deduction/substitution failed:
[15.535s] [01m[K/usr/include/c++/11/bits/stl_pair.h:309:28:[m[K [01;36m[Knote: [m[Kcandidate: ‘[01m[Ktemplate<class _U1, class _U2, typename std::enable_if<(std::_PCC<((! std::is_same<rs2_stream, _U1>::value) || (! std::is_same<int, _U2>::value)), rs2_stream, int>::_ConstructiblePair<_U1, _U2>() && (! std::_PCC<((! std::is_same<rs2_stream, _U1>::value) || (! std::is_same<int, _U2>::value)), rs2_stream, int>::_ImplicitlyConvertiblePair<_U1, _U2>())), bool>::type <anonymous> > constexpr std::pair<_T1, _T2>::pair(const std::pair<_U1, _U2>&) [with _U1 = _U1; _U2 = _U2; typename std::enable_if<(std::_PCC<((! std::is_same<_T1, _U1>::value) || (! std::is_same<_T2, _U2>::value)), _T1, _T2>::_ConstructiblePair<_U1, _U2>() && (! std::_PCC<((! std::is_same<_T1, _U1>::value) || (! std::is_same<_T2, _U2>::value)), _T1, _T2>::_ImplicitlyConvertiblePair<_U1, _U2>())), bool>::type <anonymous> = <anonymous>; _T1 = rs2_stream; _T2 = int][m[K’
[15.535s]   309 |         explicit constexpr [01;36m[Kpair[m[K(const pair<_U1, _U2>& __p)
[15.535s]       |                            [01;36m[K^~~~[m[K
[15.535s] [01m[K/usr/include/c++/11/bits/stl_pair.h:309:28:[m[K [01;36m[Knote: [m[K  template argument deduction/substitution failed:
[15.535s] [01m[K/usr/include/c++/11/bits/stl_pair.h:300:19:[m[K [01;36m[Knote: [m[Kcandidate: ‘[01m[Ktemplate<class _U1, class _U2, typename std::enable_if<(std::_PCC<((! std::is_same<rs2_stream, _U1>::value) || (! std::is_same<int, _U2>::value)), rs2_stream, int>::_ConstructiblePair<_U1, _U2>() && std::_PCC<((! std::is_same<rs2_stream, _U1>::value) || (! std::is_same<int, _U2>::value)), rs2_stream, int>::_ImplicitlyConvertiblePair<_U1, _U2>()), bool>::type <anonymous> > constexpr std::pair<_T1, _T2>::pair(const std::pair<_U1, _U2>&) [with _U1 = _U1; _U2 = _U2; typename std::enable_if<(std::_PCC<((! std::is_same<_T1, _U1>::value) || (! std::is_same<_T2, _U2>::value)), _T1, _T2>::_ConstructiblePair<_U1, _U2>() && std::_PCC<((! std::is_same<_T1, _U1>::value) || (! std::is_same<_T2, _U2>::value)), _T1, _T2>::_ImplicitlyConvertiblePair<_U1, _U2>()), bool>::type <anonymous> = <anonymous>; _T1 = rs2_stream; _T2 = int][m[K’
[15.536s]   300 |         constexpr [01;36m[Kpair[m[K(const pair<_U1, _U2>& __p)
[15.536s]       |                   [01;36m[K^~~~[m[K
[15.536s] [01m[K/usr/include/c++/11/bits/stl_pair.h:300:19:[m[K [01;36m[Knote: [m[K  template argument deduction/substitution failed:
[15.536s] [01m[K/usr/include/c++/11/bits/stl_pair.h:276:26:[m[K [01;36m[Knote: [m[Kcandidate: ‘[01m[Ktemplate<class _U1, class _U2, typename std::enable_if<(_ConstructiblePair<_U1, _U2>() && (! _ImplicitlyConvertiblePair<_U1, _U2>())), bool>::type <anonymous> > constexpr std::pair<_T1, _T2>::pair(const _T1&, const _T2&) [with _U1 = _U1; _U2 = _U2; typename std::enable_if<(std::_PCC<true, _T1, _T2>::_ConstructiblePair<_U1, _U2>() && (! std::_PCC<true, _T1, _T2>::_ImplicitlyConvertiblePair<_U1, _U2>())), bool>::type <anonymous> = <anonymous>; _T1 = rs2_stream; _T2 = int][m[K’
[15.536s]   276 |       explicit constexpr [01;36m[Kpair[m[K(const _T1& __a, const _T2& __b)
[15.536s]       |                          [01;36m[K^~~~[m[K
[15.536s] [01m[K/usr/include/c++/11/bits/stl_pair.h:276:26:[m[K [01;36m[Knote: [m[K  template argument deduction/substitution failed:
[15.536s] [01m[K/usr/include/c++/11/bits/stl_pair.h:266:17:[m[K [01;36m[Knote: [m[Kcandidate: ‘[01m[Ktemplate<class _U1, class _U2, typename std::enable_if<(_ConstructiblePair<_U1, _U2>() && _ImplicitlyConvertiblePair<_U1, _U2>()), bool>::type <anonymous> > constexpr std::pair<_T1, _T2>::pair(const _T1&, const _T2&) [with _U1 = _U1; _U2 = _U2; typename std::enable_if<(std::_PCC<true, _T1, _T2>::_ConstructiblePair<_U1, _U2>() && std::_PCC<true, _T1, _T2>::_ImplicitlyConvertiblePair<_U1, _U2>()), bool>::type <anonymous> = <anonymous>; _T1 = rs2_stream; _T2 = int][m[K’
[15.536s]   266 |       constexpr [01;36m[Kpair[m[K(const _T1& __a, const _T2& __b)
[15.536s]       |                 [01;36m[K^~~~[m[K
[15.536s] [01m[K/usr/include/c++/11/bits/stl_pair.h:266:17:[m[K [01;36m[Knote: [m[K  template argument deduction/substitution failed:
[15.536s] [01m[K/usr/include/c++/11/bits/stl_pair.h:245:26:[m[K [01;36m[Knote: [m[Kcandidate: ‘[01m[Ktemplate<class _U1, class _U2, typename std::enable_if<std::__and_<std::is_default_constructible<_U1>, std::is_default_constructible<_Dp>, std::__not_<std::__and_<std::__is_implicitly_default_constructible<_U1>, std::__is_implicitly_default_constructible<_U2> > > >::value, bool>::type <anonymous> > constexpr std::pair<_T1, _T2>::pair() [with _U1 = _U1; _U2 = _U2; typename std::enable_if<std::__and_<std::is_default_constructible<_U1>, std::is_default_constructible<_U2>, std::__not_<std::__and_<std::__is_implicitly_default_constructible<_U1>, std::__is_implicitly_default_constructible<_U2> > > >::value, bool>::type <anonymous> = <anonymous>; _T1 = rs2_stream; _T2 = int][m[K’
[15.536s]   245 |       explicit constexpr [01;36m[Kpair[m[K()
[15.537s]       |                          [01;36m[K^~~~[m[K
[15.537s] [01m[K/usr/include/c++/11/bits/stl_pair.h:245:26:[m[K [01;36m[Knote: [m[K  template argument deduction/substitution failed:
[15.537s] In file included from [01m[K/home/brace/codeSpace/navi/src/realsense-ros/realsense2_camera/include/ros_sensor.h:22[m[K,
[15.537s]                  from [01m[K/home/brace/codeSpace/navi/src/realsense-ros/realsense2_camera/include/base_realsense_node.h:63[m[K,
[15.537s]                  from [01m[K/home/brace/codeSpace/navi/src/realsense-ros/realsense2_camera/include/realsense_node_factory.h:19[m[K,
[15.537s]                  from [01m[K/home/brace/codeSpace/navi/src/realsense-ros/realsense2_camera/src/realsense_node_factory.cpp:15[m[K:
[15.537s] [01m[K/home/brace/codeSpace/navi/src/realsense-ros/realsense2_camera/include/ros_utils.h:36:56:[m[K [01;36m[Knote: [m[K  candidate expects 0 arguments, 2 provided
[15.537s]    36 |     const stream_index_pair SAFETY{RS2_STREAM_SAFETY, 0[01;36m[K}[m[K;
[15.537s]       |                                                        [01;36m[K^[m[K
[15.537s] In file included from [01m[K/usr/include/c++/11/bits/stl_algobase.h:64[m[K,
[15.537s]                  from [01m[K/usr/include/c++/11/bits/char_traits.h:39[m[K,
[15.537s]                  from [01m[K/usr/include/c++/11/string:40[m[K,
[15.537s]                  from [01m[K/home/brace/codeSpace/navi/src/realsense-ros/realsense2_camera/include/constants.h:17[m[K,
[15.537s]                  from [01m[K/home/brace/codeSpace/navi/src/realsense-ros/realsense2_camera/include/realsense_node_factory.h:18[m[K,
[15.537s]                  from [01m[K/home/brace/codeSpace/navi/src/realsense-ros/realsense2_camera/src/realsense_node_factory.cpp:15[m[K:
[15.538s] [01m[K/usr/include/c++/11/bits/stl_pair.h:232:26:[m[K [01;36m[Knote: [m[Kcandidate: ‘[01m[Ktemplate<class _U1, class _U2, typename std::enable_if<std::__and_<std::__is_implicitly_default_constructible<_U1>, std::__is_implicitly_default_constructible<_U2> >::value, bool>::type <anonymous> > constexpr std::pair<_T1, _T2>::pair() [with _U1 = _U1; _U2 = _U2; typename std::enable_if<std::__and_<std::__is_implicitly_default_constructible<_U1>, std::__is_implicitly_default_constructible<_U2> >::value, bool>::type <anonymous> = <anonymous>; _T1 = rs2_stream; _T2 = int][m[K’
[15.538s]   232 |       _GLIBCXX_CONSTEXPR [01;36m[Kpair[m[K()
[15.538s]       |                          [01;36m[K^~~~[m[K
[15.538s] [01m[K/usr/include/c++/11/bits/stl_pair.h:232:26:[m[K [01;36m[Knote: [m[K  template argument deduction/substitution failed:
[15.538s] In file included from [01m[K/home/brace/codeSpace/navi/src/realsense-ros/realsense2_camera/include/ros_sensor.h:22[m[K,
[15.538s]                  from [01m[K/home/brace/codeSpace/navi/src/realsense-ros/realsense2_camera/include/base_realsense_node.h:63[m[K,
[15.538s]                  from [01m[K/home/brace/codeSpace/navi/src/realsense-ros/realsense2_camera/include/realsense_node_factory.h:19[m[K,
[15.538s]                  from [01m[K/home/brace/codeSpace/navi/src/realsense-ros/realsense2_camera/src/realsense_node_factory.cpp:15[m[K:
[15.538s] [01m[K/home/brace/codeSpace/navi/src/realsense-ros/realsense2_camera/include/ros_utils.h:36:56:[m[K [01;36m[Knote: [m[K  candidate expects 0 arguments, 2 provided
[15.538s]    36 |     const stream_index_pair SAFETY{RS2_STREAM_SAFETY, 0[01;36m[K}[m[K;
[15.538s]       |                                                        [01;36m[K^[m[K
[15.538s] In file included from [01m[K/usr/include/c++/11/bits/stl_algobase.h:64[m[K,
[15.538s]                  from [01m[K/usr/include/c++/11/bits/char_traits.h:39[m[K,
[15.539s]                  from [01m[K/usr/include/c++/11/string:40[m[K,
[15.539s]                  from [01m[K/home/brace/codeSpace/navi/src/realsense-ros/realsense2_camera/include/constants.h:17[m[K,
[15.539s]                  from [01m[K/home/brace/codeSpace/navi/src/realsense-ros/realsense2_camera/include/realsense_node_factory.h:18[m[K,
[15.539s]                  from [01m[K/home/brace/codeSpace/navi/src/realsense-ros/realsense2_camera/src/realsense_node_factory.cpp:15[m[K:
[15.539s] [01m[K/usr/include/c++/11/bits/stl_pair.h:315:17:[m[K [01;36m[Knote: [m[Kcandidate: ‘[01m[Kconstexpr std::pair<_T1, _T2>::pair(std::pair<_T1, _T2>&&) [with _T1 = rs2_stream; _T2 = int][m[K’
[15.540s]   315 |       constexpr [01;36m[Kpair[m[K(pair&&) = default;         ///< Move constructor
[15.540s]       |                 [01;36m[K^~~~[m[K
[15.540s] [01m[K/usr/include/c++/11/bits/stl_pair.h:315:17:[m[K [01;36m[Knote: [m[K  candidate expects 1 argument, 2 provided
[15.540s] [01m[K/usr/include/c++/11/bits/stl_pair.h:314:17:[m[K [01;36m[Knote: [m[Kcandidate: ‘[01m[Kconstexpr std::pair<_T1, _T2>::pair(const std::pair<_T1, _T2>&) [with _T1 = rs2_stream; _T2 = int][m[K’
[15.540s]   314 |       constexpr [01;36m[Kpair[m[K(const pair&) = default;    ///< Copy constructor
[15.540s]       |                 [01;36m[K^~~~[m[K
[15.540s] [01m[K/usr/include/c++/11/bits/stl_pair.h:314:17:[m[K [01;36m[Knote: [m[K  candidate expects 1 argument, 2 provided
[15.552s] In file included from [01m[K/home/brace/codeSpace/navi/src/realsense-ros/realsense2_camera/include/ros_sensor.h:22[m[K,
[15.552s]                  from [01m[K/home/brace/codeSpace/navi/src/realsense-ros/realsense2_camera/include/base_realsense_node.h:63[m[K,
[15.552s]                  from [01m[K/home/brace/codeSpace/navi/src/realsense-ros/realsense2_camera/include/realsense_node_factory.h:19[m[K,
[15.552s]                  from [01m[K/home/brace/codeSpace/navi/src/realsense-ros/realsense2_camera/src/realsense_node_factory.cpp:15[m[K:
[15.552s] [01m[K/home/brace/codeSpace/navi/src/realsense-ros/realsense2_camera/include/ros_utils.h:37:49:[m[K [01;31m[Kerror: [m[K‘[01m[KRS2_STREAM_LABELED_POINT_CLOUD[m[K’ was not declared in this scope
[15.552s]    37 |     const stream_index_pair LABELED_POINT_CLOUD{[01;31m[KRS2_STREAM_LABELED_POINT_CLOUD[m[K, 0};
[15.552s]       |                                                 [01;31m[K^~~~~~~~~~~~~~~~~~~~~~~~~~~~~~[m[K
[15.553s] [01m[K/home/brace/codeSpace/navi/src/realsense-ros/realsense2_camera/include/ros_utils.h:37:82:[m[K [01;31m[Kerror: [m[Kno matching function for call to ‘[01m[Kstd::pair<rs2_stream, int>::pair(<brace-enclosed initializer list>)[m[K’
[15.553s]    37 |     const stream_index_pair LABELED_POINT_CLOUD{RS2_STREAM_LABELED_POINT_CLOUD, 0[01;31m[K}[m[K;
[15.553s]       |                                                                                  [01;31m[K^[m[K
[15.553s] In file included from [01m[K/usr/include/c++/11/bits/stl_algobase.h:64[m[K,
[15.553s]                  from [01m[K/usr/include/c++/11/bits/char_traits.h:39[m[K,
[15.553s]                  from [01m[K/usr/include/c++/11/string:40[m[K,
[15.553s]                  from [01m[K/home/brace/codeSpace/navi/src/realsense-ros/realsense2_camera/include/constants.h:17[m[K,
[15.553s]                  from [01m[K/home/brace/codeSpace/navi/src/realsense-ros/realsense2_camera/include/realsense_node_factory.h:18[m[K,
[15.553s]                  from [01m[K/home/brace/codeSpace/navi/src/realsense-ros/realsense2_camera/src/realsense_node_factory.cpp:15[m[K:
[15.553s] [01m[K/usr/include/c++/11/bits/stl_pair.h:452:9:[m[K [01;36m[Knote: [m[Kcandidate: ‘[01m[Ktemplate<class ... _Args1, long unsigned int ..._Indexes1, class ... _Args2, long unsigned int ..._Indexes2> std::pair<_T1, _T2>::pair(std::tuple<_Args1 ...>&, std::tuple<_Args2 ...>&, std::_Index_tuple<_Indexes1 ...>, std::_Index_tuple<_Indexes2 ...>) [with _Args1 = {_Args1 ...}; long unsigned int ..._Indexes1 = {_Indexes1 ...}; _Args2 = {_Args2 ...}; long unsigned int ..._Indexes2 = {_Indexes2 ...}; _T1 = rs2_stream; _T2 = int][m[K’
[15.553s]   452 |         [01;36m[Kpair[m[K(tuple<_Args1...>&, tuple<_Args2...>&,
[15.553s]       |         [01;36m[K^~~~[m[K
[15.553s] [01m[K/usr/include/c++/11/bits/stl_pair.h:452:9:[m[K [01;36m[Knote: [m[K  template argument deduction/substitution failed:
[15.553s] [01m[K/usr/include/c++/11/bits/stl_pair.h:387:9:[m[K [01;36m[Knote: [m[Kcandidate: ‘[01m[Ktemplate<class ... _Args1, class ... _Args2> std::pair<_T1, _T2>::pair(std::piecewise_construct_t, std::tuple<_Args1 ...>, std::tuple<_Args2 ...>) [with _Args1 = {_Args1 ...}; _Args2 = {_Args2 ...}; _T1 = rs2_stream; _T2 = int][m[K’
[15.554s]   387 |         [01;36m[Kpair[m[K(piecewise_construct_t, tuple<_Args1...>, tuple<_Args2...>);
[15.554s]       |         [01;36m[K^~~~[m[K
[15.554s] [01m[K/usr/include/c++/11/bits/stl_pair.h:387:9:[m[K [01;36m[Knote: [m[K  template argument deduction/substitution failed:
[15.554s] [01m[K/usr/include/c++/11/bits/stl_pair.h:381:28:[m[K [01;36m[Knote: [m[Kcandidate: ‘[01m[Ktemplate<class _U1, class _U2, typename std::enable_if<(std::_PCC<((! std::is_same<rs2_stream, _U1>::value) || (! std::is_same<int, _U2>::value)), rs2_stream, int>::_MoveConstructiblePair<_U1, _U2>() && (! std::_PCC<((! std::is_same<rs2_stream, _U1>::value) || (! std::is_same<int, _U2>::value)), rs2_stream, int>::_ImplicitlyMoveConvertiblePair<_U1, _U2>())), bool>::type <anonymous> > constexpr std::pair<_T1, _T2>::pair(std::pair<_U1, _U2>&&) [with _U1 = _U1; _U2 = _U2; typename std::enable_if<(std::_PCC<((! std::is_same<_T1, _U1>::value) || (! std::is_same<_T2, _U2>::value)), _T1, _T2>::_MoveConstructiblePair<_U1, _U2>() && (! std::_PCC<((! std::is_same<_T1, _U1>::value) || (! std::is_same<_T2, _U2>::value)), _T1, _T2>::_ImplicitlyMoveConvertiblePair<_U1, _U2>())), bool>::type <anonymous> = <anonymous>; _T1 = rs2_stream; _T2 = int][m[K’
[15.554s]   381 |         explicit constexpr [01;36m[Kpair[m[K(pair<_U1, _U2>&& __p)
[15.554s]       |                            [01;36m[K^~~~[m[K
[15.554s] [01m[K/usr/include/c++/11/bits/stl_pair.h:381:28:[m[K [01;36m[Knote: [m[K  template argument deduction/substitution failed:
[15.554s] [01m[K/usr/include/c++/11/bits/stl_pair.h:371:19:[m[K [01;36m[Knote: [m[Kcandidate: ‘[01m[Ktemplate<class _U1, class _U2, typename std::enable_if<(std::_PCC<((! std::is_same<rs2_stream, _U1>::value) || (! std::is_same<int, _U2>::value)), rs2_stream, int>::_MoveConstructiblePair<_U1, _U2>() && std::_PCC<((! std::is_same<rs2_stream, _U1>::value) || (! std::is_same<int, _U2>::value)), rs2_stream, int>::_ImplicitlyMoveConvertiblePair<_U1, _U2>()), bool>::type <anonymous> > constexpr std::pair<_T1, _T2>::pair(std::pair<_U1, _U2>&&) [with _U1 = _U1; _U2 = _U2; typename std::enable_if<(std::_PCC<((! std::is_same<_T1, _U1>::value) || (! std::is_same<_T2, _U2>::value)), _T1, _T2>::_MoveConstructiblePair<_U1, _U2>() && std::_PCC<((! std::is_same<_T1, _U1>::value) || (! std::is_same<_T2, _U2>::value)), _T1, _T2>::_ImplicitlyMoveConvertiblePair<_U1, _U2>()), bool>::type <anonymous> = <anonymous>; _T1 = rs2_stream; _T2 = int][m[K’
[15.554s]   371 |         constexpr [01;36m[Kpair[m[K(pair<_U1, _U2>&& __p)
[15.554s]       |                   [01;36m[K^~~~[m[K
[15.554s] [01m[K/usr/include/c++/11/bits/stl_pair.h:371:19:[m[K [01;36m[Knote: [m[K  template argument deduction/substitution failed:
[15.554s] [01m[K/usr/include/c++/11/bits/stl_pair.h:361:28:[m[K [01;36m[Knote: [m[Kcandidate: ‘[01m[Ktemplate<class _U1, class _U2, typename std::enable_if<(_MoveConstructiblePair<_U1, _U2>() && (! _ImplicitlyMoveConvertiblePair<_U1, _U2>())), bool>::type <anonymous> > constexpr std::pair<_T1, _T2>::pair(_U1&&, _U2&&) [with _U1 = _U1; _U2 = _U2; typename std::enable_if<(std::_PCC<true, _T1, _T2>::_MoveConstructiblePair<_U1, _U2>() && (! std::_PCC<true, _T1, _T2>::_ImplicitlyMoveConvertiblePair<_U1, _U2>())), bool>::type <anonymous> = <anonymous>; _T1 = rs2_stream; _T2 = int][m[K’
[15.554s]   361 |         explicit constexpr [01;36m[Kpair[m[K(_U1&& __x, _U2&& __y)
[15.554s]       |                            [01;36m[K^~~~[m[K
[15.555s] [01m[K/usr/include/c++/11/bits/stl_pair.h:361:28:[m[K [01;36m[Knote: [m[K  template argument deduction/substitution failed:
[15.555s] [01m[K/usr/include/c++/11/bits/stl_pair.h:352:19:[m[K [01;36m[Knote: [m[Kcandidate: ‘[01m[Ktemplate<class _U1, class _U2, typename std::enable_if<(_MoveConstructiblePair<_U1, _U2>() && _ImplicitlyMoveConvertiblePair<_U1, _U2>()), bool>::type <anonymous> > constexpr std::pair<_T1, _T2>::pair(_U1&&, _U2&&) [with _U1 = _U1; _U2 = _U2; typename std::enable_if<(std::_PCC<true, _T1, _T2>::_MoveConstructiblePair<_U1, _U2>() && std::_PCC<true, _T1, _T2>::_ImplicitlyMoveConvertiblePair<_U1, _U2>()), bool>::type <anonymous> = <anonymous>; _T1 = rs2_stream; _T2 = int][m[K’
[15.555s]   352 |         constexpr [01;36m[Kpair[m[K(_U1&& __x, _U2&& __y)
[15.555s]       |                   [01;36m[K^~~~[m[K
[15.555s] [01m[K/usr/include/c++/11/bits/stl_pair.h:352:19:[m[K [01;36m[Knote: [m[K  template argument deduction/substitution failed:
[15.555s] [01m[K/usr/include/c++/11/bits/stl_pair.h:343:17:[m[K [01;36m[Knote: [m[Kcandidate: ‘[01m[Ktemplate<class _U2, typename std::enable_if<_CopyMovePair<false, rs2_stream, _U2>(), bool>::type <anonymous> > std::pair<_T1, _T2>::pair(const _T1&, _U2&&) [with _U2 = _U2; typename std::enable_if<std::_PCC<true, _T1, _T2>::_CopyMovePair<false, _T1, _U2>(), bool>::type <anonymous> = <anonymous>; _T1 = rs2_stream; _T2 = int][m[K’
[15.555s]   343 |        explicit [01;36m[Kpair[m[K(const _T1& __x, _U2&& __y)
[15.555s]       |                 [01;36m[K^~~~[m[K
[15.555s] [01m[K/usr/include/c++/11/bits/stl_pair.h:343:17:[m[K [01;36m[Knote: [m[K  template argument deduction/substitution failed:
[15.555s] [01m[K/usr/include/c++/11/bits/stl_pair.h:336:18:[m[K [01;36m[Knote: [m[Kcandidate: ‘[01m[Ktemplate<class _U2, typename std::enable_if<_CopyMovePair<true, rs2_stream, _U2>(), bool>::type <anonymous> > constexpr std::pair<_T1, _T2>::pair(const _T1&, _U2&&) [with _U2 = _U2; typename std::enable_if<std::_PCC<true, _T1, _T2>::_CopyMovePair<true, _T1, _U2>(), bool>::type <anonymous> = <anonymous>; _T1 = rs2_stream; _T2 = int][m[K’
[15.555s]   336 |        constexpr [01;36m[Kpair[m[K(const _T1& __x, _U2&& __y)
[15.555s]       |                  [01;36m[K^~~~[m[K
[15.555s] [01m[K/usr/include/c++/11/bits/stl_pair.h:336:18:[m[K [01;36m[Knote: [m[K  template argument deduction/substitution failed:
[15.555s] [01m[K/usr/include/c++/11/bits/stl_pair.h:329:27:[m[K [01;36m[Knote: [m[Kcandidate: ‘[01m[Ktemplate<class _U1, typename std::enable_if<_MoveCopyPair<false, _U1, int>(), bool>::type <anonymous> > constexpr std::pair<_T1, _T2>::pair(_U1&&, const _T2&) [with _U1 = _U1; typename std::enable_if<std::_PCC<true, _T1, _T2>::_MoveCopyPair<false, _U1, _T2>(), bool>::type <anonymous> = <anonymous>; _T1 = rs2_stream; _T2 = int][m[K’
[15.556s]   329 |        explicit constexpr [01;36m[Kpair[m[K(_U1&& __x, const _T2& __y)
[15.556s]       |                           [01;36m[K^~~~[m[K
[15.556s] [01m[K/usr/include/c++/11/bits/stl_pair.h:329:27:[m[K [01;36m[Knote: [m[K  template argument deduction/substitution failed:
[15.556s] [01m[K/usr/include/c++/11/bits/stl_pair.h:322:18:[m[K [01;36m[Knote: [m[Kcandidate: ‘[01m[Ktemplate<class _U1, typename std::enable_if<_MoveCopyPair<true, _U1, int>(), bool>::type <anonymous> > constexpr std::pair<_T1, _T2>::pair(_U1&&, const _T2&) [with _U1 = _U1; typename std::enable_if<std::_PCC<true, _T1, _T2>::_MoveCopyPair<true, _U1, _T2>(), bool>::type <anonymous> = <anonymous>; _T1 = rs2_stream; _T2 = int][m[K’
[15.556s]   322 |        constexpr [01;36m[Kpair[m[K(_U1&& __x, const _T2& __y)
[15.556s]       |                  [01;36m[K^~~~[m[K
[15.556s] [01m[K/usr/include/c++/11/bits/stl_pair.h:322:18:[m[K [01;36m[Knote: [m[K  template argument deduction/substitution failed:
[15.556s] [01m[K/usr/include/c++/11/bits/stl_pair.h:309:28:[m[K [01;36m[Knote: [m[Kcandidate: ‘[01m[Ktemplate<class _U1, class _U2, typename std::enable_if<(std::_PCC<((! std::is_same<rs2_stream, _U1>::value) || (! std::is_same<int, _U2>::value)), rs2_stream, int>::_ConstructiblePair<_U1, _U2>() && (! std::_PCC<((! std::is_same<rs2_stream, _U1>::value) || (! std::is_same<int, _U2>::value)), rs2_stream, int>::_ImplicitlyConvertiblePair<_U1, _U2>())), bool>::type <anonymous> > constexpr std::pair<_T1, _T2>::pair(const std::pair<_U1, _U2>&) [with _U1 = _U1; _U2 = _U2; typename std::enable_if<(std::_PCC<((! std::is_same<_T1, _U1>::value) || (! std::is_same<_T2, _U2>::value)), _T1, _T2>::_ConstructiblePair<_U1, _U2>() && (! std::_PCC<((! std::is_same<_T1, _U1>::value) || (! std::is_same<_T2, _U2>::value)), _T1, _T2>::_ImplicitlyConvertiblePair<_U1, _U2>())), bool>::type <anonymous> = <anonymous>; _T1 = rs2_stream; _T2 = int][m[K’
[15.556s]   309 |         explicit constexpr [01;36m[Kpair[m[K(const pair<_U1, _U2>& __p)
[15.556s]       |                            [01;36m[K^~~~[m[K
[15.557s] [01m[K/usr/include/c++/11/bits/stl_pair.h:309:28:[m[K [01;36m[Knote: [m[K  template argument deduction/substitution failed:
[15.557s] [01m[K/usr/include/c++/11/bits/stl_pair.h:300:19:[m[K [01;36m[Knote: [m[Kcandidate: ‘[01m[Ktemplate<class _U1, class _U2, typename std::enable_if<(std::_PCC<((! std::is_same<rs2_stream, _U1>::value) || (! std::is_same<int, _U2>::value)), rs2_stream, int>::_ConstructiblePair<_U1, _U2>() && std::_PCC<((! std::is_same<rs2_stream, _U1>::value) || (! std::is_same<int, _U2>::value)), rs2_stream, int>::_ImplicitlyConvertiblePair<_U1, _U2>()), bool>::type <anonymous> > constexpr std::pair<_T1, _T2>::pair(const std::pair<_U1, _U2>&) [with _U1 = _U1; _U2 = _U2; typename std::enable_if<(std::_PCC<((! std::is_same<_T1, _U1>::value) || (! std::is_same<_T2, _U2>::value)), _T1, _T2>::_ConstructiblePair<_U1, _U2>() && std::_PCC<((! std::is_same<_T1, _U1>::value) || (! std::is_same<_T2, _U2>::value)), _T1, _T2>::_ImplicitlyConvertiblePair<_U1, _U2>()), bool>::type <anonymous> = <anonymous>; _T1 = rs2_stream; _T2 = int][m[K’
[15.557s]   300 |         constexpr [01;36m[Kpair[m[K(const pair<_U1, _U2>& __p)
[15.557s]       |                   [01;36m[K^~~~[m[K
[15.557s] [01m[K/usr/include/c++/11/bits/stl_pair.h:300:19:[m[K [01;36m[Knote: [m[K  template argument deduction/substitution failed:
[15.557s] [01m[K/usr/include/c++/11/bits/stl_pair.h:276:26:[m[K [01;36m[Knote: [m[Kcandidate: ‘[01m[Ktemplate<class _U1, class _U2, typename std::enable_if<(_ConstructiblePair<_U1, _U2>() && (! _ImplicitlyConvertiblePair<_U1, _U2>())), bool>::type <anonymous> > constexpr std::pair<_T1, _T2>::pair(const _T1&, const _T2&) [with _U1 = _U1; _U2 = _U2; typename std::enable_if<(std::_PCC<true, _T1, _T2>::_ConstructiblePair<_U1, _U2>() && (! std::_PCC<true, _T1, _T2>::_ImplicitlyConvertiblePair<_U1, _U2>())), bool>::type <anonymous> = <anonymous>; _T1 = rs2_stream; _T2 = int][m[K’
[15.557s]   276 |       explicit constexpr [01;36m[Kpair[m[K(const _T1& __a, const _T2& __b)
[15.557s]       |                          [01;36m[K^~~~[m[K
[15.557s] [01m[K/usr/include/c++/11/bits/stl_pair.h:276:26:[m[K [01;36m[Knote: [m[K  template argument deduction/substitution failed:
[15.557s] [01m[K/usr/include/c++/11/bits/stl_pair.h:266:17:[m[K [01;36m[Knote: [m[Kcandidate: ‘[01m[Ktemplate<class _U1, class _U2, typename std::enable_if<(_ConstructiblePair<_U1, _U2>() && _ImplicitlyConvertiblePair<_U1, _U2>()), bool>::type <anonymous> > constexpr std::pair<_T1, _T2>::pair(const _T1&, const _T2&) [with _U1 = _U1; _U2 = _U2; typename std::enable_if<(std::_PCC<true, _T1, _T2>::_ConstructiblePair<_U1, _U2>() && std::_PCC<true, _T1, _T2>::_ImplicitlyConvertiblePair<_U1, _U2>()), bool>::type <anonymous> = <anonymous>; _T1 = rs2_stream; _T2 = int][m[K’
[15.557s]   266 |       constexpr [01;36m[Kpair[m[K(const _T1& __a, const _T2& __b)
[15.557s]       |                 [01;36m[K^~~~[m[K
[15.557s] [01m[K/usr/include/c++/11/bits/stl_pair.h:266:17:[m[K [01;36m[Knote: [m[K  template argument deduction/substitution failed:
[15.558s] [01m[K/usr/include/c++/11/bits/stl_pair.h:245:26:[m[K [01;36m[Knote: [m[Kcandidate: ‘[01m[Ktemplate<class _U1, class _U2, typename std::enable_if<std::__and_<std::is_default_constructible<_U1>, std::is_default_constructible<_Dp>, std::__not_<std::__and_<std::__is_implicitly_default_constructible<_U1>, std::__is_implicitly_default_constructible<_U2> > > >::value, bool>::type <anonymous> > constexpr std::pair<_T1, _T2>::pair() [with _U1 = _U1; _U2 = _U2; typename std::enable_if<std::__and_<std::is_default_constructible<_U1>, std::is_default_constructible<_U2>, std::__not_<std::__and_<std::__is_implicitly_default_constructible<_U1>, std::__is_implicitly_default_constructible<_U2> > > >::value, bool>::type <anonymous> = <anonymous>; _T1 = rs2_stream; _T2 = int][m[K’
[15.558s]   245 |       explicit constexpr [01;36m[Kpair[m[K()
[15.558s]       |                          [01;36m[K^~~~[m[K
[15.558s] [01m[K/usr/include/c++/11/bits/stl_pair.h:245:26:[m[K [01;36m[Knote: [m[K  template argument deduction/substitution failed:
[15.558s] In file included from [01m[K/home/brace/codeSpace/navi/src/realsense-ros/realsense2_camera/include/ros_sensor.h:22[m[K,
[15.558s]                  from [01m[K/home/brace/codeSpace/navi/src/realsense-ros/realsense2_camera/include/base_realsense_node.h:63[m[K,
[15.558s]                  from [01m[K/home/brace/codeSpace/navi/src/realsense-ros/realsense2_camera/include/realsense_node_factory.h:19[m[K,
[15.558s]                  from [01m[K/home/brace/codeSpace/navi/src/realsense-ros/realsense2_camera/src/realsense_node_factory.cpp:15[m[K:
[15.558s] [01m[K/home/brace/codeSpace/navi/src/realsense-ros/realsense2_camera/include/ros_utils.h:37:82:[m[K [01;36m[Knote: [m[K  candidate expects 0 arguments, 2 provided
[15.558s]    37 |     const stream_index_pair LABELED_POINT_CLOUD{RS2_STREAM_LABELED_POINT_CLOUD, 0[01;36m[K}[m[K;
[15.558s]       |                                                                                  [01;36m[K^[m[K
[15.558s] In file included from [01m[K/usr/include/c++/11/bits/stl_algobase.h:64[m[K,
[15.558s]                  from [01m[K/usr/include/c++/11/bits/char_traits.h:39[m[K,
[15.558s]                  from [01m[K/usr/include/c++/11/string:40[m[K,
[15.559s]                  from [01m[K/home/brace/codeSpace/navi/src/realsense-ros/realsense2_camera/include/constants.h:17[m[K,
[15.559s]                  from [01m[K/home/brace/codeSpace/navi/src/realsense-ros/realsense2_camera/include/realsense_node_factory.h:18[m[K,
[15.559s]                  from [01m[K/home/brace/codeSpace/navi/src/realsense-ros/realsense2_camera/src/realsense_node_factory.cpp:15[m[K:
[15.559s] [01m[K/usr/include/c++/11/bits/stl_pair.h:232:26:[m[K [01;36m[Knote: [m[Kcandidate: ‘[01m[Ktemplate<class _U1, class _U2, typename std::enable_if<std::__and_<std::__is_implicitly_default_constructible<_U1>, std::__is_implicitly_default_constructible<_U2> >::value, bool>::type <anonymous> > constexpr std::pair<_T1, _T2>::pair() [with _U1 = _U1; _U2 = _U2; typename std::enable_if<std::__and_<std::__is_implicitly_default_constructible<_U1>, std::__is_implicitly_default_constructible<_U2> >::value, bool>::type <anonymous> = <anonymous>; _T1 = rs2_stream; _T2 = int][m[K’
[15.559s]   232 |       _GLIBCXX_CONSTEXPR [01;36m[Kpair[m[K()
[15.559s]       |                          [01;36m[K^~~~[m[K
[15.559s] [01m[K/usr/include/c++/11/bits/stl_pair.h:232:26:[m[K [01;36m[Knote: [m[K  template argument deduction/substitution failed:
[15.559s] In file included from [01m[K/home/brace/codeSpace/navi/src/realsense-ros/realsense2_camera/include/ros_sensor.h:22[m[K,
[15.559s]                  from [01m[K/home/brace/codeSpace/navi/src/realsense-ros/realsense2_camera/include/base_realsense_node.h:63[m[K,
[15.559s]                  from [01m[K/home/brace/codeSpace/navi/src/realsense-ros/realsense2_camera/include/realsense_node_factory.h:19[m[K,
[15.559s]                  from [01m[K/home/brace/codeSpace/navi/src/realsense-ros/realsense2_camera/src/realsense_node_factory.cpp:15[m[K:
[15.559s] [01m[K/home/brace/codeSpace/navi/src/realsense-ros/realsense2_camera/include/ros_utils.h:37:82:[m[K [01;36m[Knote: [m[K  candidate expects 0 arguments, 2 provided
[15.559s]    37 |     const stream_index_pair LABELED_POINT_CLOUD{RS2_STREAM_LABELED_POINT_CLOUD, 0[01;36m[K}[m[K;
[15.559s]       |                                                                                  [01;36m[K^[m[K
[15.560s] In file included from [01m[K/usr/include/c++/11/bits/stl_algobase.h:64[m[K,
[15.560s]                  from [01m[K/usr/include/c++/11/bits/char_traits.h:39[m[K,
[15.560s]                  from [01m[K/usr/include/c++/11/string:40[m[K,
[15.560s]                  from [01m[K/home/brace/codeSpace/navi/src/realsense-ros/realsense2_camera/include/constants.h:17[m[K,
[15.560s]                  from [01m[K/home/brace/codeSpace/navi/src/realsense-ros/realsense2_camera/include/realsense_node_factory.h:18[m[K,
[15.560s]                  from [01m[K/home/brace/codeSpace/navi/src/realsense-ros/realsense2_camera/src/realsense_node_factory.cpp:15[m[K:
[15.560s] [01m[K/usr/include/c++/11/bits/stl_pair.h:315:17:[m[K [01;36m[Knote: [m[Kcandidate: ‘[01m[Kconstexpr std::pair<_T1, _T2>::pair(std::pair<_T1, _T2>&&) [with _T1 = rs2_stream; _T2 = int][m[K’
[15.560s]   315 |       constexpr [01;36m[Kpair[m[K(pair&&) = default;         ///< Move constructor
[15.560s]       |                 [01;36m[K^~~~[m[K
[15.560s] [01m[K/usr/include/c++/11/bits/stl_pair.h:315:17:[m[K [01;36m[Knote: [m[K  candidate expects 1 argument, 2 provided
[15.560s] [01m[K/usr/include/c++/11/bits/stl_pair.h:314:17:[m[K [01;36m[Knote: [m[Kcandidate: ‘[01m[Kconstexpr std::pair<_T1, _T2>::pair(const std::pair<_T1, _T2>&) [with _T1 = rs2_stream; _T2 = int][m[K’
[15.560s]   314 |       constexpr [01;36m[Kpair[m[K(const pair&) = default;    ///< Copy constructor
[15.560s]       |                 [01;36m[K^~~~[m[K
[15.560s] [01m[K/usr/include/c++/11/bits/stl_pair.h:314:17:[m[K [01;36m[Knote: [m[K  candidate expects 1 argument, 2 provided
[15.564s] In file included from [01m[K/home/brace/codeSpace/navi/src/realsense-ros/realsense2_camera/include/ros_sensor.h:22[m[K,
[15.565s]                  from [01m[K/home/brace/codeSpace/navi/src/realsense-ros/realsense2_camera/include/base_realsense_node.h:63[m[K,
[15.565s]                  from [01m[K/home/brace/codeSpace/navi/src/realsense-ros/realsense2_camera/include/realsense_node_factory.h:19[m[K,
[15.565s]                  from [01m[K/home/brace/codeSpace/navi/src/realsense-ros/realsense2_camera/src/realsense_node_factory.cpp:15[m[K:
[15.565s] [01m[K/home/brace/codeSpace/navi/src/realsense-ros/realsense2_camera/include/ros_utils.h:38:39:[m[K [01;31m[Kerror: [m[K‘[01m[KRS2_STREAM_OCCUPANCY[m[K’ was not declared in this scope; did you mean ‘[01m[KRS2_STREAM_COUNT[m[K’?
[15.565s]    38 |     const stream_index_pair OCCUPANCY{[01;31m[KRS2_STREAM_OCCUPANCY[m[K, 0};
[15.565s]       |                                       [01;31m[K^~~~~~~~~~~~~~~~~~~~[m[K
[15.565s]       |                                       [32m[KRS2_STREAM_COUNT[m[K
[15.566s] [01m[K/home/brace/codeSpace/navi/src/realsense-ros/realsense2_camera/include/ros_utils.h:38:62:[m[K [01;31m[Kerror: [m[Kno matching function for call to ‘[01m[Kstd::pair<rs2_stream, int>::pair(<brace-enclosed initializer list>)[m[K’
[15.566s]    38 |     const stream_index_pair OCCUPANCY{RS2_STREAM_OCCUPANCY, 0[01;31m[K}[m[K;
[15.566s]       |                                                              [01;31m[K^[m[K
[15.566s] In file included from [01m[K/usr/include/c++/11/bits/stl_algobase.h:64[m[K,
[15.566s]                  from [01m[K/usr/include/c++/11/bits/char_traits.h:39[m[K,
[15.566s]                  from [01m[K/usr/include/c++/11/string:40[m[K,
[15.566s]                  from [01m[K/home/brace/codeSpace/navi/src/realsense-ros/realsense2_camera/include/constants.h:17[m[K,
[15.566s]                  from [01m[K/home/brace/codeSpace/navi/src/realsense-ros/realsense2_camera/include/realsense_node_factory.h:18[m[K,
[15.566s]                  from [01m[K/home/brace/codeSpace/navi/src/realsense-ros/realsense2_camera/src/realsense_node_factory.cpp:15[m[K:
[15.566s] [01m[K/usr/include/c++/11/bits/stl_pair.h:452:9:[m[K [01;36m[Knote: [m[Kcandidate: ‘[01m[Ktemplate<class ... _Args1, long unsigned int ..._Indexes1, class ... _Args2, long unsigned int ..._Indexes2> std::pair<_T1, _T2>::pair(std::tuple<_Args1 ...>&, std::tuple<_Args2 ...>&, std::_Index_tuple<_Indexes1 ...>, std::_Index_tuple<_Indexes2 ...>) [with _Args1 = {_Args1 ...}; long unsigned int ..._Indexes1 = {_Indexes1 ...}; _Args2 = {_Args2 ...}; long unsigned int ..._Indexes2 = {_Indexes2 ...}; _T1 = rs2_stream; _T2 = int][m[K’
[15.566s]   452 |         [01;36m[Kpair[m[K(tuple<_Args1...>&, tuple<_Args2...>&,
[15.567s]       |         [01;36m[K^~~~[m[K
[15.567s] [01m[K/usr/include/c++/11/bits/stl_pair.h:452:9:[m[K [01;36m[Knote: [m[K  template argument deduction/substitution failed:
[15.567s] [01m[K/usr/include/c++/11/bits/stl_pair.h:387:9:[m[K [01;36m[Knote: [m[Kcandidate: ‘[01m[Ktemplate<class ... _Args1, class ... _Args2> std::pair<_T1, _T2>::pair(std::piecewise_construct_t, std::tuple<_Args1 ...>, std::tuple<_Args2 ...>) [with _Args1 = {_Args1 ...}; _Args2 = {_Args2 ...}; _T1 = rs2_stream; _T2 = int][m[K’
[15.567s]   387 |         [01;36m[Kpair[m[K(piecewise_construct_t, tuple<_Args1...>, tuple<_Args2...>);
[15.567s]       |         [01;36m[K^~~~[m[K
[15.567s] [01m[K/usr/include/c++/11/bits/stl_pair.h:387:9:[m[K [01;36m[Knote: [m[K  template argument deduction/substitution failed:
[15.567s] [01m[K/usr/include/c++/11/bits/stl_pair.h:381:28:[m[K [01;36m[Knote: [m[Kcandidate: ‘[01m[Ktemplate<class _U1, class _U2, typename std::enable_if<(std::_PCC<((! std::is_same<rs2_stream, _U1>::value) || (! std::is_same<int, _U2>::value)), rs2_stream, int>::_MoveConstructiblePair<_U1, _U2>() && (! std::_PCC<((! std::is_same<rs2_stream, _U1>::value) || (! std::is_same<int, _U2>::value)), rs2_stream, int>::_ImplicitlyMoveConvertiblePair<_U1, _U2>())), bool>::type <anonymous> > constexpr std::pair<_T1, _T2>::pair(std::pair<_U1, _U2>&&) [with _U1 = _U1; _U2 = _U2; typename std::enable_if<(std::_PCC<((! std::is_same<_T1, _U1>::value) || (! std::is_same<_T2, _U2>::value)), _T1, _T2>::_MoveConstructiblePair<_U1, _U2>() && (! std::_PCC<((! std::is_same<_T1, _U1>::value) || (! std::is_same<_T2, _U2>::value)), _T1, _T2>::_ImplicitlyMoveConvertiblePair<_U1, _U2>())), bool>::type <anonymous> = <anonymous>; _T1 = rs2_stream; _T2 = int][m[K’
[15.567s]   381 |         explicit constexpr [01;36m[Kpair[m[K(pair<_U1, _U2>&& __p)
[15.567s]       |                            [01;36m[K^~~~[m[K
[15.567s] [01m[K/usr/include/c++/11/bits/stl_pair.h:381:28:[m[K [01;36m[Knote: [m[K  template argument deduction/substitution failed:
[15.567s] [01m[K/usr/include/c++/11/bits/stl_pair.h:371:19:[m[K [01;36m[Knote: [m[Kcandidate: ‘[01m[Ktemplate<class _U1, class _U2, typename std::enable_if<(std::_PCC<((! std::is_same<rs2_stream, _U1>::value) || (! std::is_same<int, _U2>::value)), rs2_stream, int>::_MoveConstructiblePair<_U1, _U2>() && std::_PCC<((! std::is_same<rs2_stream, _U1>::value) || (! std::is_same<int, _U2>::value)), rs2_stream, int>::_ImplicitlyMoveConvertiblePair<_U1, _U2>()), bool>::type <anonymous> > constexpr std::pair<_T1, _T2>::pair(std::pair<_U1, _U2>&&) [with _U1 = _U1; _U2 = _U2; typename std::enable_if<(std::_PCC<((! std::is_same<_T1, _U1>::value) || (! std::is_same<_T2, _U2>::value)), _T1, _T2>::_MoveConstructiblePair<_U1, _U2>() && std::_PCC<((! std::is_same<_T1, _U1>::value) || (! std::is_same<_T2, _U2>::value)), _T1, _T2>::_ImplicitlyMoveConvertiblePair<_U1, _U2>()), bool>::type <anonymous> = <anonymous>; _T1 = rs2_stream; _T2 = int][m[K’
[15.567s]   371 |         constexpr [01;36m[Kpair[m[K(pair<_U1, _U2>&& __p)
[15.567s]       |                   [01;36m[K^~~~[m[K
[15.567s] [01m[K/usr/include/c++/11/bits/stl_pair.h:371:19:[m[K [01;36m[Knote: [m[K  template argument deduction/substitution failed:
[15.568s] [01m[K/usr/include/c++/11/bits/stl_pair.h:361:28:[m[K [01;36m[Knote: [m[Kcandidate: ‘[01m[Ktemplate<class _U1, class _U2, typename std::enable_if<(_MoveConstructiblePair<_U1, _U2>() && (! _ImplicitlyMoveConvertiblePair<_U1, _U2>())), bool>::type <anonymous> > constexpr std::pair<_T1, _T2>::pair(_U1&&, _U2&&) [with _U1 = _U1; _U2 = _U2; typename std::enable_if<(std::_PCC<true, _T1, _T2>::_MoveConstructiblePair<_U1, _U2>() && (! std::_PCC<true, _T1, _T2>::_ImplicitlyMoveConvertiblePair<_U1, _U2>())), bool>::type <anonymous> = <anonymous>; _T1 = rs2_stream; _T2 = int][m[K’
[15.568s]   361 |         explicit constexpr [01;36m[Kpair[m[K(_U1&& __x, _U2&& __y)
[15.568s]       |                            [01;36m[K^~~~[m[K
[15.568s] [01m[K/usr/include/c++/11/bits/stl_pair.h:361:28:[m[K [01;36m[Knote: [m[K  template argument deduction/substitution failed:
[15.568s] [01m[K/usr/include/c++/11/bits/stl_pair.h:352:19:[m[K [01;36m[Knote: [m[Kcandidate: ‘[01m[Ktemplate<class _U1, class _U2, typename std::enable_if<(_MoveConstructiblePair<_U1, _U2>() && _ImplicitlyMoveConvertiblePair<_U1, _U2>()), bool>::type <anonymous> > constexpr std::pair<_T1, _T2>::pair(_U1&&, _U2&&) [with _U1 = _U1; _U2 = _U2; typename std::enable_if<(std::_PCC<true, _T1, _T2>::_MoveConstructiblePair<_U1, _U2>() && std::_PCC<true, _T1, _T2>::_ImplicitlyMoveConvertiblePair<_U1, _U2>()), bool>::type <anonymous> = <anonymous>; _T1 = rs2_stream; _T2 = int][m[K’
[15.568s]   352 |         constexpr [01;36m[Kpair[m[K(_U1&& __x, _U2&& __y)
[15.568s]       |                   [01;36m[K^~~~[m[K
[15.568s] [01m[K/usr/include/c++/11/bits/stl_pair.h:352:19:[m[K [01;36m[Knote: [m[K  template argument deduction/substitution failed:
[15.568s] [01m[K/usr/include/c++/11/bits/stl_pair.h:343:17:[m[K [01;36m[Knote: [m[Kcandidate: ‘[01m[Ktemplate<class _U2, typename std::enable_if<_CopyMovePair<false, rs2_stream, _U2>(), bool>::type <anonymous> > std::pair<_T1, _T2>::pair(const _T1&, _U2&&) [with _U2 = _U2; typename std::enable_if<std::_PCC<true, _T1, _T2>::_CopyMovePair<false, _T1, _U2>(), bool>::type <anonymous> = <anonymous>; _T1 = rs2_stream; _T2 = int][m[K’
[15.568s]   343 |        explicit [01;36m[Kpair[m[K(const _T1& __x, _U2&& __y)
[15.568s]       |                 [01;36m[K^~~~[m[K
[15.568s] [01m[K/usr/include/c++/11/bits/stl_pair.h:343:17:[m[K [01;36m[Knote: [m[K  template argument deduction/substitution failed:
[15.568s] [01m[K/usr/include/c++/11/bits/stl_pair.h:336:18:[m[K [01;36m[Knote: [m[Kcandidate: ‘[01m[Ktemplate<class _U2, typename std::enable_if<_CopyMovePair<true, rs2_stream, _U2>(), bool>::type <anonymous> > constexpr std::pair<_T1, _T2>::pair(const _T1&, _U2&&) [with _U2 = _U2; typename std::enable_if<std::_PCC<true, _T1, _T2>::_CopyMovePair<true, _T1, _U2>(), bool>::type <anonymous> = <anonymous>; _T1 = rs2_stream; _T2 = int][m[K’
[15.568s]   336 |        constexpr [01;36m[Kpair[m[K(const _T1& __x, _U2&& __y)
[15.568s]       |                  [01;36m[K^~~~[m[K
[15.568s] [01m[K/usr/include/c++/11/bits/stl_pair.h:336:18:[m[K [01;36m[Knote: [m[K  template argument deduction/substitution failed:
[15.568s] [01m[K/usr/include/c++/11/bits/stl_pair.h:329:27:[m[K [01;36m[Knote: [m[Kcandidate: ‘[01m[Ktemplate<class _U1, typename std::enable_if<_MoveCopyPair<false, _U1, int>(), bool>::type <anonymous> > constexpr std::pair<_T1, _T2>::pair(_U1&&, const _T2&) [with _U1 = _U1; typename std::enable_if<std::_PCC<true, _T1, _T2>::_MoveCopyPair<false, _U1, _T2>(), bool>::type <anonymous> = <anonymous>; _T1 = rs2_stream; _T2 = int][m[K’
[15.569s]   329 |        explicit constexpr [01;36m[Kpair[m[K(_U1&& __x, const _T2& __y)
[15.569s]       |                           [01;36m[K^~~~[m[K
[15.569s] [01m[K/usr/include/c++/11/bits/stl_pair.h:329:27:[m[K [01;36m[Knote: [m[K  template argument deduction/substitution failed:
[15.569s] [01m[K/usr/include/c++/11/bits/stl_pair.h:322:18:[m[K [01;36m[Knote: [m[Kcandidate: ‘[01m[Ktemplate<class _U1, typename std::enable_if<_MoveCopyPair<true, _U1, int>(), bool>::type <anonymous> > constexpr std::pair<_T1, _T2>::pair(_U1&&, const _T2&) [with _U1 = _U1; typename std::enable_if<std::_PCC<true, _T1, _T2>::_MoveCopyPair<true, _U1, _T2>(), bool>::type <anonymous> = <anonymous>; _T1 = rs2_stream; _T2 = int][m[K’
[15.569s]   322 |        constexpr [01;36m[Kpair[m[K(_U1&& __x, const _T2& __y)
[15.569s]       |                  [01;36m[K^~~~[m[K
[15.569s] [01m[K/usr/include/c++/11/bits/stl_pair.h:322:18:[m[K [01;36m[Knote: [m[K  template argument deduction/substitution failed:
[15.569s] [01m[K/usr/include/c++/11/bits/stl_pair.h:309:28:[m[K [01;36m[Knote: [m[Kcandidate: ‘[01m[Ktemplate<class _U1, class _U2, typename std::enable_if<(std::_PCC<((! std::is_same<rs2_stream, _U1>::value) || (! std::is_same<int, _U2>::value)), rs2_stream, int>::_ConstructiblePair<_U1, _U2>() && (! std::_PCC<((! std::is_same<rs2_stream, _U1>::value) || (! std::is_same<int, _U2>::value)), rs2_stream, int>::_ImplicitlyConvertiblePair<_U1, _U2>())), bool>::type <anonymous> > constexpr std::pair<_T1, _T2>::pair(const std::pair<_U1, _U2>&) [with _U1 = _U1; _U2 = _U2; typename std::enable_if<(std::_PCC<((! std::is_same<_T1, _U1>::value) || (! std::is_same<_T2, _U2>::value)), _T1, _T2>::_ConstructiblePair<_U1, _U2>() && (! std::_PCC<((! std::is_same<_T1, _U1>::value) || (! std::is_same<_T2, _U2>::value)), _T1, _T2>::_ImplicitlyConvertiblePair<_U1, _U2>())), bool>::type <anonymous> = <anonymous>; _T1 = rs2_stream; _T2 = int][m[K’
[15.569s]   309 |         explicit constexpr [01;36m[Kpair[m[K(const pair<_U1, _U2>& __p)
[15.569s]       |                            [01;36m[K^~~~[m[K
[15.569s] [01m[K/usr/include/c++/11/bits/stl_pair.h:309:28:[m[K [01;36m[Knote: [m[K  template argument deduction/substitution failed:
[15.569s] [01m[K/usr/include/c++/11/bits/stl_pair.h:300:19:[m[K [01;36m[Knote: [m[Kcandidate: ‘[01m[Ktemplate<class _U1, class _U2, typename std::enable_if<(std::_PCC<((! std::is_same<rs2_stream, _U1>::value) || (! std::is_same<int, _U2>::value)), rs2_stream, int>::_ConstructiblePair<_U1, _U2>() && std::_PCC<((! std::is_same<rs2_stream, _U1>::value) || (! std::is_same<int, _U2>::value)), rs2_stream, int>::_ImplicitlyConvertiblePair<_U1, _U2>()), bool>::type <anonymous> > constexpr std::pair<_T1, _T2>::pair(const std::pair<_U1, _U2>&) [with _U1 = _U1; _U2 = _U2; typename std::enable_if<(std::_PCC<((! std::is_same<_T1, _U1>::value) || (! std::is_same<_T2, _U2>::value)), _T1, _T2>::_ConstructiblePair<_U1, _U2>() && std::_PCC<((! std::is_same<_T1, _U1>::value) || (! std::is_same<_T2, _U2>::value)), _T1, _T2>::_ImplicitlyConvertiblePair<_U1, _U2>()), bool>::type <anonymous> = <anonymous>; _T1 = rs2_stream; _T2 = int][m[K’
[15.569s]   300 |         constexpr [01;36m[Kpair[m[K(const pair<_U1, _U2>& __p)
[15.569s]       |                   [01;36m[K^~~~[m[K
[15.569s] [01m[K/usr/include/c++/11/bits/stl_pair.h:300:19:[m[K [01;36m[Knote: [m[K  template argument deduction/substitution failed:
[15.569s] [01m[K/usr/include/c++/11/bits/stl_pair.h:276:26:[m[K [01;36m[Knote: [m[Kcandidate: ‘[01m[Ktemplate<class _U1, class _U2, typename std::enable_if<(_ConstructiblePair<_U1, _U2>() && (! _ImplicitlyConvertiblePair<_U1, _U2>())), bool>::type <anonymous> > constexpr std::pair<_T1, _T2>::pair(const _T1&, const _T2&) [with _U1 = _U1; _U2 = _U2; typename std::enable_if<(std::_PCC<true, _T1, _T2>::_ConstructiblePair<_U1, _U2>() && (! std::_PCC<true, _T1, _T2>::_ImplicitlyConvertiblePair<_U1, _U2>())), bool>::type <anonymous> = <anonymous>; _T1 = rs2_stream; _T2 = int][m[K’
[15.570s]   276 |       explicit constexpr [01;36m[Kpair[m[K(const _T1& __a, const _T2& __b)
[15.570s]       |                          [01;36m[K^~~~[m[K
[15.570s] [01m[K/usr/include/c++/11/bits/stl_pair.h:276:26:[m[K [01;36m[Knote: [m[K  template argument deduction/substitution failed:
[15.570s] [01m[K/usr/include/c++/11/bits/stl_pair.h:266:17:[m[K [01;36m[Knote: [m[Kcandidate: ‘[01m[Ktemplate<class _U1, class _U2, typename std::enable_if<(_ConstructiblePair<_U1, _U2>() && _ImplicitlyConvertiblePair<_U1, _U2>()), bool>::type <anonymous> > constexpr std::pair<_T1, _T2>::pair(const _T1&, const _T2&) [with _U1 = _U1; _U2 = _U2; typename std::enable_if<(std::_PCC<true, _T1, _T2>::_ConstructiblePair<_U1, _U2>() && std::_PCC<true, _T1, _T2>::_ImplicitlyConvertiblePair<_U1, _U2>()), bool>::type <anonymous> = <anonymous>; _T1 = rs2_stream; _T2 = int][m[K’
[15.570s]   266 |       constexpr [01;36m[Kpair[m[K(const _T1& __a, const _T2& __b)
[15.570s]       |                 [01;36m[K^~~~[m[K
[15.570s] [01m[K/usr/include/c++/11/bits/stl_pair.h:266:17:[m[K [01;36m[Knote: [m[K  template argument deduction/substitution failed:
[15.570s] [01m[K/usr/include/c++/11/bits/stl_pair.h:245:26:[m[K [01;36m[Knote: [m[Kcandidate: ‘[01m[Ktemplate<class _U1, class _U2, typename std::enable_if<std::__and_<std::is_default_constructible<_U1>, std::is_default_constructible<_Dp>, std::__not_<std::__and_<std::__is_implicitly_default_constructible<_U1>, std::__is_implicitly_default_constructible<_U2> > > >::value, bool>::type <anonymous> > constexpr std::pair<_T1, _T2>::pair() [with _U1 = _U1; _U2 = _U2; typename std::enable_if<std::__and_<std::is_default_constructible<_U1>, std::is_default_constructible<_U2>, std::__not_<std::__and_<std::__is_implicitly_default_constructible<_U1>, std::__is_implicitly_default_constructible<_U2> > > >::value, bool>::type <anonymous> = <anonymous>; _T1 = rs2_stream; _T2 = int][m[K’
[15.570s]   245 |       explicit constexpr [01;36m[Kpair[m[K()
[15.570s]       |                          [01;36m[K^~~~[m[K
[15.570s] [01m[K/usr/include/c++/11/bits/stl_pair.h:245:26:[m[K [01;36m[Knote: [m[K  template argument deduction/substitution failed:
[15.570s] In file included from [01m[K/home/brace/codeSpace/navi/src/realsense-ros/realsense2_camera/include/ros_sensor.h:22[m[K,
[15.570s]                  from [01m[K/home/brace/codeSpace/navi/src/realsense-ros/realsense2_camera/include/base_realsense_node.h:63[m[K,
[15.570s]                  from [01m[K/home/brace/codeSpace/navi/src/realsense-ros/realsense2_camera/include/realsense_node_factory.h:19[m[K,
[15.570s]                  from [01m[K/home/brace/codeSpace/navi/src/realsense-ros/realsense2_camera/src/realsense_node_factory.cpp:15[m[K:
[15.570s] [01m[K/home/brace/codeSpace/navi/src/realsense-ros/realsense2_camera/include/ros_utils.h:38:62:[m[K [01;36m[Knote: [m[K  candidate expects 0 arguments, 2 provided
[15.570s]    38 |     const stream_index_pair OCCUPANCY{RS2_STREAM_OCCUPANCY, 0[01;36m[K}[m[K;
[15.571s]       |                                                              [01;36m[K^[m[K
[15.571s] In file included from [01m[K/usr/include/c++/11/bits/stl_algobase.h:64[m[K,
[15.571s]                  from [01m[K/usr/include/c++/11/bits/char_traits.h:39[m[K,
[15.571s]                  from [01m[K/usr/include/c++/11/string:40[m[K,
[15.571s]                  from [01m[K/home/brace/codeSpace/navi/src/realsense-ros/realsense2_camera/include/constants.h:17[m[K,
[15.571s]                  from [01m[K/home/brace/codeSpace/navi/src/realsense-ros/realsense2_camera/include/realsense_node_factory.h:18[m[K,
[15.571s]                  from [01m[K/home/brace/codeSpace/navi/src/realsense-ros/realsense2_camera/src/realsense_node_factory.cpp:15[m[K:
[15.571s] [01m[K/usr/include/c++/11/bits/stl_pair.h:232:26:[m[K [01;36m[Knote: [m[Kcandidate: ‘[01m[Ktemplate<class _U1, class _U2, typename std::enable_if<std::__and_<std::__is_implicitly_default_constructible<_U1>, std::__is_implicitly_default_constructible<_U2> >::value, bool>::type <anonymous> > constexpr std::pair<_T1, _T2>::pair() [with _U1 = _U1; _U2 = _U2; typename std::enable_if<std::__and_<std::__is_implicitly_default_constructible<_U1>, std::__is_implicitly_default_constructible<_U2> >::value, bool>::type <anonymous> = <anonymous>; _T1 = rs2_stream; _T2 = int][m[K’
[15.571s]   232 |       _GLIBCXX_CONSTEXPR [01;36m[Kpair[m[K()
[15.571s]       |                          [01;36m[K^~~~[m[K
[15.571s] [01m[K/usr/include/c++/11/bits/stl_pair.h:232:26:[m[K [01;36m[Knote: [m[K  template argument deduction/substitution failed:
[15.571s] In file included from [01m[K/home/brace/codeSpace/navi/src/realsense-ros/realsense2_camera/include/ros_sensor.h:22[m[K,
[15.571s]                  from [01m[K/home/brace/codeSpace/navi/src/realsense-ros/realsense2_camera/include/base_realsense_node.h:63[m[K,
[15.571s]                  from [01m[K/home/brace/codeSpace/navi/src/realsense-ros/realsense2_camera/include/realsense_node_factory.h:19[m[K,
[15.571s]                  from [01m[K/home/brace/codeSpace/navi/src/realsense-ros/realsense2_camera/src/realsense_node_factory.cpp:15[m[K:
[15.571s] [01m[K/home/brace/codeSpace/navi/src/realsense-ros/realsense2_camera/include/ros_utils.h:38:62:[m[K [01;36m[Knote: [m[K  candidate expects 0 arguments, 2 provided
[15.572s]    38 |     const stream_index_pair OCCUPANCY{RS2_STREAM_OCCUPANCY, 0[01;36m[K}[m[K;
[15.572s]       |                                                              [01;36m[K^[m[K
[15.572s] In file included from [01m[K/usr/include/c++/11/bits/stl_algobase.h:64[m[K,
[15.572s]                  from [01m[K/usr/include/c++/11/bits/char_traits.h:39[m[K,
[15.572s]                  from [01m[K/usr/include/c++/11/string:40[m[K,
[15.572s]                  from [01m[K/home/brace/codeSpace/navi/src/realsense-ros/realsense2_camera/include/constants.h:17[m[K,
[15.572s]                  from [01m[K/home/brace/codeSpace/navi/src/realsense-ros/realsense2_camera/include/realsense_node_factory.h:18[m[K,
[15.572s]                  from [01m[K/home/brace/codeSpace/navi/src/realsense-ros/realsense2_camera/src/realsense_node_factory.cpp:15[m[K:
[15.572s] [01m[K/usr/include/c++/11/bits/stl_pair.h:315:17:[m[K [01;36m[Knote: [m[Kcandidate: ‘[01m[Kconstexpr std::pair<_T1, _T2>::pair(std::pair<_T1, _T2>&&) [with _T1 = rs2_stream; _T2 = int][m[K’
[15.572s]   315 |       constexpr [01;36m[Kpair[m[K(pair&&) = default;         ///< Move constructor
[15.572s]       |                 [01;36m[K^~~~[m[K
[15.572s] [01m[K/usr/include/c++/11/bits/stl_pair.h:315:17:[m[K [01;36m[Knote: [m[K  candidate expects 1 argument, 2 provided
[15.573s] [01m[K/usr/include/c++/11/bits/stl_pair.h:314:17:[m[K [01;36m[Knote: [m[Kcandidate: ‘[01m[Kconstexpr std::pair<_T1, _T2>::pair(const std::pair<_T1, _T2>&) [with _T1 = rs2_stream; _T2 = int][m[K’
[15.573s]   314 |       constexpr [01;36m[Kpair[m[K(const pair&) = default;    ///< Copy constructor
[15.573s]       |                 [01;36m[K^~~~[m[K
[15.573s] [01m[K/usr/include/c++/11/bits/stl_pair.h:314:17:[m[K [01;36m[Knote: [m[K  candidate expects 1 argument, 2 provided
[15.647s] In file included from [01m[K/home/brace/codeSpace/navi/src/realsense-ros/realsense2_camera/include/ros_sensor.h:22[m[K,
[15.649s]                  from [01m[K/home/brace/codeSpace/navi/src/realsense-ros/realsense2_camera/src/../include/base_realsense_node.h:63[m[K,
[15.651s]                  from [01m[K/home/brace/codeSpace/navi/src/realsense-ros/realsense2_camera/src/base_realsense_node.cpp:15[m[K:
[15.651s] [01m[K/home/brace/codeSpace/navi/src/realsense-ros/realsense2_camera/include/ros_utils.h:36:36:[m[K [01;31m[Kerror: [m[K‘[01m[KRS2_STREAM_SAFETY[m[K’ was not declared in this scope; did you mean ‘[01m[KRS2_STREAM_ANY[m[K’?
[15.651s]    36 |     const stream_index_pair SAFETY{[01;31m[KRS2_STREAM_SAFETY[m[K, 0};
[15.651s]       |                                    [01;31m[K^~~~~~~~~~~~~~~~~[m[K
[15.651s]       |                                    [32m[KRS2_STREAM_ANY[m[K
[15.652s] [01m[K/home/brace/codeSpace/navi/src/realsense-ros/realsense2_camera/include/ros_utils.h:36:56:[m[K [01;31m[Kerror: [m[Kno matching function for call to ‘[01m[Kstd::pair<rs2_stream, int>::pair(<brace-enclosed initializer list>)[m[K’
[15.652s]    36 |     const stream_index_pair SAFETY{RS2_STREAM_SAFETY, 0[01;31m[K}[m[K;
[15.652s]       |                                                        [01;31m[K^[m[K
[15.652s] In file included from [01m[K/usr/include/c++/11/bits/stl_algobase.h:64[m[K,
[15.652s]                  from [01m[K/usr/include/c++/11/bits/specfun.h:45[m[K,
[15.652s]                  from [01m[K/usr/include/c++/11/cmath:1935[m[K,
[15.652s]                  from [01m[K/usr/include/c++/11/math.h:36[m[K,
[15.652s]                  from [01m[K/opt/ros/humble/include/librealsense2/rsutil.h:10[m[K,
[15.652s]                  from [01m[K/opt/ros/humble/include/librealsense2/rs.h:16[m[K,
[15.652s]                  from [01m[K/opt/ros/humble/include/librealsense2/rs.hpp:7[m[K,
[15.653s]                  from [01m[K/home/brace/codeSpace/navi/src/realsense-ros/realsense2_camera/src/../include/base_realsense_node.h:17[m[K,
[15.653s]                  from [01m[K/home/brace/codeSpace/navi/src/realsense-ros/realsense2_camera/src/base_realsense_node.cpp:15[m[K:
[15.653s] [01m[K/usr/include/c++/11/bits/stl_pair.h:452:9:[m[K [01;36m[Knote: [m[Kcandidate: ‘[01m[Ktemplate<class ... _Args1, long unsigned int ..._Indexes1, class ... _Args2, long unsigned int ..._Indexes2> std::pair<_T1, _T2>::pair(std::tuple<_Args1 ...>&, std::tuple<_Args2 ...>&, std::_Index_tuple<_Indexes1 ...>, std::_Index_tuple<_Indexes2 ...>) [with _Args1 = {_Args1 ...}; long unsigned int ..._Indexes1 = {_Indexes1 ...}; _Args2 = {_Args2 ...}; long unsigned int ..._Indexes2 = {_Indexes2 ...}; _T1 = rs2_stream; _T2 = int][m[K’
[15.653s]   452 |         [01;36m[Kpair[m[K(tuple<_Args1...>&, tuple<_Args2...>&,
[15.653s]       |         [01;36m[K^~~~[m[K
[15.653s] [01m[K/usr/include/c++/11/bits/stl_pair.h:452:9:[m[K [01;36m[Knote: [m[K  template argument deduction/substitution failed:
[15.653s] [01m[K/usr/include/c++/11/bits/stl_pair.h:387:9:[m[K [01;36m[Knote: [m[Kcandidate: ‘[01m[Ktemplate<class ... _Args1, class ... _Args2> std::pair<_T1, _T2>::pair(std::piecewise_construct_t, std::tuple<_Args1 ...>, std::tuple<_Args2 ...>) [with _Args1 = {_Args1 ...}; _Args2 = {_Args2 ...}; _T1 = rs2_stream; _T2 = int][m[K’
[15.653s]   387 |         [01;36m[Kpair[m[K(piecewise_construct_t, tuple<_Args1...>, tuple<_Args2...>);
[15.653s]       |         [01;36m[K^~~~[m[K
[15.653s] [01m[K/usr/include/c++/11/bits/stl_pair.h:387:9:[m[K [01;36m[Knote: [m[K  template argument deduction/substitution failed:
[15.654s] [01m[K/usr/include/c++/11/bits/stl_pair.h:381:28:[m[K [01;36m[Knote: [m[Kcandidate: ‘[01m[Ktemplate<class _U1, class _U2, typename std::enable_if<(std::_PCC<((! std::is_same<rs2_stream, _U1>::value) || (! std::is_same<int, _U2>::value)), rs2_stream, int>::_MoveConstructiblePair<_U1, _U2>() && (! std::_PCC<((! std::is_same<rs2_stream, _U1>::value) || (! std::is_same<int, _U2>::value)), rs2_stream, int>::_ImplicitlyMoveConvertiblePair<_U1, _U2>())), bool>::type <anonymous> > constexpr std::pair<_T1, _T2>::pair(std::pair<_U1, _U2>&&) [with _U1 = _U1; _U2 = _U2; typename std::enable_if<(std::_PCC<((! std::is_same<_T1, _U1>::value) || (! std::is_same<_T2, _U2>::value)), _T1, _T2>::_MoveConstructiblePair<_U1, _U2>() && (! std::_PCC<((! std::is_same<_T1, _U1>::value) || (! std::is_same<_T2, _U2>::value)), _T1, _T2>::_ImplicitlyMoveConvertiblePair<_U1, _U2>())), bool>::type <anonymous> = <anonymous>; _T1 = rs2_stream; _T2 = int][m[K’
[15.654s]   381 |         explicit constexpr [01;36m[Kpair[m[K(pair<_U1, _U2>&& __p)
[15.654s]       |                            [01;36m[K^~~~[m[K
[15.654s] [01m[K/usr/include/c++/11/bits/stl_pair.h:381:28:[m[K [01;36m[Knote: [m[K  template argument deduction/substitution failed:
[15.654s] [01m[K/usr/include/c++/11/bits/stl_pair.h:371:19:[m[K [01;36m[Knote: [m[Kcandidate: ‘[01m[Ktemplate<class _U1, class _U2, typename std::enable_if<(std::_PCC<((! std::is_same<rs2_stream, _U1>::value) || (! std::is_same<int, _U2>::value)), rs2_stream, int>::_MoveConstructiblePair<_U1, _U2>() && std::_PCC<((! std::is_same<rs2_stream, _U1>::value) || (! std::is_same<int, _U2>::value)), rs2_stream, int>::_ImplicitlyMoveConvertiblePair<_U1, _U2>()), bool>::type <anonymous> > constexpr std::pair<_T1, _T2>::pair(std::pair<_U1, _U2>&&) [with _U1 = _U1; _U2 = _U2; typename std::enable_if<(std::_PCC<((! std::is_same<_T1, _U1>::value) || (! std::is_same<_T2, _U2>::value)), _T1, _T2>::_MoveConstructiblePair<_U1, _U2>() && std::_PCC<((! std::is_same<_T1, _U1>::value) || (! std::is_same<_T2, _U2>::value)), _T1, _T2>::_ImplicitlyMoveConvertiblePair<_U1, _U2>()), bool>::type <anonymous> = <anonymous>; _T1 = rs2_stream; _T2 = int][m[K’
[15.654s]   371 |         constexpr [01;36m[Kpair[m[K(pair<_U1, _U2>&& __p)
[15.654s]       |                   [01;36m[K^~~~[m[K
[15.654s] [01m[K/usr/include/c++/11/bits/stl_pair.h:371:19:[m[K [01;36m[Knote: [m[K  template argument deduction/substitution failed:
[15.654s] [01m[K/usr/include/c++/11/bits/stl_pair.h:361:28:[m[K [01;36m[Knote: [m[Kcandidate: ‘[01m[Ktemplate<class _U1, class _U2, typename std::enable_if<(_MoveConstructiblePair<_U1, _U2>() && (! _ImplicitlyMoveConvertiblePair<_U1, _U2>())), bool>::type <anonymous> > constexpr std::pair<_T1, _T2>::pair(_U1&&, _U2&&) [with _U1 = _U1; _U2 = _U2; typename std::enable_if<(std::_PCC<true, _T1, _T2>::_MoveConstructiblePair<_U1, _U2>() && (! std::_PCC<true, _T1, _T2>::_ImplicitlyMoveConvertiblePair<_U1, _U2>())), bool>::type <anonymous> = <anonymous>; _T1 = rs2_stream; _T2 = int][m[K’
[15.654s]   361 |         explicit constexpr [01;36m[Kpair[m[K(_U1&& __x, _U2&& __y)
[15.655s]       |                            [01;36m[K^~~~[m[K
[15.655s] [01m[K/usr/include/c++/11/bits/stl_pair.h:361:28:[m[K [01;36m[Knote: [m[K  template argument deduction/substitution failed:
[15.655s] [01m[K/usr/include/c++/11/bits/stl_pair.h:352:19:[m[K [01;36m[Knote: [m[Kcandidate: ‘[01m[Ktemplate<class _U1, class _U2, typename std::enable_if<(_MoveConstructiblePair<_U1, _U2>() && _ImplicitlyMoveConvertiblePair<_U1, _U2>()), bool>::type <anonymous> > constexpr std::pair<_T1, _T2>::pair(_U1&&, _U2&&) [with _U1 = _U1; _U2 = _U2; typename std::enable_if<(std::_PCC<true, _T1, _T2>::_MoveConstructiblePair<_U1, _U2>() && std::_PCC<true, _T1, _T2>::_ImplicitlyMoveConvertiblePair<_U1, _U2>()), bool>::type <anonymous> = <anonymous>; _T1 = rs2_stream; _T2 = int][m[K’
[15.655s]   352 |         constexpr [01;36m[Kpair[m[K(_U1&& __x, _U2&& __y)
[15.655s]       |                   [01;36m[K^~~~[m[K
[15.655s] [01m[K/usr/include/c++/11/bits/stl_pair.h:352:19:[m[K [01;36m[Knote: [m[K  template argument deduction/substitution failed:
[15.655s] [01m[K/usr/include/c++/11/bits/stl_pair.h:343:17:[m[K [01;36m[Knote: [m[Kcandidate: ‘[01m[Ktemplate<class _U2, typename std::enable_if<_CopyMovePair<false, rs2_stream, _U2>(), bool>::type <anonymous> > std::pair<_T1, _T2>::pair(const _T1&, _U2&&) [with _U2 = _U2; typename std::enable_if<std::_PCC<true, _T1, _T2>::_CopyMovePair<false, _T1, _U2>(), bool>::type <anonymous> = <anonymous>; _T1 = rs2_stream; _T2 = int][m[K’
[15.655s]   343 |        explicit [01;36m[Kpair[m[K(const _T1& __x, _U2&& __y)
[15.655s]       |                 [01;36m[K^~~~[m[K
[15.656s] [01m[K/usr/include/c++/11/bits/stl_pair.h:343:17:[m[K [01;36m[Knote: [m[K  template argument deduction/substitution failed:
[15.656s] [01m[K/usr/include/c++/11/bits/stl_pair.h:336:18:[m[K [01;36m[Knote: [m[Kcandidate: ‘[01m[Ktemplate<class _U2, typename std::enable_if<_CopyMovePair<true, rs2_stream, _U2>(), bool>::type <anonymous> > constexpr std::pair<_T1, _T2>::pair(const _T1&, _U2&&) [with _U2 = _U2; typename std::enable_if<std::_PCC<true, _T1, _T2>::_CopyMovePair<true, _T1, _U2>(), bool>::type <anonymous> = <anonymous>; _T1 = rs2_stream; _T2 = int][m[K’
[15.656s]   336 |        constexpr [01;36m[Kpair[m[K(const _T1& __x, _U2&& __y)
[15.657s]       |                  [01;36m[K^~~~[m[K
[15.657s] [01m[K/usr/include/c++/11/bits/stl_pair.h:336:18:[m[K [01;36m[Knote: [m[K  template argument deduction/substitution failed:
[15.657s] [01m[K/usr/include/c++/11/bits/stl_pair.h:329:27:[m[K [01;36m[Knote: [m[Kcandidate: ‘[01m[Ktemplate<class _U1, typename std::enable_if<_MoveCopyPair<false, _U1, int>(), bool>::type <anonymous> > constexpr std::pair<_T1, _T2>::pair(_U1&&, const _T2&) [with _U1 = _U1; typename std::enable_if<std::_PCC<true, _T1, _T2>::_MoveCopyPair<false, _U1, _T2>(), bool>::type <anonymous> = <anonymous>; _T1 = rs2_stream; _T2 = int][m[K’
[15.658s]   329 |        explicit constexpr [01;36m[Kpair[m[K(_U1&& __x, const _T2& __y)
[15.658s]       |                           [01;36m[K^~~~[m[K
[15.659s] [01m[K/usr/include/c++/11/bits/stl_pair.h:329:27:[m[K [01;36m[Knote: [m[K  template argument deduction/substitution failed:
[15.659s] [01m[K/usr/include/c++/11/bits/stl_pair.h:322:18:[m[K [01;36m[Knote: [m[Kcandidate: ‘[01m[Ktemplate<class _U1, typename std::enable_if<_MoveCopyPair<true, _U1, int>(), bool>::type <anonymous> > constexpr std::pair<_T1, _T2>::pair(_U1&&, const _T2&) [with _U1 = _U1; typename std::enable_if<std::_PCC<true, _T1, _T2>::_MoveCopyPair<true, _U1, _T2>(), bool>::type <anonymous> = <anonymous>; _T1 = rs2_stream; _T2 = int][m[K’
[15.660s]   322 |        constexpr [01;36m[Kpair[m[K(_U1&& __x, const _T2& __y)
[15.660s]       |                  [01;36m[K^~~~[m[K
[15.660s] [01m[K/usr/include/c++/11/bits/stl_pair.h:322:18:[m[K [01;36m[Knote: [m[K  template argument deduction/substitution failed:
[15.662s] [01m[K/usr/include/c++/11/bits/stl_pair.h:309:28:[m[K [01;36m[Knote: [m[Kcandidate: ‘[01m[Ktemplate<class _U1, class _U2, typename std::enable_if<(std::_PCC<((! std::is_same<rs2_stream, _U1>::value) || (! std::is_same<int, _U2>::value)), rs2_stream, int>::_ConstructiblePair<_U1, _U2>() && (! std::_PCC<((! std::is_same<rs2_stream, _U1>::value) || (! std::is_same<int, _U2>::value)), rs2_stream, int>::_ImplicitlyConvertiblePair<_U1, _U2>())), bool>::type <anonymous> > constexpr std::pair<_T1, _T2>::pair(const std::pair<_U1, _U2>&) [with _U1 = _U1; _U2 = _U2; typename std::enable_if<(std::_PCC<((! std::is_same<_T1, _U1>::value) || (! std::is_same<_T2, _U2>::value)), _T1, _T2>::_ConstructiblePair<_U1, _U2>() && (! std::_PCC<((! std::is_same<_T1, _U1>::value) || (! std::is_same<_T2, _U2>::value)), _T1, _T2>::_ImplicitlyConvertiblePair<_U1, _U2>())), bool>::type <anonymous> = <anonymous>; _T1 = rs2_stream; _T2 = int][m[K’
[15.665s]   309 |         explicit constexpr [01;36m[Kpair[m[K(const pair<_U1, _U2>& __p)
[15.666s]       |                            [01;36m[K^~~~[m[K
[15.666s] [01m[K/usr/include/c++/11/bits/stl_pair.h:309:28:[m[K [01;36m[Knote: [m[K  template argument deduction/substitution failed:
[15.667s] [01m[K/usr/include/c++/11/bits/stl_pair.h:300:19:[m[K [01;36m[Knote: [m[Kcandidate: ‘[01m[Ktemplate<class _U1, class _U2, typename std::enable_if<(std::_PCC<((! std::is_same<rs2_stream, _U1>::value) || (! std::is_same<int, _U2>::value)), rs2_stream, int>::_ConstructiblePair<_U1, _U2>() && std::_PCC<((! std::is_same<rs2_stream, _U1>::value) || (! std::is_same<int, _U2>::value)), rs2_stream, int>::_ImplicitlyConvertiblePair<_U1, _U2>()), bool>::type <anonymous> > constexpr std::pair<_T1, _T2>::pair(const std::pair<_U1, _U2>&) [with _U1 = _U1; _U2 = _U2; typename std::enable_if<(std::_PCC<((! std::is_same<_T1, _U1>::value) || (! std::is_same<_T2, _U2>::value)), _T1, _T2>::_ConstructiblePair<_U1, _U2>() && std::_PCC<((! std::is_same<_T1, _U1>::value) || (! std::is_same<_T2, _U2>::value)), _T1, _T2>::_ImplicitlyConvertiblePair<_U1, _U2>()), bool>::type <anonymous> = <anonymous>; _T1 = rs2_stream; _T2 = int][m[K’
[15.667s]   300 |         constexpr [01;36m[Kpair[m[K(const pair<_U1, _U2>& __p)
[15.667s]       |                   [01;36m[K^~~~[m[K
[15.667s] [01m[K/usr/include/c++/11/bits/stl_pair.h:300:19:[m[K [01;36m[Knote: [m[K  template argument deduction/substitution failed:
[15.667s] [01m[K/usr/include/c++/11/bits/stl_pair.h:276:26:[m[K [01;36m[Knote: [m[Kcandidate: ‘[01m[Ktemplate<class _U1, class _U2, typename std::enable_if<(_ConstructiblePair<_U1, _U2>() && (! _ImplicitlyConvertiblePair<_U1, _U2>())), bool>::type <anonymous> > constexpr std::pair<_T1, _T2>::pair(const _T1&, const _T2&) [with _U1 = _U1; _U2 = _U2; typename std::enable_if<(std::_PCC<true, _T1, _T2>::_ConstructiblePair<_U1, _U2>() && (! std::_PCC<true, _T1, _T2>::_ImplicitlyConvertiblePair<_U1, _U2>())), bool>::type <anonymous> = <anonymous>; _T1 = rs2_stream; _T2 = int][m[K’
[15.667s]   276 |       explicit constexpr [01;36m[Kpair[m[K(const _T1& __a, const _T2& __b)
[15.667s]       |                          [01;36m[K^~~~[m[K
[15.667s] [01m[K/usr/include/c++/11/bits/stl_pair.h:276:26:[m[K [01;36m[Knote: [m[K  template argument deduction/substitution failed:
[15.667s] [01m[K/usr/include/c++/11/bits/stl_pair.h:266:17:[m[K [01;36m[Knote: [m[Kcandidate: ‘[01m[Ktemplate<class _U1, class _U2, typename std::enable_if<(_ConstructiblePair<_U1, _U2>() && _ImplicitlyConvertiblePair<_U1, _U2>()), bool>::type <anonymous> > constexpr std::pair<_T1, _T2>::pair(const _T1&, const _T2&) [with _U1 = _U1; _U2 = _U2; typename std::enable_if<(std::_PCC<true, _T1, _T2>::_ConstructiblePair<_U1, _U2>() && std::_PCC<true, _T1, _T2>::_ImplicitlyConvertiblePair<_U1, _U2>()), bool>::type <anonymous> = <anonymous>; _T1 = rs2_stream; _T2 = int][m[K’
[15.667s]   266 |       constexpr [01;36m[Kpair[m[K(const _T1& __a, const _T2& __b)
[15.667s]       |                 [01;36m[K^~~~[m[K
[15.667s] [01m[K/usr/include/c++/11/bits/stl_pair.h:266:17:[m[K [01;36m[Knote: [m[K  template argument deduction/substitution failed:
[15.667s] [01m[K/usr/include/c++/11/bits/stl_pair.h:245:26:[m[K [01;36m[Knote: [m[Kcandidate: ‘[01m[Ktemplate<class _U1, class _U2, typename std::enable_if<std::__and_<std::is_default_constructible<_U1>, std::is_default_constructible<_Dp>, std::__not_<std::__and_<std::__is_implicitly_default_constructible<_U1>, std::__is_implicitly_default_constructible<_U2> > > >::value, bool>::type <anonymous> > constexpr std::pair<_T1, _T2>::pair() [with _U1 = _U1; _U2 = _U2; typename std::enable_if<std::__and_<std::is_default_constructible<_U1>, std::is_default_constructible<_U2>, std::__not_<std::__and_<std::__is_implicitly_default_constructible<_U1>, std::__is_implicitly_default_constructible<_U2> > > >::value, bool>::type <anonymous> = <anonymous>; _T1 = rs2_stream; _T2 = int][m[K’
[15.667s]   245 |       explicit constexpr [01;36m[Kpair[m[K()
[15.667s]       |                          [01;36m[K^~~~[m[K
[15.668s] [01m[K/usr/include/c++/11/bits/stl_pair.h:245:26:[m[K [01;36m[Knote: [m[K  template argument deduction/substitution failed:
[15.668s] In file included from [01m[K/home/brace/codeSpace/navi/src/realsense-ros/realsense2_camera/include/ros_sensor.h:22[m[K,
[15.668s]                  from [01m[K/home/brace/codeSpace/navi/src/realsense-ros/realsense2_camera/src/../include/base_realsense_node.h:63[m[K,
[15.668s]                  from [01m[K/home/brace/codeSpace/navi/src/realsense-ros/realsense2_camera/src/base_realsense_node.cpp:15[m[K:
[15.668s] [01m[K/home/brace/codeSpace/navi/src/realsense-ros/realsense2_camera/include/ros_utils.h:36:56:[m[K [01;36m[Knote: [m[K  candidate expects 0 arguments, 2 provided
[15.668s]    36 |     const stream_index_pair SAFETY{RS2_STREAM_SAFETY, 0[01;36m[K}[m[K;
[15.668s]       |                                                        [01;36m[K^[m[K
[15.668s] In file included from [01m[K/usr/include/c++/11/bits/stl_algobase.h:64[m[K,
[15.668s]                  from [01m[K/usr/include/c++/11/bits/specfun.h:45[m[K,
[15.668s]                  from [01m[K/usr/include/c++/11/cmath:1935[m[K,
[15.668s]                  from [01m[K/usr/include/c++/11/math.h:36[m[K,
[15.668s]                  from [01m[K/opt/ros/humble/include/librealsense2/rsutil.h:10[m[K,
[15.668s]                  from [01m[K/opt/ros/humble/include/librealsense2/rs.h:16[m[K,
[15.668s]                  from [01m[K/opt/ros/humble/include/librealsense2/rs.hpp:7[m[K,
[15.668s]                  from [01m[K/home/brace/codeSpace/navi/src/realsense-ros/realsense2_camera/src/../include/base_realsense_node.h:17[m[K,
[15.668s]                  from [01m[K/home/brace/codeSpace/navi/src/realsense-ros/realsense2_camera/src/base_realsense_node.cpp:15[m[K:
[15.668s] [01m[K/usr/include/c++/11/bits/stl_pair.h:232:26:[m[K [01;36m[Knote: [m[Kcandidate: ‘[01m[Ktemplate<class _U1, class _U2, typename std::enable_if<std::__and_<std::__is_implicitly_default_constructible<_U1>, std::__is_implicitly_default_constructible<_U2> >::value, bool>::type <anonymous> > constexpr std::pair<_T1, _T2>::pair() [with _U1 = _U1; _U2 = _U2; typename std::enable_if<std::__and_<std::__is_implicitly_default_constructible<_U1>, std::__is_implicitly_default_constructible<_U2> >::value, bool>::type <anonymous> = <anonymous>; _T1 = rs2_stream; _T2 = int][m[K’
[15.669s]   232 |       _GLIBCXX_CONSTEXPR [01;36m[Kpair[m[K()
[15.669s]       |                          [01;36m[K^~~~[m[K
[15.669s] [01m[K/usr/include/c++/11/bits/stl_pair.h:232:26:[m[K [01;36m[Knote: [m[K  template argument deduction/substitution failed:
[15.669s] In file included from [01m[K/home/brace/codeSpace/navi/src/realsense-ros/realsense2_camera/include/ros_sensor.h:22[m[K,
[15.669s]                  from [01m[K/home/brace/codeSpace/navi/src/realsense-ros/realsense2_camera/src/../include/base_realsense_node.h:63[m[K,
[15.669s]                  from [01m[K/home/brace/codeSpace/navi/src/realsense-ros/realsense2_camera/src/base_realsense_node.cpp:15[m[K:
[15.669s] [01m[K/home/brace/codeSpace/navi/src/realsense-ros/realsense2_camera/include/ros_utils.h:36:56:[m[K [01;36m[Knote: [m[K  candidate expects 0 arguments, 2 provided
[15.669s]    36 |     const stream_index_pair SAFETY{RS2_STREAM_SAFETY, 0[01;36m[K}[m[K;
[15.669s]       |                                                        [01;36m[K^[m[K
[15.669s] In file included from [01m[K/usr/include/c++/11/bits/stl_algobase.h:64[m[K,
[15.669s]                  from [01m[K/usr/include/c++/11/bits/specfun.h:45[m[K,
[15.669s]                  from [01m[K/usr/include/c++/11/cmath:1935[m[K,
[15.670s]                  from [01m[K/usr/include/c++/11/math.h:36[m[K,
[15.670s]                  from [01m[K/opt/ros/humble/include/librealsense2/rsutil.h:10[m[K,
[15.670s]                  from [01m[K/opt/ros/humble/include/librealsense2/rs.h:16[m[K,
[15.670s]                  from [01m[K/opt/ros/humble/include/librealsense2/rs.hpp:7[m[K,
[15.670s]                  from [01m[K/home/brace/codeSpace/navi/src/realsense-ros/realsense2_camera/src/../include/base_realsense_node.h:17[m[K,
[15.670s]                  from [01m[K/home/brace/codeSpace/navi/src/realsense-ros/realsense2_camera/src/base_realsense_node.cpp:15[m[K:
[15.670s] [01m[K/usr/include/c++/11/bits/stl_pair.h:315:17:[m[K [01;36m[Knote: [m[Kcandidate: ‘[01m[Kconstexpr std::pair<_T1, _T2>::pair(std::pair<_T1, _T2>&&) [with _T1 = rs2_stream; _T2 = int][m[K’
[15.670s]   315 |       constexpr [01;36m[Kpair[m[K(pair&&) = default;         ///< Move constructor
[15.670s]       |                 [01;36m[K^~~~[m[K
[15.670s] [01m[K/usr/include/c++/11/bits/stl_pair.h:315:17:[m[K [01;36m[Knote: [m[K  candidate expects 1 argument, 2 provided
[15.670s] [01m[K/usr/include/c++/11/bits/stl_pair.h:314:17:[m[K [01;36m[Knote: [m[Kcandidate: ‘[01m[Kconstexpr std::pair<_T1, _T2>::pair(const std::pair<_T1, _T2>&) [with _T1 = rs2_stream; _T2 = int][m[K’
[15.671s]   314 |       constexpr [01;36m[Kpair[m[K(const pair&) = default;    ///< Copy constructor
[15.671s]       |                 [01;36m[K^~~~[m[K
[15.671s] [01m[K/usr/include/c++/11/bits/stl_pair.h:314:17:[m[K [01;36m[Knote: [m[K  candidate expects 1 argument, 2 provided
[15.671s] gmake[2]: *** [CMakeFiles/realsense2_camera.dir/build.make:230：CMakeFiles/realsense2_camera.dir/src/profile_manager.cpp.o] 错误 1
[15.672s] In file included from [01m[K/home/brace/codeSpace/navi/src/realsense-ros/realsense2_camera/include/ros_sensor.h:22[m[K,
[15.672s]                  from [01m[K/home/brace/codeSpace/navi/src/realsense-ros/realsense2_camera/src/../include/base_realsense_node.h:63[m[K,
[15.672s]                  from [01m[K/home/brace/codeSpace/navi/src/realsense-ros/realsense2_camera/src/base_realsense_node.cpp:15[m[K:
[15.672s] [01m[K/home/brace/codeSpace/navi/src/realsense-ros/realsense2_camera/include/ros_utils.h:37:49:[m[K [01;31m[Kerror: [m[K‘[01m[KRS2_STREAM_LABELED_POINT_CLOUD[m[K’ was not declared in this scope
[15.672s]    37 |     const stream_index_pair LABELED_POINT_CLOUD{[01;31m[KRS2_STREAM_LABELED_POINT_CLOUD[m[K, 0};
[15.672s]       |                                                 [01;31m[K^~~~~~~~~~~~~~~~~~~~~~~~~~~~~~[m[K
[15.673s] [01m[K/home/brace/codeSpace/navi/src/realsense-ros/realsense2_camera/include/ros_utils.h:37:82:[m[K [01;31m[Kerror: [m[Kno matching function for call to ‘[01m[Kstd::pair<rs2_stream, int>::pair(<brace-enclosed initializer list>)[m[K’
[15.673s]    37 |     const stream_index_pair LABELED_POINT_CLOUD{RS2_STREAM_LABELED_POINT_CLOUD, 0[01;31m[K}[m[K;
[15.673s]       |                                                                                  [01;31m[K^[m[K
[15.673s] In file included from [01m[K/usr/include/c++/11/bits/stl_algobase.h:64[m[K,
[15.673s]                  from [01m[K/usr/include/c++/11/bits/specfun.h:45[m[K,
[15.673s]                  from [01m[K/usr/include/c++/11/cmath:1935[m[K,
[15.673s]                  from [01m[K/usr/include/c++/11/math.h:36[m[K,
[15.673s]                  from [01m[K/opt/ros/humble/include/librealsense2/rsutil.h:10[m[K,
[15.673s]                  from [01m[K/opt/ros/humble/include/librealsense2/rs.h:16[m[K,
[15.674s]                  from [01m[K/opt/ros/humble/include/librealsense2/rs.hpp:7[m[K,
[15.674s]                  from [01m[K/home/brace/codeSpace/navi/src/realsense-ros/realsense2_camera/src/../include/base_realsense_node.h:17[m[K,
[15.674s]                  from [01m[K/home/brace/codeSpace/navi/src/realsense-ros/realsense2_camera/src/base_realsense_node.cpp:15[m[K:
[15.674s] [01m[K/usr/include/c++/11/bits/stl_pair.h:452:9:[m[K [01;36m[Knote: [m[Kcandidate: ‘[01m[Ktemplate<class ... _Args1, long unsigned int ..._Indexes1, class ... _Args2, long unsigned int ..._Indexes2> std::pair<_T1, _T2>::pair(std::tuple<_Args1 ...>&, std::tuple<_Args2 ...>&, std::_Index_tuple<_Indexes1 ...>, std::_Index_tuple<_Indexes2 ...>) [with _Args1 = {_Args1 ...}; long unsigned int ..._Indexes1 = {_Indexes1 ...}; _Args2 = {_Args2 ...}; long unsigned int ..._Indexes2 = {_Indexes2 ...}; _T1 = rs2_stream; _T2 = int][m[K’
[15.674s]   452 |         [01;36m[Kpair[m[K(tuple<_Args1...>&, tuple<_Args2...>&,
[15.674s]       |         [01;36m[K^~~~[m[K
[15.674s] [01m[K/usr/include/c++/11/bits/stl_pair.h:452:9:[m[K [01;36m[Knote: [m[K  template argument deduction/substitution failed:
[15.674s] [01m[K/usr/include/c++/11/bits/stl_pair.h:387:9:[m[K [01;36m[Knote: [m[Kcandidate: ‘[01m[Ktemplate<class ... _Args1, class ... _Args2> std::pair<_T1, _T2>::pair(std::piecewise_construct_t, std::tuple<_Args1 ...>, std::tuple<_Args2 ...>) [with _Args1 = {_Args1 ...}; _Args2 = {_Args2 ...}; _T1 = rs2_stream; _T2 = int][m[K’
[15.674s]   387 |         [01;36m[Kpair[m[K(piecewise_construct_t, tuple<_Args1...>, tuple<_Args2...>);
[15.674s]       |         [01;36m[K^~~~[m[K
[15.674s] [01m[K/usr/include/c++/11/bits/stl_pair.h:387:9:[m[K [01;36m[Knote: [m[K  template argument deduction/substitution failed:
[15.675s] [01m[K/usr/include/c++/11/bits/stl_pair.h:381:28:[m[K [01;36m[Knote: [m[Kcandidate: ‘[01m[Ktemplate<class _U1, class _U2, typename std::enable_if<(std::_PCC<((! std::is_same<rs2_stream, _U1>::value) || (! std::is_same<int, _U2>::value)), rs2_stream, int>::_MoveConstructiblePair<_U1, _U2>() && (! std::_PCC<((! std::is_same<rs2_stream, _U1>::value) || (! std::is_same<int, _U2>::value)), rs2_stream, int>::_ImplicitlyMoveConvertiblePair<_U1, _U2>())), bool>::type <anonymous> > constexpr std::pair<_T1, _T2>::pair(std::pair<_U1, _U2>&&) [with _U1 = _U1; _U2 = _U2; typename std::enable_if<(std::_PCC<((! std::is_same<_T1, _U1>::value) || (! std::is_same<_T2, _U2>::value)), _T1, _T2>::_MoveConstructiblePair<_U1, _U2>() && (! std::_PCC<((! std::is_same<_T1, _U1>::value) || (! std::is_same<_T2, _U2>::value)), _T1, _T2>::_ImplicitlyMoveConvertiblePair<_U1, _U2>())), bool>::type <anonymous> = <anonymous>; _T1 = rs2_stream; _T2 = int][m[K’
[15.675s]   381 |         explicit constexpr [01;36m[Kpair[m[K(pair<_U1, _U2>&& __p)
[15.675s]       |                            [01;36m[K^~~~[m[K
[15.675s] [01m[K/usr/include/c++/11/bits/stl_pair.h:381:28:[m[K [01;36m[Knote: [m[K  template argument deduction/substitution failed:
[15.675s] [01m[K/usr/include/c++/11/bits/stl_pair.h:371:19:[m[K [01;36m[Knote: [m[Kcandidate: ‘[01m[Ktemplate<class _U1, class _U2, typename std::enable_if<(std::_PCC<((! std::is_same<rs2_stream, _U1>::value) || (! std::is_same<int, _U2>::value)), rs2_stream, int>::_MoveConstructiblePair<_U1, _U2>() && std::_PCC<((! std::is_same<rs2_stream, _U1>::value) || (! std::is_same<int, _U2>::value)), rs2_stream, int>::_ImplicitlyMoveConvertiblePair<_U1, _U2>()), bool>::type <anonymous> > constexpr std::pair<_T1, _T2>::pair(std::pair<_U1, _U2>&&) [with _U1 = _U1; _U2 = _U2; typename std::enable_if<(std::_PCC<((! std::is_same<_T1, _U1>::value) || (! std::is_same<_T2, _U2>::value)), _T1, _T2>::_MoveConstructiblePair<_U1, _U2>() && std::_PCC<((! std::is_same<_T1, _U1>::value) || (! std::is_same<_T2, _U2>::value)), _T1, _T2>::_ImplicitlyMoveConvertiblePair<_U1, _U2>()), bool>::type <anonymous> = <anonymous>; _T1 = rs2_stream; _T2 = int][m[K’
[15.675s]   371 |         constexpr [01;36m[Kpair[m[K(pair<_U1, _U2>&& __p)
[15.675s]       |                   [01;36m[K^~~~[m[K
[15.675s] [01m[K/usr/include/c++/11/bits/stl_pair.h:371:19:[m[K [01;36m[Knote: [m[K  template argument deduction/substitution failed:
[15.675s] [01m[K/usr/include/c++/11/bits/stl_pair.h:361:28:[m[K [01;36m[Knote: [m[Kcandidate: ‘[01m[Ktemplate<class _U1, class _U2, typename std::enable_if<(_MoveConstructiblePair<_U1, _U2>() && (! _ImplicitlyMoveConvertiblePair<_U1, _U2>())), bool>::type <anonymous> > constexpr std::pair<_T1, _T2>::pair(_U1&&, _U2&&) [with _U1 = _U1; _U2 = _U2; typename std::enable_if<(std::_PCC<true, _T1, _T2>::_MoveConstructiblePair<_U1, _U2>() && (! std::_PCC<true, _T1, _T2>::_ImplicitlyMoveConvertiblePair<_U1, _U2>())), bool>::type <anonymous> = <anonymous>; _T1 = rs2_stream; _T2 = int][m[K’
[15.675s]   361 |         explicit constexpr [01;36m[Kpair[m[K(_U1&& __x, _U2&& __y)
[15.675s]       |                            [01;36m[K^~~~[m[K
[15.676s] [01m[K/usr/include/c++/11/bits/stl_pair.h:361:28:[m[K [01;36m[Knote: [m[K  template argument deduction/substitution failed:
[15.676s] [01m[K/usr/include/c++/11/bits/stl_pair.h:352:19:[m[K [01;36m[Knote: [m[Kcandidate: ‘[01m[Ktemplate<class _U1, class _U2, typename std::enable_if<(_MoveConstructiblePair<_U1, _U2>() && _ImplicitlyMoveConvertiblePair<_U1, _U2>()), bool>::type <anonymous> > constexpr std::pair<_T1, _T2>::pair(_U1&&, _U2&&) [with _U1 = _U1; _U2 = _U2; typename std::enable_if<(std::_PCC<true, _T1, _T2>::_MoveConstructiblePair<_U1, _U2>() && std::_PCC<true, _T1, _T2>::_ImplicitlyMoveConvertiblePair<_U1, _U2>()), bool>::type <anonymous> = <anonymous>; _T1 = rs2_stream; _T2 = int][m[K’
[15.680s]   352 |         constexpr [01;36m[Kpair[m[K(_U1&& __x, _U2&& __y)
[15.680s]       |                   [01;36m[K^~~~[m[K
[15.680s] [01m[K/usr/include/c++/11/bits/stl_pair.h:352:19:[m[K [01;36m[Knote: [m[K  template argument deduction/substitution failed:
[15.680s] [01m[K/usr/include/c++/11/bits/stl_pair.h:343:17:[m[K [01;36m[Knote: [m[Kcandidate: ‘[01m[Ktemplate<class _U2, typename std::enable_if<_CopyMovePair<false, rs2_stream, _U2>(), bool>::type <anonymous> > std::pair<_T1, _T2>::pair(const _T1&, _U2&&) [with _U2 = _U2; typename std::enable_if<std::_PCC<true, _T1, _T2>::_CopyMovePair<false, _T1, _U2>(), bool>::type <anonymous> = <anonymous>; _T1 = rs2_stream; _T2 = int][m[K’
[15.681s]   343 |        explicit [01;36m[Kpair[m[K(const _T1& __x, _U2&& __y)
[15.681s]       |                 [01;36m[K^~~~[m[K
[15.681s] [01m[K/usr/include/c++/11/bits/stl_pair.h:343:17:[m[K [01;36m[Knote: [m[K  template argument deduction/substitution failed:
[15.681s] [01m[K/usr/include/c++/11/bits/stl_pair.h:336:18:[m[K [01;36m[Knote: [m[Kcandidate: ‘[01m[Ktemplate<class _U2, typename std::enable_if<_CopyMovePair<true, rs2_stream, _U2>(), bool>::type <anonymous> > constexpr std::pair<_T1, _T2>::pair(const _T1&, _U2&&) [with _U2 = _U2; typename std::enable_if<std::_PCC<true, _T1, _T2>::_CopyMovePair<true, _T1, _U2>(), bool>::type <anonymous> = <anonymous>; _T1 = rs2_stream; _T2 = int][m[K’
[15.681s]   336 |        constexpr [01;36m[Kpair[m[K(const _T1& __x, _U2&& __y)
[15.681s]       |                  [01;36m[K^~~~[m[K
[15.681s] [01m[K/usr/include/c++/11/bits/stl_pair.h:336:18:[m[K [01;36m[Knote: [m[K  template argument deduction/substitution failed:
[15.681s] [01m[K/usr/include/c++/11/bits/stl_pair.h:329:27:[m[K [01;36m[Knote: [m[Kcandidate: ‘[01m[Ktemplate<class _U1, typename std::enable_if<_MoveCopyPair<false, _U1, int>(), bool>::type <anonymous> > constexpr std::pair<_T1, _T2>::pair(_U1&&, const _T2&) [with _U1 = _U1; typename std::enable_if<std::_PCC<true, _T1, _T2>::_MoveCopyPair<false, _U1, _T2>(), bool>::type <anonymous> = <anonymous>; _T1 = rs2_stream; _T2 = int][m[K’
[15.681s]   329 |        explicit constexpr [01;36m[Kpair[m[K(_U1&& __x, const _T2& __y)
[15.681s]       |                           [01;36m[K^~~~[m[K
[15.681s] [01m[K/usr/include/c++/11/bits/stl_pair.h:329:27:[m[K [01;36m[Knote: [m[K  template argument deduction/substitution failed:
[15.681s] [01m[K/usr/include/c++/11/bits/stl_pair.h:322:18:[m[K [01;36m[Knote: [m[Kcandidate: ‘[01m[Ktemplate<class _U1, typename std::enable_if<_MoveCopyPair<true, _U1, int>(), bool>::type <anonymous> > constexpr std::pair<_T1, _T2>::pair(_U1&&, const _T2&) [with _U1 = _U1; typename std::enable_if<std::_PCC<true, _T1, _T2>::_MoveCopyPair<true, _U1, _T2>(), bool>::type <anonymous> = <anonymous>; _T1 = rs2_stream; _T2 = int][m[K’
[15.682s]   322 |        constexpr [01;36m[Kpair[m[K(_U1&& __x, const _T2& __y)
[15.682s]       |                  [01;36m[K^~~~[m[K
[15.682s] [01m[K/usr/include/c++/11/bits/stl_pair.h:322:18:[m[K [01;36m[Knote: [m[K  template argument deduction/substitution failed:
[15.682s] [01m[K/usr/include/c++/11/bits/stl_pair.h:309:28:[m[K [01;36m[Knote: [m[Kcandidate: ‘[01m[Ktemplate<class _U1, class _U2, typename std::enable_if<(std::_PCC<((! std::is_same<rs2_stream, _U1>::value) || (! std::is_same<int, _U2>::value)), rs2_stream, int>::_ConstructiblePair<_U1, _U2>() && (! std::_PCC<((! std::is_same<rs2_stream, _U1>::value) || (! std::is_same<int, _U2>::value)), rs2_stream, int>::_ImplicitlyConvertiblePair<_U1, _U2>())), bool>::type <anonymous> > constexpr std::pair<_T1, _T2>::pair(const std::pair<_U1, _U2>&) [with _U1 = _U1; _U2 = _U2; typename std::enable_if<(std::_PCC<((! std::is_same<_T1, _U1>::value) || (! std::is_same<_T2, _U2>::value)), _T1, _T2>::_ConstructiblePair<_U1, _U2>() && (! std::_PCC<((! std::is_same<_T1, _U1>::value) || (! std::is_same<_T2, _U2>::value)), _T1, _T2>::_ImplicitlyConvertiblePair<_U1, _U2>())), bool>::type <anonymous> = <anonymous>; _T1 = rs2_stream; _T2 = int][m[K’
[15.682s]   309 |         explicit constexpr [01;36m[Kpair[m[K(const pair<_U1, _U2>& __p)
[15.682s]       |                            [01;36m[K^~~~[m[K
[15.682s] [01m[K/usr/include/c++/11/bits/stl_pair.h:309:28:[m[K [01;36m[Knote: [m[K  template argument deduction/substitution failed:
[15.682s] [01m[K/usr/include/c++/11/bits/stl_pair.h:300:19:[m[K [01;36m[Knote: [m[Kcandidate: ‘[01m[Ktemplate<class _U1, class _U2, typename std::enable_if<(std::_PCC<((! std::is_same<rs2_stream, _U1>::value) || (! std::is_same<int, _U2>::value)), rs2_stream, int>::_ConstructiblePair<_U1, _U2>() && std::_PCC<((! std::is_same<rs2_stream, _U1>::value) || (! std::is_same<int, _U2>::value)), rs2_stream, int>::_ImplicitlyConvertiblePair<_U1, _U2>()), bool>::type <anonymous> > constexpr std::pair<_T1, _T2>::pair(const std::pair<_U1, _U2>&) [with _U1 = _U1; _U2 = _U2; typename std::enable_if<(std::_PCC<((! std::is_same<_T1, _U1>::value) || (! std::is_same<_T2, _U2>::value)), _T1, _T2>::_ConstructiblePair<_U1, _U2>() && std::_PCC<((! std::is_same<_T1, _U1>::value) || (! std::is_same<_T2, _U2>::value)), _T1, _T2>::_ImplicitlyConvertiblePair<_U1, _U2>()), bool>::type <anonymous> = <anonymous>; _T1 = rs2_stream; _T2 = int][m[K’
[15.682s]   300 |         constexpr [01;36m[Kpair[m[K(const pair<_U1, _U2>& __p)
[15.682s]       |                   [01;36m[K^~~~[m[K
[15.682s] [01m[K/usr/include/c++/11/bits/stl_pair.h:300:19:[m[K [01;36m[Knote: [m[K  template argument deduction/substitution failed:
[15.682s] [01m[K/usr/include/c++/11/bits/stl_pair.h:276:26:[m[K [01;36m[Knote: [m[Kcandidate: ‘[01m[Ktemplate<class _U1, class _U2, typename std::enable_if<(_ConstructiblePair<_U1, _U2>() && (! _ImplicitlyConvertiblePair<_U1, _U2>())), bool>::type <anonymous> > constexpr std::pair<_T1, _T2>::pair(const _T1&, const _T2&) [with _U1 = _U1; _U2 = _U2; typename std::enable_if<(std::_PCC<true, _T1, _T2>::_ConstructiblePair<_U1, _U2>() && (! std::_PCC<true, _T1, _T2>::_ImplicitlyConvertiblePair<_U1, _U2>())), bool>::type <anonymous> = <anonymous>; _T1 = rs2_stream; _T2 = int][m[K’
[15.682s]   276 |       explicit constexpr [01;36m[Kpair[m[K(const _T1& __a, const _T2& __b)
[15.682s]       |                          [01;36m[K^~~~[m[K
[15.683s] [01m[K/usr/include/c++/11/bits/stl_pair.h:276:26:[m[K [01;36m[Knote: [m[K  template argument deduction/substitution failed:
[15.683s] [01m[K/usr/include/c++/11/bits/stl_pair.h:266:17:[m[K [01;36m[Knote: [m[Kcandidate: ‘[01m[Ktemplate<class _U1, class _U2, typename std::enable_if<(_ConstructiblePair<_U1, _U2>() && _ImplicitlyConvertiblePair<_U1, _U2>()), bool>::type <anonymous> > constexpr std::pair<_T1, _T2>::pair(const _T1&, const _T2&) [with _U1 = _U1; _U2 = _U2; typename std::enable_if<(std::_PCC<true, _T1, _T2>::_ConstructiblePair<_U1, _U2>() && std::_PCC<true, _T1, _T2>::_ImplicitlyConvertiblePair<_U1, _U2>()), bool>::type <anonymous> = <anonymous>; _T1 = rs2_stream; _T2 = int][m[K’
[15.683s]   266 |       constexpr [01;36m[Kpair[m[K(const _T1& __a, const _T2& __b)
[15.683s]       |                 [01;36m[K^~~~[m[K
[15.683s] [01m[K/usr/include/c++/11/bits/stl_pair.h:266:17:[m[K [01;36m[Knote: [m[K  template argument deduction/substitution failed:
[15.683s] [01m[K/usr/include/c++/11/bits/stl_pair.h:245:26:[m[K [01;36m[Knote: [m[Kcandidate: ‘[01m[Ktemplate<class _U1, class _U2, typename std::enable_if<std::__and_<std::is_default_constructible<_U1>, std::is_default_constructible<_Dp>, std::__not_<std::__and_<std::__is_implicitly_default_constructible<_U1>, std::__is_implicitly_default_constructible<_U2> > > >::value, bool>::type <anonymous> > constexpr std::pair<_T1, _T2>::pair() [with _U1 = _U1; _U2 = _U2; typename std::enable_if<std::__and_<std::is_default_constructible<_U1>, std::is_default_constructible<_U2>, std::__not_<std::__and_<std::__is_implicitly_default_constructible<_U1>, std::__is_implicitly_default_constructible<_U2> > > >::value, bool>::type <anonymous> = <anonymous>; _T1 = rs2_stream; _T2 = int][m[K’
[15.683s]   245 |       explicit constexpr [01;36m[Kpair[m[K()
[15.683s]       |                          [01;36m[K^~~~[m[K
[15.683s] [01m[K/usr/include/c++/11/bits/stl_pair.h:245:26:[m[K [01;36m[Knote: [m[K  template argument deduction/substitution failed:
[15.683s] In file included from [01m[K/home/brace/codeSpace/navi/src/realsense-ros/realsense2_camera/include/ros_sensor.h:22[m[K,
[15.683s]                  from [01m[K/home/brace/codeSpace/navi/src/realsense-ros/realsense2_camera/src/../include/base_realsense_node.h:63[m[K,
[15.683s]                  from [01m[K/home/brace/codeSpace/navi/src/realsense-ros/realsense2_camera/src/base_realsense_node.cpp:15[m[K:
[15.683s] [01m[K/home/brace/codeSpace/navi/src/realsense-ros/realsense2_camera/include/ros_utils.h:37:82:[m[K [01;36m[Knote: [m[K  candidate expects 0 arguments, 2 provided
[15.683s]    37 |     const stream_index_pair LABELED_POINT_CLOUD{RS2_STREAM_LABELED_POINT_CLOUD, 0[01;36m[K}[m[K;
[15.684s]       |                                                                                  [01;36m[K^[m[K
[15.684s] In file included from [01m[K/usr/include/c++/11/bits/stl_algobase.h:64[m[K,
[15.684s]                  from [01m[K/usr/include/c++/11/bits/specfun.h:45[m[K,
[15.684s]                  from [01m[K/usr/include/c++/11/cmath:1935[m[K,
[15.684s]                  from [01m[K/usr/include/c++/11/math.h:36[m[K,
[15.684s]                  from [01m[K/opt/ros/humble/include/librealsense2/rsutil.h:10[m[K,
[15.684s]                  from [01m[K/opt/ros/humble/include/librealsense2/rs.h:16[m[K,
[15.684s]                  from [01m[K/opt/ros/humble/include/librealsense2/rs.hpp:7[m[K,
[15.684s]                  from [01m[K/home/brace/codeSpace/navi/src/realsense-ros/realsense2_camera/src/../include/base_realsense_node.h:17[m[K,
[15.684s]                  from [01m[K/home/brace/codeSpace/navi/src/realsense-ros/realsense2_camera/src/base_realsense_node.cpp:15[m[K:
[15.684s] [01m[K/usr/include/c++/11/bits/stl_pair.h:232:26:[m[K [01;36m[Knote: [m[Kcandidate: ‘[01m[Ktemplate<class _U1, class _U2, typename std::enable_if<std::__and_<std::__is_implicitly_default_constructible<_U1>, std::__is_implicitly_default_constructible<_U2> >::value, bool>::type <anonymous> > constexpr std::pair<_T1, _T2>::pair() [with _U1 = _U1; _U2 = _U2; typename std::enable_if<std::__and_<std::__is_implicitly_default_constructible<_U1>, std::__is_implicitly_default_constructible<_U2> >::value, bool>::type <anonymous> = <anonymous>; _T1 = rs2_stream; _T2 = int][m[K’
[15.684s]   232 |       _GLIBCXX_CONSTEXPR [01;36m[Kpair[m[K()
[15.684s]       |                          [01;36m[K^~~~[m[K
[15.685s] [01m[K/usr/include/c++/11/bits/stl_pair.h:232:26:[m[K [01;36m[Knote: [m[K  template argument deduction/substitution failed:
[15.685s] In file included from [01m[K/home/brace/codeSpace/navi/src/realsense-ros/realsense2_camera/include/ros_sensor.h:22[m[K,
[15.685s]                  from [01m[K/home/brace/codeSpace/navi/src/realsense-ros/realsense2_camera/src/../include/base_realsense_node.h:63[m[K,
[15.685s]                  from [01m[K/home/brace/codeSpace/navi/src/realsense-ros/realsense2_camera/src/base_realsense_node.cpp:15[m[K:
[15.685s] [01m[K/home/brace/codeSpace/navi/src/realsense-ros/realsense2_camera/include/ros_utils.h:37:82:[m[K [01;36m[Knote: [m[K  candidate expects 0 arguments, 2 provided
[15.685s]    37 |     const stream_index_pair LABELED_POINT_CLOUD{RS2_STREAM_LABELED_POINT_CLOUD, 0[01;36m[K}[m[K;
[15.685s]       |                                                                                  [01;36m[K^[m[K
[15.685s] In file included from [01m[K/usr/include/c++/11/bits/stl_algobase.h:64[m[K,
[15.685s]                  from [01m[K/usr/include/c++/11/bits/specfun.h:45[m[K,
[15.685s]                  from [01m[K/usr/include/c++/11/cmath:1935[m[K,
[15.685s]                  from [01m[K/usr/include/c++/11/math.h:36[m[K,
[15.685s]                  from [01m[K/opt/ros/humble/include/librealsense2/rsutil.h:10[m[K,
[15.685s]                  from [01m[K/opt/ros/humble/include/librealsense2/rs.h:16[m[K,
[15.685s]                  from [01m[K/opt/ros/humble/include/librealsense2/rs.hpp:7[m[K,
[15.685s]                  from [01m[K/home/brace/codeSpace/navi/src/realsense-ros/realsense2_camera/src/../include/base_realsense_node.h:17[m[K,
[15.686s]                  from [01m[K/home/brace/codeSpace/navi/src/realsense-ros/realsense2_camera/src/base_realsense_node.cpp:15[m[K:
[15.686s] [01m[K/usr/include/c++/11/bits/stl_pair.h:315:17:[m[K [01;36m[Knote: [m[Kcandidate: ‘[01m[Kconstexpr std::pair<_T1, _T2>::pair(std::pair<_T1, _T2>&&) [with _T1 = rs2_stream; _T2 = int][m[K’
[15.686s]   315 |       constexpr [01;36m[Kpair[m[K(pair&&) = default;         ///< Move constructor
[15.686s]       |                 [01;36m[K^~~~[m[K
[15.686s] [01m[K/usr/include/c++/11/bits/stl_pair.h:315:17:[m[K [01;36m[Knote: [m[K  candidate expects 1 argument, 2 provided
[15.686s] [01m[K/usr/include/c++/11/bits/stl_pair.h:314:17:[m[K [01;36m[Knote: [m[Kcandidate: ‘[01m[Kconstexpr std::pair<_T1, _T2>::pair(const std::pair<_T1, _T2>&) [with _T1 = rs2_stream; _T2 = int][m[K’
[15.686s]   314 |       constexpr [01;36m[Kpair[m[K(const pair&) = default;    ///< Copy constructor
[15.686s]       |                 [01;36m[K^~~~[m[K
[15.686s] [01m[K/usr/include/c++/11/bits/stl_pair.h:314:17:[m[K [01;36m[Knote: [m[K  candidate expects 1 argument, 2 provided
[15.689s] In file included from [01m[K/home/brace/codeSpace/navi/src/realsense-ros/realsense2_camera/include/ros_sensor.h:22[m[K,
[15.689s]                  from [01m[K/home/brace/codeSpace/navi/src/realsense-ros/realsense2_camera/src/../include/base_realsense_node.h:63[m[K,
[15.689s]                  from [01m[K/home/brace/codeSpace/navi/src/realsense-ros/realsense2_camera/src/base_realsense_node.cpp:15[m[K:
[15.689s] [01m[K/home/brace/codeSpace/navi/src/realsense-ros/realsense2_camera/include/ros_utils.h:38:39:[m[K [01;31m[Kerror: [m[K‘[01m[KRS2_STREAM_OCCUPANCY[m[K’ was not declared in this scope; did you mean ‘[01m[KRS2_STREAM_COUNT[m[K’?
[15.689s]    38 |     const stream_index_pair OCCUPANCY{[01;31m[KRS2_STREAM_OCCUPANCY[m[K, 0};
[15.689s]       |                                       [01;31m[K^~~~~~~~~~~~~~~~~~~~[m[K
[15.690s]       |                                       [32m[KRS2_STREAM_COUNT[m[K
[15.690s] [01m[K/home/brace/codeSpace/navi/src/realsense-ros/realsense2_camera/include/ros_utils.h:38:62:[m[K [01;31m[Kerror: [m[Kno matching function for call to ‘[01m[Kstd::pair<rs2_stream, int>::pair(<brace-enclosed initializer list>)[m[K’
[15.690s]    38 |     const stream_index_pair OCCUPANCY{RS2_STREAM_OCCUPANCY, 0[01;31m[K}[m[K;
[15.690s]       |                                                              [01;31m[K^[m[K
[15.690s] In file included from [01m[K/usr/include/c++/11/bits/stl_algobase.h:64[m[K,
[15.691s]                  from [01m[K/usr/include/c++/11/bits/specfun.h:45[m[K,
[15.691s]                  from [01m[K/usr/include/c++/11/cmath:1935[m[K,
[15.691s]                  from [01m[K/usr/include/c++/11/math.h:36[m[K,
[15.691s]                  from [01m[K/opt/ros/humble/include/librealsense2/rsutil.h:10[m[K,
[15.691s]                  from [01m[K/opt/ros/humble/include/librealsense2/rs.h:16[m[K,
[15.691s]                  from [01m[K/opt/ros/humble/include/librealsense2/rs.hpp:7[m[K,
[15.691s]                  from [01m[K/home/brace/codeSpace/navi/src/realsense-ros/realsense2_camera/src/../include/base_realsense_node.h:17[m[K,
[15.691s]                  from [01m[K/home/brace/codeSpace/navi/src/realsense-ros/realsense2_camera/src/base_realsense_node.cpp:15[m[K:
[15.691s] [01m[K/usr/include/c++/11/bits/stl_pair.h:452:9:[m[K [01;36m[Knote: [m[Kcandidate: ‘[01m[Ktemplate<class ... _Args1, long unsigned int ..._Indexes1, class ... _Args2, long unsigned int ..._Indexes2> std::pair<_T1, _T2>::pair(std::tuple<_Args1 ...>&, std::tuple<_Args2 ...>&, std::_Index_tuple<_Indexes1 ...>, std::_Index_tuple<_Indexes2 ...>) [with _Args1 = {_Args1 ...}; long unsigned int ..._Indexes1 = {_Indexes1 ...}; _Args2 = {_Args2 ...}; long unsigned int ..._Indexes2 = {_Indexes2 ...}; _T1 = rs2_stream; _T2 = int][m[K’
[15.692s]   452 |         [01;36m[Kpair[m[K(tuple<_Args1...>&, tuple<_Args2...>&,
[15.692s]       |         [01;36m[K^~~~[m[K
[15.692s] [01m[K/usr/include/c++/11/bits/stl_pair.h:452:9:[m[K [01;36m[Knote: [m[K  template argument deduction/substitution failed:
[15.692s] [01m[K/usr/include/c++/11/bits/stl_pair.h:387:9:[m[K [01;36m[Knote: [m[Kcandidate: ‘[01m[Ktemplate<class ... _Args1, class ... _Args2> std::pair<_T1, _T2>::pair(std::piecewise_construct_t, std::tuple<_Args1 ...>, std::tuple<_Args2 ...>) [with _Args1 = {_Args1 ...}; _Args2 = {_Args2 ...}; _T1 = rs2_stream; _T2 = int][m[K’
[15.693s]   387 |         [01;36m[Kpair[m[K(piecewise_construct_t, tuple<_Args1...>, tuple<_Args2...>);
[15.693s]       |         [01;36m[K^~~~[m[K
[15.693s] [01m[K/usr/include/c++/11/bits/stl_pair.h:387:9:[m[K [01;36m[Knote: [m[K  template argument deduction/substitution failed:
[15.693s] [01m[K/usr/include/c++/11/bits/stl_pair.h:381:28:[m[K [01;36m[Knote: [m[Kcandidate: ‘[01m[Ktemplate<class _U1, class _U2, typename std::enable_if<(std::_PCC<((! std::is_same<rs2_stream, _U1>::value) || (! std::is_same<int, _U2>::value)), rs2_stream, int>::_MoveConstructiblePair<_U1, _U2>() && (! std::_PCC<((! std::is_same<rs2_stream, _U1>::value) || (! std::is_same<int, _U2>::value)), rs2_stream, int>::_ImplicitlyMoveConvertiblePair<_U1, _U2>())), bool>::type <anonymous> > constexpr std::pair<_T1, _T2>::pair(std::pair<_U1, _U2>&&) [with _U1 = _U1; _U2 = _U2; typename std::enable_if<(std::_PCC<((! std::is_same<_T1, _U1>::value) || (! std::is_same<_T2, _U2>::value)), _T1, _T2>::_MoveConstructiblePair<_U1, _U2>() && (! std::_PCC<((! std::is_same<_T1, _U1>::value) || (! std::is_same<_T2, _U2>::value)), _T1, _T2>::_ImplicitlyMoveConvertiblePair<_U1, _U2>())), bool>::type <anonymous> = <anonymous>; _T1 = rs2_stream; _T2 = int][m[K’
[15.693s]   381 |         explicit constexpr [01;36m[Kpair[m[K(pair<_U1, _U2>&& __p)
[15.693s]       |                            [01;36m[K^~~~[m[K
[15.693s] [01m[K/usr/include/c++/11/bits/stl_pair.h:381:28:[m[K [01;36m[Knote: [m[K  template argument deduction/substitution failed:
[15.693s] [01m[K/usr/include/c++/11/bits/stl_pair.h:371:19:[m[K [01;36m[Knote: [m[Kcandidate: ‘[01m[Ktemplate<class _U1, class _U2, typename std::enable_if<(std::_PCC<((! std::is_same<rs2_stream, _U1>::value) || (! std::is_same<int, _U2>::value)), rs2_stream, int>::_MoveConstructiblePair<_U1, _U2>() && std::_PCC<((! std::is_same<rs2_stream, _U1>::value) || (! std::is_same<int, _U2>::value)), rs2_stream, int>::_ImplicitlyMoveConvertiblePair<_U1, _U2>()), bool>::type <anonymous> > constexpr std::pair<_T1, _T2>::pair(std::pair<_U1, _U2>&&) [with _U1 = _U1; _U2 = _U2; typename std::enable_if<(std::_PCC<((! std::is_same<_T1, _U1>::value) || (! std::is_same<_T2, _U2>::value)), _T1, _T2>::_MoveConstructiblePair<_U1, _U2>() && std::_PCC<((! std::is_same<_T1, _U1>::value) || (! std::is_same<_T2, _U2>::value)), _T1, _T2>::_ImplicitlyMoveConvertiblePair<_U1, _U2>()), bool>::type <anonymous> = <anonymous>; _T1 = rs2_stream; _T2 = int][m[K’
[15.693s]   371 |         constexpr [01;36m[Kpair[m[K(pair<_U1, _U2>&& __p)
[15.693s]       |                   [01;36m[K^~~~[m[K
[15.693s] [01m[K/usr/include/c++/11/bits/stl_pair.h:371:19:[m[K [01;36m[Knote: [m[K  template argument deduction/substitution failed:
[15.693s] [01m[K/usr/include/c++/11/bits/stl_pair.h:361:28:[m[K [01;36m[Knote: [m[Kcandidate: ‘[01m[Ktemplate<class _U1, class _U2, typename std::enable_if<(_MoveConstructiblePair<_U1, _U2>() && (! _ImplicitlyMoveConvertiblePair<_U1, _U2>())), bool>::type <anonymous> > constexpr std::pair<_T1, _T2>::pair(_U1&&, _U2&&) [with _U1 = _U1; _U2 = _U2; typename std::enable_if<(std::_PCC<true, _T1, _T2>::_MoveConstructiblePair<_U1, _U2>() && (! std::_PCC<true, _T1, _T2>::_ImplicitlyMoveConvertiblePair<_U1, _U2>())), bool>::type <anonymous> = <anonymous>; _T1 = rs2_stream; _T2 = int][m[K’
[15.694s]   361 |         explicit constexpr [01;36m[Kpair[m[K(_U1&& __x, _U2&& __y)
[15.694s]       |                            [01;36m[K^~~~[m[K
[15.694s] [01m[K/usr/include/c++/11/bits/stl_pair.h:361:28:[m[K [01;36m[Knote: [m[K  template argument deduction/substitution failed:
[15.694s] [01m[K/usr/include/c++/11/bits/stl_pair.h:352:19:[m[K [01;36m[Knote: [m[Kcandidate: ‘[01m[Ktemplate<class _U1, class _U2, typename std::enable_if<(_MoveConstructiblePair<_U1, _U2>() && _ImplicitlyMoveConvertiblePair<_U1, _U2>()), bool>::type <anonymous> > constexpr std::pair<_T1, _T2>::pair(_U1&&, _U2&&) [with _U1 = _U1; _U2 = _U2; typename std::enable_if<(std::_PCC<true, _T1, _T2>::_MoveConstructiblePair<_U1, _U2>() && std::_PCC<true, _T1, _T2>::_ImplicitlyMoveConvertiblePair<_U1, _U2>()), bool>::type <anonymous> = <anonymous>; _T1 = rs2_stream; _T2 = int][m[K’
[15.694s]   352 |         constexpr [01;36m[Kpair[m[K(_U1&& __x, _U2&& __y)
[15.694s]       |                   [01;36m[K^~~~[m[K
[15.694s] [01m[K/usr/include/c++/11/bits/stl_pair.h:352:19:[m[K [01;36m[Knote: [m[K  template argument deduction/substitution failed:
[15.694s] [01m[K/usr/include/c++/11/bits/stl_pair.h:343:17:[m[K [01;36m[Knote: [m[Kcandidate: ‘[01m[Ktemplate<class _U2, typename std::enable_if<_CopyMovePair<false, rs2_stream, _U2>(), bool>::type <anonymous> > std::pair<_T1, _T2>::pair(const _T1&, _U2&&) [with _U2 = _U2; typename std::enable_if<std::_PCC<true, _T1, _T2>::_CopyMovePair<false, _T1, _U2>(), bool>::type <anonymous> = <anonymous>; _T1 = rs2_stream; _T2 = int][m[K’
[15.694s]   343 |        explicit [01;36m[Kpair[m[K(const _T1& __x, _U2&& __y)
[15.694s]       |                 [01;36m[K^~~~[m[K
[15.695s] [01m[K/usr/include/c++/11/bits/stl_pair.h:343:17:[m[K [01;36m[Knote: [m[K  template argument deduction/substitution failed:
[15.695s] [01m[K/usr/include/c++/11/bits/stl_pair.h:336:18:[m[K [01;36m[Knote: [m[Kcandidate: ‘[01m[Ktemplate<class _U2, typename std::enable_if<_CopyMovePair<true, rs2_stream, _U2>(), bool>::type <anonymous> > constexpr std::pair<_T1, _T2>::pair(const _T1&, _U2&&) [with _U2 = _U2; typename std::enable_if<std::_PCC<true, _T1, _T2>::_CopyMovePair<true, _T1, _U2>(), bool>::type <anonymous> = <anonymous>; _T1 = rs2_stream; _T2 = int][m[K’
[15.695s]   336 |        constexpr [01;36m[Kpair[m[K(const _T1& __x, _U2&& __y)
[15.695s]       |                  [01;36m[K^~~~[m[K
[15.695s] [01m[K/usr/include/c++/11/bits/stl_pair.h:336:18:[m[K [01;36m[Knote: [m[K  template argument deduction/substitution failed:
[15.695s] [01m[K/usr/include/c++/11/bits/stl_pair.h:329:27:[m[K [01;36m[Knote: [m[Kcandidate: ‘[01m[Ktemplate<class _U1, typename std::enable_if<_MoveCopyPair<false, _U1, int>(), bool>::type <anonymous> > constexpr std::pair<_T1, _T2>::pair(_U1&&, const _T2&) [with _U1 = _U1; typename std::enable_if<std::_PCC<true, _T1, _T2>::_MoveCopyPair<false, _U1, _T2>(), bool>::type <anonymous> = <anonymous>; _T1 = rs2_stream; _T2 = int][m[K’
[15.695s]   329 |        explicit constexpr [01;36m[Kpair[m[K(_U1&& __x, const _T2& __y)
[15.695s]       |                           [01;36m[K^~~~[m[K
[15.695s] [01m[K/usr/include/c++/11/bits/stl_pair.h:329:27:[m[K [01;36m[Knote: [m[K  template argument deduction/substitution failed:
[15.695s] [01m[K/usr/include/c++/11/bits/stl_pair.h:322:18:[m[K [01;36m[Knote: [m[Kcandidate: ‘[01m[Ktemplate<class _U1, typename std::enable_if<_MoveCopyPair<true, _U1, int>(), bool>::type <anonymous> > constexpr std::pair<_T1, _T2>::pair(_U1&&, const _T2&) [with _U1 = _U1; typename std::enable_if<std::_PCC<true, _T1, _T2>::_MoveCopyPair<true, _U1, _T2>(), bool>::type <anonymous> = <anonymous>; _T1 = rs2_stream; _T2 = int][m[K’
[15.695s]   322 |        constexpr [01;36m[Kpair[m[K(_U1&& __x, const _T2& __y)
[15.695s]       |                  [01;36m[K^~~~[m[K
[15.695s] [01m[K/usr/include/c++/11/bits/stl_pair.h:322:18:[m[K [01;36m[Knote: [m[K  template argument deduction/substitution failed:
[15.695s] [01m[K/usr/include/c++/11/bits/stl_pair.h:309:28:[m[K [01;36m[Knote: [m[Kcandidate: ‘[01m[Ktemplate<class _U1, class _U2, typename std::enable_if<(std::_PCC<((! std::is_same<rs2_stream, _U1>::value) || (! std::is_same<int, _U2>::value)), rs2_stream, int>::_ConstructiblePair<_U1, _U2>() && (! std::_PCC<((! std::is_same<rs2_stream, _U1>::value) || (! std::is_same<int, _U2>::value)), rs2_stream, int>::_ImplicitlyConvertiblePair<_U1, _U2>())), bool>::type <anonymous> > constexpr std::pair<_T1, _T2>::pair(const std::pair<_U1, _U2>&) [with _U1 = _U1; _U2 = _U2; typename std::enable_if<(std::_PCC<((! std::is_same<_T1, _U1>::value) || (! std::is_same<_T2, _U2>::value)), _T1, _T2>::_ConstructiblePair<_U1, _U2>() && (! std::_PCC<((! std::is_same<_T1, _U1>::value) || (! std::is_same<_T2, _U2>::value)), _T1, _T2>::_ImplicitlyConvertiblePair<_U1, _U2>())), bool>::type <anonymous> = <anonymous>; _T1 = rs2_stream; _T2 = int][m[K’
[15.699s]   309 |         explicit constexpr [01;36m[Kpair[m[K(const pair<_U1, _U2>& __p)
[15.699s]       |                            [01;36m[K^~~~[m[K
[15.699s] [01m[K/usr/include/c++/11/bits/stl_pair.h:309:28:[m[K [01;36m[Knote: [m[K  template argument deduction/substitution failed:
[15.699s] [01m[K/usr/include/c++/11/bits/stl_pair.h:300:19:[m[K [01;36m[Knote: [m[Kcandidate: ‘[01m[Ktemplate<class _U1, class _U2, typename std::enable_if<(std::_PCC<((! std::is_same<rs2_stream, _U1>::value) || (! std::is_same<int, _U2>::value)), rs2_stream, int>::_ConstructiblePair<_U1, _U2>() && std::_PCC<((! std::is_same<rs2_stream, _U1>::value) || (! std::is_same<int, _U2>::value)), rs2_stream, int>::_ImplicitlyConvertiblePair<_U1, _U2>()), bool>::type <anonymous> > constexpr std::pair<_T1, _T2>::pair(const std::pair<_U1, _U2>&) [with _U1 = _U1; _U2 = _U2; typename std::enable_if<(std::_PCC<((! std::is_same<_T1, _U1>::value) || (! std::is_same<_T2, _U2>::value)), _T1, _T2>::_ConstructiblePair<_U1, _U2>() && std::_PCC<((! std::is_same<_T1, _U1>::value) || (! std::is_same<_T2, _U2>::value)), _T1, _T2>::_ImplicitlyConvertiblePair<_U1, _U2>()), bool>::type <anonymous> = <anonymous>; _T1 = rs2_stream; _T2 = int][m[K’
[15.700s]   300 |         constexpr [01;36m[Kpair[m[K(const pair<_U1, _U2>& __p)
[15.700s]       |                   [01;36m[K^~~~[m[K
[15.700s] [01m[K/usr/include/c++/11/bits/stl_pair.h:300:19:[m[K [01;36m[Knote: [m[K  template argument deduction/substitution failed:
[15.700s] [01m[K/usr/include/c++/11/bits/stl_pair.h:276:26:[m[K [01;36m[Knote: [m[Kcandidate: ‘[01m[Ktemplate<class _U1, class _U2, typename std::enable_if<(_ConstructiblePair<_U1, _U2>() && (! _ImplicitlyConvertiblePair<_U1, _U2>())), bool>::type <anonymous> > constexpr std::pair<_T1, _T2>::pair(const _T1&, const _T2&) [with _U1 = _U1; _U2 = _U2; typename std::enable_if<(std::_PCC<true, _T1, _T2>::_ConstructiblePair<_U1, _U2>() && (! std::_PCC<true, _T1, _T2>::_ImplicitlyConvertiblePair<_U1, _U2>())), bool>::type <anonymous> = <anonymous>; _T1 = rs2_stream; _T2 = int][m[K’
[15.700s]   276 |       explicit constexpr [01;36m[Kpair[m[K(const _T1& __a, const _T2& __b)
[15.701s]       |                          [01;36m[K^~~~[m[K
[15.701s] [01m[K/usr/include/c++/11/bits/stl_pair.h:276:26:[m[K [01;36m[Knote: [m[K  template argument deduction/substitution failed:
[15.701s] [01m[K/usr/include/c++/11/bits/stl_pair.h:266:17:[m[K [01;36m[Knote: [m[Kcandidate: ‘[01m[Ktemplate<class _U1, class _U2, typename std::enable_if<(_ConstructiblePair<_U1, _U2>() && _ImplicitlyConvertiblePair<_U1, _U2>()), bool>::type <anonymous> > constexpr std::pair<_T1, _T2>::pair(const _T1&, const _T2&) [with _U1 = _U1; _U2 = _U2; typename std::enable_if<(std::_PCC<true, _T1, _T2>::_ConstructiblePair<_U1, _U2>() && std::_PCC<true, _T1, _T2>::_ImplicitlyConvertiblePair<_U1, _U2>()), bool>::type <anonymous> = <anonymous>; _T1 = rs2_stream; _T2 = int][m[K’
[15.701s]   266 |       constexpr [01;36m[Kpair[m[K(const _T1& __a, const _T2& __b)
[15.701s]       |                 [01;36m[K^~~~[m[K
[15.703s] [01m[K/usr/include/c++/11/bits/stl_pair.h:266:17:[m[K [01;36m[Knote: [m[K  template argument deduction/substitution failed:
[15.703s] [01m[K/usr/include/c++/11/bits/stl_pair.h:245:26:[m[K [01;36m[Knote: [m[Kcandidate: ‘[01m[Ktemplate<class _U1, class _U2, typename std::enable_if<std::__and_<std::is_default_constructible<_U1>, std::is_default_constructible<_Dp>, std::__not_<std::__and_<std::__is_implicitly_default_constructible<_U1>, std::__is_implicitly_default_constructible<_U2> > > >::value, bool>::type <anonymous> > constexpr std::pair<_T1, _T2>::pair() [with _U1 = _U1; _U2 = _U2; typename std::enable_if<std::__and_<std::is_default_constructible<_U1>, std::is_default_constructible<_U2>, std::__not_<std::__and_<std::__is_implicitly_default_constructible<_U1>, std::__is_implicitly_default_constructible<_U2> > > >::value, bool>::type <anonymous> = <anonymous>; _T1 = rs2_stream; _T2 = int][m[K’
[15.703s]   245 |       explicit constexpr [01;36m[Kpair[m[K()
[15.703s]       |                          [01;36m[K^~~~[m[K
[15.703s] [01m[K/usr/include/c++/11/bits/stl_pair.h:245:26:[m[K [01;36m[Knote: [m[K  template argument deduction/substitution failed:
[15.703s] In file included from [01m[K/home/brace/codeSpace/navi/src/realsense-ros/realsense2_camera/include/ros_sensor.h:22[m[K,
[15.703s]                  from [01m[K/home/brace/codeSpace/navi/src/realsense-ros/realsense2_camera/src/../include/base_realsense_node.h:63[m[K,
[15.703s]                  from [01m[K/home/brace/codeSpace/navi/src/realsense-ros/realsense2_camera/src/base_realsense_node.cpp:15[m[K:
[15.703s] [01m[K/home/brace/codeSpace/navi/src/realsense-ros/realsense2_camera/include/ros_utils.h:38:62:[m[K [01;36m[Knote: [m[K  candidate expects 0 arguments, 2 provided
[15.703s]    38 |     const stream_index_pair OCCUPANCY{RS2_STREAM_OCCUPANCY, 0[01;36m[K}[m[K;
[15.704s]       |                                                              [01;36m[K^[m[K
[15.704s] In file included from [01m[K/usr/include/c++/11/bits/stl_algobase.h:64[m[K,
[15.704s]                  from [01m[K/usr/include/c++/11/bits/specfun.h:45[m[K,
[15.704s]                  from [01m[K/usr/include/c++/11/cmath:1935[m[K,
[15.704s]                  from [01m[K/usr/include/c++/11/math.h:36[m[K,
[15.704s]                  from [01m[K/opt/ros/humble/include/librealsense2/rsutil.h:10[m[K,
[15.704s]                  from [01m[K/opt/ros/humble/include/librealsense2/rs.h:16[m[K,
[15.704s]                  from [01m[K/opt/ros/humble/include/librealsense2/rs.hpp:7[m[K,
[15.704s]                  from [01m[K/home/brace/codeSpace/navi/src/realsense-ros/realsense2_camera/src/../include/base_realsense_node.h:17[m[K,
[15.704s]                  from [01m[K/home/brace/codeSpace/navi/src/realsense-ros/realsense2_camera/src/base_realsense_node.cpp:15[m[K:
[15.704s] [01m[K/usr/include/c++/11/bits/stl_pair.h:232:26:[m[K [01;36m[Knote: [m[Kcandidate: ‘[01m[Ktemplate<class _U1, class _U2, typename std::enable_if<std::__and_<std::__is_implicitly_default_constructible<_U1>, std::__is_implicitly_default_constructible<_U2> >::value, bool>::type <anonymous> > constexpr std::pair<_T1, _T2>::pair() [with _U1 = _U1; _U2 = _U2; typename std::enable_if<std::__and_<std::__is_implicitly_default_constructible<_U1>, std::__is_implicitly_default_constructible<_U2> >::value, bool>::type <anonymous> = <anonymous>; _T1 = rs2_stream; _T2 = int][m[K’
[15.704s]   232 |       _GLIBCXX_CONSTEXPR [01;36m[Kpair[m[K()
[15.704s]       |                          [01;36m[K^~~~[m[K
[15.704s] [01m[K/usr/include/c++/11/bits/stl_pair.h:232:26:[m[K [01;36m[Knote: [m[K  template argument deduction/substitution failed:
[15.705s] In file included from [01m[K/home/brace/codeSpace/navi/src/realsense-ros/realsense2_camera/include/ros_sensor.h:22[m[K,
[15.705s]                  from [01m[K/home/brace/codeSpace/navi/src/realsense-ros/realsense2_camera/src/../include/base_realsense_node.h:63[m[K,
[15.705s]                  from [01m[K/home/brace/codeSpace/navi/src/realsense-ros/realsense2_camera/src/base_realsense_node.cpp:15[m[K:
[15.705s] [01m[K/home/brace/codeSpace/navi/src/realsense-ros/realsense2_camera/include/ros_utils.h:38:62:[m[K [01;36m[Knote: [m[K  candidate expects 0 arguments, 2 provided
[15.705s]    38 |     const stream_index_pair OCCUPANCY{RS2_STREAM_OCCUPANCY, 0[01;36m[K}[m[K;
[15.705s]       |                                                              [01;36m[K^[m[K
[15.705s] In file included from [01m[K/usr/include/c++/11/bits/stl_algobase.h:64[m[K,
[15.705s]                  from [01m[K/usr/include/c++/11/bits/specfun.h:45[m[K,
[15.705s]                  from [01m[K/usr/include/c++/11/cmath:1935[m[K,
[15.705s]                  from [01m[K/usr/include/c++/11/math.h:36[m[K,
[15.705s]                  from [01m[K/opt/ros/humble/include/librealsense2/rsutil.h:10[m[K,
[15.705s]                  from [01m[K/opt/ros/humble/include/librealsense2/rs.h:16[m[K,
[15.705s]                  from [01m[K/opt/ros/humble/include/librealsense2/rs.hpp:7[m[K,
[15.705s]                  from [01m[K/home/brace/codeSpace/navi/src/realsense-ros/realsense2_camera/src/../include/base_realsense_node.h:17[m[K,
[15.706s]                  from [01m[K/home/brace/codeSpace/navi/src/realsense-ros/realsense2_camera/src/base_realsense_node.cpp:15[m[K:
[15.706s] [01m[K/usr/include/c++/11/bits/stl_pair.h:315:17:[m[K [01;36m[Knote: [m[Kcandidate: ‘[01m[Kconstexpr std::pair<_T1, _T2>::pair(std::pair<_T1, _T2>&&) [with _T1 = rs2_stream; _T2 = int][m[K’
[15.706s]   315 |       constexpr [01;36m[Kpair[m[K(pair&&) = default;         ///< Move constructor
[15.706s]       |                 [01;36m[K^~~~[m[K
[15.706s] [01m[K/usr/include/c++/11/bits/stl_pair.h:315:17:[m[K [01;36m[Knote: [m[K  candidate expects 1 argument, 2 provided
[15.706s] [01m[K/usr/include/c++/11/bits/stl_pair.h:314:17:[m[K [01;36m[Knote: [m[Kcandidate: ‘[01m[Kconstexpr std::pair<_T1, _T2>::pair(const std::pair<_T1, _T2>&) [with _T1 = rs2_stream; _T2 = int][m[K’
[15.706s]   314 |       constexpr [01;36m[Kpair[m[K(const pair&) = default;    ///< Copy constructor
[15.706s]       |                 [01;36m[K^~~~[m[K
[15.706s] [01m[K/usr/include/c++/11/bits/stl_pair.h:314:17:[m[K [01;36m[Knote: [m[K  candidate expects 1 argument, 2 provided
[15.763s] In file included from [01m[K/home/brace/codeSpace/navi/src/realsense-ros/realsense2_camera/src/parameters.cpp:15[m[K:
[15.763s] [01m[K/home/brace/codeSpace/navi/src/realsense-ros/realsense2_camera/src/../include/base_realsense_node.h:277:39:[m[K [01;31m[Kerror: [m[K‘[01m[Krs2::labeled_points[m[K’ has not been declared
[15.763s]   277 |         void publishLabeledPointCloud([01;31m[Krs2[m[K::labeled_points lpc, const rclcpp::Time& t);
[15.763s]       |                                       [01;31m[K^~~[m[K
[15.769s] In file included from [01m[K/home/brace/codeSpace/navi/src/realsense-ros/realsense2_camera/include/ros_sensor.h:22[m[K,
[15.769s]                  from [01m[K/home/brace/codeSpace/navi/src/realsense-ros/realsense2_camera/src/../include/base_realsense_node.h:63[m[K,
[15.780s]                  from [01m[K/home/brace/codeSpace/navi/src/realsense-ros/realsense2_camera/src/rs_node_setup.cpp:15[m[K:
[15.780s] [01m[K/home/brace/codeSpace/navi/src/realsense-ros/realsense2_camera/include/ros_utils.h:36:36:[m[K [01;31m[Kerror: [m[K‘[01m[KRS2_STREAM_SAFETY[m[K’ was not declared in this scope; did you mean ‘[01m[KRS2_STREAM_ANY[m[K’?
[15.780s]    36 |     const stream_index_pair SAFETY{[01;31m[KRS2_STREAM_SAFETY[m[K, 0};
[15.781s]       |                                    [01;31m[K^~~~~~~~~~~~~~~~~[m[K
[15.781s]       |                                    [32m[KRS2_STREAM_ANY[m[K
[15.781s] [01m[K/home/brace/codeSpace/navi/src/realsense-ros/realsense2_camera/include/ros_utils.h:36:56:[m[K [01;31m[Kerror: [m[Kno matching function for call to ‘[01m[Kstd::pair<rs2_stream, int>::pair(<brace-enclosed initializer list>)[m[K’
[15.781s]    36 |     const stream_index_pair SAFETY{RS2_STREAM_SAFETY, 0[01;31m[K}[m[K;
[15.786s]       |                                                        [01;31m[K^[m[K
[15.786s] In file included from [01m[K/usr/include/c++/11/bits/stl_algobase.h:64[m[K,
[15.786s]                  from [01m[K/usr/include/c++/11/bits/specfun.h:45[m[K,
[15.786s]                  from [01m[K/usr/include/c++/11/cmath:1935[m[K,
[15.786s]                  from [01m[K/usr/include/c++/11/math.h:36[m[K,
[15.787s]                  from [01m[K/opt/ros/humble/include/librealsense2/rsutil.h:10[m[K,
[15.787s]                  from [01m[K/opt/ros/humble/include/librealsense2/rs.h:16[m[K,
[15.787s]                  from [01m[K/opt/ros/humble/include/librealsense2/rs.hpp:7[m[K,
[15.787s]                  from [01m[K/home/brace/codeSpace/navi/src/realsense-ros/realsense2_camera/src/../include/base_realsense_node.h:17[m[K,
[15.787s]                  from [01m[K/home/brace/codeSpace/navi/src/realsense-ros/realsense2_camera/src/rs_node_setup.cpp:15[m[K:
[15.787s] [01m[K/usr/include/c++/11/bits/stl_pair.h:452:9:[m[K [01;36m[Knote: [m[Kcandidate: ‘[01m[Ktemplate<class ... _Args1, long unsigned int ..._Indexes1, class ... _Args2, long unsigned int ..._Indexes2> std::pair<_T1, _T2>::pair(std::tuple<_Args1 ...>&, std::tuple<_Args2 ...>&, std::_Index_tuple<_Indexes1 ...>, std::_Index_tuple<_Indexes2 ...>) [with _Args1 = {_Args1 ...}; long unsigned int ..._Indexes1 = {_Indexes1 ...}; _Args2 = {_Args2 ...}; long unsigned int ..._Indexes2 = {_Indexes2 ...}; _T1 = rs2_stream; _T2 = int][m[K’
[15.787s]   452 |         [01;36m[Kpair[m[K(tuple<_Args1...>&, tuple<_Args2...>&,
[15.787s]       |         [01;36m[K^~~~[m[K
[15.787s] [01m[K/usr/include/c++/11/bits/stl_pair.h:452:9:[m[K [01;36m[Knote: [m[K  template argument deduction/substitution failed:
[15.787s] [01m[K/usr/include/c++/11/bits/stl_pair.h:387:9:[m[K [01;36m[Knote: [m[Kcandidate: ‘[01m[Ktemplate<class ... _Args1, class ... _Args2> std::pair<_T1, _T2>::pair(std::piecewise_construct_t, std::tuple<_Args1 ...>, std::tuple<_Args2 ...>) [with _Args1 = {_Args1 ...}; _Args2 = {_Args2 ...}; _T1 = rs2_stream; _T2 = int][m[K’
[15.787s]   387 |         [01;36m[Kpair[m[K(piecewise_construct_t, tuple<_Args1...>, tuple<_Args2...>);
[15.788s]       |         [01;36m[K^~~~[m[K
[15.788s] [01m[K/usr/include/c++/11/bits/stl_pair.h:387:9:[m[K [01;36m[Knote: [m[K  template argument deduction/substitution failed:
[15.788s] [01m[K/usr/include/c++/11/bits/stl_pair.h:381:28:[m[K [01;36m[Knote: [m[Kcandidate: ‘[01m[Ktemplate<class _U1, class _U2, typename std::enable_if<(std::_PCC<((! std::is_same<rs2_stream, _U1>::value) || (! std::is_same<int, _U2>::value)), rs2_stream, int>::_MoveConstructiblePair<_U1, _U2>() && (! std::_PCC<((! std::is_same<rs2_stream, _U1>::value) || (! std::is_same<int, _U2>::value)), rs2_stream, int>::_ImplicitlyMoveConvertiblePair<_U1, _U2>())), bool>::type <anonymous> > constexpr std::pair<_T1, _T2>::pair(std::pair<_U1, _U2>&&) [with _U1 = _U1; _U2 = _U2; typename std::enable_if<(std::_PCC<((! std::is_same<_T1, _U1>::value) || (! std::is_same<_T2, _U2>::value)), _T1, _T2>::_MoveConstructiblePair<_U1, _U2>() && (! std::_PCC<((! std::is_same<_T1, _U1>::value) || (! std::is_same<_T2, _U2>::value)), _T1, _T2>::_ImplicitlyMoveConvertiblePair<_U1, _U2>())), bool>::type <anonymous> = <anonymous>; _T1 = rs2_stream; _T2 = int][m[K’
[15.788s]   381 |         explicit constexpr [01;36m[Kpair[m[K(pair<_U1, _U2>&& __p)
[15.788s]       |                            [01;36m[K^~~~[m[K
[15.788s] [01m[K/usr/include/c++/11/bits/stl_pair.h:381:28:[m[K [01;36m[Knote: [m[K  template argument deduction/substitution failed:
[15.788s] [01m[K/usr/include/c++/11/bits/stl_pair.h:371:19:[m[K [01;36m[Knote: [m[Kcandidate: ‘[01m[Ktemplate<class _U1, class _U2, typename std::enable_if<(std::_PCC<((! std::is_same<rs2_stream, _U1>::value) || (! std::is_same<int, _U2>::value)), rs2_stream, int>::_MoveConstructiblePair<_U1, _U2>() && std::_PCC<((! std::is_same<rs2_stream, _U1>::value) || (! std::is_same<int, _U2>::value)), rs2_stream, int>::_ImplicitlyMoveConvertiblePair<_U1, _U2>()), bool>::type <anonymous> > constexpr std::pair<_T1, _T2>::pair(std::pair<_U1, _U2>&&) [with _U1 = _U1; _U2 = _U2; typename std::enable_if<(std::_PCC<((! std::is_same<_T1, _U1>::value) || (! std::is_same<_T2, _U2>::value)), _T1, _T2>::_MoveConstructiblePair<_U1, _U2>() && std::_PCC<((! std::is_same<_T1, _U1>::value) || (! std::is_same<_T2, _U2>::value)), _T1, _T2>::_ImplicitlyMoveConvertiblePair<_U1, _U2>()), bool>::type <anonymous> = <anonymous>; _T1 = rs2_stream; _T2 = int][m[K’
[15.788s]   371 |         constexpr [01;36m[Kpair[m[K(pair<_U1, _U2>&& __p)
[15.788s]       |                   [01;36m[K^~~~[m[K
[15.788s] [01m[K/usr/include/c++/11/bits/stl_pair.h:371:19:[m[K [01;36m[Knote: [m[K  template argument deduction/substitution failed:
[15.788s] [01m[K/usr/include/c++/11/bits/stl_pair.h:361:28:[m[K [01;36m[Knote: [m[Kcandidate: ‘[01m[Ktemplate<class _U1, class _U2, typename std::enable_if<(_MoveConstructiblePair<_U1, _U2>() && (! _ImplicitlyMoveConvertiblePair<_U1, _U2>())), bool>::type <anonymous> > constexpr std::pair<_T1, _T2>::pair(_U1&&, _U2&&) [with _U1 = _U1; _U2 = _U2; typename std::enable_if<(std::_PCC<true, _T1, _T2>::_MoveConstructiblePair<_U1, _U2>() && (! std::_PCC<true, _T1, _T2>::_ImplicitlyMoveConvertiblePair<_U1, _U2>())), bool>::type <anonymous> = <anonymous>; _T1 = rs2_stream; _T2 = int][m[K’
[15.789s]   361 |         explicit constexpr [01;36m[Kpair[m[K(_U1&& __x, _U2&& __y)
[15.789s]       |                            [01;36m[K^~~~[m[K
[15.789s] [01m[K/usr/include/c++/11/bits/stl_pair.h:361:28:[m[K [01;36m[Knote: [m[K  template argument deduction/substitution failed:
[15.789s] [01m[K/usr/include/c++/11/bits/stl_pair.h:352:19:[m[K [01;36m[Knote: [m[Kcandidate: ‘[01m[Ktemplate<class _U1, class _U2, typename std::enable_if<(_MoveConstructiblePair<_U1, _U2>() && _ImplicitlyMoveConvertiblePair<_U1, _U2>()), bool>::type <anonymous> > constexpr std::pair<_T1, _T2>::pair(_U1&&, _U2&&) [with _U1 = _U1; _U2 = _U2; typename std::enable_if<(std::_PCC<true, _T1, _T2>::_MoveConstructiblePair<_U1, _U2>() && std::_PCC<true, _T1, _T2>::_ImplicitlyMoveConvertiblePair<_U1, _U2>()), bool>::type <anonymous> = <anonymous>; _T1 = rs2_stream; _T2 = int][m[K’
[15.789s]   352 |         constexpr [01;36m[Kpair[m[K(_U1&& __x, _U2&& __y)
[15.789s]       |                   [01;36m[K^~~~[m[K
[15.789s] [01m[K/usr/include/c++/11/bits/stl_pair.h:352:19:[m[K [01;36m[Knote: [m[K  template argument deduction/substitution failed:
[15.789s] [01m[K/usr/include/c++/11/bits/stl_pair.h:343:17:[m[K [01;36m[Knote: [m[Kcandidate: ‘[01m[Ktemplate<class _U2, typename std::enable_if<_CopyMovePair<false, rs2_stream, _U2>(), bool>::type <anonymous> > std::pair<_T1, _T2>::pair(const _T1&, _U2&&) [with _U2 = _U2; typename std::enable_if<std::_PCC<true, _T1, _T2>::_CopyMovePair<false, _T1, _U2>(), bool>::type <anonymous> = <anonymous>; _T1 = rs2_stream; _T2 = int][m[K’
[15.789s]   343 |        explicit [01;36m[Kpair[m[K(const _T1& __x, _U2&& __y)
[15.789s]       |                 [01;36m[K^~~~[m[K
[15.789s] [01m[K/usr/include/c++/11/bits/stl_pair.h:343:17:[m[K [01;36m[Knote: [m[K  template argument deduction/substitution failed:
[15.790s] [01m[K/usr/include/c++/11/bits/stl_pair.h:336:18:[m[K [01;36m[Knote: [m[Kcandidate: ‘[01m[Ktemplate<class _U2, typename std::enable_if<_CopyMovePair<true, rs2_stream, _U2>(), bool>::type <anonymous> > constexpr std::pair<_T1, _T2>::pair(const _T1&, _U2&&) [with _U2 = _U2; typename std::enable_if<std::_PCC<true, _T1, _T2>::_CopyMovePair<true, _T1, _U2>(), bool>::type <anonymous> = <anonymous>; _T1 = rs2_stream; _T2 = int][m[K’
[15.790s]   336 |        constexpr [01;36m[Kpair[m[K(const _T1& __x, _U2&& __y)
[15.790s]       |                  [01;36m[K^~~~[m[K
[15.790s] [01m[K/usr/include/c++/11/bits/stl_pair.h:336:18:[m[K [01;36m[Knote: [m[K  template argument deduction/substitution failed:
[15.790s] [01m[K/usr/include/c++/11/bits/stl_pair.h:329:27:[m[K [01;36m[Knote: [m[Kcandidate: ‘[01m[Ktemplate<class _U1, typename std::enable_if<_MoveCopyPair<false, _U1, int>(), bool>::type <anonymous> > constexpr std::pair<_T1, _T2>::pair(_U1&&, const _T2&) [with _U1 = _U1; typename std::enable_if<std::_PCC<true, _T1, _T2>::_MoveCopyPair<false, _U1, _T2>(), bool>::type <anonymous> = <anonymous>; _T1 = rs2_stream; _T2 = int][m[K’
[15.790s]   329 |        explicit constexpr [01;36m[Kpair[m[K(_U1&& __x, const _T2& __y)
[15.790s]       |                           [01;36m[K^~~~[m[K
[15.790s] [01m[K/usr/include/c++/11/bits/stl_pair.h:329:27:[m[K [01;36m[Knote: [m[K  template argument deduction/substitution failed:
[15.790s] [01m[K/usr/include/c++/11/bits/stl_pair.h:322:18:[m[K [01;36m[Knote: [m[Kcandidate: ‘[01m[Ktemplate<class _U1, typename std::enable_if<_MoveCopyPair<true, _U1, int>(), bool>::type <anonymous> > constexpr std::pair<_T1, _T2>::pair(_U1&&, const _T2&) [with _U1 = _U1; typename std::enable_if<std::_PCC<true, _T1, _T2>::_MoveCopyPair<true, _U1, _T2>(), bool>::type <anonymous> = <anonymous>; _T1 = rs2_stream; _T2 = int][m[K’
[15.790s]   322 |        constexpr [01;36m[Kpair[m[K(_U1&& __x, const _T2& __y)
[15.790s]       |                  [01;36m[K^~~~[m[K
[15.790s] [01m[K/usr/include/c++/11/bits/stl_pair.h:322:18:[m[K [01;36m[Knote: [m[K  template argument deduction/substitution failed:
[15.790s] [01m[K/usr/include/c++/11/bits/stl_pair.h:309:28:[m[K [01;36m[Knote: [m[Kcandidate: ‘[01m[Ktemplate<class _U1, class _U2, typename std::enable_if<(std::_PCC<((! std::is_same<rs2_stream, _U1>::value) || (! std::is_same<int, _U2>::value)), rs2_stream, int>::_ConstructiblePair<_U1, _U2>() && (! std::_PCC<((! std::is_same<rs2_stream, _U1>::value) || (! std::is_same<int, _U2>::value)), rs2_stream, int>::_ImplicitlyConvertiblePair<_U1, _U2>())), bool>::type <anonymous> > constexpr std::pair<_T1, _T2>::pair(const std::pair<_U1, _U2>&) [with _U1 = _U1; _U2 = _U2; typename std::enable_if<(std::_PCC<((! std::is_same<_T1, _U1>::value) || (! std::is_same<_T2, _U2>::value)), _T1, _T2>::_ConstructiblePair<_U1, _U2>() && (! std::_PCC<((! std::is_same<_T1, _U1>::value) || (! std::is_same<_T2, _U2>::value)), _T1, _T2>::_ImplicitlyConvertiblePair<_U1, _U2>())), bool>::type <anonymous> = <anonymous>; _T1 = rs2_stream; _T2 = int][m[K’
[15.790s]   309 |         explicit constexpr [01;36m[Kpair[m[K(const pair<_U1, _U2>& __p)
[15.791s]       |                            [01;36m[K^~~~[m[K
[15.791s] [01m[K/usr/include/c++/11/bits/stl_pair.h:309:28:[m[K [01;36m[Knote: [m[K  template argument deduction/substitution failed:
[15.791s] [01m[K/usr/include/c++/11/bits/stl_pair.h:300:19:[m[K [01;36m[Knote: [m[Kcandidate: ‘[01m[Ktemplate<class _U1, class _U2, typename std::enable_if<(std::_PCC<((! std::is_same<rs2_stream, _U1>::value) || (! std::is_same<int, _U2>::value)), rs2_stream, int>::_ConstructiblePair<_U1, _U2>() && std::_PCC<((! std::is_same<rs2_stream, _U1>::value) || (! std::is_same<int, _U2>::value)), rs2_stream, int>::_ImplicitlyConvertiblePair<_U1, _U2>()), bool>::type <anonymous> > constexpr std::pair<_T1, _T2>::pair(const std::pair<_U1, _U2>&) [with _U1 = _U1; _U2 = _U2; typename std::enable_if<(std::_PCC<((! std::is_same<_T1, _U1>::value) || (! std::is_same<_T2, _U2>::value)), _T1, _T2>::_ConstructiblePair<_U1, _U2>() && std::_PCC<((! std::is_same<_T1, _U1>::value) || (! std::is_same<_T2, _U2>::value)), _T1, _T2>::_ImplicitlyConvertiblePair<_U1, _U2>()), bool>::type <anonymous> = <anonymous>; _T1 = rs2_stream; _T2 = int][m[K’
[15.791s]   300 |         constexpr [01;36m[Kpair[m[K(const pair<_U1, _U2>& __p)
[15.791s]       |                   [01;36m[K^~~~[m[K
[15.791s] [01m[K/usr/include/c++/11/bits/stl_pair.h:300:19:[m[K [01;36m[Knote: [m[K  template argument deduction/substitution failed:
[15.791s] [01m[K/usr/include/c++/11/bits/stl_pair.h:276:26:[m[K [01;36m[Knote: [m[Kcandidate: ‘[01m[Ktemplate<class _U1, class _U2, typename std::enable_if<(_ConstructiblePair<_U1, _U2>() && (! _ImplicitlyConvertiblePair<_U1, _U2>())), bool>::type <anonymous> > constexpr std::pair<_T1, _T2>::pair(const _T1&, const _T2&) [with _U1 = _U1; _U2 = _U2; typename std::enable_if<(std::_PCC<true, _T1, _T2>::_ConstructiblePair<_U1, _U2>() && (! std::_PCC<true, _T1, _T2>::_ImplicitlyConvertiblePair<_U1, _U2>())), bool>::type <anonymous> = <anonymous>; _T1 = rs2_stream; _T2 = int][m[K’
[15.791s]   276 |       explicit constexpr [01;36m[Kpair[m[K(const _T1& __a, const _T2& __b)
[15.791s]       |                          [01;36m[K^~~~[m[K
[15.791s] [01m[K/usr/include/c++/11/bits/stl_pair.h:276:26:[m[K [01;36m[Knote: [m[K  template argument deduction/substitution failed:
[15.791s] [01m[K/usr/include/c++/11/bits/stl_pair.h:266:17:[m[K [01;36m[Knote: [m[Kcandidate: ‘[01m[Ktemplate<class _U1, class _U2, typename std::enable_if<(_ConstructiblePair<_U1, _U2>() && _ImplicitlyConvertiblePair<_U1, _U2>()), bool>::type <anonymous> > constexpr std::pair<_T1, _T2>::pair(const _T1&, const _T2&) [with _U1 = _U1; _U2 = _U2; typename std::enable_if<(std::_PCC<true, _T1, _T2>::_ConstructiblePair<_U1, _U2>() && std::_PCC<true, _T1, _T2>::_ImplicitlyConvertiblePair<_U1, _U2>()), bool>::type <anonymous> = <anonymous>; _T1 = rs2_stream; _T2 = int][m[K’
[15.791s]   266 |       constexpr [01;36m[Kpair[m[K(const _T1& __a, const _T2& __b)
[15.792s]       |                 [01;36m[K^~~~[m[K
[15.792s] [01m[K/usr/include/c++/11/bits/stl_pair.h:266:17:[m[K [01;36m[Knote: [m[K  template argument deduction/substitution failed:
[15.792s] [01m[K/usr/include/c++/11/bits/stl_pair.h:245:26:[m[K [01;36m[Knote: [m[Kcandidate: ‘[01m[Ktemplate<class _U1, class _U2, typename std::enable_if<std::__and_<std::is_default_constructible<_U1>, std::is_default_constructible<_Dp>, std::__not_<std::__and_<std::__is_implicitly_default_constructible<_U1>, std::__is_implicitly_default_constructible<_U2> > > >::value, bool>::type <anonymous> > constexpr std::pair<_T1, _T2>::pair() [with _U1 = _U1; _U2 = _U2; typename std::enable_if<std::__and_<std::is_default_constructible<_U1>, std::is_default_constructible<_U2>, std::__not_<std::__and_<std::__is_implicitly_default_constructible<_U1>, std::__is_implicitly_default_constructible<_U2> > > >::value, bool>::type <anonymous> = <anonymous>; _T1 = rs2_stream; _T2 = int][m[K’
[15.792s]   245 |       explicit constexpr [01;36m[Kpair[m[K()
[15.792s]       |                          [01;36m[K^~~~[m[K
[15.792s] [01m[K/usr/include/c++/11/bits/stl_pair.h:245:26:[m[K [01;36m[Knote: [m[K  template argument deduction/substitution failed:
[15.792s] In file included from [01m[K/home/brace/codeSpace/navi/src/realsense-ros/realsense2_camera/include/ros_sensor.h:22[m[K,
[15.792s]                  from [01m[K/home/brace/codeSpace/navi/src/realsense-ros/realsense2_camera/src/../include/base_realsense_node.h:63[m[K,
[15.792s]                  from [01m[K/home/brace/codeSpace/navi/src/realsense-ros/realsense2_camera/src/rs_node_setup.cpp:15[m[K:
[15.792s] [01m[K/home/brace/codeSpace/navi/src/realsense-ros/realsense2_camera/include/ros_utils.h:36:56:[m[K [01;36m[Knote: [m[K  candidate expects 0 arguments, 2 provided
[15.792s]    36 |     const stream_index_pair SAFETY{RS2_STREAM_SAFETY, 0[01;36m[K}[m[K;
[15.792s]       |                                                        [01;36m[K^[m[K
[15.792s] In file included from [01m[K/usr/include/c++/11/bits/stl_algobase.h:64[m[K,
[15.792s]                  from [01m[K/usr/include/c++/11/bits/specfun.h:45[m[K,
[15.792s]                  from [01m[K/usr/include/c++/11/cmath:1935[m[K,
[15.793s]                  from [01m[K/usr/include/c++/11/math.h:36[m[K,
[15.793s]                  from [01m[K/opt/ros/humble/include/librealsense2/rsutil.h:10[m[K,
[15.793s]                  from [01m[K/opt/ros/humble/include/librealsense2/rs.h:16[m[K,
[15.794s]                  from [01m[K/opt/ros/humble/include/librealsense2/rs.hpp:7[m[K,
[15.795s]                  from [01m[K/home/brace/codeSpace/navi/src/realsense-ros/realsense2_camera/src/../include/base_realsense_node.h:17[m[K,
[15.795s]                  from [01m[K/home/brace/codeSpace/navi/src/realsense-ros/realsense2_camera/src/rs_node_setup.cpp:15[m[K:
[15.795s] [01m[K/usr/include/c++/11/bits/stl_pair.h:232:26:[m[K [01;36m[Knote: [m[Kcandidate: ‘[01m[Ktemplate<class _U1, class _U2, typename std::enable_if<std::__and_<std::__is_implicitly_default_constructible<_U1>, std::__is_implicitly_default_constructible<_U2> >::value, bool>::type <anonymous> > constexpr std::pair<_T1, _T2>::pair() [with _U1 = _U1; _U2 = _U2; typename std::enable_if<std::__and_<std::__is_implicitly_default_constructible<_U1>, std::__is_implicitly_default_constructible<_U2> >::value, bool>::type <anonymous> = <anonymous>; _T1 = rs2_stream; _T2 = int][m[K’
[15.795s]   232 |       _GLIBCXX_CONSTEXPR [01;36m[Kpair[m[K()
[15.796s]       |                          [01;36m[K^~~~[m[K
[15.796s] [01m[K/usr/include/c++/11/bits/stl_pair.h:232:26:[m[K [01;36m[Knote: [m[K  template argument deduction/substitution failed:
[15.796s] In file included from [01m[K/home/brace/codeSpace/navi/src/realsense-ros/realsense2_camera/include/ros_sensor.h:22[m[K,
[15.796s]                  from [01m[K/home/brace/codeSpace/navi/src/realsense-ros/realsense2_camera/src/../include/base_realsense_node.h:63[m[K,
[15.796s]                  from [01m[K/home/brace/codeSpace/navi/src/realsense-ros/realsense2_camera/src/rs_node_setup.cpp:15[m[K:
[15.797s] [01m[K/home/brace/codeSpace/navi/src/realsense-ros/realsense2_camera/include/ros_utils.h:36:56:[m[K [01;36m[Knote: [m[K  candidate expects 0 arguments, 2 provided
[15.797s]    36 |     const stream_index_pair SAFETY{RS2_STREAM_SAFETY, 0[01;36m[K}[m[K;
[15.797s]       |                                                        [01;36m[K^[m[K
[15.797s] In file included from [01m[K/usr/include/c++/11/bits/stl_algobase.h:64[m[K,
[15.797s]                  from [01m[K/usr/include/c++/11/bits/specfun.h:45[m[K,
[15.797s]                  from [01m[K/usr/include/c++/11/cmath:1935[m[K,
[15.797s]                  from [01m[K/usr/include/c++/11/math.h:36[m[K,
[15.797s]                  from [01m[K/opt/ros/humble/include/librealsense2/rsutil.h:10[m[K,
[15.797s]                  from [01m[K/opt/ros/humble/include/librealsense2/rs.h:16[m[K,
[15.797s]                  from [01m[K/opt/ros/humble/include/librealsense2/rs.hpp:7[m[K,
[15.797s]                  from [01m[K/home/brace/codeSpace/navi/src/realsense-ros/realsense2_camera/src/../include/base_realsense_node.h:17[m[K,
[15.797s]                  from [01m[K/home/brace/codeSpace/navi/src/realsense-ros/realsense2_camera/src/rs_node_setup.cpp:15[m[K:
[15.797s] [01m[K/usr/include/c++/11/bits/stl_pair.h:315:17:[m[K [01;36m[Knote: [m[Kcandidate: ‘[01m[Kconstexpr std::pair<_T1, _T2>::pair(std::pair<_T1, _T2>&&) [with _T1 = rs2_stream; _T2 = int][m[K’
[15.797s]   315 |       constexpr [01;36m[Kpair[m[K(pair&&) = default;         ///< Move constructor
[15.797s]       |                 [01;36m[K^~~~[m[K
[15.797s] [01m[K/usr/include/c++/11/bits/stl_pair.h:315:17:[m[K [01;36m[Knote: [m[K  candidate expects 1 argument, 2 provided
[15.797s] [01m[K/usr/include/c++/11/bits/stl_pair.h:314:17:[m[K [01;36m[Knote: [m[Kcandidate: ‘[01m[Kconstexpr std::pair<_T1, _T2>::pair(const std::pair<_T1, _T2>&) [with _T1 = rs2_stream; _T2 = int][m[K’
[15.797s]   314 |       constexpr [01;36m[Kpair[m[K(const pair&) = default;    ///< Copy constructor
[15.798s]       |                 [01;36m[K^~~~[m[K
[15.798s] [01m[K/usr/include/c++/11/bits/stl_pair.h:314:17:[m[K [01;36m[Knote: [m[K  candidate expects 1 argument, 2 provided
[15.812s] In file included from [01m[K/home/brace/codeSpace/navi/src/realsense-ros/realsense2_camera/include/ros_sensor.h:22[m[K,
[15.812s]                  from [01m[K/home/brace/codeSpace/navi/src/realsense-ros/realsense2_camera/src/../include/base_realsense_node.h:63[m[K,
[15.812s]                  from [01m[K/home/brace/codeSpace/navi/src/realsense-ros/realsense2_camera/src/rs_node_setup.cpp:15[m[K:
[15.813s] [01m[K/home/brace/codeSpace/navi/src/realsense-ros/realsense2_camera/include/ros_utils.h:37:49:[m[K [01;31m[Kerror: [m[K‘[01m[KRS2_STREAM_LABELED_POINT_CLOUD[m[K’ was not declared in this scope
[15.813s]    37 |     const stream_index_pair LABELED_POINT_CLOUD{[01;31m[KRS2_STREAM_LABELED_POINT_CLOUD[m[K, 0};
[15.813s]       |                                                 [01;31m[K^~~~~~~~~~~~~~~~~~~~~~~~~~~~~~[m[K
[15.813s] [01m[K/home/brace/codeSpace/navi/src/realsense-ros/realsense2_camera/include/ros_utils.h:37:82:[m[K [01;31m[Kerror: [m[Kno matching function for call to ‘[01m[Kstd::pair<rs2_stream, int>::pair(<brace-enclosed initializer list>)[m[K’
[15.813s]    37 |     const stream_index_pair LABELED_POINT_CLOUD{RS2_STREAM_LABELED_POINT_CLOUD, 0[01;31m[K}[m[K;
[15.813s]       |                                                                                  [01;31m[K^[m[K
[15.813s] In file included from [01m[K/usr/include/c++/11/bits/stl_algobase.h:64[m[K,
[15.813s]                  from [01m[K/usr/include/c++/11/bits/specfun.h:45[m[K,
[15.813s]                  from [01m[K/usr/include/c++/11/cmath:1935[m[K,
[15.813s]                  from [01m[K/usr/include/c++/11/math.h:36[m[K,
[15.813s]                  from [01m[K/opt/ros/humble/include/librealsense2/rsutil.h:10[m[K,
[15.813s]                  from [01m[K/opt/ros/humble/include/librealsense2/rs.h:16[m[K,
[15.813s]                  from [01m[K/opt/ros/humble/include/librealsense2/rs.hpp:7[m[K,
[15.813s]                  from [01m[K/home/brace/codeSpace/navi/src/realsense-ros/realsense2_camera/src/../include/base_realsense_node.h:17[m[K,
[15.813s]                  from [01m[K/home/brace/codeSpace/navi/src/realsense-ros/realsense2_camera/src/rs_node_setup.cpp:15[m[K:
[15.814s] [01m[K/usr/include/c++/11/bits/stl_pair.h:452:9:[m[K [01;36m[Knote: [m[Kcandidate: ‘[01m[Ktemplate<class ... _Args1, long unsigned int ..._Indexes1, class ... _Args2, long unsigned int ..._Indexes2> std::pair<_T1, _T2>::pair(std::tuple<_Args1 ...>&, std::tuple<_Args2 ...>&, std::_Index_tuple<_Indexes1 ...>, std::_Index_tuple<_Indexes2 ...>) [with _Args1 = {_Args1 ...}; long unsigned int ..._Indexes1 = {_Indexes1 ...}; _Args2 = {_Args2 ...}; long unsigned int ..._Indexes2 = {_Indexes2 ...}; _T1 = rs2_stream; _T2 = int][m[K’
[15.814s]   452 |         [01;36m[Kpair[m[K(tuple<_Args1...>&, tuple<_Args2...>&,
[15.814s]       |         [01;36m[K^~~~[m[K
[15.814s] [01m[K/usr/include/c++/11/bits/stl_pair.h:452:9:[m[K [01;36m[Knote: [m[K  template argument deduction/substitution failed:
[15.814s] [01m[K/usr/include/c++/11/bits/stl_pair.h:387:9:[m[K [01;36m[Knote: [m[Kcandidate: ‘[01m[Ktemplate<class ... _Args1, class ... _Args2> std::pair<_T1, _T2>::pair(std::piecewise_construct_t, std::tuple<_Args1 ...>, std::tuple<_Args2 ...>) [with _Args1 = {_Args1 ...}; _Args2 = {_Args2 ...}; _T1 = rs2_stream; _T2 = int][m[K’
[15.814s]   387 |         [01;36m[Kpair[m[K(piecewise_construct_t, tuple<_Args1...>, tuple<_Args2...>);
[15.814s]       |         [01;36m[K^~~~[m[K
[15.814s] [01m[K/usr/include/c++/11/bits/stl_pair.h:387:9:[m[K [01;36m[Knote: [m[K  template argument deduction/substitution failed:
[15.814s] [01m[K/usr/include/c++/11/bits/stl_pair.h:381:28:[m[K [01;36m[Knote: [m[Kcandidate: ‘[01m[Ktemplate<class _U1, class _U2, typename std::enable_if<(std::_PCC<((! std::is_same<rs2_stream, _U1>::value) || (! std::is_same<int, _U2>::value)), rs2_stream, int>::_MoveConstructiblePair<_U1, _U2>() && (! std::_PCC<((! std::is_same<rs2_stream, _U1>::value) || (! std::is_same<int, _U2>::value)), rs2_stream, int>::_ImplicitlyMoveConvertiblePair<_U1, _U2>())), bool>::type <anonymous> > constexpr std::pair<_T1, _T2>::pair(std::pair<_U1, _U2>&&) [with _U1 = _U1; _U2 = _U2; typename std::enable_if<(std::_PCC<((! std::is_same<_T1, _U1>::value) || (! std::is_same<_T2, _U2>::value)), _T1, _T2>::_MoveConstructiblePair<_U1, _U2>() && (! std::_PCC<((! std::is_same<_T1, _U1>::value) || (! std::is_same<_T2, _U2>::value)), _T1, _T2>::_ImplicitlyMoveConvertiblePair<_U1, _U2>())), bool>::type <anonymous> = <anonymous>; _T1 = rs2_stream; _T2 = int][m[K’
[15.814s]   381 |         explicit constexpr [01;36m[Kpair[m[K(pair<_U1, _U2>&& __p)
[15.814s]       |                            [01;36m[K^~~~[m[K
[15.814s] [01m[K/usr/include/c++/11/bits/stl_pair.h:381:28:[m[K [01;36m[Knote: [m[K  template argument deduction/substitution failed:
[15.814s] [01m[K/usr/include/c++/11/bits/stl_pair.h:371:19:[m[K [01;36m[Knote: [m[Kcandidate: ‘[01m[Ktemplate<class _U1, class _U2, typename std::enable_if<(std::_PCC<((! std::is_same<rs2_stream, _U1>::value) || (! std::is_same<int, _U2>::value)), rs2_stream, int>::_MoveConstructiblePair<_U1, _U2>() && std::_PCC<((! std::is_same<rs2_stream, _U1>::value) || (! std::is_same<int, _U2>::value)), rs2_stream, int>::_ImplicitlyMoveConvertiblePair<_U1, _U2>()), bool>::type <anonymous> > constexpr std::pair<_T1, _T2>::pair(std::pair<_U1, _U2>&&) [with _U1 = _U1; _U2 = _U2; typename std::enable_if<(std::_PCC<((! std::is_same<_T1, _U1>::value) || (! std::is_same<_T2, _U2>::value)), _T1, _T2>::_MoveConstructiblePair<_U1, _U2>() && std::_PCC<((! std::is_same<_T1, _U1>::value) || (! std::is_same<_T2, _U2>::value)), _T1, _T2>::_ImplicitlyMoveConvertiblePair<_U1, _U2>()), bool>::type <anonymous> = <anonymous>; _T1 = rs2_stream; _T2 = int][m[K’
[15.814s]   371 |         constexpr [01;36m[Kpair[m[K(pair<_U1, _U2>&& __p)
[15.815s]       |                   [01;36m[K^~~~[m[K
[15.815s] [01m[K/usr/include/c++/11/bits/stl_pair.h:371:19:[m[K [01;36m[Knote: [m[K  template argument deduction/substitution failed:
[15.815s] [01m[K/usr/include/c++/11/bits/stl_pair.h:361:28:[m[K [01;36m[Knote: [m[Kcandidate: ‘[01m[Ktemplate<class _U1, class _U2, typename std::enable_if<(_MoveConstructiblePair<_U1, _U2>() && (! _ImplicitlyMoveConvertiblePair<_U1, _U2>())), bool>::type <anonymous> > constexpr std::pair<_T1, _T2>::pair(_U1&&, _U2&&) [with _U1 = _U1; _U2 = _U2; typename std::enable_if<(std::_PCC<true, _T1, _T2>::_MoveConstructiblePair<_U1, _U2>() && (! std::_PCC<true, _T1, _T2>::_ImplicitlyMoveConvertiblePair<_U1, _U2>())), bool>::type <anonymous> = <anonymous>; _T1 = rs2_stream; _T2 = int][m[K’
[15.815s]   361 |         explicit constexpr [01;36m[Kpair[m[K(_U1&& __x, _U2&& __y)
[15.815s]       |                            [01;36m[K^~~~[m[K
[15.815s] [01m[K/usr/include/c++/11/bits/stl_pair.h:361:28:[m[K [01;36m[Knote: [m[K  template argument deduction/substitution failed:
[15.815s] [01m[K/usr/include/c++/11/bits/stl_pair.h:352:19:[m[K [01;36m[Knote: [m[Kcandidate: ‘[01m[Ktemplate<class _U1, class _U2, typename std::enable_if<(_MoveConstructiblePair<_U1, _U2>() && _ImplicitlyMoveConvertiblePair<_U1, _U2>()), bool>::type <anonymous> > constexpr std::pair<_T1, _T2>::pair(_U1&&, _U2&&) [with _U1 = _U1; _U2 = _U2; typename std::enable_if<(std::_PCC<true, _T1, _T2>::_MoveConstructiblePair<_U1, _U2>() && std::_PCC<true, _T1, _T2>::_ImplicitlyMoveConvertiblePair<_U1, _U2>()), bool>::type <anonymous> = <anonymous>; _T1 = rs2_stream; _T2 = int][m[K’
[15.815s]   352 |         constexpr [01;36m[Kpair[m[K(_U1&& __x, _U2&& __y)
[15.816s]       |                   [01;36m[K^~~~[m[K
[15.816s] [01m[K/usr/include/c++/11/bits/stl_pair.h:352:19:[m[K [01;36m[Knote: [m[K  template argument deduction/substitution failed:
[15.816s] [01m[K/usr/include/c++/11/bits/stl_pair.h:343:17:[m[K [01;36m[Knote: [m[Kcandidate: ‘[01m[Ktemplate<class _U2, typename std::enable_if<_CopyMovePair<false, rs2_stream, _U2>(), bool>::type <anonymous> > std::pair<_T1, _T2>::pair(const _T1&, _U2&&) [with _U2 = _U2; typename std::enable_if<std::_PCC<true, _T1, _T2>::_CopyMovePair<false, _T1, _U2>(), bool>::type <anonymous> = <anonymous>; _T1 = rs2_stream; _T2 = int][m[K’
[15.816s]   343 |        explicit [01;36m[Kpair[m[K(const _T1& __x, _U2&& __y)
[15.816s]       |                 [01;36m[K^~~~[m[K
[15.816s] [01m[K/usr/include/c++/11/bits/stl_pair.h:343:17:[m[K [01;36m[Knote: [m[K  template argument deduction/substitution failed:
[15.816s] [01m[K/usr/include/c++/11/bits/stl_pair.h:336:18:[m[K [01;36m[Knote: [m[Kcandidate: ‘[01m[Ktemplate<class _U2, typename std::enable_if<_CopyMovePair<true, rs2_stream, _U2>(), bool>::type <anonymous> > constexpr std::pair<_T1, _T2>::pair(const _T1&, _U2&&) [with _U2 = _U2; typename std::enable_if<std::_PCC<true, _T1, _T2>::_CopyMovePair<true, _T1, _U2>(), bool>::type <anonymous> = <anonymous>; _T1 = rs2_stream; _T2 = int][m[K’
[15.816s]   336 |        constexpr [01;36m[Kpair[m[K(const _T1& __x, _U2&& __y)
[15.816s]       |                  [01;36m[K^~~~[m[K
[15.816s] [01m[K/usr/include/c++/11/bits/stl_pair.h:336:18:[m[K [01;36m[Knote: [m[K  template argument deduction/substitution failed:
[15.816s] [01m[K/usr/include/c++/11/bits/stl_pair.h:329:27:[m[K [01;36m[Knote: [m[Kcandidate: ‘[01m[Ktemplate<class _U1, typename std::enable_if<_MoveCopyPair<false, _U1, int>(), bool>::type <anonymous> > constexpr std::pair<_T1, _T2>::pair(_U1&&, const _T2&) [with _U1 = _U1; typename std::enable_if<std::_PCC<true, _T1, _T2>::_MoveCopyPair<false, _U1, _T2>(), bool>::type <anonymous> = <anonymous>; _T1 = rs2_stream; _T2 = int][m[K’
[15.816s]   329 |        explicit constexpr [01;36m[Kpair[m[K(_U1&& __x, const _T2& __y)
[15.816s]       |                           [01;36m[K^~~~[m[K
[15.816s] [01m[K/usr/include/c++/11/bits/stl_pair.h:329:27:[m[K [01;36m[Knote: [m[K  template argument deduction/substitution failed:
[15.816s] [01m[K/usr/include/c++/11/bits/stl_pair.h:322:18:[m[K [01;36m[Knote: [m[Kcandidate: ‘[01m[Ktemplate<class _U1, typename std::enable_if<_MoveCopyPair<true, _U1, int>(), bool>::type <anonymous> > constexpr std::pair<_T1, _T2>::pair(_U1&&, const _T2&) [with _U1 = _U1; typename std::enable_if<std::_PCC<true, _T1, _T2>::_MoveCopyPair<true, _U1, _T2>(), bool>::type <anonymous> = <anonymous>; _T1 = rs2_stream; _T2 = int][m[K’
[15.816s]   322 |        constexpr [01;36m[Kpair[m[K(_U1&& __x, const _T2& __y)
[15.817s]       |                  [01;36m[K^~~~[m[K
[15.817s] [01m[K/usr/include/c++/11/bits/stl_pair.h:322:18:[m[K [01;36m[Knote: [m[K  template argument deduction/substitution failed:
[15.817s] [01m[K/usr/include/c++/11/bits/stl_pair.h:309:28:[m[K [01;36m[Knote: [m[Kcandidate: ‘[01m[Ktemplate<class _U1, class _U2, typename std::enable_if<(std::_PCC<((! std::is_same<rs2_stream, _U1>::value) || (! std::is_same<int, _U2>::value)), rs2_stream, int>::_ConstructiblePair<_U1, _U2>() && (! std::_PCC<((! std::is_same<rs2_stream, _U1>::value) || (! std::is_same<int, _U2>::value)), rs2_stream, int>::_ImplicitlyConvertiblePair<_U1, _U2>())), bool>::type <anonymous> > constexpr std::pair<_T1, _T2>::pair(const std::pair<_U1, _U2>&) [with _U1 = _U1; _U2 = _U2; typename std::enable_if<(std::_PCC<((! std::is_same<_T1, _U1>::value) || (! std::is_same<_T2, _U2>::value)), _T1, _T2>::_ConstructiblePair<_U1, _U2>() && (! std::_PCC<((! std::is_same<_T1, _U1>::value) || (! std::is_same<_T2, _U2>::value)), _T1, _T2>::_ImplicitlyConvertiblePair<_U1, _U2>())), bool>::type <anonymous> = <anonymous>; _T1 = rs2_stream; _T2 = int][m[K’
[15.817s]   309 |         explicit constexpr [01;36m[Kpair[m[K(const pair<_U1, _U2>& __p)
[15.817s]       |                            [01;36m[K^~~~[m[K
[15.817s] [01m[K/usr/include/c++/11/bits/stl_pair.h:309:28:[m[K [01;36m[Knote: [m[K  template argument deduction/substitution failed:
[15.817s] [01m[K/usr/include/c++/11/bits/stl_pair.h:300:19:[m[K [01;36m[Knote: [m[Kcandidate: ‘[01m[Ktemplate<class _U1, class _U2, typename std::enable_if<(std::_PCC<((! std::is_same<rs2_stream, _U1>::value) || (! std::is_same<int, _U2>::value)), rs2_stream, int>::_ConstructiblePair<_U1, _U2>() && std::_PCC<((! std::is_same<rs2_stream, _U1>::value) || (! std::is_same<int, _U2>::value)), rs2_stream, int>::_ImplicitlyConvertiblePair<_U1, _U2>()), bool>::type <anonymous> > constexpr std::pair<_T1, _T2>::pair(const std::pair<_U1, _U2>&) [with _U1 = _U1; _U2 = _U2; typename std::enable_if<(std::_PCC<((! std::is_same<_T1, _U1>::value) || (! std::is_same<_T2, _U2>::value)), _T1, _T2>::_ConstructiblePair<_U1, _U2>() && std::_PCC<((! std::is_same<_T1, _U1>::value) || (! std::is_same<_T2, _U2>::value)), _T1, _T2>::_ImplicitlyConvertiblePair<_U1, _U2>()), bool>::type <anonymous> = <anonymous>; _T1 = rs2_stream; _T2 = int][m[K’
[15.817s]   300 |         constexpr [01;36m[Kpair[m[K(const pair<_U1, _U2>& __p)
[15.817s]       |                   [01;36m[K^~~~[m[K
[15.817s] [01m[K/usr/include/c++/11/bits/stl_pair.h:300:19:[m[K [01;36m[Knote: [m[K  template argument deduction/substitution failed:
[15.817s] [01m[K/usr/include/c++/11/bits/stl_pair.h:276:26:[m[K [01;36m[Knote: [m[Kcandidate: ‘[01m[Ktemplate<class _U1, class _U2, typename std::enable_if<(_ConstructiblePair<_U1, _U2>() && (! _ImplicitlyConvertiblePair<_U1, _U2>())), bool>::type <anonymous> > constexpr std::pair<_T1, _T2>::pair(const _T1&, const _T2&) [with _U1 = _U1; _U2 = _U2; typename std::enable_if<(std::_PCC<true, _T1, _T2>::_ConstructiblePair<_U1, _U2>() && (! std::_PCC<true, _T1, _T2>::_ImplicitlyConvertiblePair<_U1, _U2>())), bool>::type <anonymous> = <anonymous>; _T1 = rs2_stream; _T2 = int][m[K’
[15.817s]   276 |       explicit constexpr [01;36m[Kpair[m[K(const _T1& __a, const _T2& __b)
[15.817s]       |                          [01;36m[K^~~~[m[K
[15.817s] [01m[K/usr/include/c++/11/bits/stl_pair.h:276:26:[m[K [01;36m[Knote: [m[K  template argument deduction/substitution failed:
[15.817s] [01m[K/usr/include/c++/11/bits/stl_pair.h:266:17:[m[K [01;36m[Knote: [m[Kcandidate: ‘[01m[Ktemplate<class _U1, class _U2, typename std::enable_if<(_ConstructiblePair<_U1, _U2>() && _ImplicitlyConvertiblePair<_U1, _U2>()), bool>::type <anonymous> > constexpr std::pair<_T1, _T2>::pair(const _T1&, const _T2&) [with _U1 = _U1; _U2 = _U2; typename std::enable_if<(std::_PCC<true, _T1, _T2>::_ConstructiblePair<_U1, _U2>() && std::_PCC<true, _T1, _T2>::_ImplicitlyConvertiblePair<_U1, _U2>()), bool>::type <anonymous> = <anonymous>; _T1 = rs2_stream; _T2 = int][m[K’
[15.818s]   266 |       constexpr [01;36m[Kpair[m[K(const _T1& __a, const _T2& __b)
[15.818s]       |                 [01;36m[K^~~~[m[K
[15.818s] [01m[K/usr/include/c++/11/bits/stl_pair.h:266:17:[m[K [01;36m[Knote: [m[K  template argument deduction/substitution failed:
[15.818s] [01m[K/usr/include/c++/11/bits/stl_pair.h:245:26:[m[K [01;36m[Knote: [m[Kcandidate: ‘[01m[Ktemplate<class _U1, class _U2, typename std::enable_if<std::__and_<std::is_default_constructible<_U1>, std::is_default_constructible<_Dp>, std::__not_<std::__and_<std::__is_implicitly_default_constructible<_U1>, std::__is_implicitly_default_constructible<_U2> > > >::value, bool>::type <anonymous> > constexpr std::pair<_T1, _T2>::pair() [with _U1 = _U1; _U2 = _U2; typename std::enable_if<std::__and_<std::is_default_constructible<_U1>, std::is_default_constructible<_U2>, std::__not_<std::__and_<std::__is_implicitly_default_constructible<_U1>, std::__is_implicitly_default_constructible<_U2> > > >::value, bool>::type <anonymous> = <anonymous>; _T1 = rs2_stream; _T2 = int][m[K’
[15.818s]   245 |       explicit constexpr [01;36m[Kpair[m[K()
[15.818s]       |                          [01;36m[K^~~~[m[K
[15.818s] [01m[K/usr/include/c++/11/bits/stl_pair.h:245:26:[m[K [01;36m[Knote: [m[K  template argument deduction/substitution failed:
[15.818s] In file included from [01m[K/home/brace/codeSpace/navi/src/realsense-ros/realsense2_camera/include/ros_sensor.h:22[m[K,
[15.818s]                  from [01m[K/home/brace/codeSpace/navi/src/realsense-ros/realsense2_camera/src/../include/base_realsense_node.h:63[m[K,
[15.818s]                  from [01m[K/home/brace/codeSpace/navi/src/realsense-ros/realsense2_camera/src/rs_node_setup.cpp:15[m[K:
[15.818s] [01m[K/home/brace/codeSpace/navi/src/realsense-ros/realsense2_camera/include/ros_utils.h:37:82:[m[K [01;36m[Knote: [m[K  candidate expects 0 arguments, 2 provided
[15.818s]    37 |     const stream_index_pair LABELED_POINT_CLOUD{RS2_STREAM_LABELED_POINT_CLOUD, 0[01;36m[K}[m[K;
[15.818s]       |                                                                                  [01;36m[K^[m[K
[15.818s] In file included from [01m[K/usr/include/c++/11/bits/stl_algobase.h:64[m[K,
[15.818s]                  from [01m[K/usr/include/c++/11/bits/specfun.h:45[m[K,
[15.819s]                  from [01m[K/usr/include/c++/11/cmath:1935[m[K,
[15.819s]                  from [01m[K/usr/include/c++/11/math.h:36[m[K,
[15.819s]                  from [01m[K/opt/ros/humble/include/librealsense2/rsutil.h:10[m[K,
[15.819s]                  from [01m[K/opt/ros/humble/include/librealsense2/rs.h:16[m[K,
[15.819s]                  from [01m[K/opt/ros/humble/include/librealsense2/rs.hpp:7[m[K,
[15.819s]                  from [01m[K/home/brace/codeSpace/navi/src/realsense-ros/realsense2_camera/src/../include/base_realsense_node.h:17[m[K,
[15.819s]                  from [01m[K/home/brace/codeSpace/navi/src/realsense-ros/realsense2_camera/src/rs_node_setup.cpp:15[m[K:
[15.819s] [01m[K/usr/include/c++/11/bits/stl_pair.h:232:26:[m[K [01;36m[Knote: [m[Kcandidate: ‘[01m[Ktemplate<class _U1, class _U2, typename std::enable_if<std::__and_<std::__is_implicitly_default_constructible<_U1>, std::__is_implicitly_default_constructible<_U2> >::value, bool>::type <anonymous> > constexpr std::pair<_T1, _T2>::pair() [with _U1 = _U1; _U2 = _U2; typename std::enable_if<std::__and_<std::__is_implicitly_default_constructible<_U1>, std::__is_implicitly_default_constructible<_U2> >::value, bool>::type <anonymous> = <anonymous>; _T1 = rs2_stream; _T2 = int][m[K’
[15.819s]   232 |       _GLIBCXX_CONSTEXPR [01;36m[Kpair[m[K()
[15.819s]       |                          [01;36m[K^~~~[m[K
[15.819s] [01m[K/usr/include/c++/11/bits/stl_pair.h:232:26:[m[K [01;36m[Knote: [m[K  template argument deduction/substitution failed:
[15.819s] In file included from [01m[K/home/brace/codeSpace/navi/src/realsense-ros/realsense2_camera/include/ros_sensor.h:22[m[K,
[15.819s]                  from [01m[K/home/brace/codeSpace/navi/src/realsense-ros/realsense2_camera/src/../include/base_realsense_node.h:63[m[K,
[15.819s]                  from [01m[K/home/brace/codeSpace/navi/src/realsense-ros/realsense2_camera/src/rs_node_setup.cpp:15[m[K:
[15.819s] [01m[K/home/brace/codeSpace/navi/src/realsense-ros/realsense2_camera/include/ros_utils.h:37:82:[m[K [01;36m[Knote: [m[K  candidate expects 0 arguments, 2 provided
[15.819s]    37 |     const stream_index_pair LABELED_POINT_CLOUD{RS2_STREAM_LABELED_POINT_CLOUD, 0[01;36m[K}[m[K;
[15.820s]       |                                                                                  [01;36m[K^[m[K
[15.820s] In file included from [01m[K/usr/include/c++/11/bits/stl_algobase.h:64[m[K,
[15.820s]                  from [01m[K/usr/include/c++/11/bits/specfun.h:45[m[K,
[15.820s]                  from [01m[K/usr/include/c++/11/cmath:1935[m[K,
[15.820s]                  from [01m[K/usr/include/c++/11/math.h:36[m[K,
[15.820s]                  from [01m[K/opt/ros/humble/include/librealsense2/rsutil.h:10[m[K,
[15.820s]                  from [01m[K/opt/ros/humble/include/librealsense2/rs.h:16[m[K,
[15.820s]                  from [01m[K/opt/ros/humble/include/librealsense2/rs.hpp:7[m[K,
[15.820s]                  from [01m[K/home/brace/codeSpace/navi/src/realsense-ros/realsense2_camera/src/../include/base_realsense_node.h:17[m[K,
[15.820s]                  from [01m[K/home/brace/codeSpace/navi/src/realsense-ros/realsense2_camera/src/rs_node_setup.cpp:15[m[K:
[15.820s] [01m[K/usr/include/c++/11/bits/stl_pair.h:315:17:[m[K [01;36m[Knote: [m[Kcandidate: ‘[01m[Kconstexpr std::pair<_T1, _T2>::pair(std::pair<_T1, _T2>&&) [with _T1 = rs2_stream; _T2 = int][m[K’
[15.820s]   315 |       constexpr [01;36m[Kpair[m[K(pair&&) = default;         ///< Move constructor
[15.820s]       |                 [01;36m[K^~~~[m[K
[15.820s] [01m[K/usr/include/c++/11/bits/stl_pair.h:315:17:[m[K [01;36m[Knote: [m[K  candidate expects 1 argument, 2 provided
[15.820s] [01m[K/usr/include/c++/11/bits/stl_pair.h:314:17:[m[K [01;36m[Knote: [m[Kcandidate: ‘[01m[Kconstexpr std::pair<_T1, _T2>::pair(const std::pair<_T1, _T2>&) [with _T1 = rs2_stream; _T2 = int][m[K’
[15.820s]   314 |       constexpr [01;36m[Kpair[m[K(const pair&) = default;    ///< Copy constructor
[15.821s]       |                 [01;36m[K^~~~[m[K
[15.821s] [01m[K/usr/include/c++/11/bits/stl_pair.h:314:17:[m[K [01;36m[Knote: [m[K  candidate expects 1 argument, 2 provided
[15.836s] In file included from [01m[K/home/brace/codeSpace/navi/src/realsense-ros/realsense2_camera/include/ros_sensor.h:22[m[K,
[15.837s]                  from [01m[K/home/brace/codeSpace/navi/src/realsense-ros/realsense2_camera/src/../include/base_realsense_node.h:63[m[K,
[15.837s]                  from [01m[K/home/brace/codeSpace/navi/src/realsense-ros/realsense2_camera/src/rs_node_setup.cpp:15[m[K:
[15.837s] [01m[K/home/brace/codeSpace/navi/src/realsense-ros/realsense2_camera/include/ros_utils.h:38:39:[m[K [01;31m[Kerror: [m[K‘[01m[KRS2_STREAM_OCCUPANCY[m[K’ was not declared in this scope; did you mean ‘[01m[KRS2_STREAM_COUNT[m[K’?
[15.837s]    38 |     const stream_index_pair OCCUPANCY{[01;31m[KRS2_STREAM_OCCUPANCY[m[K, 0};
[15.837s]       |                                       [01;31m[K^~~~~~~~~~~~~~~~~~~~[m[K
[15.837s]       |                                       [32m[KRS2_STREAM_COUNT[m[K
[15.837s] [01m[K/home/brace/codeSpace/navi/src/realsense-ros/realsense2_camera/include/ros_utils.h:38:62:[m[K [01;31m[Kerror: [m[Kno matching function for call to ‘[01m[Kstd::pair<rs2_stream, int>::pair(<brace-enclosed initializer list>)[m[K’
[15.838s]    38 |     const stream_index_pair OCCUPANCY{RS2_STREAM_OCCUPANCY, 0[01;31m[K}[m[K;
[15.838s]       |                                                              [01;31m[K^[m[K
[15.838s] In file included from [01m[K/usr/include/c++/11/bits/stl_algobase.h:64[m[K,
[15.838s]                  from [01m[K/usr/include/c++/11/bits/specfun.h:45[m[K,
[15.838s]                  from [01m[K/usr/include/c++/11/cmath:1935[m[K,
[15.838s]                  from [01m[K/usr/include/c++/11/math.h:36[m[K,
[15.838s]                  from [01m[K/opt/ros/humble/include/librealsense2/rsutil.h:10[m[K,
[15.838s]                  from [01m[K/opt/ros/humble/include/librealsense2/rs.h:16[m[K,
[15.838s]                  from [01m[K/opt/ros/humble/include/librealsense2/rs.hpp:7[m[K,
[15.838s]                  from [01m[K/home/brace/codeSpace/navi/src/realsense-ros/realsense2_camera/src/../include/base_realsense_node.h:17[m[K,
[15.838s]                  from [01m[K/home/brace/codeSpace/navi/src/realsense-ros/realsense2_camera/src/rs_node_setup.cpp:15[m[K:
[15.838s] [01m[K/usr/include/c++/11/bits/stl_pair.h:452:9:[m[K [01;36m[Knote: [m[Kcandidate: ‘[01m[Ktemplate<class ... _Args1, long unsigned int ..._Indexes1, class ... _Args2, long unsigned int ..._Indexes2> std::pair<_T1, _T2>::pair(std::tuple<_Args1 ...>&, std::tuple<_Args2 ...>&, std::_Index_tuple<_Indexes1 ...>, std::_Index_tuple<_Indexes2 ...>) [with _Args1 = {_Args1 ...}; long unsigned int ..._Indexes1 = {_Indexes1 ...}; _Args2 = {_Args2 ...}; long unsigned int ..._Indexes2 = {_Indexes2 ...}; _T1 = rs2_stream; _T2 = int][m[K’
[15.838s]   452 |         [01;36m[Kpair[m[K(tuple<_Args1...>&, tuple<_Args2...>&,
[15.838s]       |         [01;36m[K^~~~[m[K
[15.839s] [01m[K/usr/include/c++/11/bits/stl_pair.h:452:9:[m[K [01;36m[Knote: [m[K  template argument deduction/substitution failed:
[15.839s] [01m[K/usr/include/c++/11/bits/stl_pair.h:387:9:[m[K [01;36m[Knote: [m[Kcandidate: ‘[01m[Ktemplate<class ... _Args1, class ... _Args2> std::pair<_T1, _T2>::pair(std::piecewise_construct_t, std::tuple<_Args1 ...>, std::tuple<_Args2 ...>) [with _Args1 = {_Args1 ...}; _Args2 = {_Args2 ...}; _T1 = rs2_stream; _T2 = int][m[K’
[15.839s]   387 |         [01;36m[Kpair[m[K(piecewise_construct_t, tuple<_Args1...>, tuple<_Args2...>);
[15.839s]       |         [01;36m[K^~~~[m[K
[15.839s] [01m[K/usr/include/c++/11/bits/stl_pair.h:387:9:[m[K [01;36m[Knote: [m[K  template argument deduction/substitution failed:
[15.839s] [01m[K/usr/include/c++/11/bits/stl_pair.h:381:28:[m[K [01;36m[Knote: [m[Kcandidate: ‘[01m[Ktemplate<class _U1, class _U2, typename std::enable_if<(std::_PCC<((! std::is_same<rs2_stream, _U1>::value) || (! std::is_same<int, _U2>::value)), rs2_stream, int>::_MoveConstructiblePair<_U1, _U2>() && (! std::_PCC<((! std::is_same<rs2_stream, _U1>::value) || (! std::is_same<int, _U2>::value)), rs2_stream, int>::_ImplicitlyMoveConvertiblePair<_U1, _U2>())), bool>::type <anonymous> > constexpr std::pair<_T1, _T2>::pair(std::pair<_U1, _U2>&&) [with _U1 = _U1; _U2 = _U2; typename std::enable_if<(std::_PCC<((! std::is_same<_T1, _U1>::value) || (! std::is_same<_T2, _U2>::value)), _T1, _T2>::_MoveConstructiblePair<_U1, _U2>() && (! std::_PCC<((! std::is_same<_T1, _U1>::value) || (! std::is_same<_T2, _U2>::value)), _T1, _T2>::_ImplicitlyMoveConvertiblePair<_U1, _U2>())), bool>::type <anonymous> = <anonymous>; _T1 = rs2_stream; _T2 = int][m[K’
[15.839s]   381 |         explicit constexpr [01;36m[Kpair[m[K(pair<_U1, _U2>&& __p)
[15.839s]       |                            [01;36m[K^~~~[m[K
[15.839s] [01m[K/usr/include/c++/11/bits/stl_pair.h:381:28:[m[K [01;36m[Knote: [m[K  template argument deduction/substitution failed:
[15.839s] [01m[K/usr/include/c++/11/bits/stl_pair.h:371:19:[m[K [01;36m[Knote: [m[Kcandidate: ‘[01m[Ktemplate<class _U1, class _U2, typename std::enable_if<(std::_PCC<((! std::is_same<rs2_stream, _U1>::value) || (! std::is_same<int, _U2>::value)), rs2_stream, int>::_MoveConstructiblePair<_U1, _U2>() && std::_PCC<((! std::is_same<rs2_stream, _U1>::value) || (! std::is_same<int, _U2>::value)), rs2_stream, int>::_ImplicitlyMoveConvertiblePair<_U1, _U2>()), bool>::type <anonymous> > constexpr std::pair<_T1, _T2>::pair(std::pair<_U1, _U2>&&) [with _U1 = _U1; _U2 = _U2; typename std::enable_if<(std::_PCC<((! std::is_same<_T1, _U1>::value) || (! std::is_same<_T2, _U2>::value)), _T1, _T2>::_MoveConstructiblePair<_U1, _U2>() && std::_PCC<((! std::is_same<_T1, _U1>::value) || (! std::is_same<_T2, _U2>::value)), _T1, _T2>::_ImplicitlyMoveConvertiblePair<_U1, _U2>()), bool>::type <anonymous> = <anonymous>; _T1 = rs2_stream; _T2 = int][m[K’
[15.839s]   371 |         constexpr [01;36m[Kpair[m[K(pair<_U1, _U2>&& __p)
[15.839s]       |                   [01;36m[K^~~~[m[K
[15.839s] [01m[K/usr/include/c++/11/bits/stl_pair.h:371:19:[m[K [01;36m[Knote: [m[K  template argument deduction/substitution failed:
[15.840s] [01m[K/usr/include/c++/11/bits/stl_pair.h:361:28:[m[K [01;36m[Knote: [m[Kcandidate: ‘[01m[Ktemplate<class _U1, class _U2, typename std::enable_if<(_MoveConstructiblePair<_U1, _U2>() && (! _ImplicitlyMoveConvertiblePair<_U1, _U2>())), bool>::type <anonymous> > constexpr std::pair<_T1, _T2>::pair(_U1&&, _U2&&) [with _U1 = _U1; _U2 = _U2; typename std::enable_if<(std::_PCC<true, _T1, _T2>::_MoveConstructiblePair<_U1, _U2>() && (! std::_PCC<true, _T1, _T2>::_ImplicitlyMoveConvertiblePair<_U1, _U2>())), bool>::type <anonymous> = <anonymous>; _T1 = rs2_stream; _T2 = int][m[K’
[15.840s]   361 |         explicit constexpr [01;36m[Kpair[m[K(_U1&& __x, _U2&& __y)
[15.840s]       |                            [01;36m[K^~~~[m[K
[15.840s] [01m[K/usr/include/c++/11/bits/stl_pair.h:361:28:[m[K [01;36m[Knote: [m[K  template argument deduction/substitution failed:
[15.840s] [01m[K/usr/include/c++/11/bits/stl_pair.h:352:19:[m[K [01;36m[Knote: [m[Kcandidate: ‘[01m[Ktemplate<class _U1, class _U2, typename std::enable_if<(_MoveConstructiblePair<_U1, _U2>() && _ImplicitlyMoveConvertiblePair<_U1, _U2>()), bool>::type <anonymous> > constexpr std::pair<_T1, _T2>::pair(_U1&&, _U2&&) [with _U1 = _U1; _U2 = _U2; typename std::enable_if<(std::_PCC<true, _T1, _T2>::_MoveConstructiblePair<_U1, _U2>() && std::_PCC<true, _T1, _T2>::_ImplicitlyMoveConvertiblePair<_U1, _U2>()), bool>::type <anonymous> = <anonymous>; _T1 = rs2_stream; _T2 = int][m[K’
[15.840s]   352 |         constexpr [01;36m[Kpair[m[K(_U1&& __x, _U2&& __y)
[15.840s]       |                   [01;36m[K^~~~[m[K
[15.840s] [01m[K/usr/include/c++/11/bits/stl_pair.h:352:19:[m[K [01;36m[Knote: [m[K  template argument deduction/substitution failed:
[15.840s] [01m[K/usr/include/c++/11/bits/stl_pair.h:343:17:[m[K [01;36m[Knote: [m[Kcandidate: ‘[01m[Ktemplate<class _U2, typename std::enable_if<_CopyMovePair<false, rs2_stream, _U2>(), bool>::type <anonymous> > std::pair<_T1, _T2>::pair(const _T1&, _U2&&) [with _U2 = _U2; typename std::enable_if<std::_PCC<true, _T1, _T2>::_CopyMovePair<false, _T1, _U2>(), bool>::type <anonymous> = <anonymous>; _T1 = rs2_stream; _T2 = int][m[K’
[15.840s]   343 |        explicit [01;36m[Kpair[m[K(const _T1& __x, _U2&& __y)
[15.840s]       |                 [01;36m[K^~~~[m[K
[15.840s] [01m[K/usr/include/c++/11/bits/stl_pair.h:343:17:[m[K [01;36m[Knote: [m[K  template argument deduction/substitution failed:
[15.840s] [01m[K/usr/include/c++/11/bits/stl_pair.h:336:18:[m[K [01;36m[Knote: [m[Kcandidate: ‘[01m[Ktemplate<class _U2, typename std::enable_if<_CopyMovePair<true, rs2_stream, _U2>(), bool>::type <anonymous> > constexpr std::pair<_T1, _T2>::pair(const _T1&, _U2&&) [with _U2 = _U2; typename std::enable_if<std::_PCC<true, _T1, _T2>::_CopyMovePair<true, _T1, _U2>(), bool>::type <anonymous> = <anonymous>; _T1 = rs2_stream; _T2 = int][m[K’
[15.840s]   336 |        constexpr [01;36m[Kpair[m[K(const _T1& __x, _U2&& __y)
[15.840s]       |                  [01;36m[K^~~~[m[K
[15.841s] [01m[K/usr/include/c++/11/bits/stl_pair.h:336:18:[m[K [01;36m[Knote: [m[K  template argument deduction/substitution failed:
[15.841s] [01m[K/usr/include/c++/11/bits/stl_pair.h:329:27:[m[K [01;36m[Knote: [m[Kcandidate: ‘[01m[Ktemplate<class _U1, typename std::enable_if<_MoveCopyPair<false, _U1, int>(), bool>::type <anonymous> > constexpr std::pair<_T1, _T2>::pair(_U1&&, const _T2&) [with _U1 = _U1; typename std::enable_if<std::_PCC<true, _T1, _T2>::_MoveCopyPair<false, _U1, _T2>(), bool>::type <anonymous> = <anonymous>; _T1 = rs2_stream; _T2 = int][m[K’
[15.841s]   329 |        explicit constexpr [01;36m[Kpair[m[K(_U1&& __x, const _T2& __y)
[15.841s]       |                           [01;36m[K^~~~[m[K
[15.841s] [01m[K/usr/include/c++/11/bits/stl_pair.h:329:27:[m[K [01;36m[Knote: [m[K  template argument deduction/substitution failed:
[15.841s] [01m[K/usr/include/c++/11/bits/stl_pair.h:322:18:[m[K [01;36m[Knote: [m[Kcandidate: ‘[01m[Ktemplate<class _U1, typename std::enable_if<_MoveCopyPair<true, _U1, int>(), bool>::type <anonymous> > constexpr std::pair<_T1, _T2>::pair(_U1&&, const _T2&) [with _U1 = _U1; typename std::enable_if<std::_PCC<true, _T1, _T2>::_MoveCopyPair<true, _U1, _T2>(), bool>::type <anonymous> = <anonymous>; _T1 = rs2_stream; _T2 = int][m[K’
[15.841s]   322 |        constexpr [01;36m[Kpair[m[K(_U1&& __x, const _T2& __y)
[15.841s]       |                  [01;36m[K^~~~[m[K
[15.841s] [01m[K/usr/include/c++/11/bits/stl_pair.h:322:18:[m[K [01;36m[Knote: [m[K  template argument deduction/substitution failed:
[15.841s] [01m[K/usr/include/c++/11/bits/stl_pair.h:309:28:[m[K [01;36m[Knote: [m[Kcandidate: ‘[01m[Ktemplate<class _U1, class _U2, typename std::enable_if<(std::_PCC<((! std::is_same<rs2_stream, _U1>::value) || (! std::is_same<int, _U2>::value)), rs2_stream, int>::_ConstructiblePair<_U1, _U2>() && (! std::_PCC<((! std::is_same<rs2_stream, _U1>::value) || (! std::is_same<int, _U2>::value)), rs2_stream, int>::_ImplicitlyConvertiblePair<_U1, _U2>())), bool>::type <anonymous> > constexpr std::pair<_T1, _T2>::pair(const std::pair<_U1, _U2>&) [with _U1 = _U1; _U2 = _U2; typename std::enable_if<(std::_PCC<((! std::is_same<_T1, _U1>::value) || (! std::is_same<_T2, _U2>::value)), _T1, _T2>::_ConstructiblePair<_U1, _U2>() && (! std::_PCC<((! std::is_same<_T1, _U1>::value) || (! std::is_same<_T2, _U2>::value)), _T1, _T2>::_ImplicitlyConvertiblePair<_U1, _U2>())), bool>::type <anonymous> = <anonymous>; _T1 = rs2_stream; _T2 = int][m[K’
[15.841s]   309 |         explicit constexpr [01;36m[Kpair[m[K(const pair<_U1, _U2>& __p)
[15.841s]       |                            [01;36m[K^~~~[m[K
[15.841s] [01m[K/usr/include/c++/11/bits/stl_pair.h:309:28:[m[K [01;36m[Knote: [m[K  template argument deduction/substitution failed:
[15.841s] [01m[K/usr/include/c++/11/bits/stl_pair.h:300:19:[m[K [01;36m[Knote: [m[Kcandidate: ‘[01m[Ktemplate<class _U1, class _U2, typename std::enable_if<(std::_PCC<((! std::is_same<rs2_stream, _U1>::value) || (! std::is_same<int, _U2>::value)), rs2_stream, int>::_ConstructiblePair<_U1, _U2>() && std::_PCC<((! std::is_same<rs2_stream, _U1>::value) || (! std::is_same<int, _U2>::value)), rs2_stream, int>::_ImplicitlyConvertiblePair<_U1, _U2>()), bool>::type <anonymous> > constexpr std::pair<_T1, _T2>::pair(const std::pair<_U1, _U2>&) [with _U1 = _U1; _U2 = _U2; typename std::enable_if<(std::_PCC<((! std::is_same<_T1, _U1>::value) || (! std::is_same<_T2, _U2>::value)), _T1, _T2>::_ConstructiblePair<_U1, _U2>() && std::_PCC<((! std::is_same<_T1, _U1>::value) || (! std::is_same<_T2, _U2>::value)), _T1, _T2>::_ImplicitlyConvertiblePair<_U1, _U2>()), bool>::type <anonymous> = <anonymous>; _T1 = rs2_stream; _T2 = int][m[K’
[15.842s]   300 |         constexpr [01;36m[Kpair[m[K(const pair<_U1, _U2>& __p)
[15.842s]       |                   [01;36m[K^~~~[m[K
[15.842s] [01m[K/usr/include/c++/11/bits/stl_pair.h:300:19:[m[K [01;36m[Knote: [m[K  template argument deduction/substitution failed:
[15.842s] [01m[K/usr/include/c++/11/bits/stl_pair.h:276:26:[m[K [01;36m[Knote: [m[Kcandidate: ‘[01m[Ktemplate<class _U1, class _U2, typename std::enable_if<(_ConstructiblePair<_U1, _U2>() && (! _ImplicitlyConvertiblePair<_U1, _U2>())), bool>::type <anonymous> > constexpr std::pair<_T1, _T2>::pair(const _T1&, const _T2&) [with _U1 = _U1; _U2 = _U2; typename std::enable_if<(std::_PCC<true, _T1, _T2>::_ConstructiblePair<_U1, _U2>() && (! std::_PCC<true, _T1, _T2>::_ImplicitlyConvertiblePair<_U1, _U2>())), bool>::type <anonymous> = <anonymous>; _T1 = rs2_stream; _T2 = int][m[K’
[15.842s]   276 |       explicit constexpr [01;36m[Kpair[m[K(const _T1& __a, const _T2& __b)
[15.842s]       |                          [01;36m[K^~~~[m[K
[15.842s] [01m[K/usr/include/c++/11/bits/stl_pair.h:276:26:[m[K [01;36m[Knote: [m[K  template argument deduction/substitution failed:
[15.842s] [01m[K/usr/include/c++/11/bits/stl_pair.h:266:17:[m[K [01;36m[Knote: [m[Kcandidate: ‘[01m[Ktemplate<class _U1, class _U2, typename std::enable_if<(_ConstructiblePair<_U1, _U2>() && _ImplicitlyConvertiblePair<_U1, _U2>()), bool>::type <anonymous> > constexpr std::pair<_T1, _T2>::pair(const _T1&, const _T2&) [with _U1 = _U1; _U2 = _U2; typename std::enable_if<(std::_PCC<true, _T1, _T2>::_ConstructiblePair<_U1, _U2>() && std::_PCC<true, _T1, _T2>::_ImplicitlyConvertiblePair<_U1, _U2>()), bool>::type <anonymous> = <anonymous>; _T1 = rs2_stream; _T2 = int][m[K’
[15.842s]   266 |       constexpr [01;36m[Kpair[m[K(const _T1& __a, const _T2& __b)
[15.842s]       |                 [01;36m[K^~~~[m[K
[15.842s] [01m[K/usr/include/c++/11/bits/stl_pair.h:266:17:[m[K [01;36m[Knote: [m[K  template argument deduction/substitution failed:
[15.842s] [01m[K/usr/include/c++/11/bits/stl_pair.h:245:26:[m[K [01;36m[Knote: [m[Kcandidate: ‘[01m[Ktemplate<class _U1, class _U2, typename std::enable_if<std::__and_<std::is_default_constructible<_U1>, std::is_default_constructible<_Dp>, std::__not_<std::__and_<std::__is_implicitly_default_constructible<_U1>, std::__is_implicitly_default_constructible<_U2> > > >::value, bool>::type <anonymous> > constexpr std::pair<_T1, _T2>::pair() [with _U1 = _U1; _U2 = _U2; typename std::enable_if<std::__and_<std::is_default_constructible<_U1>, std::is_default_constructible<_U2>, std::__not_<std::__and_<std::__is_implicitly_default_constructible<_U1>, std::__is_implicitly_default_constructible<_U2> > > >::value, bool>::type <anonymous> = <anonymous>; _T1 = rs2_stream; _T2 = int][m[K’
[15.842s]   245 |       explicit constexpr [01;36m[Kpair[m[K()
[15.842s]       |                          [01;36m[K^~~~[m[K
[15.842s] [01m[K/usr/include/c++/11/bits/stl_pair.h:245:26:[m[K [01;36m[Knote: [m[K  template argument deduction/substitution failed:
[15.842s] In file included from [01m[K/home/brace/codeSpace/navi/src/realsense-ros/realsense2_camera/include/ros_sensor.h:22[m[K,
[15.843s]                  from [01m[K/home/brace/codeSpace/navi/src/realsense-ros/realsense2_camera/src/../include/base_realsense_node.h:63[m[K,
[15.843s]                  from [01m[K/home/brace/codeSpace/navi/src/realsense-ros/realsense2_camera/src/rs_node_setup.cpp:15[m[K:
[15.843s] [01m[K/home/brace/codeSpace/navi/src/realsense-ros/realsense2_camera/include/ros_utils.h:38:62:[m[K [01;36m[Knote: [m[K  candidate expects 0 arguments, 2 provided
[15.843s]    38 |     const stream_index_pair OCCUPANCY{RS2_STREAM_OCCUPANCY, 0[01;36m[K}[m[K;
[15.843s]       |                                                              [01;36m[K^[m[K
[15.843s] In file included from [01m[K/usr/include/c++/11/bits/stl_algobase.h:64[m[K,
[15.843s]                  from [01m[K/usr/include/c++/11/bits/specfun.h:45[m[K,
[15.843s]                  from [01m[K/usr/include/c++/11/cmath:1935[m[K,
[15.843s]                  from [01m[K/usr/include/c++/11/math.h:36[m[K,
[15.843s]                  from [01m[K/opt/ros/humble/include/librealsense2/rsutil.h:10[m[K,
[15.843s]                  from [01m[K/opt/ros/humble/include/librealsense2/rs.h:16[m[K,
[15.844s]                  from [01m[K/opt/ros/humble/include/librealsense2/rs.hpp:7[m[K,
[15.844s]                  from [01m[K/home/brace/codeSpace/navi/src/realsense-ros/realsense2_camera/src/../include/base_realsense_node.h:17[m[K,
[15.844s]                  from [01m[K/home/brace/codeSpace/navi/src/realsense-ros/realsense2_camera/src/rs_node_setup.cpp:15[m[K:
[15.844s] [01m[K/usr/include/c++/11/bits/stl_pair.h:232:26:[m[K [01;36m[Knote: [m[Kcandidate: ‘[01m[Ktemplate<class _U1, class _U2, typename std::enable_if<std::__and_<std::__is_implicitly_default_constructible<_U1>, std::__is_implicitly_default_constructible<_U2> >::value, bool>::type <anonymous> > constexpr std::pair<_T1, _T2>::pair() [with _U1 = _U1; _U2 = _U2; typename std::enable_if<std::__and_<std::__is_implicitly_default_constructible<_U1>, std::__is_implicitly_default_constructible<_U2> >::value, bool>::type <anonymous> = <anonymous>; _T1 = rs2_stream; _T2 = int][m[K’
[15.844s]   232 |       _GLIBCXX_CONSTEXPR [01;36m[Kpair[m[K()
[15.844s]       |                          [01;36m[K^~~~[m[K
[15.844s] [01m[K/usr/include/c++/11/bits/stl_pair.h:232:26:[m[K [01;36m[Knote: [m[K  template argument deduction/substitution failed:
[15.844s] In file included from [01m[K/home/brace/codeSpace/navi/src/realsense-ros/realsense2_camera/include/ros_sensor.h:22[m[K,
[15.844s]                  from [01m[K/home/brace/codeSpace/navi/src/realsense-ros/realsense2_camera/src/../include/base_realsense_node.h:63[m[K,
[15.844s]                  from [01m[K/home/brace/codeSpace/navi/src/realsense-ros/realsense2_camera/src/rs_node_setup.cpp:15[m[K:
[15.844s] [01m[K/home/brace/codeSpace/navi/src/realsense-ros/realsense2_camera/include/ros_utils.h:38:62:[m[K [01;36m[Knote: [m[K  candidate expects 0 arguments, 2 provided
[15.844s]    38 |     const stream_index_pair OCCUPANCY{RS2_STREAM_OCCUPANCY, 0[01;36m[K}[m[K;
[15.844s]       |                                                              [01;36m[K^[m[K
[15.844s] In file included from [01m[K/usr/include/c++/11/bits/stl_algobase.h:64[m[K,
[15.844s]                  from [01m[K/usr/include/c++/11/bits/specfun.h:45[m[K,
[15.845s]                  from [01m[K/usr/include/c++/11/cmath:1935[m[K,
[15.845s]                  from [01m[K/usr/include/c++/11/math.h:36[m[K,
[15.845s]                  from [01m[K/opt/ros/humble/include/librealsense2/rsutil.h:10[m[K,
[15.845s]                  from [01m[K/opt/ros/humble/include/librealsense2/rs.h:16[m[K,
[15.845s]                  from [01m[K/opt/ros/humble/include/librealsense2/rs.hpp:7[m[K,
[15.845s]                  from [01m[K/home/brace/codeSpace/navi/src/realsense-ros/realsense2_camera/src/../include/base_realsense_node.h:17[m[K,
[15.845s]                  from [01m[K/home/brace/codeSpace/navi/src/realsense-ros/realsense2_camera/src/rs_node_setup.cpp:15[m[K:
[15.845s] [01m[K/usr/include/c++/11/bits/stl_pair.h:315:17:[m[K [01;36m[Knote: [m[Kcandidate: ‘[01m[Kconstexpr std::pair<_T1, _T2>::pair(std::pair<_T1, _T2>&&) [with _T1 = rs2_stream; _T2 = int][m[K’
[15.845s]   315 |       constexpr [01;36m[Kpair[m[K(pair&&) = default;         ///< Move constructor
[15.845s]       |                 [01;36m[K^~~~[m[K
[15.845s] [01m[K/usr/include/c++/11/bits/stl_pair.h:315:17:[m[K [01;36m[Knote: [m[K  candidate expects 1 argument, 2 provided
[15.845s] [01m[K/usr/include/c++/11/bits/stl_pair.h:314:17:[m[K [01;36m[Knote: [m[Kcandidate: ‘[01m[Kconstexpr std::pair<_T1, _T2>::pair(const std::pair<_T1, _T2>&) [with _T1 = rs2_stream; _T2 = int][m[K’
[15.845s]   314 |       constexpr [01;36m[Kpair[m[K(const pair&) = default;    ///< Copy constructor
[15.845s]       |                 [01;36m[K^~~~[m[K
[15.845s] [01m[K/usr/include/c++/11/bits/stl_pair.h:314:17:[m[K [01;36m[Knote: [m[K  candidate expects 1 argument, 2 provided
[15.845s] gmake[2]: *** [CMakeFiles/realsense2_camera.dir/build.make:202：CMakeFiles/realsense2_camera.dir/src/pointcloud_filter.cpp.o] 错误 1
[16.008s] gmake[2]: *** [CMakeFiles/realsense2_camera.dir/build.make:132：CMakeFiles/realsense2_camera.dir/src/ros_sensor.cpp.o] 错误 1
[16.130s] In file included from [01m[K/home/brace/codeSpace/navi/src/realsense-ros/realsense2_camera/include/realsense_node_factory.h:19[m[K,
[16.130s]                  from [01m[K/home/brace/codeSpace/navi/src/realsense-ros/realsense2_camera/src/realsense_node_factory.cpp:15[m[K:
[16.130s] [01m[K/home/brace/codeSpace/navi/src/realsense-ros/realsense2_camera/include/base_realsense_node.h:277:39:[m[K [01;31m[Kerror: [m[K‘[01m[Krs2::labeled_points[m[K’ has not been declared
[16.130s]   277 |         void publishLabeledPointCloud([01;31m[Krs2[m[K::labeled_points lpc, const rclcpp::Time& t);
[16.130s]       |                                       [01;31m[K^~~[m[K
[16.224s] In file included from [01m[K/home/brace/codeSpace/navi/src/realsense-ros/realsense2_camera/src/base_realsense_node.cpp:15[m[K:
[16.224s] [01m[K/home/brace/codeSpace/navi/src/realsense-ros/realsense2_camera/src/../include/base_realsense_node.h:277:39:[m[K [01;31m[Kerror: [m[K‘[01m[Krs2::labeled_points[m[K’ has not been declared
[16.224s]   277 |         void publishLabeledPointCloud([01;31m[Krs2[m[K::labeled_points lpc, const rclcpp::Time& t);
[16.224s]       |                                       [01;31m[K^~~[m[K
[16.435s] In file included from [01m[K/home/brace/codeSpace/navi/src/realsense-ros/realsense2_camera/src/rs_node_setup.cpp:15[m[K:
[16.435s] [01m[K/home/brace/codeSpace/navi/src/realsense-ros/realsense2_camera/src/../include/base_realsense_node.h:277:39:[m[K [01;31m[Kerror: [m[K‘[01m[Krs2::labeled_points[m[K’ has not been declared
[16.435s]   277 |         void publishLabeledPointCloud([01;31m[Krs2[m[K::labeled_points lpc, const rclcpp::Time& t);
[16.435s]       |                                       [01;31m[K^~~[m[K
[16.798s] [01m[K/home/brace/codeSpace/navi/src/realsense-ros/realsense2_camera/src/base_realsense_node.cpp:[m[K In member function ‘[01m[Kvoid realsense2_camera::BaseRealSenseNode::frame_callback(rs2::frame)[m[K’:
[16.798s] [01m[K/home/brace/codeSpace/navi/src/realsense-ros/realsense2_camera/src/base_realsense_node.cpp:629:27:[m[K [01;31m[Kerror: [m[K‘[01m[Klabeled_points[m[K’ is not a member of ‘[01m[Krs2[m[K’
[16.798s]   629 |             if (f.is<rs2::[01;31m[Klabeled_points[m[K>())
[16.798s]       |                           [01;31m[K^~~~~~~~~~~~~~[m[K
[16.798s] [01m[K/home/brace/codeSpace/navi/src/realsense-ros/realsense2_camera/src/base_realsense_node.cpp:629:42:[m[K [01;31m[Kerror: [m[Kno matching function for call to ‘[01m[Krs2::frame::is<<expression error> >()[m[K’
[16.798s]   629 |             if ([01;31m[Kf.is<rs2::labeled_points>()[m[K)
[16.799s]       |                 [01;31m[K~~~~~~~~~~~~~~~~~~~~~~~~~^~[m[K
[16.799s] In file included from [01m[K/opt/ros/humble/include/librealsense2/hpp/rs_sensor.hpp:8[m[K,
[16.799s]                  from [01m[K/opt/ros/humble/include/librealsense2/hpp/rs_device.hpp:8[m[K,
[16.799s]                  from [01m[K/opt/ros/humble/include/librealsense2/hpp/rs_record_playback.hpp:8[m[K,
[16.799s]                  from [01m[K/opt/ros/humble/include/librealsense2/hpp/rs_context.hpp:8[m[K,
[16.799s]                  from [01m[K/opt/ros/humble/include/librealsense2/rs.hpp:9[m[K,
[16.799s]                  from [01m[K/home/brace/codeSpace/navi/src/realsense-ros/realsense2_camera/src/../include/base_realsense_node.h:17[m[K,
[16.799s]                  from [01m[K/home/brace/codeSpace/navi/src/realsense-ros/realsense2_camera/src/base_realsense_node.cpp:15[m[K:
[16.799s] [01m[K/opt/ros/humble/include/librealsense2/hpp/rs_frame.hpp:581:14:[m[K [01;36m[Knote: [m[Kcandidate: ‘[01m[Ktemplate<class T> bool rs2::frame::is() const[m[K’
[16.799s]   581 |         bool [01;36m[Kis[m[K() const
[16.799s]       |              [01;36m[K^~[m[K
[16.800s] [01m[K/opt/ros/humble/include/librealsense2/hpp/rs_frame.hpp:581:14:[m[K [01;36m[Knote: [m[K  template argument deduction/substitution failed:
[16.800s] [01m[K/home/brace/codeSpace/navi/src/realsense-ros/realsense2_camera/src/base_realsense_node.cpp:629:42:[m[K [01;31m[Kerror: [m[Ktemplate argument 1 is invalid
[16.800s]   629 |             if ([01;31m[Kf.is<rs2::labeled_points>()[m[K)
[16.800s]       |                 [01;31m[K~~~~~~~~~~~~~~~~~~~~~~~~~^~[m[K
[16.800s] [01m[K/home/brace/codeSpace/navi/src/realsense-ros/realsense2_camera/src/base_realsense_node.cpp:631:52:[m[K [01;31m[Kerror: [m[K‘[01m[Klabeled_points[m[K’ is not a member of ‘[01m[Krs2[m[K’
[16.800s]   631 |                 publishLabeledPointCloud(f.as<rs2::[01;31m[Klabeled_points[m[K>(), t);
[16.800s]       |                                                    [01;31m[K^~~~~~~~~~~~~~[m[K
[16.801s] [01m[K/home/brace/codeSpace/navi/src/realsense-ros/realsense2_camera/src/base_realsense_node.cpp:631:67:[m[K [01;31m[Kerror: [m[Kno matching function for call to ‘[01m[Krs2::frame::as<<expression error> >()[m[K’
[16.801s]   631 |                 publishLabeledPointCloud([01;31m[Kf.as<rs2::labeled_points>()[m[K, t);
[16.801s]       |                                          [01;31m[K~~~~~~~~~~~~~~~~~~~~~~~~~^~[m[K
[16.801s] In file included from [01m[K/opt/ros/humble/include/librealsense2/hpp/rs_sensor.hpp:8[m[K,
[16.801s]                  from [01m[K/opt/ros/humble/include/librealsense2/hpp/rs_device.hpp:8[m[K,
[16.801s]                  from [01m[K/opt/ros/humble/include/librealsense2/hpp/rs_record_playback.hpp:8[m[K,
[16.801s]                  from [01m[K/opt/ros/humble/include/librealsense2/hpp/rs_context.hpp:8[m[K,
[16.801s]                  from [01m[K/opt/ros/humble/include/librealsense2/rs.hpp:9[m[K,
[16.801s]                  from [01m[K/home/brace/codeSpace/navi/src/realsense-ros/realsense2_camera/src/../include/base_realsense_node.h:17[m[K,
[16.801s]                  from [01m[K/home/brace/codeSpace/navi/src/realsense-ros/realsense2_camera/src/base_realsense_node.cpp:15[m[K:
[16.801s] [01m[K/opt/ros/humble/include/librealsense2/hpp/rs_frame.hpp:591:11:[m[K [01;36m[Knote: [m[Kcandidate: ‘[01m[Ktemplate<class T> T rs2::frame::as() const[m[K’
[16.802s]   591 |         T [01;36m[Kas[m[K() const
[16.802s]       |           [01;36m[K^~[m[K
[16.802s] [01m[K/opt/ros/humble/include/librealsense2/hpp/rs_frame.hpp:591:11:[m[K [01;36m[Knote: [m[K  template argument deduction/substitution failed:
[16.802s] [01m[K/home/brace/codeSpace/navi/src/realsense-ros/realsense2_camera/src/base_realsense_node.cpp:631:67:[m[K [01;31m[Kerror: [m[Ktemplate argument 1 is invalid
[16.802s]   631 |                 publishLabeledPointCloud([01;31m[Kf.as<rs2::labeled_points>()[m[K, t);
[16.802s]       |                                          [01;31m[K~~~~~~~~~~~~~~~~~~~~~~~~~^~[m[K
[16.816s] In file included from [01m[K/home/brace/codeSpace/navi/src/realsense-ros/realsense2_camera/include/ros_sensor.h:22[m[K,
[16.816s]                  from [01m[K/home/brace/codeSpace/navi/src/realsense-ros/realsense2_camera/src/../include/base_realsense_node.h:63[m[K,
[16.817s]                  from [01m[K/home/brace/codeSpace/navi/src/realsense-ros/realsense2_camera/src/tfs.cpp:15[m[K:
[16.817s] [01m[K/home/brace/codeSpace/navi/src/realsense-ros/realsense2_camera/include/ros_utils.h:36:36:[m[K [01;31m[Kerror: [m[K‘[01m[KRS2_STREAM_SAFETY[m[K’ was not declared in this scope; did you mean ‘[01m[KRS2_STREAM_ANY[m[K’?
[16.817s]    36 |     const stream_index_pair SAFETY{[01;31m[KRS2_STREAM_SAFETY[m[K, 0};
[16.817s]       |                                    [01;31m[K^~~~~~~~~~~~~~~~~[m[K
[16.817s]       |                                    [32m[KRS2_STREAM_ANY[m[K
[16.817s] [01m[K/home/brace/codeSpace/navi/src/realsense-ros/realsense2_camera/include/ros_utils.h:36:56:[m[K [01;31m[Kerror: [m[Kno matching function for call to ‘[01m[Kstd::pair<rs2_stream, int>::pair(<brace-enclosed initializer list>)[m[K’
[16.817s]    36 |     const stream_index_pair SAFETY{RS2_STREAM_SAFETY, 0[01;31m[K}[m[K;
[16.817s]       |                                                        [01;31m[K^[m[K
[16.818s] In file included from [01m[K/usr/include/c++/11/bits/stl_algobase.h:64[m[K,
[16.818s]                  from [01m[K/usr/include/c++/11/bits/specfun.h:45[m[K,
[16.818s]                  from [01m[K/usr/include/c++/11/cmath:1935[m[K,
[16.818s]                  from [01m[K/usr/include/c++/11/math.h:36[m[K,
[16.818s]                  from [01m[K/opt/ros/humble/include/librealsense2/rsutil.h:10[m[K,
[16.818s]                  from [01m[K/opt/ros/humble/include/librealsense2/rs.h:16[m[K,
[16.818s]                  from [01m[K/opt/ros/humble/include/librealsense2/rs.hpp:7[m[K,
[16.818s]                  from [01m[K/home/brace/codeSpace/navi/src/realsense-ros/realsense2_camera/src/../include/base_realsense_node.h:17[m[K,
[16.818s]                  from [01m[K/home/brace/codeSpace/navi/src/realsense-ros/realsense2_camera/src/tfs.cpp:15[m[K:
[16.819s] [01m[K/usr/include/c++/11/bits/stl_pair.h:452:9:[m[K [01;36m[Knote: [m[Kcandidate: ‘[01m[Ktemplate<class ... _Args1, long unsigned int ..._Indexes1, class ... _Args2, long unsigned int ..._Indexes2> std::pair<_T1, _T2>::pair(std::tuple<_Args1 ...>&, std::tuple<_Args2 ...>&, std::_Index_tuple<_Indexes1 ...>, std::_Index_tuple<_Indexes2 ...>) [with _Args1 = {_Args1 ...}; long unsigned int ..._Indexes1 = {_Indexes1 ...}; _Args2 = {_Args2 ...}; long unsigned int ..._Indexes2 = {_Indexes2 ...}; _T1 = rs2_stream; _T2 = int][m[K’
[16.819s]   452 |         [01;36m[Kpair[m[K(tuple<_Args1...>&, tuple<_Args2...>&,
[16.819s]       |         [01;36m[K^~~~[m[K
[16.819s] [01m[K/usr/include/c++/11/bits/stl_pair.h:452:9:[m[K [01;36m[Knote: [m[K  template argument deduction/substitution failed:
[16.820s] [01m[K/usr/include/c++/11/bits/stl_pair.h:387:9:[m[K [01;36m[Knote: [m[Kcandidate: ‘[01m[Ktemplate<class ... _Args1, class ... _Args2> std::pair<_T1, _T2>::pair(std::piecewise_construct_t, std::tuple<_Args1 ...>, std::tuple<_Args2 ...>) [with _Args1 = {_Args1 ...}; _Args2 = {_Args2 ...}; _T1 = rs2_stream; _T2 = int][m[K’
[16.820s]   387 |         [01;36m[Kpair[m[K(piecewise_construct_t, tuple<_Args1...>, tuple<_Args2...>);
[16.820s]       |         [01;36m[K^~~~[m[K
[16.820s] [01m[K/usr/include/c++/11/bits/stl_pair.h:387:9:[m[K [01;36m[Knote: [m[K  template argument deduction/substitution failed:
[16.820s] [01m[K/usr/include/c++/11/bits/stl_pair.h:381:28:[m[K [01;36m[Knote: [m[Kcandidate: ‘[01m[Ktemplate<class _U1, class _U2, typename std::enable_if<(std::_PCC<((! std::is_same<rs2_stream, _U1>::value) || (! std::is_same<int, _U2>::value)), rs2_stream, int>::_MoveConstructiblePair<_U1, _U2>() && (! std::_PCC<((! std::is_same<rs2_stream, _U1>::value) || (! std::is_same<int, _U2>::value)), rs2_stream, int>::_ImplicitlyMoveConvertiblePair<_U1, _U2>())), bool>::type <anonymous> > constexpr std::pair<_T1, _T2>::pair(std::pair<_U1, _U2>&&) [with _U1 = _U1; _U2 = _U2; typename std::enable_if<(std::_PCC<((! std::is_same<_T1, _U1>::value) || (! std::is_same<_T2, _U2>::value)), _T1, _T2>::_MoveConstructiblePair<_U1, _U2>() && (! std::_PCC<((! std::is_same<_T1, _U1>::value) || (! std::is_same<_T2, _U2>::value)), _T1, _T2>::_ImplicitlyMoveConvertiblePair<_U1, _U2>())), bool>::type <anonymous> = <anonymous>; _T1 = rs2_stream; _T2 = int][m[K’
[16.820s]   381 |         explicit constexpr [01;36m[Kpair[m[K(pair<_U1, _U2>&& __p)
[16.820s]       |                            [01;36m[K^~~~[m[K
[16.821s] [01m[K/usr/include/c++/11/bits/stl_pair.h:381:28:[m[K [01;36m[Knote: [m[K  template argument deduction/substitution failed:
[16.821s] [01m[K/usr/include/c++/11/bits/stl_pair.h:371:19:[m[K [01;36m[Knote: [m[Kcandidate: ‘[01m[Ktemplate<class _U1, class _U2, typename std::enable_if<(std::_PCC<((! std::is_same<rs2_stream, _U1>::value) || (! std::is_same<int, _U2>::value)), rs2_stream, int>::_MoveConstructiblePair<_U1, _U2>() && std::_PCC<((! std::is_same<rs2_stream, _U1>::value) || (! std::is_same<int, _U2>::value)), rs2_stream, int>::_ImplicitlyMoveConvertiblePair<_U1, _U2>()), bool>::type <anonymous> > constexpr std::pair<_T1, _T2>::pair(std::pair<_U1, _U2>&&) [with _U1 = _U1; _U2 = _U2; typename std::enable_if<(std::_PCC<((! std::is_same<_T1, _U1>::value) || (! std::is_same<_T2, _U2>::value)), _T1, _T2>::_MoveConstructiblePair<_U1, _U2>() && std::_PCC<((! std::is_same<_T1, _U1>::value) || (! std::is_same<_T2, _U2>::value)), _T1, _T2>::_ImplicitlyMoveConvertiblePair<_U1, _U2>()), bool>::type <anonymous> = <anonymous>; _T1 = rs2_stream; _T2 = int][m[K’
[16.821s]   371 |         constexpr [01;36m[Kpair[m[K(pair<_U1, _U2>&& __p)
[16.821s]       |                   [01;36m[K^~~~[m[K
[16.821s] [01m[K/usr/include/c++/11/bits/stl_pair.h:371:19:[m[K [01;36m[Knote: [m[K  template argument deduction/substitution failed:
[16.821s] [01m[K/usr/include/c++/11/bits/stl_pair.h:361:28:[m[K [01;36m[Knote: [m[Kcandidate: ‘[01m[Ktemplate<class _U1, class _U2, typename std::enable_if<(_MoveConstructiblePair<_U1, _U2>() && (! _ImplicitlyMoveConvertiblePair<_U1, _U2>())), bool>::type <anonymous> > constexpr std::pair<_T1, _T2>::pair(_U1&&, _U2&&) [with _U1 = _U1; _U2 = _U2; typename std::enable_if<(std::_PCC<true, _T1, _T2>::_MoveConstructiblePair<_U1, _U2>() && (! std::_PCC<true, _T1, _T2>::_ImplicitlyMoveConvertiblePair<_U1, _U2>())), bool>::type <anonymous> = <anonymous>; _T1 = rs2_stream; _T2 = int][m[K’
[16.821s]   361 |         explicit constexpr [01;36m[Kpair[m[K(_U1&& __x, _U2&& __y)
[16.821s]       |                            [01;36m[K^~~~[m[K
[16.821s] [01m[K/usr/include/c++/11/bits/stl_pair.h:361:28:[m[K [01;36m[Knote: [m[K  template argument deduction/substitution failed:
[16.822s] [01m[K/usr/include/c++/11/bits/stl_pair.h:352:19:[m[K [01;36m[Knote: [m[Kcandidate: ‘[01m[Ktemplate<class _U1, class _U2, typename std::enable_if<(_MoveConstructiblePair<_U1, _U2>() && _ImplicitlyMoveConvertiblePair<_U1, _U2>()), bool>::type <anonymous> > constexpr std::pair<_T1, _T2>::pair(_U1&&, _U2&&) [with _U1 = _U1; _U2 = _U2; typename std::enable_if<(std::_PCC<true, _T1, _T2>::_MoveConstructiblePair<_U1, _U2>() && std::_PCC<true, _T1, _T2>::_ImplicitlyMoveConvertiblePair<_U1, _U2>()), bool>::type <anonymous> = <anonymous>; _T1 = rs2_stream; _T2 = int][m[K’
[16.822s]   352 |         constexpr [01;36m[Kpair[m[K(_U1&& __x, _U2&& __y)
[16.822s]       |                   [01;36m[K^~~~[m[K
[16.822s] [01m[K/usr/include/c++/11/bits/stl_pair.h:352:19:[m[K [01;36m[Knote: [m[K  template argument deduction/substitution failed:
[16.822s] [01m[K/usr/include/c++/11/bits/stl_pair.h:343:17:[m[K [01;36m[Knote: [m[Kcandidate: ‘[01m[Ktemplate<class _U2, typename std::enable_if<_CopyMovePair<false, rs2_stream, _U2>(), bool>::type <anonymous> > std::pair<_T1, _T2>::pair(const _T1&, _U2&&) [with _U2 = _U2; typename std::enable_if<std::_PCC<true, _T1, _T2>::_CopyMovePair<false, _T1, _U2>(), bool>::type <anonymous> = <anonymous>; _T1 = rs2_stream; _T2 = int][m[K’
[16.822s]   343 |        explicit [01;36m[Kpair[m[K(const _T1& __x, _U2&& __y)
[16.822s]       |                 [01;36m[K^~~~[m[K
[16.822s] [01m[K/usr/include/c++/11/bits/stl_pair.h:343:17:[m[K [01;36m[Knote: [m[K  template argument deduction/substitution failed:
[16.822s] [01m[K/usr/include/c++/11/bits/stl_pair.h:336:18:[m[K [01;36m[Knote: [m[Kcandidate: ‘[01m[Ktemplate<class _U2, typename std::enable_if<_CopyMovePair<true, rs2_stream, _U2>(), bool>::type <anonymous> > constexpr std::pair<_T1, _T2>::pair(const _T1&, _U2&&) [with _U2 = _U2; typename std::enable_if<std::_PCC<true, _T1, _T2>::_CopyMovePair<true, _T1, _U2>(), bool>::type <anonymous> = <anonymous>; _T1 = rs2_stream; _T2 = int][m[K’
[16.822s]   336 |        constexpr [01;36m[Kpair[m[K(const _T1& __x, _U2&& __y)
[16.822s]       |                  [01;36m[K^~~~[m[K
[16.823s] [01m[K/usr/include/c++/11/bits/stl_pair.h:336:18:[m[K [01;36m[Knote: [m[K  template argument deduction/substitution failed:
[16.823s] [01m[K/usr/include/c++/11/bits/stl_pair.h:329:27:[m[K [01;36m[Knote: [m[Kcandidate: ‘[01m[Ktemplate<class _U1, typename std::enable_if<_MoveCopyPair<false, _U1, int>(), bool>::type <anonymous> > constexpr std::pair<_T1, _T2>::pair(_U1&&, const _T2&) [with _U1 = _U1; typename std::enable_if<std::_PCC<true, _T1, _T2>::_MoveCopyPair<false, _U1, _T2>(), bool>::type <anonymous> = <anonymous>; _T1 = rs2_stream; _T2 = int][m[K’
[16.823s]   329 |        explicit constexpr [01;36m[Kpair[m[K(_U1&& __x, const _T2& __y)
[16.823s]       |                           [01;36m[K^~~~[m[K
[16.823s] [01m[K/usr/include/c++/11/bits/stl_pair.h:329:27:[m[K [01;36m[Knote: [m[K  template argument deduction/substitution failed:
[16.823s] [01m[K/usr/include/c++/11/bits/stl_pair.h:322:18:[m[K [01;36m[Knote: [m[Kcandidate: ‘[01m[Ktemplate<class _U1, typename std::enable_if<_MoveCopyPair<true, _U1, int>(), bool>::type <anonymous> > constexpr std::pair<_T1, _T2>::pair(_U1&&, const _T2&) [with _U1 = _U1; typename std::enable_if<std::_PCC<true, _T1, _T2>::_MoveCopyPair<true, _U1, _T2>(), bool>::type <anonymous> = <anonymous>; _T1 = rs2_stream; _T2 = int][m[K’
[16.823s]   322 |        constexpr [01;36m[Kpair[m[K(_U1&& __x, const _T2& __y)
[16.823s]       |                  [01;36m[K^~~~[m[K
[16.823s] [01m[K/usr/include/c++/11/bits/stl_pair.h:322:18:[m[K [01;36m[Knote: [m[K  template argument deduction/substitution failed:
[16.823s] [01m[K/usr/include/c++/11/bits/stl_pair.h:309:28:[m[K [01;36m[Knote: [m[Kcandidate: ‘[01m[Ktemplate<class _U1, class _U2, typename std::enable_if<(std::_PCC<((! std::is_same<rs2_stream, _U1>::value) || (! std::is_same<int, _U2>::value)), rs2_stream, int>::_ConstructiblePair<_U1, _U2>() && (! std::_PCC<((! std::is_same<rs2_stream, _U1>::value) || (! std::is_same<int, _U2>::value)), rs2_stream, int>::_ImplicitlyConvertiblePair<_U1, _U2>())), bool>::type <anonymous> > constexpr std::pair<_T1, _T2>::pair(const std::pair<_U1, _U2>&) [with _U1 = _U1; _U2 = _U2; typename std::enable_if<(std::_PCC<((! std::is_same<_T1, _U1>::value) || (! std::is_same<_T2, _U2>::value)), _T1, _T2>::_ConstructiblePair<_U1, _U2>() && (! std::_PCC<((! std::is_same<_T1, _U1>::value) || (! std::is_same<_T2, _U2>::value)), _T1, _T2>::_ImplicitlyConvertiblePair<_U1, _U2>())), bool>::type <anonymous> = <anonymous>; _T1 = rs2_stream; _T2 = int][m[K’
[16.824s]   309 |         explicit constexpr [01;36m[Kpair[m[K(const pair<_U1, _U2>& __p)
[16.824s]       |                            [01;36m[K^~~~[m[K
[16.824s] [01m[K/usr/include/c++/11/bits/stl_pair.h:309:28:[m[K [01;36m[Knote: [m[K  template argument deduction/substitution failed:
[16.824s] [01m[K/usr/include/c++/11/bits/stl_pair.h:300:19:[m[K [01;36m[Knote: [m[Kcandidate: ‘[01m[Ktemplate<class _U1, class _U2, typename std::enable_if<(std::_PCC<((! std::is_same<rs2_stream, _U1>::value) || (! std::is_same<int, _U2>::value)), rs2_stream, int>::_ConstructiblePair<_U1, _U2>() && std::_PCC<((! std::is_same<rs2_stream, _U1>::value) || (! std::is_same<int, _U2>::value)), rs2_stream, int>::_ImplicitlyConvertiblePair<_U1, _U2>()), bool>::type <anonymous> > constexpr std::pair<_T1, _T2>::pair(const std::pair<_U1, _U2>&) [with _U1 = _U1; _U2 = _U2; typename std::enable_if<(std::_PCC<((! std::is_same<_T1, _U1>::value) || (! std::is_same<_T2, _U2>::value)), _T1, _T2>::_ConstructiblePair<_U1, _U2>() && std::_PCC<((! std::is_same<_T1, _U1>::value) || (! std::is_same<_T2, _U2>::value)), _T1, _T2>::_ImplicitlyConvertiblePair<_U1, _U2>()), bool>::type <anonymous> = <anonymous>; _T1 = rs2_stream; _T2 = int][m[K’
[16.824s]   300 |         constexpr [01;36m[Kpair[m[K(const pair<_U1, _U2>& __p)
[16.824s]       |                   [01;36m[K^~~~[m[K
[16.824s] [01m[K/usr/include/c++/11/bits/stl_pair.h:300:19:[m[K [01;36m[Knote: [m[K  template argument deduction/substitution failed:
[16.824s] [01m[K/usr/include/c++/11/bits/stl_pair.h:276:26:[m[K [01;36m[Knote: [m[Kcandidate: ‘[01m[Ktemplate<class _U1, class _U2, typename std::enable_if<(_ConstructiblePair<_U1, _U2>() && (! _ImplicitlyConvertiblePair<_U1, _U2>())), bool>::type <anonymous> > constexpr std::pair<_T1, _T2>::pair(const _T1&, const _T2&) [with _U1 = _U1; _U2 = _U2; typename std::enable_if<(std::_PCC<true, _T1, _T2>::_ConstructiblePair<_U1, _U2>() && (! std::_PCC<true, _T1, _T2>::_ImplicitlyConvertiblePair<_U1, _U2>())), bool>::type <anonymous> = <anonymous>; _T1 = rs2_stream; _T2 = int][m[K’
[16.824s]   276 |       explicit constexpr [01;36m[Kpair[m[K(const _T1& __a, const _T2& __b)
[16.824s]       |                          [01;36m[K^~~~[m[K
[16.825s] [01m[K/usr/include/c++/11/bits/stl_pair.h:276:26:[m[K [01;36m[Knote: [m[K  template argument deduction/substitution failed:
[16.825s] [01m[K/usr/include/c++/11/bits/stl_pair.h:266:17:[m[K [01;36m[Knote: [m[Kcandidate: ‘[01m[Ktemplate<class _U1, class _U2, typename std::enable_if<(_ConstructiblePair<_U1, _U2>() && _ImplicitlyConvertiblePair<_U1, _U2>()), bool>::type <anonymous> > constexpr std::pair<_T1, _T2>::pair(const _T1&, const _T2&) [with _U1 = _U1; _U2 = _U2; typename std::enable_if<(std::_PCC<true, _T1, _T2>::_ConstructiblePair<_U1, _U2>() && std::_PCC<true, _T1, _T2>::_ImplicitlyConvertiblePair<_U1, _U2>()), bool>::type <anonymous> = <anonymous>; _T1 = rs2_stream; _T2 = int][m[K’
[16.825s]   266 |       constexpr [01;36m[Kpair[m[K(const _T1& __a, const _T2& __b)
[16.825s]       |                 [01;36m[K^~~~[m[K
[16.825s] [01m[K/usr/include/c++/11/bits/stl_pair.h:266:17:[m[K [01;36m[Knote: [m[K  template argument deduction/substitution failed:
[16.825s] [01m[K/usr/include/c++/11/bits/stl_pair.h:245:26:[m[K [01;36m[Knote: [m[Kcandidate: ‘[01m[Ktemplate<class _U1, class _U2, typename std::enable_if<std::__and_<std::is_default_constructible<_U1>, std::is_default_constructible<_Dp>, std::__not_<std::__and_<std::__is_implicitly_default_constructible<_U1>, std::__is_implicitly_default_constructible<_U2> > > >::value, bool>::type <anonymous> > constexpr std::pair<_T1, _T2>::pair() [with _U1 = _U1; _U2 = _U2; typename std::enable_if<std::__and_<std::is_default_constructible<_U1>, std::is_default_constructible<_U2>, std::__not_<std::__and_<std::__is_implicitly_default_constructible<_U1>, std::__is_implicitly_default_constructible<_U2> > > >::value, bool>::type <anonymous> = <anonymous>; _T1 = rs2_stream; _T2 = int][m[K’
[16.825s]   245 |       explicit constexpr [01;36m[Kpair[m[K()
[16.825s]       |                          [01;36m[K^~~~[m[K
[16.826s] [01m[K/usr/include/c++/11/bits/stl_pair.h:245:26:[m[K [01;36m[Knote: [m[K  template argument deduction/substitution failed:
[16.826s] In file included from [01m[K/home/brace/codeSpace/navi/src/realsense-ros/realsense2_camera/include/ros_sensor.h:22[m[K,
[16.826s]                  from [01m[K/home/brace/codeSpace/navi/src/realsense-ros/realsense2_camera/src/../include/base_realsense_node.h:63[m[K,
[16.826s]                  from [01m[K/home/brace/codeSpace/navi/src/realsense-ros/realsense2_camera/src/tfs.cpp:15[m[K:
[16.826s] [01m[K/home/brace/codeSpace/navi/src/realsense-ros/realsense2_camera/include/ros_utils.h:36:56:[m[K [01;36m[Knote: [m[K  candidate expects 0 arguments, 2 provided
[16.826s]    36 |     const stream_index_pair SAFETY{RS2_STREAM_SAFETY, 0[01;36m[K}[m[K;
[16.826s]       |                                                        [01;36m[K^[m[K
[16.826s] In file included from [01m[K/usr/include/c++/11/bits/stl_algobase.h:64[m[K,
[16.826s]                  from [01m[K/usr/include/c++/11/bits/specfun.h:45[m[K,
[16.826s]                  from [01m[K/usr/include/c++/11/cmath:1935[m[K,
[16.826s]                  from [01m[K/usr/include/c++/11/math.h:36[m[K,
[16.827s]                  from [01m[K/opt/ros/humble/include/librealsense2/rsutil.h:10[m[K,
[16.827s]                  from [01m[K/opt/ros/humble/include/librealsense2/rs.h:16[m[K,
[16.827s]                  from [01m[K/opt/ros/humble/include/librealsense2/rs.hpp:7[m[K,
[16.827s]                  from [01m[K/home/brace/codeSpace/navi/src/realsense-ros/realsense2_camera/src/../include/base_realsense_node.h:17[m[K,
[16.827s]                  from [01m[K/home/brace/codeSpace/navi/src/realsense-ros/realsense2_camera/src/tfs.cpp:15[m[K:
[16.827s] [01m[K/usr/include/c++/11/bits/stl_pair.h:232:26:[m[K [01;36m[Knote: [m[Kcandidate: ‘[01m[Ktemplate<class _U1, class _U2, typename std::enable_if<std::__and_<std::__is_implicitly_default_constructible<_U1>, std::__is_implicitly_default_constructible<_U2> >::value, bool>::type <anonymous> > constexpr std::pair<_T1, _T2>::pair() [with _U1 = _U1; _U2 = _U2; typename std::enable_if<std::__and_<std::__is_implicitly_default_constructible<_U1>, std::__is_implicitly_default_constructible<_U2> >::value, bool>::type <anonymous> = <anonymous>; _T1 = rs2_stream; _T2 = int][m[K’
[16.827s]   232 |       _GLIBCXX_CONSTEXPR [01;36m[Kpair[m[K()
[16.827s]       |                          [01;36m[K^~~~[m[K
[16.827s] [01m[K/usr/include/c++/11/bits/stl_pair.h:232:26:[m[K [01;36m[Knote: [m[K  template argument deduction/substitution failed:
[16.827s] In file included from [01m[K/home/brace/codeSpace/navi/src/realsense-ros/realsense2_camera/include/ros_sensor.h:22[m[K,
[16.827s]                  from [01m[K/home/brace/codeSpace/navi/src/realsense-ros/realsense2_camera/src/../include/base_realsense_node.h:63[m[K,
[16.828s]                  from [01m[K/home/brace/codeSpace/navi/src/realsense-ros/realsense2_camera/src/tfs.cpp:15[m[K:
[16.828s] [01m[K/home/brace/codeSpace/navi/src/realsense-ros/realsense2_camera/include/ros_utils.h:36:56:[m[K [01;36m[Knote: [m[K  candidate expects 0 arguments, 2 provided
[16.828s]    36 |     const stream_index_pair SAFETY{RS2_STREAM_SAFETY, 0[01;36m[K}[m[K;
[16.828s]       |                                                        [01;36m[K^[m[K
[16.828s] In file included from [01m[K/usr/include/c++/11/bits/stl_algobase.h:64[m[K,
[16.828s]                  from [01m[K/usr/include/c++/11/bits/specfun.h:45[m[K,
[16.828s]                  from [01m[K/usr/include/c++/11/cmath:1935[m[K,
[16.828s]                  from [01m[K/usr/include/c++/11/math.h:36[m[K,
[16.828s]                  from [01m[K/opt/ros/humble/include/librealsense2/rsutil.h:10[m[K,
[16.828s]                  from [01m[K/opt/ros/humble/include/librealsense2/rs.h:16[m[K,
[16.828s]                  from [01m[K/opt/ros/humble/include/librealsense2/rs.hpp:7[m[K,
[16.829s]                  from [01m[K/home/brace/codeSpace/navi/src/realsense-ros/realsense2_camera/src/../include/base_realsense_node.h:17[m[K,
[16.829s]                  from [01m[K/home/brace/codeSpace/navi/src/realsense-ros/realsense2_camera/src/tfs.cpp:15[m[K:
[16.829s] [01m[K/usr/include/c++/11/bits/stl_pair.h:315:17:[m[K [01;36m[Knote: [m[Kcandidate: ‘[01m[Kconstexpr std::pair<_T1, _T2>::pair(std::pair<_T1, _T2>&&) [with _T1 = rs2_stream; _T2 = int][m[K’
[16.829s]   315 |       constexpr [01;36m[Kpair[m[K(pair&&) = default;         ///< Move constructor
[16.829s]       |                 [01;36m[K^~~~[m[K
[16.829s] [01m[K/usr/include/c++/11/bits/stl_pair.h:315:17:[m[K [01;36m[Knote: [m[K  candidate expects 1 argument, 2 provided
[16.829s] [01m[K/usr/include/c++/11/bits/stl_pair.h:314:17:[m[K [01;36m[Knote: [m[Kcandidate: ‘[01m[Kconstexpr std::pair<_T1, _T2>::pair(const std::pair<_T1, _T2>&) [with _T1 = rs2_stream; _T2 = int][m[K’
[16.829s]   314 |       constexpr [01;36m[Kpair[m[K(const pair&) = default;    ///< Copy constructor
[16.829s]       |                 [01;36m[K^~~~[m[K
[16.829s] [01m[K/usr/include/c++/11/bits/stl_pair.h:314:17:[m[K [01;36m[Knote: [m[K  candidate expects 1 argument, 2 provided
[16.829s] [01m[K/home/brace/codeSpace/navi/src/realsense-ros/realsense2_camera/src/base_realsense_node.cpp:638:36:[m[K [01;31m[Kerror: [m[K‘[01m[KRS2_STREAM_OCCUPANCY[m[K’ was not declared in this scope; did you mean ‘[01m[KRS2_STREAM_COUNT[m[K’?
[16.830s]   638 |             else if(stream_type == [01;31m[KRS2_STREAM_OCCUPANCY[m[K)
[16.830s]       |                                    [01;31m[K^~~~~~~~~~~~~~~~~~~~[m[K
[16.830s]       |                                    [32m[KRS2_STREAM_COUNT[m[K
[16.837s] In file included from [01m[K/home/brace/codeSpace/navi/src/realsense-ros/realsense2_camera/include/ros_sensor.h:22[m[K,
[16.838s]                  from [01m[K/home/brace/codeSpace/navi/src/realsense-ros/realsense2_camera/src/../include/base_realsense_node.h:63[m[K,
[16.838s]                  from [01m[K/home/brace/codeSpace/navi/src/realsense-ros/realsense2_camera/src/tfs.cpp:15[m[K:
[16.838s] [01m[K/home/brace/codeSpace/navi/src/realsense-ros/realsense2_camera/include/ros_utils.h:37:49:[m[K [01;31m[Kerror: [m[K‘[01m[KRS2_STREAM_LABELED_POINT_CLOUD[m[K’ was not declared in this scope
[16.839s]    37 |     const stream_index_pair LABELED_POINT_CLOUD{[01;31m[KRS2_STREAM_LABELED_POINT_CLOUD[m[K, 0};
[16.839s]       |                                                 [01;31m[K^~~~~~~~~~~~~~~~~~~~~~~~~~~~~~[m[K
[16.839s] [01m[K/home/brace/codeSpace/navi/src/realsense-ros/realsense2_camera/include/ros_utils.h:37:82:[m[K [01;31m[Kerror: [m[Kno matching function for call to ‘[01m[Kstd::pair<rs2_stream, int>::pair(<brace-enclosed initializer list>)[m[K’
[16.839s]    37 |     const stream_index_pair LABELED_POINT_CLOUD{RS2_STREAM_LABELED_POINT_CLOUD, 0[01;31m[K}[m[K;
[16.839s]       |                                                                                  [01;31m[K^[m[K
[16.839s] In file included from [01m[K/usr/include/c++/11/bits/stl_algobase.h:64[m[K,
[16.839s]                  from [01m[K/usr/include/c++/11/bits/specfun.h:45[m[K,
[16.839s]                  from [01m[K/usr/include/c++/11/cmath:1935[m[K,
[16.839s]                  from [01m[K/usr/include/c++/11/math.h:36[m[K,
[16.839s]                  from [01m[K/opt/ros/humble/include/librealsense2/rsutil.h:10[m[K,
[16.839s]                  from [01m[K/opt/ros/humble/include/librealsense2/rs.h:16[m[K,
[16.839s]                  from [01m[K/opt/ros/humble/include/librealsense2/rs.hpp:7[m[K,
[16.839s]                  from [01m[K/home/brace/codeSpace/navi/src/realsense-ros/realsense2_camera/src/../include/base_realsense_node.h:17[m[K,
[16.839s]                  from [01m[K/home/brace/codeSpace/navi/src/realsense-ros/realsense2_camera/src/tfs.cpp:15[m[K:
[16.839s] [01m[K/usr/include/c++/11/bits/stl_pair.h:452:9:[m[K [01;36m[Knote: [m[Kcandidate: ‘[01m[Ktemplate<class ... _Args1, long unsigned int ..._Indexes1, class ... _Args2, long unsigned int ..._Indexes2> std::pair<_T1, _T2>::pair(std::tuple<_Args1 ...>&, std::tuple<_Args2 ...>&, std::_Index_tuple<_Indexes1 ...>, std::_Index_tuple<_Indexes2 ...>) [with _Args1 = {_Args1 ...}; long unsigned int ..._Indexes1 = {_Indexes1 ...}; _Args2 = {_Args2 ...}; long unsigned int ..._Indexes2 = {_Indexes2 ...}; _T1 = rs2_stream; _T2 = int][m[K’
[16.839s]   452 |         [01;36m[Kpair[m[K(tuple<_Args1...>&, tuple<_Args2...>&,
[16.839s]       |         [01;36m[K^~~~[m[K
[16.839s] [01m[K/usr/include/c++/11/bits/stl_pair.h:452:9:[m[K [01;36m[Knote: [m[K  template argument deduction/substitution failed:
[16.840s] [01m[K/usr/include/c++/11/bits/stl_pair.h:387:9:[m[K [01;36m[Knote: [m[Kcandidate: ‘[01m[Ktemplate<class ... _Args1, class ... _Args2> std::pair<_T1, _T2>::pair(std::piecewise_construct_t, std::tuple<_Args1 ...>, std::tuple<_Args2 ...>) [with _Args1 = {_Args1 ...}; _Args2 = {_Args2 ...}; _T1 = rs2_stream; _T2 = int][m[K’
[16.840s]   387 |         [01;36m[Kpair[m[K(piecewise_construct_t, tuple<_Args1...>, tuple<_Args2...>);
[16.840s]       |         [01;36m[K^~~~[m[K
[16.840s] [01m[K/usr/include/c++/11/bits/stl_pair.h:387:9:[m[K [01;36m[Knote: [m[K  template argument deduction/substitution failed:
[16.840s] [01m[K/usr/include/c++/11/bits/stl_pair.h:381:28:[m[K [01;36m[Knote: [m[Kcandidate: ‘[01m[Ktemplate<class _U1, class _U2, typename std::enable_if<(std::_PCC<((! std::is_same<rs2_stream, _U1>::value) || (! std::is_same<int, _U2>::value)), rs2_stream, int>::_MoveConstructiblePair<_U1, _U2>() && (! std::_PCC<((! std::is_same<rs2_stream, _U1>::value) || (! std::is_same<int, _U2>::value)), rs2_stream, int>::_ImplicitlyMoveConvertiblePair<_U1, _U2>())), bool>::type <anonymous> > constexpr std::pair<_T1, _T2>::pair(std::pair<_U1, _U2>&&) [with _U1 = _U1; _U2 = _U2; typename std::enable_if<(std::_PCC<((! std::is_same<_T1, _U1>::value) || (! std::is_same<_T2, _U2>::value)), _T1, _T2>::_MoveConstructiblePair<_U1, _U2>() && (! std::_PCC<((! std::is_same<_T1, _U1>::value) || (! std::is_same<_T2, _U2>::value)), _T1, _T2>::_ImplicitlyMoveConvertiblePair<_U1, _U2>())), bool>::type <anonymous> = <anonymous>; _T1 = rs2_stream; _T2 = int][m[K’
[16.840s]   381 |         explicit constexpr [01;36m[Kpair[m[K(pair<_U1, _U2>&& __p)
[16.840s]       |                            [01;36m[K^~~~[m[K
[16.840s] [01m[K/usr/include/c++/11/bits/stl_pair.h:381:28:[m[K [01;36m[Knote: [m[K  template argument deduction/substitution failed:
[16.840s] [01m[K/usr/include/c++/11/bits/stl_pair.h:371:19:[m[K [01;36m[Knote: [m[Kcandidate: ‘[01m[Ktemplate<class _U1, class _U2, typename std::enable_if<(std::_PCC<((! std::is_same<rs2_stream, _U1>::value) || (! std::is_same<int, _U2>::value)), rs2_stream, int>::_MoveConstructiblePair<_U1, _U2>() && std::_PCC<((! std::is_same<rs2_stream, _U1>::value) || (! std::is_same<int, _U2>::value)), rs2_stream, int>::_ImplicitlyMoveConvertiblePair<_U1, _U2>()), bool>::type <anonymous> > constexpr std::pair<_T1, _T2>::pair(std::pair<_U1, _U2>&&) [with _U1 = _U1; _U2 = _U2; typename std::enable_if<(std::_PCC<((! std::is_same<_T1, _U1>::value) || (! std::is_same<_T2, _U2>::value)), _T1, _T2>::_MoveConstructiblePair<_U1, _U2>() && std::_PCC<((! std::is_same<_T1, _U1>::value) || (! std::is_same<_T2, _U2>::value)), _T1, _T2>::_ImplicitlyMoveConvertiblePair<_U1, _U2>()), bool>::type <anonymous> = <anonymous>; _T1 = rs2_stream; _T2 = int][m[K’
[16.840s]   371 |         constexpr [01;36m[Kpair[m[K(pair<_U1, _U2>&& __p)
[16.840s]       |                   [01;36m[K^~~~[m[K
[16.840s] [01m[K/usr/include/c++/11/bits/stl_pair.h:371:19:[m[K [01;36m[Knote: [m[K  template argument deduction/substitution failed:
[16.840s] [01m[K/usr/include/c++/11/bits/stl_pair.h:361:28:[m[K [01;36m[Knote: [m[Kcandidate: ‘[01m[Ktemplate<class _U1, class _U2, typename std::enable_if<(_MoveConstructiblePair<_U1, _U2>() && (! _ImplicitlyMoveConvertiblePair<_U1, _U2>())), bool>::type <anonymous> > constexpr std::pair<_T1, _T2>::pair(_U1&&, _U2&&) [with _U1 = _U1; _U2 = _U2; typename std::enable_if<(std::_PCC<true, _T1, _T2>::_MoveConstructiblePair<_U1, _U2>() && (! std::_PCC<true, _T1, _T2>::_ImplicitlyMoveConvertiblePair<_U1, _U2>())), bool>::type <anonymous> = <anonymous>; _T1 = rs2_stream; _T2 = int][m[K’
[16.840s]   361 |         explicit constexpr [01;36m[Kpair[m[K(_U1&& __x, _U2&& __y)
[16.840s]       |                            [01;36m[K^~~~[m[K
[16.840s] [01m[K/usr/include/c++/11/bits/stl_pair.h:361:28:[m[K [01;36m[Knote: [m[K  template argument deduction/substitution failed:
[16.840s] [01m[K/usr/include/c++/11/bits/stl_pair.h:352:19:[m[K [01;36m[Knote: [m[Kcandidate: ‘[01m[Ktemplate<class _U1, class _U2, typename std::enable_if<(_MoveConstructiblePair<_U1, _U2>() && _ImplicitlyMoveConvertiblePair<_U1, _U2>()), bool>::type <anonymous> > constexpr std::pair<_T1, _T2>::pair(_U1&&, _U2&&) [with _U1 = _U1; _U2 = _U2; typename std::enable_if<(std::_PCC<true, _T1, _T2>::_MoveConstructiblePair<_U1, _U2>() && std::_PCC<true, _T1, _T2>::_ImplicitlyMoveConvertiblePair<_U1, _U2>()), bool>::type <anonymous> = <anonymous>; _T1 = rs2_stream; _T2 = int][m[K’
[16.841s]   352 |         constexpr [01;36m[Kpair[m[K(_U1&& __x, _U2&& __y)
[16.841s]       |                   [01;36m[K^~~~[m[K
[16.841s] [01m[K/usr/include/c++/11/bits/stl_pair.h:352:19:[m[K [01;36m[Knote: [m[K  template argument deduction/substitution failed:
[16.841s] [01m[K/usr/include/c++/11/bits/stl_pair.h:343:17:[m[K [01;36m[Knote: [m[Kcandidate: ‘[01m[Ktemplate<class _U2, typename std::enable_if<_CopyMovePair<false, rs2_stream, _U2>(), bool>::type <anonymous> > std::pair<_T1, _T2>::pair(const _T1&, _U2&&) [with _U2 = _U2; typename std::enable_if<std::_PCC<true, _T1, _T2>::_CopyMovePair<false, _T1, _U2>(), bool>::type <anonymous> = <anonymous>; _T1 = rs2_stream; _T2 = int][m[K’
[16.841s]   343 |        explicit [01;36m[Kpair[m[K(const _T1& __x, _U2&& __y)
[16.841s]       |                 [01;36m[K^~~~[m[K
[16.841s] [01m[K/usr/include/c++/11/bits/stl_pair.h:343:17:[m[K [01;36m[Knote: [m[K  template argument deduction/substitution failed:
[16.841s] [01m[K/usr/include/c++/11/bits/stl_pair.h:336:18:[m[K [01;36m[Knote: [m[Kcandidate: ‘[01m[Ktemplate<class _U2, typename std::enable_if<_CopyMovePair<true, rs2_stream, _U2>(), bool>::type <anonymous> > constexpr std::pair<_T1, _T2>::pair(const _T1&, _U2&&) [with _U2 = _U2; typename std::enable_if<std::_PCC<true, _T1, _T2>::_CopyMovePair<true, _T1, _U2>(), bool>::type <anonymous> = <anonymous>; _T1 = rs2_stream; _T2 = int][m[K’
[16.841s]   336 |        constexpr [01;36m[Kpair[m[K(const _T1& __x, _U2&& __y)
[16.841s]       |                  [01;36m[K^~~~[m[K
[16.841s] [01m[K/usr/include/c++/11/bits/stl_pair.h:336:18:[m[K [01;36m[Knote: [m[K  template argument deduction/substitution failed:
[16.841s] [01m[K/usr/include/c++/11/bits/stl_pair.h:329:27:[m[K [01;36m[Knote: [m[Kcandidate: ‘[01m[Ktemplate<class _U1, typename std::enable_if<_MoveCopyPair<false, _U1, int>(), bool>::type <anonymous> > constexpr std::pair<_T1, _T2>::pair(_U1&&, const _T2&) [with _U1 = _U1; typename std::enable_if<std::_PCC<true, _T1, _T2>::_MoveCopyPair<false, _U1, _T2>(), bool>::type <anonymous> = <anonymous>; _T1 = rs2_stream; _T2 = int][m[K’
[16.841s]   329 |        explicit constexpr [01;36m[Kpair[m[K(_U1&& __x, const _T2& __y)
[16.841s]       |                           [01;36m[K^~~~[m[K
[16.841s] [01m[K/usr/include/c++/11/bits/stl_pair.h:329:27:[m[K [01;36m[Knote: [m[K  template argument deduction/substitution failed:
[16.841s] [01m[K/usr/include/c++/11/bits/stl_pair.h:322:18:[m[K [01;36m[Knote: [m[Kcandidate: ‘[01m[Ktemplate<class _U1, typename std::enable_if<_MoveCopyPair<true, _U1, int>(), bool>::type <anonymous> > constexpr std::pair<_T1, _T2>::pair(_U1&&, const _T2&) [with _U1 = _U1; typename std::enable_if<std::_PCC<true, _T1, _T2>::_MoveCopyPair<true, _U1, _T2>(), bool>::type <anonymous> = <anonymous>; _T1 = rs2_stream; _T2 = int][m[K’
[16.841s]   322 |        constexpr [01;36m[Kpair[m[K(_U1&& __x, const _T2& __y)
[16.841s]       |                  [01;36m[K^~~~[m[K
[16.842s] [01m[K/usr/include/c++/11/bits/stl_pair.h:322:18:[m[K [01;36m[Knote: [m[K  template argument deduction/substitution failed:
[16.842s] [01m[K/usr/include/c++/11/bits/stl_pair.h:309:28:[m[K [01;36m[Knote: [m[Kcandidate: ‘[01m[Ktemplate<class _U1, class _U2, typename std::enable_if<(std::_PCC<((! std::is_same<rs2_stream, _U1>::value) || (! std::is_same<int, _U2>::value)), rs2_stream, int>::_ConstructiblePair<_U1, _U2>() && (! std::_PCC<((! std::is_same<rs2_stream, _U1>::value) || (! std::is_same<int, _U2>::value)), rs2_stream, int>::_ImplicitlyConvertiblePair<_U1, _U2>())), bool>::type <anonymous> > constexpr std::pair<_T1, _T2>::pair(const std::pair<_U1, _U2>&) [with _U1 = _U1; _U2 = _U2; typename std::enable_if<(std::_PCC<((! std::is_same<_T1, _U1>::value) || (! std::is_same<_T2, _U2>::value)), _T1, _T2>::_ConstructiblePair<_U1, _U2>() && (! std::_PCC<((! std::is_same<_T1, _U1>::value) || (! std::is_same<_T2, _U2>::value)), _T1, _T2>::_ImplicitlyConvertiblePair<_U1, _U2>())), bool>::type <anonymous> = <anonymous>; _T1 = rs2_stream; _T2 = int][m[K’
[16.842s]   309 |         explicit constexpr [01;36m[Kpair[m[K(const pair<_U1, _U2>& __p)
[16.842s]       |                            [01;36m[K^~~~[m[K
[16.842s] [01m[K/usr/include/c++/11/bits/stl_pair.h:309:28:[m[K [01;36m[Knote: [m[K  template argument deduction/substitution failed:
[16.842s] [01m[K/usr/include/c++/11/bits/stl_pair.h:300:19:[m[K [01;36m[Knote: [m[Kcandidate: ‘[01m[Ktemplate<class _U1, class _U2, typename std::enable_if<(std::_PCC<((! std::is_same<rs2_stream, _U1>::value) || (! std::is_same<int, _U2>::value)), rs2_stream, int>::_ConstructiblePair<_U1, _U2>() && std::_PCC<((! std::is_same<rs2_stream, _U1>::value) || (! std::is_same<int, _U2>::value)), rs2_stream, int>::_ImplicitlyConvertiblePair<_U1, _U2>()), bool>::type <anonymous> > constexpr std::pair<_T1, _T2>::pair(const std::pair<_U1, _U2>&) [with _U1 = _U1; _U2 = _U2; typename std::enable_if<(std::_PCC<((! std::is_same<_T1, _U1>::value) || (! std::is_same<_T2, _U2>::value)), _T1, _T2>::_ConstructiblePair<_U1, _U2>() && std::_PCC<((! std::is_same<_T1, _U1>::value) || (! std::is_same<_T2, _U2>::value)), _T1, _T2>::_ImplicitlyConvertiblePair<_U1, _U2>()), bool>::type <anonymous> = <anonymous>; _T1 = rs2_stream; _T2 = int][m[K’
[16.842s]   300 |         constexpr [01;36m[Kpair[m[K(const pair<_U1, _U2>& __p)
[16.842s]       |                   [01;36m[K^~~~[m[K
[16.842s] [01m[K/usr/include/c++/11/bits/stl_pair.h:300:19:[m[K [01;36m[Knote: [m[K  template argument deduction/substitution failed:
[16.842s] [01m[K/usr/include/c++/11/bits/stl_pair.h:276:26:[m[K [01;36m[Knote: [m[Kcandidate: ‘[01m[Ktemplate<class _U1, class _U2, typename std::enable_if<(_ConstructiblePair<_U1, _U2>() && (! _ImplicitlyConvertiblePair<_U1, _U2>())), bool>::type <anonymous> > constexpr std::pair<_T1, _T2>::pair(const _T1&, const _T2&) [with _U1 = _U1; _U2 = _U2; typename std::enable_if<(std::_PCC<true, _T1, _T2>::_ConstructiblePair<_U1, _U2>() && (! std::_PCC<true, _T1, _T2>::_ImplicitlyConvertiblePair<_U1, _U2>())), bool>::type <anonymous> = <anonymous>; _T1 = rs2_stream; _T2 = int][m[K’
[16.842s]   276 |       explicit constexpr [01;36m[Kpair[m[K(const _T1& __a, const _T2& __b)
[16.842s]       |                          [01;36m[K^~~~[m[K
[16.842s] [01m[K/usr/include/c++/11/bits/stl_pair.h:276:26:[m[K [01;36m[Knote: [m[K  template argument deduction/substitution failed:
[16.842s] [01m[K/usr/include/c++/11/bits/stl_pair.h:266:17:[m[K [01;36m[Knote: [m[Kcandidate: ‘[01m[Ktemplate<class _U1, class _U2, typename std::enable_if<(_ConstructiblePair<_U1, _U2>() && _ImplicitlyConvertiblePair<_U1, _U2>()), bool>::type <anonymous> > constexpr std::pair<_T1, _T2>::pair(const _T1&, const _T2&) [with _U1 = _U1; _U2 = _U2; typename std::enable_if<(std::_PCC<true, _T1, _T2>::_ConstructiblePair<_U1, _U2>() && std::_PCC<true, _T1, _T2>::_ImplicitlyConvertiblePair<_U1, _U2>()), bool>::type <anonymous> = <anonymous>; _T1 = rs2_stream; _T2 = int][m[K’
[16.842s]   266 |       constexpr [01;36m[Kpair[m[K(const _T1& __a, const _T2& __b)
[16.842s]       |                 [01;36m[K^~~~[m[K
[16.843s] [01m[K/usr/include/c++/11/bits/stl_pair.h:266:17:[m[K [01;36m[Knote: [m[K  template argument deduction/substitution failed:
[16.843s] [01m[K/usr/include/c++/11/bits/stl_pair.h:245:26:[m[K [01;36m[Knote: [m[Kcandidate: ‘[01m[Ktemplate<class _U1, class _U2, typename std::enable_if<std::__and_<std::is_default_constructible<_U1>, std::is_default_constructible<_Dp>, std::__not_<std::__and_<std::__is_implicitly_default_constructible<_U1>, std::__is_implicitly_default_constructible<_U2> > > >::value, bool>::type <anonymous> > constexpr std::pair<_T1, _T2>::pair() [with _U1 = _U1; _U2 = _U2; typename std::enable_if<std::__and_<std::is_default_constructible<_U1>, std::is_default_constructible<_U2>, std::__not_<std::__and_<std::__is_implicitly_default_constructible<_U1>, std::__is_implicitly_default_constructible<_U2> > > >::value, bool>::type <anonymous> = <anonymous>; _T1 = rs2_stream; _T2 = int][m[K’
[16.843s]   245 |       explicit constexpr [01;36m[Kpair[m[K()
[16.843s]       |                          [01;36m[K^~~~[m[K
[16.843s] [01m[K/usr/include/c++/11/bits/stl_pair.h:245:26:[m[K [01;36m[Knote: [m[K  template argument deduction/substitution failed:
[16.843s] In file included from [01m[K/home/brace/codeSpace/navi/src/realsense-ros/realsense2_camera/include/ros_sensor.h:22[m[K,
[16.843s]                  from [01m[K/home/brace/codeSpace/navi/src/realsense-ros/realsense2_camera/src/../include/base_realsense_node.h:63[m[K,
[16.843s]                  from [01m[K/home/brace/codeSpace/navi/src/realsense-ros/realsense2_camera/src/tfs.cpp:15[m[K:
[16.843s] [01m[K/home/brace/codeSpace/navi/src/realsense-ros/realsense2_camera/include/ros_utils.h:37:82:[m[K [01;36m[Knote: [m[K  candidate expects 0 arguments, 2 provided
[16.843s]    37 |     const stream_index_pair LABELED_POINT_CLOUD{RS2_STREAM_LABELED_POINT_CLOUD, 0[01;36m[K}[m[K;
[16.843s]       |                                                                                  [01;36m[K^[m[K
[16.843s] In file included from [01m[K/usr/include/c++/11/bits/stl_algobase.h:64[m[K,
[16.843s]                  from [01m[K/usr/include/c++/11/bits/specfun.h:45[m[K,
[16.843s]                  from [01m[K/usr/include/c++/11/cmath:1935[m[K,
[16.844s]                  from [01m[K/usr/include/c++/11/math.h:36[m[K,
[16.844s]                  from [01m[K/opt/ros/humble/include/librealsense2/rsutil.h:10[m[K,
[16.844s]                  from [01m[K/opt/ros/humble/include/librealsense2/rs.h:16[m[K,
[16.844s]                  from [01m[K/opt/ros/humble/include/librealsense2/rs.hpp:7[m[K,
[16.844s]                  from [01m[K/home/brace/codeSpace/navi/src/realsense-ros/realsense2_camera/src/../include/base_realsense_node.h:17[m[K,
[16.844s]                  from [01m[K/home/brace/codeSpace/navi/src/realsense-ros/realsense2_camera/src/tfs.cpp:15[m[K:
[16.844s] [01m[K/usr/include/c++/11/bits/stl_pair.h:232:26:[m[K [01;36m[Knote: [m[Kcandidate: ‘[01m[Ktemplate<class _U1, class _U2, typename std::enable_if<std::__and_<std::__is_implicitly_default_constructible<_U1>, std::__is_implicitly_default_constructible<_U2> >::value, bool>::type <anonymous> > constexpr std::pair<_T1, _T2>::pair() [with _U1 = _U1; _U2 = _U2; typename std::enable_if<std::__and_<std::__is_implicitly_default_constructible<_U1>, std::__is_implicitly_default_constructible<_U2> >::value, bool>::type <anonymous> = <anonymous>; _T1 = rs2_stream; _T2 = int][m[K’
[16.844s]   232 |       _GLIBCXX_CONSTEXPR [01;36m[Kpair[m[K()
[16.844s]       |                          [01;36m[K^~~~[m[K
[16.844s] [01m[K/usr/include/c++/11/bits/stl_pair.h:232:26:[m[K [01;36m[Knote: [m[K  template argument deduction/substitution failed:
[16.844s] In file included from [01m[K/home/brace/codeSpace/navi/src/realsense-ros/realsense2_camera/include/ros_sensor.h:22[m[K,
[16.844s]                  from [01m[K/home/brace/codeSpace/navi/src/realsense-ros/realsense2_camera/src/../include/base_realsense_node.h:63[m[K,
[16.844s]                  from [01m[K/home/brace/codeSpace/navi/src/realsense-ros/realsense2_camera/src/tfs.cpp:15[m[K:
[16.844s] [01m[K/home/brace/codeSpace/navi/src/realsense-ros/realsense2_camera/include/ros_utils.h:37:82:[m[K [01;36m[Knote: [m[K  candidate expects 0 arguments, 2 provided
[16.844s]    37 |     const stream_index_pair LABELED_POINT_CLOUD{RS2_STREAM_LABELED_POINT_CLOUD, 0[01;36m[K}[m[K;
[16.845s]       |                                                                                  [01;36m[K^[m[K
[16.845s] In file included from [01m[K/usr/include/c++/11/bits/stl_algobase.h:64[m[K,
[16.845s]                  from [01m[K/usr/include/c++/11/bits/specfun.h:45[m[K,
[16.845s]                  from [01m[K/usr/include/c++/11/cmath:1935[m[K,
[16.845s]                  from [01m[K/usr/include/c++/11/math.h:36[m[K,
[16.845s]                  from [01m[K/opt/ros/humble/include/librealsense2/rsutil.h:10[m[K,
[16.845s]                  from [01m[K/opt/ros/humble/include/librealsense2/rs.h:16[m[K,
[16.845s]                  from [01m[K/opt/ros/humble/include/librealsense2/rs.hpp:7[m[K,
[16.845s]                  from [01m[K/home/brace/codeSpace/navi/src/realsense-ros/realsense2_camera/src/../include/base_realsense_node.h:17[m[K,
[16.845s]                  from [01m[K/home/brace/codeSpace/navi/src/realsense-ros/realsense2_camera/src/tfs.cpp:15[m[K:
[16.845s] [01m[K/usr/include/c++/11/bits/stl_pair.h:315:17:[m[K [01;36m[Knote: [m[Kcandidate: ‘[01m[Kconstexpr std::pair<_T1, _T2>::pair(std::pair<_T1, _T2>&&) [with _T1 = rs2_stream; _T2 = int][m[K’
[16.845s]   315 |       constexpr [01;36m[Kpair[m[K(pair&&) = default;         ///< Move constructor
[16.845s]       |                 [01;36m[K^~~~[m[K
[16.845s] [01m[K/usr/include/c++/11/bits/stl_pair.h:315:17:[m[K [01;36m[Knote: [m[K  candidate expects 1 argument, 2 provided
[16.845s] [01m[K/usr/include/c++/11/bits/stl_pair.h:314:17:[m[K [01;36m[Knote: [m[Kcandidate: ‘[01m[Kconstexpr std::pair<_T1, _T2>::pair(const std::pair<_T1, _T2>&) [with _T1 = rs2_stream; _T2 = int][m[K’
[16.845s]   314 |       constexpr [01;36m[Kpair[m[K(const pair&) = default;    ///< Copy constructor
[16.845s]       |                 [01;36m[K^~~~[m[K
[16.845s] [01m[K/usr/include/c++/11/bits/stl_pair.h:314:17:[m[K [01;36m[Knote: [m[K  candidate expects 1 argument, 2 provided
[16.854s] In file included from [01m[K/home/brace/codeSpace/navi/src/realsense-ros/realsense2_camera/include/ros_sensor.h:22[m[K,
[16.855s]                  from [01m[K/home/brace/codeSpace/navi/src/realsense-ros/realsense2_camera/src/../include/base_realsense_node.h:63[m[K,
[16.855s]                  from [01m[K/home/brace/codeSpace/navi/src/realsense-ros/realsense2_camera/src/tfs.cpp:15[m[K:
[16.855s] [01m[K/home/brace/codeSpace/navi/src/realsense-ros/realsense2_camera/include/ros_utils.h:38:39:[m[K [01;31m[Kerror: [m[K‘[01m[KRS2_STREAM_OCCUPANCY[m[K’ was not declared in this scope; did you mean ‘[01m[KRS2_STREAM_COUNT[m[K’?
[16.855s]    38 |     const stream_index_pair OCCUPANCY{[01;31m[KRS2_STREAM_OCCUPANCY[m[K, 0};
[16.855s]       |                                       [01;31m[K^~~~~~~~~~~~~~~~~~~~[m[K
[16.855s]       |                                       [32m[KRS2_STREAM_COUNT[m[K
[16.855s] [01m[K/home/brace/codeSpace/navi/src/realsense-ros/realsense2_camera/include/ros_utils.h:38:62:[m[K [01;31m[Kerror: [m[Kno matching function for call to ‘[01m[Kstd::pair<rs2_stream, int>::pair(<brace-enclosed initializer list>)[m[K’
[16.855s]    38 |     const stream_index_pair OCCUPANCY{RS2_STREAM_OCCUPANCY, 0[01;31m[K}[m[K;
[16.855s]       |                                                              [01;31m[K^[m[K
[16.855s] In file included from [01m[K/usr/include/c++/11/bits/stl_algobase.h:64[m[K,
[16.855s]                  from [01m[K/usr/include/c++/11/bits/specfun.h:45[m[K,
[16.855s]                  from [01m[K/usr/include/c++/11/cmath:1935[m[K,
[16.856s]                  from [01m[K/usr/include/c++/11/math.h:36[m[K,
[16.856s]                  from [01m[K/opt/ros/humble/include/librealsense2/rsutil.h:10[m[K,
[16.856s]                  from [01m[K/opt/ros/humble/include/librealsense2/rs.h:16[m[K,
[16.856s]                  from [01m[K/opt/ros/humble/include/librealsense2/rs.hpp:7[m[K,
[16.856s]                  from [01m[K/home/brace/codeSpace/navi/src/realsense-ros/realsense2_camera/src/../include/base_realsense_node.h:17[m[K,
[16.856s]                  from [01m[K/home/brace/codeSpace/navi/src/realsense-ros/realsense2_camera/src/tfs.cpp:15[m[K:
[16.856s] [01m[K/usr/include/c++/11/bits/stl_pair.h:452:9:[m[K [01;36m[Knote: [m[Kcandidate: ‘[01m[Ktemplate<class ... _Args1, long unsigned int ..._Indexes1, class ... _Args2, long unsigned int ..._Indexes2> std::pair<_T1, _T2>::pair(std::tuple<_Args1 ...>&, std::tuple<_Args2 ...>&, std::_Index_tuple<_Indexes1 ...>, std::_Index_tuple<_Indexes2 ...>) [with _Args1 = {_Args1 ...}; long unsigned int ..._Indexes1 = {_Indexes1 ...}; _Args2 = {_Args2 ...}; long unsigned int ..._Indexes2 = {_Indexes2 ...}; _T1 = rs2_stream; _T2 = int][m[K’
[16.856s]   452 |         [01;36m[Kpair[m[K(tuple<_Args1...>&, tuple<_Args2...>&,
[16.856s]       |         [01;36m[K^~~~[m[K
[16.856s] [01m[K/usr/include/c++/11/bits/stl_pair.h:452:9:[m[K [01;36m[Knote: [m[K  template argument deduction/substitution failed:
[16.856s] [01m[K/usr/include/c++/11/bits/stl_pair.h:387:9:[m[K [01;36m[Knote: [m[Kcandidate: ‘[01m[Ktemplate<class ... _Args1, class ... _Args2> std::pair<_T1, _T2>::pair(std::piecewise_construct_t, std::tuple<_Args1 ...>, std::tuple<_Args2 ...>) [with _Args1 = {_Args1 ...}; _Args2 = {_Args2 ...}; _T1 = rs2_stream; _T2 = int][m[K’
[16.856s]   387 |         [01;36m[Kpair[m[K(piecewise_construct_t, tuple<_Args1...>, tuple<_Args2...>);
[16.857s]       |         [01;36m[K^~~~[m[K
[16.857s] [01m[K/usr/include/c++/11/bits/stl_pair.h:387:9:[m[K [01;36m[Knote: [m[K  template argument deduction/substitution failed:
[16.857s] [01m[K/usr/include/c++/11/bits/stl_pair.h:381:28:[m[K [01;36m[Knote: [m[Kcandidate: ‘[01m[Ktemplate<class _U1, class _U2, typename std::enable_if<(std::_PCC<((! std::is_same<rs2_stream, _U1>::value) || (! std::is_same<int, _U2>::value)), rs2_stream, int>::_MoveConstructiblePair<_U1, _U2>() && (! std::_PCC<((! std::is_same<rs2_stream, _U1>::value) || (! std::is_same<int, _U2>::value)), rs2_stream, int>::_ImplicitlyMoveConvertiblePair<_U1, _U2>())), bool>::type <anonymous> > constexpr std::pair<_T1, _T2>::pair(std::pair<_U1, _U2>&&) [with _U1 = _U1; _U2 = _U2; typename std::enable_if<(std::_PCC<((! std::is_same<_T1, _U1>::value) || (! std::is_same<_T2, _U2>::value)), _T1, _T2>::_MoveConstructiblePair<_U1, _U2>() && (! std::_PCC<((! std::is_same<_T1, _U1>::value) || (! std::is_same<_T2, _U2>::value)), _T1, _T2>::_ImplicitlyMoveConvertiblePair<_U1, _U2>())), bool>::type <anonymous> = <anonymous>; _T1 = rs2_stream; _T2 = int][m[K’
[16.857s]   381 |         explicit constexpr [01;36m[Kpair[m[K(pair<_U1, _U2>&& __p)
[16.857s]       |                            [01;36m[K^~~~[m[K
[16.857s] [01m[K/usr/include/c++/11/bits/stl_pair.h:381:28:[m[K [01;36m[Knote: [m[K  template argument deduction/substitution failed:
[16.857s] [01m[K/usr/include/c++/11/bits/stl_pair.h:371:19:[m[K [01;36m[Knote: [m[Kcandidate: ‘[01m[Ktemplate<class _U1, class _U2, typename std::enable_if<(std::_PCC<((! std::is_same<rs2_stream, _U1>::value) || (! std::is_same<int, _U2>::value)), rs2_stream, int>::_MoveConstructiblePair<_U1, _U2>() && std::_PCC<((! std::is_same<rs2_stream, _U1>::value) || (! std::is_same<int, _U2>::value)), rs2_stream, int>::_ImplicitlyMoveConvertiblePair<_U1, _U2>()), bool>::type <anonymous> > constexpr std::pair<_T1, _T2>::pair(std::pair<_U1, _U2>&&) [with _U1 = _U1; _U2 = _U2; typename std::enable_if<(std::_PCC<((! std::is_same<_T1, _U1>::value) || (! std::is_same<_T2, _U2>::value)), _T1, _T2>::_MoveConstructiblePair<_U1, _U2>() && std::_PCC<((! std::is_same<_T1, _U1>::value) || (! std::is_same<_T2, _U2>::value)), _T1, _T2>::_ImplicitlyMoveConvertiblePair<_U1, _U2>()), bool>::type <anonymous> = <anonymous>; _T1 = rs2_stream; _T2 = int][m[K’
[16.857s]   371 |         constexpr [01;36m[Kpair[m[K(pair<_U1, _U2>&& __p)
[16.857s]       |                   [01;36m[K^~~~[m[K
[16.857s] [01m[K/usr/include/c++/11/bits/stl_pair.h:371:19:[m[K [01;36m[Knote: [m[K  template argument deduction/substitution failed:
[16.857s] [01m[K/usr/include/c++/11/bits/stl_pair.h:361:28:[m[K [01;36m[Knote: [m[Kcandidate: ‘[01m[Ktemplate<class _U1, class _U2, typename std::enable_if<(_MoveConstructiblePair<_U1, _U2>() && (! _ImplicitlyMoveConvertiblePair<_U1, _U2>())), bool>::type <anonymous> > constexpr std::pair<_T1, _T2>::pair(_U1&&, _U2&&) [with _U1 = _U1; _U2 = _U2; typename std::enable_if<(std::_PCC<true, _T1, _T2>::_MoveConstructiblePair<_U1, _U2>() && (! std::_PCC<true, _T1, _T2>::_ImplicitlyMoveConvertiblePair<_U1, _U2>())), bool>::type <anonymous> = <anonymous>; _T1 = rs2_stream; _T2 = int][m[K’
[16.857s]   361 |         explicit constexpr [01;36m[Kpair[m[K(_U1&& __x, _U2&& __y)
[16.857s]       |                            [01;36m[K^~~~[m[K
[16.858s] [01m[K/usr/include/c++/11/bits/stl_pair.h:361:28:[m[K [01;36m[Knote: [m[K  template argument deduction/substitution failed:
[16.858s] [01m[K/usr/include/c++/11/bits/stl_pair.h:352:19:[m[K [01;36m[Knote: [m[Kcandidate: ‘[01m[Ktemplate<class _U1, class _U2, typename std::enable_if<(_MoveConstructiblePair<_U1, _U2>() && _ImplicitlyMoveConvertiblePair<_U1, _U2>()), bool>::type <anonymous> > constexpr std::pair<_T1, _T2>::pair(_U1&&, _U2&&) [with _U1 = _U1; _U2 = _U2; typename std::enable_if<(std::_PCC<true, _T1, _T2>::_MoveConstructiblePair<_U1, _U2>() && std::_PCC<true, _T1, _T2>::_ImplicitlyMoveConvertiblePair<_U1, _U2>()), bool>::type <anonymous> = <anonymous>; _T1 = rs2_stream; _T2 = int][m[K’
[16.858s]   352 |         constexpr [01;36m[Kpair[m[K(_U1&& __x, _U2&& __y)
[16.858s]       |                   [01;36m[K^~~~[m[K
[16.858s] [01m[K/usr/include/c++/11/bits/stl_pair.h:352:19:[m[K [01;36m[Knote: [m[K  template argument deduction/substitution failed:
[16.858s] [01m[K/usr/include/c++/11/bits/stl_pair.h:343:17:[m[K [01;36m[Knote: [m[Kcandidate: ‘[01m[Ktemplate<class _U2, typename std::enable_if<_CopyMovePair<false, rs2_stream, _U2>(), bool>::type <anonymous> > std::pair<_T1, _T2>::pair(const _T1&, _U2&&) [with _U2 = _U2; typename std::enable_if<std::_PCC<true, _T1, _T2>::_CopyMovePair<false, _T1, _U2>(), bool>::type <anonymous> = <anonymous>; _T1 = rs2_stream; _T2 = int][m[K’
[16.858s]   343 |        explicit [01;36m[Kpair[m[K(const _T1& __x, _U2&& __y)
[16.858s]       |                 [01;36m[K^~~~[m[K
[16.858s] [01m[K/usr/include/c++/11/bits/stl_pair.h:343:17:[m[K [01;36m[Knote: [m[K  template argument deduction/substitution failed:
[16.858s] [01m[K/usr/include/c++/11/bits/stl_pair.h:336:18:[m[K [01;36m[Knote: [m[Kcandidate: ‘[01m[Ktemplate<class _U2, typename std::enable_if<_CopyMovePair<true, rs2_stream, _U2>(), bool>::type <anonymous> > constexpr std::pair<_T1, _T2>::pair(const _T1&, _U2&&) [with _U2 = _U2; typename std::enable_if<std::_PCC<true, _T1, _T2>::_CopyMovePair<true, _T1, _U2>(), bool>::type <anonymous> = <anonymous>; _T1 = rs2_stream; _T2 = int][m[K’
[16.858s]   336 |        constexpr [01;36m[Kpair[m[K(const _T1& __x, _U2&& __y)
[16.858s]       |                  [01;36m[K^~~~[m[K
[16.859s] [01m[K/usr/include/c++/11/bits/stl_pair.h:336:18:[m[K [01;36m[Knote: [m[K  template argument deduction/substitution failed:
[16.859s] [01m[K/usr/include/c++/11/bits/stl_pair.h:329:27:[m[K [01;36m[Knote: [m[Kcandidate: ‘[01m[Ktemplate<class _U1, typename std::enable_if<_MoveCopyPair<false, _U1, int>(), bool>::type <anonymous> > constexpr std::pair<_T1, _T2>::pair(_U1&&, const _T2&) [with _U1 = _U1; typename std::enable_if<std::_PCC<true, _T1, _T2>::_MoveCopyPair<false, _U1, _T2>(), bool>::type <anonymous> = <anonymous>; _T1 = rs2_stream; _T2 = int][m[K’
[16.859s]   329 |        explicit constexpr [01;36m[Kpair[m[K(_U1&& __x, const _T2& __y)
[16.859s]       |                           [01;36m[K^~~~[m[K
[16.859s] [01m[K/usr/include/c++/11/bits/stl_pair.h:329:27:[m[K [01;36m[Knote: [m[K  template argument deduction/substitution failed:
[16.859s] [01m[K/usr/include/c++/11/bits/stl_pair.h:322:18:[m[K [01;36m[Knote: [m[Kcandidate: ‘[01m[Ktemplate<class _U1, typename std::enable_if<_MoveCopyPair<true, _U1, int>(), bool>::type <anonymous> > constexpr std::pair<_T1, _T2>::pair(_U1&&, const _T2&) [with _U1 = _U1; typename std::enable_if<std::_PCC<true, _T1, _T2>::_MoveCopyPair<true, _U1, _T2>(), bool>::type <anonymous> = <anonymous>; _T1 = rs2_stream; _T2 = int][m[K’
[16.859s]   322 |        constexpr [01;36m[Kpair[m[K(_U1&& __x, const _T2& __y)
[16.859s]       |                  [01;36m[K^~~~[m[K
[16.859s] [01m[K/usr/include/c++/11/bits/stl_pair.h:322:18:[m[K [01;36m[Knote: [m[K  template argument deduction/substitution failed:
[16.859s] [01m[K/usr/include/c++/11/bits/stl_pair.h:309:28:[m[K [01;36m[Knote: [m[Kcandidate: ‘[01m[Ktemplate<class _U1, class _U2, typename std::enable_if<(std::_PCC<((! std::is_same<rs2_stream, _U1>::value) || (! std::is_same<int, _U2>::value)), rs2_stream, int>::_ConstructiblePair<_U1, _U2>() && (! std::_PCC<((! std::is_same<rs2_stream, _U1>::value) || (! std::is_same<int, _U2>::value)), rs2_stream, int>::_ImplicitlyConvertiblePair<_U1, _U2>())), bool>::type <anonymous> > constexpr std::pair<_T1, _T2>::pair(const std::pair<_U1, _U2>&) [with _U1 = _U1; _U2 = _U2; typename std::enable_if<(std::_PCC<((! std::is_same<_T1, _U1>::value) || (! std::is_same<_T2, _U2>::value)), _T1, _T2>::_ConstructiblePair<_U1, _U2>() && (! std::_PCC<((! std::is_same<_T1, _U1>::value) || (! std::is_same<_T2, _U2>::value)), _T1, _T2>::_ImplicitlyConvertiblePair<_U1, _U2>())), bool>::type <anonymous> = <anonymous>; _T1 = rs2_stream; _T2 = int][m[K’
[16.859s]   309 |         explicit constexpr [01;36m[Kpair[m[K(const pair<_U1, _U2>& __p)
[16.859s]       |                            [01;36m[K^~~~[m[K
[16.859s] [01m[K/usr/include/c++/11/bits/stl_pair.h:309:28:[m[K [01;36m[Knote: [m[K  template argument deduction/substitution failed:
[16.859s] [01m[K/usr/include/c++/11/bits/stl_pair.h:300:19:[m[K [01;36m[Knote: [m[Kcandidate: ‘[01m[Ktemplate<class _U1, class _U2, typename std::enable_if<(std::_PCC<((! std::is_same<rs2_stream, _U1>::value) || (! std::is_same<int, _U2>::value)), rs2_stream, int>::_ConstructiblePair<_U1, _U2>() && std::_PCC<((! std::is_same<rs2_stream, _U1>::value) || (! std::is_same<int, _U2>::value)), rs2_stream, int>::_ImplicitlyConvertiblePair<_U1, _U2>()), bool>::type <anonymous> > constexpr std::pair<_T1, _T2>::pair(const std::pair<_U1, _U2>&) [with _U1 = _U1; _U2 = _U2; typename std::enable_if<(std::_PCC<((! std::is_same<_T1, _U1>::value) || (! std::is_same<_T2, _U2>::value)), _T1, _T2>::_ConstructiblePair<_U1, _U2>() && std::_PCC<((! std::is_same<_T1, _U1>::value) || (! std::is_same<_T2, _U2>::value)), _T1, _T2>::_ImplicitlyConvertiblePair<_U1, _U2>()), bool>::type <anonymous> = <anonymous>; _T1 = rs2_stream; _T2 = int][m[K’
[16.859s]   300 |         constexpr [01;36m[Kpair[m[K(const pair<_U1, _U2>& __p)
[16.859s]       |                   [01;36m[K^~~~[m[K
[16.860s] [01m[K/usr/include/c++/11/bits/stl_pair.h:300:19:[m[K [01;36m[Knote: [m[K  template argument deduction/substitution failed:
[16.860s] [01m[K/usr/include/c++/11/bits/stl_pair.h:276:26:[m[K [01;36m[Knote: [m[Kcandidate: ‘[01m[Ktemplate<class _U1, class _U2, typename std::enable_if<(_ConstructiblePair<_U1, _U2>() && (! _ImplicitlyConvertiblePair<_U1, _U2>())), bool>::type <anonymous> > constexpr std::pair<_T1, _T2>::pair(const _T1&, const _T2&) [with _U1 = _U1; _U2 = _U2; typename std::enable_if<(std::_PCC<true, _T1, _T2>::_ConstructiblePair<_U1, _U2>() && (! std::_PCC<true, _T1, _T2>::_ImplicitlyConvertiblePair<_U1, _U2>())), bool>::type <anonymous> = <anonymous>; _T1 = rs2_stream; _T2 = int][m[K’
[16.860s]   276 |       explicit constexpr [01;36m[Kpair[m[K(const _T1& __a, const _T2& __b)
[16.860s]       |                          [01;36m[K^~~~[m[K
[16.860s] [01m[K/usr/include/c++/11/bits/stl_pair.h:276:26:[m[K [01;36m[Knote: [m[K  template argument deduction/substitution failed:
[16.860s] [01m[K/usr/include/c++/11/bits/stl_pair.h:266:17:[m[K [01;36m[Knote: [m[Kcandidate: ‘[01m[Ktemplate<class _U1, class _U2, typename std::enable_if<(_ConstructiblePair<_U1, _U2>() && _ImplicitlyConvertiblePair<_U1, _U2>()), bool>::type <anonymous> > constexpr std::pair<_T1, _T2>::pair(const _T1&, const _T2&) [with _U1 = _U1; _U2 = _U2; typename std::enable_if<(std::_PCC<true, _T1, _T2>::_ConstructiblePair<_U1, _U2>() && std::_PCC<true, _T1, _T2>::_ImplicitlyConvertiblePair<_U1, _U2>()), bool>::type <anonymous> = <anonymous>; _T1 = rs2_stream; _T2 = int][m[K’
[16.860s]   266 |       constexpr [01;36m[Kpair[m[K(const _T1& __a, const _T2& __b)
[16.860s]       |                 [01;36m[K^~~~[m[K
[16.860s] [01m[K/usr/include/c++/11/bits/stl_pair.h:266:17:[m[K [01;36m[Knote: [m[K  template argument deduction/substitution failed:
[16.860s] [01m[K/usr/include/c++/11/bits/stl_pair.h:245:26:[m[K [01;36m[Knote: [m[Kcandidate: ‘[01m[Ktemplate<class _U1, class _U2, typename std::enable_if<std::__and_<std::is_default_constructible<_U1>, std::is_default_constructible<_Dp>, std::__not_<std::__and_<std::__is_implicitly_default_constructible<_U1>, std::__is_implicitly_default_constructible<_U2> > > >::value, bool>::type <anonymous> > constexpr std::pair<_T1, _T2>::pair() [with _U1 = _U1; _U2 = _U2; typename std::enable_if<std::__and_<std::is_default_constructible<_U1>, std::is_default_constructible<_U2>, std::__not_<std::__and_<std::__is_implicitly_default_constructible<_U1>, std::__is_implicitly_default_constructible<_U2> > > >::value, bool>::type <anonymous> = <anonymous>; _T1 = rs2_stream; _T2 = int][m[K’
[16.860s]   245 |       explicit constexpr [01;36m[Kpair[m[K()
[16.861s]       |                          [01;36m[K^~~~[m[K
[16.861s] [01m[K/usr/include/c++/11/bits/stl_pair.h:245:26:[m[K [01;36m[Knote: [m[K  template argument deduction/substitution failed:
[16.861s] In file included from [01m[K/home/brace/codeSpace/navi/src/realsense-ros/realsense2_camera/include/ros_sensor.h:22[m[K,
[16.861s]                  from [01m[K/home/brace/codeSpace/navi/src/realsense-ros/realsense2_camera/src/../include/base_realsense_node.h:63[m[K,
[16.861s]                  from [01m[K/home/brace/codeSpace/navi/src/realsense-ros/realsense2_camera/src/tfs.cpp:15[m[K:
[16.861s] [01m[K/home/brace/codeSpace/navi/src/realsense-ros/realsense2_camera/include/ros_utils.h:38:62:[m[K [01;36m[Knote: [m[K  candidate expects 0 arguments, 2 provided
[16.861s]    38 |     const stream_index_pair OCCUPANCY{RS2_STREAM_OCCUPANCY, 0[01;36m[K}[m[K;
[16.861s]       |                                                              [01;36m[K^[m[K
[16.861s] In file included from [01m[K/usr/include/c++/11/bits/stl_algobase.h:64[m[K,
[16.861s]                  from [01m[K/usr/include/c++/11/bits/specfun.h:45[m[K,
[16.861s]                  from [01m[K/usr/include/c++/11/cmath:1935[m[K,
[16.861s]                  from [01m[K/usr/include/c++/11/math.h:36[m[K,
[16.861s]                  from [01m[K/opt/ros/humble/include/librealsense2/rsutil.h:10[m[K,
[16.861s]                  from [01m[K/opt/ros/humble/include/librealsense2/rs.h:16[m[K,
[16.861s]                  from [01m[K/opt/ros/humble/include/librealsense2/rs.hpp:7[m[K,
[16.862s]                  from [01m[K/home/brace/codeSpace/navi/src/realsense-ros/realsense2_camera/src/../include/base_realsense_node.h:17[m[K,
[16.862s]                  from [01m[K/home/brace/codeSpace/navi/src/realsense-ros/realsense2_camera/src/tfs.cpp:15[m[K:
[16.862s] [01m[K/usr/include/c++/11/bits/stl_pair.h:232:26:[m[K [01;36m[Knote: [m[Kcandidate: ‘[01m[Ktemplate<class _U1, class _U2, typename std::enable_if<std::__and_<std::__is_implicitly_default_constructible<_U1>, std::__is_implicitly_default_constructible<_U2> >::value, bool>::type <anonymous> > constexpr std::pair<_T1, _T2>::pair() [with _U1 = _U1; _U2 = _U2; typename std::enable_if<std::__and_<std::__is_implicitly_default_constructible<_U1>, std::__is_implicitly_default_constructible<_U2> >::value, bool>::type <anonymous> = <anonymous>; _T1 = rs2_stream; _T2 = int][m[K’
[16.862s]   232 |       _GLIBCXX_CONSTEXPR [01;36m[Kpair[m[K()
[16.862s]       |                          [01;36m[K^~~~[m[K
[16.862s] [01m[K/usr/include/c++/11/bits/stl_pair.h:232:26:[m[K [01;36m[Knote: [m[K  template argument deduction/substitution failed:
[16.862s] In file included from [01m[K/home/brace/codeSpace/navi/src/realsense-ros/realsense2_camera/include/ros_sensor.h:22[m[K,
[16.862s]                  from [01m[K/home/brace/codeSpace/navi/src/realsense-ros/realsense2_camera/src/../include/base_realsense_node.h:63[m[K,
[16.862s]                  from [01m[K/home/brace/codeSpace/navi/src/realsense-ros/realsense2_camera/src/tfs.cpp:15[m[K:
[16.862s] [01m[K/home/brace/codeSpace/navi/src/realsense-ros/realsense2_camera/include/ros_utils.h:38:62:[m[K [01;36m[Knote: [m[K  candidate expects 0 arguments, 2 provided
[16.862s]    38 |     const stream_index_pair OCCUPANCY{RS2_STREAM_OCCUPANCY, 0[01;36m[K}[m[K;
[16.862s]       |                                                              [01;36m[K^[m[K
[16.862s] In file included from [01m[K/usr/include/c++/11/bits/stl_algobase.h:64[m[K,
[16.862s]                  from [01m[K/usr/include/c++/11/bits/specfun.h:45[m[K,
[16.862s]                  from [01m[K/usr/include/c++/11/cmath:1935[m[K,
[16.862s]                  from [01m[K/usr/include/c++/11/math.h:36[m[K,
[16.863s]                  from [01m[K/opt/ros/humble/include/librealsense2/rsutil.h:10[m[K,
[16.863s]                  from [01m[K/opt/ros/humble/include/librealsense2/rs.h:16[m[K,
[16.863s]                  from [01m[K/opt/ros/humble/include/librealsense2/rs.hpp:7[m[K,
[16.863s]                  from [01m[K/home/brace/codeSpace/navi/src/realsense-ros/realsense2_camera/src/../include/base_realsense_node.h:17[m[K,
[16.863s]                  from [01m[K/home/brace/codeSpace/navi/src/realsense-ros/realsense2_camera/src/tfs.cpp:15[m[K:
[16.863s] [01m[K/usr/include/c++/11/bits/stl_pair.h:315:17:[m[K [01;36m[Knote: [m[Kcandidate: ‘[01m[Kconstexpr std::pair<_T1, _T2>::pair(std::pair<_T1, _T2>&&) [with _T1 = rs2_stream; _T2 = int][m[K’
[16.863s]   315 |       constexpr [01;36m[Kpair[m[K(pair&&) = default;         ///< Move constructor
[16.863s]       |                 [01;36m[K^~~~[m[K
[16.863s] [01m[K/usr/include/c++/11/bits/stl_pair.h:315:17:[m[K [01;36m[Knote: [m[K  candidate expects 1 argument, 2 provided
[16.863s] [01m[K/usr/include/c++/11/bits/stl_pair.h:314:17:[m[K [01;36m[Knote: [m[Kcandidate: ‘[01m[Kconstexpr std::pair<_T1, _T2>::pair(const std::pair<_T1, _T2>&) [with _T1 = rs2_stream; _T2 = int][m[K’
[16.863s]   314 |       constexpr [01;36m[Kpair[m[K(const pair&) = default;    ///< Copy constructor
[16.863s]       |                 [01;36m[K^~~~[m[K
[16.863s] [01m[K/usr/include/c++/11/bits/stl_pair.h:314:17:[m[K [01;36m[Knote: [m[K  candidate expects 1 argument, 2 provided
[16.864s] [01m[K/home/brace/codeSpace/navi/src/realsense-ros/realsense2_camera/src/base_realsense_node.cpp:689:27:[m[K [01;31m[Kerror: [m[K‘[01m[KRS2_STREAM_OCCUPANCY[m[K’ was not declared in this scope; did you mean ‘[01m[KRS2_STREAM_COUNT[m[K’?
[16.864s]   689 |         if(stream_type == [01;31m[KRS2_STREAM_OCCUPANCY[m[K)
[16.864s]       |                           [01;31m[K^~~~~~~~~~~~~~~~~~~~[m[K
[16.864s]       |                           [32m[KRS2_STREAM_COUNT[m[K
[16.864s] [01m[K/home/brace/codeSpace/navi/src/realsense-ros/realsense2_camera/src/base_realsense_node.cpp:705:28:[m[K [01;31m[Kerror: [m[K‘[01m[Klabeled_points[m[K’ is not a member of ‘[01m[Krs2[m[K’
[16.864s]   705 |     else if (frame.is<rs2::[01;31m[Klabeled_points[m[K>())
[16.864s]       |                            [01;31m[K^~~~~~~~~~~~~~[m[K
[16.864s] [01m[K/home/brace/codeSpace/navi/src/realsense-ros/realsense2_camera/src/base_realsense_node.cpp:705:43:[m[K [01;31m[Kerror: [m[Kno matching function for call to ‘[01m[Krs2::frame::is<<expression error> >()[m[K’
[16.864s]   705 |     else if ([01;31m[Kframe.is<rs2::labeled_points>()[m[K)
[16.864s]       |              [01;31m[K~~~~~~~~~~~~~~~~~~~~~~~~~~~~~^~[m[K
[16.864s] In file included from [01m[K/opt/ros/humble/include/librealsense2/hpp/rs_sensor.hpp:8[m[K,
[16.864s]                  from [01m[K/opt/ros/humble/include/librealsense2/hpp/rs_device.hpp:8[m[K,
[16.864s]                  from [01m[K/opt/ros/humble/include/librealsense2/hpp/rs_record_playback.hpp:8[m[K,
[16.864s]                  from [01m[K/opt/ros/humble/include/librealsense2/hpp/rs_context.hpp:8[m[K,
[16.864s]                  from [01m[K/opt/ros/humble/include/librealsense2/rs.hpp:9[m[K,
[16.864s]                  from [01m[K/home/brace/codeSpace/navi/src/realsense-ros/realsense2_camera/src/../include/base_realsense_node.h:17[m[K,
[16.864s]                  from [01m[K/home/brace/codeSpace/navi/src/realsense-ros/realsense2_camera/src/base_realsense_node.cpp:15[m[K:
[16.864s] [01m[K/opt/ros/humble/include/librealsense2/hpp/rs_frame.hpp:581:14:[m[K [01;36m[Knote: [m[Kcandidate: ‘[01m[Ktemplate<class T> bool rs2::frame::is() const[m[K’
[16.865s]   581 |         bool [01;36m[Kis[m[K() const
[16.865s]       |              [01;36m[K^~[m[K
[16.865s] [01m[K/opt/ros/humble/include/librealsense2/hpp/rs_frame.hpp:581:14:[m[K [01;36m[Knote: [m[K  template argument deduction/substitution failed:
[16.865s] [01m[K/home/brace/codeSpace/navi/src/realsense-ros/realsense2_camera/src/base_realsense_node.cpp:705:43:[m[K [01;31m[Kerror: [m[Ktemplate argument 1 is invalid
[16.865s]   705 |     else if ([01;31m[Kframe.is<rs2::labeled_points>()[m[K)
[16.865s]       |              [01;31m[K~~~~~~~~~~~~~~~~~~~~~~~~~~~~~^~[m[K
[16.867s] [01m[K/home/brace/codeSpace/navi/src/realsense-ros/realsense2_camera/src/base_realsense_node.cpp:712:48:[m[K [01;31m[Kerror: [m[K‘[01m[Klabeled_points[m[K’ is not a member of ‘[01m[Krs2[m[K’
[16.867s]   712 |         publishLabeledPointCloud(frame.as<rs2::[01;31m[Klabeled_points[m[K>(), t);
[16.867s]       |                                                [01;31m[K^~~~~~~~~~~~~~[m[K
[16.867s] [01m[K/home/brace/codeSpace/navi/src/realsense-ros/realsense2_camera/src/base_realsense_node.cpp:712:63:[m[K [01;31m[Kerror: [m[Kno matching function for call to ‘[01m[Krs2::frame::as<<expression error> >()[m[K’
[16.867s]   712 |         publishLabeledPointCloud([01;31m[Kframe.as<rs2::labeled_points>()[m[K, t);
[16.867s]       |                                  [01;31m[K~~~~~~~~~~~~~~~~~~~~~~~~~~~~~^~[m[K
[16.867s] In file included from [01m[K/opt/ros/humble/include/librealsense2/hpp/rs_sensor.hpp:8[m[K,
[16.867s]                  from [01m[K/opt/ros/humble/include/librealsense2/hpp/rs_device.hpp:8[m[K,
[16.867s]                  from [01m[K/opt/ros/humble/include/librealsense2/hpp/rs_record_playback.hpp:8[m[K,
[16.867s]                  from [01m[K/opt/ros/humble/include/librealsense2/hpp/rs_context.hpp:8[m[K,
[16.867s]                  from [01m[K/opt/ros/humble/include/librealsense2/rs.hpp:9[m[K,
[16.868s]                  from [01m[K/home/brace/codeSpace/navi/src/realsense-ros/realsense2_camera/src/../include/base_realsense_node.h:17[m[K,
[16.868s]                  from [01m[K/home/brace/codeSpace/navi/src/realsense-ros/realsense2_camera/src/base_realsense_node.cpp:15[m[K:
[16.868s] [01m[K/opt/ros/humble/include/librealsense2/hpp/rs_frame.hpp:591:11:[m[K [01;36m[Knote: [m[Kcandidate: ‘[01m[Ktemplate<class T> T rs2::frame::as() const[m[K’
[16.868s]   591 |         T [01;36m[Kas[m[K() const
[16.868s]       |           [01;36m[K^~[m[K
[16.868s] [01m[K/opt/ros/humble/include/librealsense2/hpp/rs_frame.hpp:591:11:[m[K [01;36m[Knote: [m[K  template argument deduction/substitution failed:
[16.868s] [01m[K/home/brace/codeSpace/navi/src/realsense-ros/realsense2_camera/src/base_realsense_node.cpp:712:63:[m[K [01;31m[Kerror: [m[Ktemplate argument 1 is invalid
[16.868s]   712 |         publishLabeledPointCloud([01;31m[Kframe.as<rs2::labeled_points>()[m[K, t);
[16.868s]       |                                  [01;31m[K~~~~~~~~~~~~~~~~~~~~~~~~~~~~~^~[m[K
[16.903s] [01m[K/home/brace/codeSpace/navi/src/realsense-ros/realsense2_camera/src/rs_node_setup.cpp:[m[K In member function ‘[01m[Kvoid realsense2_camera::BaseRealSenseNode::setAvailableSensors()[m[K’:
[16.903s] [01m[K/home/brace/codeSpace/navi/src/realsense-ros/realsense2_camera/src/rs_node_setup.cpp:171:28:[m[K [01;31m[Kerror: [m[K‘[01m[Ksafety_sensor[m[K’ is not a member of ‘[01m[Krs2[m[K’; did you mean ‘[01m[Kpose_sensor[m[K’?
[16.903s]   171 |             sensor.is<rs2::[01;31m[Ksafety_sensor[m[K>() ||
[16.903s]       |                            [01;31m[K^~~~~~~~~~~~~[m[K
[16.903s]       |                            [32m[Kpose_sensor[m[K
[16.903s] [01m[K/home/brace/codeSpace/navi/src/realsense-ros/realsense2_camera/src/rs_node_setup.cpp:171:42:[m[K [01;31m[Kerror: [m[Kno matching function for call to ‘[01m[Krs2::sensor::is<<expression error> >()[m[K’
[16.904s]   171 |             [01;31m[Ksensor.is<rs2::safety_sensor>()[m[K ||
[16.904s]       |             [01;31m[K~~~~~~~~~~~~~~~~~~~~~~~~~~~~~^~[m[K
[16.904s] In file included from [01m[K/opt/ros/humble/include/librealsense2/hpp/rs_device.hpp:8[m[K,
[16.904s]                  from [01m[K/opt/ros/humble/include/librealsense2/hpp/rs_record_playback.hpp:8[m[K,
[16.904s]                  from [01m[K/opt/ros/humble/include/librealsense2/hpp/rs_context.hpp:8[m[K,
[16.904s]                  from [01m[K/opt/ros/humble/include/librealsense2/rs.hpp:9[m[K,
[16.904s]                  from [01m[K/home/brace/codeSpace/navi/src/realsense-ros/realsense2_camera/src/../include/base_realsense_node.h:17[m[K,
[16.904s]                  from [01m[K/home/brace/codeSpace/navi/src/realsense-ros/realsense2_camera/src/rs_node_setup.cpp:15[m[K:
[16.904s] [01m[K/opt/ros/humble/include/librealsense2/hpp/rs_sensor.hpp:326:14:[m[K [01;36m[Knote: [m[Kcandidate: ‘[01m[Ktemplate<class T> bool rs2::sensor::is() const[m[K’
[16.904s]   326 |         bool [01;36m[Kis[m[K() const
[16.904s]       |              [01;36m[K^~[m[K
[16.905s] [01m[K/opt/ros/humble/include/librealsense2/hpp/rs_sensor.hpp:326:14:[m[K [01;36m[Knote: [m[K  template argument deduction/substitution failed:
[16.905s] [01m[K/home/brace/codeSpace/navi/src/realsense-ros/realsense2_camera/src/rs_node_setup.cpp:171:42:[m[K [01;31m[Kerror: [m[Ktemplate argument 1 is invalid
[16.905s]   171 |             [01;31m[Ksensor.is<rs2::safety_sensor>()[m[K ||
[16.905s]       |             [01;31m[K~~~~~~~~~~~~~~~~~~~~~~~~~~~~~^~[m[K
[16.905s] [01m[K/home/brace/codeSpace/navi/src/realsense-ros/realsense2_camera/src/rs_node_setup.cpp:172:28:[m[K [01;31m[Kerror: [m[K‘[01m[Kdepth_mapping_sensor[m[K’ is not a member of ‘[01m[Krs2[m[K’
[16.905s]   172 |             sensor.is<rs2::[01;31m[Kdepth_mapping_sensor[m[K>())
[16.905s]       |                            [01;31m[K^~~~~~~~~~~~~~~~~~~~[m[K
[16.905s] [01m[K/home/brace/codeSpace/navi/src/realsense-ros/realsense2_camera/src/rs_node_setup.cpp:172:49:[m[K [01;31m[Kerror: [m[Kno matching function for call to ‘[01m[Krs2::sensor::is<<expression error> >()[m[K’
[16.906s]   172 |             [01;31m[Ksensor.is<rs2::depth_mapping_sensor>()[m[K)
[16.906s]       |             [01;31m[K~~~~~~~~~~~~~~~~~~~~~~~~~~~~~~~~~~~~^~[m[K
[16.906s] In file included from [01m[K/opt/ros/humble/include/librealsense2/hpp/rs_device.hpp:8[m[K,
[16.906s]                  from [01m[K/opt/ros/humble/include/librealsense2/hpp/rs_record_playback.hpp:8[m[K,
[16.906s]                  from [01m[K/opt/ros/humble/include/librealsense2/hpp/rs_context.hpp:8[m[K,
[16.906s]                  from [01m[K/opt/ros/humble/include/librealsense2/rs.hpp:9[m[K,
[16.906s]                  from [01m[K/home/brace/codeSpace/navi/src/realsense-ros/realsense2_camera/src/../include/base_realsense_node.h:17[m[K,
[16.906s]                  from [01m[K/home/brace/codeSpace/navi/src/realsense-ros/realsense2_camera/src/rs_node_setup.cpp:15[m[K:
[16.906s] [01m[K/opt/ros/humble/include/librealsense2/hpp/rs_sensor.hpp:326:14:[m[K [01;36m[Knote: [m[Kcandidate: ‘[01m[Ktemplate<class T> bool rs2::sensor::is() const[m[K’
[16.906s]   326 |         bool [01;36m[Kis[m[K() const
[16.907s]       |              [01;36m[K^~[m[K
[16.907s] [01m[K/opt/ros/humble/include/librealsense2/hpp/rs_sensor.hpp:326:14:[m[K [01;36m[Knote: [m[K  template argument deduction/substitution failed:
[16.907s] [01m[K/home/brace/codeSpace/navi/src/realsense-ros/realsense2_camera/src/rs_node_setup.cpp:172:49:[m[K [01;31m[Kerror: [m[Ktemplate argument 1 is invalid
[16.907s]   172 |             [01;31m[Ksensor.is<rs2::depth_mapping_sensor>()[m[K)
[16.907s]       |             [01;31m[K~~~~~~~~~~~~~~~~~~~~~~~~~~~~~~~~~~~~^~[m[K
[16.942s] [01m[K/home/brace/codeSpace/navi/src/realsense-ros/realsense2_camera/src/rs_node_setup.cpp:[m[K In member function ‘[01m[Kvoid realsense2_camera::BaseRealSenseNode::stopPublishers(const std::vector<rs2::stream_profile>&)[m[K’:
[16.942s] [01m[K/home/brace/codeSpace/navi/src/realsense-ros/realsense2_camera/src/rs_node_setup.cpp:211:41:[m[K [01;31m[Kerror: [m[K‘[01m[KRS2_STREAM_LABELED_POINT_CLOUD[m[K’ was not declared in this scope
[16.942s]   211 |             if(profile.stream_type() == [01;31m[KRS2_STREAM_LABELED_POINT_CLOUD[m[K && _labeled_pointcloud_publisher)
[16.942s]       |                                         [01;31m[K^~~~~~~~~~~~~~~~~~~~~~~~~~~~~~[m[K
[16.953s] [01m[K/home/brace/codeSpace/navi/src/realsense-ros/realsense2_camera/src/base_realsense_node.cpp:[m[K In member function ‘[01m[Kbool realsense2_camera::BaseRealSenseNode::shouldPublishCameraInfo(const stream_index_pair&)[m[K’:
[16.954s] [01m[K/home/brace/codeSpace/navi/src/realsense-ros/realsense2_camera/src/base_realsense_node.cpp:933:23:[m[K [01;31m[Kerror: [m[K‘[01m[KRS2_STREAM_SAFETY[m[K’ was not declared in this scope; did you mean ‘[01m[KRS2_STREAM_ANY[m[K’?
[16.954s]   933 |     return (stream != [01;31m[KRS2_STREAM_SAFETY[m[K && stream != RS2_STREAM_OCCUPANCY && stream != RS2_STREAM_LABELED_POINT_CLOUD);
[16.954s]       |                       [01;31m[K^~~~~~~~~~~~~~~~~[m[K
[16.954s]       |                       [32m[KRS2_STREAM_ANY[m[K
[16.968s] [01m[K/home/brace/codeSpace/navi/src/realsense-ros/realsense2_camera/src/rs_node_setup.cpp:[m[K In member function ‘[01m[Kvoid realsense2_camera::BaseRealSenseNode::startPublishers(const std::vector<rs2::stream_profile>&, const realsense2_camera::RosSensor&)[m[K’:
[16.969s] [01m[K/home/brace/codeSpace/navi/src/realsense-ros/realsense2_camera/src/rs_node_setup.cpp:252:42:[m[K [01;31m[Kerror: [m[K‘[01m[KRS2_STREAM_OCCUPANCY[m[K’ was not declared in this scope; did you mean ‘[01m[KRS2_STREAM_COUNT[m[K’?
[16.969s]   252 |             if (profile.stream_type() == [01;31m[KRS2_STREAM_OCCUPANCY[m[K)
[16.969s]       |                                          [01;31m[K^~~~~~~~~~~~~~~~~~~~[m[K
[16.969s]       |                                          [32m[KRS2_STREAM_COUNT[m[K
[16.971s] [01m[K/home/brace/codeSpace/navi/src/realsense-ros/realsense2_camera/src/base_realsense_node.cpp:933:54:[m[K [01;31m[Kerror: [m[K‘[01m[KRS2_STREAM_OCCUPANCY[m[K’ was not declared in this scope; did you mean ‘[01m[KRS2_STREAM_COUNT[m[K’?
[16.972s]   933 |     return (stream != RS2_STREAM_SAFETY && stream != [01;31m[KRS2_STREAM_OCCUPANCY[m[K && stream != RS2_STREAM_LABELED_POINT_CLOUD);
[16.972s]       |                                                      [01;31m[K^~~~~~~~~~~~~~~~~~~~[m[K
[16.972s]       |                                                      [32m[KRS2_STREAM_COUNT[m[K
[16.997s] [01m[K/home/brace/codeSpace/navi/src/realsense-ros/realsense2_camera/src/rs_node_setup.cpp:259:46:[m[K [01;31m[Kerror: [m[K‘[01m[KRS2_STREAM_LABELED_POINT_CLOUD[m[K’ was not declared in this scope
[16.997s]   259 |             else if(profile.stream_type() == [01;31m[KRS2_STREAM_LABELED_POINT_CLOUD[m[K)
[16.997s]       |                                              [01;31m[K^~~~~~~~~~~~~~~~~~~~~~~~~~~~~~[m[K
[16.999s] [01m[K/home/brace/codeSpace/navi/src/realsense-ros/realsense2_camera/src/base_realsense_node.cpp:933:88:[m[K [01;31m[Kerror: [m[K‘[01m[KRS2_STREAM_LABELED_POINT_CLOUD[m[K’ was not declared in this scope
[16.999s]   933 |     return (stream != RS2_STREAM_SAFETY && stream != RS2_STREAM_OCCUPANCY && stream != [01;31m[KRS2_STREAM_LABELED_POINT_CLOUD[m[K);
[16.999s]       |                                                                                        [01;31m[K^~~~~~~~~~~~~~~~~~~~~~~~~~~~~~[m[K
[17.030s] [01m[K/home/brace/codeSpace/navi/src/realsense-ros/realsense2_camera/src/base_realsense_node.cpp:[m[K In member function ‘[01m[Kvoid realsense2_camera::BaseRealSenseNode::publishOccupancyFrame(rs2::frame, const rclcpp::Time&)[m[K’:
[17.030s] [01m[K/home/brace/codeSpace/navi/src/realsense-ros/realsense2_camera/src/base_realsense_node.cpp:945:55:[m[K [01;31m[Kerror: [m[K‘[01m[KRS2_FRAME_METADATA_OCCUPANCY_GRID_COLUMNS[m[K’ was not declared in this scope
[17.030s]   945 |     auto cols = static_cast<int>(f.get_frame_metadata([01;31m[KRS2_FRAME_METADATA_OCCUPANCY_GRID_COLUMNS[m[K)); // grid cells width
[17.030s]       |                                                       [01;31m[K^~~~~~~~~~~~~~~~~~~~~~~~~~~~~~~~~~~~~~~~~[m[K
[17.059s] [01m[K/home/brace/codeSpace/navi/src/realsense-ros/realsense2_camera/src/base_realsense_node.cpp:946:55:[m[K [01;31m[Kerror: [m[K‘[01m[KRS2_FRAME_METADATA_OCCUPANCY_GRID_ROWS[m[K’ was not declared in this scope; did you mean ‘[01m[KRS2_FRAME_METADATA_SEQUENCE_ID[m[K’?
[17.059s]   946 |     auto rows = static_cast<int>(f.get_frame_metadata([01;31m[KRS2_FRAME_METADATA_OCCUPANCY_GRID_ROWS[m[K)); // grid cells height
[17.059s]       |                                                       [01;31m[K^~~~~~~~~~~~~~~~~~~~~~~~~~~~~~~~~~~~~~[m[K
[17.060s]       |                                                       [32m[KRS2_FRAME_METADATA_SEQUENCE_ID[m[K
[17.093s] [01m[K/home/brace/codeSpace/navi/src/realsense-ros/realsense2_camera/src/base_realsense_node.cpp:947:62:[m[K [01;31m[Kerror: [m[K‘[01m[KRS2_FRAME_METADATA_OCCUPANCY_CELL_SIZE[m[K’ was not declared in this scope; did you mean ‘[01m[KRS2_FRAME_METADATA_SEQUENCE_SIZE[m[K’?
[17.093s]   947 |     auto cell_size = static_cast<float>(f.get_frame_metadata([01;31m[KRS2_FRAME_METADATA_OCCUPANCY_CELL_SIZE[m[K) / 100.0f); // convert to meters
[17.093s]       |                                                              [01;31m[K^~~~~~~~~~~~~~~~~~~~~~~~~~~~~~~~~~~~~~[m[K
[17.093s]       |                                                              [32m[KRS2_FRAME_METADATA_SEQUENCE_SIZE[m[K
[17.097s] [01m[K/home/brace/codeSpace/navi/src/realsense-ros/realsense2_camera/src/base_realsense_node.cpp:[m[K At global scope:
[17.097s] [01m[K/home/brace/codeSpace/navi/src/realsense-ros/realsense2_camera/src/base_realsense_node.cpp:979:6:[m[K [01;31m[Kerror: [m[Kvariable or field ‘[01m[KpublishLabeledPointCloud[m[K’ declared void
[17.097s]   979 | void [01;31m[KBaseRealSenseNode[m[K::publishLabeledPointCloud(rs2::labeled_points lpc, const rclcpp::Time& t)
[17.098s]       |      [01;31m[K^~~~~~~~~~~~~~~~~[m[K
[17.101s] [01m[K/home/brace/codeSpace/navi/src/realsense-ros/realsense2_camera/src/base_realsense_node.cpp:979:55:[m[K [01;31m[Kerror: [m[K‘[01m[Klabeled_points[m[K’ is not a member of ‘[01m[Krs2[m[K’
[17.101s]   979 | void BaseRealSenseNode::publishLabeledPointCloud(rs2::[01;31m[Klabeled_points[m[K lpc, const rclcpp::Time& t)
[17.101s]       |                                                       [01;31m[K^~~~~~~~~~~~~~[m[K
[17.101s] [01m[K/home/brace/codeSpace/navi/src/realsense-ros/realsense2_camera/src/base_realsense_node.cpp:979:75:[m[K [01;31m[Kerror: [m[Kexpected primary-expression before ‘[01m[Kconst[m[K’
[17.101s]   979 | void BaseRealSenseNode::publishLabeledPointCloud(rs2::labeled_points lpc, [01;31m[Kconst[m[K rclcpp::Time& t)
[17.101s]       |                                                                           [01;31m[K^~~~~[m[K
[17.143s] [01m[K/home/brace/codeSpace/navi/src/realsense-ros/realsense2_camera/src/base_realsense_node.cpp:[m[K In member function ‘[01m[Kvoid realsense2_camera::BaseRealSenseNode::publishFrame(rs2::frame, const rclcpp::Time&, const stream_index_pair&, std::map<std::pair<rs2_stream, int>, cv::Mat>&, const std::map<std::pair<rs2_stream, int>, std::shared_ptr<rclcpp::Publisher<sensor_msgs::msg::CameraInfo_<std::allocator<void> > > > >&, const std::map<std::pair<rs2_stream, int>, std::shared_ptr<realsense2_camera::image_publisher> >&, bool)[m[K’:
[17.143s] [01m[K/home/brace/codeSpace/navi/src/realsense-ros/realsense2_camera/src/base_realsense_node.cpp:1155:28:[m[K [01;31m[Kerror: [m[K‘[01m[KRS2_STREAM_OCCUPANCY[m[K’ was not declared in this scope; did you mean ‘[01m[KRS2_STREAM_COUNT[m[K’?
[17.143s]  1155 |         if(stream.first == [01;31m[KRS2_STREAM_OCCUPANCY[m[K)
[17.143s]       |                            [01;31m[K^~~~~~~~~~~~~~~~~~~~[m[K
[17.143s]       |                            [32m[KRS2_STREAM_COUNT[m[K
[17.169s] [01m[K/home/brace/codeSpace/navi/src/realsense-ros/realsense2_camera/src/base_realsense_node.cpp:1157:44:[m[K [01;31m[Kerror: [m[K‘[01m[KRS2_FRAME_METADATA_OCCUPANCY_GRID_ROWS[m[K’ was not declared in this scope; did you mean ‘[01m[KRS2_FRAME_METADATA_SEQUENCE_ID[m[K’?
[17.169s]  1157 |             if (!f.supports_frame_metadata([01;31m[KRS2_FRAME_METADATA_OCCUPANCY_GRID_ROWS[m[K) ||
[17.169s]       |                                            [01;31m[K^~~~~~~~~~~~~~~~~~~~~~~~~~~~~~~~~~~~~~[m[K
[17.169s]       |                                            [32m[KRS2_FRAME_METADATA_SEQUENCE_ID[m[K
[17.196s] [01m[K/home/brace/codeSpace/navi/src/realsense-ros/realsense2_camera/src/base_realsense_node.cpp:1158:44:[m[K [01;31m[Kerror: [m[K‘[01m[KRS2_FRAME_METADATA_OCCUPANCY_GRID_COLUMNS[m[K’ was not declared in this scope
[17.196s]  1158 |                 !f.supports_frame_metadata([01;31m[KRS2_FRAME_METADATA_OCCUPANCY_GRID_COLUMNS[m[K))
[17.196s]       |                                            [01;31m[K^~~~~~~~~~~~~~~~~~~~~~~~~~~~~~~~~~~~~~~~~[m[K
[17.223s] [01m[K/home/brace/codeSpace/navi/src/realsense-ros/realsense2_camera/src/base_realsense_node.cpp:1161:59:[m[K [01;31m[Kerror: [m[K‘[01m[KRS2_FRAME_METADATA_OCCUPANCY_GRID_COLUMNS[m[K’ was not declared in this scope
[17.223s]  1161 |             width = static_cast<int>(f.get_frame_metadata([01;31m[KRS2_FRAME_METADATA_OCCUPANCY_GRID_COLUMNS[m[K));
[17.223s]       |                                                           [01;31m[K^~~~~~~~~~~~~~~~~~~~~~~~~~~~~~~~~~~~~~~~~[m[K
[17.249s] [01m[K/home/brace/codeSpace/navi/src/realsense-ros/realsense2_camera/src/base_realsense_node.cpp:1162:60:[m[K [01;31m[Kerror: [m[K‘[01m[KRS2_FRAME_METADATA_OCCUPANCY_GRID_ROWS[m[K’ was not declared in this scope; did you mean ‘[01m[KRS2_FRAME_METADATA_SEQUENCE_ID[m[K’?
[17.249s]  1162 |             height = static_cast<int>(f.get_frame_metadata([01;31m[KRS2_FRAME_METADATA_OCCUPANCY_GRID_ROWS[m[K));
[17.249s]       |                                                            [01;31m[K^~~~~~~~~~~~~~~~~~~~~~~~~~~~~~~~~~~~~~[m[K
[17.249s]       |                                                            [32m[KRS2_FRAME_METADATA_SEQUENCE_ID[m[K
[17.332s] In file included from [01m[K/home/brace/codeSpace/navi/src/realsense-ros/realsense2_camera/src/tfs.cpp:15[m[K:
[17.332s] [01m[K/home/brace/codeSpace/navi/src/realsense-ros/realsense2_camera/src/../include/base_realsense_node.h:277:39:[m[K [01;31m[Kerror: [m[K‘[01m[Krs2::labeled_points[m[K’ has not been declared
[17.332s]   277 |         void publishLabeledPointCloud([01;31m[Krs2[m[K::labeled_points lpc, const rclcpp::Time& t);
[17.332s]       |                                       [01;31m[K^~~[m[K
[17.624s] [01m[K/home/brace/codeSpace/navi/src/realsense-ros/realsense2_camera/src/tfs.cpp:[m[K In member function ‘[01m[Kvoid realsense2_camera::BaseRealSenseNode::calcAndAppendTransformMsgs(const rs2::stream_profile&, const rs2::stream_profile&)[m[K’:
[17.624s] [01m[K/home/brace/codeSpace/navi/src/realsense-ros/realsense2_camera/src/tfs.cpp:178:33:[m[K [01;31m[Kerror: [m[K‘[01m[KRS2_STREAM_LABELED_POINT_CLOUD[m[K’ was not declared in this scope
[17.624s]   178 |     if(profile.stream_type() == [01;31m[KRS2_STREAM_LABELED_POINT_CLOUD[m[K ||
[17.624s]       |                                 [01;31m[K^~~~~~~~~~~~~~~~~~~~~~~~~~~~~~[m[K
[17.645s] [01m[K/home/brace/codeSpace/navi/src/realsense-ros/realsense2_camera/src/tfs.cpp:179:33:[m[K [01;31m[Kerror: [m[K‘[01m[KRS2_STREAM_OCCUPANCY[m[K’ was not declared in this scope; did you mean ‘[01m[KRS2_STREAM_COUNT[m[K’?
[17.645s]   179 |        profile.stream_type() == [01;31m[KRS2_STREAM_OCCUPANCY[m[K)
[17.645s]       |                                 [01;31m[K^~~~~~~~~~~~~~~~~~~~[m[K
[17.645s]       |                                 [32m[KRS2_STREAM_COUNT[m[K
[17.778s] gmake[2]: *** [CMakeFiles/realsense2_camera.dir/build.make:104：CMakeFiles/realsense2_camera.dir/src/parameters.cpp.o] 错误 1
[18.290s] [ 76%] [32m[1mLinking CXX static library libgtest.a[0m
[18.339s] [ 76%] Built target gtest
[18.368s] [ 80%] [32mBuilding CXX object CMakeFiles/gtest_template.dir/test/gtest_template.cpp.o[0m
[19.146s] gmake[2]: *** [CMakeFiles/realsense2_camera.dir/build.make:258：CMakeFiles/realsense2_camera.dir/src/tfs.cpp.o] 错误 1
[19.165s] [ 84%] [32m[1mLinking CXX executable gtest_template[0m
[19.262s] [ 84%] Built target gtest_template
[19.397s] gmake[2]: *** [CMakeFiles/realsense2_camera.dir/build.make:76：CMakeFiles/realsense2_camera.dir/src/realsense_node_factory.cpp.o] 错误 1
[20.403s] gmake[2]: *** [CMakeFiles/realsense2_camera.dir/build.make:90：CMakeFiles/realsense2_camera.dir/src/base_realsense_node.cpp.o] 错误 1
[20.599s] gmake[2]: *** [CMakeFiles/realsense2_camera.dir/build.make:118：CMakeFiles/realsense2_camera.dir/src/rs_node_setup.cpp.o] 错误 1
[20.599s] gmake[1]: *** [CMakeFiles/Makefile2:159：CMakeFiles/realsense2_camera.dir/all] 错误 2
[20.599s] gmake: *** [Makefile:146：all] 错误 2
[20.602s] Invoked command in '/home/brace/codeSpace/navi/build/realsense2_camera' returned '2': AMENT_PREFIX_PATH=/home/brace/codeSpace/navi/install/realsense2_camera_msgs:${AMENT_PREFIX_PATH} CMAKE_PREFIX_PATH=/home/brace/codeSpace/navi/install/realsense2_camera_msgs:/opt/ros/humble LD_LIBRARY_PATH=/home/brace/codeSpace/navi/install/realsense2_camera_msgs/lib:${LD_LIBRARY_PATH} PYTHONPATH=/home/brace/codeSpace/navi/install/realsense2_camera_msgs/local/lib/python3.10/dist-packages:${PYTHONPATH} /usr/bin/cmake --build /home/brace/codeSpace/navi/build/realsense2_camera -- -j16 -l16
