[0.011s] Invoking command in '/home/brace/codeSpace/navi/build/rtabmap': CMAKE_PREFIX_PATH=${CMAKE_PREFIX_PATH}:/home/brace/codeSpace/navi/install/rtabmap_python:/home/brace/codeSpace/navi/install/realsense2_ros_mqtt_bridge:/home/brace/codeSpace/navi/install/brace:/opt/ros/humble /usr/bin/cmake --build /home/brace/codeSpace/navi/build/rtabmap -- -j16 -l16
[0.093s] [  5%] Built target rtabmap_utilite
[0.118s] [  6%] Built target res_tool
[0.278s] [ 57%] Built target rtabmap_core
[0.315s] [ 57%] Automatic MOC and UIC for target rtabmap_gui
[0.335s] [ 57%] Built target imagesJoiner
[0.335s] [ 57%] Built target consoleApp
[0.335s] [ 58%] Built target kitti_dataset
[0.335s] [ 58%] Built target recovery
[0.336s] [ 59%] Built target camera
[0.336s] [ 59%] Built target euroc_dataset
[0.336s] [ 60%] Built target reprocess
[0.336s] [ 61%] Built target stereoEval
[0.336s] [ 63%] Built target extractObject
[0.336s] [ 62%] Built target export
[0.336s] [ 64%] Built target info
[0.336s] [ 65%] Built target rgbd_dataset
[0.340s] [ 66%] Built target detectMoreLoopClosures
[0.340s] [ 67%] Built target cleanupLocalGrids
[0.341s] [ 68%] Built target globalBundleAdjustment
[0.373s] [ 68%] Built target rtabmap_gui_autogen
[0.375s] [ 68%] Built target lidar_viewer
[0.505s] Consolidate compiler generated dependencies of target rtabmap_gui
[0.543s] [ 84%] Built target rtabmap_gui
[0.567s] Consolidate compiler generated dependencies of target databaseViewer
[0.569s] Consolidate compiler generated dependencies of target rtabmap_app
[0.569s] Consolidate compiler generated dependencies of target bow_mapping
[0.569s] Consolidate compiler generated dependencies of target calibration
[0.569s] Consolidate compiler generated dependencies of target epipolar_geometry
[0.569s] Consolidate compiler generated dependencies of target odometryViewer
[0.569s] Consolidate compiler generated dependencies of target dataRecorder
[0.569s] Consolidate compiler generated dependencies of target matcher
[0.574s] [ 86%] Automatic MOC and UIC for target noEventsExample
[0.574s] [ 86%] Automatic MOC and UIC for target rgbd_mapping
[0.575s] Consolidate compiler generated dependencies of target report
[0.575s] Consolidate compiler generated dependencies of target rgbd_camera
[0.575s] [ 88%] Automatic MOC and UIC for target wifi_mapping
[0.579s] [ 88%] Automatic MOC and UIC for target lidar_mapping
[0.584s] [ 88%] Linking CXX executable ../../bin/rtabmap-calibration
[0.585s] [ 88%] Built target bow_mapping
[0.587s] [ 88%] Linking CXX executable ../../bin/rtabmap-databaseViewer
[0.587s] [ 89%] Linking CXX executable ../../bin/rtabmap
[0.588s] [ 89%] Linking CXX executable ../../bin/rtabmap-dataRecorder
[0.591s] [ 89%] Linking CXX executable ../../bin/rtabmap-matcher
[0.591s] [ 91%] Linking CXX executable ../../bin/rtabmap-epipolar_geometry
[0.592s] [ 91%] Linking CXX executable ../../bin/rtabmap-odometryViewer
[0.592s] [ 91%] Linking CXX executable ../../bin/rtabmap-report
[0.599s] [ 91%] Linking CXX executable ../../bin/rtabmap-rgbd_camera
[0.599s] [ 91%] Built target rgbd_mapping_autogen
[0.599s] [ 91%] Built target noEventsExample_autogen
[0.599s] [ 91%] Built target wifi_mapping_autogen
[0.605s] [ 91%] Built target lidar_mapping_autogen
[0.625s] Consolidate compiler generated dependencies of target noEventsExample
[0.635s] Consolidate compiler generated dependencies of target wifi_mapping
[0.641s] Consolidate compiler generated dependencies of target rgbd_mapping
[0.643s] Consolidate compiler generated dependencies of target lidar_mapping
[0.652s] [ 91%] Linking CXX executable ../../bin/rtabmap-noEventsExample
[0.697s] [ 91%] Linking CXX executable ../../bin/rtabmap-lidar_mapping
[0.709s] [ 91%] Linking CXX executable ../../bin/rtabmap-rgbd_mapping
[0.779s] [ 91%] Linking CXX executable ../../bin/rtabmap-wifi_mapping
[5.070s] /usr/bin/ld: CMakeFiles/odometryViewer.dir/main.cpp.o: in function `main':
[5.070s] main.cpp:(.text.startup+0x512): undefined reference to `rtabmap::OdometryViewer::OdometryViewer(int, int, float, float, int, QWidget*, std::map<std::__cxx11::basic_string<char, std::char_traits<char>, std::allocator<char> >, std::__cxx11::basic_string<char, std::char_traits<char>, std::allocator<char> >, std::less<std::__cxx11::basic_string<char, std::char_traits<char>, std::allocator<char> > >, std::allocator<std::pair<std::__cxx11::basic_string<char, std::char_traits<char>, std::allocator<char> > const, std::__cxx11::basic_string<char, std::char_traits<char>, std::allocator<char> > > > > const&)'
[5.070s] /usr/bin/ld: main.cpp:(.text.startup+0xc8d): undefined reference to `rtabmap::OdometryViewer::~OdometryViewer()'
[5.070s] /usr/bin/ld: CMakeFiles/odometryViewer.dir/main.cpp.o: in function `main.cold':
[5.070s] main.cpp:(.text.unlikely+0x30): undefined reference to `rtabmap::OdometryViewer::~OdometryViewer()'
[5.285s] /usr/bin/ld: CMakeFiles/dataRecorder.dir/main.cpp.o: in function `main':
[5.285s] main.cpp:(.text.startup+0x88d): undefined reference to `rtabmap::DataRecorder::DataRecorder(QWidget*)'
[5.286s] /usr/bin/ld: main.cpp:(.text.startup+0x8b2): undefined reference to `rtabmap::DataRecorder::init(QString const&, bool)'
[5.286s] /usr/bin/ld: main.cpp:(.text.startup+0xa00): undefined reference to `rtabmap::DataRecorder::~DataRecorder()'
[5.286s] /usr/bin/ld: CMakeFiles/dataRecorder.dir/main.cpp.o: in function `main.cold':
[5.286s] main.cpp:(.text.unlikely+0xc): undefined reference to `rtabmap::DataRecorder::~DataRecorder()'
[5.293s] /usr/bin/ld: CMakeFiles/report.dir/main.cpp.o: in function `main':
[5.294s] main.cpp:(.text.startup+0x7fc): undefined reference to `UPlot::UPlot(QWidget*)'
[5.294s] /usr/bin/ld: main.cpp:(.text.startup+0x89f): undefined reference to `UPlot::setXLabel(QString const&)'
[5.294s] /usr/bin/ld: main.cpp:(.text.startup+0x94a): undefined reference to `UPlot::setXLabel(QString const&)'
[5.294s] /usr/bin/ld: main.cpp:(.text.startup+0x19a3): undefined reference to `UPlot::UPlot(QWidget*)'
[5.294s] /usr/bin/ld: main.cpp:(.text.startup+0x1a3a): undefined reference to `UPlot::setXLabel(QString const&)'
[5.294s] /usr/bin/ld: main.cpp:(.text.startup+0x4958): undefined reference to `UPlot::setXLabel(QString const&)'
[5.294s] /usr/bin/ld: main.cpp:(.text.startup+0x685b): undefined reference to `UPlotCurve::addValue(double, double)'
[5.294s] /usr/bin/ld: main.cpp:(.text.startup+0x6e55): undefined reference to `UPlot::addCurve(QString const&, QColor const&)'
[5.294s] /usr/bin/ld: main.cpp:(.text.startup+0x7a4a): undefined reference to `UPlot::addCurve(QString const&, QColor const&)'
[5.294s] /usr/bin/ld: main.cpp:(.text.startup+0x8744): undefined reference to `UPlot::getAllCurveDataAsText() const'
[5.295s] /usr/bin/ld: main.cpp:(.text.startup+0x927b): undefined reference to `UPlot::frameData(bool, bool)'
[5.345s] /usr/bin/ld: ../../bin/librtabmap_gui.so.0.23.4: undefined reference to `vtable for rtabmap::RecoveryState'
[5.346s] /usr/bin/ld: ../../bin/librtabmap_gui.so.0.23.4: undefined reference to `vtable for rtabmap::GraphViewer'
[5.346s] /usr/bin/ld: ../../bin/librtabmap_gui.so.0.23.4: undefined reference to `rtabmap::EditConstraintDialog::EditConstraintDialog(rtabmap::Transform const&, cv::Mat const&, QWidget*)'
[5.347s] /usr/bin/ld: ../../bin/librtabmap_gui.so.0.23.4: undefined reference to `UPlot::addThreshold(QString const&, double, Qt::Orientation)'
[5.347s] /usr/bin/ld: ../../bin/librtabmap_gui.so.0.23.4: undefined reference to `rtabmap::LinkRefiningDialog::isRangeByNodeId() const'
[5.347s] /usr/bin/ld: ../../bin/librtabmap_gui.so.0.23.4: undefined reference to `rtabmap::CreateSimpleCalibrationDialog::CreateSimpleCalibrationDialog(QString const&, QString const&, QWidget*)'
[5.348s] /usr/bin/ld: ../../bin/librtabmap_gui.so.0.23.4: undefined reference to `rtabmap::ImageView::setImageDepth(cv::Mat const&, cv::Mat const&)'
[5.348s] /usr/bin/ld: ../../bin/librtabmap_gui.so.0.23.4: undefined reference to `rtabmap::ExportDialog::isUserDataExported() const'
[5.350s] /usr/bin/ld: ../../bin/librtabmap_gui.so.0.23.4: undefined reference to `rtabmap::MainWindow::statsProcessed()'
[5.350s] /usr/bin/ld: ../../bin/librtabmap_gui.so.0.23.4: undefined reference to `rtabmap::CloudViewerInteractorStyle::New()'
[5.351s] /usr/bin/ld: ../../bin/librtabmap_gui.so.0.23.4: undefined reference to `rtabmap::ImageView::isImageDepthShown() const'
[5.357s] /usr/bin/ld: ../../bin/librtabmap_gui.so.0.23.4: undefined reference to `rtabmap::ExportDialog::targetFramerate() const'
[5.357s] /usr/bin/ld: ../../bin/librtabmap_gui.so.0.23.4: undefined reference to `QMultiComboBox::addItem(QString const&, QVariant const&)'
[5.357s] /usr/bin/ld: ../../bin/librtabmap_gui.so.0.23.4: undefined reference to `rtabmap::PreferencesDialog::settingsChanged(std::map<std::__cxx11::basic_string<char, std::char_traits<char>, std::allocator<char> >, std::__cxx11::basic_string<char, std::char_traits<char>, std::allocator<char> >, std::less<std::__cxx11::basic_string<char, std::char_traits<char>, std::allocator<char> > >, std::allocator<std::pair<std::__cxx11::basic_string<char, std::char_traits<char>, std::allocator<char> > const, std::__cxx11::basic_string<char, std::char_traits<char>, std::allocator<char> > > > >)'
[5.357s] /usr/bin/ld: ../../bin/librtabmap_gui.so.0.23.4: undefined reference to `rtabmap::EditConstraintDialog::getTransform() const'
[5.357s] /usr/bin/ld: ../../bin/librtabmap_gui.so.0.23.4: undefined reference to `rtabmap::ExportBundlerDialog::exportBundler(std::map<int, rtabmap::Transform, std::less<int>, std::allocator<std::pair<int const, rtabmap::Transform> > >&, std::multimap<int, rtabmap::Link, std::less<int>, std::allocator<std::pair<int const, rtabmap::Link> > > const&, QMap<int, rtabmap::Signature> const&, std::map<std::__cxx11::basic_string<char, std::char_traits<char>, std::allocator<char> >, std::__cxx11::basic_string<char, std::char_traits<char>, std::allocator<char> >, std::less<std::__cxx11::basic_string<char, std::char_traits<char>, std::allocator<char> > >, std::allocator<std::pair<std::__cxx11::basic_string<char, std::char_traits<char>, std::allocator<char> > const, std::__cxx11::basic_string<char, std::char_traits<char>, std::allocator<char> > > > > const&)'
[5.357s] /usr/bin/ld: ../../bin/librtabmap_gui.so.0.23.4: undefined reference to `rtabmap::EditDepthArea::EditDepthArea(QWidget*)'
[5.357s] /usr/bin/ld: ../../bin/librtabmap_gui.so.0.23.4: undefined reference to `rtabmap::MainWindow::rtabmapGoalStatusEventReceived(int)'
[5.357s] /usr/bin/ld: ../../bin/librtabmap_gui.so.0.23.4: undefined reference to `rtabmap::ImageView::setFeatureColor(int, QColor)'
[5.358s] /usr/bin/ld: ../../bin/librtabmap_gui.so.0.23.4: undefined reference to `rtabmap::StatsToolBox::closeFigures()'
[5.359s] /usr/bin/ld: ../../bin/librtabmap_gui.so.0.23.4: undefined reference to `rtabmap::GraphViewer::linkSelected(int, int)'
[5.359s] /usr/bin/ld: ../../bin/librtabmap_gui.so.0.23.4: undefined reference to `rtabmap::ProgressDialog::clear()'
[5.360s] /usr/bin/ld: ../../bin/librtabmap_gui.so.0.23.4: undefined reference to `rtabmap::ProgressDialog::resetProgress()'
[5.365s] /usr/bin/ld: ../../bin/librtabmap_gui.so.0.23.4: undefined reference to `UPlot::removeCurves()'
[5.365s] /usr/bin/ld: ../../bin/librtabmap_gui.so.0.23.4: undefined reference to `rtabmap::ImageView::setLinesShown(bool)'
[5.365s] /usr/bin/ld: ../../bin/librtabmap_gui.so.0.23.4: undefined reference to `rtabmap::StatsToolBox::updateStat(QString const&, double, double, bool)'
[5.365s] /usr/bin/ld: ../../bin/librtabmap_gui.so.0.23.4: undefined reference to `rtabmap::ProgressDialog::incrementStep(int)'
[5.366s] /usr/bin/ld: ../../bin/librtabmap_gui.so.0.23.4: undefined reference to `rtabmap::MainWindow::rtabmapGlobalPathEventReceived(rtabmap::RtabmapGlobalPathEvent const&)'
[5.366s] /usr/bin/ld: CMakeFiles/calibration.dir/main.cpp.o: in function `main':
[5.366s] main.cpp:(.text.startup+0x33a): undefined reference to `rtabmap::CalibrationDialog::CalibrationDialog(bool, QString const&, bool, QWidget*)'
[5.366s] /usr/bin/ld: main.cpp:(.text.startup+0x56f): undefined reference to `rtabmap::CalibrationDialog::setStereoMode(bool, QString const&, QString const&)'
[5.366s] /usr/bin/ld: main.cpp:(.text.startup+0x6ce): undefined reference to `rtabmap::CalibrationDialog::~CalibrationDialog()'
[5.366s] /usr/bin/ld: main.cpp:(.text.startup+0x963): undefined reference to `rtabmap::CalibrationDialog::setStereoMode(bool, QString const&, QString const&)'
[5.366s] /usr/bin/ld: main.cpp:(.text.startup+0x97b): undefined reference to `rtabmap::CalibrationDialog::setFisheyeModel()'
[5.366s] /usr/bin/ld: main.cpp:(.text.startup+0x9f9): undefined reference to `rtabmap::CalibrationDialog::setStereoMode(bool, QString const&, QString const&)'
[5.366s] /usr/bin/ld: main.cpp:(.text.startup+0xa77): undefined reference to `rtabmap::CalibrationDialog::setStereoMode(bool, QString const&, QString const&)'
[5.366s] /usr/bin/ld: main.cpp:(.text.startup+0xb3c): undefined reference to `rtabmap::CalibrationDialog::setSwitchedImages(bool)'
[5.367s] /usr/bin/ld: main.cpp:(.text.startup+0xb71): undefined reference to `rtabmap::CalibrationDialog::setStereoMode(bool, QString const&, QString const&)'
[5.367s] /usr/bin/ld: CMakeFiles/calibration.dir/main.cpp.o: in function `main.cold':
[5.367s] main.cpp:(.text.unlikely+0x1d): undefined reference to `rtabmap::CalibrationDialog::~CalibrationDialog()'
[5.367s] /usr/bin/ld: ../../bin/librtabmap_gui.so.0.23.4: undefined reference to `QMultiComboBox::setItemChecked(int, bool)'
[5.367s] /usr/bin/ld: ../../bin/librtabmap_gui.so.0.23.4: undefined reference to `rtabmap::MainWindow::stateChanged(rtabmap::MainWindow::State)'
[5.367s] /usr/bin/ld: ../../bin/librtabmap_gui.so.0.23.4: undefined reference to `rtabmap::DataRecorder::addData(rtabmap::SensorData const&, rtabmap::Transform const&, cv::Mat const&)'
[5.367s] /usr/bin/ld: ../../bin/librtabmap_gui.so.0.23.4: undefined reference to `rtabmap::GraphViewer::staticMetaObject'
[5.367s] /usr/bin/ld: ../../bin/librtabmap_gui.so.0.23.4: undefined reference to `rtabmap::PostProcessingDialog::iterations() const'
[5.367s] /usr/bin/ld: ../../bin/librtabmap_gui.so.0.23.4: undefined reference to `rtabmap::ImageView::getDefaultMatchingFeatureColor() const'
[5.368s] /usr/bin/ld: ../../bin/librtabmap_gui.so.0.23.4: undefined reference to `rtabmap::EditMapArea::EditMapArea(QWidget*)'
[5.368s] /usr/bin/ld: ../../bin/librtabmap_gui.so.0.23.4: undefined reference to `rtabmap::MainWindow::noMoreImagesReceived()'
[5.368s] /usr/bin/ld: ../../bin/librtabmap_gui.so.0.23.4: undefined reference to `rtabmap::ConsoleWidget::ConsoleWidget(QWidget*)'
[5.368s] /usr/bin/ld: ../../bin/librtabmap_gui.so.0.23.4: undefined reference to `vtable for rtabmap::ParametersToolBox'
[5.368s] /usr/bin/ld: ../../bin/librtabmap_gui.so.0.23.4: undefined reference to `rtabmap::EditMapArea::setMap(cv::Mat const&)'
[5.368s] /usr/bin/ld: ../../bin/librtabmap_gui.so.0.23.4: undefined reference to `rtabmap::ExportBundlerDialog::staticMetaObject'
[5.370s] /usr/bin/ld: ../../bin/librtabmap_gui.so.0.23.4: undefined reference to `rtabmap::PreferencesDialog::staticMetaObject'
[5.374s] /usr/bin/ld: ../../bin/librtabmap_gui.so.0.23.4: undefined reference to `rtabmap::ImageView::ImageView(QWidget*)'
[5.375s] /usr/bin/ld: ../../bin/librtabmap_gui.so.0.23.4: undefined reference to `rtabmap::MainWindow::staticMetaObject'
[5.375s] /usr/bin/ld: ../../bin/librtabmap_gui.so.0.23.4: undefined reference to `rtabmap::CalibrationDialog::setSwitchedImages(bool)'
[5.375s] /usr/bin/ld: ../../bin/librtabmap_gui.so.0.23.4: undefined reference to `rtabmap::CalibrationDialog::setSquareSize(double)'
[5.375s] /usr/bin/ld: ../../bin/librtabmap_gui.so.0.23.4: undefined reference to `rtabmap::StatsToolBox::clear()'
[5.375s] /usr/bin/ld: ../../bin/librtabmap_gui.so.0.23.4: undefined reference to `rtabmap::CalibrationDialog::setStereoMode(bool, QString const&, QString const&)'
[5.376s] /usr/bin/ld: ../../bin/librtabmap_gui.so.0.23.4: undefined reference to `rtabmap::ImageView::setFeatures(std::vector<cv::KeyPoint, std::allocator<cv::KeyPoint> > const&, cv::Mat const&, QColor const&)'
[5.376s] /usr/bin/ld: ../../bin/librtabmap_gui.so.0.23.4: undefined reference to `rtabmap::ImageView::getDefaultMatchingLineColor() const'
[5.377s] /usr/bin/ld: ../../bin/librtabmap_gui.so.0.23.4: undefined reference to `rtabmap::GraphViewer::nodeSelected(int)'
[5.378s] /usr/bin/ld: ../../bin/librtabmap_gui.so.0.23.4: undefined reference to `rtabmap::CalibrationDialog::stereoCalibration(rtabmap::CameraModel const&, rtabmap::CameraModel const&, bool, QTextStream*) const'
[5.382s] /usr/bin/ld: ../../bin/librtabmap_gui.so.0.23.4: undefined reference to `vtable for rtabmap::ExportCloudsDialog'
[5.382s] /usr/bin/ld: ../../bin/librtabmap_gui.so.0.23.4: undefined reference to `rtabmap::ExportBundlerDialog::setWorkingDirectory(QString const&)'
[5.382s] /usr/bin/ld: ../../bin/librtabmap_gui.so.0.23.4: undefined reference to `rtabmap::ExportDialog::isRgbExported() const'
[5.383s] /usr/bin/ld: ../../bin/librtabmap_gui.so.0.23.4: undefined reference to `rtabmap::PostProcessingDialog::sbaVariance() const'
[5.383s] /usr/bin/ld: ../../bin/librtabmap_gui.so.0.23.4: undefined reference to `rtabmap::EditConstraintDialog::~EditConstraintDialog()'
[5.384s] /usr/bin/ld: ../../bin/librtabmap_gui.so.0.23.4: undefined reference to `vtable for rtabmap::MultiSessionLocWidget'
[5.384s] /usr/bin/ld: ../../bin/librtabmap_gui.so.0.23.4: undefined reference to `rtabmap::ParametersToolBox::staticMetaObject'
[5.384s] /usr/bin/ld: ../../bin/librtabmap_gui.so.0.23.4: undefined reference to `vtable for rtabmap::TexturingState'
[5.384s] /usr/bin/ld: ../../bin/librtabmap_gui.so.0.23.4: undefined reference to `rtabmap::CalibrationDialog::resetSettings()'
[5.385s] /usr/bin/ld: ../../bin/librtabmap_gui.so.0.23.4: undefined reference to `rtabmap::ImageView::clearLines()'
[5.385s] /usr/bin/ld: ../../bin/librtabmap_gui.so.0.23.4: undefined reference to `rtabmap::GraphViewer::mapShownRequested()'
[5.385s] /usr/bin/ld: ../../bin/librtabmap_gui.so.0.23.4: undefined reference to `QMultiComboBox::itemText(int)'
[5.385s] /usr/bin/ld: ../../bin/librtabmap_gui.so.0.23.4: undefined reference to `rtabmap::ImageView::clearFeatures()'
[5.388s] /usr/bin/ld: ../../bin/librtabmap_gui.so.0.23.4: undefined reference to `rtabmap::PostProcessingDialog::staticMetaObject'
[5.389s] /usr/bin/ld: ../../bin/librtabmap_gui.so.0.23.4: undefined reference to `rtabmap::MapVisibilityWidget::clear()'
[5.389s] /usr/bin/ld: ../../bin/librtabmap_gui.so.0.23.4: undefined reference to `rtabmap::ExportDialog::isDepth2dExported() const'
[5.389s] /usr/bin/ld: ../../bin/librtabmap_gui.so.0.23.4: undefined reference to `rtabmap::PdfPlotCurve::PdfPlotCurve(QString const&, QMap<int, rtabmap::Signature> const*, QObject*)'
[5.389s] /usr/bin/ld: ../../bin/librtabmap_gui.so.0.23.4: undefined reference to `vtable for rtabmap::MainWindow'
[5.389s] /usr/bin/ld: ../../bin/librtabmap_gui.so.0.23.4: undefined reference to `rtabmap::CalibrationDialog::setBoardWidth(int)'
[5.390s] /usr/bin/ld: ../../bin/librtabmap_gui.so.0.23.4: undefined reference to `rtabmap::ProgressDialog::ProgressDialog(QWidget*, QFlags<Qt::WindowType>)'
[5.390s] /usr/bin/ld: ../../bin/librtabmap_gui.so.0.23.4: undefined reference to `rtabmap::PdfPlotCurve::setData(QMap<int, float> const&, QMap<int, int> const&)'
[5.390s] /usr/bin/ld: ../../bin/librtabmap_gui.so.0.23.4: undefined reference to `rtabmap::MainWindow::imgRateChanged(double)'
[5.390s] /usr/bin/ld: ../../bin/librtabmap_gui.so.0.23.4: undefined reference to `rtabmap::ImageView::isLinesShown() const'
[5.390s] /usr/bin/ld: ../../bin/librtabmap_gui.so.0.23.4: undefined reference to `rtabmap::StatsToolBox::updateStat(QString const&, std::vector<double, std::allocator<double> > const&, std::vector<double, std::allocator<double> > const&, bool)'
[5.390s] /usr/bin/ld: ../../bin/librtabmap_gui.so.0.23.4: undefined reference to `rtabmap::ImageView::viewScale() const'
[5.390s] /usr/bin/ld: ../../bin/librtabmap_gui.so.0.23.4: undefined reference to `rtabmap::ProgressDialog::setValue(int)'
[5.390s] /usr/bin/ld: ../../bin/librtabmap_gui.so.0.23.4: undefined reference to `rtabmap::ImageView::setAlpha(int)'
[5.390s] /usr/bin/ld: ../../bin/librtabmap_gui.so.0.23.4: undefined reference to `rtabmap::ImageView::saveSettings(QSettings&, QString const&) const'
[5.390s] /usr/bin/ld: ../../bin/librtabmap_gui.so.0.23.4: undefined reference to `rtabmap::MapVisibilityWidget::MapVisibilityWidget(QWidget*)'
[5.391s] /usr/bin/ld: ../../bin/librtabmap_gui.so.0.23.4: undefined reference to `rtabmap::PostProcessingDialog::sbaRematchFeatures() const'
[5.391s] /usr/bin/ld: ../../bin/librtabmap_gui.so.0.23.4: undefined reference to `rtabmap::ImageView::sceneRect() const'
[5.391s] /usr/bin/ld: ../../bin/librtabmap_gui.so.0.23.4: undefined reference to `rtabmap::ParametersToolBox::parametersChanged(QStringList const&)'
[5.391s] /usr/bin/ld: ../../bin/librtabmap_gui.so.0.23.4: undefined reference to `rtabmap::CalibrationDialog::boardWidth() const'
[5.391s] /usr/bin/ld: ../../bin/librtabmap_gui.so.0.23.4: undefined reference to `rtabmap::ExportBundlerDialog::loadSettings(QSettings&, QString const&)'
[5.391s] /usr/bin/ld: ../../bin/librtabmap_gui.so.0.23.4: undefined reference to `rtabmap::LinkRefiningDialog::isRangeByMapId() const'
[5.391s] /usr/bin/ld: ../../bin/librtabmap_gui.so.0.23.4: undefined reference to `rtabmap::LoopClosureViewer::updateView(rtabmap::Transform const&, std::map<std::__cxx11::basic_string<char, std::char_traits<char>, std::allocator<char> >, std::__cxx11::basic_string<char, std::char_traits<char>, std::allocator<char> >, std::less<std::__cxx11::basic_string<char, std::char_traits<char>, std::allocator<char> > >, std::allocator<std::pair<std::__cxx11::basic_string<char, std::char_traits<char>, std::allocator<char> > const, std::__cxx11::basic_string<char, std::char_traits<char>, std::allocator<char> > > > > const&)'
[5.392s] /usr/bin/ld: ../../bin/librtabmap_gui.so.0.23.4: undefined reference to `rtabmap::ExportDialog::~ExportDialog()'
[5.392s] /usr/bin/ld: ../../bin/librtabmap_gui.so.0.23.4: undefined reference to `rtabmap::ImageView::getDefaultFeatureColor() const'
[5.392s] /usr/bin/ld: ../../bin/librtabmap_gui.so.0.23.4: undefined reference to `rtabmap::ProgressDialog::~ProgressDialog()'
[5.392s] /usr/bin/ld: ../../bin/librtabmap_gui.so.0.23.4: undefined reference to `rtabmap::StatsToolBox::updateStat(QString const&, double, bool)'
[5.392s] /usr/bin/ld: CMakeFiles/epipolar_geometry.dir/main.cpp.o: in function `MainWidget::drawKeypoints(std::multimap<int, cv::KeyPoint, std::less<int>, std::allocator<std::pair<int const, cv::KeyPoint> > > const&, std::multimap<int, cv::KeyPoint, std::less<int>, std::allocator<std::pair<int const, cv::KeyPoint> > > const&, std::vector<unsigned char, std::allocator<unsigned char> > const&)':
[5.392s] main.cpp:(.text._ZN10MainWidget13drawKeypointsERKSt8multimapIiN2cv8KeyPointESt4lessIiESaISt4pairIKiS2_EEESB_RKSt6vectorIhSaIhEE[_ZN10MainWidget13drawKeypointsERKSt8multimapIiN2cv8KeyPointESt4lessIiESaISt4pairIKiS2_EEESB_RKSt6vectorIhSaIhEE]+0x1e8): undefined reference to `rtabmap::ImageView::addFeature(int, cv::KeyPoint const&, float, QColor)'
[5.396s] /usr/bin/ld: main.cpp:(.text._ZN10MainWidget13drawKeypointsERKSt8multimapIiN2cv8KeyPointESt4lessIiESaISt4pairIKiS2_EEESB_RKSt6vectorIhSaIhEE[_ZN10MainWidget13drawKeypointsERKSt8multimapIiN2cv8KeyPointESt4lessIiESaISt4pairIKiS2_EEESB_RKSt6vectorIhSaIhEE]+0x341): undefined reference to `rtabmap::ImageView::addLine(float, float, float, float, QColor, QString const&)'
[5.397s] /usr/bin/ld: /usr/bin/ld: ../../bin/librtabmap_gui.so.0.23.4: undefined reference to `QMultiComboBox::clear()'
[5.397s] CMakeFiles/epipolar_geometry.dir/main.cpp.o: in function `MainWidget::MainWidget(cv::Mat const&, cv::Mat const&, std::multimap<int, cv::KeyPoint, std::less<int>, std::allocator<std::pair<int const, cv::KeyPoint> > > const&, std::multimap<int, cv::KeyPoint, std::less<int>, std::allocator<std::pair<int const, cv::KeyPoint> > > const&, std::vector<unsigned char, std::allocator<unsigned char> > const&)':
[5.397s] main.cpp:(.text._ZN10MainWidgetC2ERKN2cv3MatES3_RKSt8multimapIiNS0_8KeyPointESt4lessIiESaISt4pairIKiS5_EEESE_RKSt6vectorIhSaIhEE[_ZN10MainWidgetC5ERKN2cv3MatES3_RKSt8multimapIiNS0_8KeyPointESt4lessIiESaISt4pairIKiS5_EEESE_RKSt6vectorIhSaIhEE]+0x76): undefined reference to `rtabmap::ImageView::ImageView(QWidget*)'
[5.397s] /usr/bin/ld: main.cpp:(.text._ZN10MainWidgetC2ERKN2cv3MatES3_RKSt8multimapIiNS0_8KeyPointESt4lessIiESaISt4pairIKiS5_EEESE_RKSt6vectorIhSaIhEE[_ZN10MainWidgetC5ERKN2cv3MatES3_RKSt8multimapIiNS0_8KeyPointESt4lessIiESaISt4pairIKiS5_EEESE_RKSt6vectorIhSaIhEE]+0x109): undefined reference to `rtabmap::ImageView::setSceneRect(QRectF const&)'
[5.397s] /usr/bin/ld: main.cpp:(.text._ZN10MainWidgetC2ERKN2cv3MatES3_RKSt8multimapIiNS0_8KeyPointESt4lessIiESaISt4pairIKiS5_EEESE_RKSt6vectorIhSaIhEE[_ZN10MainWidgetC5ERKN2cv3MatES3_RKSt8multimapIiNS0_8KeyPointESt4lessIiESaISt4pairIKiS5_EEESE_RKSt6vectorIhSaIhEE]+0x117): undefined reference to `rtabmap::ImageView::setLinesShown(bool)'
[5.397s] /usr/bin/ld: main.cpp:(/usr/bin/ld.text._ZN10MainWidgetC2ERKN2cv3MatES3_RKSt8multimapIiNS0_8KeyPointESt4lessIiESaISt4pairIKiS5_EEESE_RKSt6vectorIhSaIhEE: [_ZN10MainWidgetC5ERKN2cv3MatES3_RKSt8multimapIiNS0_8KeyPointESt4lessIiESaISt4pairIKiS5_EEESE_RKSt6vectorIhSaIhEE]../../bin/librtabmap_gui.so.0.23.4+0x: undefined reference to `122): undefined reference to `rtabmap::ImageView::setFeaturesShown(bool)'
[5.398s] rtabmap::MainWindow::rtabmapEvent3DMapReceived(rtabmap::RtabmapEvent3DMap const&)'
[5.398s] /usr/bin/ld: main.cpp:(.text._ZN10MainWidgetC2ERKN2cv3MatES3_RKSt8multimapIiNS0_8KeyPointESt4lessIiESaISt4pairIKiS5_EEESE_RKSt6vectorIhSaIhEE[_ZN10MainWidgetC5ERKN2cv3MatES3_RKSt8multimapIiNS0_8KeyPointESt4lessIiESaISt4pairIKiS5_EEESE_RKSt6vectorIhSaIhEE]+0x130): undefined reference to `rtabmap::ImageView::setImageDepthShown(bool)'
[5.398s] /usr/bin/ld: main.cpp:(.text._ZN10MainWidgetC2ERKN2cv3MatES3_RKSt8multimapIiNS0_8KeyPointESt4lessIiESaISt4pairIKiS5_EEESE_RKSt6vectorIhSaIhEE[_ZN10MainWidgetC5ERKN2cv3MatES3_RKSt8multimapIiNS0_8KeyPointESt4lessIiESaISt4pairIKiS5_EEESE_RKSt6vectorIhSaIhEE]+0x185): undefined reference to `rtabmap::ImageView::setImage(QImage const&, std::vector<rtabmap::CameraModel, std::allocator<rtabmap::CameraModel> > const&, rtabmap::Transform const&)'
[5.398s] /usr/bin/ld: main.cpp:(.text._ZN10MainWidgetC2ERKN2cv3MatES3_RKSt8multimapIiNS0_8KeyPointESt4lessIiESaISt4pairIKiS5_EEESE_RKSt6vectorIhSaIhEE[_ZN10MainWidgetC5ERKN2cv3MatES3_RKSt8multimapIiNS0_8KeyPointESt4lessIiESaISt4pairIKiS5_EEESE_RKSt6vectorIhSaIhEE]+0x28d): undefined reference to `rtabmap::ImageView::setImageDepth(cv::Mat const&, cv::Mat const&)'
[5.398s] /usr/bin/ld: ../../bin/librtabmap_gui.so.0.23.4: undefined reference to `vtable for rtabmap::CloudViewer'
[5.398s] /usr/bin/ld: ../../bin/librtabmap_gui.so.0.23.4: undefined reference to `rtabmap::ImageView::getDefaultBackgroundColor() const'
[5.398s] /usr/bin/ld: ../../bin/librtabmap_gui.so.0.23.4: undefined reference to `rtabmap::ImageView::isFeaturesShown() const'
[5.398s] /usr/bin/ld: ../../bin/librtabmap_gui.so.0.23.4: undefined reference to `rtabmap::PostProcessingDialog::clusterRadius() const'
[5.398s] /usr/bin/ld: ../../bin/librtabmap_gui.so.0.23.4: undefined reference to `rtabmap::StatItem::staticMetaObject'
[5.399s] /usr/bin/ld: ../../bin/librtabmap_gui.so.0.23.4: undefined reference to `qInitResources_GuiLib()'
[5.399s] /usr/bin/ld: ../../bin/librtabmap_gui.so.0.23.4: undefined reference to `rtabmap::ProgressDialog::appendText(QString const&, QColor const&)'
[5.399s] /usr/bin/ld: ../../bin/librtabmap_gui.so.0.23.4: undefined reference to `rtabmap::ConsoleWidget::appendMsg(QString const&, int)'
[5.399s] /usr/bin/ld: ../../bin/librtabmap_gui.so.0.23.4: undefined reference to `rtabmap::MainWindow::timeLimitChanged(float)'
[5.399s] /usr/bin/ld: ../../bin/librtabmap_gui.so.0.23.4: undefined reference to `rtabmap::ExportDialog::framesIgnored() const'
[5.399s] /usr/bin/ld: ../../bin/librtabmap_gui.so.0.23.4: undefined reference to `rtabmap::MapVisibilityWidget::setMap(std::map<int, rtabmap::Transform, std::less<int>, std::allocator<std::pair<int const, rtabmap::Transform> > > const&, std::map<int, bool, std::less<int>, std::allocator<std::pair<int const, bool> > > const&)'
[5.399s] /usr/bin/ld: ../../bin/librtabmap_gui.so.0.23.4: undefined reference to `rtabmap::StatsToolBox::updateStat(QString const&, bool)'
[5.399s] /usr/bin/ld: ../../bin/librtabmap_gui.so.0.23.4: undefined reference to `rtabmap::MainWindow::loopClosureThrChanged(double)'
[5.400s] /usr/bin/ld: ../../bin/librtabmap_gui.so.0.23.4: undefined reference to `rtabmap::CalibrationDialog::setBoardHeight(int)'
[5.400s] /usr/bin/ld: ../../bin/librtabmap_gui.so.0.23.4: undefined reference to `rtabmap::MainWindow::rtabmapLabelErrorReceived(int, QString const&)'
[5.401s] /usr/bin/ld: ../../bin/librtabmap_gui.so.0.23.4: undefined reference to `rtabmap::vtkImageMatSource::SetImage(cv::_InputArray const&)'
[5.401s] /usr/bin/ld: ../../bin/librtabmap_gui.so.0.23.4: undefined reference to `UPlot::addCurve(UPlotCurve*, bool)'
[5.402s] /usr/bin/ld: ../../bin/librtabmap_gui.so.0.23.4: undefined reference to `rtabmap::LinkRefiningDialog::LinkRefiningDialog(QWidget*)'
[5.402s] /usr/bin/ld: ../../bin/librtabmap_gui.so.0.23.4: undefined reference to `rtabmap::OdometryViewer::OdometryViewer(int, int, float, float, int, QWidget*, std::map<std::__cxx11::basic_string<char, std::char_traits<char>, std::allocator<char> >, std::__cxx11::basic_string<char, std::char_traits<char>, std::allocator<char> >, std::less<std::__cxx11::basic_string<char, std::char_traits<char>, std::allocator<char> > >, std::allocator<std::pair<std::__cxx11::basic_string<char, std::char_traits<char>, std::allocator<char> > const, std::__cxx11::basic_string<char, std::char_traits<char>, std::allocator<char> > > > > const&)'
[5.402s] /usr/bin/ld: ../../bin/librtabmap_gui.so.0.23.4: undefined reference to `rtabmap::PostProcessingDialog::sbaType() const'
[5.403s] /usr/bin/ld: ../../bin/librtabmap_gui.so.0.23.4: undefined reference to `rtabmap::ProgressDialog::setAutoClose(bool, int)'
[5.404s] /usr/bin/ld: ../../bin/librtabmap_gui.so.0.23.4: undefined reference to `QMultiComboBox::setCurrentIndex(int)'
[5.404s] /usr/bin/ld: ../../bin/librtabmap_gui.so.0.23.4: undefined reference to `rtabmap::ImageView::setImageShown(bool)'
[5.408s] /usr/bin/ld: ../../bin/librtabmap_gui.so.0.23.4: undefined reference to `rtabmap::ImageView::isImageShown() const'
[5.408s] /usr/bin/ld: ../../bin/librtabmap_gui.so.0.23.4: undefined reference to `rtabmap::ImageView::staticMetaObject'
[5.408s] /usr/bin/ld: ../../bin/librtabmap_gui.so.0.23.4: undefined reference to `rtabmap::PostProcessingDialog::intraSession() const'
[5.408s] /usr/bin/ld: ../../bin/librtabmap_gui.so.0.23.4: undefined reference to `rtabmap::EditDepthArea::setColorMap(uCvQtDepthColorMap)'
[5.408s] /usr/bin/ld: ../../bin/librtabmap_gui.so.0.23.4: undefined reference to `rtabmap::ExportDialog::isOdomExported() const'
[5.408s] /usr/bin/ld: ../../bin/librtabmap_gui.so.0.23.4: undefined reference to `rtabmap::LinkRefiningDialog::getLinkType() const'
[5.408s] /usr/bin/ld: ../../bin/librtabmap_gui.so.0.23.4: undefined reference to `rtabmap::MultiSessionLocSubView::clear()'
[5.411s] /usr/bin/ld: ../../bin/librtabmap_gui.so.0.23.4: undefined reference to `rtabmap::PostProcessingDialog::isRefineNeighborLinks() const'
[5.411s] /usr/bin/ld: ../../bin/librtabmap_gui.so.0.23.4: undefined reference to `rtabmap::MainWindow::odometryReceived(rtabmap::OdometryEvent const&, bool)'
[5.411s] /usr/bin/ld: ../../bin/librtabmap_gui.so.0.23.4: undefined reference to `rtabmap::PostProcessingDialog::saveSettings(QSettings&, QString const&) const'
[5.411s] /usr/bin/ld: ../../bin/librtabmap_gui.so.0.23.4: undefined reference to `rtabmap::EditMapArea::getModifiedMap() const'
[5.411s] /usr/bin/ld: ../../bin/librtabmap_gui.so.0.23.4: undefined reference to `rtabmap::ImageView::setBackgroundColor(QColor const&)'
[5.411s] /usr/bin/ld: ../../bin/librtabmap_gui.so.0.23.4: undefined reference to `rtabmap::ImageView::clear()'
[5.411s] /usr/bin/ld: ../../bin/librtabmap_gui.so.0.23.4: undefined reference to `rtabmap::CalibrationDialog::boardHeight() const'
[5.412s] /usr/bin/ld: ../../bin/librtabmap_gui.so.0.23.4: undefined reference to `rtabmap::DepthCalibrationDialog::staticMetaObject'
[5.412s] /usr/bin/ld: ../../bin/librtabmap_gui.so.0.23.4: undefined reference to `rtabmap::PostProcessingDialog::clusterAngle() const'
[5.412s] /usr/bin/ld: ../../bin/librtabmap_gui.so.0.23.4: undefined reference to `rtabmap::ImageView::setImageDepthShown(bool)'
[5.414s] /usr/bin/ld: ../../bin/librtabmap_gui.so.0.23.4: undefined reference to `rtabmap::LinkRefiningDialog::setMinMax(int, int, int, int)'
[5.414s] /usr/bin/ld: ../../bin/librtabmap_gui.so.0.23.4: undefined reference to `rtabmap::CalibrationDialog::staticMetaObject'
[5.414s] /usr/bin/ld: ../../bin/librtabmap_gui.so.0.23.4: undefined reference to `QMultiComboBox::itemData(int)'
[5.414s] /usr/bin/ld: ../../bin/librtabmap_gui.so.0.23.4: undefined reference to `UPlot::showLegend(bool)'
[5.417s] /usr/bin/ld: ../../bin/librtabmap_gui.so.0.23.4: undefined reference to `rtabmap::LoopClosureViewer::LoopClosureViewer(QWidget*)'
[5.418s] /usr/bin/ld: ../../bin/librtabmap_gui.so.0.23.4: undefined reference to `rtabmap::CalibrationDialog::CalibrationDialog(bool, QString const&, bool, QWidget*)'
[5.418s] /usr/bin/ld: ../../bin/librtabmap_gui.so.0.23.4: undefined reference to `rtabmap::ImageView::setFeatures(std::multimap<int, cv::KeyPoint, std::less<int>, std::allocator<std::pair<int const, cv::KeyPoint> > > const&, cv::Mat const&, QColor const&)'
[5.418s] /usr/bin/ld: ../../bin/librtabmap_gui.so.0.23.4: undefined reference to `rtabmap::PostProcessingDialog::isSBA() const'
[5.418s] /usr/bin/ld: ../../bin/librtabmap_gui.so.0.23.4: undefined reference to `rtabmap::ExportDialog::ExportDialog(QWidget*)'
[5.418s] /usr/bin/ld: ../../bin/librtabmap_gui.so.0.23.4: undefined reference to `rtabmap::ImageView::setSceneRect(QRectF const&)'
[5.418s] /usr/bin/ld: ../../bin/librtabmap_gui.so.0.23.4: undefined reference to `rtabmap::GraphViewer::configChanged()'
[5.418s] /usr/bin/ld: ../../bin/librtabmap_gui.so.0.23.4: undefined reference to `rtabmap::EditDepthArea::setImage(cv::Mat const&, cv::Mat const&)'
[5.418s] /usr/bin/ld: ../../bin/librtabmap_gui.so.0.23.4: undefined reference to `rtabmap::DatabaseViewer::staticMetaObject'
[5.419s] /usr/bin/ld: ../../bin/librtabmap_gui.so.0.23.4: undefined reference to `rtabmap::ImageView::getDepthColorMap() const'
[5.419s] /usr/bin/ld: ../../bin/librtabmap_gui.so.0.23.4: undefined reference to `UPlot::addCurve(QString const&, QColor const&)'
[5.419s] /usr/bin/ld: ../../bin/librtabmap_gui.so.0.23.4: undefined reference to `rtabmap::CloudViewerInteractorStyle::setOrthoMode(bool)'
[5.419s] /usr/bin/ld: ../../bin/librtabmap_gui.so.0.23.4: undefined reference to `QMultiComboBox::count()'
[5.419s] /usr/bin/ld: ../../bin/librtabmap_gui.so.0.23.4: undefined reference to `rtabmap::PreferencesDialog::settingsChanged(QFlags<rtabmap::PreferencesDialog::PanelFlag>)'
[5.419s] /usr/bin/ld: ../../bin/librtabmap_gui.so.0.23.4: undefined reference to `rtabmap::PostProcessingDialog::interSession() const'
[5.420s] /usr/bin/ld: ../../bin/librtabmap_gui.so.0.23.4: undefined reference to `rtabmap::CameraViewer::CameraViewer(QWidget*, std::map<std::__cxx11::basic_string<char, std::char_traits<char>, std::allocator<char> >, std::__cxx11::basic_string<char, std::char_traits<char>, std::allocator<char> >, std::less<std::__cxx11::basic_string<char, std::char_traits<char>, std::allocator<char> > >, std::allocator<std::pair<std::__cxx11::basic_string<char, std::char_traits<char>, std::allocator<char> > const, std::__cxx11::basic_string<char, std::char_traits<char>, std::allocator<char> > > > > const&)'
[5.420s] /usr/bin/ld: ../../bin/librtabmap_gui.so.0.23.4: undefined reference to `rtabmap::CameraViewer::setDecimation(int)'
[5.421s] /usr/bin/ld: ../../bin/librtabmap_gui.so.0.23.4: undefined reference to `UPlot::UPlot(QWidget*)'
[5.422s] /usr/bin/ld: ../../bin/librtabmap_gui.so.0.23.4: undefined reference to `rtabmap::StatsToolBox::addCurve(QString const&, bool, bool)'
[5.423s] /usr/bin/ld: ../../bin/librtabmap_gui.so.0.23.4: undefined reference to `rtabmap::ExportDialog::outputPath() const'
[5.423s] /usr/bin/ld: ../../bin/librtabmap_gui.so.0.23.4: undefined reference to `rtabmap::CloudViewer::configChanged()'
[5.423s] collect2: error: ld returned 1 exit status
[5.423s] /usr/bin/ld: ../../bin/librtabmap_gui.so.0.23.4: undefined reference to `rtabmap::AboutDialog::AboutDialog(QWidget*)'
[5.423s] /usr/bin/ld: ../../bin/librtabmap_gui.so.0.23.4: undefined reference to `rtabmap::CloudViewer::staticMetaObject'
[5.423s] /usr/bin/ld: ../../bin/librtabmap_gui.so.0.23.4: undefined reference to `rtabmap::CalibrationDialog::setProgressVisibility(bool)'
[5.423s] /usr/bin/ld: ../../bin/librtabmap_gui.so.0.23.4: undefined reference to `rtabmap::ImageView::addLine(float, float, float, float, QColor, QString const&)'
[5.428s] /usr/bin/ld: ../../bin/librtabmap_gui.so.0.23.4: undefined reference to `vtable for rtabmap::DepthCalibrationDialog'
[5.428s] /usr/bin/ld: ../../bin/librtabmap_gui.so.0.23.4: undefined reference to `rtabmap::ProgressDialog::setMaximumSteps(int)'
[5.428s] /usr/bin/ld: ../../bin/librtabmap_gui.so.0.23.4: undefined reference to `rtabmap::ExportDialog::sessionExported() const'
[5.428s] /usr/bin/ld: ../../bin/librtabmap_gui.so.0.23.4: undefined reference to `rtabmap::ProgressDialog::setCancelButtonVisible(bool)'
[5.428s] /usr/bin/ld: ../../bin/librtabmap_gui.so.0.23.4: undefined reference to `rtabmap::CalibrationDialog::setRationalModel()'
[5.428s] /usr/bin/ld: ../../bin/librtabmap_gui.so.0.23.4: undefined reference to `rtabmap::ExportCloudsDialog::staticMetaObject'
[5.428s] /usr/bin/ld: ../../bin/librtabmap_gui.so.0.23.4: undefined reference to `rtabmap::MainWindow::cameraInfoReceived(rtabmap::SensorCaptureInfo const&)'
[5.428s] /usr/bin/ld: ../../bin/librtabmap_gui.so.0.23.4: undefined reference to `rtabmap::ImageView::setFeaturesShown(bool)'
[5.428s] /usr/bin/ld: ../../bin/librtabmap_gui.so.0.23.4: undefined reference to `rtabmap::MainWindow::rtabmapEvent3DMapProcessed()'
[5.428s] /usr/bin/ld: ../../bin/librtabmap_gui.so.0.23.4: undefined reference to `UPlotCurve::addValue(double, double)'
[5.428s] /usr/bin/ld: ../../bin/librtabmap_gui.so.0.23.4: undefined reference to `rtabmap::EditConstraintDialog::setPoseGroupVisible(bool)'
[5.428s] /usr/bin/ld: ../../bin/librtabmap_gui.so.0.23.4: undefined reference to `rtabmap::ImageView::setImage(QImage const&, std::vector<rtabmap::CameraModel, std::allocator<rtabmap::CameraModel> > const&, rtabmap::Transform const&)'
[5.428s] /usr/bin/ld: ../../bin/librtabmap_gui.so.0.23.4: undefined reference to `rtabmap::LoopClosureViewer::setData(rtabmap::Signature const&, rtabmap::Signature const&)'
[5.429s] /usr/bin/ld: ../../bin/librtabmap_gui.so.0.23.4: undefined reference to `rtabmap::CalibrationDialog::processImages(cv::Mat const&, cv::Mat const&, QString const&)'
[5.429s] /usr/bin/ld: ../../bin/librtabmap_gui.so.0.23.4: undefined reference to `rtabmap::PostProcessingDialog::loadSettings(QSettings&, QString const&)'
[5.429s] /usr/bin/ld: ../../bin/librtabmap_gui.so.0.23.4: undefined reference to `rtabmap::ExportBundlerDialog::saveSettings(QSettings&, QString const&) const'
[5.430s] /usr/bin/ld: ../../bin/librtabmap_gui.so.0.23.4: undefined reference to `QMultiComboBox::SetDisplayText(QString)'
[5.434s] gmake[2]: *** [tools/OdometryViewer/CMakeFiles/odometryViewer.dir/build.make:189：bin/rtabmap-odometryViewer] 错误 1
[5.434s] /usr/bin/ld: ../../bin/librtabmap_gui.so.0.23.4: undefined reference to `rtabmap::MultiSessionLocSubView::MultiSessionLocSubView(rtabmap::ImageView*, int, QWidget*)'
[5.434s] gmake[1]: *** [CMakeFiles/Makefile2:1522：tools/OdometryViewer/CMakeFiles/odometryViewer.dir/all] 错误 2
[5.434s] gmake[1]: *** 正在等待未完成的任务....
[5.435s] /usr/bin/ld: ../../bin/librtabmap_gui.so.0.23.4: undefined reference to `rtabmap::ImageView::loadSettings(QSettings&, QString const&)'
[5.435s] /usr/bin/ld: ../../bin/librtabmap_gui.so.0.23.4: undefined reference to `rtabmap::ImageView::setFeaturesColor(QColor)'
[5.435s] /usr/bin/ld: ../../bin/librtabmap_gui.so.0.23.4: undefined reference to `vtable for rtabmap::PreferencesDialog'
[5.436s] /usr/bin/ld: ../../bin/librtabmap_gui.so.0.23.4: undefined reference to `rtabmap::EditConstraintDialog::getCovariance() const'
[5.439s] /usr/bin/ld: ../../bin/librtabmap_gui.so.0.23.4: undefined reference to `rtabmap::PostProcessingDialog::isDetectMoreLoopClosures() const'
[5.439s] /usr/bin/ld: ../../bin/librtabmap_gui.so.0.23.4: undefined reference to `rtabmap::CloudViewerCellPicker::New()'
[5.439s] /usr/bin/ld: ../../bin/librtabmap_gui.so.0.23.4: undefined reference to `rtabmap::EditDepthArea::getModifiedImage() const'
[5.439s] /usr/bin/ld: ../../bin/librtabmap_gui.so.0.23.4: undefined reference to `UPlotCurve::UPlotCurve(QString const&, QVector<double> const&, QVector<double> const&, QObject*)'
[5.439s] /usr/bin/ld: ../../bin/librtabmap_gui.so.0.23.4: undefined reference to `rtabmap::PostProcessingDialog::isRefineLoopClosureLinks() const'
[5.439s] /usr/bin/ld: ../../bin/librtabmap_gui.so.0.23.4: undefined reference to `rtabmap::MainWindow::rtabmapEventInitReceived(int, QString const&)'
[5.439s] /usr/bin/ld: ../../bin/librtabmap_gui.so.0.23.4: undefined reference to `rtabmap::CalibrationDialog::squareSize() const'
[5.439s] /usr/bin/ld: ../../bin/librtabmap_gui.so.0.23.4: undefined reference to `rtabmap::vtkImageMatSource::New()'
[5.440s] /usr/bin/ld: ../../bin/librtabmap_gui.so.0.23.4: undefined reference to `rtabmap::MapVisibilityWidget::getVisiblePoses() const'
[5.441s] /usr/bin/ld: ../../bin/librtabmap_gui.so.0.23.4: undefined reference to `rtabmap::MainWindow::statsReceived(rtabmap::Statistics const&)'
[5.442s] /usr/bin/ld: ../../bin/librtabmap_gui.so.0.23.4: undefined reference to `rtabmap::MainWindow::mappingModeChanged(bool)'
[5.442s] /usr/bin/ld: ../../bin/librtabmap_gui.so.0.23.4: undefined reference to `vtable for rtabmap::DatabaseViewer'
[5.442s] /usr/bin/ld: ../../bin/librtabmap_gui.so.0.23.4: undefined reference to `vtable for rtabmap::RecoveryState'
[5.469s] /usr/bin/ld: ../../bin/librtabmap_gui.so.0.23.4: undefined reference to `vtable for rtabmap::GraphViewer'
[5.469s] /usr/bin/ld: ../../bin/librtabmap_gui.so.0.23.4: undefined reference to `rtabmap::EditConstraintDialog::EditConstraintDialog(rtabmap::Transform const&, cv::Mat const&, QWidget*)'
[5.469s] /usr/bin/ld: ../../bin/librtabmap_gui.so.0.23.4: undefined reference to `rtabmap::StatsToolBox::setWorkingDirectory(QString const&)'
[5.469s] /usr/bin/ld: ../../bin/librtabmap_gui.so.0.23.4: undefined reference to `rtabmap::ExportBundlerDialog::ExportBundlerDialog(QWidget*)'
[5.469s] /usr/bin/ld: ../../bin/librtabmap_gui.so.0.23.4: undefined reference to `rtabmap::CalibrationDialog::setFisheyeModel()'
[5.469s] /usr/bin/ld: ../../bin/librtabmap_gui.so.0.23.4: undefined reference to `UPlot::addThreshold(QString const&, double, Qt::Orientation)'
[5.469s] /usr/bin/ld: ../../bin/librtabmap_gui.so.0.23.4: undefined reference to `rtabmap::PostProcessingDialog::PostProcessingDialog(QWidget*)'
[5.470s] /usr/bin/ld: ../../bin/librtabmap_gui.so.0.23.4: undefined reference to `rtabmap::MultiSessionLocSubView::updateView(int, QImage const&, std::multimap<int, cv::KeyPoint, std::less<int>, std::allocator<std::pair<int const, cv::KeyPoint> > > const&, float, QColor const&)'
[5.470s] /usr/bin/ld: ../../bin/librtabmap_gui.so.0.23.4: undefined reference to `rtabmap::ProgressDialog::maximumSteps() const'
[5.470s] /usr/bin/ld: ../../bin/librtabmap_gui.so.0.23.4: undefined reference to `rtabmap::LinkRefiningDialog::isRangeByNodeId() const'
[5.470s] /usr/bin/ld: ../../bin/librtabmap_gui.so.0.23.4: undefined reference to `rtabmap::ImageView::addFeature(int, cv::KeyPoint const&, float, QColor)'
[5.470s] /usr/bin/ld: ../../bin/librtabmap_gui.so.0.23.4: undefined reference to `QMultiComboBox::QMultiComboBox(QWidget*)'
[5.470s] /usr/bin/ld: ../../bin/librtabmap_gui.so.0.23.4: undefined reference to `rtabmap::LinkRefiningDialog::getRangeNodeId(int&, int&) const'
[5.471s] /usr/bin/ld: ../../bin/librtabmap_gui.so.0.23.4: undefined reference to `rtabmap::CalibrationDialog::loadSettings(QSettings&, QString const&)'
[5.475s] /usr/bin/ld: ../../bin/librtabmap_gui.so.0.23.4: undefined reference to `rtabmap::MainWindow::odometryProcessed()'
[5.475s] /usr/bin/ld: ../../bin/librtabmap_gui.so.0.23.4: undefined reference to `rtabmap::PostProcessingDialog::sbaIterations() const'
[5.476s] /usr/bin/ld: ../../bin/librtabmap_gui.so.0.23.4: undefined reference to `rtabmap::CalibrationDialog::saveSettings(QSettings&, QString const&) const'
[5.476s] /usr/bin/ld: ../../bin/librtabmap_gui.so.0.23.4: undefined reference to `rtabmap::StatsToolBox::StatsToolBox(QWidget*)'
[5.476s] /usr/bin/ld: ../../bin/librtabmap_gui.so.0.23.4: undefined reference to `rtabmap::MainWindow::cameraInfoProcessed()'
[5.476s] /usr/bin/ld: ../../bin/librtabmap_gui.so.0.23.4: undefined reference to `rtabmap::CreateSimpleCalibrationDialog::CreateSimpleCalibrationDialog(QString const&, QString const&, QWidget*)'
[5.476s] /usr/bin/ld: ../../bin/librtabmap_gui.so.0.23.4: undefined reference to `rtabmap::LinkRefiningDialog::getIntraInterSessions(bool&, bool&) const'
[5.476s] /usr/bin/ld: ../../bin/librtabmap_gui.so.0.23.4: undefined reference to `rtabmap::ImageView::setImageDepth(cv::Mat const&, cv::Mat const&)'
[5.476s] /usr/bin/ld: ../../bin/librtabmap_gui.so.0.23.4: undefined reference to `rtabmap::CalibrationDialog::setCameraName(QString const&)'
[5.476s] /usr/bin/ld: ../../bin/librtabmap_gui.so.0.23.4: undefined reference to `rtabmap::ExportDialog::isUserDataExported() const'
[5.476s] /usr/bin/ld: ../../bin/librtabmap_gui.so.0.23.4: undefined reference to `rtabmap::StatsToolBox::addThreshold(QString const&, double)'
[5.476s] /usr/bin/ld: ../../bin/librtabmap_gui.so.0.23.4: undefined reference to `rtabmap::StatsToolBox::getFiguresSetup(QList<int>&, QStringList&, QStringList&)'
[5.476s] /usr/bin/ld: ../../bin/librtabmap_gui.so.0.23.4: undefined reference to `rtabmap::MainWindow::statsProcessed()'
[5.476s] /usr/bin/ld: ../../bin/librtabmap_gui.so.0.23.4: undefined reference to `rtabmap::CloudViewerInteractorStyle::New()'
[5.479s] /usr/bin/ld: ../../bin/librtabmap_gui.so.0.23.4: undefined reference to `rtabmap::ImageView::isImageDepthShown() const'
[5.480s] /usr/bin/ld: ../../bin/librtabmap_gui.so.0.23.4: undefined reference to `rtabmap::ExportDialog::isDepthExported() const'
[5.480s] /usr/bin/ld: ../../bin/librtabmap_gui.so.0.23.4: undefined reference to `rtabmap::MainWindow::detectionRateChanged(double)'
[5.480s] /usr/bin/ld: ../../bin/librtabmap_gui.so.0.23.4: undefined reference to `UPlot::setFixedYAxis(double, double)'
[5.480s] /usr/bin/ld: ../../bin/librtabmap_gui.so.0.23.4: undefined reference to `rtabmap::ExportDialog::targetFramerate() const'
[5.480s] /usr/bin/ld: ../../bin/librtabmap_gui.so.0.23.4: undefined reference to `QMultiComboBox::addItem(QString const&, QVariant const&)'
[5.480s] /usr/bin/ld: ../../bin/librtabmap_gui.so.0.23.4: undefined reference to `rtabmap::PreferencesDialog::settingsChanged(std::map<std::__cxx11::basic_string<char, std::char_traits<char>, std::allocator<char> >, std::__cxx11::basic_string<char, std::char_traits<char>, std::allocator<char> >, std::less<std::__cxx11::basic_string<char, std::char_traits<char>, std::allocator<char> > >, std::allocator<std::pair<std::__cxx11::basic_string<char, std::char_traits<char>, std::allocator<char> > const, std::__cxx11::basic_string<char, std::char_traits<char>, std::allocator<char> > > > >)'
[5.480s] /usr/bin/ld: ../../bin/librtabmap_gui.so.0.23.4: undefined reference to `rtabmap::EditConstraintDialog::getTransform() const'
[5.480s] /usr/bin/ld: ../../bin/librtabmap_gui.so.0.23.4: undefined reference to `rtabmap::ExportBundlerDialog::exportBundler(std::map<int, rtabmap::Transform, std::less<int>, std::allocator<std::pair<int const, rtabmap::Transform> > >&, std::multimap<int, rtabmap::Link, std::less<int>, std::allocator<std::pair<int const, rtabmap::Link> > > const&, QMap<int, rtabmap::Signature> const&, std::map<std::__cxx11::basic_string<char, std::char_traits<char>, std::allocator<char> >, std::__cxx11::basic_string<char, std::char_traits<char>, std::allocator<char> >, std::less<std::__cxx11::basic_string<char, std::char_traits<char>, std::allocator<char> > >, std::allocator<std::pair<std::__cxx11::basic_string<char, std::char_traits<char>, std::allocator<char> > const, std::__cxx11::basic_string<char, std::char_traits<char>, std::allocator<char> > > > > const&)'
[5.480s] /usr/bin/ld: ../../bin/librtabmap_gui.so.0.23.4: undefined reference to `rtabmap::EditDepthArea::EditDepthArea(QWidget*)'
[5.480s] /usr/bin/ld: ../../bin/librtabmap_gui.so.0.23.4: undefined reference to `rtabmap::MainWindow::rtabmapGoalStatusEventReceived(int)'
[5.480s] /usr/bin/ld: ../../bin/librtabmap_gui.so.0.23.4: undefined reference to `rtabmap::ImageView::setFeatureColor(int, QColor)'
[5.480s] /usr/bin/ld: ../../bin/librtabmap_gui.so.0.23.4: undefined reference to `rtabmap::StatsToolBox::closeFigures()'
[5.481s] /usr/bin/ld: ../../bin/librtabmap_gui.so.0.23.4: undefined reference to `rtabmap::GraphViewer::linkSelected(int, int)'
[5.481s] /usr/bin/ld: ../../bin/librtabmap_gui.so.0.23.4: undefined reference to `rtabmap::ProgressDialog::clear()'
[5.481s] /usr/bin/ld: ../../bin/librtabmap_gui.so.0.23.4: undefined reference to `rtabmap::ProgressDialog::resetProgress()'
[5.481s] /usr/bin/ld: ../../bin/librtabmap_gui.so.0.23.4: undefined reference to `UPlot::removeCurves()'
[5.481s] /usr/bin/ld: ../../bin/librtabmap_gui.so.0.23.4: undefined reference to `rtabmap::ImageView::setLinesShown(bool)'
[5.481s] /usr/bin/ld: ../../bin/librtabmap_gui.so.0.23.4: undefined reference to `rtabmap::StatsToolBox::updateStat(QString const&, double, double, bool)'
[5.481s] /usr/bin/ld: ../../bin/librtabmap_gui.so.0.23.4: undefined reference to `rtabmap::ProgressDialog::incrementStep(int)'
[5.481s] /usr/bin/ld: ../../bin/librtabmap_gui.so.0.23.4: undefined reference to `rtabmap::MainWindow::rtabmapGlobalPathEventReceived(rtabmap::RtabmapGlobalPathEvent const&)'
[5.481s] /usr/bin/ld: ../../bin/librtabmap_gui.so.0.23.4: undefined reference to `rtabmap::DataRecorder::~DataRecorder()'
[5.481s] /usr/bin/ld: ../../bin/librtabmap_gui.so.0.23.4: undefined reference to `QMultiComboBox::setItemChecked(int, bool)'
[5.481s] /usr/bin/ld: ../../bin/librtabmap_gui.so.0.23.4: undefined reference to `rtabmap::MainWindow::stateChanged(rtabmap::MainWindow::State)'
[5.481s] /usr/bin/ld: ../../bin/librtabmap_gui.so.0.23.4: undefined reference to `rtabmap::DataRecorder::addData(rtabmap::SensorData const&, rtabmap::Transform const&, cv::Mat const&)'
[5.481s] /usr/bin/ld: ../../bin/librtabmap_gui.so.0.23.4: undefined reference to `rtabmap::GraphViewer::staticMetaObject'
[5.482s] /usr/bin/ld: ../../bin/librtabmap_gui.so.0.23.4: undefined reference to `rtabmap::PostProcessingDialog::iterations() const'
[5.482s] /usr/bin/ld: ../../bin/librtabmap_gui.so.0.23.4: undefined reference to `rtabmap::ImageView::getDefaultMatchingFeatureColor() const'
[5.482s] /usr/bin/ld: ../../bin/librtabmap_gui.so.0.23.4: undefined reference to `rtabmap::EditMapArea::EditMapArea(QWidget*)'
[5.482s] /usr/bin/ld: ../../bin/librtabmap_gui.so.0.23.4: undefined reference to `rtabmap::MainWindow::noMoreImagesReceived()'
[5.482s] /usr/bin/ld: ../../bin/librtabmap_gui.so.0.23.4: undefined reference to `rtabmap::ConsoleWidget::ConsoleWidget(QWidget*)'
[5.482s] /usr/bin/ld: ../../bin/librtabmap_gui.so.0.23.4: undefined reference to `vtable for rtabmap::ParametersToolBox'
[5.482s] /usr/bin/ld: ../../bin/librtabmap_gui.so.0.23.4: undefined reference to `rtabmap::EditMapArea::setMap(cv::Mat const&)'
[5.482s] /usr/bin/ld: ../../bin/librtabmap_gui.so.0.23.4: undefined reference to `rtabmap::ExportBundlerDialog::staticMetaObject'
[5.485s] /usr/bin/ld: ../../bin/librtabmap_gui.so.0.23.4: undefined reference to `rtabmap::PreferencesDialog::staticMetaObject'
[5.485s] /usr/bin/ld: ../../bin/librtabmap_gui.so.0.23.4: undefined reference to `rtabmap::ImageView::ImageView(QWidget*)'
[5.486s] /usr/bin/ld: ../../bin/librtabmap_gui.so.0.23.4: undefined reference to `rtabmap::MainWindow::staticMetaObject'
[5.486s] /usr/bin/ld: ../../bin/librtabmap_gui.so.0.23.4: undefined reference to `rtabmap::CalibrationDialog::setSwitchedImages(bool)'
[5.486s] /usr/bin/ld: ../../bin/librtabmap_gui.so.0.23.4: undefined reference to `rtabmap::CalibrationDialog::setSquareSize(double)'
[5.486s] /usr/bin/ld: ../../bin/librtabmap_gui.so.0.23.4: undefined reference to `rtabmap::StatsToolBox::clear()'
[5.486s] /usr/bin/ld: ../../bin/librtabmap_gui.so.0.23.4: undefined reference to `rtabmap::CalibrationDialog::setStereoMode(bool, QString const&, QString const&)'
[5.486s] /usr/bin/ld: ../../bin/librtabmap_gui.so.0.23.4: undefined reference to `rtabmap::ImageView::setFeatures(std::vector<cv::KeyPoint, std::allocator<cv::KeyPoint> > const&, cv::Mat const&, QColor const&)'
[5.486s] /usr/bin/ld: ../../bin/librtabmap_gui.so.0.23.4: undefined reference to `rtabmap::ImageView::getDefaultMatchingLineColor() const'
[5.486s] /usr/bin/ld: ../../bin/librtabmap_gui.so.0.23.4: undefined reference to `rtabmap::GraphViewer::nodeSelected(int)'
[5.486s] /usr/bin/ld: ../../bin/librtabmap_gui.so.0.23.4: undefined reference to `rtabmap::CalibrationDialog::stereoCalibration(rtabmap::CameraModel const&, rtabmap::CameraModel const&, bool, QTextStream*) const'
[5.486s] /usr/bin/ld: ../../bin/librtabmap_gui.so.0.23.4: undefined reference to `vtable for rtabmap::ExportCloudsDialog'
[5.486s] /usr/bin/ld: ../../bin/librtabmap_gui.so.0.23.4: undefined reference to `rtabmap::ExportBundlerDialog::setWorkingDirectory(QString const&)'
[5.486s] /usr/bin/ld: ../../bin/librtabmap_gui.so.0.23.4: undefined reference to `rtabmap::ExportDialog::isRgbExported() const'
[5.486s] /usr/bin/ld: ../../bin/librtabmap_gui.so.0.23.4: undefined reference to `rtabmap::PostProcessingDialog::sbaVariance() const'
[5.486s] /usr/bin/ld: ../../bin/librtabmap_gui.so.0.23.4: undefined reference to `rtabmap::EditConstraintDialog::~EditConstraintDialog()'
[5.486s] /usr/bin/ld: ../../bin/librtabmap_gui.so.0.23.4: undefined reference to `rtabmap::DataRecorder::init(QString const&, bool)'
[5.486s] /usr/bin/ld: ../../bin/librtabmap_gui.so.0.23.4: undefined reference to `vtable for rtabmap::MultiSessionLocWidget'
[5.486s] /usr/bin/ld: ../../bin/librtabmap_gui.so.0.23.4: undefined reference to `rtabmap::ParametersToolBox::staticMetaObject'
[5.486s] /usr/bin/ld: ../../bin/librtabmap_gui.so.0.23.4: undefined reference to `vtable for rtabmap::TexturingState'
[5.486s] /usr/bin/ld: ../../bin/librtabmap_gui.so.0.23.4: undefined reference to `rtabmap::CalibrationDialog::resetSettings()'
[5.486s] /usr/bin/ld: ../../bin/librtabmap_gui.so.0.23.4: undefined reference to `rtabmap::ImageView::clearLines()'
[5.486s] /usr/bin/ld: ../../bin/librtabmap_gui.so.0.23.4: undefined reference to `rtabmap::GraphViewer::mapShownRequested()'
[5.486s] /usr/bin/ld: ../../bin/librtabmap_gui.so.0.23.4: undefined reference to `QMultiComboBox::itemText(int)'
[5.486s] /usr/bin/ld: ../../bin/librtabmap_gui.so.0.23.4: undefined reference to `rtabmap::ImageView::clearFeatures()'
[5.487s] /usr/bin/ld: ../../bin/librtabmap_gui.so.0.23.4: undefined reference to `rtabmap::DataRecorder::DataRecorder(QWidget*)'
[5.487s] /usr/bin/ld: ../../bin/librtabmap_gui.so.0.23.4: undefined reference to `rtabmap::PostProcessingDialog::staticMetaObject'
[5.487s] /usr/bin/ld: ../../bin/librtabmap_gui.so.0.23.4: undefined reference to `rtabmap::MapVisibilityWidget::clear()'
[5.487s] /usr/bin/ld: ../../bin/librtabmap_gui.so.0.23.4: undefined reference to `rtabmap::ExportDialog::isDepth2dExported() const'
[5.487s] /usr/bin/ld: ../../bin/librtabmap_gui.so.0.23.4: undefined reference to `rtabmap::PdfPlotCurve::PdfPlotCurve(QString const&, QMap<int, rtabmap::Signature> const*, QObject*)'
[5.487s] /usr/bin/ld: ../../bin/librtabmap_gui.so.0.23.4: undefined reference to `vtable for rtabmap::MainWindow'
[5.487s] /usr/bin/ld: ../../bin/librtabmap_gui.so.0.23.4: undefined reference to `rtabmap::CalibrationDialog::setBoardWidth(int)'
[5.487s] /usr/bin/ld: ../../bin/librtabmap_gui.so.0.23.4: undefined reference to `rtabmap::ProgressDialog::ProgressDialog(QWidget*, QFlags<Qt::WindowType>)'
[5.487s] /usr/bin/ld: ../../bin/librtabmap_gui.so.0.23.4: undefined reference to `rtabmap::PdfPlotCurve::setData(QMap<int, float> const&, QMap<int, int> const&)'
[5.487s] /usr/bin/ld: ../../bin/librtabmap_gui.so.0.23.4: undefined reference to `rtabmap::MainWindow::imgRateChanged(double)'
[5.487s] /usr/bin/ld: ../../bin/librtabmap_gui.so.0.23.4: undefined reference to `rtabmap::ImageView::isLinesShown() const'
[5.487s] /usr/bin/ld: ../../bin/librtabmap_gui.so.0.23.4: undefined reference to `rtabmap::StatsToolBox::updateStat(QString const&, std::vector<double, std::allocator<double> > const&, std::vector<double, std::allocator<double> > const&, bool)'
[5.487s] /usr/bin/ld: ../../bin/librtabmap_gui.so.0.23.4: undefined reference to `rtabmap::ImageView::viewScale() const'
[5.487s] /usr/bin/ld: ../../bin/librtabmap_gui.so.0.23.4: undefined reference to `rtabmap::ProgressDialog::setValue(int)'
[5.487s] /usr/bin/ld: ../../bin/librtabmap_gui.so.0.23.4: undefined reference to `rtabmap::ImageView::setAlpha(int)'
[5.487s] /usr/bin/ld: ../../bin/librtabmap_gui.so.0.23.4: undefined reference to `rtabmap::ImageView::saveSettings(QSettings&, QString const&) const'
[5.487s] /usr/bin/ld: ../../bin/librtabmap_gui.so.0.23.4: undefined reference to `rtabmap::MapVisibilityWidget::MapVisibilityWidget(QWidget*)'
[5.487s] /usr/bin/ld: ../../bin/librtabmap_gui.so.0.23.4: undefined reference to `rtabmap::PostProcessingDialog::sbaRematchFeatures() const'
[5.488s] /usr/bin/ld: ../../bin/librtabmap_gui.so.0.23.4: undefined reference to `rtabmap::ImageView::sceneRect() const'
[5.488s] /usr/bin/ld: ../../bin/librtabmap_gui.so.0.23.4: undefined reference to `rtabmap::ParametersToolBox::parametersChanged(QStringList const&)'
[5.488s] /usr/bin/ld: ../../bin/librtabmap_gui.so.0.23.4: undefined reference to `rtabmap::CalibrationDialog::boardWidth() const'
[5.488s] /usr/bin/ld: ../../bin/librtabmap_gui.so.0.23.4: undefined reference to `rtabmap::ExportBundlerDialog::loadSettings(QSettings&, QString const&)'
[5.488s] /usr/bin/ld: ../../bin/librtabmap_gui.so.0.23.4: undefined reference to `rtabmap::LinkRefiningDialog::isRangeByMapId() const'
[5.488s] /usr/bin/ld: ../../bin/librtabmap_gui.so.0.23.4: undefined reference to `rtabmap::LoopClosureViewer::updateView(rtabmap::Transform const&, std::map<std::__cxx11::basic_string<char, std::char_traits<char>, std::allocator<char> >, std::__cxx11::basic_string<char, std::char_traits<char>, std::allocator<char> >, std::less<std::__cxx11::basic_string<char, std::char_traits<char>, std::allocator<char> > >, std::allocator<std::pair<std::__cxx11::basic_string<char, std::char_traits<char>, std::allocator<char> > const, std::__cxx11::basic_string<char, std::char_traits<char>, std::allocator<char> > > > > const&)'
[5.488s] /usr/bin/ld: ../../bin/librtabmap_gui.so.0.23.4: undefined reference to `rtabmap::ExportDialog::~ExportDialog()'
[5.488s] /usr/bin/ld: ../../bin/librtabmap_gui.so.0.23.4: undefined reference to `rtabmap::ImageView::getDefaultFeatureColor() const'
[5.488s] /usr/bin/ld: ../../bin/librtabmap_gui.so.0.23.4: undefined reference to `rtabmap::ProgressDialog::~ProgressDialog()'
[5.488s] /usr/bin/ld: ../../bin/librtabmap_gui.so.0.23.4: undefined reference to `rtabmap::StatsToolBox::updateStat(QString const&, double, bool)'
[5.488s] /usr/bin/ld: ../../bin/librtabmap_gui.so.0.23.4: undefined reference to `QMultiComboBox::clear()'
[5.488s] /usr/bin/ld: ../../bin/librtabmap_gui.so.0.23.4: undefined reference to `rtabmap::MainWindow::rtabmapEvent3DMapReceived(rtabmap::RtabmapEvent3DMap const&)'
[5.488s] /usr/bin/ld: ../../bin/librtabmap_gui.so.0.23.4: undefined reference to `vtable for rtabmap::CloudViewer'
[5.489s] /usr/bin/ld: ../../bin/librtabmap_gui.so.0.23.4: undefined reference to `rtabmap::ImageView::getDefaultBackgroundColor() const'
[5.489s] /usr/bin/ld: ../../bin/librtabmap_gui.so.0.23.4: undefined reference to `rtabmap::ImageView::isFeaturesShown() const'
[5.489s] /usr/bin/ld: ../../bin/librtabmap_gui.so.0.23.4: undefined reference to `rtabmap::PostProcessingDialog::clusterRadius() const'
[5.489s] /usr/bin/ld: ../../bin/librtabmap_gui.so.0.23.4: undefined reference to `rtabmap::StatItem::staticMetaObject'
[5.489s] /usr/bin/ld: ../../bin/librtabmap_gui.so.0.23.4: undefined reference to `qInitResources_GuiLib()'
[5.489s] /usr/bin/ld: ../../bin/librtabmap_gui.so.0.23.4: undefined reference to `rtabmap::ProgressDialog::appendText(QString const&, QColor const&)'
[5.489s] /usr/bin/ld: ../../bin/librtabmap_gui.so.0.23.4: undefined reference to `rtabmap::ConsoleWidget::appendMsg(QString const&, int)'
[5.489s] /usr/bin/ld: ../../bin/librtabmap_gui.so.0.23.4: undefined reference to `rtabmap::MainWindow::timeLimitChanged(float)'
[5.489s] /usr/bin/ld: ../../bin/librtabmap_gui.so.0.23.4: undefined reference to `rtabmap::ExportDialog::framesIgnored() const'
[5.489s] /usr/bin/ld: ../../bin/librtabmap_gui.so.0.23.4: undefined reference to `rtabmap::MapVisibilityWidget::setMap(std::map<int, rtabmap::Transform, std::less<int>, std::allocator<std::pair<int const, rtabmap::Transform> > > const&, std::map<int, bool, std::less<int>, std::allocator<std::pair<int const, bool> > > const&)'
[5.489s] /usr/bin/ld: ../../bin/librtabmap_gui.so.0.23.4: undefined reference to `rtabmap::StatsToolBox::updateStat(QString const&, bool)'
[5.489s] /usr/bin/ld: ../../bin/librtabmap_gui.so.0.23.4: undefined reference to `rtabmap::MainWindow::loopClosureThrChanged(double)'
[5.489s] /usr/bin/ld: ../../bin/librtabmap_gui.so.0.23.4: undefined reference to `rtabmap::CalibrationDialog::setBoardHeight(int)'
[5.490s] /usr/bin/ld: ../../bin/librtabmap_gui.so.0.23.4: undefined reference to `rtabmap::MainWindow::rtabmapLabelErrorReceived(int, QString const&)'
[5.490s] /usr/bin/ld: ../../bin/librtabmap_gui.so.0.23.4: undefined reference to `rtabmap::vtkImageMatSource::SetImage(cv::_InputArray const&)'
[5.490s] /usr/bin/ld: ../../bin/librtabmap_gui.so.0.23.4: undefined reference to `UPlot::addCurve(UPlotCurve*, bool)'
[5.490s] /usr/bin/ld: ../../bin/librtabmap_gui.so.0.23.4: undefined reference to `rtabmap::LinkRefiningDialog::LinkRefiningDialog(QWidget*)'
[5.490s] /usr/bin/ld: ../../bin/librtabmap_gui.so.0.23.4: undefined reference to `rtabmap::OdometryViewer::OdometryViewer(int, int, float, float, int, QWidget*, std::map<std::__cxx11::basic_string<char, std::char_traits<char>, std::allocator<char> >, std::__cxx11::basic_string<char, std::char_traits<char>, std::allocator<char> >, std::less<std::__cxx11::basic_string<char, std::char_traits<char>, std::allocator<char> > >, std::allocator<std::pair<std::__cxx11::basic_string<char, std::char_traits<char>, std::allocator<char> > const, std::__cxx11::basic_string<char, std::char_traits<char>, std::allocator<char> > > > > const&)'
[5.490s] /usr/bin/ld: ../../bin/librtabmap_gui.so.0.23.4: undefined reference to `rtabmap::PostProcessingDialog::sbaType() const'
[5.492s] /usr/bin/ld: ../../bin/librtabmap_gui.so.0.23.4: undefined reference to `rtabmap::ProgressDialog::setAutoClose(bool, int)'
[5.492s] /usr/bin/ld: ../../bin/librtabmap_gui.so.0.23.4: undefined reference to `QMultiComboBox::setCurrentIndex(int)'
[5.492s] /usr/bin/ld: ../../bin/librtabmap_gui.so.0.23.4: undefined reference to `rtabmap::ImageView::setImageShown(bool)'
[5.492s] /usr/bin/ld: ../../bin/librtabmap_gui.so.0.23.4: undefined reference to `rtabmap::ImageView::isImageShown() const'
[5.492s] /usr/bin/ld: ../../bin/librtabmap_gui.so.0.23.4: undefined reference to `rtabmap::ImageView::staticMetaObject'
[5.492s] /usr/bin/ld: ../../bin/librtabmap_gui.so.0.23.4: undefined reference to `rtabmap::PostProcessingDialog::intraSession() const'
[5.493s] /usr/bin/ld: ../../bin/librtabmap_gui.so.0.23.4: undefined reference to `rtabmap::EditDepthArea::setColorMap(uCvQtDepthColorMap)'
[5.493s] /usr/bin/ld: ../../bin/librtabmap_gui.so.0.23.4: undefined reference to `rtabmap::ExportDialog::isOdomExported() const'
[5.493s] /usr/bin/ld: ../../bin/librtabmap_gui.so.0.23.4: undefined reference to `rtabmap::LinkRefiningDialog::getLinkType() const'
[5.493s] /usr/bin/ld: ../../bin/librtabmap_gui.so.0.23.4: undefined reference to `rtabmap::MultiSessionLocSubView::clear()'
[5.493s] /usr/bin/ld: ../../bin/librtabmap_gui.so.0.23.4: undefined reference to `rtabmap::PostProcessingDialog::isRefineNeighborLinks() const'
[5.493s] /usr/bin/ld: ../../bin/librtabmap_gui.so.0.23.4: undefined reference to `rtabmap::MainWindow::odometryReceived(rtabmap::OdometryEvent const&, bool)'
[5.493s] /usr/bin/ld: ../../bin/librtabmap_gui.so.0.23.4: undefined reference to `rtabmap::PostProcessingDialog::saveSettings(QSettings&, QString const&) const'
[5.493s] /usr/bin/ld: ../../bin/librtabmap_gui.so.0.23.4: undefined reference to `rtabmap::EditMapArea::getModifiedMap() const'
[5.493s] /usr/bin/ld: ../../bin/librtabmap_gui.so.0.23.4: undefined reference to `rtabmap::ImageView::setBackgroundColor(QColor const&)'
[5.493s] /usr/bin/ld: ../../bin/librtabmap_gui.so.0.23.4: undefined reference to `rtabmap::ImageView::clear()'
[5.493s] /usr/bin/ld: ../../bin/librtabmap_gui.so.0.23.4: undefined reference to `rtabmap::CalibrationDialog::boardHeight() const'
[5.493s] /usr/bin/ld: ../../bin/librtabmap_gui.so.0.23.4: undefined reference to `rtabmap::DepthCalibrationDialog::staticMetaObject'
[5.494s] /usr/bin/ld: ../../bin/librtabmap_gui.so.0.23.4: undefined reference to `rtabmap::PostProcessingDialog::clusterAngle() const'
[5.494s] /usr/bin/ld: ../../bin/librtabmap_gui.so.0.23.4: undefined reference to `rtabmap::ImageView::setImageDepthShown(bool)'
[5.495s] /usr/bin/ld: ../../bin/librtabmap_gui.so.0.23.4: undefined reference to `rtabmap::LinkRefiningDialog::setMinMax(int, int, int, int)'
[5.495s] /usr/bin/ld: ../../bin/librtabmap_gui.so.0.23.4: undefined reference to `rtabmap::CalibrationDialog::staticMetaObject'
[5.495s] /usr/bin/ld: ../../bin/librtabmap_gui.so.0.23.4: undefined reference to `QMultiComboBox::itemData(int)'
[5.496s] /usr/bin/ld: ../../bin/librtabmap_gui.so.0.23.4: undefined reference to `UPlot::showLegend(bool)'
[5.499s] /usr/bin/ld: ../../bin/librtabmap_gui.so.0.23.4: undefined reference to `rtabmap::LoopClosureViewer::LoopClosureViewer(QWidget*)'
[5.499s] /usr/bin/ld: ../../bin/librtabmap_gui.so.0.23.4: undefined reference to `rtabmap::CalibrationDialog::CalibrationDialog(bool, QString const&, bool, QWidget*)'
[5.499s] /usr/bin/ld: ../../bin/librtabmap_gui.so.0.23.4: undefined reference to `rtabmap::ImageView::setFeatures(std::multimap<int, cv::KeyPoint, std::less<int>, std::allocator<std::pair<int const, cv::KeyPoint> > > const&, cv::Mat const&, QColor const&)'
[5.499s] /usr/bin/ld: ../../bin/librtabmap_gui.so.0.23.4: undefined reference to `rtabmap::PostProcessingDialog::isSBA() const'
[5.499s] /usr/bin/ld: ../../bin/librtabmap_gui.so.0.23.4: undefined reference to `rtabmap::ExportDialog::ExportDialog(QWidget*)'
[5.500s] /usr/bin/ld: ../../bin/librtabmap_gui.so.0.23.4: undefined reference to `rtabmap::ImageView::setSceneRect(QRectF const&)'
[5.502s] /usr/bin/ld: ../../bin/librtabmap_gui.so.0.23.4: undefined reference to `rtabmap::GraphViewer::configChanged()'
[5.502s] /usr/bin/ld: ../../bin/librtabmap_gui.so.0.23.4: undefined reference to `/usr/bin/ldrtabmap::EditDepthArea::setImage(cv::Mat const&, cv::Mat const&)'
[5.503s] : ../../bin/librtabmap_gui.so.0.23.4: undefined reference to `vtable for rtabmap::RecoveryState'
[5.503s] /usr/bin/ld: ../../bin/librtabmap_gui.so.0.23.4: undefined reference to `vtable for rtabmap::GraphViewer'
[5.503s] /usr/bin/ld: ../../bin/librtabmap_gui.so.0.23.4: undefined reference to `rtabmap::EditConstraintDialog::EditConstraintDialog(rtabmap::Transform const&, cv::Mat const&, QWidget*)'
[5.503s] /usr/bin/ld: ../../bin/librtabmap_gui.so.0.23.4: undefined reference to `rtabmap::DatabaseViewer::staticMetaObject'
[5.503s] /usr/bin/ld: ../../bin/librtabmap_gui.so.0.23.4: undefined reference to `rtabmap::ImageView::getDepthColorMap() const'
[5.503s] /usr/bin/ld: ../../bin/librtabmap_gui.so.0.23.4: undefined reference to `UPlot::addCurve(QString const&, QColor const&)'
[5.503s] /usr/bin/ld: ../../bin/librtabmap_gui.so.0.23.4: undefined reference to `UPlot::addThreshold(QString const&, double, Qt::Orientation)'
[5.503s] /usr/bin/ld: ../../bin/librtabmap_gui.so.0.23.4: undefined reference to `rtabmap::CloudViewerInteractorStyle::setOrthoMode(bool)'
[5.503s] /usr/bin/ld: ../../bin/librtabmap_gui.so.0.23.4: undefined reference to `QMultiComboBox::count()'
[5.503s] /usr/bin/ld: ../../bin/librtabmap_gui.so.0.23.4: undefined reference to `rtabmap::LinkRefiningDialog::isRangeByNodeId() const'
[5.503s] /usr/bin/ld: ../../bin/librtabmap_gui.so.0.23.4: undefined reference to `rtabmap::PreferencesDialog::settingsChanged(QFlags<rtabmap::PreferencesDialog::PanelFlag>)'
[5.503s] /usr/bin/ld: ../../bin/librtabmap_gui.so.0.23.4: undefined reference to `rtabmap::PostProcessingDialog::interSession() const'
[5.503s] /usr/bin/ld: ../../bin/librtabmap_gui.so.0.23.4: undefined reference to `rtabmap::CameraViewer::CameraViewer(QWidget*, std::map<std::__cxx11::basic_string<char, std::char_traits<char>, std::allocator<char> >, std::__cxx11::basic_string<char, std::char_traits<char>, std::allocator<char> >, std::less<std::__cxx11::basic_string<char, std::char_traits<char>, std::allocator<char> > >, std::allocator<std::pair<std::__cxx11::basic_string<char, std::char_traits<char>, std::allocator<char> > const, std::__cxx11::basic_string<char, std::char_traits<char>, std::allocator<char> > > > > const&)'
[5.503s] /usr/bin/ld: ../../bin/librtabmap_gui.so.0.23.4: undefined reference to `rtabmap::CameraViewer::setDecimation(int)'
[5.503s] /usr/bin/ld: ../../bin/librtabmap_gui.so.0.23.4: undefined reference to `rtabmap::CreateSimpleCalibrationDialog::CreateSimpleCalibrationDialog(QString const&, QString const&, QWidget*)'
[5.504s] /usr/bin/ld: ../../bin/librtabmap_gui.so.0.23.4: undefined reference to `rtabmap::ImageView::setImageDepth(cv::Mat const&, cv::Mat const&)'
[5.504s] /usr/bin/ld: ../../bin/librtabmap_gui.so.0.23.4: undefined reference to `UPlot::UPlot(QWidget*)'
[5.504s] /usr/bin/ld: ../../bin/librtabmap_gui.so.0.23.4: undefined reference to `rtabmap::ExportDialog::isUserDataExported() const'
[5.504s] /usr/bin/ld: ../../bin/librtabmap_gui.so.0.23.4: undefined reference to `rtabmap::StatsToolBox::addCurve(QString const&, bool, bool)'
[5.504s] /usr/bin/ld/usr/bin/ld: ../../bin/librtabmap_gui.so.0.23.4: undefined reference to `rtabmap::ExportDialog::outputPath() const'
[5.504s] : /usr/bin/ld../../bin/librtabmap_gui.so.0.23.4: : undefined reference to `../../bin/librtabmap_gui.so.0.23.4: undefined reference to `rtabmap::CloudViewer::configChanged()'
[5.504s] rtabmap::MainWindow::statsProcessed()'
[5.504s] /usr/bin/ld: ../../bin/librtabmap_gui.so.0.23.4: undefined reference to `rtabmap::CloudViewerInteractorStyle::New()'
[5.504s] /usr/bin/ld: ../../bin/librtabmap_gui.so.0.23.4: undefined reference to `/usr/bin/ld: ../../bin/librtabmap_gui.so.0.23.4: undefined reference to `rtabmap::AboutDialog::AboutDialog(QWidget*)'
[5.504s] rtabmap::ImageView::isImageDepthShown() const'
[5.504s] /usr/bin/ld: ../../bin/librtabmap_gui.so.0.23.4: undefined reference to `rtabmap::CloudViewer::staticMetaObject'
[5.505s] /usr/bin/ld: ../../bin/librtabmap_gui.so.0.23.4: undefined reference to `rtabmap::CalibrationDialog::setProgressVisibility(bool)'
[5.505s] /usr/bin/ld: ../../bin/librtabmap_gui.so.0.23.4: undefined reference to `rtabmap::ImageView::addLine(float, float, float, float, QColor, QString const&)'
[5.505s] collect2: error: ld returned 1 exit status
[5.505s] /usr/bin/ld: ../../bin/librtabmap_gui.so.0.23.4: undefined reference to `vtable for rtabmap::DepthCalibrationDialog'
[5.505s] /usr/bin/ld: ../../bin/librtabmap_gui.so.0.23.4: undefined reference to `rtabmap::ExportDialog::targetFramerate() const'
[5.506s] /usr/bin/ld: ../../bin/librtabmap_gui.so.0.23.4: undefined reference to `QMultiComboBox::addItem(QString const&, QVariant const&)'
[5.506s] /usr/bin/ld: ../../bin/librtabmap_gui.so.0.23.4: undefined reference to `rtabmap::ProgressDialog::setMaximumSteps(int)'
[5.506s] /usr/bin/ld: ../../bin/librtabmap_gui.so.0.23.4: undefined reference to `rtabmap::ExportDialog::sessionExported() const'
[5.506s] /usr/bin/ld: ../../bin/librtabmap_gui.so.0.23.4: undefined reference to `rtabmap::PreferencesDialog::settingsChanged(std::map<std::__cxx11::basic_string<char, std::char_traits<char>, std::allocator<char> >, std::__cxx11::basic_string<char, std::char_traits<char>, std::allocator<char> >, std::less<std::__cxx11::basic_string<char, std::char_traits<char>, std::allocator<char> > >, std::allocator<std::pair<std::__cxx11::basic_string<char, std::char_traits<char>, std::allocator<char> > const, std::__cxx11::basic_string<char, std::char_traits<char>, std::allocator<char> > > > >)'
[5.506s] /usr/bin/ld: ../../bin/librtabmap_gui.so.0.23.4: undefined reference to `rtabmap::EditConstraintDialog::getTransform() const'
[5.506s] /usr/bin/ld: ../../bin/librtabmap_gui.so.0.23.4: undefined reference to `rtabmap::ProgressDialog::setCancelButtonVisible(bool)'
[5.507s] /usr/bin/ld: ../../bin/librtabmap_gui.so.0.23.4: undefined reference to `rtabmap::CalibrationDialog::setRationalModel()'
[5.507s] /usr/bin/ld: ../../bin/librtabmap_gui.so.0.23.4: undefined reference to `rtabmap::ExportCloudsDialog::staticMetaObject'
[5.507s] /usr/bin/ld: ../../bin/librtabmap_gui.so.0.23.4: undefined reference to `rtabmap::MainWindow::cameraInfoReceived(rtabmap::SensorCaptureInfo const&)'
[5.507s] /usr/bin/ld: ../../bin/librtabmap_gui.so.0.23.4: undefined reference to `rtabmap::ImageView::setFeaturesShown(bool)'
[5.507s] /usr/bin/ld: ../../bin/librtabmap_gui.so.0.23.4: undefined reference to `rtabmap::MainWindow::rtabmapEvent3DMapProcessed()'
[5.507s] /usr/bin/ld: ../../bin/librtabmap_gui.so.0.23.4: undefined reference to `UPlotCurve::addValue(double, double)'
[5.507s] /usr/bin/ld: ../../bin/librtabmap_gui.so.0.23.4: undefined reference to `rtabmap::ExportBundlerDialog::exportBundler(std::map<int, rtabmap::Transform, std::less<int>, std::allocator<std::pair<int const, rtabmap::Transform> > >&, std::multimap<int, rtabmap::Link, std::less<int>, std::allocator<std::pair<int const, rtabmap::Link> > > const&, QMap<int, rtabmap::Signature> const&, std::map<std::__cxx11::basic_string<char, std::char_traits<char>, std::allocator<char> >, std::__cxx11::basic_string<char, std::char_traits<char>, std::allocator<char> >, std::less<std::__cxx11::basic_string<char, std::char_traits<char>, std::allocator<char> > >, std::allocator<std::pair<std::__cxx11::basic_string<char, std::char_traits<char>, std::allocator<char> > const, std::__cxx11::basic_string<char, std::char_traits<char>, std::allocator<char> > > > > const&)'
[5.507s] /usr/bin/ld: ../../bin/librtabmap_gui.so.0.23.4: undefined reference to `rtabmap::EditDepthArea::EditDepthArea(QWidget*)'
[5.508s] /usr/bin/ld: ../../bin/librtabmap_gui.so.0.23.4: undefined reference to `rtabmap::EditConstraintDialog::setPoseGroupVisible(bool)'
[5.508s] /usr/bin/ld: ../../bin/librtabmap_gui.so.0.23.4: undefined reference to `rtabmap::MainWindow::rtabmapGoalStatusEventReceived(int)'
[5.508s] /usr/bin/ld: ../../bin/librtabmap_gui.so.0.23.4: undefined reference to `rtabmap::ImageView::setImage(QImage const&, std::vector<rtabmap::CameraModel, std::allocator<rtabmap::CameraModel> > const&, rtabmap::Transform const&)'
[5.508s] /usr/bin/ld: ../../bin/librtabmap_gui.so.0.23.4: undefined reference to `rtabmap::LoopClosureViewer::setData(rtabmap::Signature const&, rtabmap::Signature const&)'
[5.508s] /usr/bin/ld: ../../bin/librtabmap_gui.so.0.23.4: undefined reference to `rtabmap::ImageView::setFeatureColor(int, QColor)'
[5.508s] /usr/bin/ld: ../../bin/librtabmap_gui.so.0.23.4: undefined reference to `rtabmap::CalibrationDialog::processImages(cv::Mat const&, cv::Mat const&, QString const&)'
[5.508s] /usr/bin/ld: ../../bin/librtabmap_gui.so.0.23.4: undefined reference to `rtabmap::PostProcessingDialog::loadSettings(QSettings&, QString const&)'
[5.509s] /usr/bin/ld: ../../bin/librtabmap_gui.so.0.23.4: undefined reference to `rtabmap::StatsToolBox::closeFigures()'
[5.509s] /usr/bin/ld: ../../bin/librtabmap_gui.so.0.23.4: undefined reference to `rtabmap::GraphViewer::linkSelected(int, int)'
[5.509s] /usr/bin/ld: ../../bin/librtabmap_gui.so.0.23.4: undefined reference to `rtabmap::ExportBundlerDialog::saveSettings(QSettings&, QString const&) const'
[5.509s] /usr/bin/ld: ../../bin/librtabmap_gui.so.0.23.4: undefined reference to `rtabmap::ProgressDialog::clear()'
[5.509s] /usr/bin/ld: ../../bin/librtabmap_gui.so.0.23.4: undefined reference to `rtabmap::ProgressDialog::resetProgress()'
[5.509s] /usr/bin/ld: ../../bin/librtabmap_gui.so.0.23.4: undefined reference to `QMultiComboBox::SetDisplayText(QString)'
[5.510s] /usr/bin/ld: ../../bin/librtabmap_gui.so.0.23.4: undefined reference to `UPlot::removeCurves()'
[5.510s] /usr/bin/ld: ../../bin/librtabmap_gui.so.0.23.4: undefined reference to `rtabmap::ImageView::setLinesShown(bool)'
[5.510s] /usr/bin/ld: ../../bin/librtabmap_gui.so.0.23.4: undefined reference to `rtabmap::StatsToolBox::updateStat(QString const&, double, double, bool)'
[5.510s] /usr/bin/ld: ../../bin/librtabmap_gui.so.0.23.4: undefined reference to `rtabmap::ProgressDialog::incrementStep(int)'
[5.510s] /usr/bin/ld: ../../bin/librtabmap_gui.so.0.23.4: undefined reference to `rtabmap::MainWindow::rtabmapGlobalPathEventReceived(rtabmap::RtabmapGlobalPathEvent const&)'
[5.510s] /usr/bin/ld: ../../bin/librtabmap_gui.so.0.23.4: undefined reference to `rtabmap::DataRecorder::~DataRecorder()'
[5.510s] /usr/bin/ld: ../../bin/librtabmap_gui.so.0.23.4: undefined reference to `QMultiComboBox::setItemChecked(int, bool)'
[5.510s] /usr/bin/ld: ../../bin/librtabmap_gui.so.0.23.4: undefined reference to `rtabmap::MainWindow::stateChanged(rtabmap::MainWindow::State)'
[5.511s] /usr/bin/ld: ../../bin/librtabmap_gui.so.0.23.4: undefined reference to `rtabmap::DataRecorder::addData(rtabmap::SensorData const&, rtabmap::Transform const&, cv::Mat const&)'
[5.511s] /usr/bin/ld: ../../bin/librtabmap_gui.so.0.23.4: undefined reference to `rtabmap::GraphViewer::staticMetaObject'
[5.511s] /usr/bin/ld: ../../bin/librtabmap_gui.so.0.23.4: undefined reference to `rtabmap::PostProcessingDialog::iterations() const'
[5.511s] /usr/bin/ld: ../../bin/librtabmap_gui.so.0.23.4: undefined reference to `rtabmap::ImageView::getDefaultMatchingFeatureColor() const'
[5.511s] /usr/bin/ld: ../../bin/librtabmap_gui.so.0.23.4: undefined reference to `rtabmap::MultiSessionLocSubView::MultiSessionLocSubView(rtabmap::ImageView*, int, QWidget*)'
[5.512s] /usr/bin/ld: ../../bin/librtabmap_gui.so.0.23.4: undefined reference to `rtabmap::EditMapArea::EditMapArea(QWidget*)'
[5.512s] /usr/bin/ld: ../../bin/librtabmap_gui.so.0.23.4: undefined reference to `rtabmap::ImageView::loadSettings(QSettings&, QString const&)'
[5.513s] /usr/bin/ld: ../../bin/librtabmap_gui.so.0.23.4: undefined reference to `rtabmap::MainWindow::noMoreImagesReceived()'
[5.513s] /usr/bin/ld: ../../bin/librtabmap_gui.so.0.23.4: undefined reference to `rtabmap::ImageView::setFeaturesColor(QColor)'
[5.513s] /usr/bin/ld: ../../bin/librtabmap_gui.so.0.23.4: undefined reference to `vtable for rtabmap::PreferencesDialog'
[5.513s] gmake[2]: *** [tools/Report/CMakeFiles/report.dir/build.make:189：bin/rtabmap-report] 错误 1
[5.513s] collect2: error: ld returned 1 exit status
[5.513s] gmake[1]: *** [CMakeFiles/Makefile2:1302：tools/Report/CMakeFiles/report.dir/all] 错误 2
[5.514s] /usr/bin/ld: /usr/bin/ld: ../../bin/librtabmap_gui.so.0.23.4: undefined reference to `../../bin/librtabmap_gui.so.0.23.4: undefined reference to `rtabmap::ConsoleWidget::ConsoleWidget(QWidget*)'
[5.514s] rtabmap::EditConstraintDialog::getCovariance() const'
[5.514s] /usr/bin/ld: ../../bin/librtabmap_gui.so.0.23.4: undefined reference to `rtabmap::PostProcessingDialog::isDetectMoreLoopClosures() const'
[5.514s] /usr/bin/ld: ../../bin/librtabmap_gui.so.0.23.4: undefined reference to `vtable for rtabmap::ParametersToolBox'
[5.514s] /usr/bin/ld: ../../bin/librtabmap_gui.so.0.23.4: undefined reference to `rtabmap::CloudViewerCellPicker::New()'
[5.514s] /usr/bin/ld: ../../bin/librtabmap_gui.so.0.23.4: undefined reference to `rtabmap::EditMapArea::setMap(cv::Mat const&)'
[5.514s] /usr/bin/ld: ../../bin/librtabmap_gui.so.0.23.4: undefined reference to `rtabmap::EditDepthArea::getModifiedImage() const'
[5.514s] /usr/bin/ld: ../../bin/librtabmap_gui.so.0.23.4: undefined reference to `rtabmap::ExportBundlerDialog::staticMetaObject'
[5.514s] /usr/bin/ld: ../../bin/librtabmap_gui.so.0.23.4: undefined reference to `UPlotCurve::UPlotCurve(QString const&, QVector<double> const&, QVector<double> const&, QObject*)'
[5.514s] /usr/bin/ld: ../../bin/librtabmap_gui.so.0.23.4: undefined reference to `rtabmap::PostProcessingDialog::isRefineLoopClosureLinks() const'
[5.514s] /usr/bin/ld: ../../bin/librtabmap_gui.so.0.23.4: undefined reference to `rtabmap::MainWindow::rtabmapEventInitReceived(int, QString const&)'
[5.514s] /usr/bin/ld: ../../bin/librtabmap_gui.so.0.23.4: undefined reference to `rtabmap::CalibrationDialog::squareSize() const'
[5.515s] /usr/bin/ld: ../../bin/librtabmap_gui.so.0.23.4: undefined reference to `rtabmap::vtkImageMatSource::New()'
[5.515s] /usr/bin/ld: ../../bin/librtabmap_gui.so.0.23.4: undefined reference to `rtabmap::MapVisibilityWidget::getVisiblePoses() const'
[5.515s] /usr/bin/ld: ../../bin/librtabmap_gui.so.0.23.4: undefined reference to `rtabmap::PreferencesDialog::staticMetaObject'
[5.515s] /usr/bin/ld: ../../bin/librtabmap_gui.so.0.23.4: undefined reference to `rtabmap::ImageView::ImageView(QWidget*)'
[5.515s] /usr/bin/ld: ../../bin/librtabmap_gui.so.0.23.4: undefined reference to `rtabmap::MainWindow::staticMetaObject'
[5.515s] /usr/bin/ld: ../../bin/librtabmap_gui.so.0.23.4: undefined reference to `rtabmap::CalibrationDialog::setSwitchedImages(bool)'
[5.515s] /usr/bin/ld: ../../bin/librtabmap_gui.so.0.23.4: undefined reference to `rtabmap::CalibrationDialog::setSquareSize(double)'
[5.515s] /usr/bin/ld: ../../bin/librtabmap_gui.so.0.23.4: undefined reference to `rtabmap::MainWindow::statsReceived(rtabmap::Statistics const&)'
[5.515s] /usr/bin/ld: ../../bin/librtabmap_gui.so.0.23.4: undefined reference to `rtabmap::StatsToolBox::clear()'
[5.515s] /usr/bin/ld: ../../bin/librtabmap_gui.so.0.23.4: undefined reference to `rtabmap::CalibrationDialog::setStereoMode(bool, QString const&, QString const&)'
[5.515s] /usr/bin/ld: ../../bin/librtabmap_gui.so.0.23.4: undefined reference to `rtabmap::MainWindow::mappingModeChanged(bool)'
[5.515s] /usr/bin/ld: ../../bin/librtabmap_gui.so.0.23.4: undefined reference to `rtabmap::ImageView::setFeatures(std::vector<cv::KeyPoint, std::allocator<cv::KeyPoint> > const&, cv::Mat const&, QColor const&)'
[5.515s] gmake[2]: *** [tools/DataRecorder/CMakeFiles/dataRecorder.dir/build.make:189：bin/rtabmap-dataRecorder] 错误 1
[5.515s] /usr/bin/ld: ../../bin/librtabmap_gui.so.0.23.4: undefined reference to `rtabmap::ImageView::getDefaultMatchingLineColor() const'
[5.515s] /usr/bin/ld: ../../bin/librtabmap_gui.so.0.23.4: undefined reference to `vtable for rtabmap::DatabaseViewer'
[5.515s] /usr/bin/ld: ../../bin/librtabmap_gui.so.0.23.4: undefined reference to `rtabmap::GraphViewer::nodeSelected(int)'
[5.515s] gmake[1]: *** [CMakeFiles/Makefile2:1550：tools/DataRecorder/CMakeFiles/dataRecorder.dir/all] 错误 2
[5.515s] /usr/bin/ld: ../../bin/librtabmap_gui.so.0.23.4: undefined reference to `rtabmap::CalibrationDialog::stereoCalibration(rtabmap::CameraModel const&, rtabmap::CameraModel const&, bool, QTextStream*) const'
[5.515s] /usr/bin/ld: ../../bin/librtabmap_gui.so.0.23.4: undefined reference to `rtabmap::StatsToolBox::setWorkingDirectory(QString const&)'
[5.515s] /usr/bin/ld: ../../bin/librtabmap_gui.so.0.23.4: undefined reference to `vtable for rtabmap::ExportCloudsDialog'
[5.515s] /usr/bin/ld: ../../bin/librtabmap_gui.so.0.23.4: undefined reference to `rtabmap::ExportBundlerDialog::ExportBundlerDialog(QWidget*)'
[5.517s] /usr/bin/ld: ../../bin/librtabmap_gui.so.0.23.4: undefined reference to `rtabmap::CalibrationDialog::setFisheyeModel()'
[5.517s] /usr/bin/ld: ../../bin/librtabmap_gui.so.0.23.4: undefined reference to `rtabmap::ExportBundlerDialog::setWorkingDirectory(QString const&)'
[5.517s] /usr/bin/ld: ../../bin/librtabmap_gui.so.0.23.4: undefined reference to `rtabmap::PostProcessingDialog::PostProcessingDialog(QWidget*)'
[5.517s] /usr/bin/ld: ../../bin/librtabmap_gui.so.0.23.4: undefined reference to `rtabmap::ExportDialog::isRgbExported() const'
[5.517s] /usr/bin/ld: ../../bin/librtabmap_gui.so.0.23.4: undefined reference to `rtabmap::MultiSessionLocSubView::updateView(int, QImage const&, std::multimap<int, cv::KeyPoint, std::less<int>, std::allocator<std::pair<int const, cv::KeyPoint> > > const&, float, QColor const&)'
[5.517s] /usr/bin/ld: ../../bin/librtabmap_gui.so.0.23.4: undefined reference to `rtabmap::ProgressDialog::maximumSteps() const'
[5.517s] /usr/bin/ld: ../../bin/librtabmap_gui.so.0.23.4: undefined reference to `rtabmap::ImageView::addFeature(int, cv::KeyPoint const&, float, QColor)'
[5.517s] /usr/bin/ld: ../../bin/librtabmap_gui.so.0.23.4: undefined reference to `QMultiComboBox::QMultiComboBox(QWidget*)'
[5.517s] /usr/bin/ld: ../../bin/librtabmap_gui.so.0.23.4: undefined reference to `rtabmap::LinkRefiningDialog::getRangeNodeId(int&, int&) const'
[5.517s] /usr/bin/ld: ../../bin/librtabmap_gui.so.0.23.4: undefined reference to `rtabmap::PostProcessingDialog::sbaVariance() const'
[5.518s] /usr/bin/ld: ../../bin/librtabmap_gui.so.0.23.4: undefined reference to `rtabmap::CalibrationDialog::loadSettings(QSettings&, QString const&)'
[5.518s] /usr/bin/ld: ../../bin/librtabmap_gui.so.0.23.4: undefined reference to `rtabmap::EditConstraintDialog::~EditConstraintDialog()'
[5.518s] /usr/bin/ld: ../../bin/librtabmap_gui.so.0.23.4: undefined reference to `rtabmap::MainWindow::odometryProcessed()'
[5.518s] /usr/bin/ld: ../../bin/librtabmap_gui.so.0.23.4: undefined reference to `rtabmap::DataRecorder::init(QString const&, bool)'
[5.518s] /usr/bin/ld: ../../bin/librtabmap_gui.so.0.23.4: undefined reference to `rtabmap::PostProcessingDialog::sbaIterations() const'
[5.518s] /usr/bin/ld: ../../bin/librtabmap_gui.so.0.23.4: undefined reference to `vtable for rtabmap::MultiSessionLocWidget'
[5.518s] /usr/bin/ld: ../../bin/librtabmap_gui.so.0.23.4: undefined reference to `rtabmap::ParametersToolBox::staticMetaObject'
[5.518s] /usr/bin/ld: ../../bin/librtabmap_gui.so.0.23.4: undefined reference to `vtable for rtabmap::TexturingState'
[5.518s] /usr/bin/ld: ../../bin/librtabmap_gui.so.0.23.4: undefined reference to `rtabmap::CalibrationDialog::resetSettings()'
[5.518s] /usr/bin/ld: ../../bin/librtabmap_gui.so.0.23.4: undefined reference to `rtabmap::CalibrationDialog::saveSettings(QSettings&, QString const&) const'
[5.518s] /usr/bin/ld: ../../bin/librtabmap_gui.so.0.23.4: undefined reference to `rtabmap::ImageView::clearLines()'
[5.518s] /usr/bin/ld: ../../bin/librtabmap_gui.so.0.23.4: undefined reference to `rtabmap::StatsToolBox::StatsToolBox(QWidget*)'
[5.518s] /usr/bin/ld: ../../bin/librtabmap_gui.so.0.23.4: undefined reference to `rtabmap::GraphViewer::mapShownRequested()'
[5.518s] /usr/bin/ld: ../../bin/librtabmap_gui.so.0.23.4: undefined reference to `rtabmap::MainWindow::cameraInfoProcessed()'
[5.518s] /usr/bin/ld: ../../bin/librtabmap_gui.so.0.23.4: undefined reference to `rtabmap::LinkRefiningDialog::getIntraInterSessions(bool&, bool&) const'
[5.518s] /usr/bin/ld: ../../bin/librtabmap_gui.so.0.23.4: undefined reference to `rtabmap::CalibrationDialog::setCameraName(QString const&)'
[5.518s] /usr/bin/ld: ../../bin/librtabmap_gui.so.0.23.4: undefined reference to `QMultiComboBox::itemText(int)'
[5.519s] /usr/bin/ld: ../../bin/librtabmap_gui.so.0.23.4: undefined reference to `rtabmap::ImageView::clearFeatures()'
[5.519s] /usr/bin/ld: ../../bin/librtabmap_gui.so.0.23.4: undefined reference to `rtabmap::StatsToolBox::addThreshold(QString const&, double)'
[5.519s] /usr/bin/ld: ../../bin/librtabmap_gui.so.0.23.4: undefined reference to `rtabmap::StatsToolBox::getFiguresSetup(QList<int>&, QStringList&, QStringList&)'
[5.519s] /usr/bin/ld: ../../bin/librtabmap_gui.so.0.23.4: undefined reference to `rtabmap::DataRecorder::DataRecorder(QWidget*)'
[5.519s] /usr/bin/ld: ../../bin/librtabmap_gui.so.0.23.4: undefined reference to `rtabmap::PostProcessingDialog::staticMetaObject'
[5.519s] /usr/bin/ld: ../../bin/librtabmap_gui.so.0.23.4: undefined reference to `rtabmap::ExportDialog::isDepthExported() const'
[5.519s] /usr/bin/ld: ../../bin/librtabmap_gui.so.0.23.4: undefined reference to `rtabmap::MainWindow::detectionRateChanged(double)'
[5.519s] /usr/bin/ld: ../../bin/librtabmap_gui.so.0.23.4: undefined reference to `rtabmap::MapVisibilityWidget::clear()'
[5.519s] /usr/bin/ld: ../../bin/librtabmap_gui.so.0.23.4: undefined reference to `rtabmap::ExportDialog::isDepth2dExported() const'
[5.519s] /usr/bin/ld: ../../bin/librtabmap_gui.so.0.23.4: undefined reference to `rtabmap::PdfPlotCurve::PdfPlotCurve(QString const&, QMap<int, rtabmap::Signature> const*, QObject*)'
[5.519s] /usr/bin/ld: ../../bin/librtabmap_gui.so.0.23.4: undefined reference to `vtable for rtabmap::MainWindow'
[5.519s] /usr/bin/ld: ../../bin/librtabmap_gui.so.0.23.4: undefined reference to `rtabmap::CalibrationDialog::setBoardWidth(int)'
[5.519s] /usr/bin/ld: ../../bin/librtabmap_gui.so.0.23.4: undefined reference to `UPlot::setFixedYAxis(double, double)'
[5.519s] /usr/bin/ld: ../../bin/librtabmap_gui.so.0.23.4: undefined reference to `rtabmap::ProgressDialog::ProgressDialog(QWidget*, QFlags<Qt::WindowType>)'
[5.519s] /usr/bin/ld: ../../bin/librtabmap_gui.so.0.23.4: undefined reference to `rtabmap::PdfPlotCurve::setData(QMap<int, float> const&, QMap<int, int> const&)'
[5.520s] /usr/bin/ld: ../../bin/librtabmap_gui.so.0.23.4: undefined reference to `rtabmap::MainWindow::imgRateChanged(double)'
[5.520s] /usr/bin/ld: ../../bin/librtabmap_gui.so.0.23.4: undefined reference to `rtabmap::ImageView::isLinesShown() const'
[5.520s] /usr/bin/ld: ../../bin/librtabmap_gui.so.0.23.4: undefined reference to `rtabmap::StatsToolBox::updateStat(QString const&, std::vector<double, std::allocator<double> > const&, std::vector<double, std::allocator<double> > const&, bool)'
[5.520s] /usr/bin/ld: ../../bin/librtabmap_gui.so.0.23.4: undefined reference to `rtabmap::ImageView::viewScale() const'
[5.520s] /usr/bin/ld: ../../bin/librtabmap_gui.so.0.23.4: undefined reference to `rtabmap::ProgressDialog::setValue(int)'
[5.520s] /usr/bin/ld: ../../bin/librtabmap_gui.so.0.23.4: undefined reference to `rtabmap::ImageView::setAlpha(int)'
[5.520s] /usr/bin/ld: ../../bin/librtabmap_gui.so.0.23.4: undefined reference to `rtabmap::ImageView::saveSettings(QSettings&, QString const&) const'
[5.520s] /usr/bin/ld: ../../bin/librtabmap_gui.so.0.23.4: undefined reference to `rtabmap::MapVisibilityWidget::MapVisibilityWidget(QWidget*)'
[5.521s] /usr/bin/ld: ../../bin/librtabmap_gui.so.0.23.4: undefined reference to `rtabmap::PostProcessingDialog::sbaRematchFeatures() const'
[5.521s] /usr/bin/ld: ../../bin/librtabmap_gui.so.0.23.4: undefined reference to `rtabmap::ImageView::sceneRect() const'
[5.521s] /usr/bin/ld: ../../bin/librtabmap_gui.so.0.23.4: undefined reference to `rtabmap::ParametersToolBox::parametersChanged(QStringList const&)'
[5.521s] /usr/bin/ld: ../../bin/librtabmap_gui.so.0.23.4: undefined reference to `rtabmap::CalibrationDialog::boardWidth() const'
[5.521s] /usr/bin/ld: ../../bin/librtabmap_gui.so.0.23.4: undefined reference to `rtabmap::ExportBundlerDialog::loadSettings(QSettings&, QString const&)'
[5.522s] /usr/bin/ld: ../../bin/librtabmap_gui.so.0.23.4: undefined reference to `rtabmap::LinkRefiningDialog::isRangeByMapId() const'
[5.523s] /usr/bin/ld: ../../bin/librtabmap_gui.so.0.23.4: undefined reference to `rtabmap::LoopClosureViewer::updateView(rtabmap::Transform const&, std::map<std::__cxx11::basic_string<char, std::char_traits<char>, std::allocator<char> >, std::__cxx11::basic_string<char, std::char_traits<char>, std::allocator<char> >, std::less<std::__cxx11::basic_string<char, std::char_traits<char>, std::allocator<char> > >, std::allocator<std::pair<std::__cxx11::basic_string<char, std::char_traits<char>, std::allocator<char> > const, std::__cxx11::basic_string<char, std::char_traits<char>, std::allocator<char> > > > > const&)'
[5.523s] /usr/bin/ld: ../../bin/librtabmap_gui.so.0.23.4: undefined reference to `rtabmap::ExportDialog::~ExportDialog()'
[5.523s] /usr/bin/ld: ../../bin/librtabmap_gui.so.0.23.4: undefined reference to `rtabmap::ImageView::getDefaultFeatureColor() const'
[5.523s] /usr/bin/ld: ../../bin/librtabmap_gui.so.0.23.4: undefined reference to `rtabmap::ProgressDialog::~ProgressDialog()'
[5.523s] /usr/bin/ld: ../../bin/librtabmap_gui.so.0.23.4: undefined reference to `rtabmap::StatsToolBox::updateStat(QString const&, double, bool)'
[5.524s] /usr/bin/ld: ../../bin/librtabmap_gui.so.0.23.4: undefined reference to `QMultiComboBox::clear()'
[5.524s] /usr/bin/ld: ../../bin/librtabmap_gui.so.0.23.4: undefined reference to `rtabmap::MainWindow::rtabmapEvent3DMapReceived(rtabmap::RtabmapEvent3DMap const&)'
[5.524s] /usr/bin/ld: ../../bin/librtabmap_gui.so.0.23.4: undefined reference to `vtable for rtabmap::CloudViewer'
[5.524s] /usr/bin/ld: ../../bin/librtabmap_gui.so.0.23.4: undefined reference to `rtabmap::ImageView::getDefaultBackgroundColor() const'
[5.524s] /usr/bin/ld: ../../bin/librtabmap_gui.so.0.23.4: undefined reference to `rtabmap::ImageView::isFeaturesShown() const'
[5.524s] /usr/bin/ld: ../../bin/librtabmap_gui.so.0.23.4: undefined reference to `rtabmap::PostProcessingDialog::clusterRadius() const'
[5.525s] /usr/bin/ld: ../../bin/librtabmap_gui.so.0.23.4: undefined reference to `rtabmap::StatItem::staticMetaObject'
[5.525s] /usr/bin/ld: ../../bin/librtabmap_gui.so.0.23.4: undefined reference to `qInitResources_GuiLib()'
[5.525s] /usr/bin/ld: ../../bin/librtabmap_gui.so.0.23.4: undefined reference to `rtabmap::ProgressDialog::appendText(QString const&, QColor const&)'
[5.525s] /usr/bin/ld: ../../bin/librtabmap_gui.so.0.23.4: undefined reference to `rtabmap::ConsoleWidget::appendMsg(QString const&, int)'
[5.525s] /usr/bin/ld: ../../bin/librtabmap_gui.so.0.23.4: undefined reference to `rtabmap::MainWindow::timeLimitChanged(float)'
[5.525s] /usr/bin/ld: ../../bin/librtabmap_gui.so.0.23.4: undefined reference to `rtabmap::ExportDialog::framesIgnored() const'
[5.525s] /usr/bin/ld: ../../bin/librtabmap_gui.so.0.23.4: undefined reference to `rtabmap::MapVisibilityWidget::setMap(std::map<int, rtabmap::Transform, std::less<int>, std::allocator<std::pair<int const, rtabmap::Transform> > > const&, std::map<int, bool, std::less<int>, std::allocator<std::pair<int const, bool> > > const&)'
[5.525s] /usr/bin/ld: ../../bin/librtabmap_gui.so.0.23.4: undefined reference to `rtabmap::StatsToolBox::updateStat(QString const&, bool)'
[5.525s] /usr/bin/ld: ../../bin/librtabmap_gui.so.0.23.4: undefined reference to `rtabmap::MainWindow::loopClosureThrChanged(double)'
[5.525s] /usr/bin/ld: ../../bin/librtabmap_gui.so.0.23.4: undefined reference to `rtabmap::CalibrationDialog::setBoardHeight(int)'
[5.525s] /usr/bin/ld: ../../bin/librtabmap_gui.so.0.23.4: undefined reference to `rtabmap::MainWindow::rtabmapLabelErrorReceived(int, QString const&)'
[5.526s] /usr/bin/ld: ../../bin/librtabmap_gui.so.0.23.4: undefined reference to `rtabmap::vtkImageMatSource::SetImage(cv::_InputArray const&)'
[5.526s] /usr/bin/ld: ../../bin/librtabmap_gui.so.0.23.4: undefined reference to `UPlot::addCurve(UPlotCurve*, bool)'
[5.526s] /usr/bin/ld: ../../bin/librtabmap_gui.so.0.23.4: undefined reference to `rtabmap::LinkRefiningDialog::LinkRefiningDialog(QWidget*)'
[5.526s] /usr/bin/ld: ../../bin/librtabmap_gui.so.0.23.4: undefined reference to `rtabmap::OdometryViewer::OdometryViewer(int, int, float, float, int, QWidget*, std::map<std::__cxx11::basic_string<char, std::char_traits<char>, std::allocator<char> >, std::__cxx11::basic_string<char, std::char_traits<char>, std::allocator<char> >, std::less<std::__cxx11::basic_string<char, std::char_traits<char>, std::allocator<char> > >, std::allocator<std::pair<std::__cxx11::basic_string<char, std::char_traits<char>, std::allocator<char> > const, std::__cxx11::basic_string<char, std::char_traits<char>, std::allocator<char> > > > > const&)'
[5.526s] /usr/bin/ld: ../../bin/librtabmap_gui.so.0.23.4: undefined reference to `rtabmap::PostProcessingDialog::sbaType() const'
[5.526s] /usr/bin/ld: ../../bin/librtabmap_gui.so.0.23.4: undefined reference to `rtabmap::ProgressDialog::setAutoClose(bool, int)'
[5.526s] /usr/bin/ld: ../../bin/librtabmap_gui.so.0.23.4: undefined reference to `QMultiComboBox::setCurrentIndex(int)'
[5.527s] /usr/bin/ld: ../../bin/librtabmap_gui.so.0.23.4: undefined reference to `rtabmap::ImageView::setImageShown(bool)'
[5.527s] /usr/bin/ld: ../../bin/librtabmap_gui.so.0.23.4: undefined reference to `rtabmap::ImageView::isImageShown() const'
[5.527s] /usr/bin/ld: ../../bin/librtabmap_gui.so.0.23.4: undefined reference to `rtabmap::ImageView::staticMetaObject'
[5.527s] /usr/bin/ld: ../../bin/librtabmap_gui.so.0.23.4: undefined reference to `rtabmap::PostProcessingDialog::intraSession() const'
[5.530s] /usr/bin/ld: ../../bin/librtabmap_gui.so.0.23.4: undefined reference to `rtabmap::EditDepthArea::setColorMap(uCvQtDepthColorMap)'
[5.530s] /usr/bin/ld: ../../bin/librtabmap_gui.so.0.23.4: undefined reference to `rtabmap::ExportDialog::isOdomExported() const'
[5.530s] /usr/bin/ld: ../../bin/librtabmap_gui.so.0.23.4: undefined reference to `rtabmap::LinkRefiningDialog::getLinkType() const'
[5.530s] /usr/bin/ld: ../../bin/librtabmap_gui.so.0.23.4: undefined reference to `rtabmap::MultiSessionLocSubView::clear()'
[5.532s] /usr/bin/ld: ../../bin/librtabmap_gui.so.0.23.4: undefined reference to `rtabmap::PostProcessingDialog::isRefineNeighborLinks() const'
[5.532s] /usr/bin/ld: ../../bin/librtabmap_gui.so.0.23.4: undefined reference to `rtabmap::MainWindow::odometryReceived(rtabmap::OdometryEvent const&, bool)'
[5.532s] /usr/bin/ld: ../../bin/librtabmap_gui.so.0.23.4: undefined reference to `rtabmap::PostProcessingDialog::saveSettings(QSettings&, QString const&) const'
[5.532s] /usr/bin/ld: ../../bin/librtabmap_gui.so.0.23.4: undefined reference to `rtabmap::EditMapArea::getModifiedMap() const'
[5.533s] /usr/bin/ld: ../../bin/librtabmap_gui.so.0.23.4: undefined reference to `rtabmap::ImageView::setBackgroundColor(QColor const&)'
[5.533s] /usr/bin/ld: ../../bin/librtabmap_gui.so.0.23.4: undefined reference to `rtabmap::ImageView::clear()'
[5.533s] /usr/bin/ld: ../../bin/librtabmap_gui.so.0.23.4: undefined reference to `rtabmap::CalibrationDialog::boardHeight() const'
[5.533s] /usr/bin/ld: ../../bin/librtabmap_gui.so.0.23.4: undefined reference to `rtabmap::DepthCalibrationDialog::staticMetaObject'
[5.533s] /usr/bin/ld: ../../bin/librtabmap_gui.so.0.23.4: undefined reference to `rtabmap::PostProcessingDialog::clusterAngle() const'
[5.533s] /usr/bin/ld: ../../bin/librtabmap_gui.so.0.23.4: undefined reference to `rtabmap::ImageView::setImageDepthShown(bool)'
[5.537s] /usr/bin/ld: ../../bin/librtabmap_gui.so.0.23.4: undefined reference to `rtabmap::LinkRefiningDialog::setMinMax(int, int, int, int)'
[5.537s] /usr/bin/ld: ../../bin/librtabmap_gui.so.0.23.4: undefined reference to `rtabmap::CalibrationDialog::staticMetaObject'
[5.537s] /usr/bin/ld: ../../bin/librtabmap_gui.so.0.23.4: undefined reference to `QMultiComboBox::itemData(int)'
[5.537s] /usr/bin/ld: ../../bin/librtabmap_gui.so.0.23.4: undefined reference to `UPlot::showLegend(bool)'
[5.538s] /usr/bin/ld: ../../bin/librtabmap_gui.so.0.23.4: undefined reference to `rtabmap::LoopClosureViewer::LoopClosureViewer(QWidget*)'
[5.538s] /usr/bin/ld: ../../bin/librtabmap_gui.so.0.23.4: undefined reference to `rtabmap::CalibrationDialog::CalibrationDialog(bool, QString const&, bool, QWidget*)'
[5.538s] /usr/bin/ld: ../../bin/librtabmap_gui.so.0.23.4: undefined reference to `rtabmap::ImageView::setFeatures(std::multimap<int, cv::KeyPoint, std::less<int>, std::allocator<std::pair<int const, cv::KeyPoint> > > const&, cv::Mat const&, QColor const&)'
[5.538s] /usr/bin/ld: ../../bin/librtabmap_gui.so.0.23.4: undefined reference to `rtabmap::PostProcessingDialog::isSBA() const'
[5.539s] /usr/bin/ld: ../../bin/librtabmap_gui.so.0.23.4: undefined reference to `rtabmap::ExportDialog::ExportDialog(QWidget*)'
[5.539s] /usr/bin/ld: ../../bin/librtabmap_gui.so.0.23.4: undefined reference to `rtabmap::ImageView::setSceneRect(QRectF const&)'
[5.539s] /usr/bin/ld: ../../bin/librtabmap_gui.so.0.23.4: undefined reference to `rtabmap::GraphViewer::configChanged()'
[5.540s] /usr/bin/ld: ../../bin/librtabmap_gui.so.0.23.4: undefined reference to `rtabmap::EditDepthArea::setImage(cv::Mat const&, cv::Mat const&)'
[5.540s] /usr/bin/ld: ../../bin/librtabmap_gui.so.0.23.4: undefined reference to `rtabmap::DatabaseViewer::staticMetaObject'
[5.540s] /usr/bin/ld: ../../bin/librtabmap_gui.so.0.23.4: undefined reference to `rtabmap::ImageView::getDepthColorMap() const'
[5.540s] /usr/bin/ld: ../../bin/librtabmap_gui.so.0.23.4: undefined reference to `UPlot::addCurve(QString const&, QColor const&)'
[5.540s] /usr/bin/ld: ../../bin/librtabmap_gui.so.0.23.4: undefined reference to `rtabmap::CloudViewerInteractorStyle::setOrthoMode(bool)'
[5.541s] /usr/bin/ld: ../../bin/librtabmap_gui.so.0.23.4: undefined reference to `QMultiComboBox::count()'
[5.541s] /usr/bin/ld: ../../bin/librtabmap_gui.so.0.23.4: undefined reference to `rtabmap::PreferencesDialog::settingsChanged(QFlags<rtabmap::PreferencesDialog::PanelFlag>)'
[5.541s] /usr/bin/ld: ../../bin/librtabmap_gui.so.0.23.4: undefined reference to `rtabmap::PostProcessingDialog::interSession() const'
[5.541s] /usr/bin/ld: ../../bin/librtabmap_gui.so.0.23.4: undefined reference to `rtabmap::CameraViewer::CameraViewer(QWidget*, std::map<std::__cxx11::basic_string<char, std::char_traits<char>, std::allocator<char> >, std::__cxx11::basic_string<char, std::char_traits<char>, std::allocator<char> >, std::less<std::__cxx11::basic_string<char, std::char_traits<char>, std::allocator<char> > >, std::allocator<std::pair<std::__cxx11::basic_string<char, std::char_traits<char>, std::allocator<char> > const, std::__cxx11::basic_string<char, std::char_traits<char>, std::allocator<char> > > > > const&)'
[5.541s] /usr/bin/ld: ../../bin/librtabmap_gui.so.0.23.4: undefined reference to `rtabmap::CameraViewer::setDecimation(int)'
[5.542s] /usr/bin/ld: ../../bin/librtabmap_gui.so.0.23.4: undefined reference to `UPlot::UPlot(QWidget*)'
[5.542s] /usr/bin/ld: ../../bin/librtabmap_gui.so.0.23.4: undefined reference to `rtabmap::StatsToolBox::addCurve(QString const&, bool, bool)'
[5.542s] /usr/bin/ld: ../../bin/librtabmap_gui.so.0.23.4: undefined reference to `rtabmap::ExportDialog::outputPath() const'
[5.542s] /usr/bin/ld: ../../bin/librtabmap_gui.so.0.23.4: undefined reference to `rtabmap::CloudViewer::configChanged()'
[5.542s] /usr/bin/ld: ../../bin/librtabmap_gui.so.0.23.4: undefined reference to `rtabmap::AboutDialog::AboutDialog(QWidget*)'
[5.542s] /usr/bin/ld: ../../bin/librtabmap_gui.so.0.23.4: undefined reference to `rtabmap::CloudViewer::staticMetaObject'
[5.542s] /usr/bin/ld: ../../bin/librtabmap_gui.so.0.23.4: undefined reference to `rtabmap::CalibrationDialog::setProgressVisibility(bool)'
[5.542s] /usr/bin/ld: ../../bin/librtabmap_gui.so.0.23.4: undefined reference to `rtabmap::ImageView::addLine(float, float, float, float, QColor, QString const&)'
[5.543s] /usr/bin/ld: ../../bin/librtabmap_gui.so.0.23.4: undefined reference to `vtable for rtabmap::DepthCalibrationDialog'
[5.543s] /usr/bin/ld: ../../bin/librtabmap_gui.so.0.23.4: undefined reference to `rtabmap::ProgressDialog::setMaximumSteps(int)'
[5.543s] /usr/bin/ld: ../../bin/librtabmap_gui.so.0.23.4: undefined reference to `rtabmap::ExportDialog::sessionExported() const'
[5.543s] /usr/bin/ld: ../../bin/librtabmap_gui.so.0.23.4: undefined reference to `rtabmap::ProgressDialog::setCancelButtonVisible(bool)'
[5.543s] /usr/bin/ld: ../../bin/librtabmap_gui.so.0.23.4: undefined reference to `rtabmap::CalibrationDialog::setRationalModel()'
[5.543s] /usr/bin/ld: ../../bin/librtabmap_gui.so.0.23.4: undefined reference to `rtabmap::ExportCloudsDialog::staticMetaObject'
[5.543s] /usr/bin/ld: ../../bin/librtabmap_gui.so.0.23.4: undefined reference to `rtabmap::MainWindow::cameraInfoReceived(rtabmap::SensorCaptureInfo const&)'
[5.543s] /usr/bin/ld: ../../bin/librtabmap_gui.so.0.23.4: undefined reference to `rtabmap::ImageView::setFeaturesShown(bool)'
[5.543s] /usr/bin/ld: ../../bin/librtabmap_gui.so.0.23.4: undefined reference to `rtabmap::MainWindow::rtabmapEvent3DMapProcessed()'
[5.543s] /usr/bin/ld: ../../bin/librtabmap_gui.so.0.23.4: undefined reference to `UPlotCurve::addValue(double, double)'
[5.543s] /usr/bin/ld: ../../bin/librtabmap_gui.so.0.23.4: undefined reference to `rtabmap::EditConstraintDialog::setPoseGroupVisible(bool)'
[5.543s] /usr/bin/ld: ../../bin/librtabmap_gui.so.0.23.4: undefined reference to `rtabmap::ImageView::setImage(QImage const&, std::vector<rtabmap::CameraModel, std::allocator<rtabmap::CameraModel> > const&, rtabmap::Transform const&)'
[5.543s] /usr/bin/ld: ../../bin/librtabmap_gui.so.0.23.4: undefined reference to `rtabmap::LoopClosureViewer::setData(rtabmap::Signature const&, rtabmap::Signature const&)'
[5.544s] /usr/bin/ld: ../../bin/librtabmap_gui.so.0.23.4: undefined reference to `rtabmap::CalibrationDialog::processImages(cv::Mat const&, cv::Mat const&, QString const&)'
[5.544s] /usr/bin/ld: ../../bin/librtabmap_gui.so.0.23.4: undefined reference to `rtabmap::PostProcessingDialog::loadSettings(QSettings&, QString const&)'
[5.544s] /usr/bin/ld: ../../bin/librtabmap_gui.so.0.23.4: undefined reference to `rtabmap::ExportBundlerDialog::saveSettings(QSettings&, QString const&) const'
[5.547s] /usr/bin/ld: ../../bin/librtabmap_gui.so.0.23.4: undefined reference to `QMultiComboBox::SetDisplayText(QString)'
[5.549s] /usr/bin/ld: ../../bin/librtabmap_gui.so.0.23.4: undefined reference to `rtabmap::MultiSessionLocSubView::MultiSessionLocSubView(rtabmap::ImageView*, int, QWidget*)'
[5.549s] /usr/bin/ld: ../../bin/librtabmap_gui.so.0.23.4: undefined reference to `rtabmap::ImageView::loadSettings(QSettings&, QString const&)'
[5.549s] /usr/bin/ld: ../../bin/librtabmap_gui.so.0.23.4: undefined reference to `rtabmap::ImageView::setFeaturesColor(QColor)'
[5.549s] /usr/bin/ld: ../../bin/librtabmap_gui.so.0.23.4: undefined reference to `vtable for rtabmap::PreferencesDialog'
[5.550s] /usr/bin/ld: ../../bin/librtabmap_gui.so.0.23.4: undefined reference to `rtabmap::EditConstraintDialog::getCovariance() const'
[5.555s] /usr/bin/ld: ../../bin/librtabmap_gui.so.0.23.4: undefined reference to `rtabmap::PostProcessingDialog::isDetectMoreLoopClosures() const'
[5.555s] /usr/bin/ld: ../../bin/librtabmap_gui.so.0.23.4: undefined reference to `rtabmap::CloudViewerCellPicker::New()'
[5.555s] /usr/bin/ld: ../../bin/librtabmap_gui.so.0.23.4: undefined reference to `rtabmap::EditDepthArea::getModifiedImage() const'
[5.555s] /usr/bin/ld: ../../bin/librtabmap_gui.so.0.23.4: undefined reference to `UPlotCurve::UPlotCurve(QString const&, QVector<double> const&, QVector<double> const&, QObject*)'
[5.556s] /usr/bin/ld: ../../bin/librtabmap_gui.so.0.23.4: undefined reference to `rtabmap::PostProcessingDialog::isRefineLoopClosureLinks() const'
[5.556s] /usr/bin/ld: ../../bin/librtabmap_gui.so.0.23.4: undefined reference to `rtabmap::MainWindow::rtabmapEventInitReceived(int, QString const&)'
[5.556s] /usr/bin/ld: ../../bin/librtabmap_gui.so.0.23.4: undefined reference to `rtabmap::CalibrationDialog::squareSize() const'
[5.556s] /usr/bin/ld: ../../bin/librtabmap_gui.so.0.23.4: undefined reference to `rtabmap::vtkImageMatSource::New()'
[5.556s] /usr/bin/ld: ../../bin/librtabmap_gui.so.0.23.4: undefined reference to `rtabmap::MapVisibilityWidget::getVisiblePoses() const'
[5.556s] /usr/bin/ld: ../../bin/librtabmap_gui.so.0.23.4: undefined reference to `rtabmap::MainWindow::statsReceived(rtabmap::Statistics const&)'
[5.556s] /usr/bin/ld: ../../bin/librtabmap_gui.so.0.23.4: undefined reference to `rtabmap::MainWindow::mappingModeChanged(bool)'
[5.558s] /usr/bin/ld: ../../bin/librtabmap_gui.so.0.23.4: undefined reference to `vtable for rtabmap::DatabaseViewer'
[5.559s] /usr/bin/ld: ../../bin/librtabmap_gui.so.0.23.4: undefined reference to `rtabmap::StatsToolBox::setWorkingDirectory(QString const&)'
[5.559s] /usr/bin/ld: ../../bin/librtabmap_gui.so.0.23.4: undefined reference to `rtabmap::ExportBundlerDialog::ExportBundlerDialog(QWidget*)'
[5.559s] /usr/bin/ld: ../../bin/librtabmap_gui.so.0.23.4: undefined reference to `rtabmap::CalibrationDialog::setFisheyeModel()'
[5.559s] /usr/bin/ld: ../../bin/librtabmap_gui.so.0.23.4: undefined reference to `rtabmap::PostProcessingDialog::PostProcessingDialog(QWidget*)'
[5.559s] /usr/bin/ld: ../../bin/librtabmap_gui.so.0.23.4: undefined reference to `rtabmap::MultiSessionLocSubView::updateView(int, QImage const&, std::multimap<int, cv::KeyPoint, std::less<int>, std::allocator<std::pair<int const, cv::KeyPoint> > > const&, float, QColor const&)'
[5.559s] /usr/bin/ld: ../../bin/librtabmap_gui.so.0.23.4: undefined reference to `rtabmap::ProgressDialog::maximumSteps() const'
[5.559s] /usr/bin/ld: ../../bin/librtabmap_gui.so.0.23.4: undefined reference to `rtabmap::ImageView::addFeature(int, cv::KeyPoint const&, float, QColor)'
[5.560s] /usr/bin/ld: ../../bin/librtabmap_gui.so.0.23.4: undefined reference to `QMultiComboBox::QMultiComboBox(QWidget*)'
[5.560s] /usr/bin/ld: ../../bin/librtabmap_gui.so.0.23.4: undefined reference to `rtabmap::LinkRefiningDialog::getRangeNodeId(int&, int&) const'
[5.560s] /usr/bin/ld: ../../bin/librtabmap_gui.so.0.23.4: undefined reference to `rtabmap::CalibrationDialog::loadSettings(QSettings&, QString const&)'
[5.560s] /usr/bin/ld: ../../bin/librtabmap_gui.so.0.23.4: undefined reference to `rtabmap::MainWindow::odometryProcessed()'
[5.560s] /usr/bin/ld: ../../bin/librtabmap_gui.so.0.23.4: undefined reference to `rtabmap::PostProcessingDialog::sbaIterations() const'
[5.561s] collect2: error: ld returned 1 exit status
[5.561s] /usr/bin/ld: ../../bin/librtabmap_gui.so.0.23.4: undefined reference to `rtabmap::CalibrationDialog::saveSettings(QSettings&, QString const&) const'
[5.561s] /usr/bin/ld: ../../bin/librtabmap_gui.so.0.23.4: undefined reference to `rtabmap::StatsToolBox::StatsToolBox(QWidget*)'
[5.561s] /usr/bin/ld: ../../bin/librtabmap_gui.so.0.23.4: undefined reference to `rtabmap::MainWindow::cameraInfoProcessed()'
[5.561s] /usr/bin/ld: ../../bin/librtabmap_gui.so.0.23.4: undefined reference to `rtabmap::LinkRefiningDialog::getIntraInterSessions(bool&, bool&) const'
[5.561s] /usr/bin/ld: ../../bin/librtabmap_gui.so.0.23.4: undefined reference to `rtabmap::CalibrationDialog::setCameraName(QString const&)'
[5.561s] /usr/bin/ld: ../../bin/librtabmap_gui.so.0.23.4: undefined reference to `rtabmap::StatsToolBox::addThreshold(QString const&, double)'
[5.561s] /usr/bin/ld: ../../bin/librtabmap_gui.so.0.23.4: undefined reference to `rtabmap::StatsToolBox::getFiguresSetup(QList<int>&, QStringList&, QStringList&)'
[5.561s] /usr/bin/ld: ../../bin/librtabmap_gui.so.0.23.4: undefined reference to `rtabmap::ExportDialog::isDepthExported() const'
[5.561s] /usr/bin/ld: ../../bin/librtabmap_gui.so.0.23.4: undefined reference to `rtabmap::MainWindow::detectionRateChanged(double)'
[5.561s] /usr/bin/ld: ../../bin/librtabmap_gui.so.0.23.4: undefined reference to `UPlot::setFixedYAxis(double, double)'
[5.563s] gmake[2]: *** [tools/Calibration/CMakeFiles/calibration.dir/build.make:189：bin/rtabmap-calibration] 错误 1
[5.563s] gmake[1]: *** [CMakeFiles/Makefile2:1578：tools/Calibration/CMakeFiles/calibration.dir/all] 错误 2
[5.575s] collect2: error: ld returned 1 exit status
[5.577s] gmake[2]: *** [app/src/CMakeFiles/rtabmap_app.dir/build.make:189：bin/rtabmap] 错误 1
[5.577s] gmake[1]: *** [CMakeFiles/Makefile2:950：app/src/CMakeFiles/rtabmap_app.dir/all] 错误 2
[5.577s] /usr/bin/ld: CMakeFiles/rgbd_camera.dir/main.cpp.o: in function `main.cold':
[5.578s] main.cpp:(.text.unlikely+0x9be): undefined reference to `rtabmap::CameraViewer::~CameraViewer()'
[5.578s] /usr/bin/ld: CMakeFiles/rgbd_camera.dir/main.cpp.o: in function `main':
[5.578s] main.cpp:(.text.startup+0x40ef): undefined reference to `rtabmap::CameraViewer::CameraViewer(QWidget*, std::map<std::__cxx11::basic_string<char, std::char_traits<char>, std::allocator<char> >, std::__cxx11::basic_string<char, std::char_traits<char>, std::allocator<char> >, std::less<std::__cxx11::basic_string<char, std::char_traits<char>, std::allocator<char> > >, std::allocator<std::pair<std::__cxx11::basic_string<char, std::char_traits<char>, std::allocator<char> > const, std::__cxx11::basic_string<char, std::char_traits<char>, std::allocator<char> > > > > const&)'
[5.578s] /usr/bin/ld: main.cpp:(.text.startup+0x41cf): undefined reference to `rtabmap::CameraViewer::~CameraViewer()'
[5.591s] collect2: error: ld returned 1 exit status
[5.591s] gmake[2]: *** [tools/EpipolarGeometry/CMakeFiles/epipolar_geometry.dir/build.make:189：bin/rtabmap-epipolar_geometry] 错误 1
[5.591s] gmake[1]: *** [CMakeFiles/Makefile2:1494：tools/EpipolarGeometry/CMakeFiles/epipolar_geometry.dir/all] 错误 2
[5.595s] /usr/bin/ld: CMakeFiles/matcher.dir/main.cpp.o: in function `main':
[5.595s] main.cpp:(.text.startup+0x17c2): undefined reference to `rtabmap::CloudViewerInteractorStyle::New()'
[5.595s] /usr/bin/ld: main.cpp:(.text.startup+0x214e): undefined reference to `rtabmap::ImageView::ImageView(QWidget*)'
[5.595s] /usr/bin/ld: main.cpp:(.text.startup+0x216d): undefined reference to `rtabmap::ImageView::ImageView(QWidget*)'
[5.595s] /usr/bin/ld: main.cpp:(.text.startup+0x224c): undefined reference to `rtabmap::ImageView::setImage(QImage const&, std::vector<rtabmap::CameraModel, std::allocator<rtabmap::CameraModel> > const&, rtabmap::Transform const&)'
[5.595s] /usr/bin/ld: main.cpp:(.text.startup+0x2271): undefined reference to `rtabmap::ImageView::setAlpha(int)'
[5.595s] /usr/bin/ld: main.cpp:(.text.startup+0x22b4): undefined reference to `rtabmap::ImageView::setImageDepth(QImage const&, QImage const&)'
[5.595s] /usr/bin/ld: main.cpp:(.text.startup+0x22d1): undefined reference to `rtabmap::ImageView::setImageDepthShown(bool)'
[5.595s] /usr/bin/ld: main.cpp:(.text.startup+0x2328): undefined reference to `rtabmap::ImageView::setImage(QImage const&, std::vector<rtabmap::CameraModel, std::allocator<rtabmap::CameraModel> > const&, rtabmap::Transform const&)'
[5.595s] /usr/bin/ld: main.cpp:(.text.startup+0x234d): undefined reference to `rtabmap::ImageView::setAlpha(int)'
[5.595s] /usr/bin/ld: main.cpp:(.text.startup+0x253b): undefined reference to `rtabmap::ImageView::setFeatures(std::multimap<int, cv::KeyPoint, std::less<int>, std::allocator<std::pair<int const, cv::KeyPoint> > > const&, cv::Mat const&, QColor const&)'
[5.596s] /usr/bin/ld: main.cpp:(.text.startup+0x2577): undefined reference to `rtabmap::ImageView::setFeatures(std::multimap<int, cv::KeyPoint, std::less<int>, std::allocator<std::pair<int const, cv::KeyPoint> > > const&, cv::Mat const&, QColor const&)'
[5.596s] /usr/bin/ld: main.cpp:(.text.startup+0x2de2): undefined reference to `rtabmap::ImageView::setImageDepth(QImage const&, QImage const&)'
[5.596s] /usr/bin/ld: main.cpp:(.text.startup+0x2dff): undefined reference to `rtabmap::ImageView::setImageDepthShown(bool)'
[5.596s] /usr/bin/ld: main.cpp:(.text.startup+0x301c): undefined reference to `rtabmap::ImageView::viewScale() const'
[5.596s] /usr/bin/ld: main.cpp:(.text.startup+0x3030): undefined reference to `rtabmap::ImageView::viewScale() const'
[5.596s] /usr/bin/ld: main.cpp:(.text.startup+0x3040): undefined reference to `rtabmap::ImageView::viewScale() const'
[5.596s] /usr/bin/ld: main.cpp:(.text.startup+0x3050): undefined reference to `rtabmap::ImageView::viewScale() const'
[5.596s] /usr/bin/ld: main.cpp:(.text.startup+0x3bae): undefined reference to `rtabmap::ImageView::getDefaultMatchingLineColor() const'
[5.596s] /usr/bin/ld: main.cpp:(.text.startup+0x3bd8): undefined reference to `rtabmap::ImageView::getDefaultMatchingLineColor() const'
[5.596s] /usr/bin/ld: main.cpp:(.text.startup+0x3c70): undefined reference to `rtabmap::ImageView::getDefaultMatchingLineColor() const'
[5.597s] /usr/bin/ld: main.cpp:(.text.startup+0x3cb7): undefined reference to `rtabmap::ImageView::setFeatureColor(int, QColor)'
[5.597s] /usr/bin/ld: main.cpp:(.text.startup+0x3cc6): undefined reference to `rtabmap::ImageView::getDefaultMatchingLineColor() const'
[5.597s] /usr/bin/ld: main.cpp:(.text.startup+0x3d09): undefined reference to `rtabmap::ImageView::setFeatureColor(int, QColor)'
[5.597s] /usr/bin/ld: main.cpp:(.text.startup+0x3f93): undefined reference to `rtabmap::ImageView::addLine(float, float, float, float, QColor, QString const&)'
[5.597s] /usr/bin/ld: main.cpp:(.text.startup+0x418c): undefined reference to `rtabmap::ImageView::addLine(float, float, float, float, QColor, QString const&)'
[5.597s] /usr/bin/ld: main.cpp:(.text.startup+0x41a5): undefined reference to `rtabmap::ImageView::getDefaultMatchingFeatureColor() const'
[5.597s] /usr/bin/ld: main.cpp:(.text.startup+0x41c0): undefined reference to `rtabmap::ImageView::getDefaultMatchingFeatureColor() const'
[5.597s] /usr/bin/ld: main.cpp:(.text.startup+0x41de): undefined reference to `rtabmap::ImageView::getDefaultMatchingFeatureColor() const'
[5.597s] /usr/bin/ld: main.cpp:(.text.startup+0x4221): undefined reference to `rtabmap::ImageView::setFeatureColor(int, QColor)'
[5.597s] /usr/bin/ld: main.cpp:(.text.startup+0x4230): undefined reference to `rtabmap::ImageView::getDefaultMatchingFeatureColor() const'
[5.604s] collect2: error: ld returned 1 exit status
[5.606s] gmake[2]: *** [tools/DatabaseViewer/CMakeFiles/databaseViewer.dir/build.make:189：bin/rtabmap-databaseViewer] 错误 1
[5.607s] gmake[1]: *** [CMakeFiles/Makefile2:1466：tools/DatabaseViewer/CMakeFiles/databaseViewer.dir/all] 错误 2
[5.611s] /usr/bin/ld: CMakeFiles/lidar_mapping.dir/main.cpp.o: in function `MapBuilder::MapBuilder(rtabmap::SensorCaptureThread*)':
[5.611s] main.cpp:(.text._ZN10MapBuilderC2EPN7rtabmap19SensorCaptureThreadE[_ZN10MapBuilderC5EPN7rtabmap19SensorCaptureThreadE]+0x108): undefined reference to `rtabmap::CloudViewerInteractorStyle::New()'
[5.628s] /usr/bin/ld: ../../bin/librtabmap_gui.so.0.23.4: undefined reference to `vtable for rtabmap::RecoveryState'
[5.628s] /usr/bin/ld: ../../bin/librtabmap_gui.so.0.23.4: undefined reference to `vtable for rtabmap::GraphViewer'
[5.628s] /usr/bin/ld: ../../bin/librtabmap_gui.so.0.23.4: undefined reference to `rtabmap::EditConstraintDialog::EditConstraintDialog(rtabmap::Transform const&, cv::Mat const&, QWidget*)'
[5.628s] /usr/bin/ld: ../../bin/librtabmap_gui.so.0.23.4: undefined reference to `UPlot::addThreshold(QString const&, double, Qt::Orientation)'
[5.629s] /usr/bin/ld: ../../bin/librtabmap_gui.so.0.23.4: undefined reference to `rtabmap::LinkRefiningDialog::isRangeByNodeId() const'
[5.631s] /usr/bin/ld: ../../bin/librtabmap_gui.so.0.23.4: undefined reference to `rtabmap::CreateSimpleCalibrationDialog::CreateSimpleCalibrationDialog(QString const&, QString const&, QWidget*)'
[5.631s] /usr/bin/ld: ../../bin/librtabmap_gui.so.0.23.4: undefined reference to `rtabmap::ImageView::setImageDepth(cv::Mat const&, cv::Mat const&)'
[5.633s] /usr/bin/ld: ../../bin/librtabmap_gui.so.0.23.4: undefined reference to `rtabmap::ExportDialog::isUserDataExported() const'
[5.633s] /usr/bin/ld: ../../bin/librtabmap_gui.so.0.23.4: undefined reference to `rtabmap::MainWindow::statsProcessed()'
[5.633s] /usr/bin/ld: ../../bin/librtabmap_gui.so.0.23.4: undefined reference to `rtabmap::ImageView::isImageDepthShown() const'
[5.633s] /usr/bin/ld: ../../bin/librtabmap_gui.so.0.23.4: undefined reference to `rtabmap::ExportDialog::targetFramerate() const'
[5.633s] /usr/bin/ld: ../../bin/librtabmap_gui.so.0.23.4: undefined reference to `QMultiComboBox::addItem(QString const&, QVariant const&)'
[5.634s] /usr/bin/ld: ../../bin/librtabmap_gui.so.0.23.4: undefined reference to `rtabmap::PreferencesDialog::settingsChanged(std::map<std::__cxx11::basic_string<char, std::char_traits<char>, std::allocator<char> >, std::__cxx11::basic_string<char, std::char_traits<char>, std::allocator<char> >, std::less<std::__cxx11::basic_string<char, std::char_traits<char>, std::allocator<char> > >, std::allocator<std::pair<std::__cxx11::basic_string<char, std::char_traits<char>, std::allocator<char> > const, std::__cxx11::basic_string<char, std::char_traits<char>, std::allocator<char> > > > >)'
[5.634s] /usr/bin/ld: ../../bin/librtabmap_gui.so.0.23.4: undefined reference to `rtabmap::EditConstraintDialog::getTransform() const'
[5.635s] /usr/bin/ld: ../../bin/librtabmap_gui.so.0.23.4: undefined reference to `rtabmap::ExportBundlerDialog::exportBundler(std::map<int, rtabmap::Transform, std::less<int>, std::allocator<std::pair<int const, rtabmap::Transform> > >&, std::multimap<int, rtabmap::Link, std::less<int>, std::allocator<std::pair<int const, rtabmap::Link> > > const&, QMap<int, rtabmap::Signature> const&, std::map<std::__cxx11::basic_string<char, std::char_traits<char>, std::allocator<char> >, std::__cxx11::basic_string<char, std::char_traits<char>, std::allocator<char> >, std::less<std::__cxx11::basic_string<char, std::char_traits<char>, std::allocator<char> > >, std::allocator<std::pair<std::__cxx11::basic_string<char, std::char_traits<char>, std::allocator<char> > const, std::__cxx11::basic_string<char, std::char_traits<char>, std::allocator<char> > > > > const&)'
[5.635s] /usr/bin/ld: ../../bin/librtabmap_gui.so.0.23.4: undefined reference to `rtabmap::EditDepthArea::EditDepthArea(QWidget*)'
[5.635s] /usr/bin/ld: ../../bin/librtabmap_gui.so.0.23.4: undefined reference to `rtabmap::MainWindow::rtabmapGoalStatusEventReceived(int)'
[5.636s] /usr/bin/ld: ../../bin/librtabmap_gui.so.0.23.4: undefined reference to `rtabmap::StatsToolBox::closeFigures()'
[5.636s] /usr/bin/ld: ../../bin/librtabmap_gui.so.0.23.4: undefined reference to `rtabmap::GraphViewer::linkSelected(int, int)'
[5.637s] /usr/bin/ld: ../../bin/librtabmap_gui.so.0.23.4: undefined reference to `rtabmap::ProgressDialog::clear()'
[5.637s] /usr/bin/ld: ../../bin/librtabmap_gui.so.0.23.4: undefined reference to `rtabmap::ProgressDialog::resetProgress()'
[5.638s] /usr/bin/ld: ../../bin/librtabmap_gui.so.0.23.4: undefined reference to `UPlot::removeCurves()'
[5.638s] /usr/bin/ld: ../../bin/librtabmap_gui.so.0.23.4: undefined reference to `rtabmap::ImageView::setLinesShown(bool)'
[5.638s] /usr/bin/ld: ../../bin/librtabmap_gui.so.0.23.4: undefined reference to `rtabmap::StatsToolBox::updateStat(QString const&, double, double, bool)'
[5.639s] /usr/bin/ld: ../../bin/librtabmap_gui.so.0.23.4: undefined reference to `rtabmap::ProgressDialog::incrementStep(int)'
[5.639s] /usr/bin/ld: ../../bin/librtabmap_gui.so.0.23.4: undefined reference to `rtabmap::MainWindow::rtabmapGlobalPathEventReceived(rtabmap::RtabmapGlobalPathEvent const&)'
[5.639s] /usr/bin/ld: ../../bin/librtabmap_gui.so.0.23.4: undefined reference to `rtabmap::DataRecorder::~DataRecorder()'
[5.639s] /usr/bin/ld: ../../bin/librtabmap_gui.so.0.23.4: undefined reference to `QMultiComboBox::setItemChecked(int, bool)'
[5.640s] /usr/bin/ld: ../../bin/librtabmap_gui.so.0.23.4: undefined reference to `rtabmap::MainWindow::stateChanged(rtabmap::MainWindow::State)'
[5.640s] /usr/bin/ld: ../../bin/librtabmap_gui.so.0.23.4: undefined reference to `rtabmap::DataRecorder::addData(rtabmap::SensorData const&, rtabmap::Transform const&, cv::Mat const&)'
[5.640s] /usr/bin/ld: ../../bin/librtabmap_gui.so.0.23.4: undefined reference to `rtabmap::GraphViewer::staticMetaObject'
[5.640s] /usr/bin/ld: ../../bin/librtabmap_gui.so.0.23.4: undefined reference to `rtabmap::PostProcessingDialog::iterations() const'
[5.640s] /usr/bin/ld: ../../bin/librtabmap_gui.so.0.23.4: undefined reference to `rtabmap::EditMapArea::EditMapArea(QWidget*)'
[5.640s] /usr/bin/ld: ../../bin/librtabmap_gui.so.0.23.4: undefined reference to `rtabmap::MainWindow::noMoreImagesReceived()'
[5.640s] /usr/bin/ld: ../../bin/librtabmap_gui.so.0.23.4: undefined reference to `rtabmap::ConsoleWidget::ConsoleWidget(QWidget*)'
[5.640s] /usr/bin/ld: ../../bin/librtabmap_gui.so.0.23.4: undefined reference to `vtable for rtabmap::ParametersToolBox'
[5.641s] /usr/bin/ld: ../../bin/librtabmap_gui.so.0.23.4: undefined reference to `rtabmap::EditMapArea::setMap(cv::Mat const&)'
[5.641s] /usr/bin/ld: ../../bin/librtabmap_gui.so.0.23.4: undefined reference to `rtabmap::ExportBundlerDialog::staticMetaObject'
[5.641s] /usr/bin/ld: ../../bin/librtabmap_gui.so.0.23.4: undefined reference to `rtabmap::PreferencesDialog::staticMetaObject'
[5.641s] /usr/bin/ld: ../../bin/librtabmap_gui.so.0.23.4: undefined reference to `rtabmap::MainWindow::staticMetaObject'
[5.641s] /usr/bin/ld: ../../bin/librtabmap_gui.so.0.23.4: undefined reference to `rtabmap::CalibrationDialog::setSwitchedImages(bool)'
[5.641s] /usr/bin/ld: ../../bin/librtabmap_gui.so.0.23.4: undefined reference to `rtabmap::CalibrationDialog::setSquareSize(double)'
[5.641s] /usr/bin/ld: ../../bin/librtabmap_gui.so.0.23.4: undefined reference to `rtabmap::StatsToolBox::clear()'
[5.642s] /usr/bin/ld: ../../bin/librtabmap_gui.so.0.23.4: undefined reference to `rtabmap::CalibrationDialog::setStereoMode(bool, QString const&, QString const&)'
[5.642s] /usr/bin/ld: ../../bin/librtabmap_gui.so.0.23.4: undefined reference to `rtabmap::ImageView::setFeatures(std::vector<cv::KeyPoint, std::allocator<cv::KeyPoint> > const&, cv::Mat const&, QColor const&)'
[5.642s] /usr/bin/ld: ../../bin/librtabmap_gui.so.0.23.4: undefined reference to `rtabmap::GraphViewer::nodeSelected(int)'
[5.642s] /usr/bin/ld: ../../bin/librtabmap_gui.so.0.23.4: undefined reference to `rtabmap::CalibrationDialog::stereoCalibration(rtabmap::CameraModel const&, rtabmap::CameraModel const&, bool, QTextStream*) const'
[5.642s] /usr/bin/ld: ../../bin/librtabmap_gui.so.0.23.4: undefined reference to `vtable for rtabmap::ExportCloudsDialog'
[5.643s] /usr/bin/ld: ../../bin/librtabmap_gui.so.0.23.4: undefined reference to `rtabmap::ExportBundlerDialog::setWorkingDirectory(QString const&)'
[5.643s] /usr/bin/ld: ../../bin/librtabmap_gui.so.0.23.4: undefined reference to `rtabmap::ExportDialog::isRgbExported() const'
[5.643s] /usr/bin/ld: ../../bin/librtabmap_gui.so.0.23.4: undefined reference to `rtabmap::PostProcessingDialog::sbaVariance() const'
[5.643s] /usr/bin/ld: ../../bin/librtabmap_gui.so.0.23.4: undefined reference to `rtabmap::EditConstraintDialog::~EditConstraintDialog()'
[5.643s] /usr/bin/ld: ../../bin/librtabmap_gui.so.0.23.4: undefined reference to `rtabmap::DataRecorder::init(QString const&, bool)'
[5.643s] /usr/bin/ld: ../../bin/librtabmap_gui.so.0.23.4: undefined reference to `vtable for rtabmap::MultiSessionLocWidget'
[5.643s] /usr/bin/ld: ../../bin/librtabmap_gui.so.0.23.4: undefined reference to `rtabmap::ParametersToolBox::staticMetaObject'
[5.643s] /usr/bin/ld: ../../bin/librtabmap_gui.so.0.23.4: undefined reference to `vtable for rtabmap::TexturingState'
[5.644s] /usr/bin/ld: ../../bin/librtabmap_gui.so.0.23.4: undefined reference to `rtabmap::CalibrationDialog::resetSettings()'
[5.644s] /usr/bin/ld: ../../bin/librtabmap_gui.so.0.23.4: undefined reference to `rtabmap::ImageView::clearLines()'
[5.644s] /usr/bin/ld: ../../bin/librtabmap_gui.so.0.23.4: undefined reference to `rtabmap::GraphViewer::mapShownRequested()'
[5.644s] /usr/bin/ld: ../../bin/librtabmap_gui.so.0.23.4: undefined reference to `QMultiComboBox::itemText(int)'
[5.644s] /usr/bin/ld: ../../bin/librtabmap_gui.so.0.23.4: undefined reference to `rtabmap::ImageView::clearFeatures()'
[5.644s] /usr/bin/ld: ../../bin/librtabmap_gui.so.0.23.4: undefined reference to `rtabmap::DataRecorder::DataRecorder(QWidget*)'
[5.644s] /usr/bin/ld: ../../bin/librtabmap_gui.so.0.23.4: undefined reference to `rtabmap::PostProcessingDialog::staticMetaObject'
[5.645s] /usr/bin/ld: ../../bin/librtabmap_gui.so.0.23.4: undefined reference to `rtabmap::MapVisibilityWidget::clear()'
[5.645s] /usr/bin/ld: ../../bin/librtabmap_gui.so.0.23.4: undefined reference to `rtabmap::ExportDialog::isDepth2dExported() const'
[5.645s] /usr/bin/ld: ../../bin/librtabmap_gui.so.0.23.4: undefined reference to `rtabmap::PdfPlotCurve::PdfPlotCurve(QString const&, QMap<int, rtabmap::Signature> const*, QObject*)'
[5.645s] /usr/bin/ld: ../../bin/librtabmap_gui.so.0.23.4: undefined reference to `vtable for rtabmap::MainWindow'
[5.645s] /usr/bin/ld: ../../bin/librtabmap_gui.so.0.23.4: undefined reference to `rtabmap::CalibrationDialog::setBoardWidth(int)'
[5.645s] /usr/bin/ld: ../../bin/librtabmap_gui.so.0.23.4: undefined reference to `rtabmap::ProgressDialog::ProgressDialog(QWidget*, QFlags<Qt::WindowType>)'
[5.645s] /usr/bin/ld: ../../bin/librtabmap_gui.so.0.23.4: undefined reference to `rtabmap::PdfPlotCurve::setData(QMap<int, float> const&, QMap<int, int> const&)'
[5.645s] /usr/bin/ld: ../../bin/librtabmap_gui.so.0.23.4: undefined reference to `rtabmap::MainWindow::imgRateChanged(double)'
[5.645s] /usr/bin/ld: ../../bin/librtabmap_gui.so.0.23.4: undefined reference to `rtabmap::ImageView::isLinesShown() const'
[5.645s] /usr/bin/ld: ../../bin/librtabmap_gui.so.0.23.4: undefined reference to `rtabmap::StatsToolBox::updateStat(QString const&, std::vector<double, std::allocator<double> > const&, std::vector<double, std::allocator<double> > const&, bool)'
[5.646s] /usr/bin/ld: ../../bin/librtabmap_gui.so.0.23.4: undefined reference to `rtabmap::ProgressDialog::setValue(int)'
[5.646s] /usr/bin/ld: ../../bin/librtabmap_gui.so.0.23.4: undefined reference to `rtabmap::ImageView::saveSettings(QSettings&, QString const&) const'
[5.646s] /usr/bin/ld: ../../bin/librtabmap_gui.so.0.23.4: undefined reference to `rtabmap::MapVisibilityWidget::MapVisibilityWidget(QWidget*)'
[5.646s] /usr/bin/ld: ../../bin/librtabmap_gui.so.0.23.4: undefined reference to `rtabmap::PostProcessingDialog::sbaRematchFeatures() const'
[5.647s] /usr/bin/ld: ../../bin/librtabmap_gui.so.0.23.4: undefined reference to `rtabmap::ImageView::sceneRect() const'
[5.647s] /usr/bin/ld: ../../bin/librtabmap_gui.so.0.23.4: undefined reference to `rtabmap::ParametersToolBox::parametersChanged(QStringList const&)'
[5.648s] /usr/bin/ld: ../../bin/librtabmap_gui.so.0.23.4: undefined reference to `rtabmap::CalibrationDialog::boardWidth() const'
[5.648s] /usr/bin/ld: ../../bin/librtabmap_gui.so.0.23.4: undefined reference to `rtabmap::ExportBundlerDialog::loadSettings(QSettings&, QString const&)'
[5.648s] /usr/bin/ld: ../../bin/librtabmap_gui.so.0.23.4: undefined reference to `rtabmap::LinkRefiningDialog::isRangeByMapId() const'
[5.649s] /usr/bin/ld: ../../bin/librtabmap_gui.so.0.23.4: undefined reference to `rtabmap::LoopClosureViewer::updateView(rtabmap::Transform const&, std::map<std::__cxx11::basic_string<char, std::char_traits<char>, std::allocator<char> >, std::__cxx11::basic_string<char, std::char_traits<char>, std::allocator<char> >, std::less<std::__cxx11::basic_string<char, std::char_traits<char>, std::allocator<char> > >, std::allocator<std::pair<std::__cxx11::basic_string<char, std::char_traits<char>, std::allocator<char> > const, std::__cxx11::basic_string<char, std::char_traits<char>, std::allocator<char> > > > > const&)'
[5.649s] /usr/bin/ld: ../../bin/librtabmap_gui.so.0.23.4: undefined reference to `rtabmap::ExportDialog::~ExportDialog()'
[5.649s] /usr/bin/ld: ../../bin/librtabmap_gui.so.0.23.4: undefined reference to `rtabmap::ImageView::getDefaultFeatureColor() const'
[5.649s] /usr/bin/ld: ../../bin/librtabmap_gui.so.0.23.4: undefined reference to `rtabmap::ProgressDialog::~ProgressDialog()'
[5.649s] /usr/bin/ld: ../../bin/librtabmap_gui.so.0.23.4: undefined reference to `rtabmap::StatsToolBox::updateStat(QString const&, double, bool)'
[5.650s] /usr/bin/ld: ../../bin/librtabmap_gui.so.0.23.4: undefined reference to `QMultiComboBox::clear()'
[5.650s] /usr/bin/ld: ../../bin/librtabmap_gui.so.0.23.4: undefined reference to `rtabmap::MainWindow::rtabmapEvent3DMapReceived(rtabmap::RtabmapEvent3DMap const&)'
[5.650s] /usr/bin/ld: ../../bin/librtabmap_gui.so.0.23.4: undefined reference to `vtable for rtabmap::CloudViewer'
[5.650s] /usr/bin/ld: ../../bin/librtabmap_gui.so.0.23.4: undefined reference to `rtabmap::ImageView::getDefaultBackgroundColor() const'
[5.650s] /usr/bin/ld: ../../bin/librtabmap_gui.so.0.23.4: undefined reference to `rtabmap::ImageView::isFeaturesShown() const'
[5.651s] /usr/bin/ld: ../../bin/librtabmap_gui.so.0.23.4: undefined reference to `rtabmap::PostProcessingDialog::clusterRadius() const'
[5.651s] /usr/bin/ld: ../../bin/librtabmap_gui.so.0.23.4: undefined reference to `rtabmap::StatItem::staticMetaObject'
[5.651s] /usr/bin/ld: ../../bin/librtabmap_gui.so.0.23.4: undefined reference to `qInitResources_GuiLib()'
[5.651s] /usr/bin/ld: ../../bin/librtabmap_gui.so.0.23.4: undefined reference to `rtabmap::ProgressDialog::appendText(QString const&, QColor const&)'
[5.652s] /usr/bin/ld: ../../bin/librtabmap_gui.so.0.23.4: undefined reference to `rtabmap::ConsoleWidget::appendMsg(QString const&, int)'
[5.652s] /usr/bin/ld: ../../bin/librtabmap_gui.so.0.23.4: undefined reference to `rtabmap::MainWindow::timeLimitChanged(float)'
[5.652s] /usr/bin/ld: ../../bin/librtabmap_gui.so.0.23.4: undefined reference to `rtabmap::ExportDialog::framesIgnored() const'
[5.653s] /usr/bin/ld: ../../bin/librtabmap_gui.so.0.23.4: undefined reference to `rtabmap::MapVisibilityWidget::setMap(std::map<int, rtabmap::Transform, std::less<int>, std::allocator<std::pair<int const, rtabmap::Transform> > > const&, std::map<int, bool, std::less<int>, std::allocator<std::pair<int const, bool> > > const&)'
[5.653s] /usr/bin/ld: ../../bin/librtabmap_gui.so.0.23.4: undefined reference to `rtabmap::StatsToolBox::updateStat(QString const&, bool)'
[5.653s] /usr/bin/ld: ../../bin/librtabmap_gui.so.0.23.4: undefined reference to `rtabmap::MainWindow::loopClosureThrChanged(double)'
[5.654s] /usr/bin/ld: ../../bin/librtabmap_gui.so.0.23.4: undefined reference to `rtabmap::CalibrationDialog::setBoardHeight(int)'
[5.654s] /usr/bin/ld: ../../bin/librtabmap_gui.so.0.23.4: undefined reference to `rtabmap::MainWindow::rtabmapLabelErrorReceived(int, QString const&)'
[5.654s] /usr/bin/ld: ../../bin/librtabmap_gui.so.0.23.4: undefined reference to `rtabmap::vtkImageMatSource::SetImage(cv::_InputArray const&)'
[5.655s] /usr/bin/ld: ../../bin/librtabmap_gui.so.0.23.4: undefined reference to `UPlot::addCurve(UPlotCurve*, bool)'
[5.655s] /usr/bin/ld: ../../bin/librtabmap_gui.so.0.23.4: undefined reference to `rtabmap::LinkRefiningDialog::LinkRefiningDialog(QWidget*)'
[5.655s] /usr/bin/ld: ../../bin/librtabmap_gui.so.0.23.4: undefined reference to `rtabmap::OdometryViewer::OdometryViewer(int, int, float, float, int, QWidget*, std::map<std::__cxx11::basic_string<char, std::char_traits<char>, std::allocator<char> >, std::__cxx11::basic_string<char, std::char_traits<char>, std::allocator<char> >, std::less<std::__cxx11::basic_string<char, std::char_traits<char>, std::allocator<char> > >, std::allocator<std::pair<std::__cxx11::basic_string<char, std::char_traits<char>, std::allocator<char> > const, std::__cxx11::basic_string<char, std::char_traits<char>, std::allocator<char> > > > > const&)'
[5.655s] /usr/bin/ld: ../../bin/librtabmap_gui.so.0.23.4: undefined reference to `rtabmap::PostProcessingDialog::sbaType() const'
[5.655s] /usr/bin/ld: ../../bin/librtabmap_gui.so.0.23.4: undefined reference to `rtabmap::ProgressDialog::setAutoClose(bool, int)'
[5.655s] /usr/bin/ld: ../../bin/librtabmap_gui.so.0.23.4: undefined reference to `QMultiComboBox::setCurrentIndex(int)'
[5.655s] /usr/bin/ld: ../../bin/librtabmap_gui.so.0.23.4: undefined reference to `rtabmap::ImageView::setImageShown(bool)'
[5.656s] /usr/bin/ld: ../../bin/librtabmap_gui.so.0.23.4: undefined reference to `rtabmap::ImageView::isImageShown() const'
[5.656s] /usr/bin/ld: ../../bin/librtabmap_gui.so.0.23.4: undefined reference to `rtabmap::ImageView::staticMetaObject'
[5.657s] /usr/bin/ld: ../../bin/librtabmap_gui.so.0.23.4: undefined reference to `rtabmap::PostProcessingDialog::intraSession() const'
[5.657s] /usr/bin/ld: ../../bin/librtabmap_gui.so.0.23.4: undefined reference to `rtabmap::EditDepthArea::setColorMap(uCvQtDepthColorMap)'
[5.657s] /usr/bin/ld: ../../bin/librtabmap_gui.so.0.23.4: undefined reference to `rtabmap::ExportDialog::isOdomExported() const'
[5.657s] /usr/bin/ld: ../../bin/librtabmap_gui.so.0.23.4: undefined reference to `rtabmap::LinkRefiningDialog::getLinkType() const'
[5.657s] /usr/bin/ld: ../../bin/librtabmap_gui.so.0.23.4: undefined reference to `rtabmap::MultiSessionLocSubView::clear()'
[5.657s] /usr/bin/ld: ../../bin/librtabmap_gui.so.0.23.4: undefined reference to `rtabmap::PostProcessingDialog::isRefineNeighborLinks() const'
[5.658s] /usr/bin/ld: ../../bin/librtabmap_gui.so.0.23.4: undefined reference to `rtabmap::MainWindow::odometryReceived(rtabmap::OdometryEvent const&, bool)'
[5.658s] /usr/bin/ld: ../../bin/librtabmap_gui.so.0.23.4: undefined reference to `rtabmap::PostProcessingDialog::saveSettings(QSettings&, QString const&) const'
[5.658s] /usr/bin/ld: ../../bin/librtabmap_gui.so.0.23.4: undefined reference to `rtabmap::EditMapArea::getModifiedMap() const'
[5.658s] /usr/bin/ld: ../../bin/librtabmap_gui.so.0.23.4: undefined reference to `rtabmap::ImageView::setBackgroundColor(QColor const&)'
[5.658s] /usr/bin/ld: ../../bin/librtabmap_gui.so.0.23.4: undefined reference to `rtabmap::ImageView::clear()'
[5.658s] /usr/bin/ld: ../../bin/librtabmap_gui.so.0.23.4: undefined reference to `rtabmap::CalibrationDialog::boardHeight() const'
[5.659s] /usr/bin/ld: ../../bin/librtabmap_gui.so.0.23.4: undefined reference to `rtabmap::DepthCalibrationDialog::staticMetaObject'
[5.659s] /usr/bin/ld: ../../bin/librtabmap_gui.so.0.23.4: undefined reference to `rtabmap::PostProcessingDialog::clusterAngle() const'
[5.659s] /usr/bin/ld: ../../bin/librtabmap_gui.so.0.23.4: undefined reference to `rtabmap::LinkRefiningDialog::setMinMax(int, int, int, int)'
[5.659s] /usr/bin/ld: ../../bin/librtabmap_gui.so.0.23.4: undefined reference to `rtabmap::CalibrationDialog::staticMetaObject'
[5.659s] /usr/bin/ld: ../../bin/librtabmap_gui.so.0.23.4: undefined reference to `QMultiComboBox::itemData(int)'
[5.659s] /usr/bin/ld: ../../bin/librtabmap_gui.so.0.23.4: undefined reference to `UPlot::showLegend(bool)'
[5.659s] /usr/bin/ld: ../../bin/librtabmap_gui.so.0.23.4: undefined reference to `rtabmap::LoopClosureViewer::LoopClosureViewer(QWidget*)'
[5.659s] /usr/bin/ld: ../../bin/librtabmap_gui.so.0.23.4: undefined reference to `rtabmap::CalibrationDialog::CalibrationDialog(bool, QString const&, bool, QWidget*)'
[5.660s] /usr/bin/ld: ../../bin/librtabmap_gui.so.0.23.4: undefined reference to `rtabmap::PostProcessingDialog::isSBA() const'
[5.660s] /usr/bin/ld: ../../bin/librtabmap_gui.so.0.23.4: undefined reference to `rtabmap::ExportDialog::ExportDialog(QWidget*)'
[5.660s] /usr/bin/ld: ../../bin/librtabmap_gui.so.0.23.4: undefined reference to `rtabmap::ImageView::setSceneRect(QRectF const&)'
[5.660s] /usr/bin/ld: ../../bin/librtabmap_gui.so.0.23.4: undefined reference to `rtabmap::GraphViewer::configChanged()'
[5.660s] /usr/bin/ld: ../../bin/librtabmap_gui.so.0.23.4: undefined reference to `rtabmap::EditDepthArea::setImage(cv::Mat const&, cv::Mat const&)'
[5.660s] /usr/bin/ld: ../../bin/librtabmap_gui.so.0.23.4: undefined reference to `rtabmap::DatabaseViewer::staticMetaObject'
[5.660s] /usr/bin/ld: ../../bin/librtabmap_gui.so.0.23.4: undefined reference to `rtabmap::ImageView::getDepthColorMap() const'
[5.660s] /usr/bin/ld: ../../bin/librtabmap_gui.so.0.23.4: undefined reference to `UPlot::addCurve(QString const&, QColor const&)'
[5.661s] /usr/bin/ld: ../../bin/librtabmap_gui.so.0.23.4: undefined reference to `rtabmap::CloudViewerInteractorStyle::setOrthoMode(bool)'
[5.661s] /usr/bin/ld: ../../bin/librtabmap_gui.so.0.23.4: undefined reference to `QMultiComboBox::count()'
[5.661s] /usr/bin/ld: ../../bin/librtabmap_gui.so.0.23.4: undefined reference to `rtabmap::PreferencesDialog::settingsChanged(QFlags<rtabmap::PreferencesDialog::PanelFlag>)'
[5.661s] /usr/bin/ld: ../../bin/librtabmap_gui.so.0.23.4: undefined reference to `rtabmap::PostProcessingDialog::interSession() const'
[5.662s] /usr/bin/ld: ../../bin/librtabmap_gui.so.0.23.4: undefined reference to `rtabmap::CameraViewer::CameraViewer(QWidget*, std::map<std::__cxx11::basic_string<char, std::char_traits<char>, std::allocator<char> >, std::__cxx11::basic_string<char, std::char_traits<char>, std::allocator<char> >, std::less<std::__cxx11::basic_string<char, std::char_traits<char>, std::allocator<char> > >, std::allocator<std::pair<std::__cxx11::basic_string<char, std::char_traits<char>, std::allocator<char> > const, std::__cxx11::basic_string<char, std::char_traits<char>, std::allocator<char> > > > > const&)'
[5.662s] /usr/bin/ld: ../../bin/librtabmap_gui.so.0.23.4: undefined reference to `rtabmap::CameraViewer::setDecimation(int)'
[5.662s] /usr/bin/ld: ../../bin/librtabmap_gui.so.0.23.4: undefined reference to `UPlot::UPlot(QWidget*)'
[5.663s] /usr/bin/ld: ../../bin/librtabmap_gui.so.0.23.4: undefined reference to `rtabmap::StatsToolBox::addCurve(QString const&, bool, bool)'
[5.663s] /usr/bin/ld: ../../bin/librtabmap_gui.so.0.23.4: undefined reference to `rtabmap::ExportDialog::outputPath() const'
[5.663s] /usr/bin/ld: ../../bin/librtabmap_gui.so.0.23.4: undefined reference to `rtabmap::CloudViewer::configChanged()'
[5.663s] /usr/bin/ld: ../../bin/librtabmap_gui.so.0.23.4: undefined reference to `rtabmap::AboutDialog::AboutDialog(QWidget*)'
[5.664s] /usr/bin/ld: ../../bin/librtabmap_gui.so.0.23.4: undefined reference to `rtabmap::CloudViewer::staticMetaObject'
[5.664s] /usr/bin/ld: ../../bin/librtabmap_gui.so.0.23.4: undefined reference to `rtabmap::CalibrationDialog::setProgressVisibility(bool)'
[5.665s] /usr/bin/ld: ../../bin/librtabmap_gui.so.0.23.4: undefined reference to `vtable for rtabmap::DepthCalibrationDialog'
[5.665s] /usr/bin/ld: ../../bin/librtabmap_gui.so.0.23.4: undefined reference to `vtable for rtabmap::RecoveryState'
[5.665s] /usr/bin/ld: ../../bin/librtabmap_gui.so.0.23.4: undefined reference to `vtable for rtabmap::GraphViewer'
[5.665s] /usr/bin/ld: ../../bin/librtabmap_gui.so.0.23.4: undefined reference to `rtabmap::EditConstraintDialog::EditConstraintDialog(rtabmap::Transform const&, cv::Mat const&, QWidget*)'
[5.666s] /usr/bin/ld: ../../bin/librtabmap_gui.so.0.23.4: undefined reference to `rtabmap::ProgressDialog::setMaximumSteps(int)'
[5.666s] /usr/bin/ld: ../../bin/librtabmap_gui.so.0.23.4: undefined reference to `rtabmap::ExportDialog::sessionExported() const'
[5.666s] /usr/bin/ld: ../../bin/librtabmap_gui.so.0.23.4/usr/bin/ld: undefined reference to `: ../../bin/librtabmap_gui.so.0.23.4: undefined reference to `rtabmap::ProgressDialog::setCancelButtonVisible(bool)'
[5.666s] UPlot::addThreshold(QString const&, double, Qt::Orientation)'
[5.666s] /usr/bin/ld: ../../bin/librtabmap_gui.so.0.23.4: undefined reference to `rtabmap::CalibrationDialog::setRationalModel()'
[5.669s] /usr/bin/ld: ../../bin/librtabmap_gui.so.0.23.4: undefined reference to `rtabmap::ExportCloudsDialog::staticMetaObject'
[5.669s] /usr/bin/ld: ../../bin/librtabmap_gui.so.0.23.4: undefined reference to `rtabmap::LinkRefiningDialog::isRangeByNodeId() const'
[5.669s] /usr/bin/ld: ../../bin/librtabmap_gui.so.0.23.4: undefined reference to `rtabmap::MainWindow::cameraInfoReceived(rtabmap::SensorCaptureInfo const&)'
[5.669s] /usr/bin/ld: ../../bin/librtabmap_gui.so.0.23.4: undefined reference to `rtabmap::ImageView::setFeaturesShown(bool)'
[5.669s] /usr/bin/ld: ../../bin/librtabmap_gui.so.0.23.4: undefined reference to `rtabmap::MainWindow::rtabmapEvent3DMapProcessed()'
[5.669s] /usr/bin/ld: ../../bin/librtabmap_gui.so.0.23.4: undefined reference to `UPlotCurve::addValue(double, double)'
[5.669s] /usr/bin/ld: ../../bin/librtabmap_gui.so.0.23.4: undefined reference to `rtabmap::EditConstraintDialog::setPoseGroupVisible(bool)'
[5.669s] /usr/bin/ld: ../../bin/librtabmap_gui.so.0.23.4: undefined reference to `rtabmap::LoopClosureViewer::setData(rtabmap::Signature const&, rtabmap::Signature const&)'
[5.669s] /usr/bin/ld: ../../bin/librtabmap_gui.so.0.23.4: undefined reference to `rtabmap::CalibrationDialog::processImages(cv::Mat const&, cv::Mat const&, QString const&)'
[5.669s] /usr/bin/ld: ../../bin/librtabmap_gui.so.0.23.4: undefined reference to `rtabmap::PostProcessingDialog::loadSettings(QSettings&, QString const&)'
[5.669s] /usr/bin/ld: ../../bin/librtabmap_gui.so.0.23.4: undefined reference to `rtabmap::CreateSimpleCalibrationDialog::CreateSimpleCalibrationDialog(QString const&, QString const&, QWidget*)'
[5.669s] /usr/bin/ld: ../../bin/librtabmap_gui.so.0.23.4: undefined reference to `rtabmap::ImageView::setImageDepth(cv::Mat const&, cv::Mat const&)'
[5.669s] /usr/bin/ld: ../../bin/librtabmap_gui.so.0.23.4: undefined reference to `rtabmap::ExportBundlerDialog::saveSettings(QSettings&, QString const&) const'
[5.669s] /usr/bin/ld: ../../bin/librtabmap_gui.so.0.23.4: undefined reference to `rtabmap::ExportDialog::isUserDataExported() const'
[5.669s] /usr/bin/ld: ../../bin/librtabmap_gui.so.0.23.4: undefined reference to `QMultiComboBox::SetDisplayText(QString)'
[5.670s] /usr/bin/ld: ../../bin/librtabmap_gui.so.0.23.4: undefined reference to `rtabmap::MainWindow::statsProcessed()'
[5.670s] /usr/bin/ld: ../../bin/librtabmap_gui.so.0.23.4: undefined reference to `rtabmap::ImageView::isImageDepthShown() const'
[5.671s] /usr/bin/ld: ../../bin/librtabmap_gui.so.0.23.4: undefined reference to `rtabmap::MultiSessionLocSubView::MultiSessionLocSubView(rtabmap::ImageView*, int, QWidget*)'
[5.671s] /usr/bin/ld: ../../bin/librtabmap_gui.so.0.23.4: undefined reference to `rtabmap::ExportDialog::targetFramerate() const'
[5.671s] /usr/bin/ld: ../../bin/librtabmap_gui.so.0.23.4: undefined reference to `rtabmap::ImageView::loadSettings(QSettings&, QString const&)'
[5.672s] /usr/bin/ld: ../../bin/librtabmap_gui.so.0.23.4: undefined reference to `rtabmap::ImageView::setFeaturesColor(QColor)'
[5.672s] /usr/bin/ld: ../../bin/librtabmap_gui.so.0.23.4: undefined reference to `vtable for rtabmap::PreferencesDialog'
[5.672s] /usr/bin/ld: ../../bin/librtabmap_gui.so.0.23.4: undefined reference to `QMultiComboBox::addItem(QString const&, QVariant const&)'
[5.672s] /usr/bin/ld: ../../bin/librtabmap_gui.so.0.23.4: undefined reference to `rtabmap::EditConstraintDialog::getCovariance() const'
[5.672s] /usr/bin/ld: ../../bin/librtabmap_gui.so.0.23.4: undefined reference to `/usr/bin/ld: ../../bin/librtabmap_gui.so.0.23.4: undefined reference to `rtabmap::PostProcessingDialog::isDetectMoreLoopClosures() const'
[5.672s] rtabmap::PreferencesDialog::settingsChanged(std::map<std::__cxx11::basic_string<char, std::char_traits<char>, std::allocator<char> >, std::__cxx11::basic_string<char, std::char_traits<char>, std::allocator<char> >, std::less<std::__cxx11::basic_string<char, std::char_traits<char>, std::allocator<char> > >, std::allocator<std::pair<std::__cxx11::basic_string<char, std::char_traits<char>, std::allocator<char> > const, std::__cxx11::basic_string<char, std::char_traits<char>, std::allocator<char> > > > >)'
[5.672s] /usr/bin/ld: ../../bin/librtabmap_gui.so.0.23.4: undefined reference to `rtabmap::EditConstraintDialog::getTransform() const'
[5.672s] /usr/bin/ld: ../../bin/librtabmap_gui.so.0.23.4: undefined reference to `rtabmap::CloudViewerCellPicker::New()'
[5.672s] /usr/bin/ld: ../../bin/librtabmap_gui.so.0.23.4: undefined reference to `rtabmap::EditDepthArea::getModifiedImage() const'
[5.672s] /usr/bin/ld: ../../bin/librtabmap_gui.so.0.23.4: undefined reference to `UPlotCurve::UPlotCurve(QString const&, QVector<double> const&, QVector<double> const&, QObject*)'
[5.672s] /usr/bin/ld: ../../bin/librtabmap_gui.so.0.23.4: undefined reference to `rtabmap::PostProcessingDialog::isRefineLoopClosureLinks() const'
[5.672s] /usr/bin/ld: ../../bin/librtabmap_gui.so.0.23.4: undefined reference to `rtabmap::MainWindow::rtabmapEventInitReceived(int, QString const&)'
[5.672s] /usr/bin/ld: ../../bin/librtabmap_gui.so.0.23.4: undefined reference to `rtabmap::CalibrationDialog::squareSize() const'
[5.672s] /usr/bin/ld: ../../bin/librtabmap_gui.so.0.23.4: undefined reference to `rtabmap::vtkImageMatSource::New()'
[5.673s] /usr/bin/ld: ../../bin/librtabmap_gui.so.0.23.4: undefined reference to `rtabmap::MapVisibilityWidget::getVisiblePoses() const'
[5.673s] /usr/bin/ld: ../../bin/librtabmap_gui.so.0.23.4: undefined reference to `rtabmap::MainWindow::statsReceived(rtabmap::Statistics const&)'
[5.673s] /usr/bin/ld: ../../bin/librtabmap_gui.so.0.23.4: undefined reference to `rtabmap::ExportBundlerDialog::exportBundler(std::map<int, rtabmap::Transform, std::less<int>, std::allocator<std::pair<int const, rtabmap::Transform> > >&, std::multimap<int, rtabmap::Link, std::less<int>, std::allocator<std::pair<int const, rtabmap::Link> > > const&, QMap<int, rtabmap::Signature> const&, std::map<std::__cxx11::basic_string<char, std::char_traits<char>, std::allocator<char> >, std::__cxx11::basic_string<char, std::char_traits<char>, std::allocator<char> >, std::less<std::__cxx11::basic_string<char, std::char_traits<char>, std::allocator<char> > >, std::allocator<std::pair<std::__cxx11::basic_string<char, std::char_traits<char>, std::allocator<char> > const, std::__cxx11::basic_string<char, std::char_traits<char>, std::allocator<char> > > > > const&)'
[5.673s] /usr/bin/ld: ../../bin/librtabmap_gui.so.0.23.4: undefined reference to `rtabmap::EditDepthArea::EditDepthArea(QWidget*)'
[5.673s] /usr/bin/ld: ../../bin/librtabmap_gui.so.0.23.4: undefined reference to `rtabmap::MainWindow::mappingModeChanged(bool)'
[5.673s] /usr/bin/ld: ../../bin/librtabmap_gui.so.0.23.4: undefined reference to `rtabmap::MainWindow::rtabmapGoalStatusEventReceived(int)'
[5.673s] /usr/bin/ld: ../../bin/librtabmap_gui.so.0.23.4: undefined reference to `vtable for rtabmap::DatabaseViewer'
[5.674s] /usr/bin/ld: ../../bin/librtabmap_gui.so.0.23.4: undefined reference to `rtabmap::ImageView::setFeatureColor(int, QColor)'
[5.674s] /usr/bin/ld: ../../bin/librtabmap_gui.so.0.23.4: undefined reference to `rtabmap::StatsToolBox::setWorkingDirectory(QString const&)'
[5.674s] /usr/bin/ld: ../../bin/librtabmap_gui.so.0.23.4: undefined reference to `rtabmap::ExportBundlerDialog::ExportBundlerDialog(QWidget*)'
[5.674s] /usr/bin/ld: ../../bin/librtabmap_gui.so.0.23.4: undefined reference to `rtabmap::CalibrationDialog::setFisheyeModel()'
[5.674s] /usr/bin/ld: ../../bin/librtabmap_gui.so.0.23.4: undefined reference to `rtabmap::PostProcessingDialog::PostProcessingDialog(QWidget*)'
[5.674s] /usr/bin/ld: ../../bin/librtabmap_gui.so.0.23.4: undefined reference to `rtabmap::MultiSessionLocSubView::updateView(int, QImage const&, std::multimap<int, cv::KeyPoint, std::less<int>, std::allocator<std::pair<int const, cv::KeyPoint> > > const&, float, QColor const&)'
[5.674s] /usr/bin/ld: ../../bin/librtabmap_gui.so.0.23.4: undefined reference to `rtabmap::ProgressDialog::maximumSteps() const'
[5.674s] /usr/bin/ld: ../../bin/librtabmap_gui.so.0.23.4: undefined reference to `rtabmap::ImageView::addFeature(int, cv::KeyPoint const&, float, QColor)'
[5.674s] /usr/bin/ld: ../../bin/librtabmap_gui.so.0.23.4: undefined reference to `rtabmap::StatsToolBox::closeFigures()'
[5.674s] /usr/bin/ld: ../../bin/librtabmap_gui.so.0.23.4: undefined reference to `rtabmap::GraphViewer::linkSelected(int, int)'
[5.675s] /usr/bin/ld: ../../bin/librtabmap_gui.so.0.23.4: undefined reference to `QMultiComboBox::QMultiComboBox(QWidget*)'
[5.675s] /usr/bin/ld: ../../bin/librtabmap_gui.so.0.23.4: undefined reference to `rtabmap::LinkRefiningDialog::getRangeNodeId(int&, int&) const'
[5.675s] /usr/bin/ld: ../../bin/librtabmap_gui.so.0.23.4: undefined reference to `rtabmap::CalibrationDialog::loadSettings(QSettings&, QString const&)'
[5.675s] /usr/bin/ld: ../../bin/librtabmap_gui.so.0.23.4: undefined reference to `rtabmap::MainWindow::odometryProcessed()'
[5.675s] /usr/bin/ld: ../../bin/librtabmap_gui.so.0.23.4: undefined reference to `rtabmap::PostProcessingDialog::sbaIterations() const'
[5.675s] /usr/bin/ld: ../../bin/librtabmap_gui.so.0.23.4: undefined reference to `rtabmap::ProgressDialog::clear()'
[5.675s] /usr/bin/ld: ../../bin/librtabmap_gui.so.0.23.4: undefined reference to `rtabmap::CalibrationDialog::saveSettings(QSettings&, QString const&) const'
[5.675s] /usr/bin/ld: ../../bin/librtabmap_gui.so.0.23.4: undefined reference to `rtabmap::ProgressDialog::resetProgress()'
[5.675s] /usr/bin/ld: ../../bin/librtabmap_gui.so.0.23.4: undefined reference to `rtabmap::StatsToolBox::StatsToolBox(QWidget*)'
[5.675s] /usr/bin/ld: ../../bin/librtabmap_gui.so.0.23.4: undefined reference to `rtabmap::MainWindow::cameraInfoProcessed()'
[5.675s] /usr/bin/ld: ../../bin/librtabmap_gui.so.0.23.4: undefined reference to `rtabmap::LinkRefiningDialog::getIntraInterSessions(bool&, bool&) const'
[5.675s] /usr/bin/ld: ../../bin/librtabmap_gui.so.0.23.4: undefined reference to `rtabmap::CalibrationDialog::setCameraName(QString const&)'
[5.675s] /usr/bin/ld: ../../bin/librtabmap_gui.so.0.23.4: undefined reference to `rtabmap::StatsToolBox::addThreshold(QString const&, double)'
[5.675s] /usr/bin/ld: ../../bin/librtabmap_gui.so.0.23.4: undefined reference to `rtabmap::StatsToolBox::getFiguresSetup(QList<int>&, QStringList&, QStringList&)'
[5.676s] /usr/bin/ld: ../../bin/librtabmap_gui.so.0.23.4: undefined reference to `UPlot::removeCurves()'
[5.676s] /usr/bin/ld: ../../bin/librtabmap_gui.so.0.23.4: undefined reference to `rtabmap::ExportDialog::isDepthExported() const'
[5.676s] /usr/bin/ld: ../../bin/librtabmap_gui.so.0.23.4: undefined reference to `rtabmap::MainWindow::detectionRateChanged(double)'
[5.676s] /usr/bin/ld: ../../bin/librtabmap_gui.so.0.23.4: undefined reference to `rtabmap::ImageView::setLinesShown(bool)'
[5.676s] /usr/bin/ld: ../../bin/librtabmap_gui.so.0.23.4: undefined reference to `rtabmap::StatsToolBox::updateStat(QString const&, double, double, bool)'
[5.676s] /usr/bin/ld: ../../bin/librtabmap_gui.so.0.23.4: undefined reference to `UPlot::setFixedYAxis(double, double)'
[5.676s] /usr/bin/ld: ../../bin/librtabmap_gui.so.0.23.4: undefined reference to `rtabmap::ProgressDialog::incrementStep(int)'
[5.676s] /usr/bin/ld: ../../bin/librtabmap_gui.so.0.23.4: undefined reference to `rtabmap::MainWindow::rtabmapGlobalPathEventReceived(rtabmap::RtabmapGlobalPathEvent const&)'
[5.676s] /usr/bin/ld: ../../bin/librtabmap_gui.so.0.23.4: undefined reference to `rtabmap::DataRecorder::~DataRecorder()'
[5.677s] /usr/bin/ld: ../../bin/librtabmap_gui.so.0.23.4: undefined reference to `QMultiComboBox::setItemChecked(int, bool)'
[5.677s] /usr/bin/ld: ../../bin/librtabmap_gui.so.0.23.4: undefined reference to `rtabmap::MainWindow::stateChanged(rtabmap::MainWindow::State)'
[5.677s] /usr/bin/ld: ../../bin/librtabmap_gui.so.0.23.4: undefined reference to `rtabmap::DataRecorder::addData(rtabmap::SensorData const&, rtabmap::Transform const&, cv::Mat const&)'
[5.677s] /usr/bin/ld: ../../bin/librtabmap_gui.so.0.23.4: undefined reference to `rtabmap::GraphViewer::staticMetaObject'
[5.677s] /usr/bin/ld: ../../bin/librtabmap_gui.so.0.23.4: undefined reference to `rtabmap::PostProcessingDialog::iterations() const'
[5.677s] /usr/bin/ld: ../../bin/librtabmap_gui.so.0.23.4: undefined reference to `rtabmap::ImageView::getDefaultMatchingFeatureColor() const'
[5.678s] /usr/bin/ld: ../../bin/librtabmap_gui.so.0.23.4: undefined reference to `rtabmap::EditMapArea::EditMapArea(QWidget*)'
[5.678s] /usr/bin/ld: ../../bin/librtabmap_gui.so.0.23.4: undefined reference to `rtabmap::MainWindow::noMoreImagesReceived()'
[5.679s] /usr/bin/ld: ../../bin/librtabmap_gui.so.0.23.4: undefined reference to `rtabmap::ConsoleWidget::ConsoleWidget(QWidget*)'
[5.679s] /usr/bin/ld: ../../bin/librtabmap_gui.so.0.23.4: undefined reference to `vtable for rtabmap::ParametersToolBox'
[5.680s] /usr/bin/ld: ../../bin/librtabmap_gui.so.0.23.4: undefined reference to `rtabmap::EditMapArea::setMap(cv::Mat const&)'
[5.680s] /usr/bin/ld: ../../bin/librtabmap_gui.so.0.23.4: undefined reference to `rtabmap::ExportBundlerDialog::staticMetaObject'
[5.684s] /usr/bin/ld: ../../bin/librtabmap_gui.so.0.23.4: undefined reference to `rtabmap::PreferencesDialog::staticMetaObject'
[5.684s] /usr/bin/ld: ../../bin/librtabmap_gui.so.0.23.4: undefined reference to `rtabmap::ImageView::ImageView(QWidget*)'
[5.684s] /usr/bin/ld: ../../bin/librtabmap_gui.so.0.23.4: undefined reference to `rtabmap::MainWindow::staticMetaObject'
[5.684s] /usr/bin/ld: ../../bin/librtabmap_gui.so.0.23.4: undefined reference to `rtabmap::CalibrationDialog::setSwitchedImages(bool)'
[5.684s] /usr/bin/ld: ../../bin/librtabmap_gui.so.0.23.4: undefined reference to `rtabmap::CalibrationDialog::setSquareSize(double)'
[5.685s] /usr/bin/ld: ../../bin/librtabmap_gui.so.0.23.4: undefined reference to `rtabmap::StatsToolBox::clear()'
[5.686s] /usr/bin/ld: ../../bin/librtabmap_gui.so.0.23.4: undefined reference to `rtabmap::CalibrationDialog::setStereoMode(bool, QString const&, QString const&)'
[5.686s] /usr/bin/ld: ../../bin/librtabmap_gui.so.0.23.4: undefined reference to `rtabmap::ImageView::setFeatures(std::vector<cv::KeyPoint, std::allocator<cv::KeyPoint> > const&, cv::Mat const&, QColor const&)'
[5.686s] /usr/bin/ld: ../../bin/librtabmap_gui.so.0.23.4: undefined reference to `rtabmap::ImageView::getDefaultMatchingLineColor() const'
[5.687s] /usr/bin/ld: ../../bin/librtabmap_gui.so.0.23.4: undefined reference to `rtabmap::GraphViewer::nodeSelected(int)'
[5.687s] /usr/bin/ld: ../../bin/librtabmap_gui.so.0.23.4: undefined reference to `rtabmap::CalibrationDialog::stereoCalibration(rtabmap::CameraModel const&, rtabmap::CameraModel const&, bool, QTextStream*) const'
[5.688s] /usr/bin/ld: ../../bin/librtabmap_gui.so.0.23.4: undefined reference to `vtable for rtabmap::ExportCloudsDialog'
[5.688s] /usr/bin/ld: ../../bin/librtabmap_gui.so.0.23.4: undefined reference to `rtabmap::ExportBundlerDialog::setWorkingDirectory(QString const&)'
[5.688s] /usr/bin/ld: ../../bin/librtabmap_gui.so.0.23.4: undefined reference to `rtabmap::ExportDialog::isRgbExported() const'
[5.689s] /usr/bin/ld: ../../bin/librtabmap_gui.so.0.23.4: undefined reference to `rtabmap::PostProcessingDialog::sbaVariance() const'
[5.689s] /usr/bin/ld: ../../bin/librtabmap_gui.so.0.23.4: undefined reference to `rtabmap::EditConstraintDialog::~EditConstraintDialog()'
[5.689s] /usr/bin/ld: ../../bin/librtabmap_gui.so.0.23.4: undefined reference to `rtabmap::DataRecorder::init(QString const&, bool)'
[5.689s] /usr/bin/ld: ../../bin/librtabmap_gui.so.0.23.4: undefined reference to `vtable for rtabmap::MultiSessionLocWidget'
[5.689s] /usr/bin/ld: ../../bin/librtabmap_gui.so.0.23.4: undefined reference to `rtabmap::ParametersToolBox::staticMetaObject'
[5.689s] /usr/bin/ld: ../../bin/librtabmap_gui.so.0.23.4: undefined reference to `vtable for rtabmap::TexturingState'
[5.689s] /usr/bin/ld: ../../bin/librtabmap_gui.so.0.23.4: undefined reference to `rtabmap::CalibrationDialog::resetSettings()'
[5.689s] /usr/bin/ld: ../../bin/librtabmap_gui.so.0.23.4: undefined reference to `rtabmap::ImageView::clearLines()'
[5.690s] /usr/bin/ld: ../../bin/librtabmap_gui.so.0.23.4: undefined reference to `rtabmap::GraphViewer::mapShownRequested()'
[5.690s] /usr/bin/ld: ../../bin/librtabmap_gui.so.0.23.4: undefined reference to `QMultiComboBox::itemText(int)'
[5.690s] /usr/bin/ld: ../../bin/librtabmap_gui.so.0.23.4: undefined reference to `rtabmap::ImageView::clearFeatures()'
[5.690s] /usr/bin/ld: ../../bin/librtabmap_gui.so.0.23.4: undefined reference to `rtabmap::DataRecorder::DataRecorder(QWidget*)'
[5.690s] /usr/bin/ld: ../../bin/librtabmap_gui.so.0.23.4: undefined reference to `rtabmap::PostProcessingDialog::staticMetaObject'
[5.691s] /usr/bin/ld: ../../bin/librtabmap_gui.so.0.23.4: undefined reference to `rtabmap::MapVisibilityWidget::clear()'
[5.691s] /usr/bin/ld: ../../bin/librtabmap_gui.so.0.23.4: undefined reference to `rtabmap::ExportDialog::isDepth2dExported() const'
[5.691s] /usr/bin/ld: ../../bin/librtabmap_gui.so.0.23.4: undefined reference to `rtabmap::PdfPlotCurve::PdfPlotCurve(QString const&, QMap<int, rtabmap::Signature> const*, QObject*)'
[5.691s] /usr/bin/ld: ../../bin/librtabmap_gui.so.0.23.4: undefined reference to `vtable for rtabmap::MainWindow'
[5.691s] /usr/bin/ld: ../../bin/librtabmap_gui.so.0.23.4: undefined reference to `rtabmap::CalibrationDialog::setBoardWidth(int)'
[5.691s] /usr/bin/ld: ../../bin/librtabmap_gui.so.0.23.4: undefined reference to `rtabmap::ProgressDialog::ProgressDialog(QWidget*, QFlags<Qt::WindowType>)'
[5.691s] /usr/bin/ld: ../../bin/librtabmap_gui.so.0.23.4: undefined reference to `rtabmap::PdfPlotCurve::setData(QMap<int, float> const&, QMap<int, int> const&)'
[5.692s] /usr/bin/ld: ../../bin/librtabmap_gui.so.0.23.4: undefined reference to `rtabmap::MainWindow::imgRateChanged(double)'
[5.692s] /usr/bin/ld: ../../bin/librtabmap_gui.so.0.23.4: undefined reference to `rtabmap::ImageView::isLinesShown() const'
[5.692s] /usr/bin/ld: ../../bin/librtabmap_gui.so.0.23.4: undefined reference to `rtabmap::StatsToolBox::updateStat(QString const&, std::vector<double, std::allocator<double> > const&, std::vector<double, std::allocator<double> > const&, bool)'
[5.692s] /usr/bin/ld: ../../bin/librtabmap_gui.so.0.23.4: undefined reference to `rtabmap::ImageView::viewScale() const'
[5.692s] /usr/bin/ld: ../../bin/librtabmap_gui.so.0.23.4: undefined reference to `rtabmap::ProgressDialog::setValue(int)'
[5.692s] /usr/bin/ld: ../../bin/librtabmap_gui.so.0.23.4: undefined reference to `rtabmap::ImageView::setAlpha(int)'
[5.692s] /usr/bin/ld: ../../bin/librtabmap_gui.so.0.23.4: undefined reference to `rtabmap::ImageView::saveSettings(QSettings&, QString const&) const'
[5.692s] /usr/bin/ld: ../../bin/librtabmap_gui.so.0.23.4: undefined reference to `rtabmap::MapVisibilityWidget::MapVisibilityWidget(QWidget*)'
[5.692s] /usr/bin/ld: ../../bin/librtabmap_gui.so.0.23.4: undefined reference to `rtabmap::PostProcessingDialog::sbaRematchFeatures() const'
[5.693s] /usr/bin/ld: ../../bin/librtabmap_gui.so.0.23.4: undefined reference to `rtabmap::ImageView::sceneRect() const'
[5.693s] /usr/bin/ld: ../../bin/librtabmap_gui.so.0.23.4: undefined reference to `rtabmap::ParametersToolBox::parametersChanged(QStringList const&)'
[5.693s] /usr/bin/ld: ../../bin/librtabmap_gui.so.0.23.4: undefined reference to `rtabmap::CalibrationDialog::boardWidth() const'
[5.693s] /usr/bin/ld: ../../bin/librtabmap_gui.so.0.23.4: undefined reference to `rtabmap::ExportBundlerDialog::loadSettings(QSettings&, QString const&)'
[5.694s] /usr/bin/ld: ../../bin/librtabmap_gui.so.0.23.4: undefined reference to `rtabmap::LinkRefiningDialog::isRangeByMapId() const'
[5.694s] /usr/bin/ld: ../../bin/librtabmap_gui.so.0.23.4: undefined reference to `rtabmap::LoopClosureViewer::updateView(rtabmap::Transform const&, std::map<std::__cxx11::basic_string<char, std::char_traits<char>, std::allocator<char> >, std::__cxx11::basic_string<char, std::char_traits<char>, std::allocator<char> >, std::less<std::__cxx11::basic_string<char, std::char_traits<char>, std::allocator<char> > >, std::allocator<std::pair<std::__cxx11::basic_string<char, std::char_traits<char>, std::allocator<char> > const, std::__cxx11::basic_string<char, std::char_traits<char>, std::allocator<char> > > > > const&)'
[5.694s] /usr/bin/ld: ../../bin/librtabmap_gui.so.0.23.4: undefined reference to `rtabmap::ExportDialog::~ExportDialog()'
[5.694s] /usr/bin/ld: ../../bin/librtabmap_gui.so.0.23.4: undefined reference to `rtabmap::ImageView::getDefaultFeatureColor() const'
[5.694s] /usr/bin/ld: ../../bin/librtabmap_gui.so.0.23.4: undefined reference to `rtabmap::ProgressDialog::~ProgressDialog()'
[5.696s] /usr/bin/ld: ../../bin/librtabmap_gui.so.0.23.4: undefined reference to `rtabmap::StatsToolBox::updateStat(QString const&, double, bool)'
[5.696s] /usr/bin/ld: ../../bin/librtabmap_gui.so.0.23.4: undefined reference to `QMultiComboBox::clear()'
[5.696s] /usr/bin/ld: ../../bin/librtabmap_gui.so.0.23.4: undefined reference to `rtabmap::MainWindow::rtabmapEvent3DMapReceived(rtabmap::RtabmapEvent3DMap const&)'
[5.696s] /usr/bin/ld: ../../bin/librtabmap_gui.so.0.23.4: undefined reference to `vtable for rtabmap::CloudViewer'
[5.696s] /usr/bin/ld: ../../bin/librtabmap_gui.so.0.23.4: undefined reference to `rtabmap::ImageView::getDefaultBackgroundColor() const'
[5.697s] /usr/bin/ld: ../../bin/librtabmap_gui.so.0.23.4: undefined reference to `rtabmap::ImageView::isFeaturesShown() const'
[5.697s] /usr/bin/ld: ../../bin/librtabmap_gui.so.0.23.4: undefined reference to `rtabmap::PostProcessingDialog::clusterRadius() const'
[5.698s] /usr/bin/ld: ../../bin/librtabmap_gui.so.0.23.4: undefined reference to `rtabmap::StatItem::staticMetaObject'
[5.698s] /usr/bin/ld: ../../bin/librtabmap_gui.so.0.23.4: undefined reference to `qInitResources_GuiLib()'
[5.698s] /usr/bin/ld: ../../bin/librtabmap_gui.so.0.23.4: undefined reference to `rtabmap::ProgressDialog::appendText(QString const&, QColor const&)'
[5.699s] /usr/bin/ld: ../../bin/librtabmap_gui.so.0.23.4: undefined reference to `rtabmap::ConsoleWidget::appendMsg(QString const&, int)'
[5.699s] /usr/bin/ld: ../../bin/librtabmap_gui.so.0.23.4: undefined reference to `rtabmap::MainWindow::timeLimitChanged(float)'
[5.699s] /usr/bin/ld: ../../bin/librtabmap_gui.so.0.23.4: undefined reference to `rtabmap::ExportDialog::framesIgnored() const'
[5.700s] /usr/bin/ld: ../../bin/librtabmap_gui.so.0.23.4: undefined reference to `rtabmap::MapVisibilityWidget::setMap(std::map<int, rtabmap::Transform, std::less<int>, std::allocator<std::pair<int const, rtabmap::Transform> > > const&, std::map<int, bool, std::less<int>, std::allocator<std::pair<int const, bool> > > const&)'
[5.701s] /usr/bin/ld: ../../bin/librtabmap_gui.so.0.23.4: undefined reference to `rtabmap::StatsToolBox::updateStat(QString const&, bool)'
[5.701s] /usr/bin/ld: ../../bin/librtabmap_gui.so.0.23.4: undefined reference to `rtabmap::MainWindow::loopClosureThrChanged(double)'
[5.702s] /usr/bin/ld/usr/bin/ld: ../../bin/librtabmap_gui.so.0.23.4: : undefined reference to `rtabmap::CalibrationDialog::setBoardHeight(int)'
[5.702s] CMakeFiles/noEventsExample.dir/main.cpp.o: in function `MapBuilder::MapBuilder()':
[5.702s] main.cpp:/usr/bin/ld(: .text._ZN10MapBuilderC2Ev../../bin/librtabmap_gui.so.0.23.4: undefined reference to `[_ZN10MapBuilderC5Ev]+0xrtabmap::MainWindow::rtabmapLabelErrorReceived(int, QString const&)'
[5.702s] de): undefined reference to `rtabmap::CloudViewerInteractorStyle::New()'
[5.703s] /usr/bin/ld: ../../bin/librtabmap_gui.so.0.23.4: undefined reference to `rtabmap::vtkImageMatSource::SetImage(cv::_InputArray const&)'
[5.704s] /usr/bin/ld: ../../bin/librtabmap_gui.so.0.23.4: undefined reference to `UPlot::addCurve(UPlotCurve*, bool)'
[5.705s] /usr/bin/ld: ../../bin/librtabmap_gui.so.0.23.4: undefined reference to `rtabmap::LinkRefiningDialog::LinkRefiningDialog(QWidget*)'
[5.705s] collect2: error: ld returned 1 exit status
[5.705s] /usr/bin/ld: ../../bin/librtabmap_gui.so.0.23.4: undefined reference to `rtabmap::OdometryViewer::OdometryViewer(int, int, float, float, int, QWidget*, std::map<std::__cxx11::basic_string<char, std::char_traits<char>, std::allocator<char> >, std::__cxx11::basic_string<char, std::char_traits<char>, std::allocator<char> >, std::less<std::__cxx11::basic_string<char, std::char_traits<char>, std::allocator<char> > >, std::allocator<std::pair<std::__cxx11::basic_string<char, std::char_traits<char>, std::allocator<char> > const, std::__cxx11::basic_string<char, std::char_traits<char>, std::allocator<char> > > > > const&)'
[5.705s] /usr/bin/ld: ../../bin/librtabmap_gui.so.0.23.4: undefined reference to `rtabmap::PostProcessingDialog::sbaType() const'
[5.705s] /usr/bin/ld: ../../bin/librtabmap_gui.so.0.23.4: undefined reference to `rtabmap::ProgressDialog::setAutoClose(bool, int)'
[5.705s] /usr/bin/ld: ../../bin/librtabmap_gui.so.0.23.4: undefined reference to `QMultiComboBox::setCurrentIndex(int)'
[5.705s] /usr/bin/ld: ../../bin/librtabmap_gui.so.0.23.4: undefined reference to `rtabmap::ImageView::setImageShown(bool)'
[5.706s] gmake[2]: *** [tools/CameraRGBD/CMakeFiles/rgbd_camera.dir/build.make:189：bin/rtabmap-rgbd_camera] 错误 1
[5.706s] /usr/bin/ld: ../../bin/librtabmap_gui.so.0.23.4: undefined reference to `rtabmap::ImageView::isImageShown() const'
[5.706s] /usr/bin/ld: ../../bin/librtabmap_gui.so.0.23.4: undefined reference to `rtabmap::ImageView::staticMetaObject'
[5.706s] gmake[1]: *** [CMakeFiles/Makefile2:1411：tools/CameraRGBD/CMakeFiles/rgbd_camera.dir/all] 错误 2
[5.707s] /usr/bin/ld: ../../bin/librtabmap_gui.so.0.23.4: undefined reference to `rtabmap::PostProcessingDialog::intraSession() const'
[5.707s] /usr/bin/ld: ../../bin/librtabmap_gui.so.0.23.4: undefined reference to `rtabmap::EditDepthArea::setColorMap(uCvQtDepthColorMap)'
[5.737s] /usr/bin/ld: ../../bin/librtabmap_gui.so.0.23.4: undefined reference to `rtabmap::ExportDialog::isOdomExported() const'
[5.737s] /usr/bin/ld: ../../bin/librtabmap_gui.so.0.23.4: undefined reference to `rtabmap::LinkRefiningDialog::getLinkType() const'
[5.738s] /usr/bin/ld: ../../bin/librtabmap_gui.so.0.23.4: undefined reference to `rtabmap::MultiSessionLocSubView::clear()'
[5.738s] /usr/bin/ld: ../../bin/librtabmap_gui.so.0.23.4: undefined reference to `rtabmap::PostProcessingDialog::isRefineNeighborLinks() const'
[5.738s] /usr/bin/ld: ../../bin/librtabmap_gui.so.0.23.4: undefined reference to `rtabmap::MainWindow::odometryReceived(rtabmap::OdometryEvent const&, bool)'
[5.738s] /usr/bin/ld: ../../bin/librtabmap_gui.so.0.23.4: undefined reference to `rtabmap::PostProcessingDialog::saveSettings(QSettings&, QString const&) const'
[5.738s] /usr/bin/ld: ../../bin/librtabmap_gui.so.0.23.4: undefined reference to `rtabmap::EditMapArea::getModifiedMap() const'
[5.738s] /usr/bin/ld: ../../bin/librtabmap_gui.so.0.23.4: undefined reference to `rtabmap::ImageView::setBackgroundColor(QColor const&)'
[5.738s] /usr/bin/ld: ../../bin/librtabmap_gui.so.0.23.4: undefined reference to `rtabmap::ImageView::clear()'
[5.738s] /usr/bin/ld: ../../bin/librtabmap_gui.so.0.23.4: undefined reference to `rtabmap::CalibrationDialog::boardHeight() const'
[5.738s] /usr/bin/ld: ../../bin/librtabmap_gui.so.0.23.4: undefined reference to `rtabmap::DepthCalibrationDialog::staticMetaObject'
[5.739s] /usr/bin/ld: ../../bin/librtabmap_gui.so.0.23.4: undefined reference to `rtabmap::PostProcessingDialog::clusterAngle() const'
[5.739s] /usr/bin/ld: ../../bin/librtabmap_gui.so.0.23.4: undefined reference to `rtabmap::ImageView::setImageDepthShown(bool)'
[5.739s] /usr/bin/ld: ../../bin/librtabmap_gui.so.0.23.4: undefined reference to `rtabmap::LinkRefiningDialog::setMinMax(int, int, int, int)'
[5.739s] /usr/bin/ld: ../../bin/librtabmap_gui.so.0.23.4: undefined reference to `rtabmap::CalibrationDialog::staticMetaObject'
[5.739s] /usr/bin/ld: ../../bin/librtabmap_gui.so.0.23.4: undefined reference to `QMultiComboBox::itemData(int)'
[5.739s] /usr/bin/ld: ../../bin/librtabmap_gui.so.0.23.4: undefined reference to `UPlot::showLegend(bool)'
[5.739s] /usr/bin/ld: ../../bin/librtabmap_gui.so.0.23.4: undefined reference to `rtabmap::LoopClosureViewer::LoopClosureViewer(QWidget*)'
[5.739s] /usr/bin/ld: ../../bin/librtabmap_gui.so.0.23.4: undefined reference to `rtabmap::CalibrationDialog::CalibrationDialog(bool, QString const&, bool, QWidget*)'
[5.739s] /usr/bin/ld: ../../bin/librtabmap_gui.so.0.23.4: undefined reference to `rtabmap::ImageView::setFeatures(std::multimap<int, cv::KeyPoint, std::less<int>, std::allocator<std::pair<int const, cv::KeyPoint> > > const&, cv::Mat const&, QColor const&)'
[5.740s] /usr/bin/ld: ../../bin/librtabmap_gui.so.0.23.4: undefined reference to `rtabmap::PostProcessingDialog::isSBA() const'
[5.740s] /usr/bin/ld: ../../bin/librtabmap_gui.so.0.23.4: undefined reference to `rtabmap::ExportDialog::ExportDialog(QWidget*)'
[5.740s] /usr/bin/ld: ../../bin/librtabmap_gui.so.0.23.4: undefined reference to `rtabmap::ImageView::setSceneRect(QRectF const&)'
[5.740s] /usr/bin/ld: ../../bin/librtabmap_gui.so.0.23.4: undefined reference to `rtabmap::GraphViewer::configChanged()'
[5.740s] /usr/bin/ld: ../../bin/librtabmap_gui.so.0.23.4: undefined reference to `rtabmap::EditDepthArea::setImage(cv::Mat const&, cv::Mat const&)'
[5.740s] /usr/bin/ld: ../../bin/librtabmap_gui.so.0.23.4: undefined reference to `rtabmap::DatabaseViewer::staticMetaObject'
[5.740s] /usr/bin/ld: ../../bin/librtabmap_gui.so.0.23.4: undefined reference to `rtabmap::ImageView::getDepthColorMap() const'
[5.740s] /usr/bin/ld: ../../bin/librtabmap_gui.so.0.23.4: undefined reference to `UPlot::addCurve(QString const&, QColor const&)'
[5.740s] /usr/bin/ld: ../../bin/librtabmap_gui.so.0.23.4: undefined reference to `rtabmap::CloudViewerInteractorStyle::setOrthoMode(bool)'
[5.740s] /usr/bin/ld: ../../bin/librtabmap_gui.so.0.23.4: undefined reference to `QMultiComboBox::count()'
[5.740s] /usr/bin/ld: ../../bin/librtabmap_gui.so.0.23.4: undefined reference to `rtabmap::PreferencesDialog::settingsChanged(QFlags<rtabmap::PreferencesDialog::PanelFlag>)'
[5.741s] collect2: error: ld returned 1 exit status
[5.741s] /usr/bin/ld: ../../bin/librtabmap_gui.so.0.23.4: undefined reference to `rtabmap::PostProcessingDialog::interSession() const'
[5.741s] /usr/bin/ld: ../../bin/librtabmap_gui.so.0.23.4: undefined reference to `rtabmap::CameraViewer::CameraViewer(QWidget*, std::map<std::__cxx11::basic_string<char, std::char_traits<char>, std::allocator<char> >, std::__cxx11::basic_string<char, std::char_traits<char>, std::allocator<char> >, std::less<std::__cxx11::basic_string<char, std::char_traits<char>, std::allocator<char> > >, std::allocator<std::pair<std::__cxx11::basic_string<char, std::char_traits<char>, std::allocator<char> > const, std::__cxx11::basic_string<char, std::char_traits<char>, std::allocator<char> > > > > const&)'
[5.741s] /usr/bin/ld: ../../bin/librtabmap_gui.so.0.23.4: undefined reference to `rtabmap::CameraViewer::setDecimation(int)'
[5.741s] /usr/bin/ld: ../../bin/librtabmap_gui.so.0.23.4: undefined reference to `UPlot::UPlot(QWidget*)'
[5.741s] /usr/bin/ld: ../../bin/librtabmap_gui.so.0.23.4: undefined reference to `rtabmap::StatsToolBox::addCurve(QString const&, bool, bool)'
[5.741s] /usr/bin/ld: ../../bin/librtabmap_gui.so.0.23.4: undefined reference to `rtabmap::ExportDialog::outputPath() const'
[5.741s] /usr/bin/ld: ../../bin/librtabmap_gui.so.0.23.4: undefined reference to `rtabmap::CloudViewer::configChanged()'
[5.741s] /usr/bin/ld: ../../bin/librtabmap_gui.so.0.23.4: undefined reference to `rtabmap::AboutDialog::AboutDialog(QWidget*)'
[5.741s] gmake[2]: *** [tools/Matcher/CMakeFiles/matcher.dir/build.make:189：bin/rtabmap-matcher] 错误 1
[5.741s] /usr/bin/ld: ../../bin/librtabmap_gui.so.0.23.4: undefined reference to `rtabmap::CloudViewer::staticMetaObject'
[5.741s] /usr/bin/ld: ../../bin/librtabmap_gui.so.0.23.4: undefined reference to `rtabmap::CalibrationDialog::setProgressVisibility(bool)'
[5.742s] /usr/bin/ld: ../../bin/librtabmap_gui.so.0.23.4: undefined reference to `rtabmap::ImageView::addLine(float, float, float, float, QColor, QString const&)'
[5.742s] /usr/bin/ld: ../../bin/librtabmap_gui.so.0.23.4: undefined reference to `vtable for rtabmap::DepthCalibrationDialog'
[5.742s] gmake[1]: *** [CMakeFiles/Makefile2:1606：tools/Matcher/CMakeFiles/matcher.dir/all] 错误 2
[5.742s] /usr/bin/ld: ../../bin/librtabmap_gui.so.0.23.4: undefined reference to `rtabmap::ProgressDialog::setMaximumSteps(int)'
[5.742s] /usr/bin/ld: ../../bin/librtabmap_gui.so.0.23.4: undefined reference to `rtabmap::ExportDialog::sessionExported() const'
[5.742s] /usr/bin/ld: ../../bin/librtabmap_gui.so.0.23.4: undefined reference to `rtabmap::ProgressDialog::setCancelButtonVisible(bool)'
[5.742s] /usr/bin/ld: ../../bin/librtabmap_gui.so.0.23.4: undefined reference to `rtabmap::CalibrationDialog::setRationalModel()'
[5.742s] /usr/bin/ld: ../../bin/librtabmap_gui.so.0.23.4: undefined reference to `rtabmap::ExportCloudsDialog::staticMetaObject'
[5.742s] /usr/bin/ld: ../../bin/librtabmap_gui.so.0.23.4: undefined reference to `rtabmap::MainWindow::cameraInfoReceived(rtabmap::SensorCaptureInfo const&)'
[5.742s] /usr/bin/ld: ../../bin/librtabmap_gui.so.0.23.4: undefined reference to `rtabmap::ImageView::setFeaturesShown(bool)'
[5.742s] /usr/bin/ld: ../../bin/librtabmap_gui.so.0.23.4: undefined reference to `rtabmap::MainWindow::rtabmapEvent3DMapProcessed()'
[5.743s] /usr/bin/ld: ../../bin/librtabmap_gui.so.0.23.4: undefined reference to `UPlotCurve::addValue(double, double)'
[5.743s] /usr/bin/ld: ../../bin/librtabmap_gui.so.0.23.4: undefined reference to `rtabmap::EditConstraintDialog::setPoseGroupVisible(bool)'
[5.743s] /usr/bin/ld: ../../bin/librtabmap_gui.so.0.23.4: undefined reference to `rtabmap::ImageView::setImage(QImage const&, std::vector<rtabmap::CameraModel, std::allocator<rtabmap::CameraModel> > const&, rtabmap::Transform const&)'
[5.743s] /usr/bin/ld: ../../bin/librtabmap_gui.so.0.23.4: undefined reference to `rtabmap::LoopClosureViewer::setData(rtabmap::Signature const&, rtabmap::Signature const&)'
[5.743s] /usr/bin/ld: ../../bin/librtabmap_gui.so.0.23.4: undefined reference to `rtabmap::CalibrationDialog::processImages(cv::Mat const&, cv::Mat const&, QString const&)'
[5.743s] /usr/bin/ld: ../../bin/librtabmap_gui.so.0.23.4: undefined reference to `rtabmap::PostProcessingDialog::loadSettings(QSettings&, QString const&)'
[5.743s] /usr/bin/ld: ../../bin/librtabmap_gui.so.0.23.4: undefined reference to `rtabmap::ExportBundlerDialog::saveSettings(QSettings&, QString const&) const'
[5.743s] /usr/bin/ld: ../../bin/librtabmap_gui.so.0.23.4: undefined reference to `QMultiComboBox::SetDisplayText(QString)'
[5.743s] /usr/bin/ld: ../../bin/librtabmap_gui.so.0.23.4: undefined reference to `rtabmap::MultiSessionLocSubView::MultiSessionLocSubView(rtabmap::ImageView*, int, QWidget*)'
[5.743s] /usr/bin/ld: ../../bin/librtabmap_gui.so.0.23.4: undefined reference to `rtabmap::ImageView::loadSettings(QSettings&, QString const&)'
[5.743s] /usr/bin/ld: ../../bin/librtabmap_gui.so.0.23.4: undefined reference to `rtabmap::ImageView::setFeaturesColor(QColor)'
[5.743s] /usr/bin/ld: ../../bin/librtabmap_gui.so.0.23.4: undefined reference to `vtable for rtabmap::PreferencesDialog'
[5.743s] /usr/bin/ld: ../../bin/librtabmap_gui.so.0.23.4: undefined reference to `rtabmap::EditConstraintDialog::getCovariance() const'
[5.743s] /usr/bin/ld: ../../bin/librtabmap_gui.so.0.23.4: undefined reference to `rtabmap::PostProcessingDialog::isDetectMoreLoopClosures() const'
[5.743s] /usr/bin/ld: ../../bin/librtabmap_gui.so.0.23.4: undefined reference to `rtabmap::CloudViewerCellPicker::New()'
[5.743s] /usr/bin/ld: ../../bin/librtabmap_gui.so.0.23.4: undefined reference to `rtabmap::EditDepthArea::getModifiedImage() const'
[5.743s] /usr/bin/ld: ../../bin/librtabmap_gui.so.0.23.4: undefined reference to `UPlotCurve::UPlotCurve(QString const&, QVector<double> const&, QVector<double> const&, QObject*)'
[5.743s] /usr/bin/ld: ../../bin/librtabmap_gui.so.0.23.4: undefined reference to `rtabmap::PostProcessingDialog::isRefineLoopClosureLinks() const'
[5.743s] /usr/bin/ld: ../../bin/librtabmap_gui.so.0.23.4: undefined reference to `rtabmap::MainWindow::rtabmapEventInitReceived(int, QString const&)'
[5.743s] /usr/bin/ld: ../../bin/librtabmap_gui.so.0.23.4: undefined reference to `rtabmap::CalibrationDialog::squareSize() const'
[5.743s] /usr/bin/ld: ../../bin/librtabmap_gui.so.0.23.4: undefined reference to `rtabmap::vtkImageMatSource::New()'
[5.743s] /usr/bin/ld: ../../bin/librtabmap_gui.so.0.23.4: undefined reference to `rtabmap::MapVisibilityWidget::getVisiblePoses() const'
[5.743s] /usr/bin/ld: ../../bin/librtabmap_gui.so.0.23.4: undefined reference to `rtabmap::MainWindow::statsReceived(rtabmap::Statistics const&)'
[5.743s] /usr/bin/ld: ../../bin/librtabmap_gui.so.0.23.4: undefined reference to `rtabmap::MainWindow::mappingModeChanged(bool)'
[5.743s] /usr/bin/ld: ../../bin/librtabmap_gui.so.0.23.4: undefined reference to `vtable for rtabmap::DatabaseViewer'
[5.744s] /usr/bin/ld: ../../bin/librtabmap_gui.so.0.23.4: undefined reference to `rtabmap::StatsToolBox::setWorkingDirectory(QString const&)'
[5.744s] /usr/bin/ld: ../../bin/librtabmap_gui.so.0.23.4: undefined reference to `rtabmap::ExportBundlerDialog::ExportBundlerDialog(QWidget*)'
[5.744s] /usr/bin/ld: ../../bin/librtabmap_gui.so.0.23.4: undefined reference to `rtabmap::CalibrationDialog::setFisheyeModel()'
[5.744s] /usr/bin/ld: ../../bin/librtabmap_gui.so.0.23.4: undefined reference to `rtabmap::PostProcessingDialog::PostProcessingDialog(QWidget*)'
[5.744s] /usr/bin/ld: ../../bin/librtabmap_gui.so.0.23.4: undefined reference to `rtabmap::MultiSessionLocSubView::updateView(int, QImage const&, std::multimap<int, cv::KeyPoint, std::less<int>, std::allocator<std::pair<int const, cv::KeyPoint> > > const&, float, QColor const&)'
[5.744s] /usr/bin/ld: ../../bin/librtabmap_gui.so.0.23.4: undefined reference to `rtabmap::ProgressDialog::maximumSteps() const'
[5.744s] /usr/bin/ld: ../../bin/librtabmap_gui.so.0.23.4: undefined reference to `rtabmap::ImageView::addFeature(int, cv::KeyPoint const&, float, QColor)'
[5.744s] /usr/bin/ld: ../../bin/librtabmap_gui.so.0.23.4: undefined reference to `QMultiComboBox::QMultiComboBox(QWidget*)'
[5.744s] /usr/bin/ld: ../../bin/librtabmap_gui.so.0.23.4: undefined reference to `rtabmap::LinkRefiningDialog::getRangeNodeId(int&, int&) const'
[5.744s] /usr/bin/ld: ../../bin/librtabmap_gui.so.0.23.4: undefined reference to `rtabmap::CalibrationDialog::loadSettings(QSettings&, QString const&)'
[5.744s] /usr/bin/ld: ../../bin/librtabmap_gui.so.0.23.4: undefined reference to `rtabmap::MainWindow::odometryProcessed()'
[5.744s] /usr/bin/ld: ../../bin/librtabmap_gui.so.0.23.4: undefined reference to `rtabmap::PostProcessingDialog::sbaIterations() const'
[5.744s] /usr/bin/ld: ../../bin/librtabmap_gui.so.0.23.4: undefined reference to `rtabmap::CalibrationDialog::saveSettings(QSettings&, QString const&) const'
[5.744s] /usr/bin/ld: ../../bin/librtabmap_gui.so.0.23.4: undefined reference to `rtabmap::StatsToolBox::StatsToolBox(QWidget*)'
[5.744s] /usr/bin/ld: ../../bin/librtabmap_gui.so.0.23.4: undefined reference to `rtabmap::MainWindow::cameraInfoProcessed()'
[5.744s] /usr/bin/ld: ../../bin/librtabmap_gui.so.0.23.4: undefined reference to `rtabmap::LinkRefiningDialog::getIntraInterSessions(bool&, bool&) const'
[5.744s] /usr/bin/ld: ../../bin/librtabmap_gui.so.0.23.4: undefined reference to `rtabmap::CalibrationDialog::setCameraName(QString const&)'
[5.744s] /usr/bin/ld: ../../bin/librtabmap_gui.so.0.23.4: undefined reference to `rtabmap::StatsToolBox::addThreshold(QString const&, double)'
[5.744s] /usr/bin/ld: ../../bin/librtabmap_gui.so.0.23.4: undefined reference to `rtabmap::StatsToolBox::getFiguresSetup(QList<int>&, QStringList&, QStringList&)'
[5.744s] /usr/bin/ld: ../../bin/librtabmap_gui.so.0.23.4: undefined reference to `rtabmap::ExportDialog::isDepthExported() const'
[5.744s] /usr/bin/ld: ../../bin/librtabmap_gui.so.0.23.4: undefined reference to `rtabmap::MainWindow::detectionRateChanged(double)'
[5.745s] /usr/bin/ld: ../../bin/librtabmap_gui.so.0.23.4: undefined reference to `UPlot::setFixedYAxis(double, double)'
[5.745s] /usr/bin/ld: ../../bin/librtabmap_gui.so.0.23.4: undefined reference to `vtable for rtabmap::RecoveryState'
[5.745s] /usr/bin/ld: ../../bin/librtabmap_gui.so.0.23.4: undefined reference to `vtable for rtabmap::GraphViewer'
[5.745s] /usr/bin/ld: ../../bin/librtabmap_gui.so.0.23.4: undefined reference to `rtabmap::EditConstraintDialog::EditConstraintDialog(rtabmap::Transform const&, cv::Mat const&, QWidget*)'
[5.745s] /usr/bin/ld: ../../bin/librtabmap_gui.so.0.23.4: undefined reference to `UPlot::addThreshold(QString const&, double, Qt::Orientation)'
[5.745s] /usr/bin/ld: ../../bin/librtabmap_gui.so.0.23.4: undefined reference to `rtabmap::LinkRefiningDialog::isRangeByNodeId() const'
[5.745s] /usr/bin/ld: ../../bin/librtabmap_gui.so.0.23.4: undefined reference to `rtabmap::CreateSimpleCalibrationDialog::CreateSimpleCalibrationDialog(QString const&, QString const&, QWidget*)'
[5.745s] /usr/bin/ld: ../../bin/librtabmap_gui.so.0.23.4: undefined reference to `rtabmap::ImageView::setImageDepth(cv::Mat const&, cv::Mat const&)'
[5.745s] /usr/bin/ld: ../../bin/librtabmap_gui.so.0.23.4: undefined reference to `rtabmap::ExportDialog::isUserDataExported() const'
[5.745s] /usr/bin/ld: ../../bin/librtabmap_gui.so.0.23.4: undefined reference to `rtabmap::MainWindow::statsProcessed()'
[5.745s] /usr/bin/ld: ../../bin/librtabmap_gui.so.0.23.4: undefined reference to `rtabmap::ImageView::isImageDepthShown() const'
[5.745s] /usr/bin/ld: ../../bin/librtabmap_gui.so.0.23.4: undefined reference to `rtabmap::ExportDialog::targetFramerate() const'
[5.745s] /usr/bin/ld: ../../bin/librtabmap_gui.so.0.23.4: undefined reference to `QMultiComboBox::addItem(QString const&, QVariant const&)'
[5.745s] /usr/bin/ld: ../../bin/librtabmap_gui.so.0.23.4: undefined reference to `rtabmap::PreferencesDialog::settingsChanged(std::map<std::__cxx11::basic_string<char, std::char_traits<char>, std::allocator<char> >, std::__cxx11::basic_string<char, std::char_traits<char>, std::allocator<char> >, std::less<std::__cxx11::basic_string<char, std::char_traits<char>, std::allocator<char> > >, std::allocator<std::pair<std::__cxx11::basic_string<char, std::char_traits<char>, std::allocator<char> > const, std::__cxx11::basic_string<char, std::char_traits<char>, std::allocator<char> > > > >)'
[5.745s] /usr/bin/ld: ../../bin/librtabmap_gui.so.0.23.4: undefined reference to `rtabmap::EditConstraintDialog::getTransform() const'
[5.746s] /usr/bin/ld: ../../bin/librtabmap_gui.so.0.23.4: undefined reference to `rtabmap::ExportBundlerDialog::exportBundler(std::map<int, rtabmap::Transform, std::less<int>, std::allocator<std::pair<int const, rtabmap::Transform> > >&, std::multimap<int, rtabmap::Link, std::less<int>, std::allocator<std::pair<int const, rtabmap::Link> > > const&, QMap<int, rtabmap::Signature> const&, std::map<std::__cxx11::basic_string<char, std::char_traits<char>, std::allocator<char> >, std::__cxx11::basic_string<char, std::char_traits<char>, std::allocator<char> >, std::less<std::__cxx11::basic_string<char, std::char_traits<char>, std::allocator<char> > >, std::allocator<std::pair<std::__cxx11::basic_string<char, std::char_traits<char>, std::allocator<char> > const, std::__cxx11::basic_string<char, std::char_traits<char>, std::allocator<char> > > > > const&)'
[5.746s] /usr/bin/ld: ../../bin/librtabmap_gui.so.0.23.4: undefined reference to `rtabmap::EditDepthArea::EditDepthArea(QWidget*)'
[5.746s] /usr/bin/ld: ../../bin/librtabmap_gui.so.0.23.4: undefined reference to `rtabmap::MainWindow::rtabmapGoalStatusEventReceived(int)'
[5.746s] /usr/bin/ld: ../../bin/librtabmap_gui.so.0.23.4: undefined reference to `rtabmap::ImageView::setFeatureColor(int, QColor)'
[5.746s] /usr/bin/ld: ../../bin/librtabmap_gui.so.0.23.4: undefined reference to `rtabmap::StatsToolBox::closeFigures()'
[5.746s] /usr/bin/ld: ../../bin/librtabmap_gui.so.0.23.4: undefined reference to `rtabmap::GraphViewer::linkSelected(int, int)'
[5.746s] /usr/bin/ld: ../../bin/librtabmap_gui.so.0.23.4: undefined reference to `rtabmap::ProgressDialog::clear()'
[5.746s] /usr/bin/ld: ../../bin/librtabmap_gui.so.0.23.4: undefined reference to `rtabmap::ProgressDialog::resetProgress()'
[5.746s] /usr/bin/ld: ../../bin/librtabmap_gui.so.0.23.4: undefined reference to `UPlot::removeCurves()'
[5.746s] /usr/bin/ld: ../../bin/librtabmap_gui.so.0.23.4: undefined reference to `rtabmap::ImageView::setLinesShown(bool)'
[5.746s] /usr/bin/ld: ../../bin/librtabmap_gui.so.0.23.4: undefined reference to `rtabmap::StatsToolBox::updateStat(QString const&, double, double, bool)'
[5.746s] /usr/bin/ld: ../../bin/librtabmap_gui.so.0.23.4: undefined reference to `rtabmap::ProgressDialog::incrementStep(int)'
[5.746s] /usr/bin/ld: ../../bin/librtabmap_gui.so.0.23.4: undefined reference to `rtabmap::MainWindow::rtabmapGlobalPathEventReceived(rtabmap::RtabmapGlobalPathEvent const&)'
[5.746s] /usr/bin/ld: ../../bin/librtabmap_gui.so.0.23.4: undefined reference to `rtabmap::DataRecorder::~DataRecorder()'
[5.746s] /usr/bin/ld: ../../bin/librtabmap_gui.so.0.23.4: undefined reference to `QMultiComboBox::setItemChecked(int, bool)'
[5.746s] /usr/bin/ld: ../../bin/librtabmap_gui.so.0.23.4: undefined reference to `rtabmap::MainWindow::stateChanged(rtabmap::MainWindow::State)'
[5.746s] /usr/bin/ld: ../../bin/librtabmap_gui.so.0.23.4: undefined reference to `rtabmap::DataRecorder::addData(rtabmap::SensorData const&, rtabmap::Transform const&, cv::Mat const&)'
[5.746s] /usr/bin/ld: ../../bin/librtabmap_gui.so.0.23.4: undefined reference to `rtabmap::GraphViewer::staticMetaObject'
[5.746s] /usr/bin/ld: ../../bin/librtabmap_gui.so.0.23.4: undefined reference to `rtabmap::PostProcessingDialog::iterations() const'
[5.746s] /usr/bin/ld: ../../bin/librtabmap_gui.so.0.23.4: undefined reference to `rtabmap::ImageView::getDefaultMatchingFeatureColor() const'
[5.746s] /usr/bin/ld: ../../bin/librtabmap_gui.so.0.23.4: undefined reference to `rtabmap::EditMapArea::EditMapArea(QWidget*)'
[5.746s] /usr/bin/ld: ../../bin/librtabmap_gui.so.0.23.4: undefined reference to `rtabmap::MainWindow::noMoreImagesReceived()'
[5.747s] /usr/bin/ld: ../../bin/librtabmap_gui.so.0.23.4: undefined reference to `rtabmap::ConsoleWidget::ConsoleWidget(QWidget*)'
[5.747s] /usr/bin/ld: ../../bin/librtabmap_gui.so.0.23.4: undefined reference to `vtable for rtabmap::ParametersToolBox'
[5.747s] /usr/bin/ld: ../../bin/librtabmap_gui.so.0.23.4: undefined reference to `rtabmap::EditMapArea::setMap(cv::Mat const&)'
[5.747s] /usr/bin/ld: ../../bin/librtabmap_gui.so.0.23.4: undefined reference to `rtabmap::ExportBundlerDialog::staticMetaObject'
[5.747s] /usr/bin/ld: ../../bin/librtabmap_gui.so.0.23.4: undefined reference to `rtabmap::PreferencesDialog::staticMetaObject'
[5.747s] /usr/bin/ld: ../../bin/librtabmap_gui.so.0.23.4: undefined reference to `rtabmap::ImageView::ImageView(QWidget*)'
[5.747s] /usr/bin/ld: ../../bin/librtabmap_gui.so.0.23.4: undefined reference to `rtabmap::MainWindow::staticMetaObject'
[5.747s] /usr/bin/ld: ../../bin/librtabmap_gui.so.0.23.4: undefined reference to `rtabmap::CalibrationDialog::setSwitchedImages(bool)'
[5.747s] /usr/bin/ld: ../../bin/librtabmap_gui.so.0.23.4: undefined reference to `rtabmap::CalibrationDialog::setSquareSize(double)'
[5.747s] /usr/bin/ld: /usr/bin/ld: ../../bin/librtabmap_gui.so.0.23.4: undefined reference to `rtabmap::StatsToolBox::clear()'
[5.747s] CMakeFiles/wifi_mapping.dir/main.cpp.o: in function `MapBuilder::MapBuilder(rtabmap::SensorCaptureThread*)':
[5.747s] main.cpp:(.text._ZN10MapBuilderC2EPN7rtabmap19SensorCaptureThreadE[_ZN10MapBuilderC5EPN7rtabmap19SensorCaptureThreadE]+0xf5): undefined reference to `rtabmap::CloudViewerInteractorStyle::New()'
[5.747s] /usr/bin/ld: ../../bin/librtabmap_gui.so.0.23.4: undefined reference to `rtabmap::CalibrationDialog::setStereoMode(bool, QString const&, QString const&)'
[5.747s] /usr/bin/ld: ../../bin/librtabmap_gui.so.0.23.4: undefined reference to `rtabmap::ImageView::setFeatures(std::vector<cv::KeyPoint, std::allocator<cv::KeyPoint> > const&, cv::Mat const&, QColor const&)'
[5.748s] /usr/bin/ld: ../../bin/librtabmap_gui.so.0.23.4: undefined reference to `rtabmap::ImageView::getDefaultMatchingLineColor() const'
[5.748s] /usr/bin/ld: ../../bin/librtabmap_gui.so.0.23.4: undefined reference to `rtabmap::GraphViewer::nodeSelected(int)'
[5.748s] /usr/bin/ld: ../../bin/librtabmap_gui.so.0.23.4: undefined reference to `rtabmap::CalibrationDialog::stereoCalibration(rtabmap::CameraModel const&, rtabmap::CameraModel const&, bool, QTextStream*) const'
[5.748s] /usr/bin/ld: ../../bin/librtabmap_gui.so.0.23.4: undefined reference to `vtable for rtabmap::ExportCloudsDialog'
[5.748s] /usr/bin/ld: ../../bin/librtabmap_gui.so.0.23.4: undefined reference to `rtabmap::ExportBundlerDialog::setWorkingDirectory(QString const&)'
[5.748s] /usr/bin/ld: ../../bin/librtabmap_gui.so.0.23.4: undefined reference to `rtabmap::ExportDialog::isRgbExported() const'
[5.748s] /usr/bin/ld: ../../bin/librtabmap_gui.so.0.23.4: undefined reference to `rtabmap::PostProcessingDialog::sbaVariance() const'
[5.748s] /usr/bin/ld: ../../bin/librtabmap_gui.so.0.23.4: undefined reference to `rtabmap::EditConstraintDialog::~EditConstraintDialog()'
[5.748s] /usr/bin/ld: ../../bin/librtabmap_gui.so.0.23.4: undefined reference to `rtabmap::DataRecorder::init(QString const&, bool)'
[5.748s] /usr/bin/ld: ../../bin/librtabmap_gui.so.0.23.4: undefined reference to `vtable for rtabmap::MultiSessionLocWidget'
[5.748s] /usr/bin/ld: ../../bin/librtabmap_gui.so.0.23.4: undefined reference to `rtabmap::ParametersToolBox::staticMetaObject'
[5.748s] /usr/bin/ld: ../../bin/librtabmap_gui.so.0.23.4: undefined reference to `vtable for rtabmap::TexturingState'
[5.748s] /usr/bin/ld: ../../bin/librtabmap_gui.so.0.23.4: undefined reference to `rtabmap::CalibrationDialog::resetSettings()'
[5.748s] /usr/bin/ld: ../../bin/librtabmap_gui.so.0.23.4: undefined reference to `rtabmap::ImageView::clearLines()'
[5.748s] /usr/bin/ld: ../../bin/librtabmap_gui.so.0.23.4: undefined reference to `rtabmap::GraphViewer::mapShownRequested()'
[5.748s] /usr/bin/ld: ../../bin/librtabmap_gui.so.0.23.4: undefined reference to `QMultiComboBox::itemText(int)'
[5.748s] /usr/bin/ld: ../../bin/librtabmap_gui.so.0.23.4: undefined reference to `rtabmap::ImageView::clearFeatures()'
[5.748s] /usr/bin/ld: ../../bin/librtabmap_gui.so.0.23.4: undefined reference to `rtabmap::DataRecorder::DataRecorder(QWidget*)'
[5.749s] /usr/bin/ld: ../../bin/librtabmap_gui.so.0.23.4: undefined reference to `rtabmap::PostProcessingDialog::staticMetaObject'
[5.749s] /usr/bin/ld: ../../bin/librtabmap_gui.so.0.23.4: undefined reference to `rtabmap::MapVisibilityWidget::clear()'
[5.749s] /usr/bin/ld: ../../bin/librtabmap_gui.so.0.23.4: undefined reference to `rtabmap::ExportDialog::isDepth2dExported() const'
[5.749s] /usr/bin/ld: ../../bin/librtabmap_gui.so.0.23.4: undefined reference to `rtabmap::PdfPlotCurve::PdfPlotCurve(QString const&, QMap<int, rtabmap::Signature> const*, QObject*)'
[5.749s] /usr/bin/ld: ../../bin/librtabmap_gui.so.0.23.4: undefined reference to `vtable for rtabmap::MainWindow'
[5.749s] /usr/bin/ld: ../../bin/librtabmap_gui.so.0.23.4: undefined reference to `rtabmap::CalibrationDialog::setBoardWidth(int)'
[5.749s] /usr/bin/ld: ../../bin/librtabmap_gui.so.0.23.4: undefined reference to `rtabmap::ProgressDialog::ProgressDialog(QWidget*, QFlags<Qt::WindowType>)'
[5.749s] /usr/bin/ld: ../../bin/librtabmap_gui.so.0.23.4: undefined reference to `rtabmap::PdfPlotCurve::setData(QMap<int, float> const&, QMap<int, int> const&)'
[5.749s] /usr/bin/ld: ../../bin/librtabmap_gui.so.0.23.4: undefined reference to `rtabmap::MainWindow::imgRateChanged(double)'
[5.749s] /usr/bin/ld: ../../bin/librtabmap_gui.so.0.23.4: undefined reference to `rtabmap::ImageView::isLinesShown() const'
[5.749s] /usr/bin/ld: ../../bin/librtabmap_gui.so.0.23.4: undefined reference to `rtabmap::StatsToolBox::updateStat(QString const&, std::vector<double, std::allocator<double> > const&, std::vector<double, std::allocator<double> > const&, bool)'
[5.749s] /usr/bin/ld: ../../bin/librtabmap_gui.so.0.23.4: undefined reference to `rtabmap::ImageView::viewScale() const'
[5.749s] /usr/bin/ld: ../../bin/librtabmap_gui.so.0.23.4: undefined reference to `rtabmap::ProgressDialog::setValue(int)'
[5.749s] /usr/bin/ld: ../../bin/librtabmap_gui.so.0.23.4: undefined reference to `rtabmap::ImageView::setAlpha(int)'
[5.749s] /usr/bin/ld: ../../bin/librtabmap_gui.so.0.23.4: undefined reference to `rtabmap::ImageView::saveSettings(QSettings&, QString const&) const'
[5.749s] /usr/bin/ld: ../../bin/librtabmap_gui.so.0.23.4: undefined reference to `rtabmap::MapVisibilityWidget::MapVisibilityWidget(QWidget*)'
[5.749s] /usr/bin/ld: ../../bin/librtabmap_gui.so.0.23.4: undefined reference to `rtabmap::PostProcessingDialog::sbaRematchFeatures() const'
[5.749s] /usr/bin/ld: ../../bin/librtabmap_gui.so.0.23.4: undefined reference to `rtabmap::ImageView::sceneRect() const'
[5.749s] /usr/bin/ld: ../../bin/librtabmap_gui.so.0.23.4: undefined reference to `rtabmap::ParametersToolBox::parametersChanged(QStringList const&)'
[5.749s] /usr/bin/ld: ../../bin/librtabmap_gui.so.0.23.4: undefined reference to `rtabmap::CalibrationDialog::boardWidth() const'
[5.749s] /usr/bin/ld: ../../bin/librtabmap_gui.so.0.23.4: undefined reference to `rtabmap::ExportBundlerDialog::loadSettings(QSettings&, QString const&)'
[5.749s] /usr/bin/ld: ../../bin/librtabmap_gui.so.0.23.4: undefined reference to `rtabmap::LinkRefiningDialog::isRangeByMapId() const'
[5.749s] /usr/bin/ld: ../../bin/librtabmap_gui.so.0.23.4: undefined reference to `rtabmap::LoopClosureViewer::updateView(rtabmap::Transform const&, std::map<std::__cxx11::basic_string<char, std::char_traits<char>, std::allocator<char> >, std::__cxx11::basic_string<char, std::char_traits<char>, std::allocator<char> >, std::less<std::__cxx11::basic_string<char, std::char_traits<char>, std::allocator<char> > >, std::allocator<std::pair<std::__cxx11::basic_string<char, std::char_traits<char>, std::allocator<char> > const, std::__cxx11::basic_string<char, std::char_traits<char>, std::allocator<char> > > > > const&)'
[5.749s] /usr/bin/ld: ../../bin/librtabmap_gui.so.0.23.4: undefined reference to `rtabmap::ExportDialog::~ExportDialog()'
[5.749s] /usr/bin/ld: ../../bin/librtabmap_gui.so.0.23.4: undefined reference to `rtabmap::ImageView::getDefaultFeatureColor() const'
[5.749s] /usr/bin/ld: ../../bin/librtabmap_gui.so.0.23.4: undefined reference to `rtabmap::ProgressDialog::~ProgressDialog()'
[5.749s] /usr/bin/ld: ../../bin/librtabmap_gui.so.0.23.4: undefined reference to `rtabmap::StatsToolBox::updateStat(QString const&, double, bool)'
[5.750s] /usr/bin/ld: ../../bin/librtabmap_gui.so.0.23.4: undefined reference to `QMultiComboBox::clear()'
[5.750s] /usr/bin/ld: ../../bin/librtabmap_gui.so.0.23.4: undefined reference to `rtabmap::MainWindow::rtabmapEvent3DMapReceived(rtabmap::RtabmapEvent3DMap const&)'
[5.750s] /usr/bin/ld: ../../bin/librtabmap_gui.so.0.23.4: undefined reference to `vtable for rtabmap::CloudViewer'
[5.750s] /usr/bin/ld: ../../bin/librtabmap_gui.so.0.23.4: undefined reference to `rtabmap::ImageView::getDefaultBackgroundColor() const'
[5.750s] /usr/bin/ld: ../../bin/librtabmap_gui.so.0.23.4: undefined reference to `rtabmap::ImageView::isFeaturesShown() const'
[5.750s] /usr/bin/ld: ../../bin/librtabmap_gui.so.0.23.4: undefined reference to `rtabmap::PostProcessingDialog::clusterRadius() const'
[5.751s] /usr/bin/ld: ../../bin/librtabmap_gui.so.0.23.4: undefined reference to `rtabmap::StatItem::staticMetaObject'
[5.751s] /usr/bin/ld: ../../bin/librtabmap_gui.so.0.23.4: undefined reference to `qInitResources_GuiLib()'
[5.751s] /usr/bin/ld: ../../bin/librtabmap_gui.so.0.23.4: undefined reference to `rtabmap::ProgressDialog::appendText(QString const&, QColor const&)'
[5.752s] /usr/bin/ld: ../../bin/librtabmap_gui.so.0.23.4: undefined reference to `rtabmap::ConsoleWidget::appendMsg(QString const&, int)'
[5.752s] /usr/bin/ld: ../../bin/librtabmap_gui.so.0.23.4: undefined reference to `rtabmap::MainWindow::timeLimitChanged(float)'
[5.752s] /usr/bin/ld: ../../bin/librtabmap_gui.so.0.23.4: undefined reference to `rtabmap::ExportDialog::framesIgnored() const'
[5.752s] /usr/bin/ld: ../../bin/librtabmap_gui.so.0.23.4: undefined reference to `rtabmap::MapVisibilityWidget::setMap(std::map<int, rtabmap::Transform, std::less<int>, std::allocator<std::pair<int const, rtabmap::Transform> > > const&, std::map<int, bool, std::less<int>, std::allocator<std::pair<int const, bool> > > const&)'
[5.753s] /usr/bin/ld: ../../bin/librtabmap_gui.so.0.23.4: undefined reference to `rtabmap::StatsToolBox::updateStat(QString const&, bool)'
[5.753s] /usr/bin/ld: ../../bin/librtabmap_gui.so.0.23.4: undefined reference to `rtabmap::MainWindow::loopClosureThrChanged(double)'
[5.754s] /usr/bin/ld: ../../bin/librtabmap_gui.so.0.23.4: undefined reference to `rtabmap::CalibrationDialog::setBoardHeight(int)'
[5.754s] /usr/bin/ld: ../../bin/librtabmap_gui.so.0.23.4: undefined reference to `rtabmap::MainWindow::rtabmapLabelErrorReceived(int, QString const&)'
[5.754s] /usr/bin/ld: ../../bin/librtabmap_gui.so.0.23.4: undefined reference to `rtabmap::vtkImageMatSource::SetImage(cv::_InputArray const&)'
[5.754s] /usr/bin/ld: ../../bin/librtabmap_gui.so.0.23.4: undefined reference to `UPlot::addCurve(UPlotCurve*, bool)'
[5.754s] /usr/bin/ld: ../../bin/librtabmap_gui.so.0.23.4: undefined reference to `rtabmap::LinkRefiningDialog::LinkRefiningDialog(QWidget*)'
[5.754s] /usr/bin/ld: ../../bin/librtabmap_gui.so.0.23.4: undefined reference to `rtabmap::OdometryViewer::OdometryViewer(int, int, float, float, int, QWidget*, std::map<std::__cxx11::basic_string<char, std::char_traits<char>, std::allocator<char> >, std::__cxx11::basic_string<char, std::char_traits<char>, std::allocator<char> >, std::less<std::__cxx11::basic_string<char, std::char_traits<char>, std::allocator<char> > >, std::allocator<std::pair<std::__cxx11::basic_string<char, std::char_traits<char>, std::allocator<char> > const, std::__cxx11::basic_string<char, std::char_traits<char>, std::allocator<char> > > > > const&)'
[5.754s] /usr/bin/ld: ../../bin/librtabmap_gui.so.0.23.4: undefined reference to `rtabmap::PostProcessingDialog::sbaType() const'
[5.754s] /usr/bin/ld: ../../bin/librtabmap_gui.so.0.23.4: undefined reference to `rtabmap::ProgressDialog::setAutoClose(bool, int)'
[5.755s] /usr/bin/ld: ../../bin/librtabmap_gui.so.0.23.4: undefined reference to `QMultiComboBox::setCurrentIndex(int)'
[5.755s] /usr/bin/ld: ../../bin/librtabmap_gui.so.0.23.4: undefined reference to `rtabmap::ImageView::setImageShown(bool)'
[5.755s] /usr/bin/ld: ../../bin/librtabmap_gui.so.0.23.4: undefined reference to `rtabmap::ImageView::isImageShown() const'
[5.755s] /usr/bin/ld: ../../bin/librtabmap_gui.so.0.23.4: undefined reference to `rtabmap::ImageView::staticMetaObject'
[5.756s] /usr/bin/ld: ../../bin/librtabmap_gui.so.0.23.4: undefined reference to `rtabmap::PostProcessingDialog::intraSession() const'
[5.756s] /usr/bin/ld: ../../bin/librtabmap_gui.so.0.23.4: undefined reference to `rtabmap::EditDepthArea::setColorMap(uCvQtDepthColorMap)'
[5.756s] /usr/bin/ld: ../../bin/librtabmap_gui.so.0.23.4: undefined reference to `rtabmap::ExportDialog::isOdomExported() const'
[5.756s] /usr/bin/ld: ../../bin/librtabmap_gui.so.0.23.4: undefined reference to `rtabmap::LinkRefiningDialog::getLinkType() const'
[5.756s] /usr/bin/ld: ../../bin/librtabmap_gui.so.0.23.4: undefined reference to `rtabmap::MultiSessionLocSubView::clear()'
[5.756s] /usr/bin/ld: ../../bin/librtabmap_gui.so.0.23.4: undefined reference to `rtabmap::PostProcessingDialog::isRefineNeighborLinks() const'
[5.756s] /usr/bin/ld: ../../bin/librtabmap_gui.so.0.23.4: undefined reference to `rtabmap::MainWindow::odometryReceived(rtabmap::OdometryEvent const&, bool)'
[5.757s] /usr/bin/ld: ../../bin/librtabmap_gui.so.0.23.4: undefined reference to `rtabmap::PostProcessingDialog::saveSettings(QSettings&, QString const&) const'
[5.757s] /usr/bin/ld: ../../bin/librtabmap_gui.so.0.23.4: undefined reference to `rtabmap::EditMapArea::getModifiedMap() const'
[5.757s] /usr/bin/ld: ../../bin/librtabmap_gui.so.0.23.4: undefined reference to `rtabmap::ImageView::setBackgroundColor(QColor const&)'
[5.757s] /usr/bin/ld: ../../bin/librtabmap_gui.so.0.23.4: undefined reference to `rtabmap::ImageView::clear()'
[5.757s] /usr/bin/ld: ../../bin/librtabmap_gui.so.0.23.4: undefined reference to `rtabmap::CalibrationDialog::boardHeight() const'
[5.757s] /usr/bin/ld: ../../bin/librtabmap_gui.so.0.23.4: undefined reference to `rtabmap::DepthCalibrationDialog::staticMetaObject'
[5.757s] /usr/bin/ld: ../../bin/librtabmap_gui.so.0.23.4: undefined reference to `rtabmap::PostProcessingDialog::clusterAngle() const'
[5.757s] /usr/bin/ld: ../../bin/librtabmap_gui.so.0.23.4: undefined reference to `rtabmap::ImageView::setImageDepthShown(bool)'
[5.757s] /usr/bin/ld: ../../bin/librtabmap_gui.so.0.23.4: undefined reference to `rtabmap::LinkRefiningDialog::setMinMax(int, int, int, int)'
[5.758s] /usr/bin/ld: ../../bin/librtabmap_gui.so.0.23.4: undefined reference to `rtabmap::CalibrationDialog::staticMetaObject'
[5.758s] /usr/bin/ld: ../../bin/librtabmap_gui.so.0.23.4: undefined reference to `QMultiComboBox::itemData(int)'
[5.758s] /usr/bin/ld: ../../bin/librtabmap_gui.so.0.23.4: undefined reference to `UPlot::showLegend(bool)'
[5.758s] /usr/bin/ld: ../../bin/librtabmap_gui.so.0.23.4: undefined reference to `rtabmap::LoopClosureViewer::LoopClosureViewer(QWidget*)'
[5.758s] /usr/bin/ld: ../../bin/librtabmap_gui.so.0.23.4: undefined reference to `rtabmap::CalibrationDialog::CalibrationDialog(bool, QString const&, bool, QWidget*)'
[5.758s] /usr/bin/ld: ../../bin/librtabmap_gui.so.0.23.4: undefined reference to `rtabmap::ImageView::setFeatures(std::multimap<int, cv::KeyPoint, std::less<int>, std::allocator<std::pair<int const, cv::KeyPoint> > > const&, cv::Mat const&, QColor const&)'
[5.758s] /usr/bin/ld: ../../bin/librtabmap_gui.so.0.23.4: undefined reference to `rtabmap::PostProcessingDialog::isSBA() const'
[5.758s] /usr/bin/ld: ../../bin/librtabmap_gui.so.0.23.4: undefined reference to `rtabmap::ExportDialog::ExportDialog(QWidget*)'
[5.758s] /usr/bin/ld: ../../bin/librtabmap_gui.so.0.23.4: undefined reference to `rtabmap::ImageView::setSceneRect(QRectF const&)'
[5.759s] /usr/bin/ld: ../../bin/librtabmap_gui.so.0.23.4: undefined reference to `rtabmap::GraphViewer::configChanged()'
[5.759s] /usr/bin/ld: ../../bin/librtabmap_gui.so.0.23.4: undefined reference to `rtabmap::EditDepthArea::setImage(cv::Mat const&, cv::Mat const&)'
[5.759s] /usr/bin/ld: ../../bin/librtabmap_gui.so.0.23.4: undefined reference to `rtabmap::DatabaseViewer::staticMetaObject'
[5.759s] /usr/bin/ld: ../../bin/librtabmap_gui.so.0.23.4: undefined reference to `rtabmap::ImageView::getDepthColorMap() const'
[5.759s] /usr/bin/ld: ../../bin/librtabmap_gui.so.0.23.4: undefined reference to `UPlot::addCurve(QString const&, QColor const&)'
[5.759s] /usr/bin/ld: ../../bin/librtabmap_gui.so.0.23.4: undefined reference to `rtabmap::CloudViewerInteractorStyle::setOrthoMode(bool)'
[5.759s] /usr/bin/ld: ../../bin/librtabmap_gui.so.0.23.4: undefined reference to `QMultiComboBox::count()'
[5.759s] /usr/bin/ld: ../../bin/librtabmap_gui.so.0.23.4: undefined reference to `rtabmap::PreferencesDialog::settingsChanged(QFlags<rtabmap::PreferencesDialog::PanelFlag>)'
[5.759s] /usr/bin/ld: ../../bin/librtabmap_gui.so.0.23.4: undefined reference to `rtabmap::PostProcessingDialog::interSession() const'
[5.759s] /usr/bin/ld: ../../bin/librtabmap_gui.so.0.23.4: undefined reference to `rtabmap::CameraViewer::CameraViewer(QWidget*, std::map<std::__cxx11::basic_string<char, std::char_traits<char>, std::allocator<char> >, std::__cxx11::basic_string<char, std::char_traits<char>, std::allocator<char> >, std::less<std::__cxx11::basic_string<char, std::char_traits<char>, std::allocator<char> > >, std::allocator<std::pair<std::__cxx11::basic_string<char, std::char_traits<char>, std::allocator<char> > const, std::__cxx11::basic_string<char, std::char_traits<char>, std::allocator<char> > > > > const&)'
[5.759s] /usr/bin/ld: ../../bin/librtabmap_gui.so.0.23.4: undefined reference to `rtabmap::CameraViewer::setDecimation(int)'
[5.760s] /usr/bin/ld: ../../bin/librtabmap_gui.so.0.23.4: undefined reference to `UPlot::UPlot(QWidget*)'
[5.760s] /usr/bin/ld: ../../bin/librtabmap_gui.so.0.23.4: undefined reference to `rtabmap::StatsToolBox::addCurve(QString const&, bool, bool)'
[5.760s] /usr/bin/ld: ../../bin/librtabmap_gui.so.0.23.4: undefined reference to `rtabmap::ExportDialog::outputPath() const'
[5.760s] /usr/bin/ld: ../../bin/librtabmap_gui.so.0.23.4: undefined reference to `rtabmap::CloudViewer::configChanged()'
[5.760s] /usr/bin/ld: ../../bin/librtabmap_gui.so.0.23.4: undefined reference to `rtabmap::AboutDialog::AboutDialog(QWidget*)'
[5.760s] /usr/bin/ld: ../../bin/librtabmap_gui.so.0.23.4: undefined reference to `rtabmap::CloudViewer::staticMetaObject'
[5.760s] /usr/bin/ld: ../../bin/librtabmap_gui.so.0.23.4: undefined reference to `rtabmap::CalibrationDialog::setProgressVisibility(bool)'
[5.760s] /usr/bin/ld: ../../bin/librtabmap_gui.so.0.23.4: undefined reference to `rtabmap::ImageView::addLine(float, float, float, float, QColor, QString const&)'
[5.760s] /usr/bin/ld: ../../bin/librtabmap_gui.so.0.23.4: undefined reference to `vtable for rtabmap::DepthCalibrationDialog'
[5.761s] /usr/bin/ld: ../../bin/librtabmap_gui.so.0.23.4: undefined reference to `rtabmap::ProgressDialog::setMaximumSteps(int)'
[5.761s] /usr/bin/ld: ../../bin/librtabmap_gui.so.0.23.4: undefined reference to `rtabmap::ExportDialog::sessionExported() const'
[5.761s] /usr/bin/ld: ../../bin/librtabmap_gui.so.0.23.4: undefined reference to `rtabmap::ProgressDialog::setCancelButtonVisible(bool)'
[5.761s] /usr/bin/ld: ../../bin/librtabmap_gui.so.0.23.4: undefined reference to `rtabmap::CalibrationDialog::setRationalModel()'
[5.762s] /usr/bin/ld: ../../bin/librtabmap_gui.so.0.23.4: undefined reference to `rtabmap::ExportCloudsDialog::staticMetaObject'
[5.762s] /usr/bin/ld: ../../bin/librtabmap_gui.so.0.23.4: undefined reference to `rtabmap::MainWindow::cameraInfoReceived(rtabmap::SensorCaptureInfo const&)'
[5.762s] /usr/bin/ld: ../../bin/librtabmap_gui.so.0.23.4: undefined reference to `rtabmap::ImageView::setFeaturesShown(bool)'
[5.762s] /usr/bin/ld: ../../bin/librtabmap_gui.so.0.23.4: undefined reference to `rtabmap::MainWindow::rtabmapEvent3DMapProcessed()'
[5.762s] /usr/bin/ld: ../../bin/librtabmap_gui.so.0.23.4: undefined reference to `UPlotCurve::addValue(double, double)'
[5.763s] /usr/bin/ld: ../../bin/librtabmap_gui.so.0.23.4: undefined reference to `rtabmap::EditConstraintDialog::setPoseGroupVisible(bool)'
[5.763s] /usr/bin/ld: ../../bin/librtabmap_gui.so.0.23.4: undefined reference to `rtabmap::ImageView::setImage(QImage const&, std::vector<rtabmap::CameraModel, std::allocator<rtabmap::CameraModel> > const&, rtabmap::Transform const&)'
[5.763s] /usr/bin/ld: ../../bin/librtabmap_gui.so.0.23.4: undefined reference to `rtabmap::LoopClosureViewer::setData(rtabmap::Signature const&, rtabmap::Signature const&)'
[5.763s] /usr/bin/ld: ../../bin/librtabmap_gui.so.0.23.4: undefined reference to `rtabmap::CalibrationDialog::processImages(cv::Mat const&, cv::Mat const&, QString const&)'
[5.763s] /usr/bin/ld: ../../bin/librtabmap_gui.so.0.23.4: undefined reference to `rtabmap::PostProcessingDialog::loadSettings(QSettings&, QString const&)'
[5.763s] collect2: error: ld returned 1 exit status
[5.764s] /usr/bin/ld: ../../bin/librtabmap_gui.so.0.23.4: undefined reference to `rtabmap::ExportBundlerDialog::saveSettings(QSettings&, QString const&) const'
[5.764s] /usr/bin/ld: ../../bin/librtabmap_gui.so.0.23.4: undefined reference to `QMultiComboBox::SetDisplayText(QString)'
[5.767s] gmake[2]: *** [examples/LidarMapping/CMakeFiles/lidar_mapping.dir/build.make:205：bin/rtabmap-lidar_mapping] 错误 1
[5.767s] /usr/bin/ld: ../../bin/librtabmap_gui.so.0.23.4: undefined reference to `rtabmap::MultiSessionLocSubView::MultiSessionLocSubView(rtabmap::ImageView*, int, QWidget*)'
[5.767s] /usr/bin/ld: ../../bin/librtabmap_gui.so.0.23.4: undefined reference to `rtabmap::ImageView::loadSettings(QSettings&, QString const&)'
[5.767s] gmake[1]: *** [CMakeFiles/Makefile2:1828：examples/LidarMapping/CMakeFiles/lidar_mapping.dir/all] 错误 2
[5.767s] /usr/bin/ld: ../../bin/librtabmap_gui.so.0.23.4: undefined reference to `rtabmap::ImageView::setFeaturesColor(QColor)'
[5.767s] /usr/bin/ld: ../../bin/librtabmap_gui.so.0.23.4: undefined reference to `vtable for rtabmap::PreferencesDialog'
[5.768s] /usr/bin/ld: ../../bin/librtabmap_gui.so.0.23.4: undefined reference to `rtabmap::EditConstraintDialog::getCovariance() const'
[5.768s] /usr/bin/ld: ../../bin/librtabmap_gui.so.0.23.4: undefined reference to `rtabmap::PostProcessingDialog::isDetectMoreLoopClosures() const'
[5.768s] /usr/bin/ld: ../../bin/librtabmap_gui.so.0.23.4: undefined reference to `rtabmap::CloudViewerCellPicker::New()'
[5.768s] /usr/bin/ld: ../../bin/librtabmap_gui.so.0.23.4: undefined reference to `rtabmap::EditDepthArea::getModifiedImage() const'
[5.768s] /usr/bin/ld: ../../bin/librtabmap_gui.so.0.23.4: undefined reference to `UPlotCurve::UPlotCurve(QString const&, QVector<double> const&, QVector<double> const&, QObject*)'
[5.768s] /usr/bin/ld: ../../bin/librtabmap_gui.so.0.23.4: undefined reference to `rtabmap::PostProcessingDialog::isRefineLoopClosureLinks() const'
[5.768s] /usr/bin/ld: ../../bin/librtabmap_gui.so.0.23.4: undefined reference to `rtabmap::MainWindow::rtabmapEventInitReceived(int, QString const&)'
[5.768s] /usr/bin/ld: ../../bin/librtabmap_gui.so.0.23.4: undefined reference to `rtabmap::CalibrationDialog::squareSize() const'
[5.769s] /usr/bin/ld: ../../bin/librtabmap_gui.so.0.23.4: undefined reference to `rtabmap::vtkImageMatSource::New()'
[5.769s] /usr/bin/ld: ../../bin/librtabmap_gui.so.0.23.4: undefined reference to `rtabmap::MapVisibilityWidget::getVisiblePoses() const'
[5.770s] /usr/bin/ld: ../../bin/librtabmap_gui.so.0.23.4: undefined reference to `rtabmap::MainWindow::statsReceived(rtabmap::Statistics const&)'
[5.770s] /usr/bin/ld: ../../bin/librtabmap_gui.so.0.23.4: undefined reference to `rtabmap::MainWindow::mappingModeChanged(bool)'
[5.770s] /usr/bin/ld: ../../bin/librtabmap_gui.so.0.23.4: undefined reference to `vtable for rtabmap::DatabaseViewer'
[5.770s] /usr/bin/ld: ../../bin/librtabmap_gui.so.0.23.4: undefined reference to `rtabmap::StatsToolBox::setWorkingDirectory(QString const&)'
[5.770s] /usr/bin/ld: ../../bin/librtabmap_gui.so.0.23.4: undefined reference to `rtabmap::ExportBundlerDialog::ExportBundlerDialog(QWidget*)'
[5.771s] /usr/bin/ld: ../../bin/librtabmap_gui.so.0.23.4: undefined reference to `rtabmap::CalibrationDialog::setFisheyeModel()'
[5.771s] /usr/bin/ld: ../../bin/librtabmap_gui.so.0.23.4: undefined reference to `rtabmap::PostProcessingDialog::PostProcessingDialog(QWidget*)'
[5.771s] /usr/bin/ld: ../../bin/librtabmap_gui.so.0.23.4: undefined reference to `/usr/bin/ldvtable for rtabmap::RecoveryState: ../../bin/librtabmap_gui.so.0.23.4'
[5.771s] : undefined reference to `rtabmap::MultiSessionLocSubView::updateView(int, QImage const&, std::multimap<int, cv::KeyPoint, std::less<int>, std::allocator<std::pair<int const, cv::KeyPoint> > > const&, float, QColor const&)'
[5.771s] /usr/bin/ld: ../../bin/librtabmap_gui.so.0.23.4: undefined reference to `rtabmap::ProgressDialog::maximumSteps() const'
[5.771s] /usr/bin/ld: ../../bin/librtabmap_gui.so.0.23.4: undefined reference to `rtabmap::ImageView::addFeature(int, cv::KeyPoint const&, float, QColor)'
[5.771s] /usr/bin/ld: ../../bin/librtabmap_gui.so.0.23.4: undefined reference to `vtable for rtabmap::GraphViewer'
[5.771s] /usr/bin/ld: ../../bin/librtabmap_gui.so.0.23.4/usr/bin/ld: undefined reference to `: ../../bin/librtabmap_gui.so.0.23.4: undefined reference to `QMultiComboBox::QMultiComboBox(QWidget*)'
[5.771s] /usr/bin/ld: ../../bin/librtabmap_gui.so.0.23.4: undefined reference to `rtabmap::EditConstraintDialog::EditConstraintDialog(rtabmap::Transform const&, cv::Mat const&, QWidget*)'
[5.771s] rtabmap::LinkRefiningDialog::getRangeNodeId(int&, int&) const'
[5.771s] /usr/bin/ld: ../../bin/librtabmap_gui.so.0.23.4: undefined reference to `rtabmap::CalibrationDialog::loadSettings(QSettings&, QString const&)'
[5.771s] /usr/bin/ld: ../../bin/librtabmap_gui.so.0.23.4: undefined reference to `rtabmap::MainWindow::odometryProcessed()'
[5.771s] /usr/bin/ld: ../../bin/librtabmap_gui.so.0.23.4: undefined reference to `rtabmap::PostProcessingDialog::sbaIterations() const'
[5.771s] /usr/bin/ld: ../../bin/librtabmap_gui.so.0.23.4: undefined reference to `UPlot::addThreshold(QString const&, double, Qt::Orientation)'
[5.771s] /usr/bin/ld: ../../bin/librtabmap_gui.so.0.23.4: undefined reference to `rtabmap::CalibrationDialog::saveSettings(QSettings&, QString const&) const'
[5.771s] /usr/bin/ld: ../../bin/librtabmap_gui.so.0.23.4: undefined reference to `rtabmap::StatsToolBox::StatsToolBox(QWidget*)'
[5.771s] /usr/bin/ld: ../../bin/librtabmap_gui.so.0.23.4: undefined reference to `rtabmap::LinkRefiningDialog::isRangeByNodeId() const'
[5.771s] /usr/bin/ld: ../../bin/librtabmap_gui.so.0.23.4: undefined reference to `rtabmap::MainWindow::cameraInfoProcessed()'
[5.772s] /usr/bin/ld: ../../bin/librtabmap_gui.so.0.23.4: undefined reference to `rtabmap::LinkRefiningDialog::getIntraInterSessions(bool&, bool&) const'
[5.772s] /usr/bin/ld: ../../bin/librtabmap_gui.so.0.23.4: undefined reference to `rtabmap::CalibrationDialog::setCameraName(QString const&)'
[5.772s] /usr/bin/ld: ../../bin/librtabmap_gui.so.0.23.4: undefined reference to `rtabmap::StatsToolBox::addThreshold(QString const&, double)'
[5.772s] /usr/bin/ld: ../../bin/librtabmap_gui.so.0.23.4: undefined reference to `rtabmap::StatsToolBox::getFiguresSetup(QList<int>&, QStringList&, QStringList&)'
[5.772s] /usr/bin/ld: ../../bin/librtabmap_gui.so.0.23.4: undefined reference to `rtabmap::ExportDialog::isDepthExported() const'
[5.772s] /usr/bin/ld: ../../bin/librtabmap_gui.so.0.23.4: undefined reference to `rtabmap::MainWindow::detectionRateChanged(double)'
[5.772s] /usr/bin/ld: ../../bin/librtabmap_gui.so.0.23.4: undefined reference to `rtabmap::CreateSimpleCalibrationDialog::CreateSimpleCalibrationDialog(QString const&, QString const&, QWidget*)'
[5.772s] /usr/bin/ld: ../../bin/librtabmap_gui.so.0.23.4: undefined reference to `rtabmap::ImageView::setImageDepth(cv::Mat const&, cv::Mat const&)'
[5.772s] /usr/bin/ld: ../../bin/librtabmap_gui.so.0.23.4: undefined reference to `UPlot::setFixedYAxis(double, double)'
[5.772s] /usr/bin/ld: ../../bin/librtabmap_gui.so.0.23.4: undefined reference to `rtabmap::ExportDialog::isUserDataExported() const'
[5.772s] /usr/bin/ld: ../../bin/librtabmap_gui.so.0.23.4: undefined reference to `rtabmap::MainWindow::statsProcessed()'
[5.772s] /usr/bin/ld: ../../bin/librtabmap_gui.so.0.23.4: undefined reference to `rtabmap::ImageView::isImageDepthShown() const'
[5.773s] /usr/bin/ld: ../../bin/librtabmap_gui.so.0.23.4: undefined reference to `rtabmap::ExportDialog::targetFramerate() const'
[5.773s] /usr/bin/ld: ../../bin/librtabmap_gui.so.0.23.4: undefined reference to `QMultiComboBox::addItem(QString const&, QVariant const&)'
[5.773s] /usr/bin/ld: ../../bin/librtabmap_gui.so.0.23.4: undefined reference to `rtabmap::PreferencesDialog::settingsChanged(std::map<std::__cxx11::basic_string<char, std::char_traits<char>, std::allocator<char> >, std::__cxx11::basic_string<char, std::char_traits<char>, std::allocator<char> >, std::less<std::__cxx11::basic_string<char, std::char_traits<char>, std::allocator<char> > >, std::allocator<std::pair<std::__cxx11::basic_string<char, std::char_traits<char>, std::allocator<char> > const, std::__cxx11::basic_string<char, std::char_traits<char>, std::allocator<char> > > > >)'
[5.773s] /usr/bin/ld: ../../bin/librtabmap_gui.so.0.23.4: undefined reference to `rtabmap::EditConstraintDialog::getTransform() const'
[5.774s] /usr/bin/ld: ../../bin/librtabmap_gui.so.0.23.4: undefined reference to `rtabmap::ExportBundlerDialog::exportBundler(std::map<int, rtabmap::Transform, std::less<int>, std::allocator<std::pair<int const, rtabmap::Transform> > >&, std::multimap<int, rtabmap::Link, std::less<int>, std::allocator<std::pair<int const, rtabmap::Link> > > const&, QMap<int, rtabmap::Signature> const&, std::map<std::__cxx11::basic_string<char, std::char_traits<char>, std::allocator<char> >, std::__cxx11::basic_string<char, std::char_traits<char>, std::allocator<char> >, std::less<std::__cxx11::basic_string<char, std::char_traits<char>, std::allocator<char> > >, std::allocator<std::pair<std::__cxx11::basic_string<char, std::char_traits<char>, std::allocator<char> > const, std::__cxx11::basic_string<char, std::char_traits<char>, std::allocator<char> > > > > const&)'
[5.774s] /usr/bin/ld: ../../bin/librtabmap_gui.so.0.23.4: undefined reference to `rtabmap::EditDepthArea::EditDepthArea(QWidget*)'
[5.774s] /usr/bin/ld: ../../bin/librtabmap_gui.so.0.23.4: undefined reference to `rtabmap::MainWindow::rtabmapGoalStatusEventReceived(int)'
[5.774s] /usr/bin/ld: ../../bin/librtabmap_gui.so.0.23.4: undefined reference to `rtabmap::ImageView::setFeatureColor(int, QColor)'
[5.774s] /usr/bin/ld: ../../bin/librtabmap_gui.so.0.23.4: undefined reference to `rtabmap::StatsToolBox::closeFigures()'
[5.774s] /usr/bin/ld: ../../bin/librtabmap_gui.so.0.23.4: undefined reference to `rtabmap::GraphViewer::linkSelected(int, int)'
[5.775s] /usr/bin/ld: ../../bin/librtabmap_gui.so.0.23.4: undefined reference to `rtabmap::ProgressDialog::clear()'
[5.775s] /usr/bin/ld: ../../bin/librtabmap_gui.so.0.23.4: undefined reference to `rtabmap::ProgressDialog::resetProgress()'
[5.775s] /usr/bin/ld: ../../bin/librtabmap_gui.so.0.23.4: undefined reference to `UPlot::removeCurves()'
[5.775s] /usr/bin/ld: ../../bin/librtabmap_gui.so.0.23.4: undefined reference to `rtabmap::ImageView::setLinesShown(bool)'
[5.775s] /usr/bin/ld: ../../bin/librtabmap_gui.so.0.23.4: undefined reference to `rtabmap::StatsToolBox::updateStat(QString const&, double, double, bool)'
[5.775s] /usr/bin/ld: ../../bin/librtabmap_gui.so.0.23.4: undefined reference to `rtabmap::ProgressDialog::incrementStep(int)'
[5.775s] /usr/bin/ld: ../../bin/librtabmap_gui.so.0.23.4: undefined reference to `rtabmap::MainWindow::rtabmapGlobalPathEventReceived(rtabmap::RtabmapGlobalPathEvent const&)'
[5.775s] /usr/bin/ld: ../../bin/librtabmap_gui.so.0.23.4: undefined reference to `rtabmap::DataRecorder::~DataRecorder()'
[5.776s] /usr/bin/ld: ../../bin/librtabmap_gui.so.0.23.4: undefined reference to `QMultiComboBox::setItemChecked(int, bool)'
[5.776s] /usr/bin/ld: ../../bin/librtabmap_gui.so.0.23.4: undefined reference to `rtabmap::MainWindow::stateChanged(rtabmap::MainWindow::State)'
[5.776s] /usr/bin/ld: ../../bin/librtabmap_gui.so.0.23.4: undefined reference to `rtabmap::DataRecorder::addData(rtabmap::SensorData const&, rtabmap::Transform const&, cv::Mat const&)'
[5.776s] /usr/bin/ld: ../../bin/librtabmap_gui.so.0.23.4: undefined reference to `rtabmap::GraphViewer::staticMetaObject'
[5.776s] /usr/bin/ld: ../../bin/librtabmap_gui.so.0.23.4: undefined reference to `rtabmap::PostProcessingDialog::iterations() const'
[5.776s] /usr/bin/ld: ../../bin/librtabmap_gui.so.0.23.4: undefined reference to `rtabmap::ImageView::getDefaultMatchingFeatureColor() const'
[5.776s] /usr/bin/ld: ../../bin/librtabmap_gui.so.0.23.4: undefined reference to `rtabmap::EditMapArea::EditMapArea(QWidget*)'
[5.776s] /usr/bin/ld: ../../bin/librtabmap_gui.so.0.23.4: undefined reference to `rtabmap::MainWindow::noMoreImagesReceived()'
[5.777s] /usr/bin/ld: ../../bin/librtabmap_gui.so.0.23.4: undefined reference to `rtabmap::ConsoleWidget::ConsoleWidget(QWidget*)'
[5.777s] /usr/bin/ld: ../../bin/librtabmap_gui.so.0.23.4: undefined reference to `vtable for rtabmap::ParametersToolBox'
[5.777s] /usr/bin/ld: ../../bin/librtabmap_gui.so.0.23.4: undefined reference to `rtabmap::EditMapArea::setMap(cv::Mat const&)'
[5.777s] /usr/bin/ld: ../../bin/librtabmap_gui.so.0.23.4: undefined reference to `rtabmap::ExportBundlerDialog::staticMetaObject'
[5.777s] /usr/bin/ld: ../../bin/librtabmap_gui.so.0.23.4: undefined reference to `rtabmap::PreferencesDialog::staticMetaObject'
[5.778s] /usr/bin/ld: ../../bin/librtabmap_gui.so.0.23.4: undefined reference to `rtabmap::ImageView::ImageView(QWidget*)'
[5.778s] /usr/bin/ld: ../../bin/librtabmap_gui.so.0.23.4: undefined reference to `rtabmap::MainWindow::staticMetaObject'
[5.778s] /usr/bin/ld: ../../bin/librtabmap_gui.so.0.23.4: undefined reference to `rtabmap::CalibrationDialog::setSwitchedImages(bool)'
[5.778s] /usr/bin/ld: ../../bin/librtabmap_gui.so.0.23.4: undefined reference to `rtabmap::CalibrationDialog::setSquareSize(double)'
[5.779s] /usr/bin/ld: ../../bin/librtabmap_gui.so.0.23.4: undefined reference to `rtabmap::StatsToolBox::clear()'
[5.779s] /usr/bin/ld: ../../bin/librtabmap_gui.so.0.23.4: undefined reference to `rtabmap::CalibrationDialog::setStereoMode(bool, QString const&, QString const&)'
[5.779s] /usr/bin/ld: ../../bin/librtabmap_gui.so.0.23.4: undefined reference to `rtabmap::ImageView::setFeatures(std::vector<cv::KeyPoint, std::allocator<cv::KeyPoint> > const&, cv::Mat const&, QColor const&)'
[5.779s] /usr/bin/ld: ../../bin/librtabmap_gui.so.0.23.4: undefined reference to `rtabmap::ImageView::getDefaultMatchingLineColor() const'
[5.780s] /usr/bin/ld: ../../bin/librtabmap_gui.so.0.23.4: undefined reference to `rtabmap::GraphViewer::nodeSelected(int)'
[5.780s] /usr/bin/ld: ../../bin/librtabmap_gui.so.0.23.4: undefined reference to `rtabmap::CalibrationDialog::stereoCalibration(rtabmap::CameraModel const&, rtabmap::CameraModel const&, bool, QTextStream*) const'
[5.781s] /usr/bin/ld: ../../bin/librtabmap_gui.so.0.23.4: undefined reference to `vtable for rtabmap::ExportCloudsDialog'
[5.781s] /usr/bin/ld: ../../bin/librtabmap_gui.so.0.23.4: undefined reference to `rtabmap::ExportBundlerDialog::setWorkingDirectory(QString const&)'
[5.781s] /usr/bin/ld: ../../bin/librtabmap_gui.so.0.23.4: undefined reference to `rtabmap::ExportDialog::isRgbExported() const'
[5.782s] /usr/bin/ld: ../../bin/librtabmap_gui.so.0.23.4: undefined reference to `rtabmap::PostProcessingDialog::sbaVariance() const'
[5.782s] /usr/bin/ld: ../../bin/librtabmap_gui.so.0.23.4: undefined reference to `rtabmap::EditConstraintDialog::~EditConstraintDialog()'
[5.782s] /usr/bin/ld: ../../bin/librtabmap_gui.so.0.23.4: undefined reference to `rtabmap::DataRecorder::init(QString const&, bool)'
[5.782s] /usr/bin/ld: ../../bin/librtabmap_gui.so.0.23.4: undefined reference to `vtable for rtabmap::MultiSessionLocWidget'
[5.782s] /usr/bin/ld: ../../bin/librtabmap_gui.so.0.23.4: undefined reference to `rtabmap::ParametersToolBox::staticMetaObject'
[5.782s] /usr/bin/ld: ../../bin/librtabmap_gui.so.0.23.4: undefined reference to `vtable for rtabmap::TexturingState'
[5.782s] /usr/bin/ld: ../../bin/librtabmap_gui.so.0.23.4: undefined reference to `rtabmap::CalibrationDialog::resetSettings()'
[5.783s] /usr/bin/ld: ../../bin/librtabmap_gui.so.0.23.4: undefined reference to `rtabmap::ImageView::clearLines()'
[5.783s] /usr/bin/ld: ../../bin/librtabmap_gui.so.0.23.4: undefined reference to `rtabmap::GraphViewer::mapShownRequested()'
[5.783s] /usr/bin/ld: ../../bin/librtabmap_gui.so.0.23.4: undefined reference to `QMultiComboBox::itemText(int)'
[5.783s] /usr/bin/ld: ../../bin/librtabmap_gui.so.0.23.4: undefined reference to `rtabmap::ImageView::clearFeatures()'
[5.783s] /usr/bin/ld: ../../bin/librtabmap_gui.so.0.23.4: undefined reference to `rtabmap::DataRecorder::DataRecorder(QWidget*)'
[5.783s] /usr/bin/ld: ../../bin/librtabmap_gui.so.0.23.4: undefined reference to `rtabmap::PostProcessingDialog::staticMetaObject'
[5.784s] /usr/bin/ld: ../../bin/librtabmap_gui.so.0.23.4: undefined reference to `rtabmap::MapVisibilityWidget::clear()'
[5.784s] /usr/bin/ld: ../../bin/librtabmap_gui.so.0.23.4: undefined reference to `rtabmap::ExportDialog::isDepth2dExported() const'
[5.784s] /usr/bin/ld: ../../bin/librtabmap_gui.so.0.23.4: undefined reference to `rtabmap::PdfPlotCurve::PdfPlotCurve(QString const&, QMap<int, rtabmap::Signature> const*, QObject*)'
[5.784s] /usr/bin/ld: ../../bin/librtabmap_gui.so.0.23.4: undefined reference to `vtable for rtabmap::MainWindow'
[5.784s] /usr/bin/ld: ../../bin/librtabmap_gui.so.0.23.4: undefined reference to `rtabmap::CalibrationDialog::setBoardWidth(int)'
[5.784s] /usr/bin/ld: ../../bin/librtabmap_gui.so.0.23.4: undefined reference to `rtabmap::ProgressDialog::ProgressDialog(QWidget*, QFlags<Qt::WindowType>)'
[5.785s] /usr/bin/ld: ../../bin/librtabmap_gui.so.0.23.4: undefined reference to `rtabmap::PdfPlotCurve::setData(QMap<int, float> const&, QMap<int, int> const&)'
[5.785s] /usr/bin/ld: ../../bin/librtabmap_gui.so.0.23.4: undefined reference to `rtabmap::MainWindow::imgRateChanged(double)'
[5.785s] /usr/bin/ld: ../../bin/librtabmap_gui.so.0.23.4: undefined reference to `rtabmap::ImageView::isLinesShown() const'
[5.785s] /usr/bin/ld: ../../bin/librtabmap_gui.so.0.23.4: undefined reference to `rtabmap::StatsToolBox::updateStat(QString const&, std::vector<double, std::allocator<double> > const&, std::vector<double, std::allocator<double> > const&, bool)'
[5.785s] /usr/bin/ld: ../../bin/librtabmap_gui.so.0.23.4: undefined reference to `rtabmap::ImageView::viewScale() const'
[5.785s] /usr/bin/ld: ../../bin/librtabmap_gui.so.0.23.4: undefined reference to `rtabmap::ProgressDialog::setValue(int)'
[5.785s] /usr/bin/ld: ../../bin/librtabmap_gui.so.0.23.4: undefined reference to `rtabmap::ImageView::setAlpha(int)'
[5.786s] /usr/bin/ld: ../../bin/librtabmap_gui.so.0.23.4: undefined reference to `rtabmap::ImageView::saveSettings(QSettings&, QString const&) const'
[5.786s] /usr/bin/ld: ../../bin/librtabmap_gui.so.0.23.4: undefined reference to `rtabmap::MapVisibilityWidget::MapVisibilityWidget(QWidget*)'
[5.786s] /usr/bin/ld: ../../bin/librtabmap_gui.so.0.23.4: undefined reference to `rtabmap::PostProcessingDialog::sbaRematchFeatures() const'
[5.786s] /usr/bin/ld: ../../bin/librtabmap_gui.so.0.23.4: undefined reference to `rtabmap::ImageView::sceneRect() const'
[5.786s] /usr/bin/ld: ../../bin/librtabmap_gui.so.0.23.4: undefined reference to `rtabmap::ParametersToolBox::parametersChanged(QStringList const&)'
[5.786s] /usr/bin/ld: ../../bin/librtabmap_gui.so.0.23.4: undefined reference to `rtabmap::CalibrationDialog::boardWidth() const'
[5.786s] /usr/bin/ld: ../../bin/librtabmap_gui.so.0.23.4: undefined reference to `rtabmap::ExportBundlerDialog::loadSettings(QSettings&, QString const&)'
[5.787s] /usr/bin/ld: ../../bin/librtabmap_gui.so.0.23.4: undefined reference to `rtabmap::LinkRefiningDialog::isRangeByMapId() const'
[5.787s] /usr/bin/ld: ../../bin/librtabmap_gui.so.0.23.4: undefined reference to `rtabmap::LoopClosureViewer::updateView(rtabmap::Transform const&, std::map<std::__cxx11::basic_string<char, std::char_traits<char>, std::allocator<char> >, std::__cxx11::basic_string<char, std::char_traits<char>, std::allocator<char> >, std::less<std::__cxx11::basic_string<char, std::char_traits<char>, std::allocator<char> > >, std::allocator<std::pair<std::__cxx11::basic_string<char, std::char_traits<char>, std::allocator<char> > const, std::__cxx11::basic_string<char, std::char_traits<char>, std::allocator<char> > > > > const&)'
[5.787s] /usr/bin/ld: ../../bin/librtabmap_gui.so.0.23.4: undefined reference to `rtabmap::ExportDialog::~ExportDialog()'
[5.787s] /usr/bin/ld: ../../bin/librtabmap_gui.so.0.23.4: undefined reference to `rtabmap::ImageView::getDefaultFeatureColor() const'
[5.787s] /usr/bin/ld: ../../bin/librtabmap_gui.so.0.23.4: undefined reference to `rtabmap::ProgressDialog::~ProgressDialog()'
[5.787s] /usr/bin/ld: ../../bin/librtabmap_gui.so.0.23.4: undefined reference to `rtabmap::StatsToolBox::updateStat(QString const&, double, bool)'
[5.787s] /usr/bin/ld: ../../bin/librtabmap_gui.so.0.23.4: undefined reference to `QMultiComboBox::clear()'
[5.787s] /usr/bin/ld: ../../bin/librtabmap_gui.so.0.23.4: undefined reference to `rtabmap::MainWindow::rtabmapEvent3DMapReceived(rtabmap::RtabmapEvent3DMap const&)'
[5.787s] /usr/bin/ld: ../../bin/librtabmap_gui.so.0.23.4: undefined reference to `vtable for rtabmap::CloudViewer'
[5.787s] /usr/bin/ld: ../../bin/librtabmap_gui.so.0.23.4: undefined reference to `rtabmap::ImageView::getDefaultBackgroundColor() const'
[5.788s] /usr/bin/ld: ../../bin/librtabmap_gui.so.0.23.4: undefined reference to `rtabmap::ImageView::isFeaturesShown() const'
[5.788s] /usr/bin/ld: ../../bin/librtabmap_gui.so.0.23.4: undefined reference to `rtabmap::PostProcessingDialog::clusterRadius() const'
[5.788s] /usr/bin/ld: ../../bin/librtabmap_gui.so.0.23.4: undefined reference to `rtabmap::StatItem::staticMetaObject'
[5.788s] /usr/bin/ld: ../../bin/librtabmap_gui.so.0.23.4: undefined reference to `qInitResources_GuiLib()'
[5.788s] /usr/bin/ld: ../../bin/librtabmap_gui.so.0.23.4: undefined reference to `rtabmap::ProgressDialog::appendText(QString const&, QColor const&)'
[5.788s] /usr/bin/ld: ../../bin/librtabmap_gui.so.0.23.4: undefined reference to `rtabmap::ConsoleWidget::appendMsg(QString const&, int)'
[5.788s] /usr/bin/ld: ../../bin/librtabmap_gui.so.0.23.4: undefined reference to `rtabmap::MainWindow::timeLimitChanged(float)'
[5.788s] /usr/bin/ld: ../../bin/librtabmap_gui.so.0.23.4: undefined reference to `rtabmap::ExportDialog::framesIgnored() const'
[5.789s] /usr/bin/ld: ../../bin/librtabmap_gui.so.0.23.4: undefined reference to `rtabmap::MapVisibilityWidget::setMap(std::map<int, rtabmap::Transform, std::less<int>, std::allocator<std::pair<int const, rtabmap::Transform> > > const&, std::map<int, bool, std::less<int>, std::allocator<std::pair<int const, bool> > > const&)'
[5.789s] /usr/bin/ld: ../../bin/librtabmap_gui.so.0.23.4: undefined reference to `rtabmap::StatsToolBox::updateStat(QString const&, bool)'
[5.789s] /usr/bin/ld: ../../bin/librtabmap_gui.so.0.23.4: undefined reference to `rtabmap::MainWindow::loopClosureThrChanged(double)'
[5.789s] /usr/bin/ld: ../../bin/librtabmap_gui.so.0.23.4: undefined reference to `rtabmap::CalibrationDialog::setBoardHeight(int)'
[5.789s] /usr/bin/ld: ../../bin/librtabmap_gui.so.0.23.4: undefined reference to `rtabmap::MainWindow::rtabmapLabelErrorReceived(int, QString const&)'
[5.790s] /usr/bin/ld: ../../bin/librtabmap_gui.so.0.23.4: undefined reference to `rtabmap::vtkImageMatSource::SetImage(cv::_InputArray const&)'
[5.790s] /usr/bin/ld: ../../bin/librtabmap_gui.so.0.23.4: undefined reference to `UPlot::addCurve(UPlotCurve*, bool)'
[5.790s] /usr/bin/ld: ../../bin/librtabmap_gui.so.0.23.4: undefined reference to `rtabmap::LinkRefiningDialog::LinkRefiningDialog(QWidget*)'
[5.790s] /usr/bin/ld: ../../bin/librtabmap_gui.so.0.23.4: undefined reference to `rtabmap::OdometryViewer::OdometryViewer(int, int, float, float, int, QWidget*, std::map<std::__cxx11::basic_string<char, std::char_traits<char>, std::allocator<char> >, std::__cxx11::basic_string<char, std::char_traits<char>, std::allocator<char> >, std::less<std::__cxx11::basic_string<char, std::char_traits<char>, std::allocator<char> > >, std::allocator<std::pair<std::__cxx11::basic_string<char, std::char_traits<char>, std::allocator<char> > const, std::__cxx11::basic_string<char, std::char_traits<char>, std::allocator<char> > > > > const&)'
[5.790s] /usr/bin/ld: ../../bin/librtabmap_gui.so.0.23.4: undefined reference to `rtabmap::PostProcessingDialog::sbaType() const'
[5.790s] /usr/bin/ld: ../../bin/librtabmap_gui.so.0.23.4: undefined reference to `rtabmap::ProgressDialog::setAutoClose(bool, int)'
[5.790s] /usr/bin/ld: ../../bin/librtabmap_gui.so.0.23.4: undefined reference to `QMultiComboBox::setCurrentIndex(int)'
[5.790s] /usr/bin/ld: ../../bin/librtabmap_gui.so.0.23.4: undefined reference to `rtabmap::ImageView::setImageShown(bool)'
[5.791s] /usr/bin/ld: ../../bin/librtabmap_gui.so.0.23.4: undefined reference to `rtabmap::ImageView::isImageShown() const'
[5.791s] /usr/bin/ld: ../../bin/librtabmap_gui.so.0.23.4: undefined reference to `rtabmap::ImageView::staticMetaObject'
[5.791s] /usr/bin/ld: ../../bin/librtabmap_gui.so.0.23.4: undefined reference to `rtabmap::PostProcessingDialog::intraSession() const'
[5.791s] /usr/bin/ld: ../../bin/librtabmap_gui.so.0.23.4: undefined reference to `rtabmap::EditDepthArea::setColorMap(uCvQtDepthColorMap)'
[5.791s] /usr/bin/ld: ../../bin/librtabmap_gui.so.0.23.4: undefined reference to `rtabmap::ExportDialog::isOdomExported() const'
[5.791s] /usr/bin/ld: ../../bin/librtabmap_gui.so.0.23.4: undefined reference to `rtabmap::LinkRefiningDialog::getLinkType() const'
[5.792s] /usr/bin/ld: ../../bin/librtabmap_gui.so.0.23.4: undefined reference to `rtabmap::MultiSessionLocSubView::clear()'
[5.792s] /usr/bin/ld: ../../bin/librtabmap_gui.so.0.23.4: undefined reference to `rtabmap::PostProcessingDialog::isRefineNeighborLinks() const'
[5.792s] /usr/bin/ld: ../../bin/librtabmap_gui.so.0.23.4: undefined reference to `rtabmap::MainWindow::odometryReceived(rtabmap::OdometryEvent const&, bool)'
[5.792s] /usr/bin/ld: ../../bin/librtabmap_gui.so.0.23.4: undefined reference to `rtabmap::PostProcessingDialog::saveSettings(QSettings&, QString const&) const'
[5.792s] /usr/bin/ld: ../../bin/librtabmap_gui.so.0.23.4: undefined reference to `rtabmap::EditMapArea::getModifiedMap() const'
[5.793s] /usr/bin/ld: ../../bin/librtabmap_gui.so.0.23.4: undefined reference to `rtabmap::ImageView::setBackgroundColor(QColor const&)'
[5.793s] /usr/bin/ld: ../../bin/librtabmap_gui.so.0.23.4: undefined reference to `rtabmap::ImageView::clear()'
[5.793s] /usr/bin/ld: ../../bin/librtabmap_gui.so.0.23.4: undefined reference to `rtabmap::CalibrationDialog::boardHeight() const'
[5.793s] /usr/bin/ld: ../../bin/librtabmap_gui.so.0.23.4: undefined reference to `rtabmap::DepthCalibrationDialog::staticMetaObject'
[5.793s] /usr/bin/ld: ../../bin/librtabmap_gui.so.0.23.4: undefined reference to `rtabmap::PostProcessingDialog::clusterAngle() const'
[5.793s] /usr/bin/ld: ../../bin/librtabmap_gui.so.0.23.4: undefined reference to `rtabmap::ImageView::setImageDepthShown(bool)'
[5.793s] /usr/bin/ld: ../../bin/librtabmap_gui.so.0.23.4: undefined reference to `rtabmap::LinkRefiningDialog::setMinMax(int, int, int, int)'
[5.793s] /usr/bin/ld: ../../bin/librtabmap_gui.so.0.23.4: undefined reference to `rtabmap::CalibrationDialog::staticMetaObject'
[5.793s] /usr/bin/ld: ../../bin/librtabmap_gui.so.0.23.4: undefined reference to `QMultiComboBox::itemData(int)'
[5.793s] /usr/bin/ld: ../../bin/librtabmap_gui.so.0.23.4: undefined reference to `UPlot::showLegend(bool)'
[5.793s] /usr/bin/ld: ../../bin/librtabmap_gui.so.0.23.4: undefined reference to `rtabmap::LoopClosureViewer::LoopClosureViewer(QWidget*)'
[5.793s] /usr/bin/ld: ../../bin/librtabmap_gui.so.0.23.4: undefined reference to `rtabmap::CalibrationDialog::CalibrationDialog(bool, QString const&, bool, QWidget*)'
[5.794s] /usr/bin/ld: ../../bin/librtabmap_gui.so.0.23.4: undefined reference to `rtabmap::ImageView::setFeatures(std::multimap<int, cv::KeyPoint, std::less<int>, std::allocator<std::pair<int const, cv::KeyPoint> > > const&, cv::Mat const&, QColor const&)'
[5.794s] /usr/bin/ld: ../../bin/librtabmap_gui.so.0.23.4: undefined reference to `rtabmap::PostProcessingDialog::isSBA() const'
[5.794s] /usr/bin/ld: ../../bin/librtabmap_gui.so.0.23.4: undefined reference to `rtabmap::ExportDialog::ExportDialog(QWidget*)'
[5.794s] /usr/bin/ld: ../../bin/librtabmap_gui.so.0.23.4: undefined reference to `rtabmap::ImageView::setSceneRect(QRectF const&)'
[5.794s] /usr/bin/ld: ../../bin/librtabmap_gui.so.0.23.4: undefined reference to `rtabmap::GraphViewer::configChanged()'
[5.794s] /usr/bin/ld: ../../bin/librtabmap_gui.so.0.23.4: undefined reference to `rtabmap::EditDepthArea::setImage(cv::Mat const&, cv::Mat const&)'
[5.794s] /usr/bin/ld: ../../bin/librtabmap_gui.so.0.23.4: undefined reference to `rtabmap::DatabaseViewer::staticMetaObject'
[5.794s] /usr/bin/ld: ../../bin/librtabmap_gui.so.0.23.4: undefined reference to `rtabmap::ImageView::getDepthColorMap() const'
[5.794s] /usr/bin/ld: ../../bin/librtabmap_gui.so.0.23.4: undefined reference to `UPlot::addCurve(QString const&, QColor const&)'
[5.794s] /usr/bin/ld: ../../bin/librtabmap_gui.so.0.23.4: undefined reference to `rtabmap::CloudViewerInteractorStyle::setOrthoMode(bool)'
[5.795s] /usr/bin/ld: ../../bin/librtabmap_gui.so.0.23.4: undefined reference to `QMultiComboBox::count()'
[5.795s] /usr/bin/ld: ../../bin/librtabmap_gui.so.0.23.4: undefined reference to `rtabmap::PreferencesDialog::settingsChanged(QFlags<rtabmap::PreferencesDialog::PanelFlag>)'
[5.795s] /usr/bin/ld: ../../bin/librtabmap_gui.so.0.23.4: undefined reference to `rtabmap::PostProcessingDialog::interSession() const'
[5.796s] /usr/bin/ld: ../../bin/librtabmap_gui.so.0.23.4: undefined reference to `rtabmap::CameraViewer::CameraViewer(QWidget*, std::map<std::__cxx11::basic_string<char, std::char_traits<char>, std::allocator<char> >, std::__cxx11::basic_string<char, std::char_traits<char>, std::allocator<char> >, std::less<std::__cxx11::basic_string<char, std::char_traits<char>, std::allocator<char> > >, std::allocator<std::pair<std::__cxx11::basic_string<char, std::char_traits<char>, std::allocator<char> > const, std::__cxx11::basic_string<char, std::char_traits<char>, std::allocator<char> > > > > const&)'
[5.796s] /usr/bin/ld: ../../bin/librtabmap_gui.so.0.23.4: undefined reference to `rtabmap::CameraViewer::setDecimation(int)'
[5.796s] /usr/bin/ld: ../../bin/librtabmap_gui.so.0.23.4: undefined reference to `UPlot::UPlot(QWidget*)'
[5.797s] /usr/bin/ld: ../../bin/librtabmap_gui.so.0.23.4: undefined reference to `rtabmap::StatsToolBox::addCurve(QString const&, bool, bool)'
[5.797s] /usr/bin/ld: ../../bin/librtabmap_gui.so.0.23.4: undefined reference to `rtabmap::ExportDialog::outputPath() const'
[5.797s] /usr/bin/ld: ../../bin/librtabmap_gui.so.0.23.4: undefined reference to `rtabmap::CloudViewer::configChanged()'
[5.797s] /usr/bin/ld: ../../bin/librtabmap_gui.so.0.23.4: undefined reference to `rtabmap::AboutDialog::AboutDialog(QWidget*)'
[5.798s] /usr/bin/ld: ../../bin/librtabmap_gui.so.0.23.4: undefined reference to `rtabmap::CloudViewer::staticMetaObject'
[5.798s] /usr/bin/ld: ../../bin/librtabmap_gui.so.0.23.4: undefined reference to `rtabmap::CalibrationDialog::setProgressVisibility(bool)'
[5.798s] /usr/bin/ld: ../../bin/librtabmap_gui.so.0.23.4: undefined reference to `rtabmap::ImageView::addLine(float, float, float, float, QColor, QString const&)'
[5.798s] /usr/bin/ld: ../../bin/librtabmap_gui.so.0.23.4: undefined reference to `vtable for rtabmap::DepthCalibrationDialog'
[5.799s] /usr/bin/ld: ../../bin/librtabmap_gui.so.0.23.4: undefined reference to `rtabmap::ProgressDialog::setMaximumSteps(int)'
[5.799s] /usr/bin/ld: ../../bin/librtabmap_gui.so.0.23.4: undefined reference to `rtabmap::ExportDialog::sessionExported() const'
[5.799s] /usr/bin/ld: ../../bin/librtabmap_gui.so.0.23.4: undefined reference to `rtabmap::ProgressDialog::setCancelButtonVisible(bool)'
[5.799s] /usr/bin/ld: ../../bin/librtabmap_gui.so.0.23.4: undefined reference to `rtabmap::CalibrationDialog::setRationalModel()'
[5.799s] /usr/bin/ld: ../../bin/librtabmap_gui.so.0.23.4: undefined reference to `rtabmap::ExportCloudsDialog::staticMetaObject'
[5.799s] /usr/bin/ld: ../../bin/librtabmap_gui.so.0.23.4: undefined reference to `rtabmap::MainWindow::cameraInfoReceived(rtabmap::SensorCaptureInfo const&)'
[5.800s] /usr/bin/ld: ../../bin/librtabmap_gui.so.0.23.4: undefined reference to `rtabmap::ImageView::setFeaturesShown(bool)'
[5.800s] /usr/bin/ld: ../../bin/librtabmap_gui.so.0.23.4: undefined reference to `rtabmap::MainWindow::rtabmapEvent3DMapProcessed()'
[5.800s] /usr/bin/ld: ../../bin/librtabmap_gui.so.0.23.4: undefined reference to `UPlotCurve::addValue(double, double)'
[5.800s] /usr/bin/ld: ../../bin/librtabmap_gui.so.0.23.4: undefined reference to `rtabmap::EditConstraintDialog::setPoseGroupVisible(bool)'
[5.800s] /usr/bin/ld: ../../bin/librtabmap_gui.so.0.23.4: undefined reference to `rtabmap::ImageView::setImage(QImage const&, std::vector<rtabmap::CameraModel, std::allocator<rtabmap::CameraModel> > const&, rtabmap::Transform const&)'
[5.800s] /usr/bin/ld: ../../bin/librtabmap_gui.so.0.23.4: undefined reference to `rtabmap::LoopClosureViewer::setData(rtabmap::Signature const&, rtabmap::Signature const&)'
[5.801s] /usr/bin/ld: ../../bin/librtabmap_gui.so.0.23.4: undefined reference to `rtabmap::CalibrationDialog::processImages(cv::Mat const&, cv::Mat const&, QString const&)'
[5.801s] collect2: error: ld returned 1 exit status
[5.801s] /usr/bin/ld: ../../bin/librtabmap_gui.so.0.23.4: undefined reference to `rtabmap::PostProcessingDialog::loadSettings(QSettings&, QString const&)'
[5.801s] /usr/bin/ld: ../../bin/librtabmap_gui.so.0.23.4: undefined reference to `rtabmap::ExportBundlerDialog::saveSettings(QSettings&, QString const&) const'
[5.801s] /usr/bin/ld: ../../bin/librtabmap_gui.so.0.23.4: undefined reference to `QMultiComboBox::SetDisplayText(QString)'
[5.803s] gmake[2]: *** [examples/NoEventsExample/CMakeFiles/noEventsExample.dir/build.make:205：bin/rtabmap-noEventsExample] 错误 1
[5.803s] /usr/bin/ld: ../../bin/librtabmap_gui.so.0.23.4: undefined reference to `rtabmap::MultiSessionLocSubView::MultiSessionLocSubView(rtabmap::ImageView*, int, QWidget*)'
[5.803s] gmake[1]: *** [CMakeFiles/Makefile2:1773：examples/NoEventsExample/CMakeFiles/noEventsExample.dir/all] 错误 2
[5.804s] /usr/bin/ld: ../../bin/librtabmap_gui.so.0.23.4: undefined reference to `rtabmap::ImageView::loadSettings(QSettings&, QString const&)'
[5.804s] /usr/bin/ld: ../../bin/librtabmap_gui.so.0.23.4: undefined reference to `rtabmap::ImageView::setFeaturesColor(QColor)'
[5.804s] /usr/bin/ld: ../../bin/librtabmap_gui.so.0.23.4: undefined reference to `vtable for rtabmap::PreferencesDialog'
[5.804s] /usr/bin/ld: ../../bin/librtabmap_gui.so.0.23.4: undefined reference to `rtabmap::EditConstraintDialog::getCovariance() const'
[5.804s] /usr/bin/ld: ../../bin/librtabmap_gui.so.0.23.4: undefined reference to `rtabmap::PostProcessingDialog::isDetectMoreLoopClosures() const'
[5.804s] /usr/bin/ld: ../../bin/librtabmap_gui.so.0.23.4: undefined reference to `rtabmap::CloudViewerCellPicker::New()'
[5.804s] /usr/bin/ld: ../../bin/librtabmap_gui.so.0.23.4: undefined reference to `rtabmap::EditDepthArea::getModifiedImage() const'
[5.804s] /usr/bin/ld: ../../bin/librtabmap_gui.so.0.23.4: undefined reference to `UPlotCurve::UPlotCurve(QString const&, QVector<double> const&, QVector<double> const&, QObject*)'
[5.804s] /usr/bin/ld: ../../bin/librtabmap_gui.so.0.23.4: undefined reference to `rtabmap::PostProcessingDialog::isRefineLoopClosureLinks() const'
[5.804s] /usr/bin/ld: ../../bin/librtabmap_gui.so.0.23.4: undefined reference to `rtabmap::MainWindow::rtabmapEventInitReceived(int, QString const&)'
[5.805s] /usr/bin/ld: ../../bin/librtabmap_gui.so.0.23.4: undefined reference to `rtabmap::CalibrationDialog::squareSize() const'
[5.805s] /usr/bin/ld: ../../bin/librtabmap_gui.so.0.23.4: undefined reference to `rtabmap::vtkImageMatSource::New()'
[5.805s] /usr/bin/ld: ../../bin/librtabmap_gui.so.0.23.4: undefined reference to `rtabmap::MapVisibilityWidget::getVisiblePoses() const'
[5.805s] /usr/bin/ld: ../../bin/librtabmap_gui.so.0.23.4: undefined reference to `rtabmap::MainWindow::statsReceived(rtabmap::Statistics const&)'
[5.805s] /usr/bin/ld: ../../bin/librtabmap_gui.so.0.23.4: undefined reference to `rtabmap::MainWindow::mappingModeChanged(bool)'
[5.805s] /usr/bin/ld: ../../bin/librtabmap_gui.so.0.23.4: undefined reference to `vtable for rtabmap::DatabaseViewer'
[5.805s] /usr/bin/ld: ../../bin/librtabmap_gui.so.0.23.4: undefined reference to `rtabmap::StatsToolBox::setWorkingDirectory(QString const&)'
[5.805s] /usr/bin/ld: ../../bin/librtabmap_gui.so.0.23.4: undefined reference to `rtabmap::ExportBundlerDialog::ExportBundlerDialog(QWidget*)'
[5.805s] /usr/bin/ld: ../../bin/librtabmap_gui.so.0.23.4: undefined reference to `rtabmap::CalibrationDialog::setFisheyeModel()'
[5.806s] /usr/bin/ld: ../../bin/librtabmap_gui.so.0.23.4: undefined reference to `rtabmap::PostProcessingDialog::PostProcessingDialog(QWidget*)'
[5.806s] /usr/bin/ld: ../../bin/librtabmap_gui.so.0.23.4: undefined reference to `rtabmap::MultiSessionLocSubView::updateView(int, QImage const&, std::multimap<int, cv::KeyPoint, std::less<int>, std::allocator<std::pair<int const, cv::KeyPoint> > > const&, float, QColor const&)'
[5.806s] /usr/bin/ld: ../../bin/librtabmap_gui.so.0.23.4: undefined reference to `rtabmap::ProgressDialog::maximumSteps() const'
[5.806s] /usr/bin/ld: ../../bin/librtabmap_gui.so.0.23.4: undefined reference to `rtabmap::ImageView::addFeature(int, cv::KeyPoint const&, float, QColor)'
[5.806s] /usr/bin/ld: ../../bin/librtabmap_gui.so.0.23.4: undefined reference to `QMultiComboBox::QMultiComboBox(QWidget*)'
[5.806s] /usr/bin/ld: ../../bin/librtabmap_gui.so.0.23.4: undefined reference to `rtabmap::LinkRefiningDialog::getRangeNodeId(int&, int&) const'
[5.806s] /usr/bin/ld: ../../bin/librtabmap_gui.so.0.23.4: undefined reference to `rtabmap::CalibrationDialog::loadSettings(QSettings&, QString const&)'
[5.806s] /usr/bin/ld: ../../bin/librtabmap_gui.so.0.23.4: undefined reference to `rtabmap::MainWindow::odometryProcessed()'
[5.806s] /usr/bin/ld: ../../bin/librtabmap_gui.so.0.23.4: undefined reference to `rtabmap::PostProcessingDialog::sbaIterations() const'
[5.806s] /usr/bin/ld: ../../bin/librtabmap_gui.so.0.23.4: undefined reference to `rtabmap::CalibrationDialog::saveSettings(QSettings&, QString const&) const'
[5.807s] /usr/bin/ld: ../../bin/librtabmap_gui.so.0.23.4: undefined reference to `rtabmap::StatsToolBox::StatsToolBox(QWidget*)'
[5.807s] /usr/bin/ld: ../../bin/librtabmap_gui.so.0.23.4: undefined reference to `rtabmap::MainWindow::cameraInfoProcessed()'
[5.807s] /usr/bin/ld: ../../bin/librtabmap_gui.so.0.23.4: undefined reference to `rtabmap::LinkRefiningDialog::getIntraInterSessions(bool&, bool&) const'
[5.807s] /usr/bin/ld: ../../bin/librtabmap_gui.so.0.23.4: undefined reference to `rtabmap::CalibrationDialog::setCameraName(QString const&)'
[5.807s] /usr/bin/ld: ../../bin/librtabmap_gui.so.0.23.4: undefined reference to `rtabmap::StatsToolBox::addThreshold(QString const&, double)'
[5.807s] /usr/bin/ld: ../../bin/librtabmap_gui.so.0.23.4: undefined reference to `rtabmap::StatsToolBox::getFiguresSetup(QList<int>&, QStringList&, QStringList&)'
[5.807s] /usr/bin/ld: ../../bin/librtabmap_gui.so.0.23.4: undefined reference to `rtabmap::ExportDialog::isDepthExported() const'
[5.807s] /usr/bin/ld: ../../bin/librtabmap_gui.so.0.23.4: undefined reference to `rtabmap::MainWindow::detectionRateChanged(double)'
[5.807s] /usr/bin/ld: ../../bin/librtabmap_gui.so.0.23.4: undefined reference to `UPlot::setFixedYAxis(double, double)'
[5.834s] collect2: error: ld returned 1 exit status
[5.836s] gmake[2]: *** [examples/WifiMapping/CMakeFiles/wifi_mapping.dir/build.make:205：bin/rtabmap-wifi_mapping] 错误 1
[5.836s] gmake[1]: *** [CMakeFiles/Makefile2:1718：examples/WifiMapping/CMakeFiles/wifi_mapping.dir/all] 错误 2
[5.896s] /usr/bin/ld: CMakeFiles/rgbd_mapping.dir/main.cpp.o: in function `MapBuilder::MapBuilder(rtabmap::SensorCaptureThread*)':
[5.896s] main.cpp:(.text._ZN10MapBuilderC2EPN7rtabmap19SensorCaptureThreadE[_ZN10MapBuilderC5EPN7rtabmap19SensorCaptureThreadE]+0x1ec): undefined reference to `rtabmap::CloudViewerInteractorStyle::New()'
[5.920s] /usr/bin/ld: ../../bin/librtabmap_gui.so.0.23.4: undefined reference to `vtable for rtabmap::RecoveryState'
[5.920s] /usr/bin/ld: ../../bin/librtabmap_gui.so.0.23.4: undefined reference to `vtable for rtabmap::GraphViewer'
[5.920s] /usr/bin/ld: ../../bin/librtabmap_gui.so.0.23.4: undefined reference to `rtabmap::EditConstraintDialog::EditConstraintDialog(rtabmap::Transform const&, cv::Mat const&, QWidget*)'
[5.920s] /usr/bin/ld: ../../bin/librtabmap_gui.so.0.23.4: undefined reference to `UPlot::addThreshold(QString const&, double, Qt::Orientation)'
[5.921s] /usr/bin/ld: ../../bin/librtabmap_gui.so.0.23.4: undefined reference to `rtabmap::LinkRefiningDialog::isRangeByNodeId() const'
[5.921s] /usr/bin/ld: ../../bin/librtabmap_gui.so.0.23.4: undefined reference to `rtabmap::CreateSimpleCalibrationDialog::CreateSimpleCalibrationDialog(QString const&, QString const&, QWidget*)'
[5.921s] /usr/bin/ld: ../../bin/librtabmap_gui.so.0.23.4: undefined reference to `rtabmap::ImageView::setImageDepth(cv::Mat const&, cv::Mat const&)'
[5.921s] /usr/bin/ld: ../../bin/librtabmap_gui.so.0.23.4: undefined reference to `rtabmap::ExportDialog::isUserDataExported() const'
[5.921s] /usr/bin/ld: ../../bin/librtabmap_gui.so.0.23.4: undefined reference to `rtabmap::MainWindow::statsProcessed()'
[5.921s] /usr/bin/ld: ../../bin/librtabmap_gui.so.0.23.4: undefined reference to `rtabmap::ImageView::isImageDepthShown() const'
[5.922s] /usr/bin/ld: ../../bin/librtabmap_gui.so.0.23.4: undefined reference to `rtabmap::ExportDialog::targetFramerate() const'
[5.922s] /usr/bin/ld: ../../bin/librtabmap_gui.so.0.23.4: undefined reference to `QMultiComboBox::addItem(QString const&, QVariant const&)'
[5.922s] /usr/bin/ld: ../../bin/librtabmap_gui.so.0.23.4: undefined reference to `rtabmap::PreferencesDialog::settingsChanged(std::map<std::__cxx11::basic_string<char, std::char_traits<char>, std::allocator<char> >, std::__cxx11::basic_string<char, std::char_traits<char>, std::allocator<char> >, std::less<std::__cxx11::basic_string<char, std::char_traits<char>, std::allocator<char> > >, std::allocator<std::pair<std::__cxx11::basic_string<char, std::char_traits<char>, std::allocator<char> > const, std::__cxx11::basic_string<char, std::char_traits<char>, std::allocator<char> > > > >)'
[5.922s] /usr/bin/ld: ../../bin/librtabmap_gui.so.0.23.4: undefined reference to `rtabmap::EditConstraintDialog::getTransform() const'
[5.923s] /usr/bin/ld: ../../bin/librtabmap_gui.so.0.23.4: undefined reference to `rtabmap::ExportBundlerDialog::exportBundler(std::map<int, rtabmap::Transform, std::less<int>, std::allocator<std::pair<int const, rtabmap::Transform> > >&, std::multimap<int, rtabmap::Link, std::less<int>, std::allocator<std::pair<int const, rtabmap::Link> > > const&, QMap<int, rtabmap::Signature> const&, std::map<std::__cxx11::basic_string<char, std::char_traits<char>, std::allocator<char> >, std::__cxx11::basic_string<char, std::char_traits<char>, std::allocator<char> >, std::less<std::__cxx11::basic_string<char, std::char_traits<char>, std::allocator<char> > >, std::allocator<std::pair<std::__cxx11::basic_string<char, std::char_traits<char>, std::allocator<char> > const, std::__cxx11::basic_string<char, std::char_traits<char>, std::allocator<char> > > > > const&)'
[5.923s] /usr/bin/ld: ../../bin/librtabmap_gui.so.0.23.4: undefined reference to `rtabmap::EditDepthArea::EditDepthArea(QWidget*)'
[5.923s] /usr/bin/ld: ../../bin/librtabmap_gui.so.0.23.4: undefined reference to `rtabmap::MainWindow::rtabmapGoalStatusEventReceived(int)'
[5.923s] /usr/bin/ld: ../../bin/librtabmap_gui.so.0.23.4: undefined reference to `rtabmap::ImageView::setFeatureColor(int, QColor)'
[5.923s] /usr/bin/ld: ../../bin/librtabmap_gui.so.0.23.4: undefined reference to `rtabmap::StatsToolBox::closeFigures()'
[5.923s] /usr/bin/ld: ../../bin/librtabmap_gui.so.0.23.4: undefined reference to `rtabmap::GraphViewer::linkSelected(int, int)'
[5.923s] /usr/bin/ld: ../../bin/librtabmap_gui.so.0.23.4: undefined reference to `rtabmap::ProgressDialog::clear()'
[5.923s] /usr/bin/ld: ../../bin/librtabmap_gui.so.0.23.4: undefined reference to `rtabmap::ProgressDialog::resetProgress()'
[5.924s] /usr/bin/ld: ../../bin/librtabmap_gui.so.0.23.4: undefined reference to `UPlot::removeCurves()'
[5.924s] /usr/bin/ld: ../../bin/librtabmap_gui.so.0.23.4: undefined reference to `rtabmap::ImageView::setLinesShown(bool)'
[5.924s] /usr/bin/ld: ../../bin/librtabmap_gui.so.0.23.4: undefined reference to `rtabmap::StatsToolBox::updateStat(QString const&, double, double, bool)'
[5.924s] /usr/bin/ld: ../../bin/librtabmap_gui.so.0.23.4: undefined reference to `rtabmap::ProgressDialog::incrementStep(int)'
[5.924s] /usr/bin/ld: ../../bin/librtabmap_gui.so.0.23.4: undefined reference to `rtabmap::MainWindow::rtabmapGlobalPathEventReceived(rtabmap::RtabmapGlobalPathEvent const&)'
[5.924s] /usr/bin/ld: ../../bin/librtabmap_gui.so.0.23.4: undefined reference to `rtabmap::DataRecorder::~DataRecorder()'
[5.924s] /usr/bin/ld: ../../bin/librtabmap_gui.so.0.23.4: undefined reference to `QMultiComboBox::setItemChecked(int, bool)'
[5.924s] /usr/bin/ld: ../../bin/librtabmap_gui.so.0.23.4: undefined reference to `rtabmap::MainWindow::stateChanged(rtabmap::MainWindow::State)'
[5.925s] /usr/bin/ld: ../../bin/librtabmap_gui.so.0.23.4: undefined reference to `rtabmap::DataRecorder::addData(rtabmap::SensorData const&, rtabmap::Transform const&, cv::Mat const&)'
[5.925s] /usr/bin/ld: ../../bin/librtabmap_gui.so.0.23.4: undefined reference to `rtabmap::GraphViewer::staticMetaObject'
[5.925s] /usr/bin/ld: ../../bin/librtabmap_gui.so.0.23.4: undefined reference to `rtabmap::PostProcessingDialog::iterations() const'
[5.925s] /usr/bin/ld: ../../bin/librtabmap_gui.so.0.23.4: undefined reference to `rtabmap::ImageView::getDefaultMatchingFeatureColor() const'
[5.925s] /usr/bin/ld: ../../bin/librtabmap_gui.so.0.23.4: undefined reference to `rtabmap::EditMapArea::EditMapArea(QWidget*)'
[5.925s] /usr/bin/ld: ../../bin/librtabmap_gui.so.0.23.4: undefined reference to `rtabmap::MainWindow::noMoreImagesReceived()'
[5.925s] /usr/bin/ld: ../../bin/librtabmap_gui.so.0.23.4: undefined reference to `rtabmap::ConsoleWidget::ConsoleWidget(QWidget*)'
[5.925s] /usr/bin/ld: ../../bin/librtabmap_gui.so.0.23.4: undefined reference to `vtable for rtabmap::ParametersToolBox'
[5.925s] /usr/bin/ld: ../../bin/librtabmap_gui.so.0.23.4: undefined reference to `rtabmap::EditMapArea::setMap(cv::Mat const&)'
[5.926s] /usr/bin/ld: ../../bin/librtabmap_gui.so.0.23.4: undefined reference to `rtabmap::ExportBundlerDialog::staticMetaObject'
[5.926s] /usr/bin/ld: ../../bin/librtabmap_gui.so.0.23.4: undefined reference to `rtabmap::PreferencesDialog::staticMetaObject'
[5.926s] /usr/bin/ld: ../../bin/librtabmap_gui.so.0.23.4: undefined reference to `rtabmap::ImageView::ImageView(QWidget*)'
[5.926s] /usr/bin/ld: ../../bin/librtabmap_gui.so.0.23.4: undefined reference to `rtabmap::MainWindow::staticMetaObject'
[5.926s] /usr/bin/ld: ../../bin/librtabmap_gui.so.0.23.4: undefined reference to `rtabmap::CalibrationDialog::setSwitchedImages(bool)'
[5.926s] /usr/bin/ld: ../../bin/librtabmap_gui.so.0.23.4: undefined reference to `rtabmap::CalibrationDialog::setSquareSize(double)'
[5.926s] /usr/bin/ld: ../../bin/librtabmap_gui.so.0.23.4: undefined reference to `rtabmap::StatsToolBox::clear()'
[5.927s] /usr/bin/ld: ../../bin/librtabmap_gui.so.0.23.4: undefined reference to `rtabmap::CalibrationDialog::setStereoMode(bool, QString const&, QString const&)'
[5.927s] /usr/bin/ld: ../../bin/librtabmap_gui.so.0.23.4: undefined reference to `rtabmap::ImageView::setFeatures(std::vector<cv::KeyPoint, std::allocator<cv::KeyPoint> > const&, cv::Mat const&, QColor const&)'
[5.927s] /usr/bin/ld: ../../bin/librtabmap_gui.so.0.23.4: undefined reference to `rtabmap::ImageView::getDefaultMatchingLineColor() const'
[5.927s] /usr/bin/ld: ../../bin/librtabmap_gui.so.0.23.4: undefined reference to `rtabmap::GraphViewer::nodeSelected(int)'
[5.927s] /usr/bin/ld: ../../bin/librtabmap_gui.so.0.23.4: undefined reference to `rtabmap::CalibrationDialog::stereoCalibration(rtabmap::CameraModel const&, rtabmap::CameraModel const&, bool, QTextStream*) const'
[5.927s] /usr/bin/ld: ../../bin/librtabmap_gui.so.0.23.4: undefined reference to `vtable for rtabmap::ExportCloudsDialog'
[5.927s] /usr/bin/ld: ../../bin/librtabmap_gui.so.0.23.4: undefined reference to `rtabmap::ExportBundlerDialog::setWorkingDirectory(QString const&)'
[5.927s] /usr/bin/ld: ../../bin/librtabmap_gui.so.0.23.4: undefined reference to `rtabmap::ExportDialog::isRgbExported() const'
[5.928s] /usr/bin/ld: ../../bin/librtabmap_gui.so.0.23.4: undefined reference to `rtabmap::PostProcessingDialog::sbaVariance() const'
[5.928s] /usr/bin/ld: ../../bin/librtabmap_gui.so.0.23.4: undefined reference to `rtabmap::EditConstraintDialog::~EditConstraintDialog()'
[5.928s] /usr/bin/ld: ../../bin/librtabmap_gui.so.0.23.4: undefined reference to `rtabmap::DataRecorder::init(QString const&, bool)'
[5.928s] /usr/bin/ld: ../../bin/librtabmap_gui.so.0.23.4: undefined reference to `vtable for rtabmap::MultiSessionLocWidget'
[5.928s] /usr/bin/ld: ../../bin/librtabmap_gui.so.0.23.4: undefined reference to `rtabmap::ParametersToolBox::staticMetaObject'
[5.928s] /usr/bin/ld: ../../bin/librtabmap_gui.so.0.23.4: undefined reference to `vtable for rtabmap::TexturingState'
[5.928s] /usr/bin/ld: ../../bin/librtabmap_gui.so.0.23.4: undefined reference to `rtabmap::CalibrationDialog::resetSettings()'
[5.928s] /usr/bin/ld: ../../bin/librtabmap_gui.so.0.23.4: undefined reference to `rtabmap::ImageView::clearLines()'
[5.928s] /usr/bin/ld: ../../bin/librtabmap_gui.so.0.23.4: undefined reference to `rtabmap::GraphViewer::mapShownRequested()'
[5.928s] /usr/bin/ld: ../../bin/librtabmap_gui.so.0.23.4: undefined reference to `QMultiComboBox::itemText(int)'
[5.929s] /usr/bin/ld: ../../bin/librtabmap_gui.so.0.23.4: undefined reference to `rtabmap::ImageView::clearFeatures()'
[5.929s] /usr/bin/ld: ../../bin/librtabmap_gui.so.0.23.4: undefined reference to `rtabmap::DataRecorder::DataRecorder(QWidget*)'
[5.929s] /usr/bin/ld: ../../bin/librtabmap_gui.so.0.23.4: undefined reference to `rtabmap::PostProcessingDialog::staticMetaObject'
[5.929s] /usr/bin/ld: ../../bin/librtabmap_gui.so.0.23.4: undefined reference to `rtabmap::MapVisibilityWidget::clear()'
[5.929s] /usr/bin/ld: ../../bin/librtabmap_gui.so.0.23.4: undefined reference to `rtabmap::ExportDialog::isDepth2dExported() const'
[5.929s] /usr/bin/ld: ../../bin/librtabmap_gui.so.0.23.4: undefined reference to `rtabmap::PdfPlotCurve::PdfPlotCurve(QString const&, QMap<int, rtabmap::Signature> const*, QObject*)'
[5.930s] /usr/bin/ld: ../../bin/librtabmap_gui.so.0.23.4: undefined reference to `vtable for rtabmap::MainWindow'
[5.930s] /usr/bin/ld: ../../bin/librtabmap_gui.so.0.23.4: undefined reference to `rtabmap::CalibrationDialog::setBoardWidth(int)'
[5.930s] /usr/bin/ld: ../../bin/librtabmap_gui.so.0.23.4: undefined reference to `rtabmap::ProgressDialog::ProgressDialog(QWidget*, QFlags<Qt::WindowType>)'
[5.930s] /usr/bin/ld: ../../bin/librtabmap_gui.so.0.23.4: undefined reference to `rtabmap::PdfPlotCurve::setData(QMap<int, float> const&, QMap<int, int> const&)'
[5.931s] /usr/bin/ld: ../../bin/librtabmap_gui.so.0.23.4: undefined reference to `rtabmap::MainWindow::imgRateChanged(double)'
[5.931s] /usr/bin/ld: ../../bin/librtabmap_gui.so.0.23.4: undefined reference to `rtabmap::ImageView::isLinesShown() const'
[5.931s] /usr/bin/ld: ../../bin/librtabmap_gui.so.0.23.4: undefined reference to `rtabmap::StatsToolBox::updateStat(QString const&, std::vector<double, std::allocator<double> > const&, std::vector<double, std::allocator<double> > const&, bool)'
[5.931s] /usr/bin/ld: ../../bin/librtabmap_gui.so.0.23.4: undefined reference to `rtabmap::ImageView::viewScale() const'
[5.931s] /usr/bin/ld: ../../bin/librtabmap_gui.so.0.23.4: undefined reference to `rtabmap::ProgressDialog::setValue(int)'
[5.931s] /usr/bin/ld: ../../bin/librtabmap_gui.so.0.23.4: undefined reference to `rtabmap::ImageView::setAlpha(int)'
[5.931s] /usr/bin/ld: ../../bin/librtabmap_gui.so.0.23.4: undefined reference to `rtabmap::ImageView::saveSettings(QSettings&, QString const&) const'
[5.931s] /usr/bin/ld: ../../bin/librtabmap_gui.so.0.23.4: undefined reference to `rtabmap::MapVisibilityWidget::MapVisibilityWidget(QWidget*)'
[5.931s] /usr/bin/ld: ../../bin/librtabmap_gui.so.0.23.4: undefined reference to `rtabmap::PostProcessingDialog::sbaRematchFeatures() const'
[5.931s] /usr/bin/ld: ../../bin/librtabmap_gui.so.0.23.4: undefined reference to `rtabmap::ImageView::sceneRect() const'
[5.931s] /usr/bin/ld: ../../bin/librtabmap_gui.so.0.23.4: undefined reference to `rtabmap::ParametersToolBox::parametersChanged(QStringList const&)'
[5.931s] /usr/bin/ld: ../../bin/librtabmap_gui.so.0.23.4: undefined reference to `rtabmap::CalibrationDialog::boardWidth() const'
[5.931s] /usr/bin/ld: ../../bin/librtabmap_gui.so.0.23.4: undefined reference to `rtabmap::ExportBundlerDialog::loadSettings(QSettings&, QString const&)'
[5.932s] /usr/bin/ld: ../../bin/librtabmap_gui.so.0.23.4: undefined reference to `rtabmap::LinkRefiningDialog::isRangeByMapId() const'
[5.932s] /usr/bin/ld: ../../bin/librtabmap_gui.so.0.23.4: undefined reference to `rtabmap::LoopClosureViewer::updateView(rtabmap::Transform const&, std::map<std::__cxx11::basic_string<char, std::char_traits<char>, std::allocator<char> >, std::__cxx11::basic_string<char, std::char_traits<char>, std::allocator<char> >, std::less<std::__cxx11::basic_string<char, std::char_traits<char>, std::allocator<char> > >, std::allocator<std::pair<std::__cxx11::basic_string<char, std::char_traits<char>, std::allocator<char> > const, std::__cxx11::basic_string<char, std::char_traits<char>, std::allocator<char> > > > > const&)'
[5.932s] /usr/bin/ld: ../../bin/librtabmap_gui.so.0.23.4: undefined reference to `rtabmap::ExportDialog::~ExportDialog()'
[5.932s] /usr/bin/ld: ../../bin/librtabmap_gui.so.0.23.4: undefined reference to `rtabmap::ImageView::getDefaultFeatureColor() const'
[5.932s] /usr/bin/ld: ../../bin/librtabmap_gui.so.0.23.4: undefined reference to `rtabmap::ProgressDialog::~ProgressDialog()'
[5.932s] /usr/bin/ld: ../../bin/librtabmap_gui.so.0.23.4: undefined reference to `rtabmap::StatsToolBox::updateStat(QString const&, double, bool)'
[5.933s] /usr/bin/ld: ../../bin/librtabmap_gui.so.0.23.4: undefined reference to `QMultiComboBox::clear()'
[5.933s] /usr/bin/ld: ../../bin/librtabmap_gui.so.0.23.4: undefined reference to `rtabmap::MainWindow::rtabmapEvent3DMapReceived(rtabmap::RtabmapEvent3DMap const&)'
[5.933s] /usr/bin/ld: ../../bin/librtabmap_gui.so.0.23.4: undefined reference to `vtable for rtabmap::CloudViewer'
[5.933s] /usr/bin/ld: ../../bin/librtabmap_gui.so.0.23.4: undefined reference to `rtabmap::ImageView::getDefaultBackgroundColor() const'
[5.933s] /usr/bin/ld: ../../bin/librtabmap_gui.so.0.23.4: undefined reference to `rtabmap::ImageView::isFeaturesShown() const'
[5.933s] /usr/bin/ld: ../../bin/librtabmap_gui.so.0.23.4: undefined reference to `rtabmap::PostProcessingDialog::clusterRadius() const'
[5.934s] /usr/bin/ld: ../../bin/librtabmap_gui.so.0.23.4: undefined reference to `rtabmap::StatItem::staticMetaObject'
[5.934s] /usr/bin/ld: ../../bin/librtabmap_gui.so.0.23.4: undefined reference to `qInitResources_GuiLib()'
[5.934s] /usr/bin/ld: ../../bin/librtabmap_gui.so.0.23.4: undefined reference to `rtabmap::ProgressDialog::appendText(QString const&, QColor const&)'
[5.934s] /usr/bin/ld: ../../bin/librtabmap_gui.so.0.23.4: undefined reference to `rtabmap::ConsoleWidget::appendMsg(QString const&, int)'
[5.934s] /usr/bin/ld: ../../bin/librtabmap_gui.so.0.23.4: undefined reference to `rtabmap::MainWindow::timeLimitChanged(float)'
[5.934s] /usr/bin/ld: ../../bin/librtabmap_gui.so.0.23.4: undefined reference to `rtabmap::ExportDialog::framesIgnored() const'
[5.935s] /usr/bin/ld: ../../bin/librtabmap_gui.so.0.23.4: undefined reference to `rtabmap::MapVisibilityWidget::setMap(std::map<int, rtabmap::Transform, std::less<int>, std::allocator<std::pair<int const, rtabmap::Transform> > > const&, std::map<int, bool, std::less<int>, std::allocator<std::pair<int const, bool> > > const&)'
[5.935s] /usr/bin/ld: ../../bin/librtabmap_gui.so.0.23.4: undefined reference to `rtabmap::StatsToolBox::updateStat(QString const&, bool)'
[5.935s] /usr/bin/ld: ../../bin/librtabmap_gui.so.0.23.4: undefined reference to `rtabmap::MainWindow::loopClosureThrChanged(double)'
[5.935s] /usr/bin/ld: ../../bin/librtabmap_gui.so.0.23.4: undefined reference to `rtabmap::CalibrationDialog::setBoardHeight(int)'
[5.936s] /usr/bin/ld: ../../bin/librtabmap_gui.so.0.23.4: undefined reference to `rtabmap::MainWindow::rtabmapLabelErrorReceived(int, QString const&)'
[5.936s] /usr/bin/ld: ../../bin/librtabmap_gui.so.0.23.4: undefined reference to `rtabmap::vtkImageMatSource::SetImage(cv::_InputArray const&)'
[5.936s] /usr/bin/ld: ../../bin/librtabmap_gui.so.0.23.4: undefined reference to `UPlot::addCurve(UPlotCurve*, bool)'
[5.936s] /usr/bin/ld: ../../bin/librtabmap_gui.so.0.23.4: undefined reference to `rtabmap::LinkRefiningDialog::LinkRefiningDialog(QWidget*)'
[5.936s] /usr/bin/ld: ../../bin/librtabmap_gui.so.0.23.4: undefined reference to `rtabmap::OdometryViewer::OdometryViewer(int, int, float, float, int, QWidget*, std::map<std::__cxx11::basic_string<char, std::char_traits<char>, std::allocator<char> >, std::__cxx11::basic_string<char, std::char_traits<char>, std::allocator<char> >, std::less<std::__cxx11::basic_string<char, std::char_traits<char>, std::allocator<char> > >, std::allocator<std::pair<std::__cxx11::basic_string<char, std::char_traits<char>, std::allocator<char> > const, std::__cxx11::basic_string<char, std::char_traits<char>, std::allocator<char> > > > > const&)'
[5.936s] /usr/bin/ld: ../../bin/librtabmap_gui.so.0.23.4: undefined reference to `rtabmap::PostProcessingDialog::sbaType() const'
[5.936s] /usr/bin/ld: ../../bin/librtabmap_gui.so.0.23.4: undefined reference to `rtabmap::ProgressDialog::setAutoClose(bool, int)'
[5.936s] /usr/bin/ld: ../../bin/librtabmap_gui.so.0.23.4: undefined reference to `QMultiComboBox::setCurrentIndex(int)'
[5.936s] /usr/bin/ld: ../../bin/librtabmap_gui.so.0.23.4: undefined reference to `rtabmap::ImageView::setImageShown(bool)'
[5.937s] /usr/bin/ld: ../../bin/librtabmap_gui.so.0.23.4: undefined reference to `rtabmap::ImageView::isImageShown() const'
[5.937s] /usr/bin/ld: ../../bin/librtabmap_gui.so.0.23.4: undefined reference to `rtabmap::ImageView::staticMetaObject'
[5.937s] /usr/bin/ld: ../../bin/librtabmap_gui.so.0.23.4: undefined reference to `rtabmap::PostProcessingDialog::intraSession() const'
[5.937s] /usr/bin/ld: ../../bin/librtabmap_gui.so.0.23.4: undefined reference to `rtabmap::EditDepthArea::setColorMap(uCvQtDepthColorMap)'
[5.937s] /usr/bin/ld: ../../bin/librtabmap_gui.so.0.23.4: undefined reference to `rtabmap::ExportDialog::isOdomExported() const'
[5.937s] /usr/bin/ld: ../../bin/librtabmap_gui.so.0.23.4: undefined reference to `rtabmap::LinkRefiningDialog::getLinkType() const'
[5.937s] /usr/bin/ld: ../../bin/librtabmap_gui.so.0.23.4: undefined reference to `rtabmap::MultiSessionLocSubView::clear()'
[5.938s] /usr/bin/ld: ../../bin/librtabmap_gui.so.0.23.4: undefined reference to `rtabmap::PostProcessingDialog::isRefineNeighborLinks() const'
[5.938s] /usr/bin/ld: ../../bin/librtabmap_gui.so.0.23.4: undefined reference to `rtabmap::MainWindow::odometryReceived(rtabmap::OdometryEvent const&, bool)'
[5.938s] /usr/bin/ld: ../../bin/librtabmap_gui.so.0.23.4: undefined reference to `rtabmap::PostProcessingDialog::saveSettings(QSettings&, QString const&) const'
[5.938s] /usr/bin/ld: ../../bin/librtabmap_gui.so.0.23.4: undefined reference to `rtabmap::EditMapArea::getModifiedMap() const'
[5.938s] /usr/bin/ld: ../../bin/librtabmap_gui.so.0.23.4: undefined reference to `rtabmap::ImageView::setBackgroundColor(QColor const&)'
[5.938s] /usr/bin/ld: ../../bin/librtabmap_gui.so.0.23.4: undefined reference to `rtabmap::ImageView::clear()'
[5.938s] /usr/bin/ld: ../../bin/librtabmap_gui.so.0.23.4: undefined reference to `rtabmap::CalibrationDialog::boardHeight() const'
[5.938s] /usr/bin/ld: ../../bin/librtabmap_gui.so.0.23.4: undefined reference to `rtabmap::DepthCalibrationDialog::staticMetaObject'
[5.938s] /usr/bin/ld: ../../bin/librtabmap_gui.so.0.23.4: undefined reference to `rtabmap::PostProcessingDialog::clusterAngle() const'
[5.938s] /usr/bin/ld: ../../bin/librtabmap_gui.so.0.23.4: undefined reference to `rtabmap::ImageView::setImageDepthShown(bool)'
[5.939s] /usr/bin/ld: ../../bin/librtabmap_gui.so.0.23.4: undefined reference to `rtabmap::LinkRefiningDialog::setMinMax(int, int, int, int)'
[5.939s] /usr/bin/ld: ../../bin/librtabmap_gui.so.0.23.4: undefined reference to `rtabmap::CalibrationDialog::staticMetaObject'
[5.939s] /usr/bin/ld: ../../bin/librtabmap_gui.so.0.23.4: undefined reference to `QMultiComboBox::itemData(int)'
[5.939s] /usr/bin/ld: ../../bin/librtabmap_gui.so.0.23.4: undefined reference to `UPlot::showLegend(bool)'
[5.939s] /usr/bin/ld: ../../bin/librtabmap_gui.so.0.23.4: undefined reference to `rtabmap::LoopClosureViewer::LoopClosureViewer(QWidget*)'
[5.939s] /usr/bin/ld: ../../bin/librtabmap_gui.so.0.23.4: undefined reference to `rtabmap::CalibrationDialog::CalibrationDialog(bool, QString const&, bool, QWidget*)'
[5.939s] /usr/bin/ld: ../../bin/librtabmap_gui.so.0.23.4: undefined reference to `rtabmap::ImageView::setFeatures(std::multimap<int, cv::KeyPoint, std::less<int>, std::allocator<std::pair<int const, cv::KeyPoint> > > const&, cv::Mat const&, QColor const&)'
[5.939s] /usr/bin/ld: ../../bin/librtabmap_gui.so.0.23.4: undefined reference to `rtabmap::PostProcessingDialog::isSBA() const'
[5.939s] /usr/bin/ld: ../../bin/librtabmap_gui.so.0.23.4: undefined reference to `rtabmap::ExportDialog::ExportDialog(QWidget*)'
[5.939s] /usr/bin/ld: ../../bin/librtabmap_gui.so.0.23.4: undefined reference to `rtabmap::ImageView::setSceneRect(QRectF const&)'
[5.939s] /usr/bin/ld: ../../bin/librtabmap_gui.so.0.23.4: undefined reference to `rtabmap::GraphViewer::configChanged()'
[5.939s] /usr/bin/ld: ../../bin/librtabmap_gui.so.0.23.4: undefined reference to `rtabmap::EditDepthArea::setImage(cv::Mat const&, cv::Mat const&)'
[5.939s] /usr/bin/ld: ../../bin/librtabmap_gui.so.0.23.4: undefined reference to `rtabmap::DatabaseViewer::staticMetaObject'
[5.939s] /usr/bin/ld: ../../bin/librtabmap_gui.so.0.23.4: undefined reference to `rtabmap::ImageView::getDepthColorMap() const'
[5.940s] /usr/bin/ld: ../../bin/librtabmap_gui.so.0.23.4: undefined reference to `UPlot::addCurve(QString const&, QColor const&)'
[5.940s] /usr/bin/ld: ../../bin/librtabmap_gui.so.0.23.4: undefined reference to `rtabmap::CloudViewerInteractorStyle::setOrthoMode(bool)'
[5.940s] /usr/bin/ld: ../../bin/librtabmap_gui.so.0.23.4: undefined reference to `QMultiComboBox::count()'
[5.940s] /usr/bin/ld: ../../bin/librtabmap_gui.so.0.23.4: undefined reference to `rtabmap::PreferencesDialog::settingsChanged(QFlags<rtabmap::PreferencesDialog::PanelFlag>)'
[5.940s] /usr/bin/ld: ../../bin/librtabmap_gui.so.0.23.4: undefined reference to `rtabmap::PostProcessingDialog::interSession() const'
[5.940s] /usr/bin/ld: ../../bin/librtabmap_gui.so.0.23.4: undefined reference to `rtabmap::CameraViewer::CameraViewer(QWidget*, std::map<std::__cxx11::basic_string<char, std::char_traits<char>, std::allocator<char> >, std::__cxx11::basic_string<char, std::char_traits<char>, std::allocator<char> >, std::less<std::__cxx11::basic_string<char, std::char_traits<char>, std::allocator<char> > >, std::allocator<std::pair<std::__cxx11::basic_string<char, std::char_traits<char>, std::allocator<char> > const, std::__cxx11::basic_string<char, std::char_traits<char>, std::allocator<char> > > > > const&)'
[5.940s] /usr/bin/ld: ../../bin/librtabmap_gui.so.0.23.4: undefined reference to `rtabmap::CameraViewer::setDecimation(int)'
[5.940s] /usr/bin/ld: ../../bin/librtabmap_gui.so.0.23.4: undefined reference to `UPlot::UPlot(QWidget*)'
[5.940s] /usr/bin/ld: ../../bin/librtabmap_gui.so.0.23.4: undefined reference to `rtabmap::StatsToolBox::addCurve(QString const&, bool, bool)'
[5.940s] /usr/bin/ld: ../../bin/librtabmap_gui.so.0.23.4: undefined reference to `rtabmap::ExportDialog::outputPath() const'
[5.940s] /usr/bin/ld: ../../bin/librtabmap_gui.so.0.23.4: undefined reference to `rtabmap::CloudViewer::configChanged()'
[5.941s] /usr/bin/ld: ../../bin/librtabmap_gui.so.0.23.4: undefined reference to `rtabmap::AboutDialog::AboutDialog(QWidget*)'
[5.941s] /usr/bin/ld: ../../bin/librtabmap_gui.so.0.23.4: undefined reference to `rtabmap::CloudViewer::staticMetaObject'
[5.941s] /usr/bin/ld: ../../bin/librtabmap_gui.so.0.23.4: undefined reference to `rtabmap::CalibrationDialog::setProgressVisibility(bool)'
[5.941s] /usr/bin/ld: ../../bin/librtabmap_gui.so.0.23.4: undefined reference to `rtabmap::ImageView::addLine(float, float, float, float, QColor, QString const&)'
[5.941s] /usr/bin/ld: ../../bin/librtabmap_gui.so.0.23.4: undefined reference to `vtable for rtabmap::DepthCalibrationDialog'
[5.942s] /usr/bin/ld: ../../bin/librtabmap_gui.so.0.23.4: undefined reference to `rtabmap::ProgressDialog::setMaximumSteps(int)'
[5.942s] /usr/bin/ld: ../../bin/librtabmap_gui.so.0.23.4: undefined reference to `rtabmap::ExportDialog::sessionExported() const'
[5.942s] /usr/bin/ld: ../../bin/librtabmap_gui.so.0.23.4: undefined reference to `rtabmap::ProgressDialog::setCancelButtonVisible(bool)'
[5.942s] /usr/bin/ld: ../../bin/librtabmap_gui.so.0.23.4: undefined reference to `rtabmap::CalibrationDialog::setRationalModel()'
[5.942s] /usr/bin/ld: ../../bin/librtabmap_gui.so.0.23.4: undefined reference to `rtabmap::ExportCloudsDialog::staticMetaObject'
[5.942s] /usr/bin/ld: ../../bin/librtabmap_gui.so.0.23.4: undefined reference to `rtabmap::MainWindow::cameraInfoReceived(rtabmap::SensorCaptureInfo const&)'
[5.942s] /usr/bin/ld: ../../bin/librtabmap_gui.so.0.23.4: undefined reference to `rtabmap::ImageView::setFeaturesShown(bool)'
[5.942s] /usr/bin/ld: ../../bin/librtabmap_gui.so.0.23.4: undefined reference to `rtabmap::MainWindow::rtabmapEvent3DMapProcessed()'
[5.942s] /usr/bin/ld: ../../bin/librtabmap_gui.so.0.23.4: undefined reference to `UPlotCurve::addValue(double, double)'
[5.942s] /usr/bin/ld: ../../bin/librtabmap_gui.so.0.23.4: undefined reference to `rtabmap::EditConstraintDialog::setPoseGroupVisible(bool)'
[5.942s] /usr/bin/ld: ../../bin/librtabmap_gui.so.0.23.4: undefined reference to `rtabmap::ImageView::setImage(QImage const&, std::vector<rtabmap::CameraModel, std::allocator<rtabmap::CameraModel> > const&, rtabmap::Transform const&)'
[5.942s] /usr/bin/ld: ../../bin/librtabmap_gui.so.0.23.4: undefined reference to `rtabmap::LoopClosureViewer::setData(rtabmap::Signature const&, rtabmap::Signature const&)'
[5.942s] /usr/bin/ld: ../../bin/librtabmap_gui.so.0.23.4: undefined reference to `rtabmap::CalibrationDialog::processImages(cv::Mat const&, cv::Mat const&, QString const&)'
[5.942s] /usr/bin/ld: ../../bin/librtabmap_gui.so.0.23.4: undefined reference to `rtabmap::PostProcessingDialog::loadSettings(QSettings&, QString const&)'
[5.942s] /usr/bin/ld: ../../bin/librtabmap_gui.so.0.23.4: undefined reference to `rtabmap::ExportBundlerDialog::saveSettings(QSettings&, QString const&) const'
[5.943s] /usr/bin/ld: ../../bin/librtabmap_gui.so.0.23.4: undefined reference to `QMultiComboBox::SetDisplayText(QString)'
[5.943s] /usr/bin/ld: ../../bin/librtabmap_gui.so.0.23.4: undefined reference to `rtabmap::MultiSessionLocSubView::MultiSessionLocSubView(rtabmap::ImageView*, int, QWidget*)'
[5.944s] /usr/bin/ld: ../../bin/librtabmap_gui.so.0.23.4: undefined reference to `rtabmap::ImageView::loadSettings(QSettings&, QString const&)'
[5.944s] /usr/bin/ld: ../../bin/librtabmap_gui.so.0.23.4: undefined reference to `rtabmap::ImageView::setFeaturesColor(QColor)'
[5.944s] /usr/bin/ld: ../../bin/librtabmap_gui.so.0.23.4: undefined reference to `vtable for rtabmap::PreferencesDialog'
[5.944s] /usr/bin/ld: ../../bin/librtabmap_gui.so.0.23.4: undefined reference to `rtabmap::EditConstraintDialog::getCovariance() const'
[5.944s] /usr/bin/ld: ../../bin/librtabmap_gui.so.0.23.4: undefined reference to `rtabmap::PostProcessingDialog::isDetectMoreLoopClosures() const'
[5.944s] /usr/bin/ld: ../../bin/librtabmap_gui.so.0.23.4: undefined reference to `rtabmap::CloudViewerCellPicker::New()'
[5.944s] /usr/bin/ld: ../../bin/librtabmap_gui.so.0.23.4: undefined reference to `rtabmap::EditDepthArea::getModifiedImage() const'
[5.944s] /usr/bin/ld: ../../bin/librtabmap_gui.so.0.23.4: undefined reference to `UPlotCurve::UPlotCurve(QString const&, QVector<double> const&, QVector<double> const&, QObject*)'
[5.944s] /usr/bin/ld: ../../bin/librtabmap_gui.so.0.23.4: undefined reference to `rtabmap::PostProcessingDialog::isRefineLoopClosureLinks() const'
[5.944s] /usr/bin/ld: ../../bin/librtabmap_gui.so.0.23.4: undefined reference to `rtabmap::MainWindow::rtabmapEventInitReceived(int, QString const&)'
[5.944s] /usr/bin/ld: ../../bin/librtabmap_gui.so.0.23.4: undefined reference to `rtabmap::CalibrationDialog::squareSize() const'
[5.944s] /usr/bin/ld: ../../bin/librtabmap_gui.so.0.23.4: undefined reference to `rtabmap::vtkImageMatSource::New()'
[5.944s] /usr/bin/ld: ../../bin/librtabmap_gui.so.0.23.4: undefined reference to `rtabmap::MapVisibilityWidget::getVisiblePoses() const'
[5.946s] /usr/bin/ld: ../../bin/librtabmap_gui.so.0.23.4: undefined reference to `rtabmap::MainWindow::statsReceived(rtabmap::Statistics const&)'
[5.946s] /usr/bin/ld: ../../bin/librtabmap_gui.so.0.23.4: undefined reference to `rtabmap::MainWindow::mappingModeChanged(bool)'
[5.946s] /usr/bin/ld: ../../bin/librtabmap_gui.so.0.23.4: undefined reference to `vtable for rtabmap::DatabaseViewer'
[5.947s] /usr/bin/ld: ../../bin/librtabmap_gui.so.0.23.4: undefined reference to `rtabmap::StatsToolBox::setWorkingDirectory(QString const&)'
[5.947s] /usr/bin/ld: ../../bin/librtabmap_gui.so.0.23.4: undefined reference to `rtabmap::ExportBundlerDialog::ExportBundlerDialog(QWidget*)'
[5.947s] /usr/bin/ld: ../../bin/librtabmap_gui.so.0.23.4: undefined reference to `rtabmap::CalibrationDialog::setFisheyeModel()'
[5.947s] /usr/bin/ld: ../../bin/librtabmap_gui.so.0.23.4: undefined reference to `rtabmap::PostProcessingDialog::PostProcessingDialog(QWidget*)'
[5.948s] /usr/bin/ld: ../../bin/librtabmap_gui.so.0.23.4: undefined reference to `rtabmap::MultiSessionLocSubView::updateView(int, QImage const&, std::multimap<int, cv::KeyPoint, std::less<int>, std::allocator<std::pair<int const, cv::KeyPoint> > > const&, float, QColor const&)'
[5.948s] /usr/bin/ld: ../../bin/librtabmap_gui.so.0.23.4: undefined reference to `rtabmap::ProgressDialog::maximumSteps() const'
[5.948s] /usr/bin/ld: ../../bin/librtabmap_gui.so.0.23.4: undefined reference to `rtabmap::ImageView::addFeature(int, cv::KeyPoint const&, float, QColor)'
[5.948s] /usr/bin/ld: ../../bin/librtabmap_gui.so.0.23.4: undefined reference to `QMultiComboBox::QMultiComboBox(QWidget*)'
[5.948s] /usr/bin/ld: ../../bin/librtabmap_gui.so.0.23.4: undefined reference to `rtabmap::LinkRefiningDialog::getRangeNodeId(int&, int&) const'
[5.948s] /usr/bin/ld: ../../bin/librtabmap_gui.so.0.23.4: undefined reference to `rtabmap::CalibrationDialog::loadSettings(QSettings&, QString const&)'
[5.948s] /usr/bin/ld: ../../bin/librtabmap_gui.so.0.23.4: undefined reference to `rtabmap::MainWindow::odometryProcessed()'
[5.948s] /usr/bin/ld: ../../bin/librtabmap_gui.so.0.23.4: undefined reference to `rtabmap::PostProcessingDialog::sbaIterations() const'
[5.948s] /usr/bin/ld: ../../bin/librtabmap_gui.so.0.23.4: undefined reference to `rtabmap::CalibrationDialog::saveSettings(QSettings&, QString const&) const'
[5.948s] /usr/bin/ld: ../../bin/librtabmap_gui.so.0.23.4: undefined reference to `rtabmap::StatsToolBox::StatsToolBox(QWidget*)'
[5.949s] /usr/bin/ld: ../../bin/librtabmap_gui.so.0.23.4: undefined reference to `rtabmap::MainWindow::cameraInfoProcessed()'
[5.949s] /usr/bin/ld: ../../bin/librtabmap_gui.so.0.23.4: undefined reference to `rtabmap::LinkRefiningDialog::getIntraInterSessions(bool&, bool&) const'
[5.949s] /usr/bin/ld: ../../bin/librtabmap_gui.so.0.23.4: undefined reference to `rtabmap::CalibrationDialog::setCameraName(QString const&)'
[5.949s] /usr/bin/ld: ../../bin/librtabmap_gui.so.0.23.4: undefined reference to `rtabmap::StatsToolBox::addThreshold(QString const&, double)'
[5.949s] /usr/bin/ld: ../../bin/librtabmap_gui.so.0.23.4: undefined reference to `rtabmap::StatsToolBox::getFiguresSetup(QList<int>&, QStringList&, QStringList&)'
[5.949s] /usr/bin/ld: ../../bin/librtabmap_gui.so.0.23.4: undefined reference to `rtabmap::ExportDialog::isDepthExported() const'
[5.949s] /usr/bin/ld: ../../bin/librtabmap_gui.so.0.23.4: undefined reference to `rtabmap::MainWindow::detectionRateChanged(double)'
[5.949s] /usr/bin/ld: ../../bin/librtabmap_gui.so.0.23.4: undefined reference to `UPlot::setFixedYAxis(double, double)'
[5.976s] collect2: error: ld returned 1 exit status
[5.977s] gmake[2]: *** [examples/RGBDMapping/CMakeFiles/rgbd_mapping.dir/build.make:205：bin/rtabmap-rgbd_mapping] 错误 1
[5.977s] gmake[1]: *** [CMakeFiles/Makefile2:1663：examples/RGBDMapping/CMakeFiles/rgbd_mapping.dir/all] 错误 2
[5.977s] gmake: *** [Makefile:156：all] 错误 2
[5.980s] Invoked command in '/home/brace/codeSpace/navi/build/rtabmap' returned '2': CMAKE_PREFIX_PATH=${CMAKE_PREFIX_PATH}:/home/brace/codeSpace/navi/install/rtabmap_python:/home/brace/codeSpace/navi/install/realsense2_ros_mqtt_bridge:/home/brace/codeSpace/navi/install/brace:/opt/ros/humble /usr/bin/cmake --build /home/brace/codeSpace/navi/build/rtabmap -- -j16 -l16
