[0.074s] DEBUG:colcon:Command line arguments: ['/usr/bin/colcon', 'build']
[0.074s] DEBUG:colcon:Parsed command line arguments: Namespace(log_base=None, log_level=None, verb_name='build', build_base='build', install_base='install', merge_install=False, symlink_install=False, test_result_base=None, continue_on_error=False, executor='parallel', parallel_workers=16, event_handlers=None, ignore_user_meta=False, metas=['./colcon.meta'], base_paths=['.'], packages_ignore=None, packages_ignore_regex=None, paths=None, packages_up_to=None, packages_up_to_regex=None, packages_above=None, packages_above_and_dependencies=None, packages_above_depth=None, packages_select_by_dep=None, packages_skip_by_dep=None, packages_skip_up_to=None, packages_select_build_failed=False, packages_skip_build_finished=False, packages_select_test_failures=False, packages_skip_test_passed=False, packages_select=None, packages_skip=None, packages_select_regex=None, packages_skip_regex=None, packages_start=None, packages_end=None, allow_overriding=[], cmake_args=None, cmake_target=None, cmake_target_skip_unavailable=False, cmake_clean_cache=False, cmake_clean_first=False, cmake_force_configure=False, ament_cmake_args=None, catkin_cmake_args=None, catkin_skip_building_tests=False, verb_parser=<colcon_defaults.argument_parser.defaults.DefaultArgumentsDecorator object at 0x7aea97158c70>, verb_extension=<colcon_core.verb.build.BuildVerb object at 0x7aea972520b0>, main=<bound method BuildVerb.main of <colcon_core.verb.build.BuildVerb object at 0x7aea972520b0>>)
[0.174s] Level 1:colcon.colcon_core.package_discovery:discover_packages(colcon_meta) check parameters
[0.174s] Level 1:colcon.colcon_core.package_discovery:discover_packages(recursive) check parameters
[0.174s] Level 1:colcon.colcon_core.package_discovery:discover_packages(ignore) check parameters
[0.174s] Level 1:colcon.colcon_core.package_discovery:discover_packages(path) check parameters
[0.174s] Level 1:colcon.colcon_core.package_discovery:discover_packages(colcon_meta) discover
[0.174s] Level 1:colcon.colcon_core.package_discovery:discover_packages(recursive) discover
[0.174s] INFO:colcon.colcon_core.package_discovery:Crawling recursively for packages in '/home/brace/codeSpace/navi'
[0.174s] Level 1:colcon.colcon_core.package_identification:_identify(.) by extensions ['ignore', 'ignore_ament_install']
[0.174s] Level 1:colcon.colcon_core.package_identification:_identify(.) by extension 'ignore'
[0.174s] Level 1:colcon.colcon_core.package_identification:_identify(.) by extension 'ignore_ament_install'
[0.174s] Level 1:colcon.colcon_core.package_identification:_identify(.) by extensions ['colcon_pkg']
[0.174s] Level 1:colcon.colcon_core.package_identification:_identify(.) by extension 'colcon_pkg'
[0.174s] Level 1:colcon.colcon_core.package_identification:_identify(.) by extensions ['colcon_meta']
[0.174s] Level 1:colcon.colcon_core.package_identification:_identify(.) by extension 'colcon_meta'
[0.174s] Level 1:colcon.colcon_core.package_identification:_identify(.) by extensions ['ros']
[0.174s] Level 1:colcon.colcon_core.package_identification:_identify(.) by extension 'ros'
[0.181s] Level 1:colcon.colcon_core.package_identification:_identify(.) by extensions ['cmake', 'python']
[0.181s] Level 1:colcon.colcon_core.package_identification:_identify(.) by extension 'cmake'
[0.181s] Level 1:colcon.colcon_core.package_identification:_identify(.) by extension 'python'
[0.181s] Level 1:colcon.colcon_core.package_identification:_identify(.) by extensions ['python_setup_py']
[0.181s] Level 1:colcon.colcon_core.package_identification:_identify(.) by extension 'python_setup_py'
[0.181s] Level 1:colcon.colcon_core.package_identification:_identify(build) by extensions ['ignore', 'ignore_ament_install']
[0.181s] Level 1:colcon.colcon_core.package_identification:_identify(build) by extension 'ignore'
[0.181s] Level 1:colcon.colcon_core.package_identification:_identify(build) ignored
[0.182s] Level 1:colcon.colcon_core.package_identification:_identify(install) by extensions ['ignore', 'ignore_ament_install']
[0.182s] Level 1:colcon.colcon_core.package_identification:_identify(install) by extension 'ignore'
[0.182s] Level 1:colcon.colcon_core.package_identification:_identify(install) ignored
[0.182s] Level 1:colcon.colcon_core.package_identification:_identify(log) by extensions ['ignore', 'ignore_ament_install']
[0.182s] Level 1:colcon.colcon_core.package_identification:_identify(log) by extension 'ignore'
[0.182s] Level 1:colcon.colcon_core.package_identification:_identify(log) ignored
[0.182s] Level 1:colcon.colcon_core.package_identification:_identify(src) by extensions ['ignore', 'ignore_ament_install']
[0.182s] Level 1:colcon.colcon_core.package_identification:_identify(src) by extension 'ignore'
[0.182s] Level 1:colcon.colcon_core.package_identification:_identify(src) by extension 'ignore_ament_install'
[0.182s] Level 1:colcon.colcon_core.package_identification:_identify(src) by extensions ['colcon_pkg']
[0.182s] Level 1:colcon.colcon_core.package_identification:_identify(src) by extension 'colcon_pkg'
[0.182s] Level 1:colcon.colcon_core.package_identification:_identify(src) by extensions ['colcon_meta']
[0.182s] Level 1:colcon.colcon_core.package_identification:_identify(src) by extension 'colcon_meta'
[0.182s] Level 1:colcon.colcon_core.package_identification:_identify(src) by extensions ['ros']
[0.182s] Level 1:colcon.colcon_core.package_identification:_identify(src) by extension 'ros'
[0.182s] Level 1:colcon.colcon_core.package_identification:_identify(src) by extensions ['cmake', 'python']
[0.182s] Level 1:colcon.colcon_core.package_identification:_identify(src) by extension 'cmake'
[0.182s] Level 1:colcon.colcon_core.package_identification:_identify(src) by extension 'python'
[0.182s] Level 1:colcon.colcon_core.package_identification:_identify(src) by extensions ['python_setup_py']
[0.182s] Level 1:colcon.colcon_core.package_identification:_identify(src) by extension 'python_setup_py'
[0.182s] Level 1:colcon.colcon_core.package_identification:_identify(src/realsense-ros) by extensions ['ignore', 'ignore_ament_install']
[0.182s] Level 1:colcon.colcon_core.package_identification:_identify(src/realsense-ros) by extension 'ignore'
[0.182s] Level 1:colcon.colcon_core.package_identification:_identify(src/realsense-ros) by extension 'ignore_ament_install'
[0.182s] Level 1:colcon.colcon_core.package_identification:_identify(src/realsense-ros) by extensions ['colcon_pkg']
[0.182s] Level 1:colcon.colcon_core.package_identification:_identify(src/realsense-ros) by extension 'colcon_pkg'
[0.182s] Level 1:colcon.colcon_core.package_identification:_identify(src/realsense-ros) by extensions ['colcon_meta']
[0.182s] Level 1:colcon.colcon_core.package_identification:_identify(src/realsense-ros) by extension 'colcon_meta'
[0.182s] Level 1:colcon.colcon_core.package_identification:_identify(src/realsense-ros) by extensions ['ros']
[0.182s] Level 1:colcon.colcon_core.package_identification:_identify(src/realsense-ros) by extension 'ros'
[0.182s] Level 1:colcon.colcon_core.package_identification:_identify(src/realsense-ros) by extensions ['cmake', 'python']
[0.182s] Level 1:colcon.colcon_core.package_identification:_identify(src/realsense-ros) by extension 'cmake'
[0.182s] Level 1:colcon.colcon_core.package_identification:_identify(src/realsense-ros) by extension 'python'
[0.182s] Level 1:colcon.colcon_core.package_identification:_identify(src/realsense-ros) by extensions ['python_setup_py']
[0.182s] Level 1:colcon.colcon_core.package_identification:_identify(src/realsense-ros) by extension 'python_setup_py'
[0.182s] Level 1:colcon.colcon_core.package_identification:_identify(src/realsense-ros/realsense2_camera) by extensions ['ignore', 'ignore_ament_install']
[0.183s] Level 1:colcon.colcon_core.package_identification:_identify(src/realsense-ros/realsense2_camera) by extension 'ignore'
[0.183s] Level 1:colcon.colcon_core.package_identification:_identify(src/realsense-ros/realsense2_camera) ignored
[0.183s] Level 1:colcon.colcon_core.package_identification:_identify(src/realsense-ros/realsense2_camera_msgs) by extensions ['ignore', 'ignore_ament_install']
[0.183s] Level 1:colcon.colcon_core.package_identification:_identify(src/realsense-ros/realsense2_camera_msgs) by extension 'ignore'
[0.183s] Level 1:colcon.colcon_core.package_identification:_identify(src/realsense-ros/realsense2_camera_msgs) ignored
[0.183s] Level 1:colcon.colcon_core.package_identification:_identify(src/realsense-ros/realsense2_description) by extensions ['ignore', 'ignore_ament_install']
[0.183s] Level 1:colcon.colcon_core.package_identification:_identify(src/realsense-ros/realsense2_description) by extension 'ignore'
[0.183s] Level 1:colcon.colcon_core.package_identification:_identify(src/realsense-ros/realsense2_description) by extension 'ignore_ament_install'
[0.183s] Level 1:colcon.colcon_core.package_identification:_identify(src/realsense-ros/realsense2_description) by extensions ['colcon_pkg']
[0.183s] Level 1:colcon.colcon_core.package_identification:_identify(src/realsense-ros/realsense2_description) by extension 'colcon_pkg'
[0.183s] Level 1:colcon.colcon_core.package_identification:_identify(src/realsense-ros/realsense2_description) by extensions ['colcon_meta']
[0.183s] Level 1:colcon.colcon_core.package_identification:_identify(src/realsense-ros/realsense2_description) by extension 'colcon_meta'
[0.183s] Level 1:colcon.colcon_core.package_identification:_identify(src/realsense-ros/realsense2_description) by extensions ['ros']
[0.183s] Level 1:colcon.colcon_core.package_identification:_identify(src/realsense-ros/realsense2_description) by extension 'ros'
[0.185s] DEBUG:colcon.colcon_core.package_identification:Package 'src/realsense-ros/realsense2_description' with type 'ros.ament_cmake' and name 'realsense2_description'
[0.185s] Level 1:colcon.colcon_core.package_identification:_identify(src/realsense-ros/realsense2_rgbd_plugin) by extensions ['ignore', 'ignore_ament_install']
[0.185s] Level 1:colcon.colcon_core.package_identification:_identify(src/realsense-ros/realsense2_rgbd_plugin) by extension 'ignore'
[0.185s] Level 1:colcon.colcon_core.package_identification:_identify(src/realsense-ros/realsense2_rgbd_plugin) by extension 'ignore_ament_install'
[0.185s] Level 1:colcon.colcon_core.package_identification:_identify(src/realsense-ros/realsense2_rgbd_plugin) by extensions ['colcon_pkg']
[0.185s] Level 1:colcon.colcon_core.package_identification:_identify(src/realsense-ros/realsense2_rgbd_plugin) by extension 'colcon_pkg'
[0.185s] Level 1:colcon.colcon_core.package_identification:_identify(src/realsense-ros/realsense2_rgbd_plugin) by extensions ['colcon_meta']
[0.185s] Level 1:colcon.colcon_core.package_identification:_identify(src/realsense-ros/realsense2_rgbd_plugin) by extension 'colcon_meta'
[0.185s] Level 1:colcon.colcon_core.package_identification:_identify(src/realsense-ros/realsense2_rgbd_plugin) by extensions ['ros']
[0.185s] Level 1:colcon.colcon_core.package_identification:_identify(src/realsense-ros/realsense2_rgbd_plugin) by extension 'ros'
[0.185s] DEBUG:colcon.colcon_core.package_identification:Package 'src/realsense-ros/realsense2_rgbd_plugin' with type 'ros.ament_cmake' and name 'realsense2_rviz_plugin'
[0.186s] Level 1:colcon.colcon_core.package_identification:_identify(src/realsense-ros/realsense2_ros_mqtt_bridge) by extensions ['ignore', 'ignore_ament_install']
[0.186s] Level 1:colcon.colcon_core.package_identification:_identify(src/realsense-ros/realsense2_ros_mqtt_bridge) by extension 'ignore'
[0.186s] Level 1:colcon.colcon_core.package_identification:_identify(src/realsense-ros/realsense2_ros_mqtt_bridge) by extension 'ignore_ament_install'
[0.186s] Level 1:colcon.colcon_core.package_identification:_identify(src/realsense-ros/realsense2_ros_mqtt_bridge) by extensions ['colcon_pkg']
[0.186s] Level 1:colcon.colcon_core.package_identification:_identify(src/realsense-ros/realsense2_ros_mqtt_bridge) by extension 'colcon_pkg'
[0.186s] Level 1:colcon.colcon_core.package_identification:_identify(src/realsense-ros/realsense2_ros_mqtt_bridge) by extensions ['colcon_meta']
[0.186s] Level 1:colcon.colcon_core.package_identification:_identify(src/realsense-ros/realsense2_ros_mqtt_bridge) by extension 'colcon_meta'
[0.186s] Level 1:colcon.colcon_core.package_identification:_identify(src/realsense-ros/realsense2_ros_mqtt_bridge) by extensions ['ros']
[0.186s] Level 1:colcon.colcon_core.package_identification:_identify(src/realsense-ros/realsense2_ros_mqtt_bridge) by extension 'ros'
[0.186s] DEBUG:colcon.colcon_core.package_identification:Package 'src/realsense-ros/realsense2_ros_mqtt_bridge' with type 'ros.ament_python' and name 'realsense2_ros_mqtt_bridge'
[0.186s] Level 1:colcon.colcon_core.package_identification:_identify(src/realsense-ros/res) by extensions ['ignore', 'ignore_ament_install']
[0.186s] Level 1:colcon.colcon_core.package_identification:_identify(src/realsense-ros/res) by extension 'ignore'
[0.186s] Level 1:colcon.colcon_core.package_identification:_identify(src/realsense-ros/res) by extension 'ignore_ament_install'
[0.186s] Level 1:colcon.colcon_core.package_identification:_identify(src/realsense-ros/res) by extensions ['colcon_pkg']
[0.186s] Level 1:colcon.colcon_core.package_identification:_identify(src/realsense-ros/res) by extension 'colcon_pkg'
[0.186s] Level 1:colcon.colcon_core.package_identification:_identify(src/realsense-ros/res) by extensions ['colcon_meta']
[0.186s] Level 1:colcon.colcon_core.package_identification:_identify(src/realsense-ros/res) by extension 'colcon_meta'
[0.187s] Level 1:colcon.colcon_core.package_identification:_identify(src/realsense-ros/res) by extensions ['ros']
[0.187s] Level 1:colcon.colcon_core.package_identification:_identify(src/realsense-ros/res) by extension 'ros'
[0.187s] Level 1:colcon.colcon_core.package_identification:_identify(src/realsense-ros/res) by extensions ['cmake', 'python']
[0.187s] Level 1:colcon.colcon_core.package_identification:_identify(src/realsense-ros/res) by extension 'cmake'
[0.187s] Level 1:colcon.colcon_core.package_identification:_identify(src/realsense-ros/res) by extension 'python'
[0.187s] Level 1:colcon.colcon_core.package_identification:_identify(src/realsense-ros/res) by extensions ['python_setup_py']
[0.187s] Level 1:colcon.colcon_core.package_identification:_identify(src/realsense-ros/res) by extension 'python_setup_py'
[0.187s] Level 1:colcon.colcon_core.package_identification:_identify(src/realsense-ros/scripts) by extensions ['ignore', 'ignore_ament_install']
[0.187s] Level 1:colcon.colcon_core.package_identification:_identify(src/realsense-ros/scripts) by extension 'ignore'
[0.187s] Level 1:colcon.colcon_core.package_identification:_identify(src/realsense-ros/scripts) by extension 'ignore_ament_install'
[0.187s] Level 1:colcon.colcon_core.package_identification:_identify(src/realsense-ros/scripts) by extensions ['colcon_pkg']
[0.187s] Level 1:colcon.colcon_core.package_identification:_identify(src/realsense-ros/scripts) by extension 'colcon_pkg'
[0.187s] Level 1:colcon.colcon_core.package_identification:_identify(src/realsense-ros/scripts) by extensions ['colcon_meta']
[0.187s] Level 1:colcon.colcon_core.package_identification:_identify(src/realsense-ros/scripts) by extension 'colcon_meta'
[0.187s] Level 1:colcon.colcon_core.package_identification:_identify(src/realsense-ros/scripts) by extensions ['ros']
[0.187s] Level 1:colcon.colcon_core.package_identification:_identify(src/realsense-ros/scripts) by extension 'ros'
[0.187s] Level 1:colcon.colcon_core.package_identification:_identify(src/realsense-ros/scripts) by extensions ['cmake', 'python']
[0.187s] Level 1:colcon.colcon_core.package_identification:_identify(src/realsense-ros/scripts) by extension 'cmake'
[0.187s] Level 1:colcon.colcon_core.package_identification:_identify(src/realsense-ros/scripts) by extension 'python'
[0.187s] Level 1:colcon.colcon_core.package_identification:_identify(src/realsense-ros/scripts) by extensions ['python_setup_py']
[0.187s] Level 1:colcon.colcon_core.package_identification:_identify(src/realsense-ros/scripts) by extension 'python_setup_py'
[0.187s] Level 1:colcon.colcon_core.package_identification:_identify(src/rtabmap) by extensions ['ignore', 'ignore_ament_install']
[0.187s] Level 1:colcon.colcon_core.package_identification:_identify(src/rtabmap) by extension 'ignore'
[0.187s] Level 1:colcon.colcon_core.package_identification:_identify(src/rtabmap) by extension 'ignore_ament_install'
[0.187s] Level 1:colcon.colcon_core.package_identification:_identify(src/rtabmap) by extensions ['colcon_pkg']
[0.187s] Level 1:colcon.colcon_core.package_identification:_identify(src/rtabmap) by extension 'colcon_pkg'
[0.187s] Level 1:colcon.colcon_core.package_identification:_identify(src/rtabmap) by extensions ['colcon_meta']
[0.187s] Level 1:colcon.colcon_core.package_identification:_identify(src/rtabmap) by extension 'colcon_meta'
[0.187s] Level 1:colcon.colcon_core.package_identification:_identify(src/rtabmap) by extensions ['ros']
[0.187s] Level 1:colcon.colcon_core.package_identification:_identify(src/rtabmap) by extension 'ros'
[0.188s] DEBUG:colcon.colcon_core.package_identification:Package 'src/rtabmap' with type 'ros.cmake' and name 'rtabmap'
[0.188s] Level 1:colcon.colcon_core.package_identification:_identify(src/rtabmap_ros) by extensions ['ignore', 'ignore_ament_install']
[0.188s] Level 1:colcon.colcon_core.package_identification:_identify(src/rtabmap_ros) by extension 'ignore'
[0.188s] Level 1:colcon.colcon_core.package_identification:_identify(src/rtabmap_ros) by extension 'ignore_ament_install'
[0.188s] Level 1:colcon.colcon_core.package_identification:_identify(src/rtabmap_ros) by extensions ['colcon_pkg']
[0.188s] Level 1:colcon.colcon_core.package_identification:_identify(src/rtabmap_ros) by extension 'colcon_pkg'
[0.188s] Level 1:colcon.colcon_core.package_identification:_identify(src/rtabmap_ros) by extensions ['colcon_meta']
[0.188s] Level 1:colcon.colcon_core.package_identification:_identify(src/rtabmap_ros) by extension 'colcon_meta'
[0.188s] Level 1:colcon.colcon_core.package_identification:_identify(src/rtabmap_ros) by extensions ['ros']
[0.188s] Level 1:colcon.colcon_core.package_identification:_identify(src/rtabmap_ros) by extension 'ros'
[0.188s] Level 1:colcon.colcon_core.package_identification:_identify(src/rtabmap_ros) by extensions ['cmake', 'python']
[0.188s] Level 1:colcon.colcon_core.package_identification:_identify(src/rtabmap_ros) by extension 'cmake'
[0.188s] Level 1:colcon.colcon_core.package_identification:_identify(src/rtabmap_ros) by extension 'python'
[0.188s] Level 1:colcon.colcon_core.package_identification:_identify(src/rtabmap_ros) by extensions ['python_setup_py']
[0.188s] Level 1:colcon.colcon_core.package_identification:_identify(src/rtabmap_ros) by extension 'python_setup_py'
[0.188s] Level 1:colcon.colcon_core.package_identification:_identify(src/rtabmap_ros/docker) by extensions ['ignore', 'ignore_ament_install']
[0.188s] Level 1:colcon.colcon_core.package_identification:_identify(src/rtabmap_ros/docker) by extension 'ignore'
[0.188s] Level 1:colcon.colcon_core.package_identification:_identify(src/rtabmap_ros/docker) by extension 'ignore_ament_install'
[0.189s] Level 1:colcon.colcon_core.package_identification:_identify(src/rtabmap_ros/docker) by extensions ['colcon_pkg']
[0.189s] Level 1:colcon.colcon_core.package_identification:_identify(src/rtabmap_ros/docker) by extension 'colcon_pkg'
[0.189s] Level 1:colcon.colcon_core.package_identification:_identify(src/rtabmap_ros/docker) by extensions ['colcon_meta']
[0.189s] Level 1:colcon.colcon_core.package_identification:_identify(src/rtabmap_ros/docker) by extension 'colcon_meta'
[0.189s] Level 1:colcon.colcon_core.package_identification:_identify(src/rtabmap_ros/docker) by extensions ['ros']
[0.189s] Level 1:colcon.colcon_core.package_identification:_identify(src/rtabmap_ros/docker) by extension 'ros'
[0.189s] Level 1:colcon.colcon_core.package_identification:_identify(src/rtabmap_ros/docker) by extensions ['cmake', 'python']
[0.189s] Level 1:colcon.colcon_core.package_identification:_identify(src/rtabmap_ros/docker) by extension 'cmake'
[0.189s] Level 1:colcon.colcon_core.package_identification:_identify(src/rtabmap_ros/docker) by extension 'python'
[0.189s] Level 1:colcon.colcon_core.package_identification:_identify(src/rtabmap_ros/docker) by extensions ['python_setup_py']
[0.189s] Level 1:colcon.colcon_core.package_identification:_identify(src/rtabmap_ros/docker) by extension 'python_setup_py'
[0.189s] Level 1:colcon.colcon_core.package_identification:_identify(src/rtabmap_ros/docker/foxy) by extensions ['ignore', 'ignore_ament_install']
[0.189s] Level 1:colcon.colcon_core.package_identification:_identify(src/rtabmap_ros/docker/foxy) by extension 'ignore'
[0.189s] Level 1:colcon.colcon_core.package_identification:_identify(src/rtabmap_ros/docker/foxy) by extension 'ignore_ament_install'
[0.189s] Level 1:colcon.colcon_core.package_identification:_identify(src/rtabmap_ros/docker/foxy) by extensions ['colcon_pkg']
[0.189s] Level 1:colcon.colcon_core.package_identification:_identify(src/rtabmap_ros/docker/foxy) by extension 'colcon_pkg'
[0.189s] Level 1:colcon.colcon_core.package_identification:_identify(src/rtabmap_ros/docker/foxy) by extensions ['colcon_meta']
[0.189s] Level 1:colcon.colcon_core.package_identification:_identify(src/rtabmap_ros/docker/foxy) by extension 'colcon_meta'
[0.189s] Level 1:colcon.colcon_core.package_identification:_identify(src/rtabmap_ros/docker/foxy) by extensions ['ros']
[0.189s] Level 1:colcon.colcon_core.package_identification:_identify(src/rtabmap_ros/docker/foxy) by extension 'ros'
[0.189s] Level 1:colcon.colcon_core.package_identification:_identify(src/rtabmap_ros/docker/foxy) by extensions ['cmake', 'python']
[0.189s] Level 1:colcon.colcon_core.package_identification:_identify(src/rtabmap_ros/docker/foxy) by extension 'cmake'
[0.189s] Level 1:colcon.colcon_core.package_identification:_identify(src/rtabmap_ros/docker/foxy) by extension 'python'
[0.189s] Level 1:colcon.colcon_core.package_identification:_identify(src/rtabmap_ros/docker/foxy) by extensions ['python_setup_py']
[0.189s] Level 1:colcon.colcon_core.package_identification:_identify(src/rtabmap_ros/docker/foxy) by extension 'python_setup_py'
[0.189s] Level 1:colcon.colcon_core.package_identification:_identify(src/rtabmap_ros/docker/foxy/latest) by extensions ['ignore', 'ignore_ament_install']
[0.189s] Level 1:colcon.colcon_core.package_identification:_identify(src/rtabmap_ros/docker/foxy/latest) by extension 'ignore'
[0.189s] Level 1:colcon.colcon_core.package_identification:_identify(src/rtabmap_ros/docker/foxy/latest) by extension 'ignore_ament_install'
[0.189s] Level 1:colcon.colcon_core.package_identification:_identify(src/rtabmap_ros/docker/foxy/latest) by extensions ['colcon_pkg']
[0.189s] Level 1:colcon.colcon_core.package_identification:_identify(src/rtabmap_ros/docker/foxy/latest) by extension 'colcon_pkg'
[0.189s] Level 1:colcon.colcon_core.package_identification:_identify(src/rtabmap_ros/docker/foxy/latest) by extensions ['colcon_meta']
[0.189s] Level 1:colcon.colcon_core.package_identification:_identify(src/rtabmap_ros/docker/foxy/latest) by extension 'colcon_meta'
[0.189s] Level 1:colcon.colcon_core.package_identification:_identify(src/rtabmap_ros/docker/foxy/latest) by extensions ['ros']
[0.189s] Level 1:colcon.colcon_core.package_identification:_identify(src/rtabmap_ros/docker/foxy/latest) by extension 'ros'
[0.189s] Level 1:colcon.colcon_core.package_identification:_identify(src/rtabmap_ros/docker/foxy/latest) by extensions ['cmake', 'python']
[0.189s] Level 1:colcon.colcon_core.package_identification:_identify(src/rtabmap_ros/docker/foxy/latest) by extension 'cmake'
[0.189s] Level 1:colcon.colcon_core.package_identification:_identify(src/rtabmap_ros/docker/foxy/latest) by extension 'python'
[0.189s] Level 1:colcon.colcon_core.package_identification:_identify(src/rtabmap_ros/docker/foxy/latest) by extensions ['python_setup_py']
[0.189s] Level 1:colcon.colcon_core.package_identification:_identify(src/rtabmap_ros/docker/foxy/latest) by extension 'python_setup_py'
[0.189s] Level 1:colcon.colcon_core.package_identification:_identify(src/rtabmap_ros/docker/foxy/latest/hooks) by extensions ['ignore', 'ignore_ament_install']
[0.189s] Level 1:colcon.colcon_core.package_identification:_identify(src/rtabmap_ros/docker/foxy/latest/hooks) by extension 'ignore'
[0.190s] Level 1:colcon.colcon_core.package_identification:_identify(src/rtabmap_ros/docker/foxy/latest/hooks) by extension 'ignore_ament_install'
[0.190s] Level 1:colcon.colcon_core.package_identification:_identify(src/rtabmap_ros/docker/foxy/latest/hooks) by extensions ['colcon_pkg']
[0.190s] Level 1:colcon.colcon_core.package_identification:_identify(src/rtabmap_ros/docker/foxy/latest/hooks) by extension 'colcon_pkg'
[0.190s] Level 1:colcon.colcon_core.package_identification:_identify(src/rtabmap_ros/docker/foxy/latest/hooks) by extensions ['colcon_meta']
[0.190s] Level 1:colcon.colcon_core.package_identification:_identify(src/rtabmap_ros/docker/foxy/latest/hooks) by extension 'colcon_meta'
[0.190s] Level 1:colcon.colcon_core.package_identification:_identify(src/rtabmap_ros/docker/foxy/latest/hooks) by extensions ['ros']
[0.190s] Level 1:colcon.colcon_core.package_identification:_identify(src/rtabmap_ros/docker/foxy/latest/hooks) by extension 'ros'
[0.190s] Level 1:colcon.colcon_core.package_identification:_identify(src/rtabmap_ros/docker/foxy/latest/hooks) by extensions ['cmake', 'python']
[0.190s] Level 1:colcon.colcon_core.package_identification:_identify(src/rtabmap_ros/docker/foxy/latest/hooks) by extension 'cmake'
[0.190s] Level 1:colcon.colcon_core.package_identification:_identify(src/rtabmap_ros/docker/foxy/latest/hooks) by extension 'python'
[0.190s] Level 1:colcon.colcon_core.package_identification:_identify(src/rtabmap_ros/docker/foxy/latest/hooks) by extensions ['python_setup_py']
[0.190s] Level 1:colcon.colcon_core.package_identification:_identify(src/rtabmap_ros/docker/foxy/latest/hooks) by extension 'python_setup_py'
[0.190s] Level 1:colcon.colcon_core.package_identification:_identify(src/rtabmap_ros/docker/humble) by extensions ['ignore', 'ignore_ament_install']
[0.190s] Level 1:colcon.colcon_core.package_identification:_identify(src/rtabmap_ros/docker/humble) by extension 'ignore'
[0.190s] Level 1:colcon.colcon_core.package_identification:_identify(src/rtabmap_ros/docker/humble) by extension 'ignore_ament_install'
[0.190s] Level 1:colcon.colcon_core.package_identification:_identify(src/rtabmap_ros/docker/humble) by extensions ['colcon_pkg']
[0.190s] Level 1:colcon.colcon_core.package_identification:_identify(src/rtabmap_ros/docker/humble) by extension 'colcon_pkg'
[0.190s] Level 1:colcon.colcon_core.package_identification:_identify(src/rtabmap_ros/docker/humble) by extensions ['colcon_meta']
[0.190s] Level 1:colcon.colcon_core.package_identification:_identify(src/rtabmap_ros/docker/humble) by extension 'colcon_meta'
[0.190s] Level 1:colcon.colcon_core.package_identification:_identify(src/rtabmap_ros/docker/humble) by extensions ['ros']
[0.190s] Level 1:colcon.colcon_core.package_identification:_identify(src/rtabmap_ros/docker/humble) by extension 'ros'
[0.190s] Level 1:colcon.colcon_core.package_identification:_identify(src/rtabmap_ros/docker/humble) by extensions ['cmake', 'python']
[0.190s] Level 1:colcon.colcon_core.package_identification:_identify(src/rtabmap_ros/docker/humble) by extension 'cmake'
[0.190s] Level 1:colcon.colcon_core.package_identification:_identify(src/rtabmap_ros/docker/humble) by extension 'python'
[0.190s] Level 1:colcon.colcon_core.package_identification:_identify(src/rtabmap_ros/docker/humble) by extensions ['python_setup_py']
[0.190s] Level 1:colcon.colcon_core.package_identification:_identify(src/rtabmap_ros/docker/humble) by extension 'python_setup_py'
[0.190s] Level 1:colcon.colcon_core.package_identification:_identify(src/rtabmap_ros/docker/humble/latest) by extensions ['ignore', 'ignore_ament_install']
[0.190s] Level 1:colcon.colcon_core.package_identification:_identify(src/rtabmap_ros/docker/humble/latest) by extension 'ignore'
[0.190s] Level 1:colcon.colcon_core.package_identification:_identify(src/rtabmap_ros/docker/humble/latest) by extension 'ignore_ament_install'
[0.190s] Level 1:colcon.colcon_core.package_identification:_identify(src/rtabmap_ros/docker/humble/latest) by extensions ['colcon_pkg']
[0.190s] Level 1:colcon.colcon_core.package_identification:_identify(src/rtabmap_ros/docker/humble/latest) by extension 'colcon_pkg'
[0.190s] Level 1:colcon.colcon_core.package_identification:_identify(src/rtabmap_ros/docker/humble/latest) by extensions ['colcon_meta']
[0.190s] Level 1:colcon.colcon_core.package_identification:_identify(src/rtabmap_ros/docker/humble/latest) by extension 'colcon_meta'
[0.190s] Level 1:colcon.colcon_core.package_identification:_identify(src/rtabmap_ros/docker/humble/latest) by extensions ['ros']
[0.190s] Level 1:colcon.colcon_core.package_identification:_identify(src/rtabmap_ros/docker/humble/latest) by extension 'ros'
[0.190s] Level 1:colcon.colcon_core.package_identification:_identify(src/rtabmap_ros/docker/humble/latest) by extensions ['cmake', 'python']
[0.190s] Level 1:colcon.colcon_core.package_identification:_identify(src/rtabmap_ros/docker/humble/latest) by extension 'cmake'
[0.190s] Level 1:colcon.colcon_core.package_identification:_identify(src/rtabmap_ros/docker/humble/latest) by extension 'python'
[0.190s] Level 1:colcon.colcon_core.package_identification:_identify(src/rtabmap_ros/docker/humble/latest) by extensions ['python_setup_py']
[0.190s] Level 1:colcon.colcon_core.package_identification:_identify(src/rtabmap_ros/docker/humble/latest) by extension 'python_setup_py'
[0.191s] Level 1:colcon.colcon_core.package_identification:_identify(src/rtabmap_ros/docker/indigo) by extensions ['ignore', 'ignore_ament_install']
[0.191s] Level 1:colcon.colcon_core.package_identification:_identify(src/rtabmap_ros/docker/indigo) by extension 'ignore'
[0.191s] Level 1:colcon.colcon_core.package_identification:_identify(src/rtabmap_ros/docker/indigo) by extension 'ignore_ament_install'
[0.191s] Level 1:colcon.colcon_core.package_identification:_identify(src/rtabmap_ros/docker/indigo) by extensions ['colcon_pkg']
[0.191s] Level 1:colcon.colcon_core.package_identification:_identify(src/rtabmap_ros/docker/indigo) by extension 'colcon_pkg'
[0.191s] Level 1:colcon.colcon_core.package_identification:_identify(src/rtabmap_ros/docker/indigo) by extensions ['colcon_meta']
[0.191s] Level 1:colcon.colcon_core.package_identification:_identify(src/rtabmap_ros/docker/indigo) by extension 'colcon_meta'
[0.191s] Level 1:colcon.colcon_core.package_identification:_identify(src/rtabmap_ros/docker/indigo) by extensions ['ros']
[0.191s] Level 1:colcon.colcon_core.package_identification:_identify(src/rtabmap_ros/docker/indigo) by extension 'ros'
[0.191s] Level 1:colcon.colcon_core.package_identification:_identify(src/rtabmap_ros/docker/indigo) by extensions ['cmake', 'python']
[0.191s] Level 1:colcon.colcon_core.package_identification:_identify(src/rtabmap_ros/docker/indigo) by extension 'cmake'
[0.191s] Level 1:colcon.colcon_core.package_identification:_identify(src/rtabmap_ros/docker/indigo) by extension 'python'
[0.191s] Level 1:colcon.colcon_core.package_identification:_identify(src/rtabmap_ros/docker/indigo) by extensions ['python_setup_py']
[0.191s] Level 1:colcon.colcon_core.package_identification:_identify(src/rtabmap_ros/docker/indigo) by extension 'python_setup_py'
[0.191s] Level 1:colcon.colcon_core.package_identification:_identify(src/rtabmap_ros/docker/indigo/latest) by extensions ['ignore', 'ignore_ament_install']
[0.191s] Level 1:colcon.colcon_core.package_identification:_identify(src/rtabmap_ros/docker/indigo/latest) by extension 'ignore'
[0.191s] Level 1:colcon.colcon_core.package_identification:_identify(src/rtabmap_ros/docker/indigo/latest) by extension 'ignore_ament_install'
[0.191s] Level 1:colcon.colcon_core.package_identification:_identify(src/rtabmap_ros/docker/indigo/latest) by extensions ['colcon_pkg']
[0.191s] Level 1:colcon.colcon_core.package_identification:_identify(src/rtabmap_ros/docker/indigo/latest) by extension 'colcon_pkg'
[0.191s] Level 1:colcon.colcon_core.package_identification:_identify(src/rtabmap_ros/docker/indigo/latest) by extensions ['colcon_meta']
[0.191s] Level 1:colcon.colcon_core.package_identification:_identify(src/rtabmap_ros/docker/indigo/latest) by extension 'colcon_meta'
[0.191s] Level 1:colcon.colcon_core.package_identification:_identify(src/rtabmap_ros/docker/indigo/latest) by extensions ['ros']
[0.191s] Level 1:colcon.colcon_core.package_identification:_identify(src/rtabmap_ros/docker/indigo/latest) by extension 'ros'
[0.191s] Level 1:colcon.colcon_core.package_identification:_identify(src/rtabmap_ros/docker/indigo/latest) by extensions ['cmake', 'python']
[0.191s] Level 1:colcon.colcon_core.package_identification:_identify(src/rtabmap_ros/docker/indigo/latest) by extension 'cmake'
[0.191s] Level 1:colcon.colcon_core.package_identification:_identify(src/rtabmap_ros/docker/indigo/latest) by extension 'python'
[0.191s] Level 1:colcon.colcon_core.package_identification:_identify(src/rtabmap_ros/docker/indigo/latest) by extensions ['python_setup_py']
[0.191s] Level 1:colcon.colcon_core.package_identification:_identify(src/rtabmap_ros/docker/indigo/latest) by extension 'python_setup_py'
[0.191s] Level 1:colcon.colcon_core.package_identification:_identify(src/rtabmap_ros/docker/indigo/latest/hooks) by extensions ['ignore', 'ignore_ament_install']
[0.191s] Level 1:colcon.colcon_core.package_identification:_identify(src/rtabmap_ros/docker/indigo/latest/hooks) by extension 'ignore'
[0.191s] Level 1:colcon.colcon_core.package_identification:_identify(src/rtabmap_ros/docker/indigo/latest/hooks) by extension 'ignore_ament_install'
[0.191s] Level 1:colcon.colcon_core.package_identification:_identify(src/rtabmap_ros/docker/indigo/latest/hooks) by extensions ['colcon_pkg']
[0.191s] Level 1:colcon.colcon_core.package_identification:_identify(src/rtabmap_ros/docker/indigo/latest/hooks) by extension 'colcon_pkg'
[0.191s] Level 1:colcon.colcon_core.package_identification:_identify(src/rtabmap_ros/docker/indigo/latest/hooks) by extensions ['colcon_meta']
[0.191s] Level 1:colcon.colcon_core.package_identification:_identify(src/rtabmap_ros/docker/indigo/latest/hooks) by extension 'colcon_meta'
[0.191s] Level 1:colcon.colcon_core.package_identification:_identify(src/rtabmap_ros/docker/indigo/latest/hooks) by extensions ['ros']
[0.191s] Level 1:colcon.colcon_core.package_identification:_identify(src/rtabmap_ros/docker/indigo/latest/hooks) by extension 'ros'
[0.191s] Level 1:colcon.colcon_core.package_identification:_identify(src/rtabmap_ros/docker/indigo/latest/hooks) by extensions ['cmake', 'python']
[0.191s] Level 1:colcon.colcon_core.package_identification:_identify(src/rtabmap_ros/docker/indigo/latest/hooks) by extension 'cmake'
[0.191s] Level 1:colcon.colcon_core.package_identification:_identify(src/rtabmap_ros/docker/indigo/latest/hooks) by extension 'python'
[0.191s] Level 1:colcon.colcon_core.package_identification:_identify(src/rtabmap_ros/docker/indigo/latest/hooks) by extensions ['python_setup_py']
[0.191s] Level 1:colcon.colcon_core.package_identification:_identify(src/rtabmap_ros/docker/indigo/latest/hooks) by extension 'python_setup_py'
[0.192s] Level 1:colcon.colcon_core.package_identification:_identify(src/rtabmap_ros/docker/iron) by extensions ['ignore', 'ignore_ament_install']
[0.192s] Level 1:colcon.colcon_core.package_identification:_identify(src/rtabmap_ros/docker/iron) by extension 'ignore'
[0.192s] Level 1:colcon.colcon_core.package_identification:_identify(src/rtabmap_ros/docker/iron) by extension 'ignore_ament_install'
[0.192s] Level 1:colcon.colcon_core.package_identification:_identify(src/rtabmap_ros/docker/iron) by extensions ['colcon_pkg']
[0.192s] Level 1:colcon.colcon_core.package_identification:_identify(src/rtabmap_ros/docker/iron) by extension 'colcon_pkg'
[0.192s] Level 1:colcon.colcon_core.package_identification:_identify(src/rtabmap_ros/docker/iron) by extensions ['colcon_meta']
[0.192s] Level 1:colcon.colcon_core.package_identification:_identify(src/rtabmap_ros/docker/iron) by extension 'colcon_meta'
[0.192s] Level 1:colcon.colcon_core.package_identification:_identify(src/rtabmap_ros/docker/iron) by extensions ['ros']
[0.192s] Level 1:colcon.colcon_core.package_identification:_identify(src/rtabmap_ros/docker/iron) by extension 'ros'
[0.192s] Level 1:colcon.colcon_core.package_identification:_identify(src/rtabmap_ros/docker/iron) by extensions ['cmake', 'python']
[0.192s] Level 1:colcon.colcon_core.package_identification:_identify(src/rtabmap_ros/docker/iron) by extension 'cmake'
[0.192s] Level 1:colcon.colcon_core.package_identification:_identify(src/rtabmap_ros/docker/iron) by extension 'python'
[0.192s] Level 1:colcon.colcon_core.package_identification:_identify(src/rtabmap_ros/docker/iron) by extensions ['python_setup_py']
[0.192s] Level 1:colcon.colcon_core.package_identification:_identify(src/rtabmap_ros/docker/iron) by extension 'python_setup_py'
[0.192s] Level 1:colcon.colcon_core.package_identification:_identify(src/rtabmap_ros/docker/iron/latest) by extensions ['ignore', 'ignore_ament_install']
[0.192s] Level 1:colcon.colcon_core.package_identification:_identify(src/rtabmap_ros/docker/iron/latest) by extension 'ignore'
[0.192s] Level 1:colcon.colcon_core.package_identification:_identify(src/rtabmap_ros/docker/iron/latest) by extension 'ignore_ament_install'
[0.192s] Level 1:colcon.colcon_core.package_identification:_identify(src/rtabmap_ros/docker/iron/latest) by extensions ['colcon_pkg']
[0.192s] Level 1:colcon.colcon_core.package_identification:_identify(src/rtabmap_ros/docker/iron/latest) by extension 'colcon_pkg'
[0.192s] Level 1:colcon.colcon_core.package_identification:_identify(src/rtabmap_ros/docker/iron/latest) by extensions ['colcon_meta']
[0.192s] Level 1:colcon.colcon_core.package_identification:_identify(src/rtabmap_ros/docker/iron/latest) by extension 'colcon_meta'
[0.192s] Level 1:colcon.colcon_core.package_identification:_identify(src/rtabmap_ros/docker/iron/latest) by extensions ['ros']
[0.192s] Level 1:colcon.colcon_core.package_identification:_identify(src/rtabmap_ros/docker/iron/latest) by extension 'ros'
[0.192s] Level 1:colcon.colcon_core.package_identification:_identify(src/rtabmap_ros/docker/iron/latest) by extensions ['cmake', 'python']
[0.192s] Level 1:colcon.colcon_core.package_identification:_identify(src/rtabmap_ros/docker/iron/latest) by extension 'cmake'
[0.192s] Level 1:colcon.colcon_core.package_identification:_identify(src/rtabmap_ros/docker/iron/latest) by extension 'python'
[0.192s] Level 1:colcon.colcon_core.package_identification:_identify(src/rtabmap_ros/docker/iron/latest) by extensions ['python_setup_py']
[0.192s] Level 1:colcon.colcon_core.package_identification:_identify(src/rtabmap_ros/docker/iron/latest) by extension 'python_setup_py'
[0.192s] Level 1:colcon.colcon_core.package_identification:_identify(src/rtabmap_ros/docker/jazzy) by extensions ['ignore', 'ignore_ament_install']
[0.192s] Level 1:colcon.colcon_core.package_identification:_identify(src/rtabmap_ros/docker/jazzy) by extension 'ignore'
[0.192s] Level 1:colcon.colcon_core.package_identification:_identify(src/rtabmap_ros/docker/jazzy) by extension 'ignore_ament_install'
[0.192s] Level 1:colcon.colcon_core.package_identification:_identify(src/rtabmap_ros/docker/jazzy) by extensions ['colcon_pkg']
[0.192s] Level 1:colcon.colcon_core.package_identification:_identify(src/rtabmap_ros/docker/jazzy) by extension 'colcon_pkg'
[0.192s] Level 1:colcon.colcon_core.package_identification:_identify(src/rtabmap_ros/docker/jazzy) by extensions ['colcon_meta']
[0.192s] Level 1:colcon.colcon_core.package_identification:_identify(src/rtabmap_ros/docker/jazzy) by extension 'colcon_meta'
[0.192s] Level 1:colcon.colcon_core.package_identification:_identify(src/rtabmap_ros/docker/jazzy) by extensions ['ros']
[0.192s] Level 1:colcon.colcon_core.package_identification:_identify(src/rtabmap_ros/docker/jazzy) by extension 'ros'
[0.192s] Level 1:colcon.colcon_core.package_identification:_identify(src/rtabmap_ros/docker/jazzy) by extensions ['cmake', 'python']
[0.192s] Level 1:colcon.colcon_core.package_identification:_identify(src/rtabmap_ros/docker/jazzy) by extension 'cmake'
[0.192s] Level 1:colcon.colcon_core.package_identification:_identify(src/rtabmap_ros/docker/jazzy) by extension 'python'
[0.192s] Level 1:colcon.colcon_core.package_identification:_identify(src/rtabmap_ros/docker/jazzy) by extensions ['python_setup_py']
[0.192s] Level 1:colcon.colcon_core.package_identification:_identify(src/rtabmap_ros/docker/jazzy) by extension 'python_setup_py'
[0.193s] Level 1:colcon.colcon_core.package_identification:_identify(src/rtabmap_ros/docker/jazzy/latest) by extensions ['ignore', 'ignore_ament_install']
[0.193s] Level 1:colcon.colcon_core.package_identification:_identify(src/rtabmap_ros/docker/jazzy/latest) by extension 'ignore'
[0.193s] Level 1:colcon.colcon_core.package_identification:_identify(src/rtabmap_ros/docker/jazzy/latest) by extension 'ignore_ament_install'
[0.193s] Level 1:colcon.colcon_core.package_identification:_identify(src/rtabmap_ros/docker/jazzy/latest) by extensions ['colcon_pkg']
[0.193s] Level 1:colcon.colcon_core.package_identification:_identify(src/rtabmap_ros/docker/jazzy/latest) by extension 'colcon_pkg'
[0.193s] Level 1:colcon.colcon_core.package_identification:_identify(src/rtabmap_ros/docker/jazzy/latest) by extensions ['colcon_meta']
[0.193s] Level 1:colcon.colcon_core.package_identification:_identify(src/rtabmap_ros/docker/jazzy/latest) by extension 'colcon_meta'
[0.193s] Level 1:colcon.colcon_core.package_identification:_identify(src/rtabmap_ros/docker/jazzy/latest) by extensions ['ros']
[0.193s] Level 1:colcon.colcon_core.package_identification:_identify(src/rtabmap_ros/docker/jazzy/latest) by extension 'ros'
[0.193s] Level 1:colcon.colcon_core.package_identification:_identify(src/rtabmap_ros/docker/jazzy/latest) by extensions ['cmake', 'python']
[0.193s] Level 1:colcon.colcon_core.package_identification:_identify(src/rtabmap_ros/docker/jazzy/latest) by extension 'cmake'
[0.193s] Level 1:colcon.colcon_core.package_identification:_identify(src/rtabmap_ros/docker/jazzy/latest) by extension 'python'
[0.193s] Level 1:colcon.colcon_core.package_identification:_identify(src/rtabmap_ros/docker/jazzy/latest) by extensions ['python_setup_py']
[0.193s] Level 1:colcon.colcon_core.package_identification:_identify(src/rtabmap_ros/docker/jazzy/latest) by extension 'python_setup_py'
[0.193s] Level 1:colcon.colcon_core.package_identification:_identify(src/rtabmap_ros/docker/kilted) by extensions ['ignore', 'ignore_ament_install']
[0.193s] Level 1:colcon.colcon_core.package_identification:_identify(src/rtabmap_ros/docker/kilted) by extension 'ignore'
[0.193s] Level 1:colcon.colcon_core.package_identification:_identify(src/rtabmap_ros/docker/kilted) by extension 'ignore_ament_install'
[0.193s] Level 1:colcon.colcon_core.package_identification:_identify(src/rtabmap_ros/docker/kilted) by extensions ['colcon_pkg']
[0.193s] Level 1:colcon.colcon_core.package_identification:_identify(src/rtabmap_ros/docker/kilted) by extension 'colcon_pkg'
[0.193s] Level 1:colcon.colcon_core.package_identification:_identify(src/rtabmap_ros/docker/kilted) by extensions ['colcon_meta']
[0.193s] Level 1:colcon.colcon_core.package_identification:_identify(src/rtabmap_ros/docker/kilted) by extension 'colcon_meta'
[0.193s] Level 1:colcon.colcon_core.package_identification:_identify(src/rtabmap_ros/docker/kilted) by extensions ['ros']
[0.193s] Level 1:colcon.colcon_core.package_identification:_identify(src/rtabmap_ros/docker/kilted) by extension 'ros'
[0.193s] Level 1:colcon.colcon_core.package_identification:_identify(src/rtabmap_ros/docker/kilted) by extensions ['cmake', 'python']
[0.193s] Level 1:colcon.colcon_core.package_identification:_identify(src/rtabmap_ros/docker/kilted) by extension 'cmake'
[0.193s] Level 1:colcon.colcon_core.package_identification:_identify(src/rtabmap_ros/docker/kilted) by extension 'python'
[0.193s] Level 1:colcon.colcon_core.package_identification:_identify(src/rtabmap_ros/docker/kilted) by extensions ['python_setup_py']
[0.193s] Level 1:colcon.colcon_core.package_identification:_identify(src/rtabmap_ros/docker/kilted) by extension 'python_setup_py'
[0.193s] Level 1:colcon.colcon_core.package_identification:_identify(src/rtabmap_ros/docker/kilted/latest) by extensions ['ignore', 'ignore_ament_install']
[0.193s] Level 1:colcon.colcon_core.package_identification:_identify(src/rtabmap_ros/docker/kilted/latest) by extension 'ignore'
[0.193s] Level 1:colcon.colcon_core.package_identification:_identify(src/rtabmap_ros/docker/kilted/latest) by extension 'ignore_ament_install'
[0.193s] Level 1:colcon.colcon_core.package_identification:_identify(src/rtabmap_ros/docker/kilted/latest) by extensions ['colcon_pkg']
[0.193s] Level 1:colcon.colcon_core.package_identification:_identify(src/rtabmap_ros/docker/kilted/latest) by extension 'colcon_pkg'
[0.193s] Level 1:colcon.colcon_core.package_identification:_identify(src/rtabmap_ros/docker/kilted/latest) by extensions ['colcon_meta']
[0.193s] Level 1:colcon.colcon_core.package_identification:_identify(src/rtabmap_ros/docker/kilted/latest) by extension 'colcon_meta'
[0.193s] Level 1:colcon.colcon_core.package_identification:_identify(src/rtabmap_ros/docker/kilted/latest) by extensions ['ros']
[0.193s] Level 1:colcon.colcon_core.package_identification:_identify(src/rtabmap_ros/docker/kilted/latest) by extension 'ros'
[0.193s] Level 1:colcon.colcon_core.package_identification:_identify(src/rtabmap_ros/docker/kilted/latest) by extensions ['cmake', 'python']
[0.193s] Level 1:colcon.colcon_core.package_identification:_identify(src/rtabmap_ros/docker/kilted/latest) by extension 'cmake'
[0.193s] Level 1:colcon.colcon_core.package_identification:_identify(src/rtabmap_ros/docker/kilted/latest) by extension 'python'
[0.194s] Level 1:colcon.colcon_core.package_identification:_identify(src/rtabmap_ros/docker/kilted/latest) by extensions ['python_setup_py']
[0.194s] Level 1:colcon.colcon_core.package_identification:_identify(src/rtabmap_ros/docker/kilted/latest) by extension 'python_setup_py'
[0.194s] Level 1:colcon.colcon_core.package_identification:_identify(src/rtabmap_ros/docker/kinetic) by extensions ['ignore', 'ignore_ament_install']
[0.194s] Level 1:colcon.colcon_core.package_identification:_identify(src/rtabmap_ros/docker/kinetic) by extension 'ignore'
[0.194s] Level 1:colcon.colcon_core.package_identification:_identify(src/rtabmap_ros/docker/kinetic) by extension 'ignore_ament_install'
[0.194s] Level 1:colcon.colcon_core.package_identification:_identify(src/rtabmap_ros/docker/kinetic) by extensions ['colcon_pkg']
[0.194s] Level 1:colcon.colcon_core.package_identification:_identify(src/rtabmap_ros/docker/kinetic) by extension 'colcon_pkg'
[0.194s] Level 1:colcon.colcon_core.package_identification:_identify(src/rtabmap_ros/docker/kinetic) by extensions ['colcon_meta']
[0.194s] Level 1:colcon.colcon_core.package_identification:_identify(src/rtabmap_ros/docker/kinetic) by extension 'colcon_meta'
[0.194s] Level 1:colcon.colcon_core.package_identification:_identify(src/rtabmap_ros/docker/kinetic) by extensions ['ros']
[0.194s] Level 1:colcon.colcon_core.package_identification:_identify(src/rtabmap_ros/docker/kinetic) by extension 'ros'
[0.194s] Level 1:colcon.colcon_core.package_identification:_identify(src/rtabmap_ros/docker/kinetic) by extensions ['cmake', 'python']
[0.194s] Level 1:colcon.colcon_core.package_identification:_identify(src/rtabmap_ros/docker/kinetic) by extension 'cmake'
[0.194s] Level 1:colcon.colcon_core.package_identification:_identify(src/rtabmap_ros/docker/kinetic) by extension 'python'
[0.194s] Level 1:colcon.colcon_core.package_identification:_identify(src/rtabmap_ros/docker/kinetic) by extensions ['python_setup_py']
[0.194s] Level 1:colcon.colcon_core.package_identification:_identify(src/rtabmap_ros/docker/kinetic) by extension 'python_setup_py'
[0.194s] Level 1:colcon.colcon_core.package_identification:_identify(src/rtabmap_ros/docker/kinetic/latest) by extensions ['ignore', 'ignore_ament_install']
[0.194s] Level 1:colcon.colcon_core.package_identification:_identify(src/rtabmap_ros/docker/kinetic/latest) by extension 'ignore'
[0.194s] Level 1:colcon.colcon_core.package_identification:_identify(src/rtabmap_ros/docker/kinetic/latest) by extension 'ignore_ament_install'
[0.194s] Level 1:colcon.colcon_core.package_identification:_identify(src/rtabmap_ros/docker/kinetic/latest) by extensions ['colcon_pkg']
[0.194s] Level 1:colcon.colcon_core.package_identification:_identify(src/rtabmap_ros/docker/kinetic/latest) by extension 'colcon_pkg'
[0.194s] Level 1:colcon.colcon_core.package_identification:_identify(src/rtabmap_ros/docker/kinetic/latest) by extensions ['colcon_meta']
[0.194s] Level 1:colcon.colcon_core.package_identification:_identify(src/rtabmap_ros/docker/kinetic/latest) by extension 'colcon_meta'
[0.194s] Level 1:colcon.colcon_core.package_identification:_identify(src/rtabmap_ros/docker/kinetic/latest) by extensions ['ros']
[0.194s] Level 1:colcon.colcon_core.package_identification:_identify(src/rtabmap_ros/docker/kinetic/latest) by extension 'ros'
[0.194s] Level 1:colcon.colcon_core.package_identification:_identify(src/rtabmap_ros/docker/kinetic/latest) by extensions ['cmake', 'python']
[0.194s] Level 1:colcon.colcon_core.package_identification:_identify(src/rtabmap_ros/docker/kinetic/latest) by extension 'cmake'
[0.194s] Level 1:colcon.colcon_core.package_identification:_identify(src/rtabmap_ros/docker/kinetic/latest) by extension 'python'
[0.194s] Level 1:colcon.colcon_core.package_identification:_identify(src/rtabmap_ros/docker/kinetic/latest) by extensions ['python_setup_py']
[0.194s] Level 1:colcon.colcon_core.package_identification:_identify(src/rtabmap_ros/docker/kinetic/latest) by extension 'python_setup_py'
[0.194s] Level 1:colcon.colcon_core.package_identification:_identify(src/rtabmap_ros/docker/kinetic/latest/hooks) by extensions ['ignore', 'ignore_ament_install']
[0.194s] Level 1:colcon.colcon_core.package_identification:_identify(src/rtabmap_ros/docker/kinetic/latest/hooks) by extension 'ignore'
[0.194s] Level 1:colcon.colcon_core.package_identification:_identify(src/rtabmap_ros/docker/kinetic/latest/hooks) by extension 'ignore_ament_install'
[0.194s] Level 1:colcon.colcon_core.package_identification:_identify(src/rtabmap_ros/docker/kinetic/latest/hooks) by extensions ['colcon_pkg']
[0.194s] Level 1:colcon.colcon_core.package_identification:_identify(src/rtabmap_ros/docker/kinetic/latest/hooks) by extension 'colcon_pkg'
[0.194s] Level 1:colcon.colcon_core.package_identification:_identify(src/rtabmap_ros/docker/kinetic/latest/hooks) by extensions ['colcon_meta']
[0.194s] Level 1:colcon.colcon_core.package_identification:_identify(src/rtabmap_ros/docker/kinetic/latest/hooks) by extension 'colcon_meta'
[0.194s] Level 1:colcon.colcon_core.package_identification:_identify(src/rtabmap_ros/docker/kinetic/latest/hooks) by extensions ['ros']
[0.194s] Level 1:colcon.colcon_core.package_identification:_identify(src/rtabmap_ros/docker/kinetic/latest/hooks) by extension 'ros'
[0.194s] Level 1:colcon.colcon_core.package_identification:_identify(src/rtabmap_ros/docker/kinetic/latest/hooks) by extensions ['cmake', 'python']
[0.195s] Level 1:colcon.colcon_core.package_identification:_identify(src/rtabmap_ros/docker/kinetic/latest/hooks) by extension 'cmake'
[0.195s] Level 1:colcon.colcon_core.package_identification:_identify(src/rtabmap_ros/docker/kinetic/latest/hooks) by extension 'python'
[0.195s] Level 1:colcon.colcon_core.package_identification:_identify(src/rtabmap_ros/docker/kinetic/latest/hooks) by extensions ['python_setup_py']
[0.195s] Level 1:colcon.colcon_core.package_identification:_identify(src/rtabmap_ros/docker/kinetic/latest/hooks) by extension 'python_setup_py'
[0.195s] Level 1:colcon.colcon_core.package_identification:_identify(src/rtabmap_ros/docker/melodic) by extensions ['ignore', 'ignore_ament_install']
[0.195s] Level 1:colcon.colcon_core.package_identification:_identify(src/rtabmap_ros/docker/melodic) by extension 'ignore'
[0.195s] Level 1:colcon.colcon_core.package_identification:_identify(src/rtabmap_ros/docker/melodic) by extension 'ignore_ament_install'
[0.195s] Level 1:colcon.colcon_core.package_identification:_identify(src/rtabmap_ros/docker/melodic) by extensions ['colcon_pkg']
[0.195s] Level 1:colcon.colcon_core.package_identification:_identify(src/rtabmap_ros/docker/melodic) by extension 'colcon_pkg'
[0.195s] Level 1:colcon.colcon_core.package_identification:_identify(src/rtabmap_ros/docker/melodic) by extensions ['colcon_meta']
[0.195s] Level 1:colcon.colcon_core.package_identification:_identify(src/rtabmap_ros/docker/melodic) by extension 'colcon_meta'
[0.195s] Level 1:colcon.colcon_core.package_identification:_identify(src/rtabmap_ros/docker/melodic) by extensions ['ros']
[0.195s] Level 1:colcon.colcon_core.package_identification:_identify(src/rtabmap_ros/docker/melodic) by extension 'ros'
[0.195s] Level 1:colcon.colcon_core.package_identification:_identify(src/rtabmap_ros/docker/melodic) by extensions ['cmake', 'python']
[0.195s] Level 1:colcon.colcon_core.package_identification:_identify(src/rtabmap_ros/docker/melodic) by extension 'cmake'
[0.195s] Level 1:colcon.colcon_core.package_identification:_identify(src/rtabmap_ros/docker/melodic) by extension 'python'
[0.195s] Level 1:colcon.colcon_core.package_identification:_identify(src/rtabmap_ros/docker/melodic) by extensions ['python_setup_py']
[0.195s] Level 1:colcon.colcon_core.package_identification:_identify(src/rtabmap_ros/docker/melodic) by extension 'python_setup_py'
[0.195s] Level 1:colcon.colcon_core.package_identification:_identify(src/rtabmap_ros/docker/melodic/latest) by extensions ['ignore', 'ignore_ament_install']
[0.195s] Level 1:colcon.colcon_core.package_identification:_identify(src/rtabmap_ros/docker/melodic/latest) by extension 'ignore'
[0.195s] Level 1:colcon.colcon_core.package_identification:_identify(src/rtabmap_ros/docker/melodic/latest) by extension 'ignore_ament_install'
[0.195s] Level 1:colcon.colcon_core.package_identification:_identify(src/rtabmap_ros/docker/melodic/latest) by extensions ['colcon_pkg']
[0.195s] Level 1:colcon.colcon_core.package_identification:_identify(src/rtabmap_ros/docker/melodic/latest) by extension 'colcon_pkg'
[0.195s] Level 1:colcon.colcon_core.package_identification:_identify(src/rtabmap_ros/docker/melodic/latest) by extensions ['colcon_meta']
[0.195s] Level 1:colcon.colcon_core.package_identification:_identify(src/rtabmap_ros/docker/melodic/latest) by extension 'colcon_meta'
[0.195s] Level 1:colcon.colcon_core.package_identification:_identify(src/rtabmap_ros/docker/melodic/latest) by extensions ['ros']
[0.195s] Level 1:colcon.colcon_core.package_identification:_identify(src/rtabmap_ros/docker/melodic/latest) by extension 'ros'
[0.195s] Level 1:colcon.colcon_core.package_identification:_identify(src/rtabmap_ros/docker/melodic/latest) by extensions ['cmake', 'python']
[0.195s] Level 1:colcon.colcon_core.package_identification:_identify(src/rtabmap_ros/docker/melodic/latest) by extension 'cmake'
[0.195s] Level 1:colcon.colcon_core.package_identification:_identify(src/rtabmap_ros/docker/melodic/latest) by extension 'python'
[0.195s] Level 1:colcon.colcon_core.package_identification:_identify(src/rtabmap_ros/docker/melodic/latest) by extensions ['python_setup_py']
[0.195s] Level 1:colcon.colcon_core.package_identification:_identify(src/rtabmap_ros/docker/melodic/latest) by extension 'python_setup_py'
[0.195s] Level 1:colcon.colcon_core.package_identification:_identify(src/rtabmap_ros/docker/melodic/latest/hooks) by extensions ['ignore', 'ignore_ament_install']
[0.195s] Level 1:colcon.colcon_core.package_identification:_identify(src/rtabmap_ros/docker/melodic/latest/hooks) by extension 'ignore'
[0.195s] Level 1:colcon.colcon_core.package_identification:_identify(src/rtabmap_ros/docker/melodic/latest/hooks) by extension 'ignore_ament_install'
[0.195s] Level 1:colcon.colcon_core.package_identification:_identify(src/rtabmap_ros/docker/melodic/latest/hooks) by extensions ['colcon_pkg']
[0.195s] Level 1:colcon.colcon_core.package_identification:_identify(src/rtabmap_ros/docker/melodic/latest/hooks) by extension 'colcon_pkg'
[0.195s] Level 1:colcon.colcon_core.package_identification:_identify(src/rtabmap_ros/docker/melodic/latest/hooks) by extensions ['colcon_meta']
[0.195s] Level 1:colcon.colcon_core.package_identification:_identify(src/rtabmap_ros/docker/melodic/latest/hooks) by extension 'colcon_meta'
[0.195s] Level 1:colcon.colcon_core.package_identification:_identify(src/rtabmap_ros/docker/melodic/latest/hooks) by extensions ['ros']
[0.195s] Level 1:colcon.colcon_core.package_identification:_identify(src/rtabmap_ros/docker/melodic/latest/hooks) by extension 'ros'
[0.196s] Level 1:colcon.colcon_core.package_identification:_identify(src/rtabmap_ros/docker/melodic/latest/hooks) by extensions ['cmake', 'python']
[0.196s] Level 1:colcon.colcon_core.package_identification:_identify(src/rtabmap_ros/docker/melodic/latest/hooks) by extension 'cmake'
[0.196s] Level 1:colcon.colcon_core.package_identification:_identify(src/rtabmap_ros/docker/melodic/latest/hooks) by extension 'python'
[0.196s] Level 1:colcon.colcon_core.package_identification:_identify(src/rtabmap_ros/docker/melodic/latest/hooks) by extensions ['python_setup_py']
[0.196s] Level 1:colcon.colcon_core.package_identification:_identify(src/rtabmap_ros/docker/melodic/latest/hooks) by extension 'python_setup_py'
[0.196s] Level 1:colcon.colcon_core.package_identification:_identify(src/rtabmap_ros/docker/noetic) by extensions ['ignore', 'ignore_ament_install']
[0.196s] Level 1:colcon.colcon_core.package_identification:_identify(src/rtabmap_ros/docker/noetic) by extension 'ignore'
[0.196s] Level 1:colcon.colcon_core.package_identification:_identify(src/rtabmap_ros/docker/noetic) by extension 'ignore_ament_install'
[0.196s] Level 1:colcon.colcon_core.package_identification:_identify(src/rtabmap_ros/docker/noetic) by extensions ['colcon_pkg']
[0.196s] Level 1:colcon.colcon_core.package_identification:_identify(src/rtabmap_ros/docker/noetic) by extension 'colcon_pkg'
[0.196s] Level 1:colcon.colcon_core.package_identification:_identify(src/rtabmap_ros/docker/noetic) by extensions ['colcon_meta']
[0.196s] Level 1:colcon.colcon_core.package_identification:_identify(src/rtabmap_ros/docker/noetic) by extension 'colcon_meta'
[0.196s] Level 1:colcon.colcon_core.package_identification:_identify(src/rtabmap_ros/docker/noetic) by extensions ['ros']
[0.196s] Level 1:colcon.colcon_core.package_identification:_identify(src/rtabmap_ros/docker/noetic) by extension 'ros'
[0.196s] Level 1:colcon.colcon_core.package_identification:_identify(src/rtabmap_ros/docker/noetic) by extensions ['cmake', 'python']
[0.196s] Level 1:colcon.colcon_core.package_identification:_identify(src/rtabmap_ros/docker/noetic) by extension 'cmake'
[0.196s] Level 1:colcon.colcon_core.package_identification:_identify(src/rtabmap_ros/docker/noetic) by extension 'python'
[0.196s] Level 1:colcon.colcon_core.package_identification:_identify(src/rtabmap_ros/docker/noetic) by extensions ['python_setup_py']
[0.196s] Level 1:colcon.colcon_core.package_identification:_identify(src/rtabmap_ros/docker/noetic) by extension 'python_setup_py'
[0.196s] Level 1:colcon.colcon_core.package_identification:_identify(src/rtabmap_ros/docker/noetic/latest) by extensions ['ignore', 'ignore_ament_install']
[0.196s] Level 1:colcon.colcon_core.package_identification:_identify(src/rtabmap_ros/docker/noetic/latest) by extension 'ignore'
[0.196s] Level 1:colcon.colcon_core.package_identification:_identify(src/rtabmap_ros/docker/noetic/latest) by extension 'ignore_ament_install'
[0.196s] Level 1:colcon.colcon_core.package_identification:_identify(src/rtabmap_ros/docker/noetic/latest) by extensions ['colcon_pkg']
[0.196s] Level 1:colcon.colcon_core.package_identification:_identify(src/rtabmap_ros/docker/noetic/latest) by extension 'colcon_pkg'
[0.196s] Level 1:colcon.colcon_core.package_identification:_identify(src/rtabmap_ros/docker/noetic/latest) by extensions ['colcon_meta']
[0.196s] Level 1:colcon.colcon_core.package_identification:_identify(src/rtabmap_ros/docker/noetic/latest) by extension 'colcon_meta'
[0.196s] Level 1:colcon.colcon_core.package_identification:_identify(src/rtabmap_ros/docker/noetic/latest) by extensions ['ros']
[0.196s] Level 1:colcon.colcon_core.package_identification:_identify(src/rtabmap_ros/docker/noetic/latest) by extension 'ros'
[0.196s] Level 1:colcon.colcon_core.package_identification:_identify(src/rtabmap_ros/docker/noetic/latest) by extensions ['cmake', 'python']
[0.196s] Level 1:colcon.colcon_core.package_identification:_identify(src/rtabmap_ros/docker/noetic/latest) by extension 'cmake'
[0.196s] Level 1:colcon.colcon_core.package_identification:_identify(src/rtabmap_ros/docker/noetic/latest) by extension 'python'
[0.196s] Level 1:colcon.colcon_core.package_identification:_identify(src/rtabmap_ros/docker/noetic/latest) by extensions ['python_setup_py']
[0.196s] Level 1:colcon.colcon_core.package_identification:_identify(src/rtabmap_ros/docker/noetic/latest) by extension 'python_setup_py'
[0.196s] Level 1:colcon.colcon_core.package_identification:_identify(src/rtabmap_ros/docker/noetic/latest/hooks) by extensions ['ignore', 'ignore_ament_install']
[0.196s] Level 1:colcon.colcon_core.package_identification:_identify(src/rtabmap_ros/docker/noetic/latest/hooks) by extension 'ignore'
[0.196s] Level 1:colcon.colcon_core.package_identification:_identify(src/rtabmap_ros/docker/noetic/latest/hooks) by extension 'ignore_ament_install'
[0.196s] Level 1:colcon.colcon_core.package_identification:_identify(src/rtabmap_ros/docker/noetic/latest/hooks) by extensions ['colcon_pkg']
[0.196s] Level 1:colcon.colcon_core.package_identification:_identify(src/rtabmap_ros/docker/noetic/latest/hooks) by extension 'colcon_pkg'
[0.196s] Level 1:colcon.colcon_core.package_identification:_identify(src/rtabmap_ros/docker/noetic/latest/hooks) by extensions ['colcon_meta']
[0.196s] Level 1:colcon.colcon_core.package_identification:_identify(src/rtabmap_ros/docker/noetic/latest/hooks) by extension 'colcon_meta'
[0.196s] Level 1:colcon.colcon_core.package_identification:_identify(src/rtabmap_ros/docker/noetic/latest/hooks) by extensions ['ros']
[0.196s] Level 1:colcon.colcon_core.package_identification:_identify(src/rtabmap_ros/docker/noetic/latest/hooks) by extension 'ros'
[0.197s] Level 1:colcon.colcon_core.package_identification:_identify(src/rtabmap_ros/docker/noetic/latest/hooks) by extensions ['cmake', 'python']
[0.197s] Level 1:colcon.colcon_core.package_identification:_identify(src/rtabmap_ros/docker/noetic/latest/hooks) by extension 'cmake'
[0.197s] Level 1:colcon.colcon_core.package_identification:_identify(src/rtabmap_ros/docker/noetic/latest/hooks) by extension 'python'
[0.197s] Level 1:colcon.colcon_core.package_identification:_identify(src/rtabmap_ros/docker/noetic/latest/hooks) by extensions ['python_setup_py']
[0.197s] Level 1:colcon.colcon_core.package_identification:_identify(src/rtabmap_ros/docker/noetic/latest/hooks) by extension 'python_setup_py'
[0.197s] Level 1:colcon.colcon_core.package_identification:_identify(src/rtabmap_ros/docker/noetic/superpoint) by extensions ['ignore', 'ignore_ament_install']
[0.197s] Level 1:colcon.colcon_core.package_identification:_identify(src/rtabmap_ros/docker/noetic/superpoint) by extension 'ignore'
[0.197s] Level 1:colcon.colcon_core.package_identification:_identify(src/rtabmap_ros/docker/noetic/superpoint) by extension 'ignore_ament_install'
[0.197s] Level 1:colcon.colcon_core.package_identification:_identify(src/rtabmap_ros/docker/noetic/superpoint) by extensions ['colcon_pkg']
[0.197s] Level 1:colcon.colcon_core.package_identification:_identify(src/rtabmap_ros/docker/noetic/superpoint) by extension 'colcon_pkg'
[0.197s] Level 1:colcon.colcon_core.package_identification:_identify(src/rtabmap_ros/docker/noetic/superpoint) by extensions ['colcon_meta']
[0.197s] Level 1:colcon.colcon_core.package_identification:_identify(src/rtabmap_ros/docker/noetic/superpoint) by extension 'colcon_meta'
[0.197s] Level 1:colcon.colcon_core.package_identification:_identify(src/rtabmap_ros/docker/noetic/superpoint) by extensions ['ros']
[0.197s] Level 1:colcon.colcon_core.package_identification:_identify(src/rtabmap_ros/docker/noetic/superpoint) by extension 'ros'
[0.197s] Level 1:colcon.colcon_core.package_identification:_identify(src/rtabmap_ros/docker/noetic/superpoint) by extensions ['cmake', 'python']
[0.197s] Level 1:colcon.colcon_core.package_identification:_identify(src/rtabmap_ros/docker/noetic/superpoint) by extension 'cmake'
[0.197s] Level 1:colcon.colcon_core.package_identification:_identify(src/rtabmap_ros/docker/noetic/superpoint) by extension 'python'
[0.197s] Level 1:colcon.colcon_core.package_identification:_identify(src/rtabmap_ros/docker/noetic/superpoint) by extensions ['python_setup_py']
[0.197s] Level 1:colcon.colcon_core.package_identification:_identify(src/rtabmap_ros/docker/noetic/superpoint) by extension 'python_setup_py'
[0.197s] Level 1:colcon.colcon_core.package_identification:_identify(src/rtabmap_ros/rtabmap_conversions) by extensions ['ignore', 'ignore_ament_install']
[0.197s] Level 1:colcon.colcon_core.package_identification:_identify(src/rtabmap_ros/rtabmap_conversions) by extension 'ignore'
[0.197s] Level 1:colcon.colcon_core.package_identification:_identify(src/rtabmap_ros/rtabmap_conversions) by extension 'ignore_ament_install'
[0.197s] Level 1:colcon.colcon_core.package_identification:_identify(src/rtabmap_ros/rtabmap_conversions) by extensions ['colcon_pkg']
[0.197s] Level 1:colcon.colcon_core.package_identification:_identify(src/rtabmap_ros/rtabmap_conversions) by extension 'colcon_pkg'
[0.197s] Level 1:colcon.colcon_core.package_identification:_identify(src/rtabmap_ros/rtabmap_conversions) by extensions ['colcon_meta']
[0.197s] Level 1:colcon.colcon_core.package_identification:_identify(src/rtabmap_ros/rtabmap_conversions) by extension 'colcon_meta'
[0.197s] Level 1:colcon.colcon_core.package_identification:_identify(src/rtabmap_ros/rtabmap_conversions) by extensions ['ros']
[0.197s] Level 1:colcon.colcon_core.package_identification:_identify(src/rtabmap_ros/rtabmap_conversions) by extension 'ros'
[0.198s] DEBUG:colcon.colcon_core.package_identification:Package 'src/rtabmap_ros/rtabmap_conversions' with type 'ros.ament_cmake' and name 'rtabmap_conversions'
[0.198s] Level 1:colcon.colcon_core.package_identification:_identify(src/rtabmap_ros/rtabmap_demos) by extensions ['ignore', 'ignore_ament_install']
[0.198s] Level 1:colcon.colcon_core.package_identification:_identify(src/rtabmap_ros/rtabmap_demos) by extension 'ignore'
[0.198s] Level 1:colcon.colcon_core.package_identification:_identify(src/rtabmap_ros/rtabmap_demos) by extension 'ignore_ament_install'
[0.198s] Level 1:colcon.colcon_core.package_identification:_identify(src/rtabmap_ros/rtabmap_demos) by extensions ['colcon_pkg']
[0.198s] Level 1:colcon.colcon_core.package_identification:_identify(src/rtabmap_ros/rtabmap_demos) by extension 'colcon_pkg'
[0.198s] Level 1:colcon.colcon_core.package_identification:_identify(src/rtabmap_ros/rtabmap_demos) by extensions ['colcon_meta']
[0.198s] Level 1:colcon.colcon_core.package_identification:_identify(src/rtabmap_ros/rtabmap_demos) by extension 'colcon_meta'
[0.198s] Level 1:colcon.colcon_core.package_identification:_identify(src/rtabmap_ros/rtabmap_demos) by extensions ['ros']
[0.198s] Level 1:colcon.colcon_core.package_identification:_identify(src/rtabmap_ros/rtabmap_demos) by extension 'ros'
[0.199s] DEBUG:colcon.colcon_core.package_identification:Package 'src/rtabmap_ros/rtabmap_demos' with type 'ros.ament_cmake' and name 'rtabmap_demos'
[0.199s] Level 1:colcon.colcon_core.package_identification:_identify(src/rtabmap_ros/rtabmap_examples) by extensions ['ignore', 'ignore_ament_install']
[0.199s] Level 1:colcon.colcon_core.package_identification:_identify(src/rtabmap_ros/rtabmap_examples) by extension 'ignore'
[0.199s] Level 1:colcon.colcon_core.package_identification:_identify(src/rtabmap_ros/rtabmap_examples) by extension 'ignore_ament_install'
[0.199s] Level 1:colcon.colcon_core.package_identification:_identify(src/rtabmap_ros/rtabmap_examples) by extensions ['colcon_pkg']
[0.199s] Level 1:colcon.colcon_core.package_identification:_identify(src/rtabmap_ros/rtabmap_examples) by extension 'colcon_pkg'
[0.199s] Level 1:colcon.colcon_core.package_identification:_identify(src/rtabmap_ros/rtabmap_examples) by extensions ['colcon_meta']
[0.199s] Level 1:colcon.colcon_core.package_identification:_identify(src/rtabmap_ros/rtabmap_examples) by extension 'colcon_meta'
[0.199s] Level 1:colcon.colcon_core.package_identification:_identify(src/rtabmap_ros/rtabmap_examples) by extensions ['ros']
[0.199s] Level 1:colcon.colcon_core.package_identification:_identify(src/rtabmap_ros/rtabmap_examples) by extension 'ros'
[0.199s] DEBUG:colcon.colcon_core.package_identification:Package 'src/rtabmap_ros/rtabmap_examples' with type 'ros.ament_cmake' and name 'rtabmap_examples'
[0.200s] Level 1:colcon.colcon_core.package_identification:_identify(src/rtabmap_ros/rtabmap_launch) by extensions ['ignore', 'ignore_ament_install']
[0.200s] Level 1:colcon.colcon_core.package_identification:_identify(src/rtabmap_ros/rtabmap_launch) by extension 'ignore'
[0.200s] Level 1:colcon.colcon_core.package_identification:_identify(src/rtabmap_ros/rtabmap_launch) by extension 'ignore_ament_install'
[0.200s] Level 1:colcon.colcon_core.package_identification:_identify(src/rtabmap_ros/rtabmap_launch) by extensions ['colcon_pkg']
[0.200s] Level 1:colcon.colcon_core.package_identification:_identify(src/rtabmap_ros/rtabmap_launch) by extension 'colcon_pkg'
[0.200s] Level 1:colcon.colcon_core.package_identification:_identify(src/rtabmap_ros/rtabmap_launch) by extensions ['colcon_meta']
[0.200s] Level 1:colcon.colcon_core.package_identification:_identify(src/rtabmap_ros/rtabmap_launch) by extension 'colcon_meta'
[0.200s] Level 1:colcon.colcon_core.package_identification:_identify(src/rtabmap_ros/rtabmap_launch) by extensions ['ros']
[0.200s] Level 1:colcon.colcon_core.package_identification:_identify(src/rtabmap_ros/rtabmap_launch) by extension 'ros'
[0.200s] DEBUG:colcon.colcon_core.package_identification:Package 'src/rtabmap_ros/rtabmap_launch' with type 'ros.ament_cmake' and name 'rtabmap_launch'
[0.200s] Level 1:colcon.colcon_core.package_identification:_identify(src/rtabmap_ros/rtabmap_msgs) by extensions ['ignore', 'ignore_ament_install']
[0.200s] Level 1:colcon.colcon_core.package_identification:_identify(src/rtabmap_ros/rtabmap_msgs) by extension 'ignore'
[0.200s] Level 1:colcon.colcon_core.package_identification:_identify(src/rtabmap_ros/rtabmap_msgs) by extension 'ignore_ament_install'
[0.200s] Level 1:colcon.colcon_core.package_identification:_identify(src/rtabmap_ros/rtabmap_msgs) by extensions ['colcon_pkg']
[0.200s] Level 1:colcon.colcon_core.package_identification:_identify(src/rtabmap_ros/rtabmap_msgs) by extension 'colcon_pkg'
[0.200s] Level 1:colcon.colcon_core.package_identification:_identify(src/rtabmap_ros/rtabmap_msgs) by extensions ['colcon_meta']
[0.200s] Level 1:colcon.colcon_core.package_identification:_identify(src/rtabmap_ros/rtabmap_msgs) by extension 'colcon_meta'
[0.200s] Level 1:colcon.colcon_core.package_identification:_identify(src/rtabmap_ros/rtabmap_msgs) by extensions ['ros']
[0.200s] Level 1:colcon.colcon_core.package_identification:_identify(src/rtabmap_ros/rtabmap_msgs) by extension 'ros'
[0.201s] DEBUG:colcon.colcon_core.package_identification:Package 'src/rtabmap_ros/rtabmap_msgs' with type 'ros.ament_cmake' and name 'rtabmap_msgs'
[0.201s] Level 1:colcon.colcon_core.package_identification:_identify(src/rtabmap_ros/rtabmap_odom) by extensions ['ignore', 'ignore_ament_install']
[0.201s] Level 1:colcon.colcon_core.package_identification:_identify(src/rtabmap_ros/rtabmap_odom) by extension 'ignore'
[0.201s] Level 1:colcon.colcon_core.package_identification:_identify(src/rtabmap_ros/rtabmap_odom) by extension 'ignore_ament_install'
[0.201s] Level 1:colcon.colcon_core.package_identification:_identify(src/rtabmap_ros/rtabmap_odom) by extensions ['colcon_pkg']
[0.201s] Level 1:colcon.colcon_core.package_identification:_identify(src/rtabmap_ros/rtabmap_odom) by extension 'colcon_pkg'
[0.201s] Level 1:colcon.colcon_core.package_identification:_identify(src/rtabmap_ros/rtabmap_odom) by extensions ['colcon_meta']
[0.201s] Level 1:colcon.colcon_core.package_identification:_identify(src/rtabmap_ros/rtabmap_odom) by extension 'colcon_meta'
[0.201s] Level 1:colcon.colcon_core.package_identification:_identify(src/rtabmap_ros/rtabmap_odom) by extensions ['ros']
[0.201s] Level 1:colcon.colcon_core.package_identification:_identify(src/rtabmap_ros/rtabmap_odom) by extension 'ros'
[0.202s] DEBUG:colcon.colcon_core.package_identification:Package 'src/rtabmap_ros/rtabmap_odom' with type 'ros.ament_cmake' and name 'rtabmap_odom'
[0.202s] Level 1:colcon.colcon_core.package_identification:_identify(src/rtabmap_ros/rtabmap_python) by extensions ['ignore', 'ignore_ament_install']
[0.202s] Level 1:colcon.colcon_core.package_identification:_identify(src/rtabmap_ros/rtabmap_python) by extension 'ignore'
[0.202s] Level 1:colcon.colcon_core.package_identification:_identify(src/rtabmap_ros/rtabmap_python) by extension 'ignore_ament_install'
[0.202s] Level 1:colcon.colcon_core.package_identification:_identify(src/rtabmap_ros/rtabmap_python) by extensions ['colcon_pkg']
[0.202s] Level 1:colcon.colcon_core.package_identification:_identify(src/rtabmap_ros/rtabmap_python) by extension 'colcon_pkg'
[0.202s] Level 1:colcon.colcon_core.package_identification:_identify(src/rtabmap_ros/rtabmap_python) by extensions ['colcon_meta']
[0.202s] Level 1:colcon.colcon_core.package_identification:_identify(src/rtabmap_ros/rtabmap_python) by extension 'colcon_meta'
[0.202s] Level 1:colcon.colcon_core.package_identification:_identify(src/rtabmap_ros/rtabmap_python) by extensions ['ros']
[0.203s] Level 1:colcon.colcon_core.package_identification:_identify(src/rtabmap_ros/rtabmap_python) by extension 'ros'
[0.203s] DEBUG:colcon.colcon_core.package_identification:Package 'src/rtabmap_ros/rtabmap_python' with type 'ros.ament_python' and name 'rtabmap_python'
[0.203s] Level 1:colcon.colcon_core.package_identification:_identify(src/rtabmap_ros/rtabmap_ros) by extensions ['ignore', 'ignore_ament_install']
[0.203s] Level 1:colcon.colcon_core.package_identification:_identify(src/rtabmap_ros/rtabmap_ros) by extension 'ignore'
[0.203s] Level 1:colcon.colcon_core.package_identification:_identify(src/rtabmap_ros/rtabmap_ros) by extension 'ignore_ament_install'
[0.203s] Level 1:colcon.colcon_core.package_identification:_identify(src/rtabmap_ros/rtabmap_ros) by extensions ['colcon_pkg']
[0.203s] Level 1:colcon.colcon_core.package_identification:_identify(src/rtabmap_ros/rtabmap_ros) by extension 'colcon_pkg'
[0.203s] Level 1:colcon.colcon_core.package_identification:_identify(src/rtabmap_ros/rtabmap_ros) by extensions ['colcon_meta']
[0.203s] Level 1:colcon.colcon_core.package_identification:_identify(src/rtabmap_ros/rtabmap_ros) by extension 'colcon_meta'
[0.203s] Level 1:colcon.colcon_core.package_identification:_identify(src/rtabmap_ros/rtabmap_ros) by extensions ['ros']
[0.203s] Level 1:colcon.colcon_core.package_identification:_identify(src/rtabmap_ros/rtabmap_ros) by extension 'ros'
[0.204s] DEBUG:colcon.colcon_core.package_identification:Package 'src/rtabmap_ros/rtabmap_ros' with type 'ros.ament_cmake' and name 'rtabmap_ros'
[0.204s] Level 1:colcon.colcon_core.package_identification:_identify(src/rtabmap_ros/rtabmap_rviz_plugins) by extensions ['ignore', 'ignore_ament_install']
[0.204s] Level 1:colcon.colcon_core.package_identification:_identify(src/rtabmap_ros/rtabmap_rviz_plugins) by extension 'ignore'
[0.204s] Level 1:colcon.colcon_core.package_identification:_identify(src/rtabmap_ros/rtabmap_rviz_plugins) by extension 'ignore_ament_install'
[0.204s] Level 1:colcon.colcon_core.package_identification:_identify(src/rtabmap_ros/rtabmap_rviz_plugins) by extensions ['colcon_pkg']
[0.204s] Level 1:colcon.colcon_core.package_identification:_identify(src/rtabmap_ros/rtabmap_rviz_plugins) by extension 'colcon_pkg'
[0.204s] Level 1:colcon.colcon_core.package_identification:_identify(src/rtabmap_ros/rtabmap_rviz_plugins) by extensions ['colcon_meta']
[0.204s] Level 1:colcon.colcon_core.package_identification:_identify(src/rtabmap_ros/rtabmap_rviz_plugins) by extension 'colcon_meta'
[0.204s] Level 1:colcon.colcon_core.package_identification:_identify(src/rtabmap_ros/rtabmap_rviz_plugins) by extensions ['ros']
[0.204s] Level 1:colcon.colcon_core.package_identification:_identify(src/rtabmap_ros/rtabmap_rviz_plugins) by extension 'ros'
[0.205s] DEBUG:colcon.colcon_core.package_identification:Package 'src/rtabmap_ros/rtabmap_rviz_plugins' with type 'ros.ament_cmake' and name 'rtabmap_rviz_plugins'
[0.205s] Level 1:colcon.colcon_core.package_identification:_identify(src/rtabmap_ros/rtabmap_slam) by extensions ['ignore', 'ignore_ament_install']
[0.205s] Level 1:colcon.colcon_core.package_identification:_identify(src/rtabmap_ros/rtabmap_slam) by extension 'ignore'
[0.205s] Level 1:colcon.colcon_core.package_identification:_identify(src/rtabmap_ros/rtabmap_slam) by extension 'ignore_ament_install'
[0.205s] Level 1:colcon.colcon_core.package_identification:_identify(src/rtabmap_ros/rtabmap_slam) by extensions ['colcon_pkg']
[0.205s] Level 1:colcon.colcon_core.package_identification:_identify(src/rtabmap_ros/rtabmap_slam) by extension 'colcon_pkg'
[0.205s] Level 1:colcon.colcon_core.package_identification:_identify(src/rtabmap_ros/rtabmap_slam) by extensions ['colcon_meta']
[0.205s] Level 1:colcon.colcon_core.package_identification:_identify(src/rtabmap_ros/rtabmap_slam) by extension 'colcon_meta'
[0.205s] Level 1:colcon.colcon_core.package_identification:_identify(src/rtabmap_ros/rtabmap_slam) by extensions ['ros']
[0.205s] Level 1:colcon.colcon_core.package_identification:_identify(src/rtabmap_ros/rtabmap_slam) by extension 'ros'
[0.206s] DEBUG:colcon.colcon_core.package_identification:Package 'src/rtabmap_ros/rtabmap_slam' with type 'ros.ament_cmake' and name 'rtabmap_slam'
[0.206s] Level 1:colcon.colcon_core.package_identification:_identify(src/rtabmap_ros/rtabmap_sync) by extensions ['ignore', 'ignore_ament_install']
[0.206s] Level 1:colcon.colcon_core.package_identification:_identify(src/rtabmap_ros/rtabmap_sync) by extension 'ignore'
[0.206s] Level 1:colcon.colcon_core.package_identification:_identify(src/rtabmap_ros/rtabmap_sync) by extension 'ignore_ament_install'
[0.206s] Level 1:colcon.colcon_core.package_identification:_identify(src/rtabmap_ros/rtabmap_sync) by extensions ['colcon_pkg']
[0.206s] Level 1:colcon.colcon_core.package_identification:_identify(src/rtabmap_ros/rtabmap_sync) by extension 'colcon_pkg'
[0.206s] Level 1:colcon.colcon_core.package_identification:_identify(src/rtabmap_ros/rtabmap_sync) by extensions ['colcon_meta']
[0.206s] Level 1:colcon.colcon_core.package_identification:_identify(src/rtabmap_ros/rtabmap_sync) by extension 'colcon_meta'
[0.206s] Level 1:colcon.colcon_core.package_identification:_identify(src/rtabmap_ros/rtabmap_sync) by extensions ['ros']
[0.206s] Level 1:colcon.colcon_core.package_identification:_identify(src/rtabmap_ros/rtabmap_sync) by extension 'ros'
[0.207s] DEBUG:colcon.colcon_core.package_identification:Package 'src/rtabmap_ros/rtabmap_sync' with type 'ros.ament_cmake' and name 'rtabmap_sync'
[0.207s] Level 1:colcon.colcon_core.package_identification:_identify(src/rtabmap_ros/rtabmap_util) by extensions ['ignore', 'ignore_ament_install']
[0.207s] Level 1:colcon.colcon_core.package_identification:_identify(src/rtabmap_ros/rtabmap_util) by extension 'ignore'
[0.207s] Level 1:colcon.colcon_core.package_identification:_identify(src/rtabmap_ros/rtabmap_util) by extension 'ignore_ament_install'
[0.207s] Level 1:colcon.colcon_core.package_identification:_identify(src/rtabmap_ros/rtabmap_util) by extensions ['colcon_pkg']
[0.207s] Level 1:colcon.colcon_core.package_identification:_identify(src/rtabmap_ros/rtabmap_util) by extension 'colcon_pkg'
[0.207s] Level 1:colcon.colcon_core.package_identification:_identify(src/rtabmap_ros/rtabmap_util) by extensions ['colcon_meta']
[0.207s] Level 1:colcon.colcon_core.package_identification:_identify(src/rtabmap_ros/rtabmap_util) by extension 'colcon_meta'
[0.207s] Level 1:colcon.colcon_core.package_identification:_identify(src/rtabmap_ros/rtabmap_util) by extensions ['ros']
[0.207s] Level 1:colcon.colcon_core.package_identification:_identify(src/rtabmap_ros/rtabmap_util) by extension 'ros'
[0.208s] DEBUG:colcon.colcon_core.package_identification:Package 'src/rtabmap_ros/rtabmap_util' with type 'ros.ament_cmake' and name 'rtabmap_util'
[0.208s] Level 1:colcon.colcon_core.package_identification:_identify(src/rtabmap_ros/rtabmap_viz) by extensions ['ignore', 'ignore_ament_install']
[0.209s] Level 1:colcon.colcon_core.package_identification:_identify(src/rtabmap_ros/rtabmap_viz) by extension 'ignore'
[0.209s] Level 1:colcon.colcon_core.package_identification:_identify(src/rtabmap_ros/rtabmap_viz) by extension 'ignore_ament_install'
[0.209s] Level 1:colcon.colcon_core.package_identification:_identify(src/rtabmap_ros/rtabmap_viz) by extensions ['colcon_pkg']
[0.209s] Level 1:colcon.colcon_core.package_identification:_identify(src/rtabmap_ros/rtabmap_viz) by extension 'colcon_pkg'
[0.209s] Level 1:colcon.colcon_core.package_identification:_identify(src/rtabmap_ros/rtabmap_viz) by extensions ['colcon_meta']
[0.209s] Level 1:colcon.colcon_core.package_identification:_identify(src/rtabmap_ros/rtabmap_viz) by extension 'colcon_meta'
[0.209s] Level 1:colcon.colcon_core.package_identification:_identify(src/rtabmap_ros/rtabmap_viz) by extensions ['ros']
[0.209s] Level 1:colcon.colcon_core.package_identification:_identify(src/rtabmap_ros/rtabmap_viz) by extension 'ros'
[0.209s] DEBUG:colcon.colcon_core.package_identification:Package 'src/rtabmap_ros/rtabmap_viz' with type 'ros.ament_cmake' and name 'rtabmap_viz'
[0.209s] Level 1:colcon.colcon_core.package_discovery:discover_packages(recursive) using defaults
[0.210s] Level 1:colcon.colcon_core.package_discovery:discover_packages(ignore) discover
[0.210s] Level 1:colcon.colcon_core.package_discovery:discover_packages(ignore) using defaults
[0.210s] Level 1:colcon.colcon_core.package_discovery:discover_packages(path) discover
[0.210s] Level 1:colcon.colcon_core.package_discovery:discover_packages(path) using defaults
[0.236s] Level 1:colcon.colcon_core.package_discovery:discover_packages(prefix_path) check parameters
[0.236s] Level 1:colcon.colcon_core.package_discovery:discover_packages(prefix_path) discover
[0.237s] DEBUG:colcon.colcon_installed_package_information.package_discovery:Found 17 installed packages in /home/brace/codeSpace/navi/install
[0.238s] DEBUG:colcon.colcon_installed_package_information.package_discovery:Found 379 installed packages in /opt/ros/humble
[0.239s] Level 1:colcon.colcon_core.package_discovery:discover_packages(prefix_path) using defaults
[0.269s] Level 5:colcon.colcon_core.verb:set package 'realsense2_description' build argument 'cmake_args' from command line to 'None'
[0.269s] Level 5:colcon.colcon_core.verb:set package 'realsense2_description' build argument 'cmake_target' from command line to 'None'
[0.269s] Level 5:colcon.colcon_core.verb:set package 'realsense2_description' build argument 'cmake_target_skip_unavailable' from command line to 'False'
[0.269s] Level 5:colcon.colcon_core.verb:set package 'realsense2_description' build argument 'cmake_clean_cache' from command line to 'False'
[0.269s] Level 5:colcon.colcon_core.verb:set package 'realsense2_description' build argument 'cmake_clean_first' from command line to 'False'
[0.269s] Level 5:colcon.colcon_core.verb:set package 'realsense2_description' build argument 'cmake_force_configure' from command line to 'False'
[0.269s] Level 5:colcon.colcon_core.verb:set package 'realsense2_description' build argument 'ament_cmake_args' from command line to 'None'
[0.269s] Level 5:colcon.colcon_core.verb:set package 'realsense2_description' build argument 'catkin_cmake_args' from command line to 'None'
[0.269s] Level 5:colcon.colcon_core.verb:set package 'realsense2_description' build argument 'catkin_skip_building_tests' from command line to 'False'
[0.269s] DEBUG:colcon.colcon_core.verb:Building package 'realsense2_description' with the following arguments: {'ament_cmake_args': None, 'build_base': '/home/brace/codeSpace/navi/build/realsense2_description', 'catkin_cmake_args': None, 'catkin_skip_building_tests': False, 'cmake_args': None, 'cmake_clean_cache': False, 'cmake_clean_first': False, 'cmake_force_configure': False, 'cmake_target': None, 'cmake_target_skip_unavailable': False, 'install_base': '/home/brace/codeSpace/navi/install/realsense2_description', 'merge_install': False, 'path': '/home/brace/codeSpace/navi/src/realsense-ros/realsense2_description', 'symlink_install': False, 'test_result_base': None}
[0.269s] Level 5:colcon.colcon_core.verb:set package 'realsense2_ros_mqtt_bridge' build argument 'cmake_args' from command line to 'None'
[0.269s] Level 5:colcon.colcon_core.verb:set package 'realsense2_ros_mqtt_bridge' build argument 'cmake_target' from command line to 'None'
[0.269s] Level 5:colcon.colcon_core.verb:set package 'realsense2_ros_mqtt_bridge' build argument 'cmake_target_skip_unavailable' from command line to 'False'
[0.269s] Level 5:colcon.colcon_core.verb:set package 'realsense2_ros_mqtt_bridge' build argument 'cmake_clean_cache' from command line to 'False'
[0.269s] Level 5:colcon.colcon_core.verb:set package 'realsense2_ros_mqtt_bridge' build argument 'cmake_clean_first' from command line to 'False'
[0.269s] Level 5:colcon.colcon_core.verb:set package 'realsense2_ros_mqtt_bridge' build argument 'cmake_force_configure' from command line to 'False'
[0.269s] Level 5:colcon.colcon_core.verb:set package 'realsense2_ros_mqtt_bridge' build argument 'ament_cmake_args' from command line to 'None'
[0.269s] Level 5:colcon.colcon_core.verb:set package 'realsense2_ros_mqtt_bridge' build argument 'catkin_cmake_args' from command line to 'None'
[0.269s] Level 5:colcon.colcon_core.verb:set package 'realsense2_ros_mqtt_bridge' build argument 'catkin_skip_building_tests' from command line to 'False'
[0.269s] DEBUG:colcon.colcon_core.verb:Building package 'realsense2_ros_mqtt_bridge' with the following arguments: {'ament_cmake_args': None, 'build_base': '/home/brace/codeSpace/navi/build/realsense2_ros_mqtt_bridge', 'catkin_cmake_args': None, 'catkin_skip_building_tests': False, 'cmake_args': None, 'cmake_clean_cache': False, 'cmake_clean_first': False, 'cmake_force_configure': False, 'cmake_target': None, 'cmake_target_skip_unavailable': False, 'install_base': '/home/brace/codeSpace/navi/install/realsense2_ros_mqtt_bridge', 'merge_install': False, 'path': '/home/brace/codeSpace/navi/src/realsense-ros/realsense2_ros_mqtt_bridge', 'symlink_install': False, 'test_result_base': None}
[0.269s] Level 5:colcon.colcon_core.verb:set package 'realsense2_rviz_plugin' build argument 'cmake_args' from command line to 'None'
[0.269s] Level 5:colcon.colcon_core.verb:set package 'realsense2_rviz_plugin' build argument 'cmake_target' from command line to 'None'
[0.269s] Level 5:colcon.colcon_core.verb:set package 'realsense2_rviz_plugin' build argument 'cmake_target_skip_unavailable' from command line to 'False'
[0.270s] Level 5:colcon.colcon_core.verb:set package 'realsense2_rviz_plugin' build argument 'cmake_clean_cache' from command line to 'False'
[0.270s] Level 5:colcon.colcon_core.verb:set package 'realsense2_rviz_plugin' build argument 'cmake_clean_first' from command line to 'False'
[0.270s] Level 5:colcon.colcon_core.verb:set package 'realsense2_rviz_plugin' build argument 'cmake_force_configure' from command line to 'False'
[0.270s] Level 5:colcon.colcon_core.verb:set package 'realsense2_rviz_plugin' build argument 'ament_cmake_args' from command line to 'None'
[0.270s] Level 5:colcon.colcon_core.verb:set package 'realsense2_rviz_plugin' build argument 'catkin_cmake_args' from command line to 'None'
[0.270s] Level 5:colcon.colcon_core.verb:set package 'realsense2_rviz_plugin' build argument 'catkin_skip_building_tests' from command line to 'False'
[0.270s] DEBUG:colcon.colcon_core.verb:Building package 'realsense2_rviz_plugin' with the following arguments: {'ament_cmake_args': None, 'build_base': '/home/brace/codeSpace/navi/build/realsense2_rviz_plugin', 'catkin_cmake_args': None, 'catkin_skip_building_tests': False, 'cmake_args': None, 'cmake_clean_cache': False, 'cmake_clean_first': False, 'cmake_force_configure': False, 'cmake_target': None, 'cmake_target_skip_unavailable': False, 'install_base': '/home/brace/codeSpace/navi/install/realsense2_rviz_plugin', 'merge_install': False, 'path': '/home/brace/codeSpace/navi/src/realsense-ros/realsense2_rgbd_plugin', 'symlink_install': False, 'test_result_base': None}
[0.270s] Level 5:colcon.colcon_core.verb:set package 'rtabmap' build argument 'cmake_args' from command line to 'None'
[0.270s] Level 5:colcon.colcon_core.verb:set package 'rtabmap' build argument 'cmake_target' from command line to 'None'
[0.270s] Level 5:colcon.colcon_core.verb:set package 'rtabmap' build argument 'cmake_target_skip_unavailable' from command line to 'False'
[0.270s] Level 5:colcon.colcon_core.verb:set package 'rtabmap' build argument 'cmake_clean_cache' from command line to 'False'
[0.270s] Level 5:colcon.colcon_core.verb:set package 'rtabmap' build argument 'cmake_clean_first' from command line to 'False'
[0.270s] Level 5:colcon.colcon_core.verb:set package 'rtabmap' build argument 'cmake_force_configure' from command line to 'False'
[0.270s] Level 5:colcon.colcon_core.verb:set package 'rtabmap' build argument 'ament_cmake_args' from command line to 'None'
[0.270s] Level 5:colcon.colcon_core.verb:set package 'rtabmap' build argument 'catkin_cmake_args' from command line to 'None'
[0.270s] Level 5:colcon.colcon_core.verb:set package 'rtabmap' build argument 'catkin_skip_building_tests' from command line to 'False'
[0.270s] DEBUG:colcon.colcon_core.verb:Building package 'rtabmap' with the following arguments: {'ament_cmake_args': None, 'build_base': '/home/brace/codeSpace/navi/build/rtabmap', 'catkin_cmake_args': None, 'catkin_skip_building_tests': False, 'cmake_args': None, 'cmake_clean_cache': False, 'cmake_clean_first': False, 'cmake_force_configure': False, 'cmake_target': None, 'cmake_target_skip_unavailable': False, 'install_base': '/home/brace/codeSpace/navi/install/rtabmap', 'merge_install': False, 'path': '/home/brace/codeSpace/navi/src/rtabmap', 'symlink_install': False, 'test_result_base': None}
[0.270s] Level 5:colcon.colcon_core.verb:set package 'rtabmap_msgs' build argument 'cmake_args' from command line to 'None'
[0.270s] Level 5:colcon.colcon_core.verb:set package 'rtabmap_msgs' build argument 'cmake_target' from command line to 'None'
[0.270s] Level 5:colcon.colcon_core.verb:set package 'rtabmap_msgs' build argument 'cmake_target_skip_unavailable' from command line to 'False'
[0.270s] Level 5:colcon.colcon_core.verb:set package 'rtabmap_msgs' build argument 'cmake_clean_cache' from command line to 'False'
[0.270s] Level 5:colcon.colcon_core.verb:set package 'rtabmap_msgs' build argument 'cmake_clean_first' from command line to 'False'
[0.270s] Level 5:colcon.colcon_core.verb:set package 'rtabmap_msgs' build argument 'cmake_force_configure' from command line to 'False'
[0.270s] Level 5:colcon.colcon_core.verb:set package 'rtabmap_msgs' build argument 'ament_cmake_args' from command line to 'None'
[0.270s] Level 5:colcon.colcon_core.verb:set package 'rtabmap_msgs' build argument 'catkin_cmake_args' from command line to 'None'
[0.270s] Level 5:colcon.colcon_core.verb:set package 'rtabmap_msgs' build argument 'catkin_skip_building_tests' from command line to 'False'
[0.270s] DEBUG:colcon.colcon_core.verb:Building package 'rtabmap_msgs' with the following arguments: {'ament_cmake_args': None, 'build_base': '/home/brace/codeSpace/navi/build/rtabmap_msgs', 'catkin_cmake_args': None, 'catkin_skip_building_tests': False, 'cmake_args': None, 'cmake_clean_cache': False, 'cmake_clean_first': False, 'cmake_force_configure': False, 'cmake_target': None, 'cmake_target_skip_unavailable': False, 'install_base': '/home/brace/codeSpace/navi/install/rtabmap_msgs', 'merge_install': False, 'path': '/home/brace/codeSpace/navi/src/rtabmap_ros/rtabmap_msgs', 'symlink_install': False, 'test_result_base': None}
[0.270s] Level 5:colcon.colcon_core.verb:set package 'rtabmap_python' build argument 'cmake_args' from command line to 'None'
[0.270s] Level 5:colcon.colcon_core.verb:set package 'rtabmap_python' build argument 'cmake_target' from command line to 'None'
[0.270s] Level 5:colcon.colcon_core.verb:set package 'rtabmap_python' build argument 'cmake_target_skip_unavailable' from command line to 'False'
[0.270s] Level 5:colcon.colcon_core.verb:set package 'rtabmap_python' build argument 'cmake_clean_cache' from command line to 'False'
[0.270s] Level 5:colcon.colcon_core.verb:set package 'rtabmap_python' build argument 'cmake_clean_first' from command line to 'False'
[0.270s] Level 5:colcon.colcon_core.verb:set package 'rtabmap_python' build argument 'cmake_force_configure' from command line to 'False'
[0.270s] Level 5:colcon.colcon_core.verb:set package 'rtabmap_python' build argument 'ament_cmake_args' from command line to 'None'
[0.270s] Level 5:colcon.colcon_core.verb:set package 'rtabmap_python' build argument 'catkin_cmake_args' from command line to 'None'
[0.270s] Level 5:colcon.colcon_core.verb:set package 'rtabmap_python' build argument 'catkin_skip_building_tests' from command line to 'False'
[0.270s] DEBUG:colcon.colcon_core.verb:Building package 'rtabmap_python' with the following arguments: {'ament_cmake_args': None, 'build_base': '/home/brace/codeSpace/navi/build/rtabmap_python', 'catkin_cmake_args': None, 'catkin_skip_building_tests': False, 'cmake_args': None, 'cmake_clean_cache': False, 'cmake_clean_first': False, 'cmake_force_configure': False, 'cmake_target': None, 'cmake_target_skip_unavailable': False, 'install_base': '/home/brace/codeSpace/navi/install/rtabmap_python', 'merge_install': False, 'path': '/home/brace/codeSpace/navi/src/rtabmap_ros/rtabmap_python', 'symlink_install': False, 'test_result_base': None}
[0.271s] Level 5:colcon.colcon_core.verb:set package 'rtabmap_conversions' build argument 'cmake_args' from command line to 'None'
[0.271s] Level 5:colcon.colcon_core.verb:set package 'rtabmap_conversions' build argument 'cmake_target' from command line to 'None'
[0.271s] Level 5:colcon.colcon_core.verb:set package 'rtabmap_conversions' build argument 'cmake_target_skip_unavailable' from command line to 'False'
[0.271s] Level 5:colcon.colcon_core.verb:set package 'rtabmap_conversions' build argument 'cmake_clean_cache' from command line to 'False'
[0.271s] Level 5:colcon.colcon_core.verb:set package 'rtabmap_conversions' build argument 'cmake_clean_first' from command line to 'False'
[0.271s] Level 5:colcon.colcon_core.verb:set package 'rtabmap_conversions' build argument 'cmake_force_configure' from command line to 'False'
[0.271s] Level 5:colcon.colcon_core.verb:set package 'rtabmap_conversions' build argument 'ament_cmake_args' from command line to 'None'
[0.271s] Level 5:colcon.colcon_core.verb:set package 'rtabmap_conversions' build argument 'catkin_cmake_args' from command line to 'None'
[0.271s] Level 5:colcon.colcon_core.verb:set package 'rtabmap_conversions' build argument 'catkin_skip_building_tests' from command line to 'False'
[0.271s] DEBUG:colcon.colcon_core.verb:Building package 'rtabmap_conversions' with the following arguments: {'ament_cmake_args': None, 'build_base': '/home/brace/codeSpace/navi/build/rtabmap_conversions', 'catkin_cmake_args': None, 'catkin_skip_building_tests': False, 'cmake_args': None, 'cmake_clean_cache': False, 'cmake_clean_first': False, 'cmake_force_configure': False, 'cmake_target': None, 'cmake_target_skip_unavailable': False, 'install_base': '/home/brace/codeSpace/navi/install/rtabmap_conversions', 'merge_install': False, 'path': '/home/brace/codeSpace/navi/src/rtabmap_ros/rtabmap_conversions', 'symlink_install': False, 'test_result_base': None}
[0.271s] Level 5:colcon.colcon_core.verb:set package 'rtabmap_rviz_plugins' build argument 'cmake_args' from command line to 'None'
[0.271s] Level 5:colcon.colcon_core.verb:set package 'rtabmap_rviz_plugins' build argument 'cmake_target' from command line to 'None'
[0.271s] Level 5:colcon.colcon_core.verb:set package 'rtabmap_rviz_plugins' build argument 'cmake_target_skip_unavailable' from command line to 'False'
[0.271s] Level 5:colcon.colcon_core.verb:set package 'rtabmap_rviz_plugins' build argument 'cmake_clean_cache' from command line to 'False'
[0.271s] Level 5:colcon.colcon_core.verb:set package 'rtabmap_rviz_plugins' build argument 'cmake_clean_first' from command line to 'False'
[0.271s] Level 5:colcon.colcon_core.verb:set package 'rtabmap_rviz_plugins' build argument 'cmake_force_configure' from command line to 'False'
[0.271s] Level 5:colcon.colcon_core.verb:set package 'rtabmap_rviz_plugins' build argument 'ament_cmake_args' from command line to 'None'
[0.271s] Level 5:colcon.colcon_core.verb:set package 'rtabmap_rviz_plugins' build argument 'catkin_cmake_args' from command line to 'None'
[0.271s] Level 5:colcon.colcon_core.verb:set package 'rtabmap_rviz_plugins' build argument 'catkin_skip_building_tests' from command line to 'False'
[0.271s] DEBUG:colcon.colcon_core.verb:Building package 'rtabmap_rviz_plugins' with the following arguments: {'ament_cmake_args': None, 'build_base': '/home/brace/codeSpace/navi/build/rtabmap_rviz_plugins', 'catkin_cmake_args': None, 'catkin_skip_building_tests': False, 'cmake_args': None, 'cmake_clean_cache': False, 'cmake_clean_first': False, 'cmake_force_configure': False, 'cmake_target': None, 'cmake_target_skip_unavailable': False, 'install_base': '/home/brace/codeSpace/navi/install/rtabmap_rviz_plugins', 'merge_install': False, 'path': '/home/brace/codeSpace/navi/src/rtabmap_ros/rtabmap_rviz_plugins', 'symlink_install': False, 'test_result_base': None}
[0.271s] Level 5:colcon.colcon_core.verb:set package 'rtabmap_sync' build argument 'cmake_args' from command line to 'None'
[0.271s] Level 5:colcon.colcon_core.verb:set package 'rtabmap_sync' build argument 'cmake_target' from command line to 'None'
[0.271s] Level 5:colcon.colcon_core.verb:set package 'rtabmap_sync' build argument 'cmake_target_skip_unavailable' from command line to 'False'
[0.271s] Level 5:colcon.colcon_core.verb:set package 'rtabmap_sync' build argument 'cmake_clean_cache' from command line to 'False'
[0.271s] Level 5:colcon.colcon_core.verb:set package 'rtabmap_sync' build argument 'cmake_clean_first' from command line to 'False'
[0.271s] Level 5:colcon.colcon_core.verb:set package 'rtabmap_sync' build argument 'cmake_force_configure' from command line to 'False'
[0.271s] Level 5:colcon.colcon_core.verb:set package 'rtabmap_sync' build argument 'ament_cmake_args' from command line to 'None'
[0.271s] Level 5:colcon.colcon_core.verb:set package 'rtabmap_sync' build argument 'catkin_cmake_args' from command line to 'None'
[0.271s] Level 5:colcon.colcon_core.verb:set package 'rtabmap_sync' build argument 'catkin_skip_building_tests' from command line to 'False'
[0.271s] DEBUG:colcon.colcon_core.verb:Building package 'rtabmap_sync' with the following arguments: {'ament_cmake_args': None, 'build_base': '/home/brace/codeSpace/navi/build/rtabmap_sync', 'catkin_cmake_args': None, 'catkin_skip_building_tests': False, 'cmake_args': None, 'cmake_clean_cache': False, 'cmake_clean_first': False, 'cmake_force_configure': False, 'cmake_target': None, 'cmake_target_skip_unavailable': False, 'install_base': '/home/brace/codeSpace/navi/install/rtabmap_sync', 'merge_install': False, 'path': '/home/brace/codeSpace/navi/src/rtabmap_ros/rtabmap_sync', 'symlink_install': False, 'test_result_base': None}
[0.272s] Level 5:colcon.colcon_core.verb:set package 'rtabmap_util' build argument 'cmake_args' from command line to 'None'
[0.272s] Level 5:colcon.colcon_core.verb:set package 'rtabmap_util' build argument 'cmake_target' from command line to 'None'
[0.272s] Level 5:colcon.colcon_core.verb:set package 'rtabmap_util' build argument 'cmake_target_skip_unavailable' from command line to 'False'
[0.272s] Level 5:colcon.colcon_core.verb:set package 'rtabmap_util' build argument 'cmake_clean_cache' from command line to 'False'
[0.272s] Level 5:colcon.colcon_core.verb:set package 'rtabmap_util' build argument 'cmake_clean_first' from command line to 'False'
[0.272s] Level 5:colcon.colcon_core.verb:set package 'rtabmap_util' build argument 'cmake_force_configure' from command line to 'False'
[0.272s] Level 5:colcon.colcon_core.verb:set package 'rtabmap_util' build argument 'ament_cmake_args' from command line to 'None'
[0.272s] Level 5:colcon.colcon_core.verb:set package 'rtabmap_util' build argument 'catkin_cmake_args' from command line to 'None'
[0.272s] Level 5:colcon.colcon_core.verb:set package 'rtabmap_util' build argument 'catkin_skip_building_tests' from command line to 'False'
[0.272s] DEBUG:colcon.colcon_core.verb:Building package 'rtabmap_util' with the following arguments: {'ament_cmake_args': None, 'build_base': '/home/brace/codeSpace/navi/build/rtabmap_util', 'catkin_cmake_args': None, 'catkin_skip_building_tests': False, 'cmake_args': None, 'cmake_clean_cache': False, 'cmake_clean_first': False, 'cmake_force_configure': False, 'cmake_target': None, 'cmake_target_skip_unavailable': False, 'install_base': '/home/brace/codeSpace/navi/install/rtabmap_util', 'merge_install': False, 'path': '/home/brace/codeSpace/navi/src/rtabmap_ros/rtabmap_util', 'symlink_install': False, 'test_result_base': None}
[0.272s] Level 5:colcon.colcon_core.verb:set package 'rtabmap_odom' build argument 'cmake_args' from command line to 'None'
[0.272s] Level 5:colcon.colcon_core.verb:set package 'rtabmap_odom' build argument 'cmake_target' from command line to 'None'
[0.272s] Level 5:colcon.colcon_core.verb:set package 'rtabmap_odom' build argument 'cmake_target_skip_unavailable' from command line to 'False'
[0.272s] Level 5:colcon.colcon_core.verb:set package 'rtabmap_odom' build argument 'cmake_clean_cache' from command line to 'False'
[0.272s] Level 5:colcon.colcon_core.verb:set package 'rtabmap_odom' build argument 'cmake_clean_first' from command line to 'False'
[0.272s] Level 5:colcon.colcon_core.verb:set package 'rtabmap_odom' build argument 'cmake_force_configure' from command line to 'False'
[0.272s] Level 5:colcon.colcon_core.verb:set package 'rtabmap_odom' build argument 'ament_cmake_args' from command line to 'None'
[0.272s] Level 5:colcon.colcon_core.verb:set package 'rtabmap_odom' build argument 'catkin_cmake_args' from command line to 'None'
[0.272s] Level 5:colcon.colcon_core.verb:set package 'rtabmap_odom' build argument 'catkin_skip_building_tests' from command line to 'False'
[0.272s] DEBUG:colcon.colcon_core.verb:Building package 'rtabmap_odom' with the following arguments: {'ament_cmake_args': None, 'build_base': '/home/brace/codeSpace/navi/build/rtabmap_odom', 'catkin_cmake_args': None, 'catkin_skip_building_tests': False, 'cmake_args': None, 'cmake_clean_cache': False, 'cmake_clean_first': False, 'cmake_force_configure': False, 'cmake_target': None, 'cmake_target_skip_unavailable': False, 'install_base': '/home/brace/codeSpace/navi/install/rtabmap_odom', 'merge_install': False, 'path': '/home/brace/codeSpace/navi/src/rtabmap_ros/rtabmap_odom', 'symlink_install': False, 'test_result_base': None}
[0.272s] Level 5:colcon.colcon_core.verb:set package 'rtabmap_slam' build argument 'cmake_args' from command line to 'None'
[0.272s] Level 5:colcon.colcon_core.verb:set package 'rtabmap_slam' build argument 'cmake_target' from command line to 'None'
[0.272s] Level 5:colcon.colcon_core.verb:set package 'rtabmap_slam' build argument 'cmake_target_skip_unavailable' from command line to 'False'
[0.272s] Level 5:colcon.colcon_core.verb:set package 'rtabmap_slam' build argument 'cmake_clean_cache' from command line to 'False'
[0.272s] Level 5:colcon.colcon_core.verb:set package 'rtabmap_slam' build argument 'cmake_clean_first' from command line to 'False'
[0.272s] Level 5:colcon.colcon_core.verb:set package 'rtabmap_slam' build argument 'cmake_force_configure' from command line to 'False'
[0.272s] Level 5:colcon.colcon_core.verb:set package 'rtabmap_slam' build argument 'ament_cmake_args' from command line to 'None'
[0.272s] Level 5:colcon.colcon_core.verb:set package 'rtabmap_slam' build argument 'catkin_cmake_args' from command line to 'None'
[0.272s] Level 5:colcon.colcon_core.verb:set package 'rtabmap_slam' build argument 'catkin_skip_building_tests' from command line to 'False'
[0.272s] DEBUG:colcon.colcon_core.verb:Building package 'rtabmap_slam' with the following arguments: {'ament_cmake_args': None, 'build_base': '/home/brace/codeSpace/navi/build/rtabmap_slam', 'catkin_cmake_args': None, 'catkin_skip_building_tests': False, 'cmake_args': None, 'cmake_clean_cache': False, 'cmake_clean_first': False, 'cmake_force_configure': False, 'cmake_target': None, 'cmake_target_skip_unavailable': False, 'install_base': '/home/brace/codeSpace/navi/install/rtabmap_slam', 'merge_install': False, 'path': '/home/brace/codeSpace/navi/src/rtabmap_ros/rtabmap_slam', 'symlink_install': False, 'test_result_base': None}
[0.273s] Level 5:colcon.colcon_core.verb:set package 'rtabmap_viz' build argument 'cmake_args' from command line to 'None'
[0.273s] Level 5:colcon.colcon_core.verb:set package 'rtabmap_viz' build argument 'cmake_target' from command line to 'None'
[0.273s] Level 5:colcon.colcon_core.verb:set package 'rtabmap_viz' build argument 'cmake_target_skip_unavailable' from command line to 'False'
[0.273s] Level 5:colcon.colcon_core.verb:set package 'rtabmap_viz' build argument 'cmake_clean_cache' from command line to 'False'
[0.273s] Level 5:colcon.colcon_core.verb:set package 'rtabmap_viz' build argument 'cmake_clean_first' from command line to 'False'
[0.273s] Level 5:colcon.colcon_core.verb:set package 'rtabmap_viz' build argument 'cmake_force_configure' from command line to 'False'
[0.273s] Level 5:colcon.colcon_core.verb:set package 'rtabmap_viz' build argument 'ament_cmake_args' from command line to 'None'
[0.273s] Level 5:colcon.colcon_core.verb:set package 'rtabmap_viz' build argument 'catkin_cmake_args' from command line to 'None'
[0.273s] Level 5:colcon.colcon_core.verb:set package 'rtabmap_viz' build argument 'catkin_skip_building_tests' from command line to 'False'
[0.273s] DEBUG:colcon.colcon_core.verb:Building package 'rtabmap_viz' with the following arguments: {'ament_cmake_args': None, 'build_base': '/home/brace/codeSpace/navi/build/rtabmap_viz', 'catkin_cmake_args': None, 'catkin_skip_building_tests': False, 'cmake_args': None, 'cmake_clean_cache': False, 'cmake_clean_first': False, 'cmake_force_configure': False, 'cmake_target': None, 'cmake_target_skip_unavailable': False, 'install_base': '/home/brace/codeSpace/navi/install/rtabmap_viz', 'merge_install': False, 'path': '/home/brace/codeSpace/navi/src/rtabmap_ros/rtabmap_viz', 'symlink_install': False, 'test_result_base': None}
[0.273s] Level 5:colcon.colcon_core.verb:set package 'rtabmap_demos' build argument 'cmake_args' from command line to 'None'
[0.273s] Level 5:colcon.colcon_core.verb:set package 'rtabmap_demos' build argument 'cmake_target' from command line to 'None'
[0.273s] Level 5:colcon.colcon_core.verb:set package 'rtabmap_demos' build argument 'cmake_target_skip_unavailable' from command line to 'False'
[0.273s] Level 5:colcon.colcon_core.verb:set package 'rtabmap_demos' build argument 'cmake_clean_cache' from command line to 'False'
[0.273s] Level 5:colcon.colcon_core.verb:set package 'rtabmap_demos' build argument 'cmake_clean_first' from command line to 'False'
[0.273s] Level 5:colcon.colcon_core.verb:set package 'rtabmap_demos' build argument 'cmake_force_configure' from command line to 'False'
[0.273s] Level 5:colcon.colcon_core.verb:set package 'rtabmap_demos' build argument 'ament_cmake_args' from command line to 'None'
[0.273s] Level 5:colcon.colcon_core.verb:set package 'rtabmap_demos' build argument 'catkin_cmake_args' from command line to 'None'
[0.273s] Level 5:colcon.colcon_core.verb:set package 'rtabmap_demos' build argument 'catkin_skip_building_tests' from command line to 'False'
[0.273s] DEBUG:colcon.colcon_core.verb:Building package 'rtabmap_demos' with the following arguments: {'ament_cmake_args': None, 'build_base': '/home/brace/codeSpace/navi/build/rtabmap_demos', 'catkin_cmake_args': None, 'catkin_skip_building_tests': False, 'cmake_args': None, 'cmake_clean_cache': False, 'cmake_clean_first': False, 'cmake_force_configure': False, 'cmake_target': None, 'cmake_target_skip_unavailable': False, 'install_base': '/home/brace/codeSpace/navi/install/rtabmap_demos', 'merge_install': False, 'path': '/home/brace/codeSpace/navi/src/rtabmap_ros/rtabmap_demos', 'symlink_install': False, 'test_result_base': None}
[0.273s] Level 5:colcon.colcon_core.verb:set package 'rtabmap_examples' build argument 'cmake_args' from command line to 'None'
[0.273s] Level 5:colcon.colcon_core.verb:set package 'rtabmap_examples' build argument 'cmake_target' from command line to 'None'
[0.273s] Level 5:colcon.colcon_core.verb:set package 'rtabmap_examples' build argument 'cmake_target_skip_unavailable' from command line to 'False'
[0.273s] Level 5:colcon.colcon_core.verb:set package 'rtabmap_examples' build argument 'cmake_clean_cache' from command line to 'False'
[0.273s] Level 5:colcon.colcon_core.verb:set package 'rtabmap_examples' build argument 'cmake_clean_first' from command line to 'False'
[0.273s] Level 5:colcon.colcon_core.verb:set package 'rtabmap_examples' build argument 'cmake_force_configure' from command line to 'False'
[0.273s] Level 5:colcon.colcon_core.verb:set package 'rtabmap_examples' build argument 'ament_cmake_args' from command line to 'None'
[0.273s] Level 5:colcon.colcon_core.verb:set package 'rtabmap_examples' build argument 'catkin_cmake_args' from command line to 'None'
[0.273s] Level 5:colcon.colcon_core.verb:set package 'rtabmap_examples' build argument 'catkin_skip_building_tests' from command line to 'False'
[0.273s] DEBUG:colcon.colcon_core.verb:Building package 'rtabmap_examples' with the following arguments: {'ament_cmake_args': None, 'build_base': '/home/brace/codeSpace/navi/build/rtabmap_examples', 'catkin_cmake_args': None, 'catkin_skip_building_tests': False, 'cmake_args': None, 'cmake_clean_cache': False, 'cmake_clean_first': False, 'cmake_force_configure': False, 'cmake_target': None, 'cmake_target_skip_unavailable': False, 'install_base': '/home/brace/codeSpace/navi/install/rtabmap_examples', 'merge_install': False, 'path': '/home/brace/codeSpace/navi/src/rtabmap_ros/rtabmap_examples', 'symlink_install': False, 'test_result_base': None}
[0.273s] Level 5:colcon.colcon_core.verb:set package 'rtabmap_launch' build argument 'cmake_args' from command line to 'None'
[0.274s] Level 5:colcon.colcon_core.verb:set package 'rtabmap_launch' build argument 'cmake_target' from command line to 'None'
[0.274s] Level 5:colcon.colcon_core.verb:set package 'rtabmap_launch' build argument 'cmake_target_skip_unavailable' from command line to 'False'
[0.274s] Level 5:colcon.colcon_core.verb:set package 'rtabmap_launch' build argument 'cmake_clean_cache' from command line to 'False'
[0.274s] Level 5:colcon.colcon_core.verb:set package 'rtabmap_launch' build argument 'cmake_clean_first' from command line to 'False'
[0.274s] Level 5:colcon.colcon_core.verb:set package 'rtabmap_launch' build argument 'cmake_force_configure' from command line to 'False'
[0.274s] Level 5:colcon.colcon_core.verb:set package 'rtabmap_launch' build argument 'ament_cmake_args' from command line to 'None'
[0.274s] Level 5:colcon.colcon_core.verb:set package 'rtabmap_launch' build argument 'catkin_cmake_args' from command line to 'None'
[0.274s] Level 5:colcon.colcon_core.verb:set package 'rtabmap_launch' build argument 'catkin_skip_building_tests' from command line to 'False'
[0.274s] DEBUG:colcon.colcon_core.verb:Building package 'rtabmap_launch' with the following arguments: {'ament_cmake_args': None, 'build_base': '/home/brace/codeSpace/navi/build/rtabmap_launch', 'catkin_cmake_args': None, 'catkin_skip_building_tests': False, 'cmake_args': None, 'cmake_clean_cache': False, 'cmake_clean_first': False, 'cmake_force_configure': False, 'cmake_target': None, 'cmake_target_skip_unavailable': False, 'install_base': '/home/brace/codeSpace/navi/install/rtabmap_launch', 'merge_install': False, 'path': '/home/brace/codeSpace/navi/src/rtabmap_ros/rtabmap_launch', 'symlink_install': False, 'test_result_base': None}
[0.274s] Level 5:colcon.colcon_core.verb:set package 'rtabmap_ros' build argument 'cmake_args' from command line to 'None'
[0.274s] Level 5:colcon.colcon_core.verb:set package 'rtabmap_ros' build argument 'cmake_target' from command line to 'None'
[0.274s] Level 5:colcon.colcon_core.verb:set package 'rtabmap_ros' build argument 'cmake_target_skip_unavailable' from command line to 'False'
[0.274s] Level 5:colcon.colcon_core.verb:set package 'rtabmap_ros' build argument 'cmake_clean_cache' from command line to 'False'
[0.274s] Level 5:colcon.colcon_core.verb:set package 'rtabmap_ros' build argument 'cmake_clean_first' from command line to 'False'
[0.274s] Level 5:colcon.colcon_core.verb:set package 'rtabmap_ros' build argument 'cmake_force_configure' from command line to 'False'
[0.274s] Level 5:colcon.colcon_core.verb:set package 'rtabmap_ros' build argument 'ament_cmake_args' from command line to 'None'
[0.274s] Level 5:colcon.colcon_core.verb:set package 'rtabmap_ros' build argument 'catkin_cmake_args' from command line to 'None'
[0.274s] Level 5:colcon.colcon_core.verb:set package 'rtabmap_ros' build argument 'catkin_skip_building_tests' from command line to 'False'
[0.274s] DEBUG:colcon.colcon_core.verb:Building package 'rtabmap_ros' with the following arguments: {'ament_cmake_args': None, 'build_base': '/home/brace/codeSpace/navi/build/rtabmap_ros', 'catkin_cmake_args': None, 'catkin_skip_building_tests': False, 'cmake_args': None, 'cmake_clean_cache': False, 'cmake_clean_first': False, 'cmake_force_configure': False, 'cmake_target': None, 'cmake_target_skip_unavailable': False, 'install_base': '/home/brace/codeSpace/navi/install/rtabmap_ros', 'merge_install': False, 'path': '/home/brace/codeSpace/navi/src/rtabmap_ros/rtabmap_ros', 'symlink_install': False, 'test_result_base': None}
[0.274s] INFO:colcon.colcon_core.executor:Executing jobs using 'parallel' executor
[0.275s] DEBUG:colcon.colcon_parallel_executor.executor.parallel:run_until_complete
[0.275s] INFO:colcon.colcon_ros.task.cmake.build:Building ROS package in '/home/brace/codeSpace/navi/src/rtabmap' with build type 'cmake'
[0.275s] INFO:colcon.colcon_cmake.task.cmake.build:Building CMake package in '/home/brace/codeSpace/navi/src/rtabmap'
[0.277s] INFO:colcon.colcon_core.plugin_system:Skipping extension 'colcon_core.shell.bat': Not used on non-Windows systems
[0.277s] INFO:colcon.colcon_core.shell:Skip shell extension 'powershell' for command environment: Not usable outside of PowerShell
[0.277s] DEBUG:colcon.colcon_core.shell:Skip shell extension 'dsv' for command environment
[0.280s] INFO:colcon.colcon_ros.task.ament_cmake.build:Building ROS package in '/home/brace/codeSpace/navi/src/rtabmap_ros/rtabmap_msgs' with build type 'ament_cmake'
[0.280s] INFO:colcon.colcon_cmake.task.cmake.build:Building CMake package in '/home/brace/codeSpace/navi/src/rtabmap_ros/rtabmap_msgs'
[0.280s] INFO:colcon.colcon_core.shell:Skip shell extension 'powershell' for command environment: Not usable outside of PowerShell
[0.280s] DEBUG:colcon.colcon_core.shell:Skip shell extension 'dsv' for command environment
[0.283s] INFO:colcon.colcon_ros.task.ament_python.build:Building ROS package in '/home/brace/codeSpace/navi/src/rtabmap_ros/rtabmap_python' with build type 'ament_python'
[0.283s] Level 1:colcon.colcon_core.shell:create_environment_hook('rtabmap_python', 'ament_prefix_path')
[0.283s] INFO:colcon.colcon_core.shell:Creating environment hook '/home/brace/codeSpace/navi/install/rtabmap_python/share/rtabmap_python/hook/ament_prefix_path.ps1'
[0.283s] INFO:colcon.colcon_core.shell:Creating environment descriptor '/home/brace/codeSpace/navi/install/rtabmap_python/share/rtabmap_python/hook/ament_prefix_path.dsv'
[0.284s] INFO:colcon.colcon_core.shell:Creating environment hook '/home/brace/codeSpace/navi/install/rtabmap_python/share/rtabmap_python/hook/ament_prefix_path.sh'
[0.284s] INFO:colcon.colcon_core.shell:Skip shell extension 'powershell' for command environment: Not usable outside of PowerShell
[0.284s] DEBUG:colcon.colcon_core.shell:Skip shell extension 'dsv' for command environment
[0.286s] INFO:colcon.colcon_ros.task.ament_cmake.build:Building ROS package in '/home/brace/codeSpace/navi/src/realsense-ros/realsense2_description' with build type 'ament_cmake'
[0.286s] INFO:colcon.colcon_cmake.task.cmake.build:Building CMake package in '/home/brace/codeSpace/navi/src/realsense-ros/realsense2_description'
[0.286s] INFO:colcon.colcon_core.shell:Skip shell extension 'powershell' for command environment: Not usable outside of PowerShell
[0.287s] DEBUG:colcon.colcon_core.shell:Skip shell extension 'dsv' for command environment
[0.289s] INFO:colcon.colcon_ros.task.ament_python.build:Building ROS package in '/home/brace/codeSpace/navi/src/realsense-ros/realsense2_ros_mqtt_bridge' with build type 'ament_python'
[0.289s] Level 1:colcon.colcon_core.shell:create_environment_hook('realsense2_ros_mqtt_bridge', 'ament_prefix_path')
[0.289s] INFO:colcon.colcon_core.shell:Creating environment hook '/home/brace/codeSpace/navi/install/realsense2_ros_mqtt_bridge/share/realsense2_ros_mqtt_bridge/hook/ament_prefix_path.ps1'
[0.289s] INFO:colcon.colcon_core.shell:Creating environment descriptor '/home/brace/codeSpace/navi/install/realsense2_ros_mqtt_bridge/share/realsense2_ros_mqtt_bridge/hook/ament_prefix_path.dsv'
[0.290s] INFO:colcon.colcon_core.shell:Creating environment hook '/home/brace/codeSpace/navi/install/realsense2_ros_mqtt_bridge/share/realsense2_ros_mqtt_bridge/hook/ament_prefix_path.sh'
[0.290s] INFO:colcon.colcon_core.shell:Skip shell extension 'powershell' for command environment: Not usable outside of PowerShell
[0.290s] DEBUG:colcon.colcon_core.shell:Skip shell extension 'dsv' for command environment
[0.293s] INFO:colcon.colcon_ros.task.ament_cmake.build:Building ROS package in '/home/brace/codeSpace/navi/src/realsense-ros/realsense2_rgbd_plugin' with build type 'ament_cmake'
[0.293s] INFO:colcon.colcon_cmake.task.cmake.build:Building CMake package in '/home/brace/codeSpace/navi/src/realsense-ros/realsense2_rgbd_plugin'
[0.293s] INFO:colcon.colcon_core.shell:Skip shell extension 'powershell' for command environment: Not usable outside of PowerShell
[0.293s] DEBUG:colcon.colcon_core.shell:Skip shell extension 'dsv' for command environment
[0.300s] DEBUG:colcon.colcon_core.event_handler.log_command:Invoking command in '/home/brace/codeSpace/navi/build/rtabmap': CMAKE_PREFIX_PATH=${CMAKE_PREFIX_PATH}:/home/brace/codeSpace/navi/install/rtabmap_python:/home/brace/codeSpace/navi/install/realsense2_ros_mqtt_bridge:/opt/ros/humble /usr/bin/cmake --build /home/brace/codeSpace/navi/build/rtabmap -- -j16 -l16
[0.301s] DEBUG:colcon.colcon_core.event_handler.log_command:Invoking command in '/home/brace/codeSpace/navi/build/rtabmap_msgs': CMAKE_PREFIX_PATH=${CMAKE_PREFIX_PATH}:/home/brace/codeSpace/navi/install/rtabmap_python:/home/brace/codeSpace/navi/install/realsense2_ros_mqtt_bridge:/opt/ros/humble /usr/bin/cmake --build /home/brace/codeSpace/navi/build/rtabmap_msgs -- -j16 -l16
[0.466s] INFO:colcon.colcon_core.task.python.build:Building Python package in '/home/brace/codeSpace/navi/src/rtabmap_ros/rtabmap_python'
[0.466s] INFO:colcon.colcon_core.shell:Skip shell extension 'powershell' for command environment: Not usable outside of PowerShell
[0.467s] DEBUG:colcon.colcon_core.shell:Skip shell extension 'dsv' for command environment
[0.473s] DEBUG:colcon.colcon_core.event_handler.log_command:Invoking command in '/home/brace/codeSpace/navi/build/realsense2_description': CMAKE_PREFIX_PATH=${CMAKE_PREFIX_PATH}:/home/brace/codeSpace/navi/install/rtabmap_python:/home/brace/codeSpace/navi/install/realsense2_ros_mqtt_bridge:/opt/ros/humble /usr/bin/cmake --build /home/brace/codeSpace/navi/build/realsense2_description -- -j16 -l16
[0.651s] INFO:colcon.colcon_core.task.python.build:Building Python package in '/home/brace/codeSpace/navi/src/realsense-ros/realsense2_ros_mqtt_bridge'
[0.651s] INFO:colcon.colcon_core.shell:Skip shell extension 'powershell' for command environment: Not usable outside of PowerShell
[0.651s] DEBUG:colcon.colcon_core.shell:Skip shell extension 'dsv' for command environment
[0.662s] DEBUG:colcon.colcon_core.event_handler.log_command:Invoked command in '/home/brace/codeSpace/navi/build/rtabmap_msgs' returned '0': CMAKE_PREFIX_PATH=${CMAKE_PREFIX_PATH}:/home/brace/codeSpace/navi/install/rtabmap_python:/home/brace/codeSpace/navi/install/realsense2_ros_mqtt_bridge:/opt/ros/humble /usr/bin/cmake --build /home/brace/codeSpace/navi/build/rtabmap_msgs -- -j16 -l16
[0.665s] DEBUG:colcon.colcon_core.event_handler.log_command:Invoking command in '/home/brace/codeSpace/navi/build/rtabmap_msgs': CMAKE_PREFIX_PATH=${CMAKE_PREFIX_PATH}:/home/brace/codeSpace/navi/install/rtabmap_python:/home/brace/codeSpace/navi/install/realsense2_ros_mqtt_bridge:/opt/ros/humble /usr/bin/cmake --install /home/brace/codeSpace/navi/build/rtabmap_msgs
[0.666s] DEBUG:colcon.colcon_core.event_handler.log_command:Invoked command in '/home/brace/codeSpace/navi/build/realsense2_description' returned '0': CMAKE_PREFIX_PATH=${CMAKE_PREFIX_PATH}:/home/brace/codeSpace/navi/install/rtabmap_python:/home/brace/codeSpace/navi/install/realsense2_ros_mqtt_bridge:/opt/ros/humble /usr/bin/cmake --build /home/brace/codeSpace/navi/build/realsense2_description -- -j16 -l16
[0.668s] DEBUG:colcon.colcon_core.event_handler.log_command:Invoking command in '/home/brace/codeSpace/navi/build/realsense2_description': CMAKE_PREFIX_PATH=${CMAKE_PREFIX_PATH}:/home/brace/codeSpace/navi/install/rtabmap_python:/home/brace/codeSpace/navi/install/realsense2_ros_mqtt_bridge:/opt/ros/humble /usr/bin/cmake --install /home/brace/codeSpace/navi/build/realsense2_description
[0.680s] DEBUG:colcon.colcon_core.event_handler.log_command:Invoking command in '/home/brace/codeSpace/navi/build/realsense2_rviz_plugin': CMAKE_PREFIX_PATH=${CMAKE_PREFIX_PATH}:/home/brace/codeSpace/navi/install/rtabmap_python:/home/brace/codeSpace/navi/install/realsense2_ros_mqtt_bridge:/opt/ros/humble /usr/bin/cmake --build /home/brace/codeSpace/navi/build/realsense2_rviz_plugin -- -j16 -l16
[0.687s] Level 1:colcon.colcon_core.environment:create_environment_scripts_only(realsense2_description)
[0.692s] Level 1:colcon.colcon_core.environment:checking '/home/brace/codeSpace/navi/install/realsense2_description' for CMake module files
[0.694s] Level 1:colcon.colcon_core.environment:checking '/home/brace/codeSpace/navi/install/realsense2_description' for CMake config files
[0.694s] Level 1:colcon.colcon_core.shell:create_environment_hook('realsense2_description', 'cmake_prefix_path')
[0.693s] DEBUG:colcon.colcon_core.event_handler.log_command:Invoked command in '/home/brace/codeSpace/navi/build/realsense2_description' returned '0': CMAKE_PREFIX_PATH=${CMAKE_PREFIX_PATH}:/home/brace/codeSpace/navi/install/rtabmap_python:/home/brace/codeSpace/navi/install/realsense2_ros_mqtt_bridge:/opt/ros/humble /usr/bin/cmake --install /home/brace/codeSpace/navi/build/realsense2_description
[0.695s] INFO:colcon.colcon_core.shell:Creating environment hook '/home/brace/codeSpace/navi/install/realsense2_description/share/realsense2_description/hook/cmake_prefix_path.ps1'
[0.698s] INFO:colcon.colcon_core.shell:Creating environment descriptor '/home/brace/codeSpace/navi/install/realsense2_description/share/realsense2_description/hook/cmake_prefix_path.dsv'
[0.699s] INFO:colcon.colcon_core.shell:Creating environment hook '/home/brace/codeSpace/navi/install/realsense2_description/share/realsense2_description/hook/cmake_prefix_path.sh'
[0.701s] Level 1:colcon.colcon_core.environment:checking '/home/brace/codeSpace/navi/install/realsense2_description/bin'
[0.701s] Level 1:colcon.colcon_core.environment:checking '/home/brace/codeSpace/navi/install/realsense2_description/lib/pkgconfig/realsense2_description.pc'
[0.701s] Level 1:colcon.colcon_core.environment:checking '/home/brace/codeSpace/navi/install/realsense2_description/lib/python3.10/site-packages'
[0.702s] Level 1:colcon.colcon_core.environment:checking '/home/brace/codeSpace/navi/install/realsense2_description/bin'
[0.702s] INFO:colcon.colcon_core.shell:Creating package script '/home/brace/codeSpace/navi/install/realsense2_description/share/realsense2_description/package.ps1'
[0.704s] INFO:colcon.colcon_core.shell:Creating package descriptor '/home/brace/codeSpace/navi/install/realsense2_description/share/realsense2_description/package.dsv'
[0.708s] INFO:colcon.colcon_core.shell:Creating package script '/home/brace/codeSpace/navi/install/realsense2_description/share/realsense2_description/package.sh'
[0.709s] INFO:colcon.colcon_core.shell:Creating package script '/home/brace/codeSpace/navi/install/realsense2_description/share/realsense2_description/package.bash'
[0.712s] INFO:colcon.colcon_core.shell:Creating package script '/home/brace/codeSpace/navi/install/realsense2_description/share/realsense2_description/package.zsh'
[0.714s] Level 1:colcon.colcon_core.environment:create_file_with_runtime_dependencies(/home/brace/codeSpace/navi/install/realsense2_description/share/colcon-core/packages/realsense2_description)
[0.719s] Level 1:colcon.colcon_core.environment:create_environment_scripts_only(realsense2_description)
[0.719s] Level 1:colcon.colcon_core.environment:checking '/home/brace/codeSpace/navi/install/realsense2_description' for CMake module files
[0.724s] Level 1:colcon.colcon_core.environment:checking '/home/brace/codeSpace/navi/install/realsense2_description' for CMake config files
[0.730s] Level 1:colcon.colcon_core.shell:create_environment_hook('realsense2_description', 'cmake_prefix_path')
[0.731s] INFO:colcon.colcon_core.shell:Creating environment hook '/home/brace/codeSpace/navi/install/realsense2_description/share/realsense2_description/hook/cmake_prefix_path.ps1'
[0.733s] INFO:colcon.colcon_core.shell:Creating environment descriptor '/home/brace/codeSpace/navi/install/realsense2_description/share/realsense2_description/hook/cmake_prefix_path.dsv'
[0.734s] INFO:colcon.colcon_core.shell:Creating environment hook '/home/brace/codeSpace/navi/install/realsense2_description/share/realsense2_description/hook/cmake_prefix_path.sh'
[0.740s] Level 1:colcon.colcon_core.environment:checking '/home/brace/codeSpace/navi/install/realsense2_description/bin'
[0.740s] Level 1:colcon.colcon_core.environment:checking '/home/brace/codeSpace/navi/install/realsense2_description/lib/pkgconfig/realsense2_description.pc'
[0.741s] Level 1:colcon.colcon_core.environment:checking '/home/brace/codeSpace/navi/install/realsense2_description/lib/python3.10/site-packages'
[0.741s] Level 1:colcon.colcon_core.environment:checking '/home/brace/codeSpace/navi/install/realsense2_description/bin'
[0.741s] INFO:colcon.colcon_core.shell:Creating package script '/home/brace/codeSpace/navi/install/realsense2_description/share/realsense2_description/package.ps1'
[0.743s] INFO:colcon.colcon_core.shell:Creating package descriptor '/home/brace/codeSpace/navi/install/realsense2_description/share/realsense2_description/package.dsv'
[0.745s] INFO:colcon.colcon_core.shell:Creating package script '/home/brace/codeSpace/navi/install/realsense2_description/share/realsense2_description/package.sh'
[0.747s] INFO:colcon.colcon_core.shell:Creating package script '/home/brace/codeSpace/navi/install/realsense2_description/share/realsense2_description/package.bash'
[0.748s] INFO:colcon.colcon_core.shell:Creating package script '/home/brace/codeSpace/navi/install/realsense2_description/share/realsense2_description/package.zsh'
[0.750s] Level 1:colcon.colcon_core.environment:create_file_with_runtime_dependencies(/home/brace/codeSpace/navi/install/realsense2_description/share/colcon-core/packages/realsense2_description)
[0.762s] DEBUG:colcon.colcon_core.event_handler.log_command:Invoked command in '/home/brace/codeSpace/navi/build/realsense2_rviz_plugin' returned '0': CMAKE_PREFIX_PATH=${CMAKE_PREFIX_PATH}:/home/brace/codeSpace/navi/install/rtabmap_python:/home/brace/codeSpace/navi/install/realsense2_ros_mqtt_bridge:/opt/ros/humble /usr/bin/cmake --build /home/brace/codeSpace/navi/build/realsense2_rviz_plugin -- -j16 -l16
[0.762s] DEBUG:colcon.colcon_core.event_handler.log_command:Invoking command in '/home/brace/codeSpace/navi/build/realsense2_rviz_plugin': CMAKE_PREFIX_PATH=${CMAKE_PREFIX_PATH}:/home/brace/codeSpace/navi/install/rtabmap_python:/home/brace/codeSpace/navi/install/realsense2_ros_mqtt_bridge:/opt/ros/humble /usr/bin/cmake --install /home/brace/codeSpace/navi/build/realsense2_rviz_plugin
[0.763s] Level 1:colcon.colcon_core.environment:create_environment_scripts_only(realsense2_rviz_plugin)
[0.764s] Level 1:colcon.colcon_core.environment:checking '/home/brace/codeSpace/navi/install/realsense2_rviz_plugin' for CMake module files
[0.764s] DEBUG:colcon.colcon_core.event_handler.log_command:Invoked command in '/home/brace/codeSpace/navi/build/realsense2_rviz_plugin' returned '0': CMAKE_PREFIX_PATH=${CMAKE_PREFIX_PATH}:/home/brace/codeSpace/navi/install/rtabmap_python:/home/brace/codeSpace/navi/install/realsense2_ros_mqtt_bridge:/opt/ros/humble /usr/bin/cmake --install /home/brace/codeSpace/navi/build/realsense2_rviz_plugin
[0.764s] Level 1:colcon.colcon_core.environment:checking '/home/brace/codeSpace/navi/install/realsense2_rviz_plugin' for CMake config files
[0.764s] Level 1:colcon.colcon_core.shell:create_environment_hook('realsense2_rviz_plugin', 'cmake_prefix_path')
[0.765s] INFO:colcon.colcon_core.shell:Creating environment hook '/home/brace/codeSpace/navi/install/realsense2_rviz_plugin/share/realsense2_rviz_plugin/hook/cmake_prefix_path.ps1'
[0.765s] INFO:colcon.colcon_core.shell:Creating environment descriptor '/home/brace/codeSpace/navi/install/realsense2_rviz_plugin/share/realsense2_rviz_plugin/hook/cmake_prefix_path.dsv'
[0.765s] INFO:colcon.colcon_core.shell:Creating environment hook '/home/brace/codeSpace/navi/install/realsense2_rviz_plugin/share/realsense2_rviz_plugin/hook/cmake_prefix_path.sh'
[0.766s] Level 1:colcon.colcon_core.environment:checking '/home/brace/codeSpace/navi/install/realsense2_rviz_plugin/bin'
[0.766s] Level 1:colcon.colcon_core.environment:checking '/home/brace/codeSpace/navi/install/realsense2_rviz_plugin/lib/pkgconfig/realsense2_rviz_plugin.pc'
[0.766s] Level 1:colcon.colcon_core.environment:checking '/home/brace/codeSpace/navi/install/realsense2_rviz_plugin/lib/python3.10/site-packages'
[0.766s] Level 1:colcon.colcon_core.environment:checking '/home/brace/codeSpace/navi/install/realsense2_rviz_plugin/bin'
[0.766s] INFO:colcon.colcon_core.shell:Creating package script '/home/brace/codeSpace/navi/install/realsense2_rviz_plugin/share/realsense2_rviz_plugin/package.ps1'
[0.766s] INFO:colcon.colcon_core.shell:Creating package descriptor '/home/brace/codeSpace/navi/install/realsense2_rviz_plugin/share/realsense2_rviz_plugin/package.dsv'
[0.767s] INFO:colcon.colcon_core.shell:Creating package script '/home/brace/codeSpace/navi/install/realsense2_rviz_plugin/share/realsense2_rviz_plugin/package.sh'
[0.767s] INFO:colcon.colcon_core.shell:Creating package script '/home/brace/codeSpace/navi/install/realsense2_rviz_plugin/share/realsense2_rviz_plugin/package.bash'
[0.767s] INFO:colcon.colcon_core.shell:Creating package script '/home/brace/codeSpace/navi/install/realsense2_rviz_plugin/share/realsense2_rviz_plugin/package.zsh'
[0.767s] Level 1:colcon.colcon_core.environment:create_file_with_runtime_dependencies(/home/brace/codeSpace/navi/install/realsense2_rviz_plugin/share/colcon-core/packages/realsense2_rviz_plugin)
[0.768s] Level 1:colcon.colcon_core.environment:create_environment_scripts_only(realsense2_rviz_plugin)
[0.768s] Level 1:colcon.colcon_core.environment:checking '/home/brace/codeSpace/navi/install/realsense2_rviz_plugin' for CMake module files
[0.768s] Level 1:colcon.colcon_core.environment:checking '/home/brace/codeSpace/navi/install/realsense2_rviz_plugin' for CMake config files
[0.768s] Level 1:colcon.colcon_core.shell:create_environment_hook('realsense2_rviz_plugin', 'cmake_prefix_path')
[0.768s] INFO:colcon.colcon_core.shell:Creating environment hook '/home/brace/codeSpace/navi/install/realsense2_rviz_plugin/share/realsense2_rviz_plugin/hook/cmake_prefix_path.ps1'
[0.768s] INFO:colcon.colcon_core.shell:Creating environment descriptor '/home/brace/codeSpace/navi/install/realsense2_rviz_plugin/share/realsense2_rviz_plugin/hook/cmake_prefix_path.dsv'
[0.769s] INFO:colcon.colcon_core.shell:Creating environment hook '/home/brace/codeSpace/navi/install/realsense2_rviz_plugin/share/realsense2_rviz_plugin/hook/cmake_prefix_path.sh'
[0.769s] Level 1:colcon.colcon_core.environment:checking '/home/brace/codeSpace/navi/install/realsense2_rviz_plugin/bin'
[0.769s] Level 1:colcon.colcon_core.environment:checking '/home/brace/codeSpace/navi/install/realsense2_rviz_plugin/lib/pkgconfig/realsense2_rviz_plugin.pc'
[0.769s] Level 1:colcon.colcon_core.environment:checking '/home/brace/codeSpace/navi/install/realsense2_rviz_plugin/lib/python3.10/site-packages'
[0.769s] Level 1:colcon.colcon_core.environment:checking '/home/brace/codeSpace/navi/install/realsense2_rviz_plugin/bin'
[0.770s] INFO:colcon.colcon_core.shell:Creating package script '/home/brace/codeSpace/navi/install/realsense2_rviz_plugin/share/realsense2_rviz_plugin/package.ps1'
[0.770s] INFO:colcon.colcon_core.shell:Creating package descriptor '/home/brace/codeSpace/navi/install/realsense2_rviz_plugin/share/realsense2_rviz_plugin/package.dsv'
[0.770s] INFO:colcon.colcon_core.shell:Creating package script '/home/brace/codeSpace/navi/install/realsense2_rviz_plugin/share/realsense2_rviz_plugin/package.sh'
[0.770s] INFO:colcon.colcon_core.shell:Creating package script '/home/brace/codeSpace/navi/install/realsense2_rviz_plugin/share/realsense2_rviz_plugin/package.bash'
[0.771s] INFO:colcon.colcon_core.shell:Creating package script '/home/brace/codeSpace/navi/install/realsense2_rviz_plugin/share/realsense2_rviz_plugin/package.zsh'
[0.771s] Level 1:colcon.colcon_core.environment:create_file_with_runtime_dependencies(/home/brace/codeSpace/navi/install/realsense2_rviz_plugin/share/colcon-core/packages/realsense2_rviz_plugin)
[0.772s] DEBUG:colcon.colcon_core.event_handler.log_command:Invoked command in '/home/brace/codeSpace/navi/build/rtabmap' returned '0': CMAKE_PREFIX_PATH=${CMAKE_PREFIX_PATH}:/home/brace/codeSpace/navi/install/rtabmap_python:/home/brace/codeSpace/navi/install/realsense2_ros_mqtt_bridge:/opt/ros/humble /usr/bin/cmake --build /home/brace/codeSpace/navi/build/rtabmap -- -j16 -l16
[0.775s] DEBUG:colcon.colcon_core.event_handler.log_command:Invoking command in '/home/brace/codeSpace/navi/build/rtabmap': CMAKE_PREFIX_PATH=${CMAKE_PREFIX_PATH}:/home/brace/codeSpace/navi/install/rtabmap_python:/home/brace/codeSpace/navi/install/realsense2_ros_mqtt_bridge:/opt/ros/humble /usr/bin/cmake --install /home/brace/codeSpace/navi/build/rtabmap
[0.782s] Level 1:colcon.colcon_core.environment:create_environment_scripts_only(rtabmap_msgs)
[0.783s] Level 1:colcon.colcon_core.environment:checking '/home/brace/codeSpace/navi/install/rtabmap_msgs' for CMake module files
[0.788s] Level 1:colcon.colcon_core.environment:checking '/home/brace/codeSpace/navi/install/rtabmap_msgs' for CMake config files
[0.793s] DEBUG:colcon.colcon_core.event_handler.log_command:Invoked command in '/home/brace/codeSpace/navi/build/rtabmap_msgs' returned '0': CMAKE_PREFIX_PATH=${CMAKE_PREFIX_PATH}:/home/brace/codeSpace/navi/install/rtabmap_python:/home/brace/codeSpace/navi/install/realsense2_ros_mqtt_bridge:/opt/ros/humble /usr/bin/cmake --install /home/brace/codeSpace/navi/build/rtabmap_msgs
[0.806s] Level 1:colcon.colcon_core.shell:create_environment_hook('rtabmap_msgs', 'cmake_prefix_path')
[0.806s] INFO:colcon.colcon_core.shell:Creating environment hook '/home/brace/codeSpace/navi/install/rtabmap_msgs/share/rtabmap_msgs/hook/cmake_prefix_path.ps1'
[0.807s] INFO:colcon.colcon_core.shell:Creating environment descriptor '/home/brace/codeSpace/navi/install/rtabmap_msgs/share/rtabmap_msgs/hook/cmake_prefix_path.dsv'
[0.807s] INFO:colcon.colcon_core.shell:Creating environment hook '/home/brace/codeSpace/navi/install/rtabmap_msgs/share/rtabmap_msgs/hook/cmake_prefix_path.sh'
[0.808s] Level 1:colcon.colcon_core.environment:checking '/home/brace/codeSpace/navi/install/rtabmap_msgs/lib'
[0.808s] Level 1:colcon.colcon_core.shell:create_environment_hook('rtabmap_msgs', 'ld_library_path_lib')
[0.809s] INFO:colcon.colcon_core.shell:Creating environment hook '/home/brace/codeSpace/navi/install/rtabmap_msgs/share/rtabmap_msgs/hook/ld_library_path_lib.ps1'
[0.809s] INFO:colcon.colcon_core.shell:Creating environment descriptor '/home/brace/codeSpace/navi/install/rtabmap_msgs/share/rtabmap_msgs/hook/ld_library_path_lib.dsv'
[0.810s] INFO:colcon.colcon_core.shell:Creating environment hook '/home/brace/codeSpace/navi/install/rtabmap_msgs/share/rtabmap_msgs/hook/ld_library_path_lib.sh'
[0.810s] Level 1:colcon.colcon_core.environment:checking '/home/brace/codeSpace/navi/install/rtabmap_msgs/bin'
[0.810s] Level 1:colcon.colcon_core.environment:checking '/home/brace/codeSpace/navi/install/rtabmap_msgs/lib/pkgconfig/rtabmap_msgs.pc'
[0.810s] Level 1:colcon.colcon_core.environment:checking '/home/brace/codeSpace/navi/install/rtabmap_msgs/lib/python3.10/site-packages'
[0.810s] Level 1:colcon.colcon_core.environment:checking '/home/brace/codeSpace/navi/install/rtabmap_msgs/bin'
[0.811s] INFO:colcon.colcon_core.shell:Creating package script '/home/brace/codeSpace/navi/install/rtabmap_msgs/share/rtabmap_msgs/package.ps1'
[0.811s] INFO:colcon.colcon_core.shell:Creating package descriptor '/home/brace/codeSpace/navi/install/rtabmap_msgs/share/rtabmap_msgs/package.dsv'
[0.811s] INFO:colcon.colcon_core.shell:Creating package script '/home/brace/codeSpace/navi/install/rtabmap_msgs/share/rtabmap_msgs/package.sh'
[0.812s] INFO:colcon.colcon_core.shell:Creating package script '/home/brace/codeSpace/navi/install/rtabmap_msgs/share/rtabmap_msgs/package.bash'
[0.812s] INFO:colcon.colcon_core.shell:Creating package script '/home/brace/codeSpace/navi/install/rtabmap_msgs/share/rtabmap_msgs/package.zsh'
[0.812s] Level 1:colcon.colcon_core.environment:create_file_with_runtime_dependencies(/home/brace/codeSpace/navi/install/rtabmap_msgs/share/colcon-core/packages/rtabmap_msgs)
[0.813s] Level 1:colcon.colcon_core.environment:create_environment_scripts_only(rtabmap_msgs)
[0.813s] Level 1:colcon.colcon_core.environment:checking '/home/brace/codeSpace/navi/install/rtabmap_msgs' for CMake module files
[0.813s] Level 1:colcon.colcon_core.environment:checking '/home/brace/codeSpace/navi/install/rtabmap_msgs' for CMake config files
[0.816s] Level 1:colcon.colcon_core.shell:create_environment_hook('rtabmap_msgs', 'cmake_prefix_path')
[0.816s] INFO:colcon.colcon_core.shell:Creating environment hook '/home/brace/codeSpace/navi/install/rtabmap_msgs/share/rtabmap_msgs/hook/cmake_prefix_path.ps1'
[0.816s] INFO:colcon.colcon_core.shell:Creating environment descriptor '/home/brace/codeSpace/navi/install/rtabmap_msgs/share/rtabmap_msgs/hook/cmake_prefix_path.dsv'
[0.816s] INFO:colcon.colcon_core.shell:Creating environment hook '/home/brace/codeSpace/navi/install/rtabmap_msgs/share/rtabmap_msgs/hook/cmake_prefix_path.sh'
[0.817s] Level 1:colcon.colcon_core.environment:checking '/home/brace/codeSpace/navi/install/rtabmap_msgs/lib'
[0.817s] Level 1:colcon.colcon_core.shell:create_environment_hook('rtabmap_msgs', 'ld_library_path_lib')
[0.817s] INFO:colcon.colcon_core.shell:Creating environment hook '/home/brace/codeSpace/navi/install/rtabmap_msgs/share/rtabmap_msgs/hook/ld_library_path_lib.ps1'
[0.817s] INFO:colcon.colcon_core.shell:Creating environment descriptor '/home/brace/codeSpace/navi/install/rtabmap_msgs/share/rtabmap_msgs/hook/ld_library_path_lib.dsv'
[0.817s] INFO:colcon.colcon_core.shell:Creating environment hook '/home/brace/codeSpace/navi/install/rtabmap_msgs/share/rtabmap_msgs/hook/ld_library_path_lib.sh'
[0.818s] Level 1:colcon.colcon_core.environment:checking '/home/brace/codeSpace/navi/install/rtabmap_msgs/bin'
[0.818s] Level 1:colcon.colcon_core.environment:checking '/home/brace/codeSpace/navi/install/rtabmap_msgs/lib/pkgconfig/rtabmap_msgs.pc'
[0.818s] Level 1:colcon.colcon_core.environment:checking '/home/brace/codeSpace/navi/install/rtabmap_msgs/lib/python3.10/site-packages'
[0.818s] Level 1:colcon.colcon_core.environment:checking '/home/brace/codeSpace/navi/install/rtabmap_msgs/bin'
[0.818s] INFO:colcon.colcon_core.shell:Creating package script '/home/brace/codeSpace/navi/install/rtabmap_msgs/share/rtabmap_msgs/package.ps1'
[0.818s] INFO:colcon.colcon_core.shell:Creating package descriptor '/home/brace/codeSpace/navi/install/rtabmap_msgs/share/rtabmap_msgs/package.dsv'
[0.819s] INFO:colcon.colcon_core.shell:Creating package script '/home/brace/codeSpace/navi/install/rtabmap_msgs/share/rtabmap_msgs/package.sh'
[0.819s] INFO:colcon.colcon_core.shell:Creating package script '/home/brace/codeSpace/navi/install/rtabmap_msgs/share/rtabmap_msgs/package.bash'
[0.819s] INFO:colcon.colcon_core.shell:Creating package script '/home/brace/codeSpace/navi/install/rtabmap_msgs/share/rtabmap_msgs/package.zsh'
[0.819s] Level 1:colcon.colcon_core.environment:create_file_with_runtime_dependencies(/home/brace/codeSpace/navi/install/rtabmap_msgs/share/colcon-core/packages/rtabmap_msgs)
[0.820s] DEBUG:colcon.colcon_core.event_handler.log_command:Invoked command in '/home/brace/codeSpace/navi/build/rtabmap' returned '0': CMAKE_PREFIX_PATH=${CMAKE_PREFIX_PATH}:/home/brace/codeSpace/navi/install/rtabmap_python:/home/brace/codeSpace/navi/install/realsense2_ros_mqtt_bridge:/opt/ros/humble /usr/bin/cmake --install /home/brace/codeSpace/navi/build/rtabmap
[0.821s] Level 1:colcon.colcon_core.shell:create_environment_hook('rtabmap', 'pkg_config_path')
[0.821s] INFO:colcon.colcon_core.shell:Creating environment hook '/home/brace/codeSpace/navi/install/rtabmap/share/rtabmap/hook/pkg_config_path.ps1'
[0.822s] INFO:colcon.colcon_core.shell:Creating environment descriptor '/home/brace/codeSpace/navi/install/rtabmap/share/rtabmap/hook/pkg_config_path.dsv'
[0.822s] INFO:colcon.colcon_core.shell:Creating environment hook '/home/brace/codeSpace/navi/install/rtabmap/share/rtabmap/hook/pkg_config_path.sh'
[0.825s] Level 1:colcon.colcon_core.shell:create_environment_hook('rtabmap', 'pkg_config_path_multiarch')
[0.825s] INFO:colcon.colcon_core.shell:Creating environment hook '/home/brace/codeSpace/navi/install/rtabmap/share/rtabmap/hook/pkg_config_path_multiarch.ps1'
[0.826s] INFO:colcon.colcon_core.shell:Creating environment descriptor '/home/brace/codeSpace/navi/install/rtabmap/share/rtabmap/hook/pkg_config_path_multiarch.dsv'
[0.827s] INFO:colcon.colcon_core.shell:Creating environment hook '/home/brace/codeSpace/navi/install/rtabmap/share/rtabmap/hook/pkg_config_path_multiarch.sh'
[0.827s] Level 1:colcon.colcon_core.environment:create_environment_scripts_only(rtabmap)
[0.828s] Level 1:colcon.colcon_core.environment:checking '/home/brace/codeSpace/navi/install/rtabmap' for CMake module files
[0.828s] Level 1:colcon.colcon_core.environment:checking '/home/brace/codeSpace/navi/install/rtabmap' for CMake config files
[0.829s] Level 1:colcon.colcon_core.shell:create_environment_hook('rtabmap', 'cmake_prefix_path')
[0.829s] INFO:colcon.colcon_core.shell:Creating environment hook '/home/brace/codeSpace/navi/install/rtabmap/share/rtabmap/hook/cmake_prefix_path.ps1'
[0.830s] INFO:colcon.colcon_core.shell:Creating environment descriptor '/home/brace/codeSpace/navi/install/rtabmap/share/rtabmap/hook/cmake_prefix_path.dsv'
[0.830s] INFO:colcon.colcon_core.shell:Creating environment hook '/home/brace/codeSpace/navi/install/rtabmap/share/rtabmap/hook/cmake_prefix_path.sh'
[0.831s] Level 1:colcon.colcon_core.environment:checking '/home/brace/codeSpace/navi/install/rtabmap/lib'
[0.831s] Level 1:colcon.colcon_core.shell:create_environment_hook('rtabmap', 'ld_library_path_lib')
[0.831s] INFO:colcon.colcon_core.shell:Creating environment hook '/home/brace/codeSpace/navi/install/rtabmap/share/rtabmap/hook/ld_library_path_lib.ps1'
[0.831s] INFO:colcon.colcon_core.shell:Creating environment descriptor '/home/brace/codeSpace/navi/install/rtabmap/share/rtabmap/hook/ld_library_path_lib.dsv'
[0.832s] INFO:colcon.colcon_core.shell:Creating environment hook '/home/brace/codeSpace/navi/install/rtabmap/share/rtabmap/hook/ld_library_path_lib.sh'
[0.832s] Level 1:colcon.colcon_core.environment:checking '/home/brace/codeSpace/navi/install/rtabmap/bin'
[0.832s] Level 1:colcon.colcon_core.shell:create_environment_hook('rtabmap', 'path')
[0.833s] INFO:colcon.colcon_core.shell:Creating environment hook '/home/brace/codeSpace/navi/install/rtabmap/share/rtabmap/hook/path.ps1'
[0.833s] INFO:colcon.colcon_core.shell:Creating environment descriptor '/home/brace/codeSpace/navi/install/rtabmap/share/rtabmap/hook/path.dsv'
[0.834s] INFO:colcon.colcon_core.shell:Creating environment hook '/home/brace/codeSpace/navi/install/rtabmap/share/rtabmap/hook/path.sh'
[0.835s] Level 1:colcon.colcon_core.environment:checking '/home/brace/codeSpace/navi/install/rtabmap/lib/pkgconfig/rtabmap.pc'
[0.835s] Level 1:colcon.colcon_core.environment:checking '/home/brace/codeSpace/navi/install/rtabmap/lib/python3.10/site-packages'
[0.835s] Level 1:colcon.colcon_core.environment:checking '/home/brace/codeSpace/navi/install/rtabmap/bin'
[0.836s] Level 1:colcon.colcon_core.shell:create_environment_hook('rtabmap', 'pythonscriptspath')
[0.836s] INFO:colcon.colcon_core.shell:Creating environment hook '/home/brace/codeSpace/navi/install/rtabmap/share/rtabmap/hook/pythonscriptspath.ps1'
[0.837s] INFO:colcon.colcon_core.shell:Creating environment descriptor '/home/brace/codeSpace/navi/install/rtabmap/share/rtabmap/hook/pythonscriptspath.dsv'
[0.837s] INFO:colcon.colcon_core.shell:Creating environment hook '/home/brace/codeSpace/navi/install/rtabmap/share/rtabmap/hook/pythonscriptspath.sh'
[0.838s] INFO:colcon.colcon_core.shell:Creating package script '/home/brace/codeSpace/navi/install/rtabmap/share/rtabmap/package.ps1'
[0.840s] INFO:colcon.colcon_core.shell:Creating package descriptor '/home/brace/codeSpace/navi/install/rtabmap/share/rtabmap/package.dsv'
[0.841s] INFO:colcon.colcon_core.shell:Creating package script '/home/brace/codeSpace/navi/install/rtabmap/share/rtabmap/package.sh'
[0.842s] INFO:colcon.colcon_core.shell:Creating package script '/home/brace/codeSpace/navi/install/rtabmap/share/rtabmap/package.bash'
[0.842s] INFO:colcon.colcon_core.shell:Creating package script '/home/brace/codeSpace/navi/install/rtabmap/share/rtabmap/package.zsh'
[0.843s] Level 1:colcon.colcon_core.environment:create_file_with_runtime_dependencies(/home/brace/codeSpace/navi/install/rtabmap/share/colcon-core/packages/rtabmap)
[0.844s] INFO:colcon.colcon_ros.task.ament_cmake.build:Building ROS package in '/home/brace/codeSpace/navi/src/rtabmap_ros/rtabmap_conversions' with build type 'ament_cmake'
[0.844s] INFO:colcon.colcon_cmake.task.cmake.build:Building CMake package in '/home/brace/codeSpace/navi/src/rtabmap_ros/rtabmap_conversions'
[0.844s] INFO:colcon.colcon_core.shell:Skip shell extension 'powershell' for command environment: Not usable outside of PowerShell
[0.844s] DEBUG:colcon.colcon_core.shell:Skip shell extension 'dsv' for command environment
[0.864s] DEBUG:colcon.colcon_core.event_handler.log_command:Invoking command in '/home/brace/codeSpace/navi/build/rtabmap_conversions': CMAKE_PREFIX_PATH=/home/brace/codeSpace/navi/install/rtabmap_msgs:/home/brace/codeSpace/navi/install/rtabmap:/home/brace/codeSpace/navi/install/rtabmap_ros:/home/brace/codeSpace/navi/install/rtabmap_launch:/home/brace/codeSpace/navi/install/rtabmap_examples:/home/brace/codeSpace/navi/install/rtabmap_demos:/home/brace/codeSpace/navi/install/rtabmap_viz:/home/brace/codeSpace/navi/install/rtabmap_slam:/home/brace/codeSpace/navi/install/rtabmap_odom:/home/brace/codeSpace/navi/install/rtabmap_util:/home/brace/codeSpace/navi/install/rtabmap_sync:/home/brace/codeSpace/navi/install/rtabmap_rviz_plugins:/home/brace/codeSpace/navi/install/rtabmap_conversions:/home/brace/codeSpace/navi/install/realsense2_rviz_plugin:/home/brace/codeSpace/navi/install/realsense2_description:/home/brace/codeSpace/navi/install/rtabmap_python:/home/brace/codeSpace/navi/install/realsense2_ros_mqtt_bridge:/opt/ros/humble LD_LIBRARY_PATH=/home/brace/codeSpace/navi/install/rtabmap_msgs/lib:/home/brace/codeSpace/navi/install/rtabmap/lib:/home/brace/codeSpace/navi/install/rtabmap_slam/lib:/home/brace/codeSpace/navi/install/rtabmap_odom/lib:/home/brace/codeSpace/navi/install/rtabmap_util/lib:/home/brace/codeSpace/navi/install/rtabmap_sync/lib:/home/brace/codeSpace/navi/install/rtabmap_rviz_plugins/lib:/home/brace/codeSpace/navi/install/rtabmap_conversions/lib:/opt/ros/humble/opt/rviz_ogre_vendor/lib:/opt/ros/humble/lib/x86_64-linux-gnu:/opt/ros/humble/lib /usr/bin/cmake --build /home/brace/codeSpace/navi/build/rtabmap_conversions -- -j16 -l16
[0.947s] DEBUG:colcon.colcon_core.event_handler.log_command:Invoked command in '/home/brace/codeSpace/navi/build/rtabmap_conversions' returned '0': CMAKE_PREFIX_PATH=/home/brace/codeSpace/navi/install/rtabmap_msgs:/home/brace/codeSpace/navi/install/rtabmap:/home/brace/codeSpace/navi/install/rtabmap_ros:/home/brace/codeSpace/navi/install/rtabmap_launch:/home/brace/codeSpace/navi/install/rtabmap_examples:/home/brace/codeSpace/navi/install/rtabmap_demos:/home/brace/codeSpace/navi/install/rtabmap_viz:/home/brace/codeSpace/navi/install/rtabmap_slam:/home/brace/codeSpace/navi/install/rtabmap_odom:/home/brace/codeSpace/navi/install/rtabmap_util:/home/brace/codeSpace/navi/install/rtabmap_sync:/home/brace/codeSpace/navi/install/rtabmap_rviz_plugins:/home/brace/codeSpace/navi/install/rtabmap_conversions:/home/brace/codeSpace/navi/install/realsense2_rviz_plugin:/home/brace/codeSpace/navi/install/realsense2_description:/home/brace/codeSpace/navi/install/rtabmap_python:/home/brace/codeSpace/navi/install/realsense2_ros_mqtt_bridge:/opt/ros/humble LD_LIBRARY_PATH=/home/brace/codeSpace/navi/install/rtabmap_msgs/lib:/home/brace/codeSpace/navi/install/rtabmap/lib:/home/brace/codeSpace/navi/install/rtabmap_slam/lib:/home/brace/codeSpace/navi/install/rtabmap_odom/lib:/home/brace/codeSpace/navi/install/rtabmap_util/lib:/home/brace/codeSpace/navi/install/rtabmap_sync/lib:/home/brace/codeSpace/navi/install/rtabmap_rviz_plugins/lib:/home/brace/codeSpace/navi/install/rtabmap_conversions/lib:/opt/ros/humble/opt/rviz_ogre_vendor/lib:/opt/ros/humble/lib/x86_64-linux-gnu:/opt/ros/humble/lib /usr/bin/cmake --build /home/brace/codeSpace/navi/build/rtabmap_conversions -- -j16 -l16
[0.949s] DEBUG:colcon.colcon_core.event_handler.log_command:Invoking command in '/home/brace/codeSpace/navi/build/rtabmap_conversions': CMAKE_PREFIX_PATH=/home/brace/codeSpace/navi/install/rtabmap_msgs:/home/brace/codeSpace/navi/install/rtabmap:/home/brace/codeSpace/navi/install/rtabmap_ros:/home/brace/codeSpace/navi/install/rtabmap_launch:/home/brace/codeSpace/navi/install/rtabmap_examples:/home/brace/codeSpace/navi/install/rtabmap_demos:/home/brace/codeSpace/navi/install/rtabmap_viz:/home/brace/codeSpace/navi/install/rtabmap_slam:/home/brace/codeSpace/navi/install/rtabmap_odom:/home/brace/codeSpace/navi/install/rtabmap_util:/home/brace/codeSpace/navi/install/rtabmap_sync:/home/brace/codeSpace/navi/install/rtabmap_rviz_plugins:/home/brace/codeSpace/navi/install/rtabmap_conversions:/home/brace/codeSpace/navi/install/realsense2_rviz_plugin:/home/brace/codeSpace/navi/install/realsense2_description:/home/brace/codeSpace/navi/install/rtabmap_python:/home/brace/codeSpace/navi/install/realsense2_ros_mqtt_bridge:/opt/ros/humble LD_LIBRARY_PATH=/home/brace/codeSpace/navi/install/rtabmap_msgs/lib:/home/brace/codeSpace/navi/install/rtabmap/lib:/home/brace/codeSpace/navi/install/rtabmap_slam/lib:/home/brace/codeSpace/navi/install/rtabmap_odom/lib:/home/brace/codeSpace/navi/install/rtabmap_util/lib:/home/brace/codeSpace/navi/install/rtabmap_sync/lib:/home/brace/codeSpace/navi/install/rtabmap_rviz_plugins/lib:/home/brace/codeSpace/navi/install/rtabmap_conversions/lib:/opt/ros/humble/opt/rviz_ogre_vendor/lib:/opt/ros/humble/lib/x86_64-linux-gnu:/opt/ros/humble/lib /usr/bin/cmake --install /home/brace/codeSpace/navi/build/rtabmap_conversions
[0.961s] DEBUG:colcon.colcon_core.event_handler.log_command:Invoking command in '/home/brace/codeSpace/navi/src/realsense-ros/realsense2_ros_mqtt_bridge': PYTHONPATH=/home/brace/codeSpace/navi/build/realsense2_ros_mqtt_bridge/prefix_override:/usr/lib/python3/dist-packages/colcon_core/task/python/colcon_distutils_commands:/home/brace/codeSpace/navi/install/realsense2_ros_mqtt_bridge/lib/python3.10/site-packages:${PYTHONPATH} /usr/bin/python3 -W ignore:setup.py install is deprecated -W ignore:easy_install command is deprecated setup.py egg_info --egg-base ../../../build/realsense2_ros_mqtt_bridge build --build-base /home/brace/codeSpace/navi/build/realsense2_ros_mqtt_bridge/build install --record /home/brace/codeSpace/navi/build/realsense2_ros_mqtt_bridge/install.log --single-version-externally-managed install_data
[0.968s] Level 1:colcon.colcon_core.environment:create_environment_scripts_only(rtabmap_conversions)
[0.968s] Level 1:colcon.colcon_core.environment:checking '/home/brace/codeSpace/navi/install/rtabmap_conversions' for CMake module files
[0.969s] DEBUG:colcon.colcon_core.event_handler.log_command:Invoked command in '/home/brace/codeSpace/navi/build/rtabmap_conversions' returned '0': CMAKE_PREFIX_PATH=/home/brace/codeSpace/navi/install/rtabmap_msgs:/home/brace/codeSpace/navi/install/rtabmap:/home/brace/codeSpace/navi/install/rtabmap_ros:/home/brace/codeSpace/navi/install/rtabmap_launch:/home/brace/codeSpace/navi/install/rtabmap_examples:/home/brace/codeSpace/navi/install/rtabmap_demos:/home/brace/codeSpace/navi/install/rtabmap_viz:/home/brace/codeSpace/navi/install/rtabmap_slam:/home/brace/codeSpace/navi/install/rtabmap_odom:/home/brace/codeSpace/navi/install/rtabmap_util:/home/brace/codeSpace/navi/install/rtabmap_sync:/home/brace/codeSpace/navi/install/rtabmap_rviz_plugins:/home/brace/codeSpace/navi/install/rtabmap_conversions:/home/brace/codeSpace/navi/install/realsense2_rviz_plugin:/home/brace/codeSpace/navi/install/realsense2_description:/home/brace/codeSpace/navi/install/rtabmap_python:/home/brace/codeSpace/navi/install/realsense2_ros_mqtt_bridge:/opt/ros/humble LD_LIBRARY_PATH=/home/brace/codeSpace/navi/install/rtabmap_msgs/lib:/home/brace/codeSpace/navi/install/rtabmap/lib:/home/brace/codeSpace/navi/install/rtabmap_slam/lib:/home/brace/codeSpace/navi/install/rtabmap_odom/lib:/home/brace/codeSpace/navi/install/rtabmap_util/lib:/home/brace/codeSpace/navi/install/rtabmap_sync/lib:/home/brace/codeSpace/navi/install/rtabmap_rviz_plugins/lib:/home/brace/codeSpace/navi/install/rtabmap_conversions/lib:/opt/ros/humble/opt/rviz_ogre_vendor/lib:/opt/ros/humble/lib/x86_64-linux-gnu:/opt/ros/humble/lib /usr/bin/cmake --install /home/brace/codeSpace/navi/build/rtabmap_conversions
[0.969s] Level 1:colcon.colcon_core.environment:checking '/home/brace/codeSpace/navi/install/rtabmap_conversions' for CMake config files
[0.969s] Level 1:colcon.colcon_core.shell:create_environment_hook('rtabmap_conversions', 'cmake_prefix_path')
[0.969s] INFO:colcon.colcon_core.shell:Creating environment hook '/home/brace/codeSpace/navi/install/rtabmap_conversions/share/rtabmap_conversions/hook/cmake_prefix_path.ps1'
[0.970s] INFO:colcon.colcon_core.shell:Creating environment descriptor '/home/brace/codeSpace/navi/install/rtabmap_conversions/share/rtabmap_conversions/hook/cmake_prefix_path.dsv'
[0.970s] INFO:colcon.colcon_core.shell:Creating environment hook '/home/brace/codeSpace/navi/install/rtabmap_conversions/share/rtabmap_conversions/hook/cmake_prefix_path.sh'
[0.970s] Level 1:colcon.colcon_core.environment:checking '/home/brace/codeSpace/navi/install/rtabmap_conversions/lib'
[0.970s] Level 1:colcon.colcon_core.shell:create_environment_hook('rtabmap_conversions', 'ld_library_path_lib')
[0.970s] INFO:colcon.colcon_core.shell:Creating environment hook '/home/brace/codeSpace/navi/install/rtabmap_conversions/share/rtabmap_conversions/hook/ld_library_path_lib.ps1'
[0.971s] INFO:colcon.colcon_core.shell:Creating environment descriptor '/home/brace/codeSpace/navi/install/rtabmap_conversions/share/rtabmap_conversions/hook/ld_library_path_lib.dsv'
[0.971s] INFO:colcon.colcon_core.shell:Creating environment hook '/home/brace/codeSpace/navi/install/rtabmap_conversions/share/rtabmap_conversions/hook/ld_library_path_lib.sh'
[0.971s] Level 1:colcon.colcon_core.environment:checking '/home/brace/codeSpace/navi/install/rtabmap_conversions/bin'
[0.971s] Level 1:colcon.colcon_core.environment:checking '/home/brace/codeSpace/navi/install/rtabmap_conversions/lib/pkgconfig/rtabmap_conversions.pc'
[0.971s] Level 1:colcon.colcon_core.environment:checking '/home/brace/codeSpace/navi/install/rtabmap_conversions/lib/python3.10/site-packages'
[0.971s] Level 1:colcon.colcon_core.environment:checking '/home/brace/codeSpace/navi/install/rtabmap_conversions/bin'
[0.972s] INFO:colcon.colcon_core.shell:Creating package script '/home/brace/codeSpace/navi/install/rtabmap_conversions/share/rtabmap_conversions/package.ps1'
[0.972s] INFO:colcon.colcon_core.shell:Creating package descriptor '/home/brace/codeSpace/navi/install/rtabmap_conversions/share/rtabmap_conversions/package.dsv'
[0.972s] INFO:colcon.colcon_core.shell:Creating package script '/home/brace/codeSpace/navi/install/rtabmap_conversions/share/rtabmap_conversions/package.sh'
[0.972s] INFO:colcon.colcon_core.shell:Creating package script '/home/brace/codeSpace/navi/install/rtabmap_conversions/share/rtabmap_conversions/package.bash'
[0.973s] INFO:colcon.colcon_core.shell:Creating package script '/home/brace/codeSpace/navi/install/rtabmap_conversions/share/rtabmap_conversions/package.zsh'
[0.973s] Level 1:colcon.colcon_core.environment:create_file_with_runtime_dependencies(/home/brace/codeSpace/navi/install/rtabmap_conversions/share/colcon-core/packages/rtabmap_conversions)
[0.973s] Level 1:colcon.colcon_core.environment:create_environment_scripts_only(rtabmap_conversions)
[0.973s] Level 1:colcon.colcon_core.environment:checking '/home/brace/codeSpace/navi/install/rtabmap_conversions' for CMake module files
[0.974s] Level 1:colcon.colcon_core.environment:checking '/home/brace/codeSpace/navi/install/rtabmap_conversions' for CMake config files
[0.974s] Level 1:colcon.colcon_core.shell:create_environment_hook('rtabmap_conversions', 'cmake_prefix_path')
[0.974s] INFO:colcon.colcon_core.shell:Creating environment hook '/home/brace/codeSpace/navi/install/rtabmap_conversions/share/rtabmap_conversions/hook/cmake_prefix_path.ps1'
[0.974s] INFO:colcon.colcon_core.shell:Creating environment descriptor '/home/brace/codeSpace/navi/install/rtabmap_conversions/share/rtabmap_conversions/hook/cmake_prefix_path.dsv'
[0.974s] INFO:colcon.colcon_core.shell:Creating environment hook '/home/brace/codeSpace/navi/install/rtabmap_conversions/share/rtabmap_conversions/hook/cmake_prefix_path.sh'
[0.975s] Level 1:colcon.colcon_core.environment:checking '/home/brace/codeSpace/navi/install/rtabmap_conversions/lib'
[0.975s] Level 1:colcon.colcon_core.shell:create_environment_hook('rtabmap_conversions', 'ld_library_path_lib')
[0.975s] INFO:colcon.colcon_core.shell:Creating environment hook '/home/brace/codeSpace/navi/install/rtabmap_conversions/share/rtabmap_conversions/hook/ld_library_path_lib.ps1'
[0.975s] INFO:colcon.colcon_core.shell:Creating environment descriptor '/home/brace/codeSpace/navi/install/rtabmap_conversions/share/rtabmap_conversions/hook/ld_library_path_lib.dsv'
[0.975s] INFO:colcon.colcon_core.shell:Creating environment hook '/home/brace/codeSpace/navi/install/rtabmap_conversions/share/rtabmap_conversions/hook/ld_library_path_lib.sh'
[0.976s] Level 1:colcon.colcon_core.environment:checking '/home/brace/codeSpace/navi/install/rtabmap_conversions/bin'
[0.976s] Level 1:colcon.colcon_core.environment:checking '/home/brace/codeSpace/navi/install/rtabmap_conversions/lib/pkgconfig/rtabmap_conversions.pc'
[0.976s] Level 1:colcon.colcon_core.environment:checking '/home/brace/codeSpace/navi/install/rtabmap_conversions/lib/python3.10/site-packages'
[0.976s] Level 1:colcon.colcon_core.environment:checking '/home/brace/codeSpace/navi/install/rtabmap_conversions/bin'
[0.976s] INFO:colcon.colcon_core.shell:Creating package script '/home/brace/codeSpace/navi/install/rtabmap_conversions/share/rtabmap_conversions/package.ps1'
[0.977s] INFO:colcon.colcon_core.shell:Creating package descriptor '/home/brace/codeSpace/navi/install/rtabmap_conversions/share/rtabmap_conversions/package.dsv'
[0.977s] INFO:colcon.colcon_core.shell:Creating package script '/home/brace/codeSpace/navi/install/rtabmap_conversions/share/rtabmap_conversions/package.sh'
[0.977s] INFO:colcon.colcon_core.shell:Creating package script '/home/brace/codeSpace/navi/install/rtabmap_conversions/share/rtabmap_conversions/package.bash'
[0.977s] INFO:colcon.colcon_core.shell:Creating package script '/home/brace/codeSpace/navi/install/rtabmap_conversions/share/rtabmap_conversions/package.zsh'
[0.978s] Level 1:colcon.colcon_core.environment:create_file_with_runtime_dependencies(/home/brace/codeSpace/navi/install/rtabmap_conversions/share/colcon-core/packages/rtabmap_conversions)
[0.978s] INFO:colcon.colcon_ros.task.ament_cmake.build:Building ROS package in '/home/brace/codeSpace/navi/src/rtabmap_ros/rtabmap_sync' with build type 'ament_cmake'
[0.978s] INFO:colcon.colcon_cmake.task.cmake.build:Building CMake package in '/home/brace/codeSpace/navi/src/rtabmap_ros/rtabmap_sync'
[0.978s] INFO:colcon.colcon_core.shell:Skip shell extension 'powershell' for command environment: Not usable outside of PowerShell
[0.979s] DEBUG:colcon.colcon_core.shell:Skip shell extension 'dsv' for command environment
[0.981s] INFO:colcon.colcon_ros.task.ament_cmake.build:Building ROS package in '/home/brace/codeSpace/navi/src/rtabmap_ros/rtabmap_util' with build type 'ament_cmake'
[0.982s] INFO:colcon.colcon_cmake.task.cmake.build:Building CMake package in '/home/brace/codeSpace/navi/src/rtabmap_ros/rtabmap_util'
[0.982s] INFO:colcon.colcon_core.shell:Skip shell extension 'powershell' for command environment: Not usable outside of PowerShell
[0.982s] DEBUG:colcon.colcon_core.shell:Skip shell extension 'dsv' for command environment
[0.985s] INFO:colcon.colcon_ros.task.ament_cmake.build:Building ROS package in '/home/brace/codeSpace/navi/src/rtabmap_ros/rtabmap_rviz_plugins' with build type 'ament_cmake'
[0.985s] INFO:colcon.colcon_cmake.task.cmake.build:Building CMake package in '/home/brace/codeSpace/navi/src/rtabmap_ros/rtabmap_rviz_plugins'
[0.985s] INFO:colcon.colcon_core.shell:Skip shell extension 'powershell' for command environment: Not usable outside of PowerShell
[0.985s] DEBUG:colcon.colcon_core.shell:Skip shell extension 'dsv' for command environment
[0.991s] DEBUG:colcon.colcon_core.event_handler.log_command:Invoking command in '/home/brace/codeSpace/navi/src/rtabmap_ros/rtabmap_python': PYTHONPATH=/home/brace/codeSpace/navi/build/rtabmap_python/prefix_override:/usr/lib/python3/dist-packages/colcon_core/task/python/colcon_distutils_commands:/home/brace/codeSpace/navi/install/rtabmap_python/lib/python3.10/site-packages:${PYTHONPATH} /usr/bin/python3 -W ignore:setup.py install is deprecated -W ignore:easy_install command is deprecated setup.py egg_info --egg-base ../../../build/rtabmap_python build --build-base /home/brace/codeSpace/navi/build/rtabmap_python/build install --record /home/brace/codeSpace/navi/build/rtabmap_python/install.log --single-version-externally-managed install_data
[0.995s] DEBUG:colcon.colcon_core.event_handler.log_command:Invoking command in '/home/brace/codeSpace/navi/build/rtabmap_sync': CMAKE_PREFIX_PATH=/home/brace/codeSpace/navi/install/rtabmap_conversions:/home/brace/codeSpace/navi/install/rtabmap_msgs:/home/brace/codeSpace/navi/install/rtabmap:/home/brace/codeSpace/navi/install/rtabmap_ros:/home/brace/codeSpace/navi/install/rtabmap_launch:/home/brace/codeSpace/navi/install/rtabmap_examples:/home/brace/codeSpace/navi/install/rtabmap_demos:/home/brace/codeSpace/navi/install/rtabmap_viz:/home/brace/codeSpace/navi/install/rtabmap_slam:/home/brace/codeSpace/navi/install/rtabmap_odom:/home/brace/codeSpace/navi/install/rtabmap_util:/home/brace/codeSpace/navi/install/rtabmap_sync:/home/brace/codeSpace/navi/install/rtabmap_rviz_plugins:/home/brace/codeSpace/navi/install/realsense2_rviz_plugin:/home/brace/codeSpace/navi/install/realsense2_description:/home/brace/codeSpace/navi/install/rtabmap_python:/home/brace/codeSpace/navi/install/realsense2_ros_mqtt_bridge:/opt/ros/humble LD_LIBRARY_PATH=/home/brace/codeSpace/navi/install/rtabmap_conversions/lib:/home/brace/codeSpace/navi/install/rtabmap_msgs/lib:/home/brace/codeSpace/navi/install/rtabmap/lib:/home/brace/codeSpace/navi/install/rtabmap_slam/lib:/home/brace/codeSpace/navi/install/rtabmap_odom/lib:/home/brace/codeSpace/navi/install/rtabmap_util/lib:/home/brace/codeSpace/navi/install/rtabmap_sync/lib:/home/brace/codeSpace/navi/install/rtabmap_rviz_plugins/lib:/opt/ros/humble/opt/rviz_ogre_vendor/lib:/opt/ros/humble/lib/x86_64-linux-gnu:/opt/ros/humble/lib /usr/bin/cmake --build /home/brace/codeSpace/navi/build/rtabmap_sync -- -j16 -l16
[0.999s] DEBUG:colcon.colcon_core.event_handler.log_command:Invoking command in '/home/brace/codeSpace/navi/build/rtabmap_util': CMAKE_PREFIX_PATH=/home/brace/codeSpace/navi/install/rtabmap_conversions:/home/brace/codeSpace/navi/install/rtabmap_msgs:/home/brace/codeSpace/navi/install/rtabmap:/home/brace/codeSpace/navi/install/rtabmap_ros:/home/brace/codeSpace/navi/install/rtabmap_launch:/home/brace/codeSpace/navi/install/rtabmap_examples:/home/brace/codeSpace/navi/install/rtabmap_demos:/home/brace/codeSpace/navi/install/rtabmap_viz:/home/brace/codeSpace/navi/install/rtabmap_slam:/home/brace/codeSpace/navi/install/rtabmap_odom:/home/brace/codeSpace/navi/install/rtabmap_util:/home/brace/codeSpace/navi/install/rtabmap_sync:/home/brace/codeSpace/navi/install/rtabmap_rviz_plugins:/home/brace/codeSpace/navi/install/realsense2_rviz_plugin:/home/brace/codeSpace/navi/install/realsense2_description:/home/brace/codeSpace/navi/install/rtabmap_python:/home/brace/codeSpace/navi/install/realsense2_ros_mqtt_bridge:/opt/ros/humble LD_LIBRARY_PATH=/home/brace/codeSpace/navi/install/rtabmap_conversions/lib:/home/brace/codeSpace/navi/install/rtabmap_msgs/lib:/home/brace/codeSpace/navi/install/rtabmap/lib:/home/brace/codeSpace/navi/install/rtabmap_slam/lib:/home/brace/codeSpace/navi/install/rtabmap_odom/lib:/home/brace/codeSpace/navi/install/rtabmap_util/lib:/home/brace/codeSpace/navi/install/rtabmap_sync/lib:/home/brace/codeSpace/navi/install/rtabmap_rviz_plugins/lib:/opt/ros/humble/opt/rviz_ogre_vendor/lib:/opt/ros/humble/lib/x86_64-linux-gnu:/opt/ros/humble/lib /usr/bin/cmake --build /home/brace/codeSpace/navi/build/rtabmap_util -- -j16 -l16
[1.002s] DEBUG:colcon.colcon_core.event_handler.log_command:Invoking command in '/home/brace/codeSpace/navi/build/rtabmap_rviz_plugins': CMAKE_PREFIX_PATH=/home/brace/codeSpace/navi/install/rtabmap_conversions:/home/brace/codeSpace/navi/install/rtabmap_msgs:/home/brace/codeSpace/navi/install/rtabmap:/home/brace/codeSpace/navi/install/rtabmap_ros:/home/brace/codeSpace/navi/install/rtabmap_launch:/home/brace/codeSpace/navi/install/rtabmap_examples:/home/brace/codeSpace/navi/install/rtabmap_demos:/home/brace/codeSpace/navi/install/rtabmap_viz:/home/brace/codeSpace/navi/install/rtabmap_slam:/home/brace/codeSpace/navi/install/rtabmap_odom:/home/brace/codeSpace/navi/install/rtabmap_util:/home/brace/codeSpace/navi/install/rtabmap_sync:/home/brace/codeSpace/navi/install/rtabmap_rviz_plugins:/home/brace/codeSpace/navi/install/realsense2_rviz_plugin:/home/brace/codeSpace/navi/install/realsense2_description:/home/brace/codeSpace/navi/install/rtabmap_python:/home/brace/codeSpace/navi/install/realsense2_ros_mqtt_bridge:/opt/ros/humble LD_LIBRARY_PATH=/home/brace/codeSpace/navi/install/rtabmap_conversions/lib:/home/brace/codeSpace/navi/install/rtabmap_msgs/lib:/home/brace/codeSpace/navi/install/rtabmap/lib:/home/brace/codeSpace/navi/install/rtabmap_slam/lib:/home/brace/codeSpace/navi/install/rtabmap_odom/lib:/home/brace/codeSpace/navi/install/rtabmap_util/lib:/home/brace/codeSpace/navi/install/rtabmap_sync/lib:/home/brace/codeSpace/navi/install/rtabmap_rviz_plugins/lib:/opt/ros/humble/opt/rviz_ogre_vendor/lib:/opt/ros/humble/lib/x86_64-linux-gnu:/opt/ros/humble/lib /usr/bin/cmake --build /home/brace/codeSpace/navi/build/rtabmap_rviz_plugins -- -j16 -l16
[1.105s] DEBUG:colcon.colcon_core.event_handler.log_command:Invoked command in '/home/brace/codeSpace/navi/build/rtabmap_sync' returned '0': CMAKE_PREFIX_PATH=/home/brace/codeSpace/navi/install/rtabmap_conversions:/home/brace/codeSpace/navi/install/rtabmap_msgs:/home/brace/codeSpace/navi/install/rtabmap:/home/brace/codeSpace/navi/install/rtabmap_ros:/home/brace/codeSpace/navi/install/rtabmap_launch:/home/brace/codeSpace/navi/install/rtabmap_examples:/home/brace/codeSpace/navi/install/rtabmap_demos:/home/brace/codeSpace/navi/install/rtabmap_viz:/home/brace/codeSpace/navi/install/rtabmap_slam:/home/brace/codeSpace/navi/install/rtabmap_odom:/home/brace/codeSpace/navi/install/rtabmap_util:/home/brace/codeSpace/navi/install/rtabmap_sync:/home/brace/codeSpace/navi/install/rtabmap_rviz_plugins:/home/brace/codeSpace/navi/install/realsense2_rviz_plugin:/home/brace/codeSpace/navi/install/realsense2_description:/home/brace/codeSpace/navi/install/rtabmap_python:/home/brace/codeSpace/navi/install/realsense2_ros_mqtt_bridge:/opt/ros/humble LD_LIBRARY_PATH=/home/brace/codeSpace/navi/install/rtabmap_conversions/lib:/home/brace/codeSpace/navi/install/rtabmap_msgs/lib:/home/brace/codeSpace/navi/install/rtabmap/lib:/home/brace/codeSpace/navi/install/rtabmap_slam/lib:/home/brace/codeSpace/navi/install/rtabmap_odom/lib:/home/brace/codeSpace/navi/install/rtabmap_util/lib:/home/brace/codeSpace/navi/install/rtabmap_sync/lib:/home/brace/codeSpace/navi/install/rtabmap_rviz_plugins/lib:/opt/ros/humble/opt/rviz_ogre_vendor/lib:/opt/ros/humble/lib/x86_64-linux-gnu:/opt/ros/humble/lib /usr/bin/cmake --build /home/brace/codeSpace/navi/build/rtabmap_sync -- -j16 -l16
[1.110s] DEBUG:colcon.colcon_core.event_handler.log_command:Invoking command in '/home/brace/codeSpace/navi/build/rtabmap_sync': CMAKE_PREFIX_PATH=/home/brace/codeSpace/navi/install/rtabmap_conversions:/home/brace/codeSpace/navi/install/rtabmap_msgs:/home/brace/codeSpace/navi/install/rtabmap:/home/brace/codeSpace/navi/install/rtabmap_ros:/home/brace/codeSpace/navi/install/rtabmap_launch:/home/brace/codeSpace/navi/install/rtabmap_examples:/home/brace/codeSpace/navi/install/rtabmap_demos:/home/brace/codeSpace/navi/install/rtabmap_viz:/home/brace/codeSpace/navi/install/rtabmap_slam:/home/brace/codeSpace/navi/install/rtabmap_odom:/home/brace/codeSpace/navi/install/rtabmap_util:/home/brace/codeSpace/navi/install/rtabmap_sync:/home/brace/codeSpace/navi/install/rtabmap_rviz_plugins:/home/brace/codeSpace/navi/install/realsense2_rviz_plugin:/home/brace/codeSpace/navi/install/realsense2_description:/home/brace/codeSpace/navi/install/rtabmap_python:/home/brace/codeSpace/navi/install/realsense2_ros_mqtt_bridge:/opt/ros/humble LD_LIBRARY_PATH=/home/brace/codeSpace/navi/install/rtabmap_conversions/lib:/home/brace/codeSpace/navi/install/rtabmap_msgs/lib:/home/brace/codeSpace/navi/install/rtabmap/lib:/home/brace/codeSpace/navi/install/rtabmap_slam/lib:/home/brace/codeSpace/navi/install/rtabmap_odom/lib:/home/brace/codeSpace/navi/install/rtabmap_util/lib:/home/brace/codeSpace/navi/install/rtabmap_sync/lib:/home/brace/codeSpace/navi/install/rtabmap_rviz_plugins/lib:/opt/ros/humble/opt/rviz_ogre_vendor/lib:/opt/ros/humble/lib/x86_64-linux-gnu:/opt/ros/humble/lib /usr/bin/cmake --install /home/brace/codeSpace/navi/build/rtabmap_sync
[1.133s] DEBUG:colcon.colcon_core.event_handler.log_command:Invoked command in '/home/brace/codeSpace/navi/build/rtabmap_rviz_plugins' returned '0': CMAKE_PREFIX_PATH=/home/brace/codeSpace/navi/install/rtabmap_conversions:/home/brace/codeSpace/navi/install/rtabmap_msgs:/home/brace/codeSpace/navi/install/rtabmap:/home/brace/codeSpace/navi/install/rtabmap_ros:/home/brace/codeSpace/navi/install/rtabmap_launch:/home/brace/codeSpace/navi/install/rtabmap_examples:/home/brace/codeSpace/navi/install/rtabmap_demos:/home/brace/codeSpace/navi/install/rtabmap_viz:/home/brace/codeSpace/navi/install/rtabmap_slam:/home/brace/codeSpace/navi/install/rtabmap_odom:/home/brace/codeSpace/navi/install/rtabmap_util:/home/brace/codeSpace/navi/install/rtabmap_sync:/home/brace/codeSpace/navi/install/rtabmap_rviz_plugins:/home/brace/codeSpace/navi/install/realsense2_rviz_plugin:/home/brace/codeSpace/navi/install/realsense2_description:/home/brace/codeSpace/navi/install/rtabmap_python:/home/brace/codeSpace/navi/install/realsense2_ros_mqtt_bridge:/opt/ros/humble LD_LIBRARY_PATH=/home/brace/codeSpace/navi/install/rtabmap_conversions/lib:/home/brace/codeSpace/navi/install/rtabmap_msgs/lib:/home/brace/codeSpace/navi/install/rtabmap/lib:/home/brace/codeSpace/navi/install/rtabmap_slam/lib:/home/brace/codeSpace/navi/install/rtabmap_odom/lib:/home/brace/codeSpace/navi/install/rtabmap_util/lib:/home/brace/codeSpace/navi/install/rtabmap_sync/lib:/home/brace/codeSpace/navi/install/rtabmap_rviz_plugins/lib:/opt/ros/humble/opt/rviz_ogre_vendor/lib:/opt/ros/humble/lib/x86_64-linux-gnu:/opt/ros/humble/lib /usr/bin/cmake --build /home/brace/codeSpace/navi/build/rtabmap_rviz_plugins -- -j16 -l16
[1.136s] DEBUG:colcon.colcon_core.event_handler.log_command:Invoking command in '/home/brace/codeSpace/navi/build/rtabmap_rviz_plugins': CMAKE_PREFIX_PATH=/home/brace/codeSpace/navi/install/rtabmap_conversions:/home/brace/codeSpace/navi/install/rtabmap_msgs:/home/brace/codeSpace/navi/install/rtabmap:/home/brace/codeSpace/navi/install/rtabmap_ros:/home/brace/codeSpace/navi/install/rtabmap_launch:/home/brace/codeSpace/navi/install/rtabmap_examples:/home/brace/codeSpace/navi/install/rtabmap_demos:/home/brace/codeSpace/navi/install/rtabmap_viz:/home/brace/codeSpace/navi/install/rtabmap_slam:/home/brace/codeSpace/navi/install/rtabmap_odom:/home/brace/codeSpace/navi/install/rtabmap_util:/home/brace/codeSpace/navi/install/rtabmap_sync:/home/brace/codeSpace/navi/install/rtabmap_rviz_plugins:/home/brace/codeSpace/navi/install/realsense2_rviz_plugin:/home/brace/codeSpace/navi/install/realsense2_description:/home/brace/codeSpace/navi/install/rtabmap_python:/home/brace/codeSpace/navi/install/realsense2_ros_mqtt_bridge:/opt/ros/humble LD_LIBRARY_PATH=/home/brace/codeSpace/navi/install/rtabmap_conversions/lib:/home/brace/codeSpace/navi/install/rtabmap_msgs/lib:/home/brace/codeSpace/navi/install/rtabmap/lib:/home/brace/codeSpace/navi/install/rtabmap_slam/lib:/home/brace/codeSpace/navi/install/rtabmap_odom/lib:/home/brace/codeSpace/navi/install/rtabmap_util/lib:/home/brace/codeSpace/navi/install/rtabmap_sync/lib:/home/brace/codeSpace/navi/install/rtabmap_rviz_plugins/lib:/opt/ros/humble/opt/rviz_ogre_vendor/lib:/opt/ros/humble/lib/x86_64-linux-gnu:/opt/ros/humble/lib /usr/bin/cmake --install /home/brace/codeSpace/navi/build/rtabmap_rviz_plugins
[1.139s] Level 1:colcon.colcon_core.environment:create_environment_scripts_only(rtabmap_sync)
[1.139s] Level 1:colcon.colcon_core.environment:checking '/home/brace/codeSpace/navi/install/rtabmap_sync' for CMake module files
[1.140s] DEBUG:colcon.colcon_core.event_handler.log_command:Invoked command in '/home/brace/codeSpace/navi/build/rtabmap_sync' returned '0': CMAKE_PREFIX_PATH=/home/brace/codeSpace/navi/install/rtabmap_conversions:/home/brace/codeSpace/navi/install/rtabmap_msgs:/home/brace/codeSpace/navi/install/rtabmap:/home/brace/codeSpace/navi/install/rtabmap_ros:/home/brace/codeSpace/navi/install/rtabmap_launch:/home/brace/codeSpace/navi/install/rtabmap_examples:/home/brace/codeSpace/navi/install/rtabmap_demos:/home/brace/codeSpace/navi/install/rtabmap_viz:/home/brace/codeSpace/navi/install/rtabmap_slam:/home/brace/codeSpace/navi/install/rtabmap_odom:/home/brace/codeSpace/navi/install/rtabmap_util:/home/brace/codeSpace/navi/install/rtabmap_sync:/home/brace/codeSpace/navi/install/rtabmap_rviz_plugins:/home/brace/codeSpace/navi/install/realsense2_rviz_plugin:/home/brace/codeSpace/navi/install/realsense2_description:/home/brace/codeSpace/navi/install/rtabmap_python:/home/brace/codeSpace/navi/install/realsense2_ros_mqtt_bridge:/opt/ros/humble LD_LIBRARY_PATH=/home/brace/codeSpace/navi/install/rtabmap_conversions/lib:/home/brace/codeSpace/navi/install/rtabmap_msgs/lib:/home/brace/codeSpace/navi/install/rtabmap/lib:/home/brace/codeSpace/navi/install/rtabmap_slam/lib:/home/brace/codeSpace/navi/install/rtabmap_odom/lib:/home/brace/codeSpace/navi/install/rtabmap_util/lib:/home/brace/codeSpace/navi/install/rtabmap_sync/lib:/home/brace/codeSpace/navi/install/rtabmap_rviz_plugins/lib:/opt/ros/humble/opt/rviz_ogre_vendor/lib:/opt/ros/humble/lib/x86_64-linux-gnu:/opt/ros/humble/lib /usr/bin/cmake --install /home/brace/codeSpace/navi/build/rtabmap_sync
[1.141s] Level 1:colcon.colcon_core.environment:checking '/home/brace/codeSpace/navi/install/rtabmap_sync' for CMake config files
[1.142s] Level 1:colcon.colcon_core.shell:create_environment_hook('rtabmap_sync', 'cmake_prefix_path')
[1.142s] INFO:colcon.colcon_core.shell:Creating environment hook '/home/brace/codeSpace/navi/install/rtabmap_sync/share/rtabmap_sync/hook/cmake_prefix_path.ps1'
[1.144s] INFO:colcon.colcon_core.shell:Creating environment descriptor '/home/brace/codeSpace/navi/install/rtabmap_sync/share/rtabmap_sync/hook/cmake_prefix_path.dsv'
[1.145s] INFO:colcon.colcon_core.shell:Creating environment hook '/home/brace/codeSpace/navi/install/rtabmap_sync/share/rtabmap_sync/hook/cmake_prefix_path.sh'
[1.145s] Level 1:colcon.colcon_core.environment:checking '/home/brace/codeSpace/navi/install/rtabmap_sync/lib'
[1.145s] Level 1:colcon.colcon_core.shell:create_environment_hook('rtabmap_sync', 'ld_library_path_lib')
[1.146s] INFO:colcon.colcon_core.shell:Creating environment hook '/home/brace/codeSpace/navi/install/rtabmap_sync/share/rtabmap_sync/hook/ld_library_path_lib.ps1'
[1.146s] INFO:colcon.colcon_core.shell:Creating environment descriptor '/home/brace/codeSpace/navi/install/rtabmap_sync/share/rtabmap_sync/hook/ld_library_path_lib.dsv'
[1.146s] INFO:colcon.colcon_core.shell:Creating environment hook '/home/brace/codeSpace/navi/install/rtabmap_sync/share/rtabmap_sync/hook/ld_library_path_lib.sh'
[1.146s] Level 1:colcon.colcon_core.environment:checking '/home/brace/codeSpace/navi/install/rtabmap_sync/bin'
[1.147s] Level 1:colcon.colcon_core.environment:checking '/home/brace/codeSpace/navi/install/rtabmap_sync/lib/pkgconfig/rtabmap_sync.pc'
[1.147s] Level 1:colcon.colcon_core.environment:checking '/home/brace/codeSpace/navi/install/rtabmap_sync/lib/python3.10/site-packages'
[1.147s] Level 1:colcon.colcon_core.environment:checking '/home/brace/codeSpace/navi/install/rtabmap_sync/bin'
[1.147s] INFO:colcon.colcon_core.shell:Creating package script '/home/brace/codeSpace/navi/install/rtabmap_sync/share/rtabmap_sync/package.ps1'
[1.148s] INFO:colcon.colcon_core.shell:Creating package descriptor '/home/brace/codeSpace/navi/install/rtabmap_sync/share/rtabmap_sync/package.dsv'
[1.149s] INFO:colcon.colcon_core.shell:Creating package script '/home/brace/codeSpace/navi/install/rtabmap_sync/share/rtabmap_sync/package.sh'
[1.150s] INFO:colcon.colcon_core.shell:Creating package script '/home/brace/codeSpace/navi/install/rtabmap_sync/share/rtabmap_sync/package.bash'
[1.150s] INFO:colcon.colcon_core.shell:Creating package script '/home/brace/codeSpace/navi/install/rtabmap_sync/share/rtabmap_sync/package.zsh'
[1.151s] Level 1:colcon.colcon_core.environment:create_file_with_runtime_dependencies(/home/brace/codeSpace/navi/install/rtabmap_sync/share/colcon-core/packages/rtabmap_sync)
[1.152s] Level 1:colcon.colcon_core.environment:create_environment_scripts_only(rtabmap_sync)
[1.152s] Level 1:colcon.colcon_core.environment:checking '/home/brace/codeSpace/navi/install/rtabmap_sync' for CMake module files
[1.152s] Level 1:colcon.colcon_core.environment:checking '/home/brace/codeSpace/navi/install/rtabmap_sync' for CMake config files
[1.153s] Level 1:colcon.colcon_core.shell:create_environment_hook('rtabmap_sync', 'cmake_prefix_path')
[1.153s] INFO:colcon.colcon_core.shell:Creating environment hook '/home/brace/codeSpace/navi/install/rtabmap_sync/share/rtabmap_sync/hook/cmake_prefix_path.ps1'
[1.153s] INFO:colcon.colcon_core.shell:Creating environment descriptor '/home/brace/codeSpace/navi/install/rtabmap_sync/share/rtabmap_sync/hook/cmake_prefix_path.dsv'
[1.153s] INFO:colcon.colcon_core.shell:Creating environment hook '/home/brace/codeSpace/navi/install/rtabmap_sync/share/rtabmap_sync/hook/cmake_prefix_path.sh'
[1.154s] Level 1:colcon.colcon_core.environment:checking '/home/brace/codeSpace/navi/install/rtabmap_sync/lib'
[1.154s] Level 1:colcon.colcon_core.shell:create_environment_hook('rtabmap_sync', 'ld_library_path_lib')
[1.154s] INFO:colcon.colcon_core.shell:Creating environment hook '/home/brace/codeSpace/navi/install/rtabmap_sync/share/rtabmap_sync/hook/ld_library_path_lib.ps1'
[1.154s] INFO:colcon.colcon_core.shell:Creating environment descriptor '/home/brace/codeSpace/navi/install/rtabmap_sync/share/rtabmap_sync/hook/ld_library_path_lib.dsv'
[1.154s] INFO:colcon.colcon_core.shell:Creating environment hook '/home/brace/codeSpace/navi/install/rtabmap_sync/share/rtabmap_sync/hook/ld_library_path_lib.sh'
[1.154s] Level 1:colcon.colcon_core.environment:checking '/home/brace/codeSpace/navi/install/rtabmap_sync/bin'
[1.154s] Level 1:colcon.colcon_core.environment:checking '/home/brace/codeSpace/navi/install/rtabmap_sync/lib/pkgconfig/rtabmap_sync.pc'
[1.155s] Level 1:colcon.colcon_core.environment:checking '/home/brace/codeSpace/navi/install/rtabmap_sync/lib/python3.10/site-packages'
[1.155s] Level 1:colcon.colcon_core.environment:checking '/home/brace/codeSpace/navi/install/rtabmap_sync/bin'
[1.155s] INFO:colcon.colcon_core.shell:Creating package script '/home/brace/codeSpace/navi/install/rtabmap_sync/share/rtabmap_sync/package.ps1'
[1.155s] INFO:colcon.colcon_core.shell:Creating package descriptor '/home/brace/codeSpace/navi/install/rtabmap_sync/share/rtabmap_sync/package.dsv'
[1.156s] INFO:colcon.colcon_core.shell:Creating package script '/home/brace/codeSpace/navi/install/rtabmap_sync/share/rtabmap_sync/package.sh'
[1.156s] INFO:colcon.colcon_core.shell:Creating package script '/home/brace/codeSpace/navi/install/rtabmap_sync/share/rtabmap_sync/package.bash'
[1.157s] INFO:colcon.colcon_core.shell:Creating package script '/home/brace/codeSpace/navi/install/rtabmap_sync/share/rtabmap_sync/package.zsh'
[1.158s] Level 1:colcon.colcon_core.environment:create_file_with_runtime_dependencies(/home/brace/codeSpace/navi/install/rtabmap_sync/share/colcon-core/packages/rtabmap_sync)
[1.158s] INFO:colcon.colcon_ros.task.ament_cmake.build:Building ROS package in '/home/brace/codeSpace/navi/src/rtabmap_ros/rtabmap_viz' with build type 'ament_cmake'
[1.158s] INFO:colcon.colcon_cmake.task.cmake.build:Building CMake package in '/home/brace/codeSpace/navi/src/rtabmap_ros/rtabmap_viz'
[1.159s] INFO:colcon.colcon_core.shell:Skip shell extension 'powershell' for command environment: Not usable outside of PowerShell
[1.159s] DEBUG:colcon.colcon_core.shell:Skip shell extension 'dsv' for command environment
[1.163s] Level 1:colcon.colcon_core.environment:create_environment_scripts_only(rtabmap_rviz_plugins)
[1.163s] Level 1:colcon.colcon_core.environment:checking '/home/brace/codeSpace/navi/install/rtabmap_rviz_plugins' for CMake module files
[1.164s] DEBUG:colcon.colcon_core.event_handler.log_command:Invoked command in '/home/brace/codeSpace/navi/build/rtabmap_rviz_plugins' returned '0': CMAKE_PREFIX_PATH=/home/brace/codeSpace/navi/install/rtabmap_conversions:/home/brace/codeSpace/navi/install/rtabmap_msgs:/home/brace/codeSpace/navi/install/rtabmap:/home/brace/codeSpace/navi/install/rtabmap_ros:/home/brace/codeSpace/navi/install/rtabmap_launch:/home/brace/codeSpace/navi/install/rtabmap_examples:/home/brace/codeSpace/navi/install/rtabmap_demos:/home/brace/codeSpace/navi/install/rtabmap_viz:/home/brace/codeSpace/navi/install/rtabmap_slam:/home/brace/codeSpace/navi/install/rtabmap_odom:/home/brace/codeSpace/navi/install/rtabmap_util:/home/brace/codeSpace/navi/install/rtabmap_sync:/home/brace/codeSpace/navi/install/rtabmap_rviz_plugins:/home/brace/codeSpace/navi/install/realsense2_rviz_plugin:/home/brace/codeSpace/navi/install/realsense2_description:/home/brace/codeSpace/navi/install/rtabmap_python:/home/brace/codeSpace/navi/install/realsense2_ros_mqtt_bridge:/opt/ros/humble LD_LIBRARY_PATH=/home/brace/codeSpace/navi/install/rtabmap_conversions/lib:/home/brace/codeSpace/navi/install/rtabmap_msgs/lib:/home/brace/codeSpace/navi/install/rtabmap/lib:/home/brace/codeSpace/navi/install/rtabmap_slam/lib:/home/brace/codeSpace/navi/install/rtabmap_odom/lib:/home/brace/codeSpace/navi/install/rtabmap_util/lib:/home/brace/codeSpace/navi/install/rtabmap_sync/lib:/home/brace/codeSpace/navi/install/rtabmap_rviz_plugins/lib:/opt/ros/humble/opt/rviz_ogre_vendor/lib:/opt/ros/humble/lib/x86_64-linux-gnu:/opt/ros/humble/lib /usr/bin/cmake --install /home/brace/codeSpace/navi/build/rtabmap_rviz_plugins
[1.164s] Level 1:colcon.colcon_core.environment:checking '/home/brace/codeSpace/navi/install/rtabmap_rviz_plugins' for CMake config files
[1.164s] Level 1:colcon.colcon_core.shell:create_environment_hook('rtabmap_rviz_plugins', 'cmake_prefix_path')
[1.164s] INFO:colcon.colcon_core.shell:Creating environment hook '/home/brace/codeSpace/navi/install/rtabmap_rviz_plugins/share/rtabmap_rviz_plugins/hook/cmake_prefix_path.ps1'
[1.164s] INFO:colcon.colcon_core.shell:Creating environment descriptor '/home/brace/codeSpace/navi/install/rtabmap_rviz_plugins/share/rtabmap_rviz_plugins/hook/cmake_prefix_path.dsv'
[1.165s] INFO:colcon.colcon_core.shell:Creating environment hook '/home/brace/codeSpace/navi/install/rtabmap_rviz_plugins/share/rtabmap_rviz_plugins/hook/cmake_prefix_path.sh'
[1.165s] Level 1:colcon.colcon_core.environment:checking '/home/brace/codeSpace/navi/install/rtabmap_rviz_plugins/lib'
[1.165s] Level 1:colcon.colcon_core.shell:create_environment_hook('rtabmap_rviz_plugins', 'ld_library_path_lib')
[1.165s] INFO:colcon.colcon_core.shell:Creating environment hook '/home/brace/codeSpace/navi/install/rtabmap_rviz_plugins/share/rtabmap_rviz_plugins/hook/ld_library_path_lib.ps1'
[1.166s] INFO:colcon.colcon_core.shell:Creating environment descriptor '/home/brace/codeSpace/navi/install/rtabmap_rviz_plugins/share/rtabmap_rviz_plugins/hook/ld_library_path_lib.dsv'
[1.166s] INFO:colcon.colcon_core.shell:Creating environment hook '/home/brace/codeSpace/navi/install/rtabmap_rviz_plugins/share/rtabmap_rviz_plugins/hook/ld_library_path_lib.sh'
[1.166s] Level 1:colcon.colcon_core.environment:checking '/home/brace/codeSpace/navi/install/rtabmap_rviz_plugins/bin'
[1.166s] Level 1:colcon.colcon_core.environment:checking '/home/brace/codeSpace/navi/install/rtabmap_rviz_plugins/lib/pkgconfig/rtabmap_rviz_plugins.pc'
[1.166s] Level 1:colcon.colcon_core.environment:checking '/home/brace/codeSpace/navi/install/rtabmap_rviz_plugins/lib/python3.10/site-packages'
[1.167s] Level 1:colcon.colcon_core.environment:checking '/home/brace/codeSpace/navi/install/rtabmap_rviz_plugins/bin'
[1.167s] INFO:colcon.colcon_core.shell:Creating package script '/home/brace/codeSpace/navi/install/rtabmap_rviz_plugins/share/rtabmap_rviz_plugins/package.ps1'
[1.167s] INFO:colcon.colcon_core.shell:Creating package descriptor '/home/brace/codeSpace/navi/install/rtabmap_rviz_plugins/share/rtabmap_rviz_plugins/package.dsv'
[1.167s] INFO:colcon.colcon_core.shell:Creating package script '/home/brace/codeSpace/navi/install/rtabmap_rviz_plugins/share/rtabmap_rviz_plugins/package.sh'
[1.168s] INFO:colcon.colcon_core.shell:Creating package script '/home/brace/codeSpace/navi/install/rtabmap_rviz_plugins/share/rtabmap_rviz_plugins/package.bash'
[1.169s] INFO:colcon.colcon_core.shell:Creating package script '/home/brace/codeSpace/navi/install/rtabmap_rviz_plugins/share/rtabmap_rviz_plugins/package.zsh'
[1.169s] Level 1:colcon.colcon_core.environment:create_file_with_runtime_dependencies(/home/brace/codeSpace/navi/install/rtabmap_rviz_plugins/share/colcon-core/packages/rtabmap_rviz_plugins)
[1.169s] Level 1:colcon.colcon_core.environment:create_environment_scripts_only(rtabmap_rviz_plugins)
[1.169s] Level 1:colcon.colcon_core.environment:checking '/home/brace/codeSpace/navi/install/rtabmap_rviz_plugins' for CMake module files
[1.170s] Level 1:colcon.colcon_core.environment:checking '/home/brace/codeSpace/navi/install/rtabmap_rviz_plugins' for CMake config files
[1.170s] Level 1:colcon.colcon_core.shell:create_environment_hook('rtabmap_rviz_plugins', 'cmake_prefix_path')
[1.170s] INFO:colcon.colcon_core.shell:Creating environment hook '/home/brace/codeSpace/navi/install/rtabmap_rviz_plugins/share/rtabmap_rviz_plugins/hook/cmake_prefix_path.ps1'
[1.171s] INFO:colcon.colcon_core.shell:Creating environment descriptor '/home/brace/codeSpace/navi/install/rtabmap_rviz_plugins/share/rtabmap_rviz_plugins/hook/cmake_prefix_path.dsv'
[1.171s] INFO:colcon.colcon_core.shell:Creating environment hook '/home/brace/codeSpace/navi/install/rtabmap_rviz_plugins/share/rtabmap_rviz_plugins/hook/cmake_prefix_path.sh'
[1.172s] Level 1:colcon.colcon_core.environment:checking '/home/brace/codeSpace/navi/install/rtabmap_rviz_plugins/lib'
[1.172s] Level 1:colcon.colcon_core.shell:create_environment_hook('rtabmap_rviz_plugins', 'ld_library_path_lib')
[1.172s] INFO:colcon.colcon_core.shell:Creating environment hook '/home/brace/codeSpace/navi/install/rtabmap_rviz_plugins/share/rtabmap_rviz_plugins/hook/ld_library_path_lib.ps1'
[1.172s] INFO:colcon.colcon_core.shell:Creating environment descriptor '/home/brace/codeSpace/navi/install/rtabmap_rviz_plugins/share/rtabmap_rviz_plugins/hook/ld_library_path_lib.dsv'
[1.173s] INFO:colcon.colcon_core.shell:Creating environment hook '/home/brace/codeSpace/navi/install/rtabmap_rviz_plugins/share/rtabmap_rviz_plugins/hook/ld_library_path_lib.sh'
[1.173s] Level 1:colcon.colcon_core.environment:checking '/home/brace/codeSpace/navi/install/rtabmap_rviz_plugins/bin'
[1.173s] Level 1:colcon.colcon_core.environment:checking '/home/brace/codeSpace/navi/install/rtabmap_rviz_plugins/lib/pkgconfig/rtabmap_rviz_plugins.pc'
[1.173s] Level 1:colcon.colcon_core.environment:checking '/home/brace/codeSpace/navi/install/rtabmap_rviz_plugins/lib/python3.10/site-packages'
[1.173s] Level 1:colcon.colcon_core.environment:checking '/home/brace/codeSpace/navi/install/rtabmap_rviz_plugins/bin'
[1.174s] INFO:colcon.colcon_core.shell:Creating package script '/home/brace/codeSpace/navi/install/rtabmap_rviz_plugins/share/rtabmap_rviz_plugins/package.ps1'
[1.174s] INFO:colcon.colcon_core.shell:Creating package descriptor '/home/brace/codeSpace/navi/install/rtabmap_rviz_plugins/share/rtabmap_rviz_plugins/package.dsv'
[1.175s] INFO:colcon.colcon_core.shell:Creating package script '/home/brace/codeSpace/navi/install/rtabmap_rviz_plugins/share/rtabmap_rviz_plugins/package.sh'
[1.175s] INFO:colcon.colcon_core.shell:Creating package script '/home/brace/codeSpace/navi/install/rtabmap_rviz_plugins/share/rtabmap_rviz_plugins/package.bash'
[1.175s] INFO:colcon.colcon_core.shell:Creating package script '/home/brace/codeSpace/navi/install/rtabmap_rviz_plugins/share/rtabmap_rviz_plugins/package.zsh'
[1.175s] Level 1:colcon.colcon_core.environment:create_file_with_runtime_dependencies(/home/brace/codeSpace/navi/install/rtabmap_rviz_plugins/share/colcon-core/packages/rtabmap_rviz_plugins)
[1.177s] DEBUG:colcon.colcon_core.event_handler.log_command:Invoked command in '/home/brace/codeSpace/navi/build/rtabmap_util' returned '0': CMAKE_PREFIX_PATH=/home/brace/codeSpace/navi/install/rtabmap_conversions:/home/brace/codeSpace/navi/install/rtabmap_msgs:/home/brace/codeSpace/navi/install/rtabmap:/home/brace/codeSpace/navi/install/rtabmap_ros:/home/brace/codeSpace/navi/install/rtabmap_launch:/home/brace/codeSpace/navi/install/rtabmap_examples:/home/brace/codeSpace/navi/install/rtabmap_demos:/home/brace/codeSpace/navi/install/rtabmap_viz:/home/brace/codeSpace/navi/install/rtabmap_slam:/home/brace/codeSpace/navi/install/rtabmap_odom:/home/brace/codeSpace/navi/install/rtabmap_util:/home/brace/codeSpace/navi/install/rtabmap_sync:/home/brace/codeSpace/navi/install/rtabmap_rviz_plugins:/home/brace/codeSpace/navi/install/realsense2_rviz_plugin:/home/brace/codeSpace/navi/install/realsense2_description:/home/brace/codeSpace/navi/install/rtabmap_python:/home/brace/codeSpace/navi/install/realsense2_ros_mqtt_bridge:/opt/ros/humble LD_LIBRARY_PATH=/home/brace/codeSpace/navi/install/rtabmap_conversions/lib:/home/brace/codeSpace/navi/install/rtabmap_msgs/lib:/home/brace/codeSpace/navi/install/rtabmap/lib:/home/brace/codeSpace/navi/install/rtabmap_slam/lib:/home/brace/codeSpace/navi/install/rtabmap_odom/lib:/home/brace/codeSpace/navi/install/rtabmap_util/lib:/home/brace/codeSpace/navi/install/rtabmap_sync/lib:/home/brace/codeSpace/navi/install/rtabmap_rviz_plugins/lib:/opt/ros/humble/opt/rviz_ogre_vendor/lib:/opt/ros/humble/lib/x86_64-linux-gnu:/opt/ros/humble/lib /usr/bin/cmake --build /home/brace/codeSpace/navi/build/rtabmap_util -- -j16 -l16
[1.179s] DEBUG:colcon.colcon_core.event_handler.log_command:Invoking command in '/home/brace/codeSpace/navi/build/rtabmap_util': CMAKE_PREFIX_PATH=/home/brace/codeSpace/navi/install/rtabmap_conversions:/home/brace/codeSpace/navi/install/rtabmap_msgs:/home/brace/codeSpace/navi/install/rtabmap:/home/brace/codeSpace/navi/install/rtabmap_ros:/home/brace/codeSpace/navi/install/rtabmap_launch:/home/brace/codeSpace/navi/install/rtabmap_examples:/home/brace/codeSpace/navi/install/rtabmap_demos:/home/brace/codeSpace/navi/install/rtabmap_viz:/home/brace/codeSpace/navi/install/rtabmap_slam:/home/brace/codeSpace/navi/install/rtabmap_odom:/home/brace/codeSpace/navi/install/rtabmap_util:/home/brace/codeSpace/navi/install/rtabmap_sync:/home/brace/codeSpace/navi/install/rtabmap_rviz_plugins:/home/brace/codeSpace/navi/install/realsense2_rviz_plugin:/home/brace/codeSpace/navi/install/realsense2_description:/home/brace/codeSpace/navi/install/rtabmap_python:/home/brace/codeSpace/navi/install/realsense2_ros_mqtt_bridge:/opt/ros/humble LD_LIBRARY_PATH=/home/brace/codeSpace/navi/install/rtabmap_conversions/lib:/home/brace/codeSpace/navi/install/rtabmap_msgs/lib:/home/brace/codeSpace/navi/install/rtabmap/lib:/home/brace/codeSpace/navi/install/rtabmap_slam/lib:/home/brace/codeSpace/navi/install/rtabmap_odom/lib:/home/brace/codeSpace/navi/install/rtabmap_util/lib:/home/brace/codeSpace/navi/install/rtabmap_sync/lib:/home/brace/codeSpace/navi/install/rtabmap_rviz_plugins/lib:/opt/ros/humble/opt/rviz_ogre_vendor/lib:/opt/ros/humble/lib/x86_64-linux-gnu:/opt/ros/humble/lib /usr/bin/cmake --install /home/brace/codeSpace/navi/build/rtabmap_util
[1.183s] DEBUG:colcon.colcon_core.event_handler.log_command:Invoking command in '/home/brace/codeSpace/navi/build/rtabmap_viz': CMAKE_PREFIX_PATH=/home/brace/codeSpace/navi/install/rtabmap_sync:/home/brace/codeSpace/navi/install/rtabmap_conversions:/home/brace/codeSpace/navi/install/rtabmap_msgs:/home/brace/codeSpace/navi/install/rtabmap:/home/brace/codeSpace/navi/install/rtabmap_ros:/home/brace/codeSpace/navi/install/rtabmap_launch:/home/brace/codeSpace/navi/install/rtabmap_examples:/home/brace/codeSpace/navi/install/rtabmap_demos:/home/brace/codeSpace/navi/install/rtabmap_viz:/home/brace/codeSpace/navi/install/rtabmap_slam:/home/brace/codeSpace/navi/install/rtabmap_odom:/home/brace/codeSpace/navi/install/rtabmap_util:/home/brace/codeSpace/navi/install/rtabmap_rviz_plugins:/home/brace/codeSpace/navi/install/realsense2_rviz_plugin:/home/brace/codeSpace/navi/install/realsense2_description:/home/brace/codeSpace/navi/install/rtabmap_python:/home/brace/codeSpace/navi/install/realsense2_ros_mqtt_bridge:/opt/ros/humble LD_LIBRARY_PATH=/home/brace/codeSpace/navi/install/rtabmap_sync/lib:/home/brace/codeSpace/navi/install/rtabmap_conversions/lib:/home/brace/codeSpace/navi/install/rtabmap_msgs/lib:/home/brace/codeSpace/navi/install/rtabmap/lib:/home/brace/codeSpace/navi/install/rtabmap_slam/lib:/home/brace/codeSpace/navi/install/rtabmap_odom/lib:/home/brace/codeSpace/navi/install/rtabmap_util/lib:/home/brace/codeSpace/navi/install/rtabmap_rviz_plugins/lib:/opt/ros/humble/opt/rviz_ogre_vendor/lib:/opt/ros/humble/lib/x86_64-linux-gnu:/opt/ros/humble/lib /usr/bin/cmake --build /home/brace/codeSpace/navi/build/rtabmap_viz -- -j16 -l16
[1.216s] Level 1:colcon.colcon_core.environment:checking '/home/brace/codeSpace/navi/install/realsense2_ros_mqtt_bridge' for CMake module files
[1.217s] DEBUG:colcon.colcon_core.event_handler.log_command:Invoked command in '/home/brace/codeSpace/navi/src/realsense-ros/realsense2_ros_mqtt_bridge' returned '0': PYTHONPATH=/home/brace/codeSpace/navi/build/realsense2_ros_mqtt_bridge/prefix_override:/usr/lib/python3/dist-packages/colcon_core/task/python/colcon_distutils_commands:/home/brace/codeSpace/navi/install/realsense2_ros_mqtt_bridge/lib/python3.10/site-packages:${PYTHONPATH} /usr/bin/python3 -W ignore:setup.py install is deprecated -W ignore:easy_install command is deprecated setup.py egg_info --egg-base ../../../build/realsense2_ros_mqtt_bridge build --build-base /home/brace/codeSpace/navi/build/realsense2_ros_mqtt_bridge/build install --record /home/brace/codeSpace/navi/build/realsense2_ros_mqtt_bridge/install.log --single-version-externally-managed install_data
[1.217s] Level 1:colcon.colcon_core.environment:checking '/home/brace/codeSpace/navi/install/realsense2_ros_mqtt_bridge' for CMake config files
[1.218s] Level 1:colcon.colcon_core.environment:checking '/home/brace/codeSpace/navi/install/realsense2_ros_mqtt_bridge/lib'
[1.218s] Level 1:colcon.colcon_core.environment:checking '/home/brace/codeSpace/navi/install/realsense2_ros_mqtt_bridge/bin'
[1.218s] Level 1:colcon.colcon_core.environment:checking '/home/brace/codeSpace/navi/install/realsense2_ros_mqtt_bridge/lib/pkgconfig/realsense2_ros_mqtt_bridge.pc'
[1.219s] Level 1:colcon.colcon_core.environment:checking '/home/brace/codeSpace/navi/install/realsense2_ros_mqtt_bridge/lib/python3.10/site-packages'
[1.219s] Level 1:colcon.colcon_core.shell:create_environment_hook('realsense2_ros_mqtt_bridge', 'pythonpath')
[1.219s] INFO:colcon.colcon_core.shell:Creating environment hook '/home/brace/codeSpace/navi/install/realsense2_ros_mqtt_bridge/share/realsense2_ros_mqtt_bridge/hook/pythonpath.ps1'
[1.219s] INFO:colcon.colcon_core.shell:Creating environment descriptor '/home/brace/codeSpace/navi/install/realsense2_ros_mqtt_bridge/share/realsense2_ros_mqtt_bridge/hook/pythonpath.dsv'
[1.220s] INFO:colcon.colcon_core.shell:Creating environment hook '/home/brace/codeSpace/navi/install/realsense2_ros_mqtt_bridge/share/realsense2_ros_mqtt_bridge/hook/pythonpath.sh'
[1.221s] Level 1:colcon.colcon_core.environment:checking '/home/brace/codeSpace/navi/install/realsense2_ros_mqtt_bridge/bin'
[1.221s] Level 1:colcon.colcon_core.environment:create_environment_scripts_only(realsense2_ros_mqtt_bridge)
[1.221s] INFO:colcon.colcon_core.shell:Creating package script '/home/brace/codeSpace/navi/install/realsense2_ros_mqtt_bridge/share/realsense2_ros_mqtt_bridge/package.ps1'
[1.222s] INFO:colcon.colcon_core.shell:Creating package descriptor '/home/brace/codeSpace/navi/install/realsense2_ros_mqtt_bridge/share/realsense2_ros_mqtt_bridge/package.dsv'
[1.223s] INFO:colcon.colcon_core.shell:Creating package script '/home/brace/codeSpace/navi/install/realsense2_ros_mqtt_bridge/share/realsense2_ros_mqtt_bridge/package.sh'
[1.223s] INFO:colcon.colcon_core.shell:Creating package script '/home/brace/codeSpace/navi/install/realsense2_ros_mqtt_bridge/share/realsense2_ros_mqtt_bridge/package.bash'
[1.224s] INFO:colcon.colcon_core.shell:Creating package script '/home/brace/codeSpace/navi/install/realsense2_ros_mqtt_bridge/share/realsense2_ros_mqtt_bridge/package.zsh'
[1.224s] Level 1:colcon.colcon_core.environment:create_file_with_runtime_dependencies(/home/brace/codeSpace/navi/install/realsense2_ros_mqtt_bridge/share/colcon-core/packages/realsense2_ros_mqtt_bridge)
[1.225s] Level 1:colcon.colcon_core.environment:create_environment_scripts_only(rtabmap_util)
[1.225s] Level 1:colcon.colcon_core.environment:checking '/home/brace/codeSpace/navi/install/rtabmap_util' for CMake module files
[1.226s] DEBUG:colcon.colcon_core.event_handler.log_command:Invoked command in '/home/brace/codeSpace/navi/build/rtabmap_util' returned '0': CMAKE_PREFIX_PATH=/home/brace/codeSpace/navi/install/rtabmap_conversions:/home/brace/codeSpace/navi/install/rtabmap_msgs:/home/brace/codeSpace/navi/install/rtabmap:/home/brace/codeSpace/navi/install/rtabmap_ros:/home/brace/codeSpace/navi/install/rtabmap_launch:/home/brace/codeSpace/navi/install/rtabmap_examples:/home/brace/codeSpace/navi/install/rtabmap_demos:/home/brace/codeSpace/navi/install/rtabmap_viz:/home/brace/codeSpace/navi/install/rtabmap_slam:/home/brace/codeSpace/navi/install/rtabmap_odom:/home/brace/codeSpace/navi/install/rtabmap_util:/home/brace/codeSpace/navi/install/rtabmap_sync:/home/brace/codeSpace/navi/install/rtabmap_rviz_plugins:/home/brace/codeSpace/navi/install/realsense2_rviz_plugin:/home/brace/codeSpace/navi/install/realsense2_description:/home/brace/codeSpace/navi/install/rtabmap_python:/home/brace/codeSpace/navi/install/realsense2_ros_mqtt_bridge:/opt/ros/humble LD_LIBRARY_PATH=/home/brace/codeSpace/navi/install/rtabmap_conversions/lib:/home/brace/codeSpace/navi/install/rtabmap_msgs/lib:/home/brace/codeSpace/navi/install/rtabmap/lib:/home/brace/codeSpace/navi/install/rtabmap_slam/lib:/home/brace/codeSpace/navi/install/rtabmap_odom/lib:/home/brace/codeSpace/navi/install/rtabmap_util/lib:/home/brace/codeSpace/navi/install/rtabmap_sync/lib:/home/brace/codeSpace/navi/install/rtabmap_rviz_plugins/lib:/opt/ros/humble/opt/rviz_ogre_vendor/lib:/opt/ros/humble/lib/x86_64-linux-gnu:/opt/ros/humble/lib /usr/bin/cmake --install /home/brace/codeSpace/navi/build/rtabmap_util
[1.227s] Level 1:colcon.colcon_core.environment:checking '/home/brace/codeSpace/navi/install/rtabmap_util' for CMake config files
[1.228s] Level 1:colcon.colcon_core.shell:create_environment_hook('rtabmap_util', 'cmake_prefix_path')
[1.228s] INFO:colcon.colcon_core.shell:Creating environment hook '/home/brace/codeSpace/navi/install/rtabmap_util/share/rtabmap_util/hook/cmake_prefix_path.ps1'
[1.228s] INFO:colcon.colcon_core.shell:Creating environment descriptor '/home/brace/codeSpace/navi/install/rtabmap_util/share/rtabmap_util/hook/cmake_prefix_path.dsv'
[1.229s] INFO:colcon.colcon_core.shell:Creating environment hook '/home/brace/codeSpace/navi/install/rtabmap_util/share/rtabmap_util/hook/cmake_prefix_path.sh'
[1.230s] Level 1:colcon.colcon_core.environment:checking '/home/brace/codeSpace/navi/install/rtabmap_util/lib'
[1.230s] Level 1:colcon.colcon_core.shell:create_environment_hook('rtabmap_util', 'ld_library_path_lib')
[1.230s] INFO:colcon.colcon_core.shell:Creating environment hook '/home/brace/codeSpace/navi/install/rtabmap_util/share/rtabmap_util/hook/ld_library_path_lib.ps1'
[1.230s] INFO:colcon.colcon_core.shell:Creating environment descriptor '/home/brace/codeSpace/navi/install/rtabmap_util/share/rtabmap_util/hook/ld_library_path_lib.dsv'
[1.231s] INFO:colcon.colcon_core.shell:Creating environment hook '/home/brace/codeSpace/navi/install/rtabmap_util/share/rtabmap_util/hook/ld_library_path_lib.sh'
[1.231s] Level 1:colcon.colcon_core.environment:checking '/home/brace/codeSpace/navi/install/rtabmap_util/bin'
[1.232s] Level 1:colcon.colcon_core.environment:checking '/home/brace/codeSpace/navi/install/rtabmap_util/lib/pkgconfig/rtabmap_util.pc'
[1.232s] Level 1:colcon.colcon_core.environment:checking '/home/brace/codeSpace/navi/install/rtabmap_util/lib/python3.10/site-packages'
[1.232s] Level 1:colcon.colcon_core.environment:checking '/home/brace/codeSpace/navi/install/rtabmap_util/bin'
[1.232s] INFO:colcon.colcon_core.shell:Creating package script '/home/brace/codeSpace/navi/install/rtabmap_util/share/rtabmap_util/package.ps1'
[1.233s] INFO:colcon.colcon_core.shell:Creating package descriptor '/home/brace/codeSpace/navi/install/rtabmap_util/share/rtabmap_util/package.dsv'
[1.233s] INFO:colcon.colcon_core.shell:Creating package script '/home/brace/codeSpace/navi/install/rtabmap_util/share/rtabmap_util/package.sh'
[1.233s] INFO:colcon.colcon_core.shell:Creating package script '/home/brace/codeSpace/navi/install/rtabmap_util/share/rtabmap_util/package.bash'
[1.234s] INFO:colcon.colcon_core.shell:Creating package script '/home/brace/codeSpace/navi/install/rtabmap_util/share/rtabmap_util/package.zsh'
[1.234s] Level 1:colcon.colcon_core.environment:create_file_with_runtime_dependencies(/home/brace/codeSpace/navi/install/rtabmap_util/share/colcon-core/packages/rtabmap_util)
[1.234s] Level 1:colcon.colcon_core.environment:create_environment_scripts_only(rtabmap_util)
[1.234s] Level 1:colcon.colcon_core.environment:checking '/home/brace/codeSpace/navi/install/rtabmap_util' for CMake module files
[1.235s] Level 1:colcon.colcon_core.environment:checking '/home/brace/codeSpace/navi/install/rtabmap_util' for CMake config files
[1.235s] Level 1:colcon.colcon_core.shell:create_environment_hook('rtabmap_util', 'cmake_prefix_path')
[1.235s] INFO:colcon.colcon_core.shell:Creating environment hook '/home/brace/codeSpace/navi/install/rtabmap_util/share/rtabmap_util/hook/cmake_prefix_path.ps1'
[1.236s] INFO:colcon.colcon_core.shell:Creating environment descriptor '/home/brace/codeSpace/navi/install/rtabmap_util/share/rtabmap_util/hook/cmake_prefix_path.dsv'
[1.236s] INFO:colcon.colcon_core.shell:Creating environment hook '/home/brace/codeSpace/navi/install/rtabmap_util/share/rtabmap_util/hook/cmake_prefix_path.sh'
[1.237s] Level 1:colcon.colcon_core.environment:checking '/home/brace/codeSpace/navi/install/rtabmap_util/lib'
[1.237s] Level 1:colcon.colcon_core.shell:create_environment_hook('rtabmap_util', 'ld_library_path_lib')
[1.237s] INFO:colcon.colcon_core.shell:Creating environment hook '/home/brace/codeSpace/navi/install/rtabmap_util/share/rtabmap_util/hook/ld_library_path_lib.ps1'
[1.237s] INFO:colcon.colcon_core.shell:Creating environment descriptor '/home/brace/codeSpace/navi/install/rtabmap_util/share/rtabmap_util/hook/ld_library_path_lib.dsv'
[1.238s] INFO:colcon.colcon_core.shell:Creating environment hook '/home/brace/codeSpace/navi/install/rtabmap_util/share/rtabmap_util/hook/ld_library_path_lib.sh'
[1.238s] Level 1:colcon.colcon_core.environment:checking '/home/brace/codeSpace/navi/install/rtabmap_util/bin'
[1.238s] Level 1:colcon.colcon_core.environment:checking '/home/brace/codeSpace/navi/install/rtabmap_util/lib/pkgconfig/rtabmap_util.pc'
[1.238s] Level 1:colcon.colcon_core.environment:checking '/home/brace/codeSpace/navi/install/rtabmap_util/lib/python3.10/site-packages'
[1.238s] Level 1:colcon.colcon_core.environment:checking '/home/brace/codeSpace/navi/install/rtabmap_util/bin'
[1.238s] INFO:colcon.colcon_core.shell:Creating package script '/home/brace/codeSpace/navi/install/rtabmap_util/share/rtabmap_util/package.ps1'
[1.239s] INFO:colcon.colcon_core.shell:Creating package descriptor '/home/brace/codeSpace/navi/install/rtabmap_util/share/rtabmap_util/package.dsv'
[1.239s] INFO:colcon.colcon_core.shell:Creating package script '/home/brace/codeSpace/navi/install/rtabmap_util/share/rtabmap_util/package.sh'
[1.240s] INFO:colcon.colcon_core.shell:Creating package script '/home/brace/codeSpace/navi/install/rtabmap_util/share/rtabmap_util/package.bash'
[1.240s] INFO:colcon.colcon_core.shell:Creating package script '/home/brace/codeSpace/navi/install/rtabmap_util/share/rtabmap_util/package.zsh'
[1.240s] Level 1:colcon.colcon_core.environment:create_file_with_runtime_dependencies(/home/brace/codeSpace/navi/install/rtabmap_util/share/colcon-core/packages/rtabmap_util)
[1.241s] INFO:colcon.colcon_ros.task.ament_cmake.build:Building ROS package in '/home/brace/codeSpace/navi/src/rtabmap_ros/rtabmap_odom' with build type 'ament_cmake'
[1.241s] INFO:colcon.colcon_cmake.task.cmake.build:Building CMake package in '/home/brace/codeSpace/navi/src/rtabmap_ros/rtabmap_odom'
[1.242s] INFO:colcon.colcon_core.shell:Skip shell extension 'powershell' for command environment: Not usable outside of PowerShell
[1.242s] DEBUG:colcon.colcon_core.shell:Skip shell extension 'dsv' for command environment
[1.245s] INFO:colcon.colcon_ros.task.ament_cmake.build:Building ROS package in '/home/brace/codeSpace/navi/src/rtabmap_ros/rtabmap_slam' with build type 'ament_cmake'
[1.246s] INFO:colcon.colcon_cmake.task.cmake.build:Building CMake package in '/home/brace/codeSpace/navi/src/rtabmap_ros/rtabmap_slam'
[1.246s] INFO:colcon.colcon_core.shell:Skip shell extension 'powershell' for command environment: Not usable outside of PowerShell
[1.246s] DEBUG:colcon.colcon_core.shell:Skip shell extension 'dsv' for command environment
[1.267s] DEBUG:colcon.colcon_core.event_handler.log_command:Invoking command in '/home/brace/codeSpace/navi/build/rtabmap_odom': CMAKE_PREFIX_PATH=/home/brace/codeSpace/navi/install/rtabmap_util:/home/brace/codeSpace/navi/install/rtabmap_sync:/home/brace/codeSpace/navi/install/rtabmap_conversions:/home/brace/codeSpace/navi/install/rtabmap_msgs:/home/brace/codeSpace/navi/install/rtabmap:/home/brace/codeSpace/navi/install/rtabmap_ros:/home/brace/codeSpace/navi/install/rtabmap_launch:/home/brace/codeSpace/navi/install/rtabmap_examples:/home/brace/codeSpace/navi/install/rtabmap_demos:/home/brace/codeSpace/navi/install/rtabmap_viz:/home/brace/codeSpace/navi/install/rtabmap_slam:/home/brace/codeSpace/navi/install/rtabmap_odom:/home/brace/codeSpace/navi/install/rtabmap_rviz_plugins:/home/brace/codeSpace/navi/install/realsense2_rviz_plugin:/home/brace/codeSpace/navi/install/realsense2_description:/home/brace/codeSpace/navi/install/rtabmap_python:/home/brace/codeSpace/navi/install/realsense2_ros_mqtt_bridge:/opt/ros/humble LD_LIBRARY_PATH=/home/brace/codeSpace/navi/install/rtabmap_util/lib:/home/brace/codeSpace/navi/install/rtabmap_sync/lib:/home/brace/codeSpace/navi/install/rtabmap_conversions/lib:/home/brace/codeSpace/navi/install/rtabmap_msgs/lib:/home/brace/codeSpace/navi/install/rtabmap/lib:/home/brace/codeSpace/navi/install/rtabmap_slam/lib:/home/brace/codeSpace/navi/install/rtabmap_odom/lib:/home/brace/codeSpace/navi/install/rtabmap_rviz_plugins/lib:/opt/ros/humble/opt/rviz_ogre_vendor/lib:/opt/ros/humble/lib/x86_64-linux-gnu:/opt/ros/humble/lib /usr/bin/cmake --build /home/brace/codeSpace/navi/build/rtabmap_odom -- -j16 -l16
[1.270s] DEBUG:colcon.colcon_core.event_handler.log_command:Invoking command in '/home/brace/codeSpace/navi/build/rtabmap_slam': CMAKE_PREFIX_PATH=/home/brace/codeSpace/navi/install/rtabmap_util:/home/brace/codeSpace/navi/install/rtabmap_sync:/home/brace/codeSpace/navi/install/rtabmap_conversions:/home/brace/codeSpace/navi/install/rtabmap_msgs:/home/brace/codeSpace/navi/install/rtabmap:/home/brace/codeSpace/navi/install/rtabmap_ros:/home/brace/codeSpace/navi/install/rtabmap_launch:/home/brace/codeSpace/navi/install/rtabmap_examples:/home/brace/codeSpace/navi/install/rtabmap_demos:/home/brace/codeSpace/navi/install/rtabmap_viz:/home/brace/codeSpace/navi/install/rtabmap_slam:/home/brace/codeSpace/navi/install/rtabmap_odom:/home/brace/codeSpace/navi/install/rtabmap_rviz_plugins:/home/brace/codeSpace/navi/install/realsense2_rviz_plugin:/home/brace/codeSpace/navi/install/realsense2_description:/home/brace/codeSpace/navi/install/rtabmap_python:/home/brace/codeSpace/navi/install/realsense2_ros_mqtt_bridge:/opt/ros/humble LD_LIBRARY_PATH=/home/brace/codeSpace/navi/install/rtabmap_util/lib:/home/brace/codeSpace/navi/install/rtabmap_sync/lib:/home/brace/codeSpace/navi/install/rtabmap_conversions/lib:/home/brace/codeSpace/navi/install/rtabmap_msgs/lib:/home/brace/codeSpace/navi/install/rtabmap/lib:/home/brace/codeSpace/navi/install/rtabmap_slam/lib:/home/brace/codeSpace/navi/install/rtabmap_odom/lib:/home/brace/codeSpace/navi/install/rtabmap_rviz_plugins/lib:/opt/ros/humble/opt/rviz_ogre_vendor/lib:/opt/ros/humble/lib/x86_64-linux-gnu:/opt/ros/humble/lib /usr/bin/cmake --build /home/brace/codeSpace/navi/build/rtabmap_slam -- -j16 -l16
[1.272s] Level 1:colcon.colcon_core.environment:checking '/home/brace/codeSpace/navi/install/rtabmap_python' for CMake module files
[1.273s] DEBUG:colcon.colcon_core.event_handler.log_command:Invoked command in '/home/brace/codeSpace/navi/src/rtabmap_ros/rtabmap_python' returned '0': PYTHONPATH=/home/brace/codeSpace/navi/build/rtabmap_python/prefix_override:/usr/lib/python3/dist-packages/colcon_core/task/python/colcon_distutils_commands:/home/brace/codeSpace/navi/install/rtabmap_python/lib/python3.10/site-packages:${PYTHONPATH} /usr/bin/python3 -W ignore:setup.py install is deprecated -W ignore:easy_install command is deprecated setup.py egg_info --egg-base ../../../build/rtabmap_python build --build-base /home/brace/codeSpace/navi/build/rtabmap_python/build install --record /home/brace/codeSpace/navi/build/rtabmap_python/install.log --single-version-externally-managed install_data
[1.274s] Level 1:colcon.colcon_core.environment:checking '/home/brace/codeSpace/navi/install/rtabmap_python' for CMake config files
[1.275s] Level 1:colcon.colcon_core.environment:checking '/home/brace/codeSpace/navi/install/rtabmap_python/lib'
[1.275s] Level 1:colcon.colcon_core.environment:checking '/home/brace/codeSpace/navi/install/rtabmap_python/bin'
[1.275s] Level 1:colcon.colcon_core.environment:checking '/home/brace/codeSpace/navi/install/rtabmap_python/lib/pkgconfig/rtabmap_python.pc'
[1.275s] Level 1:colcon.colcon_core.environment:checking '/home/brace/codeSpace/navi/install/rtabmap_python/lib/python3.10/site-packages'
[1.275s] Level 1:colcon.colcon_core.shell:create_environment_hook('rtabmap_python', 'pythonpath')
[1.276s] INFO:colcon.colcon_core.shell:Creating environment hook '/home/brace/codeSpace/navi/install/rtabmap_python/share/rtabmap_python/hook/pythonpath.ps1'
[1.276s] INFO:colcon.colcon_core.shell:Creating environment descriptor '/home/brace/codeSpace/navi/install/rtabmap_python/share/rtabmap_python/hook/pythonpath.dsv'
[1.277s] INFO:colcon.colcon_core.shell:Creating environment hook '/home/brace/codeSpace/navi/install/rtabmap_python/share/rtabmap_python/hook/pythonpath.sh'
[1.277s] Level 1:colcon.colcon_core.environment:checking '/home/brace/codeSpace/navi/install/rtabmap_python/bin'
[1.277s] Level 1:colcon.colcon_core.environment:create_environment_scripts_only(rtabmap_python)
[1.278s] INFO:colcon.colcon_core.shell:Creating package script '/home/brace/codeSpace/navi/install/rtabmap_python/share/rtabmap_python/package.ps1'
[1.278s] INFO:colcon.colcon_core.shell:Creating package descriptor '/home/brace/codeSpace/navi/install/rtabmap_python/share/rtabmap_python/package.dsv'
[1.279s] INFO:colcon.colcon_core.shell:Creating package script '/home/brace/codeSpace/navi/install/rtabmap_python/share/rtabmap_python/package.sh'
[1.279s] INFO:colcon.colcon_core.shell:Creating package script '/home/brace/codeSpace/navi/install/rtabmap_python/share/rtabmap_python/package.bash'
[1.279s] INFO:colcon.colcon_core.shell:Creating package script '/home/brace/codeSpace/navi/install/rtabmap_python/share/rtabmap_python/package.zsh'
[1.279s] Level 1:colcon.colcon_core.environment:create_file_with_runtime_dependencies(/home/brace/codeSpace/navi/install/rtabmap_python/share/colcon-core/packages/rtabmap_python)
[1.332s] DEBUG:colcon.colcon_core.event_handler.log_command:Invoked command in '/home/brace/codeSpace/navi/build/rtabmap_viz' returned '0': CMAKE_PREFIX_PATH=/home/brace/codeSpace/navi/install/rtabmap_sync:/home/brace/codeSpace/navi/install/rtabmap_conversions:/home/brace/codeSpace/navi/install/rtabmap_msgs:/home/brace/codeSpace/navi/install/rtabmap:/home/brace/codeSpace/navi/install/rtabmap_ros:/home/brace/codeSpace/navi/install/rtabmap_launch:/home/brace/codeSpace/navi/install/rtabmap_examples:/home/brace/codeSpace/navi/install/rtabmap_demos:/home/brace/codeSpace/navi/install/rtabmap_viz:/home/brace/codeSpace/navi/install/rtabmap_slam:/home/brace/codeSpace/navi/install/rtabmap_odom:/home/brace/codeSpace/navi/install/rtabmap_util:/home/brace/codeSpace/navi/install/rtabmap_rviz_plugins:/home/brace/codeSpace/navi/install/realsense2_rviz_plugin:/home/brace/codeSpace/navi/install/realsense2_description:/home/brace/codeSpace/navi/install/rtabmap_python:/home/brace/codeSpace/navi/install/realsense2_ros_mqtt_bridge:/opt/ros/humble LD_LIBRARY_PATH=/home/brace/codeSpace/navi/install/rtabmap_sync/lib:/home/brace/codeSpace/navi/install/rtabmap_conversions/lib:/home/brace/codeSpace/navi/install/rtabmap_msgs/lib:/home/brace/codeSpace/navi/install/rtabmap/lib:/home/brace/codeSpace/navi/install/rtabmap_slam/lib:/home/brace/codeSpace/navi/install/rtabmap_odom/lib:/home/brace/codeSpace/navi/install/rtabmap_util/lib:/home/brace/codeSpace/navi/install/rtabmap_rviz_plugins/lib:/opt/ros/humble/opt/rviz_ogre_vendor/lib:/opt/ros/humble/lib/x86_64-linux-gnu:/opt/ros/humble/lib /usr/bin/cmake --build /home/brace/codeSpace/navi/build/rtabmap_viz -- -j16 -l16
[1.334s] DEBUG:colcon.colcon_core.event_handler.log_command:Invoking command in '/home/brace/codeSpace/navi/build/rtabmap_viz': CMAKE_PREFIX_PATH=/home/brace/codeSpace/navi/install/rtabmap_sync:/home/brace/codeSpace/navi/install/rtabmap_conversions:/home/brace/codeSpace/navi/install/rtabmap_msgs:/home/brace/codeSpace/navi/install/rtabmap:/home/brace/codeSpace/navi/install/rtabmap_ros:/home/brace/codeSpace/navi/install/rtabmap_launch:/home/brace/codeSpace/navi/install/rtabmap_examples:/home/brace/codeSpace/navi/install/rtabmap_demos:/home/brace/codeSpace/navi/install/rtabmap_viz:/home/brace/codeSpace/navi/install/rtabmap_slam:/home/brace/codeSpace/navi/install/rtabmap_odom:/home/brace/codeSpace/navi/install/rtabmap_util:/home/brace/codeSpace/navi/install/rtabmap_rviz_plugins:/home/brace/codeSpace/navi/install/realsense2_rviz_plugin:/home/brace/codeSpace/navi/install/realsense2_description:/home/brace/codeSpace/navi/install/rtabmap_python:/home/brace/codeSpace/navi/install/realsense2_ros_mqtt_bridge:/opt/ros/humble LD_LIBRARY_PATH=/home/brace/codeSpace/navi/install/rtabmap_sync/lib:/home/brace/codeSpace/navi/install/rtabmap_conversions/lib:/home/brace/codeSpace/navi/install/rtabmap_msgs/lib:/home/brace/codeSpace/navi/install/rtabmap/lib:/home/brace/codeSpace/navi/install/rtabmap_slam/lib:/home/brace/codeSpace/navi/install/rtabmap_odom/lib:/home/brace/codeSpace/navi/install/rtabmap_util/lib:/home/brace/codeSpace/navi/install/rtabmap_rviz_plugins/lib:/opt/ros/humble/opt/rviz_ogre_vendor/lib:/opt/ros/humble/lib/x86_64-linux-gnu:/opt/ros/humble/lib /usr/bin/cmake --install /home/brace/codeSpace/navi/build/rtabmap_viz
[1.348s] Level 1:colcon.colcon_core.environment:create_environment_scripts_only(rtabmap_viz)
[1.349s] Level 1:colcon.colcon_core.environment:checking '/home/brace/codeSpace/navi/install/rtabmap_viz' for CMake module files
[1.349s] DEBUG:colcon.colcon_core.event_handler.log_command:Invoked command in '/home/brace/codeSpace/navi/build/rtabmap_viz' returned '0': CMAKE_PREFIX_PATH=/home/brace/codeSpace/navi/install/rtabmap_sync:/home/brace/codeSpace/navi/install/rtabmap_conversions:/home/brace/codeSpace/navi/install/rtabmap_msgs:/home/brace/codeSpace/navi/install/rtabmap:/home/brace/codeSpace/navi/install/rtabmap_ros:/home/brace/codeSpace/navi/install/rtabmap_launch:/home/brace/codeSpace/navi/install/rtabmap_examples:/home/brace/codeSpace/navi/install/rtabmap_demos:/home/brace/codeSpace/navi/install/rtabmap_viz:/home/brace/codeSpace/navi/install/rtabmap_slam:/home/brace/codeSpace/navi/install/rtabmap_odom:/home/brace/codeSpace/navi/install/rtabmap_util:/home/brace/codeSpace/navi/install/rtabmap_rviz_plugins:/home/brace/codeSpace/navi/install/realsense2_rviz_plugin:/home/brace/codeSpace/navi/install/realsense2_description:/home/brace/codeSpace/navi/install/rtabmap_python:/home/brace/codeSpace/navi/install/realsense2_ros_mqtt_bridge:/opt/ros/humble LD_LIBRARY_PATH=/home/brace/codeSpace/navi/install/rtabmap_sync/lib:/home/brace/codeSpace/navi/install/rtabmap_conversions/lib:/home/brace/codeSpace/navi/install/rtabmap_msgs/lib:/home/brace/codeSpace/navi/install/rtabmap/lib:/home/brace/codeSpace/navi/install/rtabmap_slam/lib:/home/brace/codeSpace/navi/install/rtabmap_odom/lib:/home/brace/codeSpace/navi/install/rtabmap_util/lib:/home/brace/codeSpace/navi/install/rtabmap_rviz_plugins/lib:/opt/ros/humble/opt/rviz_ogre_vendor/lib:/opt/ros/humble/lib/x86_64-linux-gnu:/opt/ros/humble/lib /usr/bin/cmake --install /home/brace/codeSpace/navi/build/rtabmap_viz
[1.349s] Level 1:colcon.colcon_core.environment:checking '/home/brace/codeSpace/navi/install/rtabmap_viz' for CMake config files
[1.350s] Level 1:colcon.colcon_core.shell:create_environment_hook('rtabmap_viz', 'cmake_prefix_path')
[1.350s] INFO:colcon.colcon_core.shell:Creating environment hook '/home/brace/codeSpace/navi/install/rtabmap_viz/share/rtabmap_viz/hook/cmake_prefix_path.ps1'
[1.350s] INFO:colcon.colcon_core.shell:Creating environment descriptor '/home/brace/codeSpace/navi/install/rtabmap_viz/share/rtabmap_viz/hook/cmake_prefix_path.dsv'
[1.351s] INFO:colcon.colcon_core.shell:Creating environment hook '/home/brace/codeSpace/navi/install/rtabmap_viz/share/rtabmap_viz/hook/cmake_prefix_path.sh'
[1.351s] Level 1:colcon.colcon_core.environment:checking '/home/brace/codeSpace/navi/install/rtabmap_viz/lib'
[1.351s] Level 1:colcon.colcon_core.environment:checking '/home/brace/codeSpace/navi/install/rtabmap_viz/bin'
[1.351s] Level 1:colcon.colcon_core.environment:checking '/home/brace/codeSpace/navi/install/rtabmap_viz/lib/pkgconfig/rtabmap_viz.pc'
[1.351s] Level 1:colcon.colcon_core.environment:checking '/home/brace/codeSpace/navi/install/rtabmap_viz/lib/python3.10/site-packages'
[1.351s] Level 1:colcon.colcon_core.environment:checking '/home/brace/codeSpace/navi/install/rtabmap_viz/bin'
[1.352s] INFO:colcon.colcon_core.shell:Creating package script '/home/brace/codeSpace/navi/install/rtabmap_viz/share/rtabmap_viz/package.ps1'
[1.352s] INFO:colcon.colcon_core.shell:Creating package descriptor '/home/brace/codeSpace/navi/install/rtabmap_viz/share/rtabmap_viz/package.dsv'
[1.352s] INFO:colcon.colcon_core.shell:Creating package script '/home/brace/codeSpace/navi/install/rtabmap_viz/share/rtabmap_viz/package.sh'
[1.352s] INFO:colcon.colcon_core.shell:Creating package script '/home/brace/codeSpace/navi/install/rtabmap_viz/share/rtabmap_viz/package.bash'
[1.353s] INFO:colcon.colcon_core.shell:Creating package script '/home/brace/codeSpace/navi/install/rtabmap_viz/share/rtabmap_viz/package.zsh'
[1.353s] Level 1:colcon.colcon_core.environment:create_file_with_runtime_dependencies(/home/brace/codeSpace/navi/install/rtabmap_viz/share/colcon-core/packages/rtabmap_viz)
[1.353s] Level 1:colcon.colcon_core.environment:create_environment_scripts_only(rtabmap_viz)
[1.353s] Level 1:colcon.colcon_core.environment:checking '/home/brace/codeSpace/navi/install/rtabmap_viz' for CMake module files
[1.354s] Level 1:colcon.colcon_core.environment:checking '/home/brace/codeSpace/navi/install/rtabmap_viz' for CMake config files
[1.354s] Level 1:colcon.colcon_core.shell:create_environment_hook('rtabmap_viz', 'cmake_prefix_path')
[1.354s] INFO:colcon.colcon_core.shell:Creating environment hook '/home/brace/codeSpace/navi/install/rtabmap_viz/share/rtabmap_viz/hook/cmake_prefix_path.ps1'
[1.354s] INFO:colcon.colcon_core.shell:Creating environment descriptor '/home/brace/codeSpace/navi/install/rtabmap_viz/share/rtabmap_viz/hook/cmake_prefix_path.dsv'
[1.355s] INFO:colcon.colcon_core.shell:Creating environment hook '/home/brace/codeSpace/navi/install/rtabmap_viz/share/rtabmap_viz/hook/cmake_prefix_path.sh'
[1.355s] Level 1:colcon.colcon_core.environment:checking '/home/brace/codeSpace/navi/install/rtabmap_viz/lib'
[1.355s] Level 1:colcon.colcon_core.environment:checking '/home/brace/codeSpace/navi/install/rtabmap_viz/bin'
[1.355s] Level 1:colcon.colcon_core.environment:checking '/home/brace/codeSpace/navi/install/rtabmap_viz/lib/pkgconfig/rtabmap_viz.pc'
[1.355s] Level 1:colcon.colcon_core.environment:checking '/home/brace/codeSpace/navi/install/rtabmap_viz/lib/python3.10/site-packages'
[1.355s] Level 1:colcon.colcon_core.environment:checking '/home/brace/codeSpace/navi/install/rtabmap_viz/bin'
[1.356s] INFO:colcon.colcon_core.shell:Creating package script '/home/brace/codeSpace/navi/install/rtabmap_viz/share/rtabmap_viz/package.ps1'
[1.356s] INFO:colcon.colcon_core.shell:Creating package descriptor '/home/brace/codeSpace/navi/install/rtabmap_viz/share/rtabmap_viz/package.dsv'
[1.356s] INFO:colcon.colcon_core.shell:Creating package script '/home/brace/codeSpace/navi/install/rtabmap_viz/share/rtabmap_viz/package.sh'
[1.356s] INFO:colcon.colcon_core.shell:Creating package script '/home/brace/codeSpace/navi/install/rtabmap_viz/share/rtabmap_viz/package.bash'
[1.357s] INFO:colcon.colcon_core.shell:Creating package script '/home/brace/codeSpace/navi/install/rtabmap_viz/share/rtabmap_viz/package.zsh'
[1.357s] Level 1:colcon.colcon_core.environment:create_file_with_runtime_dependencies(/home/brace/codeSpace/navi/install/rtabmap_viz/share/colcon-core/packages/rtabmap_viz)
[1.399s] DEBUG:colcon.colcon_core.event_handler.log_command:Invoked command in '/home/brace/codeSpace/navi/build/rtabmap_slam' returned '0': CMAKE_PREFIX_PATH=/home/brace/codeSpace/navi/install/rtabmap_util:/home/brace/codeSpace/navi/install/rtabmap_sync:/home/brace/codeSpace/navi/install/rtabmap_conversions:/home/brace/codeSpace/navi/install/rtabmap_msgs:/home/brace/codeSpace/navi/install/rtabmap:/home/brace/codeSpace/navi/install/rtabmap_ros:/home/brace/codeSpace/navi/install/rtabmap_launch:/home/brace/codeSpace/navi/install/rtabmap_examples:/home/brace/codeSpace/navi/install/rtabmap_demos:/home/brace/codeSpace/navi/install/rtabmap_viz:/home/brace/codeSpace/navi/install/rtabmap_slam:/home/brace/codeSpace/navi/install/rtabmap_odom:/home/brace/codeSpace/navi/install/rtabmap_rviz_plugins:/home/brace/codeSpace/navi/install/realsense2_rviz_plugin:/home/brace/codeSpace/navi/install/realsense2_description:/home/brace/codeSpace/navi/install/rtabmap_python:/home/brace/codeSpace/navi/install/realsense2_ros_mqtt_bridge:/opt/ros/humble LD_LIBRARY_PATH=/home/brace/codeSpace/navi/install/rtabmap_util/lib:/home/brace/codeSpace/navi/install/rtabmap_sync/lib:/home/brace/codeSpace/navi/install/rtabmap_conversions/lib:/home/brace/codeSpace/navi/install/rtabmap_msgs/lib:/home/brace/codeSpace/navi/install/rtabmap/lib:/home/brace/codeSpace/navi/install/rtabmap_slam/lib:/home/brace/codeSpace/navi/install/rtabmap_odom/lib:/home/brace/codeSpace/navi/install/rtabmap_rviz_plugins/lib:/opt/ros/humble/opt/rviz_ogre_vendor/lib:/opt/ros/humble/lib/x86_64-linux-gnu:/opt/ros/humble/lib /usr/bin/cmake --build /home/brace/codeSpace/navi/build/rtabmap_slam -- -j16 -l16
[1.403s] DEBUG:colcon.colcon_core.event_handler.log_command:Invoking command in '/home/brace/codeSpace/navi/build/rtabmap_slam': CMAKE_PREFIX_PATH=/home/brace/codeSpace/navi/install/rtabmap_util:/home/brace/codeSpace/navi/install/rtabmap_sync:/home/brace/codeSpace/navi/install/rtabmap_conversions:/home/brace/codeSpace/navi/install/rtabmap_msgs:/home/brace/codeSpace/navi/install/rtabmap:/home/brace/codeSpace/navi/install/rtabmap_ros:/home/brace/codeSpace/navi/install/rtabmap_launch:/home/brace/codeSpace/navi/install/rtabmap_examples:/home/brace/codeSpace/navi/install/rtabmap_demos:/home/brace/codeSpace/navi/install/rtabmap_viz:/home/brace/codeSpace/navi/install/rtabmap_slam:/home/brace/codeSpace/navi/install/rtabmap_odom:/home/brace/codeSpace/navi/install/rtabmap_rviz_plugins:/home/brace/codeSpace/navi/install/realsense2_rviz_plugin:/home/brace/codeSpace/navi/install/realsense2_description:/home/brace/codeSpace/navi/install/rtabmap_python:/home/brace/codeSpace/navi/install/realsense2_ros_mqtt_bridge:/opt/ros/humble LD_LIBRARY_PATH=/home/brace/codeSpace/navi/install/rtabmap_util/lib:/home/brace/codeSpace/navi/install/rtabmap_sync/lib:/home/brace/codeSpace/navi/install/rtabmap_conversions/lib:/home/brace/codeSpace/navi/install/rtabmap_msgs/lib:/home/brace/codeSpace/navi/install/rtabmap/lib:/home/brace/codeSpace/navi/install/rtabmap_slam/lib:/home/brace/codeSpace/navi/install/rtabmap_odom/lib:/home/brace/codeSpace/navi/install/rtabmap_rviz_plugins/lib:/opt/ros/humble/opt/rviz_ogre_vendor/lib:/opt/ros/humble/lib/x86_64-linux-gnu:/opt/ros/humble/lib /usr/bin/cmake --install /home/brace/codeSpace/navi/build/rtabmap_slam
[1.435s] Level 1:colcon.colcon_core.environment:create_environment_scripts_only(rtabmap_slam)
[1.436s] Level 1:colcon.colcon_core.environment:checking '/home/brace/codeSpace/navi/install/rtabmap_slam' for CMake module files
[1.436s] DEBUG:colcon.colcon_core.event_handler.log_command:Invoked command in '/home/brace/codeSpace/navi/build/rtabmap_slam' returned '0': CMAKE_PREFIX_PATH=/home/brace/codeSpace/navi/install/rtabmap_util:/home/brace/codeSpace/navi/install/rtabmap_sync:/home/brace/codeSpace/navi/install/rtabmap_conversions:/home/brace/codeSpace/navi/install/rtabmap_msgs:/home/brace/codeSpace/navi/install/rtabmap:/home/brace/codeSpace/navi/install/rtabmap_ros:/home/brace/codeSpace/navi/install/rtabmap_launch:/home/brace/codeSpace/navi/install/rtabmap_examples:/home/brace/codeSpace/navi/install/rtabmap_demos:/home/brace/codeSpace/navi/install/rtabmap_viz:/home/brace/codeSpace/navi/install/rtabmap_slam:/home/brace/codeSpace/navi/install/rtabmap_odom:/home/brace/codeSpace/navi/install/rtabmap_rviz_plugins:/home/brace/codeSpace/navi/install/realsense2_rviz_plugin:/home/brace/codeSpace/navi/install/realsense2_description:/home/brace/codeSpace/navi/install/rtabmap_python:/home/brace/codeSpace/navi/install/realsense2_ros_mqtt_bridge:/opt/ros/humble LD_LIBRARY_PATH=/home/brace/codeSpace/navi/install/rtabmap_util/lib:/home/brace/codeSpace/navi/install/rtabmap_sync/lib:/home/brace/codeSpace/navi/install/rtabmap_conversions/lib:/home/brace/codeSpace/navi/install/rtabmap_msgs/lib:/home/brace/codeSpace/navi/install/rtabmap/lib:/home/brace/codeSpace/navi/install/rtabmap_slam/lib:/home/brace/codeSpace/navi/install/rtabmap_odom/lib:/home/brace/codeSpace/navi/install/rtabmap_rviz_plugins/lib:/opt/ros/humble/opt/rviz_ogre_vendor/lib:/opt/ros/humble/lib/x86_64-linux-gnu:/opt/ros/humble/lib /usr/bin/cmake --install /home/brace/codeSpace/navi/build/rtabmap_slam
[1.437s] Level 1:colcon.colcon_core.environment:checking '/home/brace/codeSpace/navi/install/rtabmap_slam' for CMake config files
[1.437s] Level 1:colcon.colcon_core.shell:create_environment_hook('rtabmap_slam', 'cmake_prefix_path')
[1.437s] INFO:colcon.colcon_core.shell:Creating environment hook '/home/brace/codeSpace/navi/install/rtabmap_slam/share/rtabmap_slam/hook/cmake_prefix_path.ps1'
[1.437s] INFO:colcon.colcon_core.shell:Creating environment descriptor '/home/brace/codeSpace/navi/install/rtabmap_slam/share/rtabmap_slam/hook/cmake_prefix_path.dsv'
[1.438s] INFO:colcon.colcon_core.shell:Creating environment hook '/home/brace/codeSpace/navi/install/rtabmap_slam/share/rtabmap_slam/hook/cmake_prefix_path.sh'
[1.438s] Level 1:colcon.colcon_core.environment:checking '/home/brace/codeSpace/navi/install/rtabmap_slam/lib'
[1.439s] Level 1:colcon.colcon_core.shell:create_environment_hook('rtabmap_slam', 'ld_library_path_lib')
[1.439s] INFO:colcon.colcon_core.shell:Creating environment hook '/home/brace/codeSpace/navi/install/rtabmap_slam/share/rtabmap_slam/hook/ld_library_path_lib.ps1'
[1.439s] INFO:colcon.colcon_core.shell:Creating environment descriptor '/home/brace/codeSpace/navi/install/rtabmap_slam/share/rtabmap_slam/hook/ld_library_path_lib.dsv'
[1.439s] INFO:colcon.colcon_core.shell:Creating environment hook '/home/brace/codeSpace/navi/install/rtabmap_slam/share/rtabmap_slam/hook/ld_library_path_lib.sh'
[1.439s] Level 1:colcon.colcon_core.environment:checking '/home/brace/codeSpace/navi/install/rtabmap_slam/bin'
[1.440s] Level 1:colcon.colcon_core.environment:checking '/home/brace/codeSpace/navi/install/rtabmap_slam/lib/pkgconfig/rtabmap_slam.pc'
[1.440s] Level 1:colcon.colcon_core.environment:checking '/home/brace/codeSpace/navi/install/rtabmap_slam/lib/python3.10/site-packages'
[1.440s] Level 1:colcon.colcon_core.environment:checking '/home/brace/codeSpace/navi/install/rtabmap_slam/bin'
[1.440s] INFO:colcon.colcon_core.shell:Creating package script '/home/brace/codeSpace/navi/install/rtabmap_slam/share/rtabmap_slam/package.ps1'
[1.441s] INFO:colcon.colcon_core.shell:Creating package descriptor '/home/brace/codeSpace/navi/install/rtabmap_slam/share/rtabmap_slam/package.dsv'
[1.442s] INFO:colcon.colcon_core.shell:Creating package script '/home/brace/codeSpace/navi/install/rtabmap_slam/share/rtabmap_slam/package.sh'
[1.442s] INFO:colcon.colcon_core.shell:Creating package script '/home/brace/codeSpace/navi/install/rtabmap_slam/share/rtabmap_slam/package.bash'
[1.442s] INFO:colcon.colcon_core.shell:Creating package script '/home/brace/codeSpace/navi/install/rtabmap_slam/share/rtabmap_slam/package.zsh'
[1.442s] Level 1:colcon.colcon_core.environment:create_file_with_runtime_dependencies(/home/brace/codeSpace/navi/install/rtabmap_slam/share/colcon-core/packages/rtabmap_slam)
[1.443s] Level 1:colcon.colcon_core.environment:create_environment_scripts_only(rtabmap_slam)
[1.443s] Level 1:colcon.colcon_core.environment:checking '/home/brace/codeSpace/navi/install/rtabmap_slam' for CMake module files
[1.443s] Level 1:colcon.colcon_core.environment:checking '/home/brace/codeSpace/navi/install/rtabmap_slam' for CMake config files
[1.444s] Level 1:colcon.colcon_core.shell:create_environment_hook('rtabmap_slam', 'cmake_prefix_path')
[1.444s] INFO:colcon.colcon_core.shell:Creating environment hook '/home/brace/codeSpace/navi/install/rtabmap_slam/share/rtabmap_slam/hook/cmake_prefix_path.ps1'
[1.444s] INFO:colcon.colcon_core.shell:Creating environment descriptor '/home/brace/codeSpace/navi/install/rtabmap_slam/share/rtabmap_slam/hook/cmake_prefix_path.dsv'
[1.444s] INFO:colcon.colcon_core.shell:Creating environment hook '/home/brace/codeSpace/navi/install/rtabmap_slam/share/rtabmap_slam/hook/cmake_prefix_path.sh'
[1.445s] Level 1:colcon.colcon_core.environment:checking '/home/brace/codeSpace/navi/install/rtabmap_slam/lib'
[1.445s] Level 1:colcon.colcon_core.shell:create_environment_hook('rtabmap_slam', 'ld_library_path_lib')
[1.445s] INFO:colcon.colcon_core.shell:Creating environment hook '/home/brace/codeSpace/navi/install/rtabmap_slam/share/rtabmap_slam/hook/ld_library_path_lib.ps1'
[1.445s] INFO:colcon.colcon_core.shell:Creating environment descriptor '/home/brace/codeSpace/navi/install/rtabmap_slam/share/rtabmap_slam/hook/ld_library_path_lib.dsv'
[1.446s] INFO:colcon.colcon_core.shell:Creating environment hook '/home/brace/codeSpace/navi/install/rtabmap_slam/share/rtabmap_slam/hook/ld_library_path_lib.sh'
[1.446s] Level 1:colcon.colcon_core.environment:checking '/home/brace/codeSpace/navi/install/rtabmap_slam/bin'
[1.446s] Level 1:colcon.colcon_core.environment:checking '/home/brace/codeSpace/navi/install/rtabmap_slam/lib/pkgconfig/rtabmap_slam.pc'
[1.446s] Level 1:colcon.colcon_core.environment:checking '/home/brace/codeSpace/navi/install/rtabmap_slam/lib/python3.10/site-packages'
[1.447s] Level 1:colcon.colcon_core.environment:checking '/home/brace/codeSpace/navi/install/rtabmap_slam/bin'
[1.447s] INFO:colcon.colcon_core.shell:Creating package script '/home/brace/codeSpace/navi/install/rtabmap_slam/share/rtabmap_slam/package.ps1'
[1.447s] INFO:colcon.colcon_core.shell:Creating package descriptor '/home/brace/codeSpace/navi/install/rtabmap_slam/share/rtabmap_slam/package.dsv'
[1.448s] INFO:colcon.colcon_core.shell:Creating package script '/home/brace/codeSpace/navi/install/rtabmap_slam/share/rtabmap_slam/package.sh'
[1.448s] INFO:colcon.colcon_core.shell:Creating package script '/home/brace/codeSpace/navi/install/rtabmap_slam/share/rtabmap_slam/package.bash'
[1.449s] INFO:colcon.colcon_core.shell:Creating package script '/home/brace/codeSpace/navi/install/rtabmap_slam/share/rtabmap_slam/package.zsh'
[1.449s] Level 1:colcon.colcon_core.environment:create_file_with_runtime_dependencies(/home/brace/codeSpace/navi/install/rtabmap_slam/share/colcon-core/packages/rtabmap_slam)
[1.458s] DEBUG:colcon.colcon_core.event_handler.log_command:Invoked command in '/home/brace/codeSpace/navi/build/rtabmap_odom' returned '0': CMAKE_PREFIX_PATH=/home/brace/codeSpace/navi/install/rtabmap_util:/home/brace/codeSpace/navi/install/rtabmap_sync:/home/brace/codeSpace/navi/install/rtabmap_conversions:/home/brace/codeSpace/navi/install/rtabmap_msgs:/home/brace/codeSpace/navi/install/rtabmap:/home/brace/codeSpace/navi/install/rtabmap_ros:/home/brace/codeSpace/navi/install/rtabmap_launch:/home/brace/codeSpace/navi/install/rtabmap_examples:/home/brace/codeSpace/navi/install/rtabmap_demos:/home/brace/codeSpace/navi/install/rtabmap_viz:/home/brace/codeSpace/navi/install/rtabmap_slam:/home/brace/codeSpace/navi/install/rtabmap_odom:/home/brace/codeSpace/navi/install/rtabmap_rviz_plugins:/home/brace/codeSpace/navi/install/realsense2_rviz_plugin:/home/brace/codeSpace/navi/install/realsense2_description:/home/brace/codeSpace/navi/install/rtabmap_python:/home/brace/codeSpace/navi/install/realsense2_ros_mqtt_bridge:/opt/ros/humble LD_LIBRARY_PATH=/home/brace/codeSpace/navi/install/rtabmap_util/lib:/home/brace/codeSpace/navi/install/rtabmap_sync/lib:/home/brace/codeSpace/navi/install/rtabmap_conversions/lib:/home/brace/codeSpace/navi/install/rtabmap_msgs/lib:/home/brace/codeSpace/navi/install/rtabmap/lib:/home/brace/codeSpace/navi/install/rtabmap_slam/lib:/home/brace/codeSpace/navi/install/rtabmap_odom/lib:/home/brace/codeSpace/navi/install/rtabmap_rviz_plugins/lib:/opt/ros/humble/opt/rviz_ogre_vendor/lib:/opt/ros/humble/lib/x86_64-linux-gnu:/opt/ros/humble/lib /usr/bin/cmake --build /home/brace/codeSpace/navi/build/rtabmap_odom -- -j16 -l16
[1.462s] DEBUG:colcon.colcon_core.event_handler.log_command:Invoking command in '/home/brace/codeSpace/navi/build/rtabmap_odom': CMAKE_PREFIX_PATH=/home/brace/codeSpace/navi/install/rtabmap_util:/home/brace/codeSpace/navi/install/rtabmap_sync:/home/brace/codeSpace/navi/install/rtabmap_conversions:/home/brace/codeSpace/navi/install/rtabmap_msgs:/home/brace/codeSpace/navi/install/rtabmap:/home/brace/codeSpace/navi/install/rtabmap_ros:/home/brace/codeSpace/navi/install/rtabmap_launch:/home/brace/codeSpace/navi/install/rtabmap_examples:/home/brace/codeSpace/navi/install/rtabmap_demos:/home/brace/codeSpace/navi/install/rtabmap_viz:/home/brace/codeSpace/navi/install/rtabmap_slam:/home/brace/codeSpace/navi/install/rtabmap_odom:/home/brace/codeSpace/navi/install/rtabmap_rviz_plugins:/home/brace/codeSpace/navi/install/realsense2_rviz_plugin:/home/brace/codeSpace/navi/install/realsense2_description:/home/brace/codeSpace/navi/install/rtabmap_python:/home/brace/codeSpace/navi/install/realsense2_ros_mqtt_bridge:/opt/ros/humble LD_LIBRARY_PATH=/home/brace/codeSpace/navi/install/rtabmap_util/lib:/home/brace/codeSpace/navi/install/rtabmap_sync/lib:/home/brace/codeSpace/navi/install/rtabmap_conversions/lib:/home/brace/codeSpace/navi/install/rtabmap_msgs/lib:/home/brace/codeSpace/navi/install/rtabmap/lib:/home/brace/codeSpace/navi/install/rtabmap_slam/lib:/home/brace/codeSpace/navi/install/rtabmap_odom/lib:/home/brace/codeSpace/navi/install/rtabmap_rviz_plugins/lib:/opt/ros/humble/opt/rviz_ogre_vendor/lib:/opt/ros/humble/lib/x86_64-linux-gnu:/opt/ros/humble/lib /usr/bin/cmake --install /home/brace/codeSpace/navi/build/rtabmap_odom
[1.487s] Level 1:colcon.colcon_core.environment:create_environment_scripts_only(rtabmap_odom)
[1.487s] Level 1:colcon.colcon_core.environment:checking '/home/brace/codeSpace/navi/install/rtabmap_odom' for CMake module files
[1.488s] DEBUG:colcon.colcon_core.event_handler.log_command:Invoked command in '/home/brace/codeSpace/navi/build/rtabmap_odom' returned '0': CMAKE_PREFIX_PATH=/home/brace/codeSpace/navi/install/rtabmap_util:/home/brace/codeSpace/navi/install/rtabmap_sync:/home/brace/codeSpace/navi/install/rtabmap_conversions:/home/brace/codeSpace/navi/install/rtabmap_msgs:/home/brace/codeSpace/navi/install/rtabmap:/home/brace/codeSpace/navi/install/rtabmap_ros:/home/brace/codeSpace/navi/install/rtabmap_launch:/home/brace/codeSpace/navi/install/rtabmap_examples:/home/brace/codeSpace/navi/install/rtabmap_demos:/home/brace/codeSpace/navi/install/rtabmap_viz:/home/brace/codeSpace/navi/install/rtabmap_slam:/home/brace/codeSpace/navi/install/rtabmap_odom:/home/brace/codeSpace/navi/install/rtabmap_rviz_plugins:/home/brace/codeSpace/navi/install/realsense2_rviz_plugin:/home/brace/codeSpace/navi/install/realsense2_description:/home/brace/codeSpace/navi/install/rtabmap_python:/home/brace/codeSpace/navi/install/realsense2_ros_mqtt_bridge:/opt/ros/humble LD_LIBRARY_PATH=/home/brace/codeSpace/navi/install/rtabmap_util/lib:/home/brace/codeSpace/navi/install/rtabmap_sync/lib:/home/brace/codeSpace/navi/install/rtabmap_conversions/lib:/home/brace/codeSpace/navi/install/rtabmap_msgs/lib:/home/brace/codeSpace/navi/install/rtabmap/lib:/home/brace/codeSpace/navi/install/rtabmap_slam/lib:/home/brace/codeSpace/navi/install/rtabmap_odom/lib:/home/brace/codeSpace/navi/install/rtabmap_rviz_plugins/lib:/opt/ros/humble/opt/rviz_ogre_vendor/lib:/opt/ros/humble/lib/x86_64-linux-gnu:/opt/ros/humble/lib /usr/bin/cmake --install /home/brace/codeSpace/navi/build/rtabmap_odom
[1.488s] Level 1:colcon.colcon_core.environment:checking '/home/brace/codeSpace/navi/install/rtabmap_odom' for CMake config files
[1.488s] Level 1:colcon.colcon_core.shell:create_environment_hook('rtabmap_odom', 'cmake_prefix_path')
[1.488s] INFO:colcon.colcon_core.shell:Creating environment hook '/home/brace/codeSpace/navi/install/rtabmap_odom/share/rtabmap_odom/hook/cmake_prefix_path.ps1'
[1.489s] INFO:colcon.colcon_core.shell:Creating environment descriptor '/home/brace/codeSpace/navi/install/rtabmap_odom/share/rtabmap_odom/hook/cmake_prefix_path.dsv'
[1.489s] INFO:colcon.colcon_core.shell:Creating environment hook '/home/brace/codeSpace/navi/install/rtabmap_odom/share/rtabmap_odom/hook/cmake_prefix_path.sh'
[1.490s] Level 1:colcon.colcon_core.environment:checking '/home/brace/codeSpace/navi/install/rtabmap_odom/lib'
[1.490s] Level 1:colcon.colcon_core.shell:create_environment_hook('rtabmap_odom', 'ld_library_path_lib')
[1.490s] INFO:colcon.colcon_core.shell:Creating environment hook '/home/brace/codeSpace/navi/install/rtabmap_odom/share/rtabmap_odom/hook/ld_library_path_lib.ps1'
[1.491s] INFO:colcon.colcon_core.shell:Creating environment descriptor '/home/brace/codeSpace/navi/install/rtabmap_odom/share/rtabmap_odom/hook/ld_library_path_lib.dsv'
[1.491s] INFO:colcon.colcon_core.shell:Creating environment hook '/home/brace/codeSpace/navi/install/rtabmap_odom/share/rtabmap_odom/hook/ld_library_path_lib.sh'
[1.491s] Level 1:colcon.colcon_core.environment:checking '/home/brace/codeSpace/navi/install/rtabmap_odom/bin'
[1.491s] Level 1:colcon.colcon_core.environment:checking '/home/brace/codeSpace/navi/install/rtabmap_odom/lib/pkgconfig/rtabmap_odom.pc'
[1.491s] Level 1:colcon.colcon_core.environment:checking '/home/brace/codeSpace/navi/install/rtabmap_odom/lib/python3.10/site-packages'
[1.492s] Level 1:colcon.colcon_core.environment:checking '/home/brace/codeSpace/navi/install/rtabmap_odom/bin'
[1.492s] INFO:colcon.colcon_core.shell:Creating package script '/home/brace/codeSpace/navi/install/rtabmap_odom/share/rtabmap_odom/package.ps1'
[1.492s] INFO:colcon.colcon_core.shell:Creating package descriptor '/home/brace/codeSpace/navi/install/rtabmap_odom/share/rtabmap_odom/package.dsv'
[1.493s] INFO:colcon.colcon_core.shell:Creating package script '/home/brace/codeSpace/navi/install/rtabmap_odom/share/rtabmap_odom/package.sh'
[1.493s] INFO:colcon.colcon_core.shell:Creating package script '/home/brace/codeSpace/navi/install/rtabmap_odom/share/rtabmap_odom/package.bash'
[1.493s] INFO:colcon.colcon_core.shell:Creating package script '/home/brace/codeSpace/navi/install/rtabmap_odom/share/rtabmap_odom/package.zsh'
[1.493s] Level 1:colcon.colcon_core.environment:create_file_with_runtime_dependencies(/home/brace/codeSpace/navi/install/rtabmap_odom/share/colcon-core/packages/rtabmap_odom)
[1.494s] Level 1:colcon.colcon_core.environment:create_environment_scripts_only(rtabmap_odom)
[1.494s] Level 1:colcon.colcon_core.environment:checking '/home/brace/codeSpace/navi/install/rtabmap_odom' for CMake module files
[1.494s] Level 1:colcon.colcon_core.environment:checking '/home/brace/codeSpace/navi/install/rtabmap_odom' for CMake config files
[1.495s] Level 1:colcon.colcon_core.shell:create_environment_hook('rtabmap_odom', 'cmake_prefix_path')
[1.495s] INFO:colcon.colcon_core.shell:Creating environment hook '/home/brace/codeSpace/navi/install/rtabmap_odom/share/rtabmap_odom/hook/cmake_prefix_path.ps1'
[1.495s] INFO:colcon.colcon_core.shell:Creating environment descriptor '/home/brace/codeSpace/navi/install/rtabmap_odom/share/rtabmap_odom/hook/cmake_prefix_path.dsv'
[1.495s] INFO:colcon.colcon_core.shell:Creating environment hook '/home/brace/codeSpace/navi/install/rtabmap_odom/share/rtabmap_odom/hook/cmake_prefix_path.sh'
[1.496s] Level 1:colcon.colcon_core.environment:checking '/home/brace/codeSpace/navi/install/rtabmap_odom/lib'
[1.496s] Level 1:colcon.colcon_core.shell:create_environment_hook('rtabmap_odom', 'ld_library_path_lib')
[1.496s] INFO:colcon.colcon_core.shell:Creating environment hook '/home/brace/codeSpace/navi/install/rtabmap_odom/share/rtabmap_odom/hook/ld_library_path_lib.ps1'
[1.496s] INFO:colcon.colcon_core.shell:Creating environment descriptor '/home/brace/codeSpace/navi/install/rtabmap_odom/share/rtabmap_odom/hook/ld_library_path_lib.dsv'
[1.496s] INFO:colcon.colcon_core.shell:Creating environment hook '/home/brace/codeSpace/navi/install/rtabmap_odom/share/rtabmap_odom/hook/ld_library_path_lib.sh'
[1.496s] Level 1:colcon.colcon_core.environment:checking '/home/brace/codeSpace/navi/install/rtabmap_odom/bin'
[1.497s] Level 1:colcon.colcon_core.environment:checking '/home/brace/codeSpace/navi/install/rtabmap_odom/lib/pkgconfig/rtabmap_odom.pc'
[1.497s] Level 1:colcon.colcon_core.environment:checking '/home/brace/codeSpace/navi/install/rtabmap_odom/lib/python3.10/site-packages'
[1.497s] Level 1:colcon.colcon_core.environment:checking '/home/brace/codeSpace/navi/install/rtabmap_odom/bin'
[1.497s] INFO:colcon.colcon_core.shell:Creating package script '/home/brace/codeSpace/navi/install/rtabmap_odom/share/rtabmap_odom/package.ps1'
[1.497s] INFO:colcon.colcon_core.shell:Creating package descriptor '/home/brace/codeSpace/navi/install/rtabmap_odom/share/rtabmap_odom/package.dsv'
[1.498s] INFO:colcon.colcon_core.shell:Creating package script '/home/brace/codeSpace/navi/install/rtabmap_odom/share/rtabmap_odom/package.sh'
[1.498s] INFO:colcon.colcon_core.shell:Creating package script '/home/brace/codeSpace/navi/install/rtabmap_odom/share/rtabmap_odom/package.bash'
[1.498s] INFO:colcon.colcon_core.shell:Creating package script '/home/brace/codeSpace/navi/install/rtabmap_odom/share/rtabmap_odom/package.zsh'
[1.499s] Level 1:colcon.colcon_core.environment:create_file_with_runtime_dependencies(/home/brace/codeSpace/navi/install/rtabmap_odom/share/colcon-core/packages/rtabmap_odom)
[1.499s] INFO:colcon.colcon_ros.task.ament_cmake.build:Building ROS package in '/home/brace/codeSpace/navi/src/rtabmap_ros/rtabmap_demos' with build type 'ament_cmake'
[1.499s] INFO:colcon.colcon_cmake.task.cmake.build:Building CMake package in '/home/brace/codeSpace/navi/src/rtabmap_ros/rtabmap_demos'
[1.499s] INFO:colcon.colcon_core.shell:Skip shell extension 'powershell' for command environment: Not usable outside of PowerShell
[1.499s] DEBUG:colcon.colcon_core.shell:Skip shell extension 'dsv' for command environment
[1.503s] INFO:colcon.colcon_ros.task.ament_cmake.build:Building ROS package in '/home/brace/codeSpace/navi/src/rtabmap_ros/rtabmap_examples' with build type 'ament_cmake'
[1.503s] INFO:colcon.colcon_cmake.task.cmake.build:Building CMake package in '/home/brace/codeSpace/navi/src/rtabmap_ros/rtabmap_examples'
[1.503s] INFO:colcon.colcon_core.shell:Skip shell extension 'powershell' for command environment: Not usable outside of PowerShell
[1.503s] DEBUG:colcon.colcon_core.shell:Skip shell extension 'dsv' for command environment
[1.506s] INFO:colcon.colcon_ros.task.ament_cmake.build:Building ROS package in '/home/brace/codeSpace/navi/src/rtabmap_ros/rtabmap_launch' with build type 'ament_cmake'
[1.506s] INFO:colcon.colcon_cmake.task.cmake.build:Building CMake package in '/home/brace/codeSpace/navi/src/rtabmap_ros/rtabmap_launch'
[1.507s] INFO:colcon.colcon_core.shell:Skip shell extension 'powershell' for command environment: Not usable outside of PowerShell
[1.507s] DEBUG:colcon.colcon_core.shell:Skip shell extension 'dsv' for command environment
[1.529s] DEBUG:colcon.colcon_core.event_handler.log_command:Invoking command in '/home/brace/codeSpace/navi/build/rtabmap_demos': CMAKE_PREFIX_PATH=/home/brace/codeSpace/navi/install/rtabmap_viz:/home/brace/codeSpace/navi/install/rtabmap_slam:/home/brace/codeSpace/navi/install/rtabmap_odom:/home/brace/codeSpace/navi/install/rtabmap_util:/home/brace/codeSpace/navi/install/rtabmap_sync:/home/brace/codeSpace/navi/install/rtabmap_rviz_plugins:/home/brace/codeSpace/navi/install/rtabmap_conversions:/home/brace/codeSpace/navi/install/rtabmap_msgs:/home/brace/codeSpace/navi/install/rtabmap:/home/brace/codeSpace/navi/install/rtabmap_ros:/home/brace/codeSpace/navi/install/rtabmap_launch:/home/brace/codeSpace/navi/install/rtabmap_examples:/home/brace/codeSpace/navi/install/rtabmap_demos:/home/brace/codeSpace/navi/install/realsense2_rviz_plugin:/home/brace/codeSpace/navi/install/realsense2_description:/home/brace/codeSpace/navi/install/rtabmap_python:/home/brace/codeSpace/navi/install/realsense2_ros_mqtt_bridge:/opt/ros/humble /usr/bin/cmake --build /home/brace/codeSpace/navi/build/rtabmap_demos -- -j16 -l16
[1.532s] DEBUG:colcon.colcon_core.event_handler.log_command:Invoking command in '/home/brace/codeSpace/navi/build/rtabmap_examples': CMAKE_PREFIX_PATH=/home/brace/codeSpace/navi/install/rtabmap_viz:/home/brace/codeSpace/navi/install/rtabmap_slam:/home/brace/codeSpace/navi/install/rtabmap_odom:/home/brace/codeSpace/navi/install/rtabmap_util:/home/brace/codeSpace/navi/install/rtabmap_sync:/home/brace/codeSpace/navi/install/rtabmap_rviz_plugins:/home/brace/codeSpace/navi/install/rtabmap_conversions:/home/brace/codeSpace/navi/install/rtabmap_msgs:/home/brace/codeSpace/navi/install/rtabmap:/home/brace/codeSpace/navi/install/rtabmap_ros:/home/brace/codeSpace/navi/install/rtabmap_launch:/home/brace/codeSpace/navi/install/rtabmap_examples:/home/brace/codeSpace/navi/install/rtabmap_demos:/home/brace/codeSpace/navi/install/realsense2_rviz_plugin:/home/brace/codeSpace/navi/install/realsense2_description:/home/brace/codeSpace/navi/install/rtabmap_python:/home/brace/codeSpace/navi/install/realsense2_ros_mqtt_bridge:/opt/ros/humble /usr/bin/cmake --build /home/brace/codeSpace/navi/build/rtabmap_examples -- -j16 -l16
[1.538s] DEBUG:colcon.colcon_core.event_handler.log_command:Invoking command in '/home/brace/codeSpace/navi/build/rtabmap_launch': CMAKE_PREFIX_PATH=/home/brace/codeSpace/navi/install/rtabmap_viz:/home/brace/codeSpace/navi/install/rtabmap_slam:/home/brace/codeSpace/navi/install/rtabmap_odom:/home/brace/codeSpace/navi/install/rtabmap_util:/home/brace/codeSpace/navi/install/rtabmap_sync:/home/brace/codeSpace/navi/install/rtabmap_rviz_plugins:/home/brace/codeSpace/navi/install/rtabmap_conversions:/home/brace/codeSpace/navi/install/rtabmap_msgs:/home/brace/codeSpace/navi/install/rtabmap:/home/brace/codeSpace/navi/install/rtabmap_ros:/home/brace/codeSpace/navi/install/rtabmap_launch:/home/brace/codeSpace/navi/install/rtabmap_examples:/home/brace/codeSpace/navi/install/rtabmap_demos:/home/brace/codeSpace/navi/install/realsense2_rviz_plugin:/home/brace/codeSpace/navi/install/realsense2_description:/home/brace/codeSpace/navi/install/rtabmap_python:/home/brace/codeSpace/navi/install/realsense2_ros_mqtt_bridge:/opt/ros/humble /usr/bin/cmake --build /home/brace/codeSpace/navi/build/rtabmap_launch -- -j16 -l16
[1.565s] DEBUG:colcon.colcon_core.event_handler.log_command:Invoked command in '/home/brace/codeSpace/navi/build/rtabmap_demos' returned '0': CMAKE_PREFIX_PATH=/home/brace/codeSpace/navi/install/rtabmap_viz:/home/brace/codeSpace/navi/install/rtabmap_slam:/home/brace/codeSpace/navi/install/rtabmap_odom:/home/brace/codeSpace/navi/install/rtabmap_util:/home/brace/codeSpace/navi/install/rtabmap_sync:/home/brace/codeSpace/navi/install/rtabmap_rviz_plugins:/home/brace/codeSpace/navi/install/rtabmap_conversions:/home/brace/codeSpace/navi/install/rtabmap_msgs:/home/brace/codeSpace/navi/install/rtabmap:/home/brace/codeSpace/navi/install/rtabmap_ros:/home/brace/codeSpace/navi/install/rtabmap_launch:/home/brace/codeSpace/navi/install/rtabmap_examples:/home/brace/codeSpace/navi/install/rtabmap_demos:/home/brace/codeSpace/navi/install/realsense2_rviz_plugin:/home/brace/codeSpace/navi/install/realsense2_description:/home/brace/codeSpace/navi/install/rtabmap_python:/home/brace/codeSpace/navi/install/realsense2_ros_mqtt_bridge:/opt/ros/humble /usr/bin/cmake --build /home/brace/codeSpace/navi/build/rtabmap_demos -- -j16 -l16
[1.567s] DEBUG:colcon.colcon_core.event_handler.log_command:Invoking command in '/home/brace/codeSpace/navi/build/rtabmap_demos': CMAKE_PREFIX_PATH=/home/brace/codeSpace/navi/install/rtabmap_viz:/home/brace/codeSpace/navi/install/rtabmap_slam:/home/brace/codeSpace/navi/install/rtabmap_odom:/home/brace/codeSpace/navi/install/rtabmap_util:/home/brace/codeSpace/navi/install/rtabmap_sync:/home/brace/codeSpace/navi/install/rtabmap_rviz_plugins:/home/brace/codeSpace/navi/install/rtabmap_conversions:/home/brace/codeSpace/navi/install/rtabmap_msgs:/home/brace/codeSpace/navi/install/rtabmap:/home/brace/codeSpace/navi/install/rtabmap_ros:/home/brace/codeSpace/navi/install/rtabmap_launch:/home/brace/codeSpace/navi/install/rtabmap_examples:/home/brace/codeSpace/navi/install/rtabmap_demos:/home/brace/codeSpace/navi/install/realsense2_rviz_plugin:/home/brace/codeSpace/navi/install/realsense2_description:/home/brace/codeSpace/navi/install/rtabmap_python:/home/brace/codeSpace/navi/install/realsense2_ros_mqtt_bridge:/opt/ros/humble /usr/bin/cmake --install /home/brace/codeSpace/navi/build/rtabmap_demos
[1.569s] DEBUG:colcon.colcon_core.event_handler.log_command:Invoked command in '/home/brace/codeSpace/navi/build/rtabmap_launch' returned '0': CMAKE_PREFIX_PATH=/home/brace/codeSpace/navi/install/rtabmap_viz:/home/brace/codeSpace/navi/install/rtabmap_slam:/home/brace/codeSpace/navi/install/rtabmap_odom:/home/brace/codeSpace/navi/install/rtabmap_util:/home/brace/codeSpace/navi/install/rtabmap_sync:/home/brace/codeSpace/navi/install/rtabmap_rviz_plugins:/home/brace/codeSpace/navi/install/rtabmap_conversions:/home/brace/codeSpace/navi/install/rtabmap_msgs:/home/brace/codeSpace/navi/install/rtabmap:/home/brace/codeSpace/navi/install/rtabmap_ros:/home/brace/codeSpace/navi/install/rtabmap_launch:/home/brace/codeSpace/navi/install/rtabmap_examples:/home/brace/codeSpace/navi/install/rtabmap_demos:/home/brace/codeSpace/navi/install/realsense2_rviz_plugin:/home/brace/codeSpace/navi/install/realsense2_description:/home/brace/codeSpace/navi/install/rtabmap_python:/home/brace/codeSpace/navi/install/realsense2_ros_mqtt_bridge:/opt/ros/humble /usr/bin/cmake --build /home/brace/codeSpace/navi/build/rtabmap_launch -- -j16 -l16
[1.569s] DEBUG:colcon.colcon_core.event_handler.log_command:Invoking command in '/home/brace/codeSpace/navi/build/rtabmap_launch': CMAKE_PREFIX_PATH=/home/brace/codeSpace/navi/install/rtabmap_viz:/home/brace/codeSpace/navi/install/rtabmap_slam:/home/brace/codeSpace/navi/install/rtabmap_odom:/home/brace/codeSpace/navi/install/rtabmap_util:/home/brace/codeSpace/navi/install/rtabmap_sync:/home/brace/codeSpace/navi/install/rtabmap_rviz_plugins:/home/brace/codeSpace/navi/install/rtabmap_conversions:/home/brace/codeSpace/navi/install/rtabmap_msgs:/home/brace/codeSpace/navi/install/rtabmap:/home/brace/codeSpace/navi/install/rtabmap_ros:/home/brace/codeSpace/navi/install/rtabmap_launch:/home/brace/codeSpace/navi/install/rtabmap_examples:/home/brace/codeSpace/navi/install/rtabmap_demos:/home/brace/codeSpace/navi/install/realsense2_rviz_plugin:/home/brace/codeSpace/navi/install/realsense2_description:/home/brace/codeSpace/navi/install/rtabmap_python:/home/brace/codeSpace/navi/install/realsense2_ros_mqtt_bridge:/opt/ros/humble /usr/bin/cmake --install /home/brace/codeSpace/navi/build/rtabmap_launch
[1.571s] DEBUG:colcon.colcon_core.event_handler.log_command:Invoked command in '/home/brace/codeSpace/navi/build/rtabmap_examples' returned '0': CMAKE_PREFIX_PATH=/home/brace/codeSpace/navi/install/rtabmap_viz:/home/brace/codeSpace/navi/install/rtabmap_slam:/home/brace/codeSpace/navi/install/rtabmap_odom:/home/brace/codeSpace/navi/install/rtabmap_util:/home/brace/codeSpace/navi/install/rtabmap_sync:/home/brace/codeSpace/navi/install/rtabmap_rviz_plugins:/home/brace/codeSpace/navi/install/rtabmap_conversions:/home/brace/codeSpace/navi/install/rtabmap_msgs:/home/brace/codeSpace/navi/install/rtabmap:/home/brace/codeSpace/navi/install/rtabmap_ros:/home/brace/codeSpace/navi/install/rtabmap_launch:/home/brace/codeSpace/navi/install/rtabmap_examples:/home/brace/codeSpace/navi/install/rtabmap_demos:/home/brace/codeSpace/navi/install/realsense2_rviz_plugin:/home/brace/codeSpace/navi/install/realsense2_description:/home/brace/codeSpace/navi/install/rtabmap_python:/home/brace/codeSpace/navi/install/realsense2_ros_mqtt_bridge:/opt/ros/humble /usr/bin/cmake --build /home/brace/codeSpace/navi/build/rtabmap_examples -- -j16 -l16
[1.572s] DEBUG:colcon.colcon_core.event_handler.log_command:Invoking command in '/home/brace/codeSpace/navi/build/rtabmap_examples': CMAKE_PREFIX_PATH=/home/brace/codeSpace/navi/install/rtabmap_viz:/home/brace/codeSpace/navi/install/rtabmap_slam:/home/brace/codeSpace/navi/install/rtabmap_odom:/home/brace/codeSpace/navi/install/rtabmap_util:/home/brace/codeSpace/navi/install/rtabmap_sync:/home/brace/codeSpace/navi/install/rtabmap_rviz_plugins:/home/brace/codeSpace/navi/install/rtabmap_conversions:/home/brace/codeSpace/navi/install/rtabmap_msgs:/home/brace/codeSpace/navi/install/rtabmap:/home/brace/codeSpace/navi/install/rtabmap_ros:/home/brace/codeSpace/navi/install/rtabmap_launch:/home/brace/codeSpace/navi/install/rtabmap_examples:/home/brace/codeSpace/navi/install/rtabmap_demos:/home/brace/codeSpace/navi/install/realsense2_rviz_plugin:/home/brace/codeSpace/navi/install/realsense2_description:/home/brace/codeSpace/navi/install/rtabmap_python:/home/brace/codeSpace/navi/install/realsense2_ros_mqtt_bridge:/opt/ros/humble /usr/bin/cmake --install /home/brace/codeSpace/navi/build/rtabmap_examples
[1.584s] Level 1:colcon.colcon_core.environment:create_environment_scripts_only(rtabmap_demos)
[1.585s] Level 1:colcon.colcon_core.environment:checking '/home/brace/codeSpace/navi/install/rtabmap_demos' for CMake module files
[1.585s] DEBUG:colcon.colcon_core.event_handler.log_command:Invoked command in '/home/brace/codeSpace/navi/build/rtabmap_demos' returned '0': CMAKE_PREFIX_PATH=/home/brace/codeSpace/navi/install/rtabmap_viz:/home/brace/codeSpace/navi/install/rtabmap_slam:/home/brace/codeSpace/navi/install/rtabmap_odom:/home/brace/codeSpace/navi/install/rtabmap_util:/home/brace/codeSpace/navi/install/rtabmap_sync:/home/brace/codeSpace/navi/install/rtabmap_rviz_plugins:/home/brace/codeSpace/navi/install/rtabmap_conversions:/home/brace/codeSpace/navi/install/rtabmap_msgs:/home/brace/codeSpace/navi/install/rtabmap:/home/brace/codeSpace/navi/install/rtabmap_ros:/home/brace/codeSpace/navi/install/rtabmap_launch:/home/brace/codeSpace/navi/install/rtabmap_examples:/home/brace/codeSpace/navi/install/rtabmap_demos:/home/brace/codeSpace/navi/install/realsense2_rviz_plugin:/home/brace/codeSpace/navi/install/realsense2_description:/home/brace/codeSpace/navi/install/rtabmap_python:/home/brace/codeSpace/navi/install/realsense2_ros_mqtt_bridge:/opt/ros/humble /usr/bin/cmake --install /home/brace/codeSpace/navi/build/rtabmap_demos
[1.586s] Level 1:colcon.colcon_core.environment:checking '/home/brace/codeSpace/navi/install/rtabmap_demos' for CMake config files
[1.587s] Level 1:colcon.colcon_core.shell:create_environment_hook('rtabmap_demos', 'cmake_prefix_path')
[1.588s] INFO:colcon.colcon_core.shell:Creating environment hook '/home/brace/codeSpace/navi/install/rtabmap_demos/share/rtabmap_demos/hook/cmake_prefix_path.ps1'
[1.588s] INFO:colcon.colcon_core.shell:Creating environment descriptor '/home/brace/codeSpace/navi/install/rtabmap_demos/share/rtabmap_demos/hook/cmake_prefix_path.dsv'
[1.589s] INFO:colcon.colcon_core.shell:Creating environment hook '/home/brace/codeSpace/navi/install/rtabmap_demos/share/rtabmap_demos/hook/cmake_prefix_path.sh'
[1.589s] Level 1:colcon.colcon_core.environment:checking '/home/brace/codeSpace/navi/install/rtabmap_demos/bin'
[1.589s] Level 1:colcon.colcon_core.environment:checking '/home/brace/codeSpace/navi/install/rtabmap_demos/lib/pkgconfig/rtabmap_demos.pc'
[1.590s] Level 1:colcon.colcon_core.environment:checking '/home/brace/codeSpace/navi/install/rtabmap_demos/lib/python3.10/site-packages'
[1.590s] Level 1:colcon.colcon_core.environment:checking '/home/brace/codeSpace/navi/install/rtabmap_demos/bin'
[1.591s] INFO:colcon.colcon_core.shell:Creating package script '/home/brace/codeSpace/navi/install/rtabmap_demos/share/rtabmap_demos/package.ps1'
[1.591s] INFO:colcon.colcon_core.shell:Creating package descriptor '/home/brace/codeSpace/navi/install/rtabmap_demos/share/rtabmap_demos/package.dsv'
[1.592s] INFO:colcon.colcon_core.shell:Creating package script '/home/brace/codeSpace/navi/install/rtabmap_demos/share/rtabmap_demos/package.sh'
[1.592s] INFO:colcon.colcon_core.shell:Creating package script '/home/brace/codeSpace/navi/install/rtabmap_demos/share/rtabmap_demos/package.bash'
[1.593s] INFO:colcon.colcon_core.shell:Creating package script '/home/brace/codeSpace/navi/install/rtabmap_demos/share/rtabmap_demos/package.zsh'
[1.593s] Level 1:colcon.colcon_core.environment:create_file_with_runtime_dependencies(/home/brace/codeSpace/navi/install/rtabmap_demos/share/colcon-core/packages/rtabmap_demos)
[1.594s] Level 1:colcon.colcon_core.environment:create_environment_scripts_only(rtabmap_demos)
[1.594s] Level 1:colcon.colcon_core.environment:checking '/home/brace/codeSpace/navi/install/rtabmap_demos' for CMake module files
[1.595s] Level 1:colcon.colcon_core.environment:checking '/home/brace/codeSpace/navi/install/rtabmap_demos' for CMake config files
[1.595s] Level 1:colcon.colcon_core.shell:create_environment_hook('rtabmap_demos', 'cmake_prefix_path')
[1.595s] INFO:colcon.colcon_core.shell:Creating environment hook '/home/brace/codeSpace/navi/install/rtabmap_demos/share/rtabmap_demos/hook/cmake_prefix_path.ps1'
[1.596s] INFO:colcon.colcon_core.shell:Creating environment descriptor '/home/brace/codeSpace/navi/install/rtabmap_demos/share/rtabmap_demos/hook/cmake_prefix_path.dsv'
[1.596s] INFO:colcon.colcon_core.shell:Creating environment hook '/home/brace/codeSpace/navi/install/rtabmap_demos/share/rtabmap_demos/hook/cmake_prefix_path.sh'
[1.596s] Level 1:colcon.colcon_core.environment:checking '/home/brace/codeSpace/navi/install/rtabmap_demos/bin'
[1.597s] Level 1:colcon.colcon_core.environment:checking '/home/brace/codeSpace/navi/install/rtabmap_demos/lib/pkgconfig/rtabmap_demos.pc'
[1.597s] Level 1:colcon.colcon_core.environment:checking '/home/brace/codeSpace/navi/install/rtabmap_demos/lib/python3.10/site-packages'
[1.597s] Level 1:colcon.colcon_core.environment:checking '/home/brace/codeSpace/navi/install/rtabmap_demos/bin'
[1.597s] INFO:colcon.colcon_core.shell:Creating package script '/home/brace/codeSpace/navi/install/rtabmap_demos/share/rtabmap_demos/package.ps1'
[1.597s] INFO:colcon.colcon_core.shell:Creating package descriptor '/home/brace/codeSpace/navi/install/rtabmap_demos/share/rtabmap_demos/package.dsv'
[1.598s] INFO:colcon.colcon_core.shell:Creating package script '/home/brace/codeSpace/navi/install/rtabmap_demos/share/rtabmap_demos/package.sh'
[1.598s] INFO:colcon.colcon_core.shell:Creating package script '/home/brace/codeSpace/navi/install/rtabmap_demos/share/rtabmap_demos/package.bash'
[1.598s] INFO:colcon.colcon_core.shell:Creating package script '/home/brace/codeSpace/navi/install/rtabmap_demos/share/rtabmap_demos/package.zsh'
[1.598s] Level 1:colcon.colcon_core.environment:create_file_with_runtime_dependencies(/home/brace/codeSpace/navi/install/rtabmap_demos/share/colcon-core/packages/rtabmap_demos)
[1.599s] Level 1:colcon.colcon_core.environment:create_environment_scripts_only(rtabmap_examples)
[1.600s] Level 1:colcon.colcon_core.environment:checking '/home/brace/codeSpace/navi/install/rtabmap_examples' for CMake module files
[1.600s] DEBUG:colcon.colcon_core.event_handler.log_command:Invoked command in '/home/brace/codeSpace/navi/build/rtabmap_examples' returned '0': CMAKE_PREFIX_PATH=/home/brace/codeSpace/navi/install/rtabmap_viz:/home/brace/codeSpace/navi/install/rtabmap_slam:/home/brace/codeSpace/navi/install/rtabmap_odom:/home/brace/codeSpace/navi/install/rtabmap_util:/home/brace/codeSpace/navi/install/rtabmap_sync:/home/brace/codeSpace/navi/install/rtabmap_rviz_plugins:/home/brace/codeSpace/navi/install/rtabmap_conversions:/home/brace/codeSpace/navi/install/rtabmap_msgs:/home/brace/codeSpace/navi/install/rtabmap:/home/brace/codeSpace/navi/install/rtabmap_ros:/home/brace/codeSpace/navi/install/rtabmap_launch:/home/brace/codeSpace/navi/install/rtabmap_examples:/home/brace/codeSpace/navi/install/rtabmap_demos:/home/brace/codeSpace/navi/install/realsense2_rviz_plugin:/home/brace/codeSpace/navi/install/realsense2_description:/home/brace/codeSpace/navi/install/rtabmap_python:/home/brace/codeSpace/navi/install/realsense2_ros_mqtt_bridge:/opt/ros/humble /usr/bin/cmake --install /home/brace/codeSpace/navi/build/rtabmap_examples
[1.600s] Level 1:colcon.colcon_core.environment:checking '/home/brace/codeSpace/navi/install/rtabmap_examples' for CMake config files
[1.600s] Level 1:colcon.colcon_core.shell:create_environment_hook('rtabmap_examples', 'cmake_prefix_path')
[1.601s] INFO:colcon.colcon_core.shell:Creating environment hook '/home/brace/codeSpace/navi/install/rtabmap_examples/share/rtabmap_examples/hook/cmake_prefix_path.ps1'
[1.601s] INFO:colcon.colcon_core.shell:Creating environment descriptor '/home/brace/codeSpace/navi/install/rtabmap_examples/share/rtabmap_examples/hook/cmake_prefix_path.dsv'
[1.601s] INFO:colcon.colcon_core.shell:Creating environment hook '/home/brace/codeSpace/navi/install/rtabmap_examples/share/rtabmap_examples/hook/cmake_prefix_path.sh'
[1.602s] Level 1:colcon.colcon_core.environment:checking '/home/brace/codeSpace/navi/install/rtabmap_examples/bin'
[1.602s] Level 1:colcon.colcon_core.environment:checking '/home/brace/codeSpace/navi/install/rtabmap_examples/lib/pkgconfig/rtabmap_examples.pc'
[1.602s] Level 1:colcon.colcon_core.environment:checking '/home/brace/codeSpace/navi/install/rtabmap_examples/lib/python3.10/site-packages'
[1.602s] Level 1:colcon.colcon_core.environment:checking '/home/brace/codeSpace/navi/install/rtabmap_examples/bin'
[1.603s] INFO:colcon.colcon_core.shell:Creating package script '/home/brace/codeSpace/navi/install/rtabmap_examples/share/rtabmap_examples/package.ps1'
[1.603s] INFO:colcon.colcon_core.shell:Creating package descriptor '/home/brace/codeSpace/navi/install/rtabmap_examples/share/rtabmap_examples/package.dsv'
[1.603s] INFO:colcon.colcon_core.shell:Creating package script '/home/brace/codeSpace/navi/install/rtabmap_examples/share/rtabmap_examples/package.sh'
[1.604s] INFO:colcon.colcon_core.shell:Creating package script '/home/brace/codeSpace/navi/install/rtabmap_examples/share/rtabmap_examples/package.bash'
[1.604s] INFO:colcon.colcon_core.shell:Creating package script '/home/brace/codeSpace/navi/install/rtabmap_examples/share/rtabmap_examples/package.zsh'
[1.604s] Level 1:colcon.colcon_core.environment:create_file_with_runtime_dependencies(/home/brace/codeSpace/navi/install/rtabmap_examples/share/colcon-core/packages/rtabmap_examples)
[1.605s] Level 1:colcon.colcon_core.environment:create_environment_scripts_only(rtabmap_examples)
[1.605s] Level 1:colcon.colcon_core.environment:checking '/home/brace/codeSpace/navi/install/rtabmap_examples' for CMake module files
[1.605s] Level 1:colcon.colcon_core.environment:checking '/home/brace/codeSpace/navi/install/rtabmap_examples' for CMake config files
[1.606s] Level 1:colcon.colcon_core.shell:create_environment_hook('rtabmap_examples', 'cmake_prefix_path')
[1.606s] INFO:colcon.colcon_core.shell:Creating environment hook '/home/brace/codeSpace/navi/install/rtabmap_examples/share/rtabmap_examples/hook/cmake_prefix_path.ps1'
[1.606s] INFO:colcon.colcon_core.shell:Creating environment descriptor '/home/brace/codeSpace/navi/install/rtabmap_examples/share/rtabmap_examples/hook/cmake_prefix_path.dsv'
[1.607s] INFO:colcon.colcon_core.shell:Creating environment hook '/home/brace/codeSpace/navi/install/rtabmap_examples/share/rtabmap_examples/hook/cmake_prefix_path.sh'
[1.607s] Level 1:colcon.colcon_core.environment:checking '/home/brace/codeSpace/navi/install/rtabmap_examples/bin'
[1.607s] Level 1:colcon.colcon_core.environment:checking '/home/brace/codeSpace/navi/install/rtabmap_examples/lib/pkgconfig/rtabmap_examples.pc'
[1.608s] Level 1:colcon.colcon_core.environment:checking '/home/brace/codeSpace/navi/install/rtabmap_examples/lib/python3.10/site-packages'
[1.608s] Level 1:colcon.colcon_core.environment:checking '/home/brace/codeSpace/navi/install/rtabmap_examples/bin'
[1.608s] INFO:colcon.colcon_core.shell:Creating package script '/home/brace/codeSpace/navi/install/rtabmap_examples/share/rtabmap_examples/package.ps1'
[1.609s] INFO:colcon.colcon_core.shell:Creating package descriptor '/home/brace/codeSpace/navi/install/rtabmap_examples/share/rtabmap_examples/package.dsv'
[1.609s] INFO:colcon.colcon_core.shell:Creating package script '/home/brace/codeSpace/navi/install/rtabmap_examples/share/rtabmap_examples/package.sh'
[1.610s] INFO:colcon.colcon_core.shell:Creating package script '/home/brace/codeSpace/navi/install/rtabmap_examples/share/rtabmap_examples/package.bash'
[1.610s] INFO:colcon.colcon_core.shell:Creating package script '/home/brace/codeSpace/navi/install/rtabmap_examples/share/rtabmap_examples/package.zsh'
[1.610s] Level 1:colcon.colcon_core.environment:create_file_with_runtime_dependencies(/home/brace/codeSpace/navi/install/rtabmap_examples/share/colcon-core/packages/rtabmap_examples)
[1.611s] Level 1:colcon.colcon_core.environment:create_environment_scripts_only(rtabmap_launch)
[1.611s] Level 1:colcon.colcon_core.environment:checking '/home/brace/codeSpace/navi/install/rtabmap_launch' for CMake module files
[1.612s] Level 1:colcon.colcon_core.environment:checking '/home/brace/codeSpace/navi/install/rtabmap_launch' for CMake config files
[1.613s] DEBUG:colcon.colcon_core.event_handler.log_command:Invoked command in '/home/brace/codeSpace/navi/build/rtabmap_launch' returned '0': CMAKE_PREFIX_PATH=/home/brace/codeSpace/navi/install/rtabmap_viz:/home/brace/codeSpace/navi/install/rtabmap_slam:/home/brace/codeSpace/navi/install/rtabmap_odom:/home/brace/codeSpace/navi/install/rtabmap_util:/home/brace/codeSpace/navi/install/rtabmap_sync:/home/brace/codeSpace/navi/install/rtabmap_rviz_plugins:/home/brace/codeSpace/navi/install/rtabmap_conversions:/home/brace/codeSpace/navi/install/rtabmap_msgs:/home/brace/codeSpace/navi/install/rtabmap:/home/brace/codeSpace/navi/install/rtabmap_ros:/home/brace/codeSpace/navi/install/rtabmap_launch:/home/brace/codeSpace/navi/install/rtabmap_examples:/home/brace/codeSpace/navi/install/rtabmap_demos:/home/brace/codeSpace/navi/install/realsense2_rviz_plugin:/home/brace/codeSpace/navi/install/realsense2_description:/home/brace/codeSpace/navi/install/rtabmap_python:/home/brace/codeSpace/navi/install/realsense2_ros_mqtt_bridge:/opt/ros/humble /usr/bin/cmake --install /home/brace/codeSpace/navi/build/rtabmap_launch
[1.613s] Level 1:colcon.colcon_core.shell:create_environment_hook('rtabmap_launch', 'cmake_prefix_path')
[1.613s] INFO:colcon.colcon_core.shell:Creating environment hook '/home/brace/codeSpace/navi/install/rtabmap_launch/share/rtabmap_launch/hook/cmake_prefix_path.ps1'
[1.613s] INFO:colcon.colcon_core.shell:Creating environment descriptor '/home/brace/codeSpace/navi/install/rtabmap_launch/share/rtabmap_launch/hook/cmake_prefix_path.dsv'
[1.614s] INFO:colcon.colcon_core.shell:Creating environment hook '/home/brace/codeSpace/navi/install/rtabmap_launch/share/rtabmap_launch/hook/cmake_prefix_path.sh'
[1.614s] Level 1:colcon.colcon_core.environment:checking '/home/brace/codeSpace/navi/install/rtabmap_launch/bin'
[1.614s] Level 1:colcon.colcon_core.environment:checking '/home/brace/codeSpace/navi/install/rtabmap_launch/lib/pkgconfig/rtabmap_launch.pc'
[1.614s] Level 1:colcon.colcon_core.environment:checking '/home/brace/codeSpace/navi/install/rtabmap_launch/lib/python3.10/site-packages'
[1.615s] Level 1:colcon.colcon_core.environment:checking '/home/brace/codeSpace/navi/install/rtabmap_launch/bin'
[1.615s] INFO:colcon.colcon_core.shell:Creating package script '/home/brace/codeSpace/navi/install/rtabmap_launch/share/rtabmap_launch/package.ps1'
[1.615s] INFO:colcon.colcon_core.shell:Creating package descriptor '/home/brace/codeSpace/navi/install/rtabmap_launch/share/rtabmap_launch/package.dsv'
[1.616s] INFO:colcon.colcon_core.shell:Creating package script '/home/brace/codeSpace/navi/install/rtabmap_launch/share/rtabmap_launch/package.sh'
[1.616s] INFO:colcon.colcon_core.shell:Creating package script '/home/brace/codeSpace/navi/install/rtabmap_launch/share/rtabmap_launch/package.bash'
[1.616s] INFO:colcon.colcon_core.shell:Creating package script '/home/brace/codeSpace/navi/install/rtabmap_launch/share/rtabmap_launch/package.zsh'
[1.616s] Level 1:colcon.colcon_core.environment:create_file_with_runtime_dependencies(/home/brace/codeSpace/navi/install/rtabmap_launch/share/colcon-core/packages/rtabmap_launch)
[1.617s] Level 1:colcon.colcon_core.environment:create_environment_scripts_only(rtabmap_launch)
[1.617s] Level 1:colcon.colcon_core.environment:checking '/home/brace/codeSpace/navi/install/rtabmap_launch' for CMake module files
[1.617s] Level 1:colcon.colcon_core.environment:checking '/home/brace/codeSpace/navi/install/rtabmap_launch' for CMake config files
[1.617s] Level 1:colcon.colcon_core.shell:create_environment_hook('rtabmap_launch', 'cmake_prefix_path')
[1.617s] INFO:colcon.colcon_core.shell:Creating environment hook '/home/brace/codeSpace/navi/install/rtabmap_launch/share/rtabmap_launch/hook/cmake_prefix_path.ps1'
[1.618s] INFO:colcon.colcon_core.shell:Creating environment descriptor '/home/brace/codeSpace/navi/install/rtabmap_launch/share/rtabmap_launch/hook/cmake_prefix_path.dsv'
[1.618s] INFO:colcon.colcon_core.shell:Creating environment hook '/home/brace/codeSpace/navi/install/rtabmap_launch/share/rtabmap_launch/hook/cmake_prefix_path.sh'
[1.618s] Level 1:colcon.colcon_core.environment:checking '/home/brace/codeSpace/navi/install/rtabmap_launch/bin'
[1.618s] Level 1:colcon.colcon_core.environment:checking '/home/brace/codeSpace/navi/install/rtabmap_launch/lib/pkgconfig/rtabmap_launch.pc'
[1.618s] Level 1:colcon.colcon_core.environment:checking '/home/brace/codeSpace/navi/install/rtabmap_launch/lib/python3.10/site-packages'
[1.619s] Level 1:colcon.colcon_core.environment:checking '/home/brace/codeSpace/navi/install/rtabmap_launch/bin'
[1.619s] INFO:colcon.colcon_core.shell:Creating package script '/home/brace/codeSpace/navi/install/rtabmap_launch/share/rtabmap_launch/package.ps1'
[1.619s] INFO:colcon.colcon_core.shell:Creating package descriptor '/home/brace/codeSpace/navi/install/rtabmap_launch/share/rtabmap_launch/package.dsv'
[1.619s] INFO:colcon.colcon_core.shell:Creating package script '/home/brace/codeSpace/navi/install/rtabmap_launch/share/rtabmap_launch/package.sh'
[1.620s] INFO:colcon.colcon_core.shell:Creating package script '/home/brace/codeSpace/navi/install/rtabmap_launch/share/rtabmap_launch/package.bash'
[1.620s] INFO:colcon.colcon_core.shell:Creating package script '/home/brace/codeSpace/navi/install/rtabmap_launch/share/rtabmap_launch/package.zsh'
[1.620s] Level 1:colcon.colcon_core.environment:create_file_with_runtime_dependencies(/home/brace/codeSpace/navi/install/rtabmap_launch/share/colcon-core/packages/rtabmap_launch)
[1.620s] INFO:colcon.colcon_ros.task.ament_cmake.build:Building ROS package in '/home/brace/codeSpace/navi/src/rtabmap_ros/rtabmap_ros' with build type 'ament_cmake'
[1.620s] INFO:colcon.colcon_cmake.task.cmake.build:Building CMake package in '/home/brace/codeSpace/navi/src/rtabmap_ros/rtabmap_ros'
[1.620s] INFO:colcon.colcon_core.shell:Skip shell extension 'powershell' for command environment: Not usable outside of PowerShell
[1.621s] DEBUG:colcon.colcon_core.shell:Skip shell extension 'dsv' for command environment
[1.650s] DEBUG:colcon.colcon_core.event_handler.log_command:Invoking command in '/home/brace/codeSpace/navi/build/rtabmap_ros': AMENT_PREFIX_PATH=/home/brace/codeSpace/navi/install/rtabmap_python:/home/brace/codeSpace/navi/install/rtabmap_ros:/home/brace/codeSpace/navi/install/rtabmap_launch:/home/brace/codeSpace/navi/install/rtabmap_examples:/home/brace/codeSpace/navi/install/rtabmap_demos:/home/brace/codeSpace/navi/install/rtabmap_viz:/home/brace/codeSpace/navi/install/rtabmap_slam:/home/brace/codeSpace/navi/install/rtabmap_odom:/home/brace/codeSpace/navi/install/rtabmap_util:/home/brace/codeSpace/navi/install/rtabmap_sync:/home/brace/codeSpace/navi/install/rtabmap_rviz_plugins:/home/brace/codeSpace/navi/install/rtabmap_conversions:/home/brace/codeSpace/navi/install/rtabmap_msgs:/home/brace/codeSpace/navi/install/realsense2_rviz_plugin:/home/brace/codeSpace/navi/install/realsense2_ros_mqtt_bridge:/home/brace/codeSpace/navi/install/realsense2_description:/opt/ros/humble CMAKE_PREFIX_PATH=/home/brace/codeSpace/navi/install/rtabmap_launch:/home/brace/codeSpace/navi/install/rtabmap_examples:/home/brace/codeSpace/navi/install/rtabmap_demos:/home/brace/codeSpace/navi/install/rtabmap_viz:/home/brace/codeSpace/navi/install/rtabmap_slam:/home/brace/codeSpace/navi/install/rtabmap_odom:/home/brace/codeSpace/navi/install/rtabmap_util:/home/brace/codeSpace/navi/install/rtabmap_sync:/home/brace/codeSpace/navi/install/rtabmap_rviz_plugins:/home/brace/codeSpace/navi/install/rtabmap_conversions:/home/brace/codeSpace/navi/install/rtabmap_msgs:/home/brace/codeSpace/navi/install/rtabmap:/home/brace/codeSpace/navi/install/rtabmap_ros:/home/brace/codeSpace/navi/install/realsense2_rviz_plugin:/home/brace/codeSpace/navi/install/realsense2_description:/home/brace/codeSpace/navi/install/rtabmap_python:/home/brace/codeSpace/navi/install/realsense2_ros_mqtt_bridge:/opt/ros/humble /usr/bin/cmake --build /home/brace/codeSpace/navi/build/rtabmap_ros -- -j16 -l16
[1.693s] DEBUG:colcon.colcon_core.event_handler.log_command:Invoked command in '/home/brace/codeSpace/navi/build/rtabmap_ros' returned '0': AMENT_PREFIX_PATH=/home/brace/codeSpace/navi/install/rtabmap_python:/home/brace/codeSpace/navi/install/rtabmap_ros:/home/brace/codeSpace/navi/install/rtabmap_launch:/home/brace/codeSpace/navi/install/rtabmap_examples:/home/brace/codeSpace/navi/install/rtabmap_demos:/home/brace/codeSpace/navi/install/rtabmap_viz:/home/brace/codeSpace/navi/install/rtabmap_slam:/home/brace/codeSpace/navi/install/rtabmap_odom:/home/brace/codeSpace/navi/install/rtabmap_util:/home/brace/codeSpace/navi/install/rtabmap_sync:/home/brace/codeSpace/navi/install/rtabmap_rviz_plugins:/home/brace/codeSpace/navi/install/rtabmap_conversions:/home/brace/codeSpace/navi/install/rtabmap_msgs:/home/brace/codeSpace/navi/install/realsense2_rviz_plugin:/home/brace/codeSpace/navi/install/realsense2_ros_mqtt_bridge:/home/brace/codeSpace/navi/install/realsense2_description:/opt/ros/humble CMAKE_PREFIX_PATH=/home/brace/codeSpace/navi/install/rtabmap_launch:/home/brace/codeSpace/navi/install/rtabmap_examples:/home/brace/codeSpace/navi/install/rtabmap_demos:/home/brace/codeSpace/navi/install/rtabmap_viz:/home/brace/codeSpace/navi/install/rtabmap_slam:/home/brace/codeSpace/navi/install/rtabmap_odom:/home/brace/codeSpace/navi/install/rtabmap_util:/home/brace/codeSpace/navi/install/rtabmap_sync:/home/brace/codeSpace/navi/install/rtabmap_rviz_plugins:/home/brace/codeSpace/navi/install/rtabmap_conversions:/home/brace/codeSpace/navi/install/rtabmap_msgs:/home/brace/codeSpace/navi/install/rtabmap:/home/brace/codeSpace/navi/install/rtabmap_ros:/home/brace/codeSpace/navi/install/realsense2_rviz_plugin:/home/brace/codeSpace/navi/install/realsense2_description:/home/brace/codeSpace/navi/install/rtabmap_python:/home/brace/codeSpace/navi/install/realsense2_ros_mqtt_bridge:/opt/ros/humble /usr/bin/cmake --build /home/brace/codeSpace/navi/build/rtabmap_ros -- -j16 -l16
[1.696s] DEBUG:colcon.colcon_core.event_handler.log_command:Invoking command in '/home/brace/codeSpace/navi/build/rtabmap_ros': AMENT_PREFIX_PATH=/home/brace/codeSpace/navi/install/rtabmap_python:/home/brace/codeSpace/navi/install/rtabmap_ros:/home/brace/codeSpace/navi/install/rtabmap_launch:/home/brace/codeSpace/navi/install/rtabmap_examples:/home/brace/codeSpace/navi/install/rtabmap_demos:/home/brace/codeSpace/navi/install/rtabmap_viz:/home/brace/codeSpace/navi/install/rtabmap_slam:/home/brace/codeSpace/navi/install/rtabmap_odom:/home/brace/codeSpace/navi/install/rtabmap_util:/home/brace/codeSpace/navi/install/rtabmap_sync:/home/brace/codeSpace/navi/install/rtabmap_rviz_plugins:/home/brace/codeSpace/navi/install/rtabmap_conversions:/home/brace/codeSpace/navi/install/rtabmap_msgs:/home/brace/codeSpace/navi/install/realsense2_rviz_plugin:/home/brace/codeSpace/navi/install/realsense2_ros_mqtt_bridge:/home/brace/codeSpace/navi/install/realsense2_description:/opt/ros/humble CMAKE_PREFIX_PATH=/home/brace/codeSpace/navi/install/rtabmap_launch:/home/brace/codeSpace/navi/install/rtabmap_examples:/home/brace/codeSpace/navi/install/rtabmap_demos:/home/brace/codeSpace/navi/install/rtabmap_viz:/home/brace/codeSpace/navi/install/rtabmap_slam:/home/brace/codeSpace/navi/install/rtabmap_odom:/home/brace/codeSpace/navi/install/rtabmap_util:/home/brace/codeSpace/navi/install/rtabmap_sync:/home/brace/codeSpace/navi/install/rtabmap_rviz_plugins:/home/brace/codeSpace/navi/install/rtabmap_conversions:/home/brace/codeSpace/navi/install/rtabmap_msgs:/home/brace/codeSpace/navi/install/rtabmap:/home/brace/codeSpace/navi/install/rtabmap_ros:/home/brace/codeSpace/navi/install/realsense2_rviz_plugin:/home/brace/codeSpace/navi/install/realsense2_description:/home/brace/codeSpace/navi/install/rtabmap_python:/home/brace/codeSpace/navi/install/realsense2_ros_mqtt_bridge:/opt/ros/humble /usr/bin/cmake --install /home/brace/codeSpace/navi/build/rtabmap_ros
[1.719s] Level 1:colcon.colcon_core.environment:create_environment_scripts_only(rtabmap_ros)
[1.719s] Level 1:colcon.colcon_core.environment:checking '/home/brace/codeSpace/navi/install/rtabmap_ros' for CMake module files
[1.719s] DEBUG:colcon.colcon_core.event_handler.log_command:Invoked command in '/home/brace/codeSpace/navi/build/rtabmap_ros' returned '0': AMENT_PREFIX_PATH=/home/brace/codeSpace/navi/install/rtabmap_python:/home/brace/codeSpace/navi/install/rtabmap_ros:/home/brace/codeSpace/navi/install/rtabmap_launch:/home/brace/codeSpace/navi/install/rtabmap_examples:/home/brace/codeSpace/navi/install/rtabmap_demos:/home/brace/codeSpace/navi/install/rtabmap_viz:/home/brace/codeSpace/navi/install/rtabmap_slam:/home/brace/codeSpace/navi/install/rtabmap_odom:/home/brace/codeSpace/navi/install/rtabmap_util:/home/brace/codeSpace/navi/install/rtabmap_sync:/home/brace/codeSpace/navi/install/rtabmap_rviz_plugins:/home/brace/codeSpace/navi/install/rtabmap_conversions:/home/brace/codeSpace/navi/install/rtabmap_msgs:/home/brace/codeSpace/navi/install/realsense2_rviz_plugin:/home/brace/codeSpace/navi/install/realsense2_ros_mqtt_bridge:/home/brace/codeSpace/navi/install/realsense2_description:/opt/ros/humble CMAKE_PREFIX_PATH=/home/brace/codeSpace/navi/install/rtabmap_launch:/home/brace/codeSpace/navi/install/rtabmap_examples:/home/brace/codeSpace/navi/install/rtabmap_demos:/home/brace/codeSpace/navi/install/rtabmap_viz:/home/brace/codeSpace/navi/install/rtabmap_slam:/home/brace/codeSpace/navi/install/rtabmap_odom:/home/brace/codeSpace/navi/install/rtabmap_util:/home/brace/codeSpace/navi/install/rtabmap_sync:/home/brace/codeSpace/navi/install/rtabmap_rviz_plugins:/home/brace/codeSpace/navi/install/rtabmap_conversions:/home/brace/codeSpace/navi/install/rtabmap_msgs:/home/brace/codeSpace/navi/install/rtabmap:/home/brace/codeSpace/navi/install/rtabmap_ros:/home/brace/codeSpace/navi/install/realsense2_rviz_plugin:/home/brace/codeSpace/navi/install/realsense2_description:/home/brace/codeSpace/navi/install/rtabmap_python:/home/brace/codeSpace/navi/install/realsense2_ros_mqtt_bridge:/opt/ros/humble /usr/bin/cmake --install /home/brace/codeSpace/navi/build/rtabmap_ros
[1.720s] Level 1:colcon.colcon_core.environment:checking '/home/brace/codeSpace/navi/install/rtabmap_ros' for CMake config files
[1.720s] Level 1:colcon.colcon_core.shell:create_environment_hook('rtabmap_ros', 'cmake_prefix_path')
[1.720s] INFO:colcon.colcon_core.shell:Creating environment hook '/home/brace/codeSpace/navi/install/rtabmap_ros/share/rtabmap_ros/hook/cmake_prefix_path.ps1'
[1.721s] INFO:colcon.colcon_core.shell:Creating environment descriptor '/home/brace/codeSpace/navi/install/rtabmap_ros/share/rtabmap_ros/hook/cmake_prefix_path.dsv'
[1.721s] INFO:colcon.colcon_core.shell:Creating environment hook '/home/brace/codeSpace/navi/install/rtabmap_ros/share/rtabmap_ros/hook/cmake_prefix_path.sh'
[1.722s] Level 1:colcon.colcon_core.environment:checking '/home/brace/codeSpace/navi/install/rtabmap_ros/bin'
[1.722s] Level 1:colcon.colcon_core.environment:checking '/home/brace/codeSpace/navi/install/rtabmap_ros/lib/pkgconfig/rtabmap_ros.pc'
[1.722s] Level 1:colcon.colcon_core.environment:checking '/home/brace/codeSpace/navi/install/rtabmap_ros/lib/python3.10/site-packages'
[1.722s] Level 1:colcon.colcon_core.environment:checking '/home/brace/codeSpace/navi/install/rtabmap_ros/bin'
[1.723s] INFO:colcon.colcon_core.shell:Creating package script '/home/brace/codeSpace/navi/install/rtabmap_ros/share/rtabmap_ros/package.ps1'
[1.723s] INFO:colcon.colcon_core.shell:Creating package descriptor '/home/brace/codeSpace/navi/install/rtabmap_ros/share/rtabmap_ros/package.dsv'
[1.724s] INFO:colcon.colcon_core.shell:Creating package script '/home/brace/codeSpace/navi/install/rtabmap_ros/share/rtabmap_ros/package.sh'
[1.724s] INFO:colcon.colcon_core.shell:Creating package script '/home/brace/codeSpace/navi/install/rtabmap_ros/share/rtabmap_ros/package.bash'
[1.725s] INFO:colcon.colcon_core.shell:Creating package script '/home/brace/codeSpace/navi/install/rtabmap_ros/share/rtabmap_ros/package.zsh'
[1.725s] Level 1:colcon.colcon_core.environment:create_file_with_runtime_dependencies(/home/brace/codeSpace/navi/install/rtabmap_ros/share/colcon-core/packages/rtabmap_ros)
[1.725s] Level 1:colcon.colcon_core.environment:create_environment_scripts_only(rtabmap_ros)
[1.726s] Level 1:colcon.colcon_core.environment:checking '/home/brace/codeSpace/navi/install/rtabmap_ros' for CMake module files
[1.726s] Level 1:colcon.colcon_core.environment:checking '/home/brace/codeSpace/navi/install/rtabmap_ros' for CMake config files
[1.726s] Level 1:colcon.colcon_core.shell:create_environment_hook('rtabmap_ros', 'cmake_prefix_path')
[1.726s] INFO:colcon.colcon_core.shell:Creating environment hook '/home/brace/codeSpace/navi/install/rtabmap_ros/share/rtabmap_ros/hook/cmake_prefix_path.ps1'
[1.727s] INFO:colcon.colcon_core.shell:Creating environment descriptor '/home/brace/codeSpace/navi/install/rtabmap_ros/share/rtabmap_ros/hook/cmake_prefix_path.dsv'
[1.727s] INFO:colcon.colcon_core.shell:Creating environment hook '/home/brace/codeSpace/navi/install/rtabmap_ros/share/rtabmap_ros/hook/cmake_prefix_path.sh'
[1.728s] Level 1:colcon.colcon_core.environment:checking '/home/brace/codeSpace/navi/install/rtabmap_ros/bin'
[1.728s] Level 1:colcon.colcon_core.environment:checking '/home/brace/codeSpace/navi/install/rtabmap_ros/lib/pkgconfig/rtabmap_ros.pc'
[1.728s] Level 1:colcon.colcon_core.environment:checking '/home/brace/codeSpace/navi/install/rtabmap_ros/lib/python3.10/site-packages'
[1.728s] Level 1:colcon.colcon_core.environment:checking '/home/brace/codeSpace/navi/install/rtabmap_ros/bin'
[1.729s] INFO:colcon.colcon_core.shell:Creating package script '/home/brace/codeSpace/navi/install/rtabmap_ros/share/rtabmap_ros/package.ps1'
[1.729s] INFO:colcon.colcon_core.shell:Creating package descriptor '/home/brace/codeSpace/navi/install/rtabmap_ros/share/rtabmap_ros/package.dsv'
[1.730s] INFO:colcon.colcon_core.shell:Creating package script '/home/brace/codeSpace/navi/install/rtabmap_ros/share/rtabmap_ros/package.sh'
[1.730s] INFO:colcon.colcon_core.shell:Creating package script '/home/brace/codeSpace/navi/install/rtabmap_ros/share/rtabmap_ros/package.bash'
[1.730s] INFO:colcon.colcon_core.shell:Creating package script '/home/brace/codeSpace/navi/install/rtabmap_ros/share/rtabmap_ros/package.zsh'
[1.731s] Level 1:colcon.colcon_core.environment:create_file_with_runtime_dependencies(/home/brace/codeSpace/navi/install/rtabmap_ros/share/colcon-core/packages/rtabmap_ros)
[1.731s] DEBUG:colcon.colcon_parallel_executor.executor.parallel:closing loop
[1.731s] DEBUG:colcon.colcon_parallel_executor.executor.parallel:loop closed
[1.731s] DEBUG:colcon.colcon_parallel_executor.executor.parallel:run_until_complete finished with '0'
[1.731s] DEBUG:colcon.colcon_core.event_reactor:joining thread
[1.735s] INFO:colcon.colcon_core.plugin_system:Skipping extension 'colcon_notification.desktop_notification.terminal_notifier': Not used on non-Darwin systems
[1.735s] INFO:colcon.colcon_core.plugin_system:Skipping extension 'colcon_notification.desktop_notification.win32': Not used on non-Windows systems
[1.735s] INFO:colcon.colcon_notification.desktop_notification:Sending desktop notification using 'notify2'
[1.753s] DEBUG:colcon.colcon_core.event_reactor:joined thread
[1.754s] INFO:colcon.colcon_core.shell:Creating prefix script '/home/brace/codeSpace/navi/install/local_setup.ps1'
[1.755s] INFO:colcon.colcon_core.shell:Creating prefix util module '/home/brace/codeSpace/navi/install/_local_setup_util_ps1.py'
[1.756s] INFO:colcon.colcon_core.shell:Creating prefix chain script '/home/brace/codeSpace/navi/install/setup.ps1'
[1.757s] INFO:colcon.colcon_core.shell:Creating prefix script '/home/brace/codeSpace/navi/install/local_setup.sh'
[1.758s] INFO:colcon.colcon_core.shell:Creating prefix util module '/home/brace/codeSpace/navi/install/_local_setup_util_sh.py'
[1.759s] INFO:colcon.colcon_core.shell:Creating prefix chain script '/home/brace/codeSpace/navi/install/setup.sh'
[1.761s] INFO:colcon.colcon_core.shell:Creating prefix script '/home/brace/codeSpace/navi/install/local_setup.bash'
[1.761s] INFO:colcon.colcon_core.shell:Creating prefix chain script '/home/brace/codeSpace/navi/install/setup.bash'
[1.762s] INFO:colcon.colcon_core.shell:Creating prefix script '/home/brace/codeSpace/navi/install/local_setup.zsh'
[1.763s] INFO:colcon.colcon_core.shell:Creating prefix chain script '/home/brace/codeSpace/navi/install/setup.zsh'
