[0.014s] Invoking command in '/home/brace/codeSpace/navi/build/realsense2_camera_msgs': CMAKE_PREFIX_PATH=/opt/ros/humble /usr/bin/cmake /home/brace/codeSpace/navi/src/realsense-ros/realsense2_camera_msgs -DCMAKE_INSTALL_PREFIX=/home/brace/codeSpace/navi/install/realsense2_camera_msgs
[0.168s] -- The C compiler identification is GNU 11.4.0
[0.168s] -- The CXX compiler identification is GNU 11.4.0
[0.168s] -- Detecting C compiler ABI info
[0.168s] -- Detecting C compiler ABI info - done
[0.168s] -- Check for working C compiler: /usr/bin/cc - skipped
[0.168s] -- Detecting C compile features
[0.168s] -- Detecting C compile features - done
[0.168s] -- Detecting CXX compiler ABI info
[0.224s] -- Detecting CXX compiler ABI info - done
[0.230s] -- Check for working CXX compiler: /usr/bin/c++ - skipped
[0.230s] -- Detecting CXX compile features
[0.230s] -- Detecting CXX compile features - done
[0.232s] -- Found ament_cmake: 1.3.12 (/opt/ros/humble/share/ament_cmake/cmake)
[0.339s] -- Found Python3: /usr/bin/python3 (found version "3.10.12") found components: Interpreter 
[0.402s] -- Found rosidl_default_generators: 1.2.0 (/opt/ros/humble/share/rosidl_default_generators/cmake)
[0.403s] -- Using all available rosidl_typesupport_c: rosidl_typesupport_fastrtps_c;rosidl_typesupport_introspection_c
[0.407s] -- Found rosidl_adapter: 3.1.7 (/opt/ros/humble/share/rosidl_adapter/cmake)
[0.433s] -- Using all available rosidl_typesupport_cpp: rosidl_typesupport_fastrtps_cpp;rosidl_typesupport_introspection_cpp
[0.454s] -- Found builtin_interfaces: 1.2.2 (/opt/ros/humble/share/builtin_interfaces/cmake)
[0.471s] -- Found std_msgs: 4.9.0 (/opt/ros/humble/share/std_msgs/cmake)
[0.486s] -- Found sensor_msgs: 4.9.0 (/opt/ros/humble/share/sensor_msgs/cmake)
[0.801s] -- Found ament_cmake_cppcheck: 0.12.14 (/opt/ros/humble/share/ament_cmake_cppcheck/cmake)
[0.803s] -- Found ament_cmake_cpplint: 0.12.14 (/opt/ros/humble/share/ament_cmake_cpplint/cmake)
[0.805s] -- Found ament_cmake_uncrustify: 0.12.14 (/opt/ros/humble/share/ament_cmake_uncrustify/cmake)
[0.807s] -- Found ament_cmake_ros: 0.10.0 (/opt/ros/humble/share/ament_cmake_ros/cmake)
[1.004s] -- Using all available rosidl_typesupport_c: rosidl_typesupport_fastrtps_c;rosidl_typesupport_introspection_c
[1.282s] -- Using all available rosidl_typesupport_cpp: rosidl_typesupport_fastrtps_cpp;rosidl_typesupport_introspection_cpp
[1.301s] -- Found PythonInterp: /usr/bin/python3 (found suitable version "3.10.12", minimum required is "3.6") 
[1.302s] -- Found python_cmake_module: 0.10.0 (/opt/ros/humble/share/python_cmake_module/cmake)
[1.321s] -- Found PythonLibs: /usr/lib/x86_64-linux-gnu/libpython3.10.so (found suitable version "3.10.12", minimum required is "3.5") 
[1.321s] -- Using PYTHON_EXECUTABLE: /usr/bin/python3
[1.321s] -- Using PYTHON_INCLUDE_DIRS: /usr/include/python3.10
[1.321s] -- Using PYTHON_LIBRARIES: /usr/lib/x86_64-linux-gnu/libpython3.10.so
[1.336s] -- Found PythonExtra: .so  
[1.394s] -- Found ament_cmake_flake8: 0.12.14 (/opt/ros/humble/share/ament_cmake_flake8/cmake)
[1.396s] -- Found ament_cmake_pep257: 0.12.14 (/opt/ros/humble/share/ament_cmake_pep257/cmake)
[1.404s] -- Configuring done
[1.446s] -- Generating done
[1.456s] -- Build files have been written to: /home/brace/codeSpace/navi/build/realsense2_camera_msgs
[1.463s] Invoked command in '/home/brace/codeSpace/navi/build/realsense2_camera_msgs' returned '0': CMAKE_PREFIX_PATH=/opt/ros/humble /usr/bin/cmake /home/brace/codeSpace/navi/src/realsense-ros/realsense2_camera_msgs -DCMAKE_INSTALL_PREFIX=/home/brace/codeSpace/navi/install/realsense2_camera_msgs
[1.464s] Invoking command in '/home/brace/codeSpace/navi/build/realsense2_camera_msgs': CMAKE_PREFIX_PATH=/opt/ros/humble /usr/bin/cmake --build /home/brace/codeSpace/navi/build/realsense2_camera_msgs -- -j16 -l16
[1.502s] [  1%] [34m[1mGenerating C code for ROS interfaces[0m
[1.509s] [  1%] [34m[1mGenerating C++ code for ROS interfaces[0m
[1.515s] [  1%] Built target ament_cmake_python_copy_realsense2_camera_msgs
[1.659s] running egg_info
[1.660s] creating realsense2_camera_msgs.egg-info
[1.660s] writing realsense2_camera_msgs.egg-info/PKG-INFO
[1.660s] writing dependency_links to realsense2_camera_msgs.egg-info/dependency_links.txt
[1.660s] writing top-level names to realsense2_camera_msgs.egg-info/top_level.txt
[1.660s] writing manifest file 'realsense2_camera_msgs.egg-info/SOURCES.txt'
[1.661s] reading manifest file 'realsense2_camera_msgs.egg-info/SOURCES.txt'
[1.661s] writing manifest file 'realsense2_camera_msgs.egg-info/SOURCES.txt'
[1.681s] [  1%] Built target ament_cmake_python_build_realsense2_camera_msgs_egg
[2.462s] [  3%] [32mBuilding C object CMakeFiles/realsense2_camera_msgs__rosidl_generator_c.dir/rosidl_generator_c/realsense2_camera_msgs/msg/detail/metadata__functions.c.o[0m
[2.462s] [  3%] [32mBuilding C object CMakeFiles/realsense2_camera_msgs__rosidl_generator_c.dir/rosidl_generator_c/realsense2_camera_msgs/msg/detail/extrinsics__functions.c.o[0m
[2.462s] [  3%] [32mBuilding C object CMakeFiles/realsense2_camera_msgs__rosidl_generator_c.dir/rosidl_generator_c/realsense2_camera_msgs/msg/detail/rgbd__functions.c.o[0m
[2.462s] [  4%] [32mBuilding C object CMakeFiles/realsense2_camera_msgs__rosidl_generator_c.dir/rosidl_generator_c/realsense2_camera_msgs/srv/detail/safety_preset_read__functions.c.o[0m
[2.462s] [  4%] [32mBuilding C object CMakeFiles/realsense2_camera_msgs__rosidl_generator_c.dir/rosidl_generator_c/realsense2_camera_msgs/srv/detail/safety_preset_write__functions.c.o[0m
[2.462s] [  4%] Built target realsense2_camera_msgs__cpp
[2.462s] [  4%] [32mBuilding C object CMakeFiles/realsense2_camera_msgs__rosidl_generator_c.dir/rosidl_generator_c/realsense2_camera_msgs/msg/detail/imu_info__functions.c.o[0m
[2.462s] [  5%] [32mBuilding C object CMakeFiles/realsense2_camera_msgs__rosidl_generator_c.dir/rosidl_generator_c/realsense2_camera_msgs/srv/detail/calib_config_read__functions.c.o[0m
[2.462s] [  6%] [32mBuilding C object CMakeFiles/realsense2_camera_msgs__rosidl_generator_c.dir/rosidl_generator_c/realsense2_camera_msgs/srv/detail/safety_interface_config_write__functions.c.o[0m
[2.462s] [  6%] [32mBuilding C object CMakeFiles/realsense2_camera_msgs__rosidl_generator_c.dir/rosidl_generator_c/realsense2_camera_msgs/srv/detail/calib_config_write__functions.c.o[0m
[2.462s] [  7%] [32mBuilding C object CMakeFiles/realsense2_camera_msgs__rosidl_generator_c.dir/rosidl_generator_c/realsense2_camera_msgs/srv/detail/device_info__functions.c.o[0m
[2.462s] [  7%] [32mBuilding C object CMakeFiles/realsense2_camera_msgs__rosidl_generator_c.dir/rosidl_generator_c/realsense2_camera_msgs/srv/detail/hardware_monitor_command_send__functions.c.o[0m
[2.462s] [  8%] [32mBuilding C object CMakeFiles/realsense2_camera_msgs__rosidl_generator_c.dir/rosidl_generator_c/realsense2_camera_msgs/srv/detail/application_config_read__functions.c.o[0m
[2.463s] [  9%] [32mBuilding C object CMakeFiles/realsense2_camera_msgs__rosidl_generator_c.dir/rosidl_generator_c/realsense2_camera_msgs/srv/detail/safety_interface_config_read__functions.c.o[0m
[2.465s] [ 10%] [32mBuilding C object CMakeFiles/realsense2_camera_msgs__rosidl_generator_c.dir/rosidl_generator_c/realsense2_camera_msgs/srv/detail/application_config_write__functions.c.o[0m
[2.470s] [ 12%] [32mBuilding C object CMakeFiles/realsense2_camera_msgs__rosidl_generator_c.dir/rosidl_generator_c/realsense2_camera_msgs/action/detail/triggered_calibration__functions.c.o[0m
[2.470s] [ 12%] [34m[1mGenerating C++ type support dispatch for ROS interfaces[0m
[2.516s] [ 13%] [34m[1mGenerating C++ type support for eProsima Fast-RTPS[0m
[2.519s] [ 13%] [34m[1mGenerating C++ introspection for ROS interfaces[0m
[2.595s] [ 14%] [32m[1mLinking C shared library librealsense2_camera_msgs__rosidl_generator_c.so[0m
[2.628s] [ 14%] Built target realsense2_camera_msgs__rosidl_generator_c
[2.636s] [ 15%] [34m[1mGenerating C type support dispatch for ROS interfaces[0m
[2.639s] [ 17%] [34m[1mGenerating C type support for eProsima Fast-RTPS[0m
[2.639s] [ 17%] [34m[1mGenerating C introspection for ROS interfaces[0m
[2.990s] [ 19%] [32mBuilding CXX object CMakeFiles/realsense2_camera_msgs__rosidl_typesupport_cpp.dir/rosidl_typesupport_cpp/realsense2_camera_msgs/msg/metadata__type_support.cpp.o[0m
[2.990s] [ 19%] [32mBuilding CXX object CMakeFiles/realsense2_camera_msgs__rosidl_typesupport_cpp.dir/rosidl_typesupport_cpp/realsense2_camera_msgs/msg/rgbd__type_support.cpp.o[0m
[2.990s] [ 19%] [32mBuilding CXX object CMakeFiles/realsense2_camera_msgs__rosidl_typesupport_cpp.dir/rosidl_typesupport_cpp/realsense2_camera_msgs/srv/device_info__type_support.cpp.o[0m
[2.990s] [ 20%] [32mBuilding CXX object CMakeFiles/realsense2_camera_msgs__rosidl_typesupport_cpp.dir/rosidl_typesupport_cpp/realsense2_camera_msgs/msg/imu_info__type_support.cpp.o[0m
[2.990s] [ 20%] [32mBuilding CXX object CMakeFiles/realsense2_camera_msgs__rosidl_typesupport_cpp.dir/rosidl_typesupport_cpp/realsense2_camera_msgs/msg/extrinsics__type_support.cpp.o[0m
[2.990s] [ 21%] [32mBuilding CXX object CMakeFiles/realsense2_camera_msgs__rosidl_typesupport_cpp.dir/rosidl_typesupport_cpp/realsense2_camera_msgs/srv/safety_interface_config_read__type_support.cpp.o[0m
[2.991s] [ 22%] [32mBuilding CXX object CMakeFiles/realsense2_camera_msgs__rosidl_typesupport_cpp.dir/rosidl_typesupport_cpp/realsense2_camera_msgs/srv/safety_preset_read__type_support.cpp.o[0m
[2.991s] [ 23%] [32mBuilding CXX object CMakeFiles/realsense2_camera_msgs__rosidl_typesupport_cpp.dir/rosidl_typesupport_cpp/realsense2_camera_msgs/srv/safety_preset_write__type_support.cpp.o[0m
[2.993s] [ 24%] [32mBuilding CXX object CMakeFiles/realsense2_camera_msgs__rosidl_typesupport_cpp.dir/rosidl_typesupport_cpp/realsense2_camera_msgs/srv/calib_config_write__type_support.cpp.o[0m
[2.993s] [ 25%] [32mBuilding CXX object CMakeFiles/realsense2_camera_msgs__rosidl_typesupport_cpp.dir/rosidl_typesupport_cpp/realsense2_camera_msgs/srv/calib_config_read__type_support.cpp.o[0m
[2.994s] [ 25%] [32mBuilding CXX object CMakeFiles/realsense2_camera_msgs__rosidl_typesupport_cpp.dir/rosidl_typesupport_cpp/realsense2_camera_msgs/srv/safety_interface_config_write__type_support.cpp.o[0m
[3.261s] [ 25%] [32mBuilding CXX object CMakeFiles/realsense2_camera_msgs__rosidl_typesupport_cpp.dir/rosidl_typesupport_cpp/realsense2_camera_msgs/srv/application_config_read__type_support.cpp.o[0m
[3.264s] [ 26%] [32mBuilding CXX object CMakeFiles/realsense2_camera_msgs__rosidl_typesupport_cpp.dir/rosidl_typesupport_cpp/realsense2_camera_msgs/srv/application_config_write__type_support.cpp.o[0m
[3.268s] [ 27%] [32mBuilding CXX object CMakeFiles/realsense2_camera_msgs__rosidl_typesupport_cpp.dir/rosidl_typesupport_cpp/realsense2_camera_msgs/srv/hardware_monitor_command_send__type_support.cpp.o[0m
[3.272s] [ 27%] [32mBuilding CXX object CMakeFiles/realsense2_camera_msgs__rosidl_typesupport_cpp.dir/rosidl_typesupport_cpp/realsense2_camera_msgs/action/triggered_calibration__type_support.cpp.o[0m
[3.300s] [ 29%] [32mBuilding CXX object CMakeFiles/realsense2_camera_msgs__rosidl_typesupport_c.dir/rosidl_typesupport_c/realsense2_camera_msgs/msg/extrinsics__type_support.cpp.o[0m
[3.300s] [ 29%] [32mBuilding CXX object CMakeFiles/realsense2_camera_msgs__rosidl_typesupport_c.dir/rosidl_typesupport_c/realsense2_camera_msgs/msg/metadata__type_support.cpp.o[0m
[3.300s] [ 29%] [32mBuilding CXX object CMakeFiles/realsense2_camera_msgs__rosidl_typesupport_c.dir/rosidl_typesupport_c/realsense2_camera_msgs/msg/imu_info__type_support.cpp.o[0m
[3.321s] [ 29%] [32mBuilding CXX object CMakeFiles/realsense2_camera_msgs__rosidl_typesupport_c.dir/rosidl_typesupport_c/realsense2_camera_msgs/msg/rgbd__type_support.cpp.o[0m
[3.335s] [ 30%] [32mBuilding CXX object CMakeFiles/realsense2_camera_msgs__rosidl_typesupport_c.dir/rosidl_typesupport_c/realsense2_camera_msgs/srv/device_info__type_support.cpp.o[0m
[3.335s] [ 31%] [32mBuilding CXX object CMakeFiles/realsense2_camera_msgs__rosidl_typesupport_c.dir/rosidl_typesupport_c/realsense2_camera_msgs/srv/safety_preset_read__type_support.cpp.o[0m
[3.338s] [ 32%] [32mBuilding CXX object CMakeFiles/realsense2_camera_msgs__rosidl_typesupport_c.dir/rosidl_typesupport_c/realsense2_camera_msgs/srv/safety_preset_write__type_support.cpp.o[0m
[3.351s] [ 32%] [32mBuilding CXX object CMakeFiles/realsense2_camera_msgs__rosidl_typesupport_c.dir/rosidl_typesupport_c/realsense2_camera_msgs/srv/safety_interface_config_read__type_support.cpp.o[0m
[3.363s] [ 33%] [32mBuilding CXX object CMakeFiles/realsense2_camera_msgs__rosidl_typesupport_c.dir/rosidl_typesupport_c/realsense2_camera_msgs/srv/safety_interface_config_write__type_support.cpp.o[0m
[3.367s] [ 34%] [32mBuilding CXX object CMakeFiles/realsense2_camera_msgs__rosidl_typesupport_c.dir/rosidl_typesupport_c/realsense2_camera_msgs/srv/calib_config_read__type_support.cpp.o[0m
[3.372s] [ 34%] [32mBuilding CXX object CMakeFiles/realsense2_camera_msgs__rosidl_typesupport_c.dir/rosidl_typesupport_c/realsense2_camera_msgs/srv/calib_config_write__type_support.cpp.o[0m
[3.382s] [ 34%] [32mBuilding CXX object CMakeFiles/realsense2_camera_msgs__rosidl_typesupport_c.dir/rosidl_typesupport_c/realsense2_camera_msgs/srv/hardware_monitor_command_send__type_support.cpp.o[0m
[3.382s] [ 35%] [32mBuilding CXX object CMakeFiles/realsense2_camera_msgs__rosidl_typesupport_c.dir/rosidl_typesupport_c/realsense2_camera_msgs/srv/application_config_read__type_support.cpp.o[0m
[3.383s] [ 36%] [32mBuilding CXX object CMakeFiles/realsense2_camera_msgs__rosidl_typesupport_c.dir/rosidl_typesupport_c/realsense2_camera_msgs/srv/application_config_write__type_support.cpp.o[0m
[3.393s] [ 37%] [32mBuilding CXX object CMakeFiles/realsense2_camera_msgs__rosidl_typesupport_c.dir/rosidl_typesupport_c/realsense2_camera_msgs/action/triggered_calibration__type_support.cpp.o[0m
[3.439s] [ 38%] [32m[1mLinking CXX shared library librealsense2_camera_msgs__rosidl_typesupport_c.so[0m
[3.445s] [ 38%] [32mBuilding CXX object CMakeFiles/realsense2_camera_msgs__rosidl_typesupport_introspection_cpp.dir/rosidl_typesupport_introspection_cpp/realsense2_camera_msgs/msg/detail/metadata__type_support.cpp.o[0m
[3.445s] [ 39%] [32mBuilding CXX object CMakeFiles/realsense2_camera_msgs__rosidl_typesupport_introspection_cpp.dir/rosidl_typesupport_introspection_cpp/realsense2_camera_msgs/msg/detail/extrinsics__type_support.cpp.o[0m
[3.446s] [ 40%] [32mBuilding CXX object CMakeFiles/realsense2_camera_msgs__rosidl_typesupport_introspection_cpp.dir/rosidl_typesupport_introspection_cpp/realsense2_camera_msgs/srv/detail/device_info__type_support.cpp.o[0m
[3.446s] [ 41%] [32mBuilding CXX object CMakeFiles/realsense2_camera_msgs__rosidl_typesupport_introspection_cpp.dir/rosidl_typesupport_introspection_cpp/realsense2_camera_msgs/msg/detail/rgbd__type_support.cpp.o[0m
[3.446s] [ 42%] [32mBuilding CXX object CMakeFiles/realsense2_camera_msgs__rosidl_typesupport_introspection_cpp.dir/rosidl_typesupport_introspection_cpp/realsense2_camera_msgs/msg/detail/imu_info__type_support.cpp.o[0m
[3.450s] [ 42%] [32mBuilding CXX object CMakeFiles/realsense2_camera_msgs__rosidl_typesupport_introspection_cpp.dir/rosidl_typesupport_introspection_cpp/realsense2_camera_msgs/srv/detail/safety_preset_write__type_support.cpp.o[0m
[3.451s] [ 44%] [32mBuilding CXX object CMakeFiles/realsense2_camera_msgs__rosidl_typesupport_introspection_cpp.dir/rosidl_typesupport_introspection_cpp/realsense2_camera_msgs/srv/detail/safety_preset_read__type_support.cpp.o[0m
[3.451s] [ 44%] [32mBuilding CXX object CMakeFiles/realsense2_camera_msgs__rosidl_typesupport_introspection_cpp.dir/rosidl_typesupport_introspection_cpp/realsense2_camera_msgs/srv/detail/safety_interface_config_read__type_support.cpp.o[0m
[3.498s] [ 44%] Built target realsense2_camera_msgs__rosidl_typesupport_c
[3.509s] [ 45%] [32mBuilding CXX object CMakeFiles/realsense2_camera_msgs__rosidl_typesupport_introspection_cpp.dir/rosidl_typesupport_introspection_cpp/realsense2_camera_msgs/srv/detail/safety_interface_config_write__type_support.cpp.o[0m
[3.541s] [ 45%] [32mBuilding CXX object CMakeFiles/realsense2_camera_msgs__rosidl_typesupport_introspection_cpp.dir/rosidl_typesupport_introspection_cpp/realsense2_camera_msgs/srv/detail/calib_config_read__type_support.cpp.o[0m
[3.557s] [ 46%] [32mBuilding CXX object CMakeFiles/realsense2_camera_msgs__rosidl_typesupport_introspection_cpp.dir/rosidl_typesupport_introspection_cpp/realsense2_camera_msgs/srv/detail/calib_config_write__type_support.cpp.o[0m
[3.584s] [ 47%] [32mBuilding CXX object CMakeFiles/realsense2_camera_msgs__rosidl_typesupport_introspection_cpp.dir/rosidl_typesupport_introspection_cpp/realsense2_camera_msgs/srv/detail/application_config_read__type_support.cpp.o[0m
[3.739s] [ 48%] [32m[1mLinking CXX shared library librealsense2_camera_msgs__rosidl_typesupport_cpp.so[0m
[3.761s] [ 49%] [32mBuilding CXX object CMakeFiles/realsense2_camera_msgs__rosidl_typesupport_fastrtps_cpp.dir/rosidl_typesupport_fastrtps_cpp/realsense2_camera_msgs/msg/detail/dds_fastrtps/imu_info__type_support.cpp.o[0m
[3.854s] [ 49%] [32mBuilding CXX object CMakeFiles/realsense2_camera_msgs__rosidl_typesupport_introspection_cpp.dir/rosidl_typesupport_introspection_cpp/realsense2_camera_msgs/srv/detail/application_config_write__type_support.cpp.o[0m
[3.860s] [ 49%] Built target realsense2_camera_msgs__rosidl_typesupport_cpp
[3.861s] [ 50%] [32mBuilding CXX object CMakeFiles/realsense2_camera_msgs__rosidl_typesupport_fastrtps_cpp.dir/rosidl_typesupport_fastrtps_cpp/realsense2_camera_msgs/msg/detail/dds_fastrtps/extrinsics__type_support.cpp.o[0m
[3.872s] [ 51%] [32mBuilding CXX object CMakeFiles/realsense2_camera_msgs__rosidl_typesupport_introspection_cpp.dir/rosidl_typesupport_introspection_cpp/realsense2_camera_msgs/srv/detail/hardware_monitor_command_send__type_support.cpp.o[0m
[3.905s] [ 52%] [32mBuilding CXX object CMakeFiles/realsense2_camera_msgs__rosidl_typesupport_introspection_cpp.dir/rosidl_typesupport_introspection_cpp/realsense2_camera_msgs/action/detail/triggered_calibration__type_support.cpp.o[0m
[3.921s] [ 53%] [32mBuilding CXX object CMakeFiles/realsense2_camera_msgs__rosidl_typesupport_fastrtps_cpp.dir/rosidl_typesupport_fastrtps_cpp/realsense2_camera_msgs/msg/detail/dds_fastrtps/rgbd__type_support.cpp.o[0m
[3.921s] [ 53%] [32mBuilding CXX object CMakeFiles/realsense2_camera_msgs__rosidl_typesupport_fastrtps_cpp.dir/rosidl_typesupport_fastrtps_cpp/realsense2_camera_msgs/msg/detail/dds_fastrtps/metadata__type_support.cpp.o[0m
[3.965s] [ 54%] [32mBuilding CXX object CMakeFiles/realsense2_camera_msgs__rosidl_typesupport_fastrtps_cpp.dir/rosidl_typesupport_fastrtps_cpp/realsense2_camera_msgs/srv/detail/dds_fastrtps/safety_preset_read__type_support.cpp.o[0m
[3.965s] [ 54%] [32mBuilding CXX object CMakeFiles/realsense2_camera_msgs__rosidl_typesupport_fastrtps_cpp.dir/rosidl_typesupport_fastrtps_cpp/realsense2_camera_msgs/srv/detail/dds_fastrtps/device_info__type_support.cpp.o[0m
[3.968s] [ 55%] [32mBuilding CXX object CMakeFiles/realsense2_camera_msgs__rosidl_typesupport_fastrtps_cpp.dir/rosidl_typesupport_fastrtps_cpp/realsense2_camera_msgs/srv/detail/dds_fastrtps/safety_preset_write__type_support.cpp.o[0m
[3.991s] [ 56%] [32mBuilding CXX object CMakeFiles/realsense2_camera_msgs__rosidl_typesupport_fastrtps_cpp.dir/rosidl_typesupport_fastrtps_cpp/realsense2_camera_msgs/srv/detail/dds_fastrtps/safety_interface_config_read__type_support.cpp.o[0m
[4.020s] [ 56%] [32mBuilding CXX object CMakeFiles/realsense2_camera_msgs__rosidl_typesupport_fastrtps_cpp.dir/rosidl_typesupport_fastrtps_cpp/realsense2_camera_msgs/srv/detail/dds_fastrtps/safety_interface_config_write__type_support.cpp.o[0m
[4.028s] [ 57%] [32mBuilding CXX object CMakeFiles/realsense2_camera_msgs__rosidl_typesupport_fastrtps_cpp.dir/rosidl_typesupport_fastrtps_cpp/realsense2_camera_msgs/srv/detail/dds_fastrtps/calib_config_read__type_support.cpp.o[0m
[4.215s] [ 58%] [32mBuilding CXX object CMakeFiles/realsense2_camera_msgs__rosidl_typesupport_fastrtps_cpp.dir/rosidl_typesupport_fastrtps_cpp/realsense2_camera_msgs/srv/detail/dds_fastrtps/calib_config_write__type_support.cpp.o[0m
[4.296s] [ 59%] [32mBuilding CXX object CMakeFiles/realsense2_camera_msgs__rosidl_typesupport_fastrtps_cpp.dir/rosidl_typesupport_fastrtps_cpp/realsense2_camera_msgs/srv/detail/dds_fastrtps/application_config_read__type_support.cpp.o[0m
[4.306s] [ 59%] [32mBuilding CXX object CMakeFiles/realsense2_camera_msgs__rosidl_typesupport_fastrtps_cpp.dir/rosidl_typesupport_fastrtps_cpp/realsense2_camera_msgs/srv/detail/dds_fastrtps/application_config_write__type_support.cpp.o[0m
[4.314s] [ 60%] [32mBuilding CXX object CMakeFiles/realsense2_camera_msgs__rosidl_typesupport_fastrtps_cpp.dir/rosidl_typesupport_fastrtps_cpp/realsense2_camera_msgs/srv/detail/dds_fastrtps/hardware_monitor_command_send__type_support.cpp.o[0m
[4.382s] [ 61%] [32mBuilding CXX object CMakeFiles/realsense2_camera_msgs__rosidl_typesupport_fastrtps_cpp.dir/rosidl_typesupport_fastrtps_cpp/realsense2_camera_msgs/action/detail/dds_fastrtps/triggered_calibration__type_support.cpp.o[0m
[4.435s] [ 61%] [32mBuilding C object CMakeFiles/realsense2_camera_msgs__rosidl_typesupport_introspection_c.dir/rosidl_typesupport_introspection_c/realsense2_camera_msgs/msg/detail/extrinsics__type_support.c.o[0m
[4.436s] [ 62%] [32mBuilding C object CMakeFiles/realsense2_camera_msgs__rosidl_typesupport_introspection_c.dir/rosidl_typesupport_introspection_c/realsense2_camera_msgs/msg/detail/imu_info__type_support.c.o[0m
[4.447s] [ 63%] [32mBuilding C object CMakeFiles/realsense2_camera_msgs__rosidl_typesupport_introspection_c.dir/rosidl_typesupport_introspection_c/realsense2_camera_msgs/msg/detail/metadata__type_support.c.o[0m
[4.452s] [ 64%] [32mBuilding C object CMakeFiles/realsense2_camera_msgs__rosidl_typesupport_introspection_c.dir/rosidl_typesupport_introspection_c/realsense2_camera_msgs/msg/detail/rgbd__type_support.c.o[0m
[4.466s] [ 65%] [32mBuilding C object CMakeFiles/realsense2_camera_msgs__rosidl_typesupport_introspection_c.dir/rosidl_typesupport_introspection_c/realsense2_camera_msgs/srv/detail/device_info__type_support.c.o[0m
[4.481s] [ 66%] [32mBuilding CXX object CMakeFiles/realsense2_camera_msgs__rosidl_typesupport_fastrtps_c.dir/rosidl_typesupport_fastrtps_c/realsense2_camera_msgs/msg/detail/imu_info__type_support_c.cpp.o[0m
[4.483s] [ 66%] [32mBuilding C object CMakeFiles/realsense2_camera_msgs__rosidl_typesupport_introspection_c.dir/rosidl_typesupport_introspection_c/realsense2_camera_msgs/srv/detail/safety_preset_read__type_support.c.o[0m
[4.488s] [ 67%] [32mBuilding C object CMakeFiles/realsense2_camera_msgs__rosidl_typesupport_introspection_c.dir/rosidl_typesupport_introspection_c/realsense2_camera_msgs/srv/detail/safety_preset_write__type_support.c.o[0m
[4.502s] [ 68%] [32mBuilding C object CMakeFiles/realsense2_camera_msgs__rosidl_typesupport_introspection_c.dir/rosidl_typesupport_introspection_c/realsense2_camera_msgs/srv/detail/safety_interface_config_read__type_support.c.o[0m
[4.506s] [ 68%] [32mBuilding C object CMakeFiles/realsense2_camera_msgs__rosidl_typesupport_introspection_c.dir/rosidl_typesupport_introspection_c/realsense2_camera_msgs/srv/detail/safety_interface_config_write__type_support.c.o[0m
[4.511s] [ 69%] [32mBuilding C object CMakeFiles/realsense2_camera_msgs__rosidl_typesupport_introspection_c.dir/rosidl_typesupport_introspection_c/realsense2_camera_msgs/srv/detail/calib_config_read__type_support.c.o[0m
[4.518s] [ 70%] [32mBuilding C object CMakeFiles/realsense2_camera_msgs__rosidl_typesupport_introspection_c.dir/rosidl_typesupport_introspection_c/realsense2_camera_msgs/srv/detail/calib_config_write__type_support.c.o[0m
[4.523s] [ 70%] [32mBuilding C object CMakeFiles/realsense2_camera_msgs__rosidl_typesupport_introspection_c.dir/rosidl_typesupport_introspection_c/realsense2_camera_msgs/srv/detail/application_config_read__type_support.c.o[0m
[4.527s] [ 71%] [32mBuilding C object CMakeFiles/realsense2_camera_msgs__rosidl_typesupport_introspection_c.dir/rosidl_typesupport_introspection_c/realsense2_camera_msgs/srv/detail/hardware_monitor_command_send__type_support.c.o[0m
[4.534s] [ 72%] [32mBuilding C object CMakeFiles/realsense2_camera_msgs__rosidl_typesupport_introspection_c.dir/rosidl_typesupport_introspection_c/realsense2_camera_msgs/srv/detail/application_config_write__type_support.c.o[0m
[4.537s] [ 73%] [32mBuilding CXX object CMakeFiles/realsense2_camera_msgs__rosidl_typesupport_fastrtps_c.dir/rosidl_typesupport_fastrtps_c/realsense2_camera_msgs/msg/detail/extrinsics__type_support_c.cpp.o[0m
[4.538s] [ 73%] [32mBuilding C object CMakeFiles/realsense2_camera_msgs__rosidl_typesupport_introspection_c.dir/rosidl_typesupport_introspection_c/realsense2_camera_msgs/action/detail/triggered_calibration__type_support.c.o[0m
[4.545s] [ 74%] [32mBuilding CXX object CMakeFiles/realsense2_camera_msgs__rosidl_typesupport_fastrtps_c.dir/rosidl_typesupport_fastrtps_c/realsense2_camera_msgs/msg/detail/metadata__type_support_c.cpp.o[0m
[4.547s] [ 75%] [32mBuilding CXX object CMakeFiles/realsense2_camera_msgs__rosidl_typesupport_fastrtps_c.dir/rosidl_typesupport_fastrtps_c/realsense2_camera_msgs/msg/detail/rgbd__type_support_c.cpp.o[0m
[4.563s] [ 75%] [32mBuilding CXX object CMakeFiles/realsense2_camera_msgs__rosidl_typesupport_fastrtps_c.dir/rosidl_typesupport_fastrtps_c/realsense2_camera_msgs/srv/detail/device_info__type_support_c.cpp.o[0m
[4.573s] [ 76%] [32mBuilding CXX object CMakeFiles/realsense2_camera_msgs__rosidl_typesupport_fastrtps_c.dir/rosidl_typesupport_fastrtps_c/realsense2_camera_msgs/srv/detail/safety_preset_read__type_support_c.cpp.o[0m
[4.587s] [ 77%] [32mBuilding CXX object CMakeFiles/realsense2_camera_msgs__rosidl_typesupport_fastrtps_c.dir/rosidl_typesupport_fastrtps_c/realsense2_camera_msgs/srv/detail/safety_preset_write__type_support_c.cpp.o[0m
[4.615s] [ 78%] [32mBuilding CXX object CMakeFiles/realsense2_camera_msgs__rosidl_typesupport_fastrtps_c.dir/rosidl_typesupport_fastrtps_c/realsense2_camera_msgs/srv/detail/safety_interface_config_write__type_support_c.cpp.o[0m
[4.616s] [ 78%] [32mBuilding CXX object CMakeFiles/realsense2_camera_msgs__rosidl_typesupport_fastrtps_c.dir/rosidl_typesupport_fastrtps_c/realsense2_camera_msgs/srv/detail/safety_interface_config_read__type_support_c.cpp.o[0m
[4.635s] [ 78%] [32m[1mLinking C shared library librealsense2_camera_msgs__rosidl_typesupport_introspection_c.so[0m
[4.666s] [ 79%] [32mBuilding CXX object CMakeFiles/realsense2_camera_msgs__rosidl_typesupport_fastrtps_c.dir/rosidl_typesupport_fastrtps_c/realsense2_camera_msgs/srv/detail/calib_config_read__type_support_c.cpp.o[0m
[4.690s] [ 80%] [32m[1mLinking CXX shared library librealsense2_camera_msgs__rosidl_typesupport_introspection_cpp.so[0m
[4.699s] [ 80%] Built target realsense2_camera_msgs__rosidl_typesupport_introspection_c
[4.718s] [ 81%] [32mBuilding CXX object CMakeFiles/realsense2_camera_msgs__rosidl_typesupport_fastrtps_c.dir/rosidl_typesupport_fastrtps_c/realsense2_camera_msgs/srv/detail/calib_config_write__type_support_c.cpp.o[0m
[4.762s] [ 81%] [32mBuilding CXX object CMakeFiles/realsense2_camera_msgs__rosidl_typesupport_fastrtps_c.dir/rosidl_typesupport_fastrtps_c/realsense2_camera_msgs/srv/detail/application_config_read__type_support_c.cpp.o[0m
[4.774s] [ 82%] [32mBuilding CXX object CMakeFiles/realsense2_camera_msgs__rosidl_typesupport_fastrtps_c.dir/rosidl_typesupport_fastrtps_c/realsense2_camera_msgs/srv/detail/application_config_write__type_support_c.cpp.o[0m
[4.843s] [ 82%] Built target realsense2_camera_msgs__rosidl_typesupport_introspection_cpp
[4.855s] [ 83%] [32mBuilding CXX object CMakeFiles/realsense2_camera_msgs__rosidl_typesupport_fastrtps_c.dir/rosidl_typesupport_fastrtps_c/realsense2_camera_msgs/srv/detail/hardware_monitor_command_send__type_support_c.cpp.o[0m
[4.942s] [ 83%] [32mBuilding CXX object CMakeFiles/realsense2_camera_msgs__rosidl_typesupport_fastrtps_c.dir/rosidl_typesupport_fastrtps_c/realsense2_camera_msgs/action/detail/triggered_calibration__type_support_c.cpp.o[0m
[4.986s] [ 83%] [32m[1mLinking CXX shared library librealsense2_camera_msgs__rosidl_typesupport_fastrtps_cpp.so[0m
[5.044s] [ 83%] Built target realsense2_camera_msgs__rosidl_typesupport_fastrtps_cpp
[5.230s] [ 84%] [32m[1mLinking CXX shared library librealsense2_camera_msgs__rosidl_typesupport_fastrtps_c.so[0m
[5.285s] [ 84%] Built target realsense2_camera_msgs__rosidl_typesupport_fastrtps_c
[5.300s] [ 84%] Built target realsense2_camera_msgs
[5.317s] [ 85%] [34m[1mGenerating Python code for ROS interfaces[0m
[6.919s] [ 85%] Built target realsense2_camera_msgs__py
[6.937s] [ 85%] [32mBuilding C object CMakeFiles/realsense2_camera_msgs__rosidl_generator_py.dir/rosidl_generator_py/realsense2_camera_msgs/msg/_imu_info_s.c.o[0m
[6.938s] [ 86%] [32mBuilding C object CMakeFiles/realsense2_camera_msgs__rosidl_generator_py.dir/rosidl_generator_py/realsense2_camera_msgs/srv/_safety_preset_read_s.c.o[0m
[6.938s] [ 86%] [32mBuilding C object CMakeFiles/realsense2_camera_msgs__rosidl_generator_py.dir/rosidl_generator_py/realsense2_camera_msgs/srv/_safety_interface_config_read_s.c.o[0m
[6.938s] [ 86%] [32mBuilding C object CMakeFiles/realsense2_camera_msgs__rosidl_generator_py.dir/rosidl_generator_py/realsense2_camera_msgs/srv/_device_info_s.c.o[0m
[6.938s] [ 87%] [32mBuilding C object CMakeFiles/realsense2_camera_msgs__rosidl_generator_py.dir/rosidl_generator_py/realsense2_camera_msgs/srv/_safety_interface_config_write_s.c.o[0m
[6.938s] [ 88%] [32mBuilding C object CMakeFiles/realsense2_camera_msgs__rosidl_generator_py.dir/rosidl_generator_py/realsense2_camera_msgs/msg/_extrinsics_s.c.o[0m
[6.938s] [ 89%] [32mBuilding C object CMakeFiles/realsense2_camera_msgs__rosidl_generator_py.dir/rosidl_generator_py/realsense2_camera_msgs/srv/_calib_config_read_s.c.o[0m
[6.938s] [ 91%] [32mBuilding C object CMakeFiles/realsense2_camera_msgs__rosidl_generator_py.dir/rosidl_generator_py/realsense2_camera_msgs/msg/_metadata_s.c.o[0m
[6.939s] [ 91%] [32mBuilding C object CMakeFiles/realsense2_camera_msgs__rosidl_generator_py.dir/rosidl_generator_py/realsense2_camera_msgs/srv/_application_config_read_s.c.o[0m
[6.939s] [ 93%] [32mBuilding C object CMakeFiles/realsense2_camera_msgs__rosidl_generator_py.dir/rosidl_generator_py/realsense2_camera_msgs/msg/_rgbd_s.c.o[0m
[6.940s] [ 92%] [32mBuilding C object CMakeFiles/realsense2_camera_msgs__rosidl_generator_py.dir/rosidl_generator_py/realsense2_camera_msgs/srv/_safety_preset_write_s.c.o[0m
[6.940s] [ 93%] [32mBuilding C object CMakeFiles/realsense2_camera_msgs__rosidl_generator_py.dir/rosidl_generator_py/realsense2_camera_msgs/srv/_calib_config_write_s.c.o[0m
[6.942s] [ 94%] [32mBuilding C object CMakeFiles/realsense2_camera_msgs__rosidl_generator_py.dir/rosidl_generator_py/realsense2_camera_msgs/srv/_application_config_write_s.c.o[0m
[6.942s] [ 95%] [32mBuilding C object CMakeFiles/realsense2_camera_msgs__rosidl_generator_py.dir/rosidl_generator_py/realsense2_camera_msgs/srv/_hardware_monitor_command_send_s.c.o[0m
[6.945s] [ 95%] [32mBuilding C object CMakeFiles/realsense2_camera_msgs__rosidl_generator_py.dir/rosidl_generator_py/realsense2_camera_msgs/action/_triggered_calibration_s.c.o[0m
[7.102s] [ 96%] [32m[1mLinking C shared library rosidl_generator_py/realsense2_camera_msgs/librealsense2_camera_msgs__rosidl_generator_py.so[0m
[7.137s] [ 96%] Built target realsense2_camera_msgs__rosidl_generator_py
[7.150s] [ 97%] [32mBuilding C object CMakeFiles/realsense2_camera_msgs__rosidl_typesupport_fastrtps_c__pyext.dir/rosidl_generator_py/realsense2_camera_msgs/_realsense2_camera_msgs_s.ep.rosidl_typesupport_fastrtps_c.c.o[0m
[7.150s] [ 98%] [32mBuilding C object CMakeFiles/realsense2_camera_msgs__rosidl_typesupport_c__pyext.dir/rosidl_generator_py/realsense2_camera_msgs/_realsense2_camera_msgs_s.ep.rosidl_typesupport_c.c.o[0m
[7.157s] [ 99%] [32mBuilding C object CMakeFiles/realsense2_camera_msgs__rosidl_typesupport_introspection_c__pyext.dir/rosidl_generator_py/realsense2_camera_msgs/_realsense2_camera_msgs_s.ep.rosidl_typesupport_introspection_c.c.o[0m
[7.272s] [ 99%] [32m[1mLinking C shared library rosidl_generator_py/realsense2_camera_msgs/realsense2_camera_msgs_s__rosidl_typesupport_fastrtps_c.cpython-310-x86_64-linux-gnu.so[0m
[7.299s] [ 99%] [32m[1mLinking C shared library rosidl_generator_py/realsense2_camera_msgs/realsense2_camera_msgs_s__rosidl_typesupport_c.cpython-310-x86_64-linux-gnu.so[0m
[7.300s] [100%] [32m[1mLinking C shared library rosidl_generator_py/realsense2_camera_msgs/realsense2_camera_msgs_s__rosidl_typesupport_introspection_c.cpython-310-x86_64-linux-gnu.so[0m
[7.303s] [100%] Built target realsense2_camera_msgs__rosidl_typesupport_fastrtps_c__pyext
[7.338s] [100%] Built target realsense2_camera_msgs__rosidl_typesupport_c__pyext
[7.339s] [100%] Built target realsense2_camera_msgs__rosidl_typesupport_introspection_c__pyext
[7.352s] Invoked command in '/home/brace/codeSpace/navi/build/realsense2_camera_msgs' returned '0': CMAKE_PREFIX_PATH=/opt/ros/humble /usr/bin/cmake --build /home/brace/codeSpace/navi/build/realsense2_camera_msgs -- -j16 -l16
[7.354s] Invoking command in '/home/brace/codeSpace/navi/build/realsense2_camera_msgs': CMAKE_PREFIX_PATH=/opt/ros/humble /usr/bin/cmake --install /home/brace/codeSpace/navi/build/realsense2_camera_msgs
[7.360s] -- Install configuration: ""
[7.360s] -- Installing: /home/brace/codeSpace/navi/install/realsense2_camera_msgs/share/ament_index/resource_index/rosidl_interfaces/realsense2_camera_msgs
[7.360s] -- Installing: /home/brace/codeSpace/navi/install/realsense2_camera_msgs/include/realsense2_camera_msgs/realsense2_camera_msgs
[7.360s] -- Installing: /home/brace/codeSpace/navi/install/realsense2_camera_msgs/include/realsense2_camera_msgs/realsense2_camera_msgs/action
[7.361s] -- Installing: /home/brace/codeSpace/navi/install/realsense2_camera_msgs/include/realsense2_camera_msgs/realsense2_camera_msgs/action/triggered_calibration.h
[7.361s] -- Installing: /home/brace/codeSpace/navi/install/realsense2_camera_msgs/include/realsense2_camera_msgs/realsense2_camera_msgs/action/detail
[7.361s] -- Installing: /home/brace/codeSpace/navi/install/realsense2_camera_msgs/include/realsense2_camera_msgs/realsense2_camera_msgs/action/detail/triggered_calibration__struct.h
[7.361s] -- Installing: /home/brace/codeSpace/navi/install/realsense2_camera_msgs/include/realsense2_camera_msgs/realsense2_camera_msgs/action/detail/triggered_calibration__type_support.h
[7.361s] -- Installing: /home/brace/codeSpace/navi/install/realsense2_camera_msgs/include/realsense2_camera_msgs/realsense2_camera_msgs/action/detail/triggered_calibration__functions.h
[7.361s] -- Installing: /home/brace/codeSpace/navi/install/realsense2_camera_msgs/include/realsense2_camera_msgs/realsense2_camera_msgs/action/detail/triggered_calibration__functions.c
[7.361s] -- Installing: /home/brace/codeSpace/navi/install/realsense2_camera_msgs/include/realsense2_camera_msgs/realsense2_camera_msgs/msg
[7.361s] -- Installing: /home/brace/codeSpace/navi/install/realsense2_camera_msgs/include/realsense2_camera_msgs/realsense2_camera_msgs/msg/rosidl_generator_c__visibility_control.h
[7.361s] -- Installing: /home/brace/codeSpace/navi/install/realsense2_camera_msgs/include/realsense2_camera_msgs/realsense2_camera_msgs/msg/rgbd.h
[7.361s] -- Installing: /home/brace/codeSpace/navi/install/realsense2_camera_msgs/include/realsense2_camera_msgs/realsense2_camera_msgs/msg/detail
[7.361s] -- Installing: /home/brace/codeSpace/navi/install/realsense2_camera_msgs/include/realsense2_camera_msgs/realsense2_camera_msgs/msg/detail/extrinsics__functions.h
[7.361s] -- Installing: /home/brace/codeSpace/navi/install/realsense2_camera_msgs/include/realsense2_camera_msgs/realsense2_camera_msgs/msg/detail/metadata__functions.h
[7.361s] -- Installing: /home/brace/codeSpace/navi/install/realsense2_camera_msgs/include/realsense2_camera_msgs/realsense2_camera_msgs/msg/detail/rgbd__struct.h
[7.361s] -- Installing: /home/brace/codeSpace/navi/install/realsense2_camera_msgs/include/realsense2_camera_msgs/realsense2_camera_msgs/msg/detail/rgbd__functions.c
[7.361s] -- Installing: /home/brace/codeSpace/navi/install/realsense2_camera_msgs/include/realsense2_camera_msgs/realsense2_camera_msgs/msg/detail/rgbd__functions.h
[7.361s] -- Installing: /home/brace/codeSpace/navi/install/realsense2_camera_msgs/include/realsense2_camera_msgs/realsense2_camera_msgs/msg/detail/imu_info__functions.h
[7.361s] -- Installing: /home/brace/codeSpace/navi/install/realsense2_camera_msgs/include/realsense2_camera_msgs/realsense2_camera_msgs/msg/detail/imu_info__struct.h
[7.361s] -- Installing: /home/brace/codeSpace/navi/install/realsense2_camera_msgs/include/realsense2_camera_msgs/realsense2_camera_msgs/msg/detail/extrinsics__type_support.h
[7.361s] -- Installing: /home/brace/codeSpace/navi/install/realsense2_camera_msgs/include/realsense2_camera_msgs/realsense2_camera_msgs/msg/detail/extrinsics__struct.h
[7.362s] -- Installing: /home/brace/codeSpace/navi/install/realsense2_camera_msgs/include/realsense2_camera_msgs/realsense2_camera_msgs/msg/detail/metadata__struct.h
[7.362s] -- Installing: /home/brace/codeSpace/navi/install/realsense2_camera_msgs/include/realsense2_camera_msgs/realsense2_camera_msgs/msg/detail/extrinsics__functions.c
[7.362s] -- Installing: /home/brace/codeSpace/navi/install/realsense2_camera_msgs/include/realsense2_camera_msgs/realsense2_camera_msgs/msg/detail/imu_info__functions.c
[7.362s] -- Installing: /home/brace/codeSpace/navi/install/realsense2_camera_msgs/include/realsense2_camera_msgs/realsense2_camera_msgs/msg/detail/metadata__type_support.h
[7.362s] -- Installing: /home/brace/codeSpace/navi/install/realsense2_camera_msgs/include/realsense2_camera_msgs/realsense2_camera_msgs/msg/detail/metadata__functions.c
[7.362s] -- Installing: /home/brace/codeSpace/navi/install/realsense2_camera_msgs/include/realsense2_camera_msgs/realsense2_camera_msgs/msg/detail/rgbd__type_support.h
[7.362s] -- Installing: /home/brace/codeSpace/navi/install/realsense2_camera_msgs/include/realsense2_camera_msgs/realsense2_camera_msgs/msg/detail/imu_info__type_support.h
[7.362s] -- Installing: /home/brace/codeSpace/navi/install/realsense2_camera_msgs/include/realsense2_camera_msgs/realsense2_camera_msgs/msg/extrinsics.h
[7.362s] -- Installing: /home/brace/codeSpace/navi/install/realsense2_camera_msgs/include/realsense2_camera_msgs/realsense2_camera_msgs/msg/metadata.h
[7.362s] -- Installing: /home/brace/codeSpace/navi/install/realsense2_camera_msgs/include/realsense2_camera_msgs/realsense2_camera_msgs/msg/imu_info.h
[7.362s] -- Installing: /home/brace/codeSpace/navi/install/realsense2_camera_msgs/include/realsense2_camera_msgs/realsense2_camera_msgs/srv
[7.362s] -- Installing: /home/brace/codeSpace/navi/install/realsense2_camera_msgs/include/realsense2_camera_msgs/realsense2_camera_msgs/srv/application_config_read.h
[7.362s] -- Installing: /home/brace/codeSpace/navi/install/realsense2_camera_msgs/include/realsense2_camera_msgs/realsense2_camera_msgs/srv/safety_interface_config_read.h
[7.362s] -- Installing: /home/brace/codeSpace/navi/install/realsense2_camera_msgs/include/realsense2_camera_msgs/realsense2_camera_msgs/srv/calib_config_read.h
[7.362s] -- Installing: /home/brace/codeSpace/navi/install/realsense2_camera_msgs/include/realsense2_camera_msgs/realsense2_camera_msgs/srv/safety_preset_write.h
[7.362s] -- Installing: /home/brace/codeSpace/navi/install/realsense2_camera_msgs/include/realsense2_camera_msgs/realsense2_camera_msgs/srv/detail
[7.362s] -- Installing: /home/brace/codeSpace/navi/install/realsense2_camera_msgs/include/realsense2_camera_msgs/realsense2_camera_msgs/srv/detail/safety_interface_config_write__struct.h
[7.362s] -- Installing: /home/brace/codeSpace/navi/install/realsense2_camera_msgs/include/realsense2_camera_msgs/realsense2_camera_msgs/srv/detail/application_config_read__functions.h
[7.362s] -- Installing: /home/brace/codeSpace/navi/install/realsense2_camera_msgs/include/realsense2_camera_msgs/realsense2_camera_msgs/srv/detail/hardware_monitor_command_send__type_support.h
[7.362s] -- Installing: /home/brace/codeSpace/navi/install/realsense2_camera_msgs/include/realsense2_camera_msgs/realsense2_camera_msgs/srv/detail/safety_interface_config_write__functions.h
[7.362s] -- Installing: /home/brace/codeSpace/navi/install/realsense2_camera_msgs/include/realsense2_camera_msgs/realsense2_camera_msgs/srv/detail/hardware_monitor_command_send__functions.h
[7.362s] -- Installing: /home/brace/codeSpace/navi/install/realsense2_camera_msgs/include/realsense2_camera_msgs/realsense2_camera_msgs/srv/detail/application_config_write__functions.c
[7.362s] -- Installing: /home/brace/codeSpace/navi/install/realsense2_camera_msgs/include/realsense2_camera_msgs/realsense2_camera_msgs/srv/detail/calib_config_read__struct.h
[7.362s] -- Installing: /home/brace/codeSpace/navi/install/realsense2_camera_msgs/include/realsense2_camera_msgs/realsense2_camera_msgs/srv/detail/safety_preset_read__type_support.h
[7.362s] -- Installing: /home/brace/codeSpace/navi/install/realsense2_camera_msgs/include/realsense2_camera_msgs/realsense2_camera_msgs/srv/detail/safety_interface_config_write__type_support.h
[7.362s] -- Installing: /home/brace/codeSpace/navi/install/realsense2_camera_msgs/include/realsense2_camera_msgs/realsense2_camera_msgs/srv/detail/safety_preset_read__functions.c
[7.362s] -- Installing: /home/brace/codeSpace/navi/install/realsense2_camera_msgs/include/realsense2_camera_msgs/realsense2_camera_msgs/srv/detail/application_config_read__struct.h
[7.362s] -- Installing: /home/brace/codeSpace/navi/install/realsense2_camera_msgs/include/realsense2_camera_msgs/realsense2_camera_msgs/srv/detail/safety_preset_write__type_support.h
[7.362s] -- Installing: /home/brace/codeSpace/navi/install/realsense2_camera_msgs/include/realsense2_camera_msgs/realsense2_camera_msgs/srv/detail/hardware_monitor_command_send__struct.h
[7.362s] -- Installing: /home/brace/codeSpace/navi/install/realsense2_camera_msgs/include/realsense2_camera_msgs/realsense2_camera_msgs/srv/detail/safety_preset_write__functions.c
[7.363s] -- Installing: /home/brace/codeSpace/navi/install/realsense2_camera_msgs/include/realsense2_camera_msgs/realsense2_camera_msgs/srv/detail/safety_preset_write__struct.h
[7.363s] -- Installing: /home/brace/codeSpace/navi/install/realsense2_camera_msgs/include/realsense2_camera_msgs/realsense2_camera_msgs/srv/detail/calib_config_write__functions.c
[7.363s] -- Installing: /home/brace/codeSpace/navi/install/realsense2_camera_msgs/include/realsense2_camera_msgs/realsense2_camera_msgs/srv/detail/safety_preset_read__struct.h
[7.363s] -- Installing: /home/brace/codeSpace/navi/install/realsense2_camera_msgs/include/realsense2_camera_msgs/realsense2_camera_msgs/srv/detail/calib_config_read__type_support.h
[7.363s] -- Installing: /home/brace/codeSpace/navi/install/realsense2_camera_msgs/include/realsense2_camera_msgs/realsense2_camera_msgs/srv/detail/safety_interface_config_read__functions.h
[7.363s] -- Installing: /home/brace/codeSpace/navi/install/realsense2_camera_msgs/include/realsense2_camera_msgs/realsense2_camera_msgs/srv/detail/application_config_read__type_support.h
[7.363s] -- Installing: /home/brace/codeSpace/navi/install/realsense2_camera_msgs/include/realsense2_camera_msgs/realsense2_camera_msgs/srv/detail/calib_config_read__functions.c
[7.363s] -- Installing: /home/brace/codeSpace/navi/install/realsense2_camera_msgs/include/realsense2_camera_msgs/realsense2_camera_msgs/srv/detail/calib_config_write__type_support.h
[7.363s] -- Installing: /home/brace/codeSpace/navi/install/realsense2_camera_msgs/include/realsense2_camera_msgs/realsense2_camera_msgs/srv/detail/safety_interface_config_write__functions.c
[7.363s] -- Installing: /home/brace/codeSpace/navi/install/realsense2_camera_msgs/include/realsense2_camera_msgs/realsense2_camera_msgs/srv/detail/safety_interface_config_read__struct.h
[7.363s] -- Installing: /home/brace/codeSpace/navi/install/realsense2_camera_msgs/include/realsense2_camera_msgs/realsense2_camera_msgs/srv/detail/application_config_write__functions.h
[7.363s] -- Installing: /home/brace/codeSpace/navi/install/realsense2_camera_msgs/include/realsense2_camera_msgs/realsense2_camera_msgs/srv/detail/application_config_write__type_support.h
[7.363s] -- Installing: /home/brace/codeSpace/navi/install/realsense2_camera_msgs/include/realsense2_camera_msgs/realsense2_camera_msgs/srv/detail/application_config_read__functions.c
[7.363s] -- Installing: /home/brace/codeSpace/navi/install/realsense2_camera_msgs/include/realsense2_camera_msgs/realsense2_camera_msgs/srv/detail/device_info__functions.h
[7.363s] -- Installing: /home/brace/codeSpace/navi/install/realsense2_camera_msgs/include/realsense2_camera_msgs/realsense2_camera_msgs/srv/detail/safety_preset_read__functions.h
[7.363s] -- Installing: /home/brace/codeSpace/navi/install/realsense2_camera_msgs/include/realsense2_camera_msgs/realsense2_camera_msgs/srv/detail/device_info__functions.c
[7.363s] -- Installing: /home/brace/codeSpace/navi/install/realsense2_camera_msgs/include/realsense2_camera_msgs/realsense2_camera_msgs/srv/detail/calib_config_write__struct.h
[7.363s] -- Installing: /home/brace/codeSpace/navi/install/realsense2_camera_msgs/include/realsense2_camera_msgs/realsense2_camera_msgs/srv/detail/application_config_write__struct.h
[7.363s] -- Installing: /home/brace/codeSpace/navi/install/realsense2_camera_msgs/include/realsense2_camera_msgs/realsense2_camera_msgs/srv/detail/hardware_monitor_command_send__functions.c
[7.363s] -- Installing: /home/brace/codeSpace/navi/install/realsense2_camera_msgs/include/realsense2_camera_msgs/realsense2_camera_msgs/srv/detail/device_info__type_support.h
[7.363s] -- Installing: /home/brace/codeSpace/navi/install/realsense2_camera_msgs/include/realsense2_camera_msgs/realsense2_camera_msgs/srv/detail/safety_interface_config_read__type_support.h
[7.363s] -- Installing: /home/brace/codeSpace/navi/install/realsense2_camera_msgs/include/realsense2_camera_msgs/realsense2_camera_msgs/srv/detail/calib_config_write__functions.h
[7.363s] -- Installing: /home/brace/codeSpace/navi/install/realsense2_camera_msgs/include/realsense2_camera_msgs/realsense2_camera_msgs/srv/detail/device_info__struct.h
[7.363s] -- Installing: /home/brace/codeSpace/navi/install/realsense2_camera_msgs/include/realsense2_camera_msgs/realsense2_camera_msgs/srv/detail/calib_config_read__functions.h
[7.363s] -- Installing: /home/brace/codeSpace/navi/install/realsense2_camera_msgs/include/realsense2_camera_msgs/realsense2_camera_msgs/srv/detail/safety_interface_config_read__functions.c
[7.363s] -- Installing: /home/brace/codeSpace/navi/install/realsense2_camera_msgs/include/realsense2_camera_msgs/realsense2_camera_msgs/srv/detail/safety_preset_write__functions.h
[7.364s] -- Installing: /home/brace/codeSpace/navi/install/realsense2_camera_msgs/include/realsense2_camera_msgs/realsense2_camera_msgs/srv/device_info.h
[7.364s] -- Installing: /home/brace/codeSpace/navi/install/realsense2_camera_msgs/include/realsense2_camera_msgs/realsense2_camera_msgs/srv/application_config_write.h
[7.364s] -- Installing: /home/brace/codeSpace/navi/install/realsense2_camera_msgs/include/realsense2_camera_msgs/realsense2_camera_msgs/srv/hardware_monitor_command_send.h
[7.364s] -- Installing: /home/brace/codeSpace/navi/install/realsense2_camera_msgs/include/realsense2_camera_msgs/realsense2_camera_msgs/srv/safety_preset_read.h
[7.364s] -- Installing: /home/brace/codeSpace/navi/install/realsense2_camera_msgs/include/realsense2_camera_msgs/realsense2_camera_msgs/srv/calib_config_write.h
[7.364s] -- Installing: /home/brace/codeSpace/navi/install/realsense2_camera_msgs/include/realsense2_camera_msgs/realsense2_camera_msgs/srv/safety_interface_config_write.h
[7.364s] -- Installing: /home/brace/codeSpace/navi/install/realsense2_camera_msgs/share/realsense2_camera_msgs/environment/library_path.sh
[7.364s] -- Installing: /home/brace/codeSpace/navi/install/realsense2_camera_msgs/share/realsense2_camera_msgs/environment/library_path.dsv
[7.364s] -- Installing: /home/brace/codeSpace/navi/install/realsense2_camera_msgs/lib/librealsense2_camera_msgs__rosidl_generator_c.so
[7.364s] -- Set runtime path of "/home/brace/codeSpace/navi/install/realsense2_camera_msgs/lib/librealsense2_camera_msgs__rosidl_generator_c.so" to ""
[7.364s] -- Up-to-date: /home/brace/codeSpace/navi/install/realsense2_camera_msgs/include/realsense2_camera_msgs/realsense2_camera_msgs
[7.364s] -- Up-to-date: /home/brace/codeSpace/navi/install/realsense2_camera_msgs/include/realsense2_camera_msgs/realsense2_camera_msgs/action
[7.364s] -- Up-to-date: /home/brace/codeSpace/navi/install/realsense2_camera_msgs/include/realsense2_camera_msgs/realsense2_camera_msgs/action/detail
[7.364s] -- Installing: /home/brace/codeSpace/navi/install/realsense2_camera_msgs/include/realsense2_camera_msgs/realsense2_camera_msgs/action/detail/triggered_calibration__rosidl_typesupport_fastrtps_c.h
[7.364s] -- Up-to-date: /home/brace/codeSpace/navi/install/realsense2_camera_msgs/include/realsense2_camera_msgs/realsense2_camera_msgs/msg
[7.364s] -- Up-to-date: /home/brace/codeSpace/navi/install/realsense2_camera_msgs/include/realsense2_camera_msgs/realsense2_camera_msgs/msg/detail
[7.364s] -- Installing: /home/brace/codeSpace/navi/install/realsense2_camera_msgs/include/realsense2_camera_msgs/realsense2_camera_msgs/msg/detail/metadata__rosidl_typesupport_fastrtps_c.h
[7.364s] -- Installing: /home/brace/codeSpace/navi/install/realsense2_camera_msgs/include/realsense2_camera_msgs/realsense2_camera_msgs/msg/detail/extrinsics__rosidl_typesupport_fastrtps_c.h
[7.364s] -- Installing: /home/brace/codeSpace/navi/install/realsense2_camera_msgs/include/realsense2_camera_msgs/realsense2_camera_msgs/msg/detail/rgbd__rosidl_typesupport_fastrtps_c.h
[7.364s] -- Installing: /home/brace/codeSpace/navi/install/realsense2_camera_msgs/include/realsense2_camera_msgs/realsense2_camera_msgs/msg/detail/imu_info__rosidl_typesupport_fastrtps_c.h
[7.365s] -- Installing: /home/brace/codeSpace/navi/install/realsense2_camera_msgs/include/realsense2_camera_msgs/realsense2_camera_msgs/msg/rosidl_typesupport_fastrtps_c__visibility_control.h
[7.365s] -- Up-to-date: /home/brace/codeSpace/navi/install/realsense2_camera_msgs/include/realsense2_camera_msgs/realsense2_camera_msgs/srv
[7.365s] -- Up-to-date: /home/brace/codeSpace/navi/install/realsense2_camera_msgs/include/realsense2_camera_msgs/realsense2_camera_msgs/srv/detail
[7.365s] -- Installing: /home/brace/codeSpace/navi/install/realsense2_camera_msgs/include/realsense2_camera_msgs/realsense2_camera_msgs/srv/detail/application_config_write__rosidl_typesupport_fastrtps_c.h
[7.365s] -- Installing: /home/brace/codeSpace/navi/install/realsense2_camera_msgs/include/realsense2_camera_msgs/realsense2_camera_msgs/srv/detail/device_info__rosidl_typesupport_fastrtps_c.h
[7.365s] -- Installing: /home/brace/codeSpace/navi/install/realsense2_camera_msgs/include/realsense2_camera_msgs/realsense2_camera_msgs/srv/detail/hardware_monitor_command_send__rosidl_typesupport_fastrtps_c.h
[7.365s] -- Installing: /home/brace/codeSpace/navi/install/realsense2_camera_msgs/include/realsense2_camera_msgs/realsense2_camera_msgs/srv/detail/application_config_read__rosidl_typesupport_fastrtps_c.h
[7.365s] -- Installing: /home/brace/codeSpace/navi/install/realsense2_camera_msgs/include/realsense2_camera_msgs/realsense2_camera_msgs/srv/detail/safety_preset_read__rosidl_typesupport_fastrtps_c.h
[7.365s] -- Installing: /home/brace/codeSpace/navi/install/realsense2_camera_msgs/include/realsense2_camera_msgs/realsense2_camera_msgs/srv/detail/safety_preset_write__rosidl_typesupport_fastrtps_c.h
[7.365s] -- Installing: /home/brace/codeSpace/navi/install/realsense2_camera_msgs/include/realsense2_camera_msgs/realsense2_camera_msgs/srv/detail/calib_config_read__rosidl_typesupport_fastrtps_c.h
[7.365s] -- Installing: /home/brace/codeSpace/navi/install/realsense2_camera_msgs/include/realsense2_camera_msgs/realsense2_camera_msgs/srv/detail/calib_config_write__rosidl_typesupport_fastrtps_c.h
[7.365s] -- Installing: /home/brace/codeSpace/navi/install/realsense2_camera_msgs/include/realsense2_camera_msgs/realsense2_camera_msgs/srv/detail/safety_interface_config_write__rosidl_typesupport_fastrtps_c.h
[7.365s] -- Installing: /home/brace/codeSpace/navi/install/realsense2_camera_msgs/include/realsense2_camera_msgs/realsense2_camera_msgs/srv/detail/safety_interface_config_read__rosidl_typesupport_fastrtps_c.h
[7.365s] -- Installing: /home/brace/codeSpace/navi/install/realsense2_camera_msgs/lib/librealsense2_camera_msgs__rosidl_typesupport_fastrtps_c.so
[7.365s] -- Set runtime path of "/home/brace/codeSpace/navi/install/realsense2_camera_msgs/lib/librealsense2_camera_msgs__rosidl_typesupport_fastrtps_c.so" to ""
[7.365s] -- Up-to-date: /home/brace/codeSpace/navi/install/realsense2_camera_msgs/include/realsense2_camera_msgs/realsense2_camera_msgs
[7.365s] -- Up-to-date: /home/brace/codeSpace/navi/install/realsense2_camera_msgs/include/realsense2_camera_msgs/realsense2_camera_msgs/action
[7.365s] -- Up-to-date: /home/brace/codeSpace/navi/install/realsense2_camera_msgs/include/realsense2_camera_msgs/realsense2_camera_msgs/action/detail
[7.365s] -- Installing: /home/brace/codeSpace/navi/install/realsense2_camera_msgs/include/realsense2_camera_msgs/realsense2_camera_msgs/action/detail/triggered_calibration__rosidl_typesupport_introspection_c.h
[7.365s] -- Installing: /home/brace/codeSpace/navi/install/realsense2_camera_msgs/include/realsense2_camera_msgs/realsense2_camera_msgs/action/detail/triggered_calibration__type_support.c
[7.365s] -- Up-to-date: /home/brace/codeSpace/navi/install/realsense2_camera_msgs/include/realsense2_camera_msgs/realsense2_camera_msgs/msg
[7.365s] -- Installing: /home/brace/codeSpace/navi/install/realsense2_camera_msgs/include/realsense2_camera_msgs/realsense2_camera_msgs/msg/rosidl_typesupport_introspection_c__visibility_control.h
[7.366s] -- Up-to-date: /home/brace/codeSpace/navi/install/realsense2_camera_msgs/include/realsense2_camera_msgs/realsense2_camera_msgs/msg/detail
[7.366s] -- Installing: /home/brace/codeSpace/navi/install/realsense2_camera_msgs/include/realsense2_camera_msgs/realsense2_camera_msgs/msg/detail/rgbd__rosidl_typesupport_introspection_c.h
[7.366s] -- Installing: /home/brace/codeSpace/navi/install/realsense2_camera_msgs/include/realsense2_camera_msgs/realsense2_camera_msgs/msg/detail/metadata__type_support.c
[7.366s] -- Installing: /home/brace/codeSpace/navi/install/realsense2_camera_msgs/include/realsense2_camera_msgs/realsense2_camera_msgs/msg/detail/extrinsics__type_support.c
[7.366s] -- Installing: /home/brace/codeSpace/navi/install/realsense2_camera_msgs/include/realsense2_camera_msgs/realsense2_camera_msgs/msg/detail/extrinsics__rosidl_typesupport_introspection_c.h
[7.366s] -- Installing: /home/brace/codeSpace/navi/install/realsense2_camera_msgs/include/realsense2_camera_msgs/realsense2_camera_msgs/msg/detail/imu_info__type_support.c
[7.366s] -- Installing: /home/brace/codeSpace/navi/install/realsense2_camera_msgs/include/realsense2_camera_msgs/realsense2_camera_msgs/msg/detail/imu_info__rosidl_typesupport_introspection_c.h
[7.366s] -- Installing: /home/brace/codeSpace/navi/install/realsense2_camera_msgs/include/realsense2_camera_msgs/realsense2_camera_msgs/msg/detail/metadata__rosidl_typesupport_introspection_c.h
[7.366s] -- Installing: /home/brace/codeSpace/navi/install/realsense2_camera_msgs/include/realsense2_camera_msgs/realsense2_camera_msgs/msg/detail/rgbd__type_support.c
[7.366s] -- Up-to-date: /home/brace/codeSpace/navi/install/realsense2_camera_msgs/include/realsense2_camera_msgs/realsense2_camera_msgs/srv
[7.366s] -- Up-to-date: /home/brace/codeSpace/navi/install/realsense2_camera_msgs/include/realsense2_camera_msgs/realsense2_camera_msgs/srv/detail
[7.366s] -- Installing: /home/brace/codeSpace/navi/install/realsense2_camera_msgs/include/realsense2_camera_msgs/realsense2_camera_msgs/srv/detail/calib_config_write__rosidl_typesupport_introspection_c.h
[7.366s] -- Installing: /home/brace/codeSpace/navi/install/realsense2_camera_msgs/include/realsense2_camera_msgs/realsense2_camera_msgs/srv/detail/safety_preset_read__type_support.c
[7.366s] -- Installing: /home/brace/codeSpace/navi/install/realsense2_camera_msgs/include/realsense2_camera_msgs/realsense2_camera_msgs/srv/detail/hardware_monitor_command_send__type_support.c
[7.366s] -- Installing: /home/brace/codeSpace/navi/install/realsense2_camera_msgs/include/realsense2_camera_msgs/realsense2_camera_msgs/srv/detail/safety_preset_read__rosidl_typesupport_introspection_c.h
[7.366s] -- Installing: /home/brace/codeSpace/navi/install/realsense2_camera_msgs/include/realsense2_camera_msgs/realsense2_camera_msgs/srv/detail/safety_preset_write__type_support.c
[7.366s] -- Installing: /home/brace/codeSpace/navi/install/realsense2_camera_msgs/include/realsense2_camera_msgs/realsense2_camera_msgs/srv/detail/hardware_monitor_command_send__rosidl_typesupport_introspection_c.h
[7.366s] -- Installing: /home/brace/codeSpace/navi/install/realsense2_camera_msgs/include/realsense2_camera_msgs/realsense2_camera_msgs/srv/detail/safety_interface_config_write__rosidl_typesupport_introspection_c.h
[7.366s] -- Installing: /home/brace/codeSpace/navi/install/realsense2_camera_msgs/include/realsense2_camera_msgs/realsense2_camera_msgs/srv/detail/application_config_write__rosidl_typesupport_introspection_c.h
[7.366s] -- Installing: /home/brace/codeSpace/navi/install/realsense2_camera_msgs/include/realsense2_camera_msgs/realsense2_camera_msgs/srv/detail/safety_interface_config_write__type_support.c
[7.366s] -- Installing: /home/brace/codeSpace/navi/install/realsense2_camera_msgs/include/realsense2_camera_msgs/realsense2_camera_msgs/srv/detail/application_config_read__type_support.c
[7.366s] -- Installing: /home/brace/codeSpace/navi/install/realsense2_camera_msgs/include/realsense2_camera_msgs/realsense2_camera_msgs/srv/detail/calib_config_read__type_support.c
[7.366s] -- Installing: /home/brace/codeSpace/navi/install/realsense2_camera_msgs/include/realsense2_camera_msgs/realsense2_camera_msgs/srv/detail/device_info__rosidl_typesupport_introspection_c.h
[7.366s] -- Installing: /home/brace/codeSpace/navi/install/realsense2_camera_msgs/include/realsense2_camera_msgs/realsense2_camera_msgs/srv/detail/calib_config_write__type_support.c
[7.366s] -- Installing: /home/brace/codeSpace/navi/install/realsense2_camera_msgs/include/realsense2_camera_msgs/realsense2_camera_msgs/srv/detail/device_info__type_support.c
[7.367s] -- Installing: /home/brace/codeSpace/navi/install/realsense2_camera_msgs/include/realsense2_camera_msgs/realsense2_camera_msgs/srv/detail/application_config_write__type_support.c
[7.367s] -- Installing: /home/brace/codeSpace/navi/install/realsense2_camera_msgs/include/realsense2_camera_msgs/realsense2_camera_msgs/srv/detail/application_config_read__rosidl_typesupport_introspection_c.h
[7.367s] -- Installing: /home/brace/codeSpace/navi/install/realsense2_camera_msgs/include/realsense2_camera_msgs/realsense2_camera_msgs/srv/detail/calib_config_read__rosidl_typesupport_introspection_c.h
[7.367s] -- Installing: /home/brace/codeSpace/navi/install/realsense2_camera_msgs/include/realsense2_camera_msgs/realsense2_camera_msgs/srv/detail/safety_interface_config_read__type_support.c
[7.367s] -- Installing: /home/brace/codeSpace/navi/install/realsense2_camera_msgs/include/realsense2_camera_msgs/realsense2_camera_msgs/srv/detail/safety_interface_config_read__rosidl_typesupport_introspection_c.h
[7.367s] -- Installing: /home/brace/codeSpace/navi/install/realsense2_camera_msgs/include/realsense2_camera_msgs/realsense2_camera_msgs/srv/detail/safety_preset_write__rosidl_typesupport_introspection_c.h
[7.367s] -- Installing: /home/brace/codeSpace/navi/install/realsense2_camera_msgs/lib/librealsense2_camera_msgs__rosidl_typesupport_introspection_c.so
[7.367s] -- Set runtime path of "/home/brace/codeSpace/navi/install/realsense2_camera_msgs/lib/librealsense2_camera_msgs__rosidl_typesupport_introspection_c.so" to ""
[7.367s] -- Installing: /home/brace/codeSpace/navi/install/realsense2_camera_msgs/lib/librealsense2_camera_msgs__rosidl_typesupport_c.so
[7.367s] -- Set runtime path of "/home/brace/codeSpace/navi/install/realsense2_camera_msgs/lib/librealsense2_camera_msgs__rosidl_typesupport_c.so" to ""
[7.367s] -- Up-to-date: /home/brace/codeSpace/navi/install/realsense2_camera_msgs/include/realsense2_camera_msgs/realsense2_camera_msgs
[7.367s] -- Up-to-date: /home/brace/codeSpace/navi/install/realsense2_camera_msgs/include/realsense2_camera_msgs/realsense2_camera_msgs/action
[7.367s] -- Up-to-date: /home/brace/codeSpace/navi/install/realsense2_camera_msgs/include/realsense2_camera_msgs/realsense2_camera_msgs/action/detail
[7.367s] -- Installing: /home/brace/codeSpace/navi/install/realsense2_camera_msgs/include/realsense2_camera_msgs/realsense2_camera_msgs/action/detail/triggered_calibration__struct.hpp
[7.367s] -- Installing: /home/brace/codeSpace/navi/install/realsense2_camera_msgs/include/realsense2_camera_msgs/realsense2_camera_msgs/action/detail/triggered_calibration__builder.hpp
[7.367s] -- Installing: /home/brace/codeSpace/navi/install/realsense2_camera_msgs/include/realsense2_camera_msgs/realsense2_camera_msgs/action/detail/triggered_calibration__type_support.hpp
[7.367s] -- Installing: /home/brace/codeSpace/navi/install/realsense2_camera_msgs/include/realsense2_camera_msgs/realsense2_camera_msgs/action/detail/triggered_calibration__traits.hpp
[7.367s] -- Installing: /home/brace/codeSpace/navi/install/realsense2_camera_msgs/include/realsense2_camera_msgs/realsense2_camera_msgs/action/triggered_calibration.hpp
[7.368s] -- Up-to-date: /home/brace/codeSpace/navi/install/realsense2_camera_msgs/include/realsense2_camera_msgs/realsense2_camera_msgs/msg
[7.368s] -- Installing: /home/brace/codeSpace/navi/install/realsense2_camera_msgs/include/realsense2_camera_msgs/realsense2_camera_msgs/msg/imu_info.hpp
[7.368s] -- Installing: /home/brace/codeSpace/navi/install/realsense2_camera_msgs/include/realsense2_camera_msgs/realsense2_camera_msgs/msg/rosidl_generator_cpp__visibility_control.hpp
[7.368s] -- Up-to-date: /home/brace/codeSpace/navi/install/realsense2_camera_msgs/include/realsense2_camera_msgs/realsense2_camera_msgs/msg/detail
[7.368s] -- Installing: /home/brace/codeSpace/navi/install/realsense2_camera_msgs/include/realsense2_camera_msgs/realsense2_camera_msgs/msg/detail/imu_info__type_support.hpp
[7.368s] -- Installing: /home/brace/codeSpace/navi/install/realsense2_camera_msgs/include/realsense2_camera_msgs/realsense2_camera_msgs/msg/detail/extrinsics__builder.hpp
[7.368s] -- Installing: /home/brace/codeSpace/navi/install/realsense2_camera_msgs/include/realsense2_camera_msgs/realsense2_camera_msgs/msg/detail/rgbd__type_support.hpp
[7.368s] -- Installing: /home/brace/codeSpace/navi/install/realsense2_camera_msgs/include/realsense2_camera_msgs/realsense2_camera_msgs/msg/detail/imu_info__struct.hpp
[7.368s] -- Installing: /home/brace/codeSpace/navi/install/realsense2_camera_msgs/include/realsense2_camera_msgs/realsense2_camera_msgs/msg/detail/metadata__type_support.hpp
[7.368s] -- Installing: /home/brace/codeSpace/navi/install/realsense2_camera_msgs/include/realsense2_camera_msgs/realsense2_camera_msgs/msg/detail/rgbd__builder.hpp
[7.368s] -- Installing: /home/brace/codeSpace/navi/install/realsense2_camera_msgs/include/realsense2_camera_msgs/realsense2_camera_msgs/msg/detail/metadata__traits.hpp
[7.368s] -- Installing: /home/brace/codeSpace/navi/install/realsense2_camera_msgs/include/realsense2_camera_msgs/realsense2_camera_msgs/msg/detail/extrinsics__traits.hpp
[7.368s] -- Installing: /home/brace/codeSpace/navi/install/realsense2_camera_msgs/include/realsense2_camera_msgs/realsense2_camera_msgs/msg/detail/extrinsics__type_support.hpp
[7.368s] -- Installing: /home/brace/codeSpace/navi/install/realsense2_camera_msgs/include/realsense2_camera_msgs/realsense2_camera_msgs/msg/detail/imu_info__builder.hpp
[7.368s] -- Installing: /home/brace/codeSpace/navi/install/realsense2_camera_msgs/include/realsense2_camera_msgs/realsense2_camera_msgs/msg/detail/rgbd__traits.hpp
[7.368s] -- Installing: /home/brace/codeSpace/navi/install/realsense2_camera_msgs/include/realsense2_camera_msgs/realsense2_camera_msgs/msg/detail/rgbd__struct.hpp
[7.368s] -- Installing: /home/brace/codeSpace/navi/install/realsense2_camera_msgs/include/realsense2_camera_msgs/realsense2_camera_msgs/msg/detail/extrinsics__struct.hpp
[7.368s] -- Installing: /home/brace/codeSpace/navi/install/realsense2_camera_msgs/include/realsense2_camera_msgs/realsense2_camera_msgs/msg/detail/metadata__builder.hpp
[7.368s] -- Installing: /home/brace/codeSpace/navi/install/realsense2_camera_msgs/include/realsense2_camera_msgs/realsense2_camera_msgs/msg/detail/metadata__struct.hpp
[7.368s] -- Installing: /home/brace/codeSpace/navi/install/realsense2_camera_msgs/include/realsense2_camera_msgs/realsense2_camera_msgs/msg/detail/imu_info__traits.hpp
[7.368s] -- Installing: /home/brace/codeSpace/navi/install/realsense2_camera_msgs/include/realsense2_camera_msgs/realsense2_camera_msgs/msg/metadata.hpp
[7.368s] -- Installing: /home/brace/codeSpace/navi/install/realsense2_camera_msgs/include/realsense2_camera_msgs/realsense2_camera_msgs/msg/extrinsics.hpp
[7.368s] -- Installing: /home/brace/codeSpace/navi/install/realsense2_camera_msgs/include/realsense2_camera_msgs/realsense2_camera_msgs/msg/rgbd.hpp
[7.368s] -- Up-to-date: /home/brace/codeSpace/navi/install/realsense2_camera_msgs/include/realsense2_camera_msgs/realsense2_camera_msgs/srv
[7.368s] -- Installing: /home/brace/codeSpace/navi/install/realsense2_camera_msgs/include/realsense2_camera_msgs/realsense2_camera_msgs/srv/calib_config_write.hpp
[7.369s] -- Installing: /home/brace/codeSpace/navi/install/realsense2_camera_msgs/include/realsense2_camera_msgs/realsense2_camera_msgs/srv/safety_preset_write.hpp
[7.369s] -- Installing: /home/brace/codeSpace/navi/install/realsense2_camera_msgs/include/realsense2_camera_msgs/realsense2_camera_msgs/srv/safety_interface_config_write.hpp
[7.369s] -- Installing: /home/brace/codeSpace/navi/install/realsense2_camera_msgs/include/realsense2_camera_msgs/realsense2_camera_msgs/srv/calib_config_read.hpp
[7.369s] -- Up-to-date: /home/brace/codeSpace/navi/install/realsense2_camera_msgs/include/realsense2_camera_msgs/realsense2_camera_msgs/srv/detail
[7.369s] -- Installing: /home/brace/codeSpace/navi/install/realsense2_camera_msgs/include/realsense2_camera_msgs/realsense2_camera_msgs/srv/detail/safety_interface_config_write__type_support.hpp
[7.369s] -- Installing: /home/brace/codeSpace/navi/install/realsense2_camera_msgs/include/realsense2_camera_msgs/realsense2_camera_msgs/srv/detail/application_config_read__traits.hpp
[7.369s] -- Installing: /home/brace/codeSpace/navi/install/realsense2_camera_msgs/include/realsense2_camera_msgs/realsense2_camera_msgs/srv/detail/safety_interface_config_read__builder.hpp
[7.369s] -- Installing: /home/brace/codeSpace/navi/install/realsense2_camera_msgs/include/realsense2_camera_msgs/realsense2_camera_msgs/srv/detail/safety_preset_write__traits.hpp
[7.369s] -- Installing: /home/brace/codeSpace/navi/install/realsense2_camera_msgs/include/realsense2_camera_msgs/realsense2_camera_msgs/srv/detail/safety_interface_config_read__type_support.hpp
[7.369s] -- Installing: /home/brace/codeSpace/navi/install/realsense2_camera_msgs/include/realsense2_camera_msgs/realsense2_camera_msgs/srv/detail/safety_preset_write__struct.hpp
[7.369s] -- Installing: /home/brace/codeSpace/navi/install/realsense2_camera_msgs/include/realsense2_camera_msgs/realsense2_camera_msgs/srv/detail/safety_preset_write__type_support.hpp
[7.369s] -- Installing: /home/brace/codeSpace/navi/install/realsense2_camera_msgs/include/realsense2_camera_msgs/realsense2_camera_msgs/srv/detail/safety_interface_config_write__struct.hpp
[7.369s] -- Installing: /home/brace/codeSpace/navi/install/realsense2_camera_msgs/include/realsense2_camera_msgs/realsense2_camera_msgs/srv/detail/calib_config_read__builder.hpp
[7.369s] -- Installing: /home/brace/codeSpace/navi/install/realsense2_camera_msgs/include/realsense2_camera_msgs/realsense2_camera_msgs/srv/detail/safety_preset_read__type_support.hpp
[7.369s] -- Installing: /home/brace/codeSpace/navi/install/realsense2_camera_msgs/include/realsense2_camera_msgs/realsense2_camera_msgs/srv/detail/calib_config_read__type_support.hpp
[7.369s] -- Installing: /home/brace/codeSpace/navi/install/realsense2_camera_msgs/include/realsense2_camera_msgs/realsense2_camera_msgs/srv/detail/hardware_monitor_command_send__type_support.hpp
[7.369s] -- Installing: /home/brace/codeSpace/navi/install/realsense2_camera_msgs/include/realsense2_camera_msgs/realsense2_camera_msgs/srv/detail/device_info__struct.hpp
[7.369s] -- Installing: /home/brace/codeSpace/navi/install/realsense2_camera_msgs/include/realsense2_camera_msgs/realsense2_camera_msgs/srv/detail/hardware_monitor_command_send__traits.hpp
[7.369s] -- Installing: /home/brace/codeSpace/navi/install/realsense2_camera_msgs/include/realsense2_camera_msgs/realsense2_camera_msgs/srv/detail/application_config_read__builder.hpp
[7.369s] -- Installing: /home/brace/codeSpace/navi/install/realsense2_camera_msgs/include/realsense2_camera_msgs/realsense2_camera_msgs/srv/detail/safety_preset_write__builder.hpp
[7.369s] -- Installing: /home/brace/codeSpace/navi/install/realsense2_camera_msgs/include/realsense2_camera_msgs/realsense2_camera_msgs/srv/detail/safety_interface_config_read__struct.hpp
[7.369s] -- Installing: /home/brace/codeSpace/navi/install/realsense2_camera_msgs/include/realsense2_camera_msgs/realsense2_camera_msgs/srv/detail/hardware_monitor_command_send__struct.hpp
[7.369s] -- Installing: /home/brace/codeSpace/navi/install/realsense2_camera_msgs/include/realsense2_camera_msgs/realsense2_camera_msgs/srv/detail/calib_config_write__struct.hpp
[7.370s] -- Installing: /home/brace/codeSpace/navi/install/realsense2_camera_msgs/include/realsense2_camera_msgs/realsense2_camera_msgs/srv/detail/calib_config_write__builder.hpp
[7.370s] -- Installing: /home/brace/codeSpace/navi/install/realsense2_camera_msgs/include/realsense2_camera_msgs/realsense2_camera_msgs/srv/detail/application_config_write__type_support.hpp
[7.370s] -- Installing: /home/brace/codeSpace/navi/install/realsense2_camera_msgs/include/realsense2_camera_msgs/realsense2_camera_msgs/srv/detail/calib_config_write__traits.hpp
[7.370s] -- Installing: /home/brace/codeSpace/navi/install/realsense2_camera_msgs/include/realsense2_camera_msgs/realsense2_camera_msgs/srv/detail/safety_interface_config_read__traits.hpp
[7.370s] -- Installing: /home/brace/codeSpace/navi/install/realsense2_camera_msgs/include/realsense2_camera_msgs/realsense2_camera_msgs/srv/detail/calib_config_read__struct.hpp
[7.370s] -- Installing: /home/brace/codeSpace/navi/install/realsense2_camera_msgs/include/realsense2_camera_msgs/realsense2_camera_msgs/srv/detail/hardware_monitor_command_send__builder.hpp
[7.370s] -- Installing: /home/brace/codeSpace/navi/install/realsense2_camera_msgs/include/realsense2_camera_msgs/realsense2_camera_msgs/srv/detail/safety_preset_read__traits.hpp
[7.370s] -- Installing: /home/brace/codeSpace/navi/install/realsense2_camera_msgs/include/realsense2_camera_msgs/realsense2_camera_msgs/srv/detail/application_config_read__struct.hpp
[7.370s] -- Installing: /home/brace/codeSpace/navi/install/realsense2_camera_msgs/include/realsense2_camera_msgs/realsense2_camera_msgs/srv/detail/application_config_write__builder.hpp
[7.370s] -- Installing: /home/brace/codeSpace/navi/install/realsense2_camera_msgs/include/realsense2_camera_msgs/realsense2_camera_msgs/srv/detail/device_info__traits.hpp
[7.370s] -- Installing: /home/brace/codeSpace/navi/install/realsense2_camera_msgs/include/realsense2_camera_msgs/realsense2_camera_msgs/srv/detail/safety_preset_read__struct.hpp
[7.370s] -- Installing: /home/brace/codeSpace/navi/install/realsense2_camera_msgs/include/realsense2_camera_msgs/realsense2_camera_msgs/srv/detail/application_config_read__type_support.hpp
[7.370s] -- Installing: /home/brace/codeSpace/navi/install/realsense2_camera_msgs/include/realsense2_camera_msgs/realsense2_camera_msgs/srv/detail/safety_interface_config_write__traits.hpp
[7.370s] -- Installing: /home/brace/codeSpace/navi/install/realsense2_camera_msgs/include/realsense2_camera_msgs/realsense2_camera_msgs/srv/detail/application_config_write__struct.hpp
[7.370s] -- Installing: /home/brace/codeSpace/navi/install/realsense2_camera_msgs/include/realsense2_camera_msgs/realsense2_camera_msgs/srv/detail/application_config_write__traits.hpp
[7.370s] -- Installing: /home/brace/codeSpace/navi/install/realsense2_camera_msgs/include/realsense2_camera_msgs/realsense2_camera_msgs/srv/detail/device_info__type_support.hpp
[7.370s] -- Installing: /home/brace/codeSpace/navi/install/realsense2_camera_msgs/include/realsense2_camera_msgs/realsense2_camera_msgs/srv/detail/calib_config_read__traits.hpp
[7.370s] -- Installing: /home/brace/codeSpace/navi/install/realsense2_camera_msgs/include/realsense2_camera_msgs/realsense2_camera_msgs/srv/detail/calib_config_write__type_support.hpp
[7.370s] -- Installing: /home/brace/codeSpace/navi/install/realsense2_camera_msgs/include/realsense2_camera_msgs/realsense2_camera_msgs/srv/detail/safety_preset_read__builder.hpp
[7.370s] -- Installing: /home/brace/codeSpace/navi/install/realsense2_camera_msgs/include/realsense2_camera_msgs/realsense2_camera_msgs/srv/detail/device_info__builder.hpp
[7.370s] -- Installing: /home/brace/codeSpace/navi/install/realsense2_camera_msgs/include/realsense2_camera_msgs/realsense2_camera_msgs/srv/detail/safety_interface_config_write__builder.hpp
[7.370s] -- Installing: /home/brace/codeSpace/navi/install/realsense2_camera_msgs/include/realsense2_camera_msgs/realsense2_camera_msgs/srv/device_info.hpp
[7.371s] -- Installing: /home/brace/codeSpace/navi/install/realsense2_camera_msgs/include/realsense2_camera_msgs/realsense2_camera_msgs/srv/application_config_read.hpp
[7.371s] -- Installing: /home/brace/codeSpace/navi/install/realsense2_camera_msgs/include/realsense2_camera_msgs/realsense2_camera_msgs/srv/safety_interface_config_read.hpp
[7.371s] -- Installing: /home/brace/codeSpace/navi/install/realsense2_camera_msgs/include/realsense2_camera_msgs/realsense2_camera_msgs/srv/safety_preset_read.hpp
[7.371s] -- Installing: /home/brace/codeSpace/navi/install/realsense2_camera_msgs/include/realsense2_camera_msgs/realsense2_camera_msgs/srv/application_config_write.hpp
[7.371s] -- Installing: /home/brace/codeSpace/navi/install/realsense2_camera_msgs/include/realsense2_camera_msgs/realsense2_camera_msgs/srv/hardware_monitor_command_send.hpp
[7.371s] -- Up-to-date: /home/brace/codeSpace/navi/install/realsense2_camera_msgs/include/realsense2_camera_msgs/realsense2_camera_msgs
[7.371s] -- Up-to-date: /home/brace/codeSpace/navi/install/realsense2_camera_msgs/include/realsense2_camera_msgs/realsense2_camera_msgs/action
[7.371s] -- Up-to-date: /home/brace/codeSpace/navi/install/realsense2_camera_msgs/include/realsense2_camera_msgs/realsense2_camera_msgs/action/detail
[7.371s] -- Installing: /home/brace/codeSpace/navi/install/realsense2_camera_msgs/include/realsense2_camera_msgs/realsense2_camera_msgs/action/detail/triggered_calibration__rosidl_typesupport_fastrtps_cpp.hpp
[7.371s] -- Installing: /home/brace/codeSpace/navi/install/realsense2_camera_msgs/include/realsense2_camera_msgs/realsense2_camera_msgs/action/detail/dds_fastrtps
[7.371s] -- Up-to-date: /home/brace/codeSpace/navi/install/realsense2_camera_msgs/include/realsense2_camera_msgs/realsense2_camera_msgs/msg
[7.371s] -- Installing: /home/brace/codeSpace/navi/install/realsense2_camera_msgs/include/realsense2_camera_msgs/realsense2_camera_msgs/msg/rosidl_typesupport_fastrtps_cpp__visibility_control.h
[7.371s] -- Up-to-date: /home/brace/codeSpace/navi/install/realsense2_camera_msgs/include/realsense2_camera_msgs/realsense2_camera_msgs/msg/detail
[7.371s] -- Installing: /home/brace/codeSpace/navi/install/realsense2_camera_msgs/include/realsense2_camera_msgs/realsense2_camera_msgs/msg/detail/imu_info__rosidl_typesupport_fastrtps_cpp.hpp
[7.371s] -- Installing: /home/brace/codeSpace/navi/install/realsense2_camera_msgs/include/realsense2_camera_msgs/realsense2_camera_msgs/msg/detail/dds_fastrtps
[7.371s] -- Installing: /home/brace/codeSpace/navi/install/realsense2_camera_msgs/include/realsense2_camera_msgs/realsense2_camera_msgs/msg/detail/rgbd__rosidl_typesupport_fastrtps_cpp.hpp
[7.371s] -- Installing: /home/brace/codeSpace/navi/install/realsense2_camera_msgs/include/realsense2_camera_msgs/realsense2_camera_msgs/msg/detail/metadata__rosidl_typesupport_fastrtps_cpp.hpp
[7.371s] -- Installing: /home/brace/codeSpace/navi/install/realsense2_camera_msgs/include/realsense2_camera_msgs/realsense2_camera_msgs/msg/detail/extrinsics__rosidl_typesupport_fastrtps_cpp.hpp
[7.371s] -- Up-to-date: /home/brace/codeSpace/navi/install/realsense2_camera_msgs/include/realsense2_camera_msgs/realsense2_camera_msgs/srv
[7.371s] -- Up-to-date: /home/brace/codeSpace/navi/install/realsense2_camera_msgs/include/realsense2_camera_msgs/realsense2_camera_msgs/srv/detail
[7.371s] -- Installing: /home/brace/codeSpace/navi/install/realsense2_camera_msgs/include/realsense2_camera_msgs/realsense2_camera_msgs/srv/detail/safety_preset_read__rosidl_typesupport_fastrtps_cpp.hpp
[7.371s] -- Installing: /home/brace/codeSpace/navi/install/realsense2_camera_msgs/include/realsense2_camera_msgs/realsense2_camera_msgs/srv/detail/dds_fastrtps
[7.371s] -- Installing: /home/brace/codeSpace/navi/install/realsense2_camera_msgs/include/realsense2_camera_msgs/realsense2_camera_msgs/srv/detail/safety_preset_write__rosidl_typesupport_fastrtps_cpp.hpp
[7.371s] -- Installing: /home/brace/codeSpace/navi/install/realsense2_camera_msgs/include/realsense2_camera_msgs/realsense2_camera_msgs/srv/detail/hardware_monitor_command_send__rosidl_typesupport_fastrtps_cpp.hpp
[7.371s] -- Installing: /home/brace/codeSpace/navi/install/realsense2_camera_msgs/include/realsense2_camera_msgs/realsense2_camera_msgs/srv/detail/safety_interface_config_read__rosidl_typesupport_fastrtps_cpp.hpp
[7.372s] -- Installing: /home/brace/codeSpace/navi/install/realsense2_camera_msgs/include/realsense2_camera_msgs/realsense2_camera_msgs/srv/detail/safety_interface_config_write__rosidl_typesupport_fastrtps_cpp.hpp
[7.372s] -- Installing: /home/brace/codeSpace/navi/install/realsense2_camera_msgs/include/realsense2_camera_msgs/realsense2_camera_msgs/srv/detail/application_config_write__rosidl_typesupport_fastrtps_cpp.hpp
[7.372s] -- Installing: /home/brace/codeSpace/navi/install/realsense2_camera_msgs/include/realsense2_camera_msgs/realsense2_camera_msgs/srv/detail/application_config_read__rosidl_typesupport_fastrtps_cpp.hpp
[7.372s] -- Installing: /home/brace/codeSpace/navi/install/realsense2_camera_msgs/include/realsense2_camera_msgs/realsense2_camera_msgs/srv/detail/calib_config_write__rosidl_typesupport_fastrtps_cpp.hpp
[7.372s] -- Installing: /home/brace/codeSpace/navi/install/realsense2_camera_msgs/include/realsense2_camera_msgs/realsense2_camera_msgs/srv/detail/device_info__rosidl_typesupport_fastrtps_cpp.hpp
[7.372s] -- Installing: /home/brace/codeSpace/navi/install/realsense2_camera_msgs/include/realsense2_camera_msgs/realsense2_camera_msgs/srv/detail/calib_config_read__rosidl_typesupport_fastrtps_cpp.hpp
[7.372s] -- Installing: /home/brace/codeSpace/navi/install/realsense2_camera_msgs/lib/librealsense2_camera_msgs__rosidl_typesupport_fastrtps_cpp.so
[7.372s] -- Set runtime path of "/home/brace/codeSpace/navi/install/realsense2_camera_msgs/lib/librealsense2_camera_msgs__rosidl_typesupport_fastrtps_cpp.so" to ""
[7.372s] -- Up-to-date: /home/brace/codeSpace/navi/install/realsense2_camera_msgs/include/realsense2_camera_msgs/realsense2_camera_msgs
[7.372s] -- Up-to-date: /home/brace/codeSpace/navi/install/realsense2_camera_msgs/include/realsense2_camera_msgs/realsense2_camera_msgs/action
[7.372s] -- Up-to-date: /home/brace/codeSpace/navi/install/realsense2_camera_msgs/include/realsense2_camera_msgs/realsense2_camera_msgs/action/detail
[7.372s] -- Installing: /home/brace/codeSpace/navi/install/realsense2_camera_msgs/include/realsense2_camera_msgs/realsense2_camera_msgs/action/detail/triggered_calibration__rosidl_typesupport_introspection_cpp.hpp
[7.372s] -- Installing: /home/brace/codeSpace/navi/install/realsense2_camera_msgs/include/realsense2_camera_msgs/realsense2_camera_msgs/action/detail/triggered_calibration__type_support.cpp
[7.372s] -- Up-to-date: /home/brace/codeSpace/navi/install/realsense2_camera_msgs/include/realsense2_camera_msgs/realsense2_camera_msgs/msg
[7.372s] -- Up-to-date: /home/brace/codeSpace/navi/install/realsense2_camera_msgs/include/realsense2_camera_msgs/realsense2_camera_msgs/msg/detail
[7.372s] -- Installing: /home/brace/codeSpace/navi/install/realsense2_camera_msgs/include/realsense2_camera_msgs/realsense2_camera_msgs/msg/detail/rgbd__type_support.cpp
[7.372s] -- Installing: /home/brace/codeSpace/navi/install/realsense2_camera_msgs/include/realsense2_camera_msgs/realsense2_camera_msgs/msg/detail/metadata__rosidl_typesupport_introspection_cpp.hpp
[7.372s] -- Installing: /home/brace/codeSpace/navi/install/realsense2_camera_msgs/include/realsense2_camera_msgs/realsense2_camera_msgs/msg/detail/extrinsics__type_support.cpp
[7.372s] -- Installing: /home/brace/codeSpace/navi/install/realsense2_camera_msgs/include/realsense2_camera_msgs/realsense2_camera_msgs/msg/detail/extrinsics__rosidl_typesupport_introspection_cpp.hpp
[7.373s] -- Installing: /home/brace/codeSpace/navi/install/realsense2_camera_msgs/include/realsense2_camera_msgs/realsense2_camera_msgs/msg/detail/metadata__type_support.cpp
[7.373s] -- Installing: /home/brace/codeSpace/navi/install/realsense2_camera_msgs/include/realsense2_camera_msgs/realsense2_camera_msgs/msg/detail/rgbd__rosidl_typesupport_introspection_cpp.hpp
[7.373s] -- Installing: /home/brace/codeSpace/navi/install/realsense2_camera_msgs/include/realsense2_camera_msgs/realsense2_camera_msgs/msg/detail/imu_info__rosidl_typesupport_introspection_cpp.hpp
[7.373s] -- Installing: /home/brace/codeSpace/navi/install/realsense2_camera_msgs/include/realsense2_camera_msgs/realsense2_camera_msgs/msg/detail/imu_info__type_support.cpp
[7.373s] -- Up-to-date: /home/brace/codeSpace/navi/install/realsense2_camera_msgs/include/realsense2_camera_msgs/realsense2_camera_msgs/srv
[7.373s] -- Up-to-date: /home/brace/codeSpace/navi/install/realsense2_camera_msgs/include/realsense2_camera_msgs/realsense2_camera_msgs/srv/detail
[7.373s] -- Installing: /home/brace/codeSpace/navi/install/realsense2_camera_msgs/include/realsense2_camera_msgs/realsense2_camera_msgs/srv/detail/device_info__rosidl_typesupport_introspection_cpp.hpp
[7.373s] -- Installing: /home/brace/codeSpace/navi/install/realsense2_camera_msgs/include/realsense2_camera_msgs/realsense2_camera_msgs/srv/detail/calib_config_read__type_support.cpp
[7.373s] -- Installing: /home/brace/codeSpace/navi/install/realsense2_camera_msgs/include/realsense2_camera_msgs/realsense2_camera_msgs/srv/detail/calib_config_read__rosidl_typesupport_introspection_cpp.hpp
[7.373s] -- Installing: /home/brace/codeSpace/navi/install/realsense2_camera_msgs/include/realsense2_camera_msgs/realsense2_camera_msgs/srv/detail/calib_config_write__type_support.cpp
[7.373s] -- Installing: /home/brace/codeSpace/navi/install/realsense2_camera_msgs/include/realsense2_camera_msgs/realsense2_camera_msgs/srv/detail/safety_preset_write__rosidl_typesupport_introspection_cpp.hpp
[7.373s] -- Installing: /home/brace/codeSpace/navi/install/realsense2_camera_msgs/include/realsense2_camera_msgs/realsense2_camera_msgs/srv/detail/hardware_monitor_command_send__rosidl_typesupport_introspection_cpp.hpp
[7.373s] -- Installing: /home/brace/codeSpace/navi/install/realsense2_camera_msgs/include/realsense2_camera_msgs/realsense2_camera_msgs/srv/detail/hardware_monitor_command_send__type_support.cpp
[7.373s] -- Installing: /home/brace/codeSpace/navi/install/realsense2_camera_msgs/include/realsense2_camera_msgs/realsense2_camera_msgs/srv/detail/calib_config_write__rosidl_typesupport_introspection_cpp.hpp
[7.373s] -- Installing: /home/brace/codeSpace/navi/install/realsense2_camera_msgs/include/realsense2_camera_msgs/realsense2_camera_msgs/srv/detail/device_info__type_support.cpp
[7.373s] -- Installing: /home/brace/codeSpace/navi/install/realsense2_camera_msgs/include/realsense2_camera_msgs/realsense2_camera_msgs/srv/detail/safety_interface_config_write__rosidl_typesupport_introspection_cpp.hpp
[7.373s] -- Installing: /home/brace/codeSpace/navi/install/realsense2_camera_msgs/include/realsense2_camera_msgs/realsense2_camera_msgs/srv/detail/application_config_write__type_support.cpp
[7.373s] -- Installing: /home/brace/codeSpace/navi/install/realsense2_camera_msgs/include/realsense2_camera_msgs/realsense2_camera_msgs/srv/detail/application_config_read__type_support.cpp
[7.373s] -- Installing: /home/brace/codeSpace/navi/install/realsense2_camera_msgs/include/realsense2_camera_msgs/realsense2_camera_msgs/srv/detail/safety_interface_config_write__type_support.cpp
[7.373s] -- Installing: /home/brace/codeSpace/navi/install/realsense2_camera_msgs/include/realsense2_camera_msgs/realsense2_camera_msgs/srv/detail/safety_preset_read__rosidl_typesupport_introspection_cpp.hpp
[7.373s] -- Installing: /home/brace/codeSpace/navi/install/realsense2_camera_msgs/include/realsense2_camera_msgs/realsense2_camera_msgs/srv/detail/application_config_read__rosidl_typesupport_introspection_cpp.hpp
[7.373s] -- Installing: /home/brace/codeSpace/navi/install/realsense2_camera_msgs/include/realsense2_camera_msgs/realsense2_camera_msgs/srv/detail/safety_preset_write__type_support.cpp
[7.373s] -- Installing: /home/brace/codeSpace/navi/install/realsense2_camera_msgs/include/realsense2_camera_msgs/realsense2_camera_msgs/srv/detail/application_config_write__rosidl_typesupport_introspection_cpp.hpp
[7.373s] -- Installing: /home/brace/codeSpace/navi/install/realsense2_camera_msgs/include/realsense2_camera_msgs/realsense2_camera_msgs/srv/detail/safety_interface_config_read__rosidl_typesupport_introspection_cpp.hpp
[7.374s] -- Installing: /home/brace/codeSpace/navi/install/realsense2_camera_msgs/include/realsense2_camera_msgs/realsense2_camera_msgs/srv/detail/safety_interface_config_read__type_support.cpp
[7.374s] -- Installing: /home/brace/codeSpace/navi/install/realsense2_camera_msgs/include/realsense2_camera_msgs/realsense2_camera_msgs/srv/detail/safety_preset_read__type_support.cpp
[7.374s] -- Installing: /home/brace/codeSpace/navi/install/realsense2_camera_msgs/lib/librealsense2_camera_msgs__rosidl_typesupport_introspection_cpp.so
[7.374s] -- Set runtime path of "/home/brace/codeSpace/navi/install/realsense2_camera_msgs/lib/librealsense2_camera_msgs__rosidl_typesupport_introspection_cpp.so" to ""
[7.374s] -- Installing: /home/brace/codeSpace/navi/install/realsense2_camera_msgs/lib/librealsense2_camera_msgs__rosidl_typesupport_cpp.so
[7.374s] -- Set runtime path of "/home/brace/codeSpace/navi/install/realsense2_camera_msgs/lib/librealsense2_camera_msgs__rosidl_typesupport_cpp.so" to ""
[7.374s] -- Installing: /home/brace/codeSpace/navi/install/realsense2_camera_msgs/share/realsense2_camera_msgs/environment/pythonpath.sh
[7.374s] -- Installing: /home/brace/codeSpace/navi/install/realsense2_camera_msgs/share/realsense2_camera_msgs/environment/pythonpath.dsv
[7.374s] -- Installing: /home/brace/codeSpace/navi/install/realsense2_camera_msgs/local/lib/python3.10/dist-packages/realsense2_camera_msgs-4.57.4-py3.10.egg-info
[7.374s] -- Installing: /home/brace/codeSpace/navi/install/realsense2_camera_msgs/local/lib/python3.10/dist-packages/realsense2_camera_msgs-4.57.4-py3.10.egg-info/top_level.txt
[7.374s] -- Installing: /home/brace/codeSpace/navi/install/realsense2_camera_msgs/local/lib/python3.10/dist-packages/realsense2_camera_msgs-4.57.4-py3.10.egg-info/SOURCES.txt
[7.375s] -- Installing: /home/brace/codeSpace/navi/install/realsense2_camera_msgs/local/lib/python3.10/dist-packages/realsense2_camera_msgs-4.57.4-py3.10.egg-info/PKG-INFO
[7.375s] -- Installing: /home/brace/codeSpace/navi/install/realsense2_camera_msgs/local/lib/python3.10/dist-packages/realsense2_camera_msgs-4.57.4-py3.10.egg-info/dependency_links.txt
[7.375s] -- Installing: /home/brace/codeSpace/navi/install/realsense2_camera_msgs/local/lib/python3.10/dist-packages/realsense2_camera_msgs
[7.375s] -- Installing: /home/brace/codeSpace/navi/install/realsense2_camera_msgs/local/lib/python3.10/dist-packages/realsense2_camera_msgs/_realsense2_camera_msgs_s.ep.rosidl_typesupport_introspection_c.c
[7.375s] -- Installing: /home/brace/codeSpace/navi/install/realsense2_camera_msgs/local/lib/python3.10/dist-packages/realsense2_camera_msgs/_realsense2_camera_msgs_s.ep.rosidl_typesupport_c.c
[7.375s] -- Installing: /home/brace/codeSpace/navi/install/realsense2_camera_msgs/local/lib/python3.10/dist-packages/realsense2_camera_msgs/_realsense2_camera_msgs_s.ep.rosidl_typesupport_fastrtps_c.c
[7.375s] -- Installing: /home/brace/codeSpace/navi/install/realsense2_camera_msgs/local/lib/python3.10/dist-packages/realsense2_camera_msgs/realsense2_camera_msgs_s__rosidl_typesupport_fastrtps_c.cpython-310-x86_64-linux-gnu.so
[7.375s] -- Installing: /home/brace/codeSpace/navi/install/realsense2_camera_msgs/local/lib/python3.10/dist-packages/realsense2_camera_msgs/librealsense2_camera_msgs__rosidl_generator_py.so
[7.375s] -- Installing: /home/brace/codeSpace/navi/install/realsense2_camera_msgs/local/lib/python3.10/dist-packages/realsense2_camera_msgs/action
[7.375s] -- Installing: /home/brace/codeSpace/navi/install/realsense2_camera_msgs/local/lib/python3.10/dist-packages/realsense2_camera_msgs/action/_triggered_calibration_s.c
[7.375s] -- Installing: /home/brace/codeSpace/navi/install/realsense2_camera_msgs/local/lib/python3.10/dist-packages/realsense2_camera_msgs/action/_triggered_calibration.py
[7.375s] -- Installing: /home/brace/codeSpace/navi/install/realsense2_camera_msgs/local/lib/python3.10/dist-packages/realsense2_camera_msgs/action/__init__.py
[7.375s] -- Installing: /home/brace/codeSpace/navi/install/realsense2_camera_msgs/local/lib/python3.10/dist-packages/realsense2_camera_msgs/realsense2_camera_msgs_s__rosidl_typesupport_introspection_c.cpython-310-x86_64-linux-gnu.so
[7.376s] -- Installing: /home/brace/codeSpace/navi/install/realsense2_camera_msgs/local/lib/python3.10/dist-packages/realsense2_camera_msgs/__init__.py
[7.376s] -- Installing: /home/brace/codeSpace/navi/install/realsense2_camera_msgs/local/lib/python3.10/dist-packages/realsense2_camera_msgs/msg
[7.376s] -- Installing: /home/brace/codeSpace/navi/install/realsense2_camera_msgs/local/lib/python3.10/dist-packages/realsense2_camera_msgs/msg/_metadata.py
[7.376s] -- Installing: /home/brace/codeSpace/navi/install/realsense2_camera_msgs/local/lib/python3.10/dist-packages/realsense2_camera_msgs/msg/_imu_info.py
[7.376s] -- Installing: /home/brace/codeSpace/navi/install/realsense2_camera_msgs/local/lib/python3.10/dist-packages/realsense2_camera_msgs/msg/_extrinsics.py
[7.376s] -- Installing: /home/brace/codeSpace/navi/install/realsense2_camera_msgs/local/lib/python3.10/dist-packages/realsense2_camera_msgs/msg/_rgbd_s.c
[7.376s] -- Installing: /home/brace/codeSpace/navi/install/realsense2_camera_msgs/local/lib/python3.10/dist-packages/realsense2_camera_msgs/msg/_metadata_s.c
[7.376s] -- Installing: /home/brace/codeSpace/navi/install/realsense2_camera_msgs/local/lib/python3.10/dist-packages/realsense2_camera_msgs/msg/_extrinsics_s.c
[7.376s] -- Installing: /home/brace/codeSpace/navi/install/realsense2_camera_msgs/local/lib/python3.10/dist-packages/realsense2_camera_msgs/msg/__init__.py
[7.376s] -- Installing: /home/brace/codeSpace/navi/install/realsense2_camera_msgs/local/lib/python3.10/dist-packages/realsense2_camera_msgs/msg/_rgbd.py
[7.376s] -- Installing: /home/brace/codeSpace/navi/install/realsense2_camera_msgs/local/lib/python3.10/dist-packages/realsense2_camera_msgs/msg/_imu_info_s.c
[7.376s] -- Installing: /home/brace/codeSpace/navi/install/realsense2_camera_msgs/local/lib/python3.10/dist-packages/realsense2_camera_msgs/realsense2_camera_msgs_s__rosidl_typesupport_c.cpython-310-x86_64-linux-gnu.so
[7.376s] -- Installing: /home/brace/codeSpace/navi/install/realsense2_camera_msgs/local/lib/python3.10/dist-packages/realsense2_camera_msgs/srv
[7.376s] -- Installing: /home/brace/codeSpace/navi/install/realsense2_camera_msgs/local/lib/python3.10/dist-packages/realsense2_camera_msgs/srv/_safety_interface_config_read.py
[7.376s] -- Installing: /home/brace/codeSpace/navi/install/realsense2_camera_msgs/local/lib/python3.10/dist-packages/realsense2_camera_msgs/srv/_device_info.py
[7.376s] -- Installing: /home/brace/codeSpace/navi/install/realsense2_camera_msgs/local/lib/python3.10/dist-packages/realsense2_camera_msgs/srv/_calib_config_write.py
[7.376s] -- Installing: /home/brace/codeSpace/navi/install/realsense2_camera_msgs/local/lib/python3.10/dist-packages/realsense2_camera_msgs/srv/_safety_preset_write.py
[7.376s] -- Installing: /home/brace/codeSpace/navi/install/realsense2_camera_msgs/local/lib/python3.10/dist-packages/realsense2_camera_msgs/srv/_application_config_write.py
[7.376s] -- Installing: /home/brace/codeSpace/navi/install/realsense2_camera_msgs/local/lib/python3.10/dist-packages/realsense2_camera_msgs/srv/_safety_interface_config_read_s.c
[7.376s] -- Installing: /home/brace/codeSpace/navi/install/realsense2_camera_msgs/local/lib/python3.10/dist-packages/realsense2_camera_msgs/srv/_calib_config_write_s.c
[7.376s] -- Installing: /home/brace/codeSpace/navi/install/realsense2_camera_msgs/local/lib/python3.10/dist-packages/realsense2_camera_msgs/srv/_application_config_read_s.c
[7.376s] -- Installing: /home/brace/codeSpace/navi/install/realsense2_camera_msgs/local/lib/python3.10/dist-packages/realsense2_camera_msgs/srv/_application_config_write_s.c
[7.377s] -- Installing: /home/brace/codeSpace/navi/install/realsense2_camera_msgs/local/lib/python3.10/dist-packages/realsense2_camera_msgs/srv/_hardware_monitor_command_send_s.c
[7.377s] -- Installing: /home/brace/codeSpace/navi/install/realsense2_camera_msgs/local/lib/python3.10/dist-packages/realsense2_camera_msgs/srv/_calib_config_read.py
[7.377s] -- Installing: /home/brace/codeSpace/navi/install/realsense2_camera_msgs/local/lib/python3.10/dist-packages/realsense2_camera_msgs/srv/_safety_preset_write_s.c
[7.377s] -- Installing: /home/brace/codeSpace/navi/install/realsense2_camera_msgs/local/lib/python3.10/dist-packages/realsense2_camera_msgs/srv/_safety_preset_read.py
[7.377s] -- Installing: /home/brace/codeSpace/navi/install/realsense2_camera_msgs/local/lib/python3.10/dist-packages/realsense2_camera_msgs/srv/_device_info_s.c
[7.377s] -- Installing: /home/brace/codeSpace/navi/install/realsense2_camera_msgs/local/lib/python3.10/dist-packages/realsense2_camera_msgs/srv/_safety_preset_read_s.c
[7.377s] -- Installing: /home/brace/codeSpace/navi/install/realsense2_camera_msgs/local/lib/python3.10/dist-packages/realsense2_camera_msgs/srv/__init__.py
[7.377s] -- Installing: /home/brace/codeSpace/navi/install/realsense2_camera_msgs/local/lib/python3.10/dist-packages/realsense2_camera_msgs/srv/_safety_interface_config_write_s.c
[7.377s] -- Installing: /home/brace/codeSpace/navi/install/realsense2_camera_msgs/local/lib/python3.10/dist-packages/realsense2_camera_msgs/srv/_hardware_monitor_command_send.py
[7.377s] -- Installing: /home/brace/codeSpace/navi/install/realsense2_camera_msgs/local/lib/python3.10/dist-packages/realsense2_camera_msgs/srv/_safety_interface_config_write.py
[7.377s] -- Installing: /home/brace/codeSpace/navi/install/realsense2_camera_msgs/local/lib/python3.10/dist-packages/realsense2_camera_msgs/srv/_application_config_read.py
[7.378s] -- Installing: /home/brace/codeSpace/navi/install/realsense2_camera_msgs/local/lib/python3.10/dist-packages/realsense2_camera_msgs/srv/_calib_config_read_s.c
[7.417s] Listing '/home/brace/codeSpace/navi/install/realsense2_camera_msgs/local/lib/python3.10/dist-packages/realsense2_camera_msgs'...
[7.417s] Compiling '/home/brace/codeSpace/navi/install/realsense2_camera_msgs/local/lib/python3.10/dist-packages/realsense2_camera_msgs/__init__.py'...
[7.417s] Listing '/home/brace/codeSpace/navi/install/realsense2_camera_msgs/local/lib/python3.10/dist-packages/realsense2_camera_msgs/action'...
[7.417s] Compiling '/home/brace/codeSpace/navi/install/realsense2_camera_msgs/local/lib/python3.10/dist-packages/realsense2_camera_msgs/action/__init__.py'...
[7.417s] Compiling '/home/brace/codeSpace/navi/install/realsense2_camera_msgs/local/lib/python3.10/dist-packages/realsense2_camera_msgs/action/_triggered_calibration.py'...
[7.417s] Listing '/home/brace/codeSpace/navi/install/realsense2_camera_msgs/local/lib/python3.10/dist-packages/realsense2_camera_msgs/msg'...
[7.418s] Compiling '/home/brace/codeSpace/navi/install/realsense2_camera_msgs/local/lib/python3.10/dist-packages/realsense2_camera_msgs/msg/__init__.py'...
[7.418s] Compiling '/home/brace/codeSpace/navi/install/realsense2_camera_msgs/local/lib/python3.10/dist-packages/realsense2_camera_msgs/msg/_extrinsics.py'...
[7.418s] Compiling '/home/brace/codeSpace/navi/install/realsense2_camera_msgs/local/lib/python3.10/dist-packages/realsense2_camera_msgs/msg/_imu_info.py'...
[7.418s] Compiling '/home/brace/codeSpace/navi/install/realsense2_camera_msgs/local/lib/python3.10/dist-packages/realsense2_camera_msgs/msg/_metadata.py'...
[7.418s] Compiling '/home/brace/codeSpace/navi/install/realsense2_camera_msgs/local/lib/python3.10/dist-packages/realsense2_camera_msgs/msg/_rgbd.py'...
[7.418s] Listing '/home/brace/codeSpace/navi/install/realsense2_camera_msgs/local/lib/python3.10/dist-packages/realsense2_camera_msgs/srv'...
[7.418s] Compiling '/home/brace/codeSpace/navi/install/realsense2_camera_msgs/local/lib/python3.10/dist-packages/realsense2_camera_msgs/srv/__init__.py'...
[7.418s] Compiling '/home/brace/codeSpace/navi/install/realsense2_camera_msgs/local/lib/python3.10/dist-packages/realsense2_camera_msgs/srv/_application_config_read.py'...
[7.418s] Compiling '/home/brace/codeSpace/navi/install/realsense2_camera_msgs/local/lib/python3.10/dist-packages/realsense2_camera_msgs/srv/_application_config_write.py'...
[7.418s] Compiling '/home/brace/codeSpace/navi/install/realsense2_camera_msgs/local/lib/python3.10/dist-packages/realsense2_camera_msgs/srv/_calib_config_read.py'...
[7.418s] Compiling '/home/brace/codeSpace/navi/install/realsense2_camera_msgs/local/lib/python3.10/dist-packages/realsense2_camera_msgs/srv/_calib_config_write.py'...
[7.418s] Compiling '/home/brace/codeSpace/navi/install/realsense2_camera_msgs/local/lib/python3.10/dist-packages/realsense2_camera_msgs/srv/_device_info.py'...
[7.418s] Compiling '/home/brace/codeSpace/navi/install/realsense2_camera_msgs/local/lib/python3.10/dist-packages/realsense2_camera_msgs/srv/_hardware_monitor_command_send.py'...
[7.419s] Compiling '/home/brace/codeSpace/navi/install/realsense2_camera_msgs/local/lib/python3.10/dist-packages/realsense2_camera_msgs/srv/_safety_interface_config_read.py'...
[7.419s] Compiling '/home/brace/codeSpace/navi/install/realsense2_camera_msgs/local/lib/python3.10/dist-packages/realsense2_camera_msgs/srv/_safety_interface_config_write.py'...
[7.419s] Compiling '/home/brace/codeSpace/navi/install/realsense2_camera_msgs/local/lib/python3.10/dist-packages/realsense2_camera_msgs/srv/_safety_preset_read.py'...
[7.419s] Compiling '/home/brace/codeSpace/navi/install/realsense2_camera_msgs/local/lib/python3.10/dist-packages/realsense2_camera_msgs/srv/_safety_preset_write.py'...
[7.420s] -- Installing: /home/brace/codeSpace/navi/install/realsense2_camera_msgs/local/lib/python3.10/dist-packages/realsense2_camera_msgs/realsense2_camera_msgs_s__rosidl_typesupport_fastrtps_c.cpython-310-x86_64-linux-gnu.so
[7.420s] -- Set runtime path of "/home/brace/codeSpace/navi/install/realsense2_camera_msgs/local/lib/python3.10/dist-packages/realsense2_camera_msgs/realsense2_camera_msgs_s__rosidl_typesupport_fastrtps_c.cpython-310-x86_64-linux-gnu.so" to ""
[7.421s] -- Installing: /home/brace/codeSpace/navi/install/realsense2_camera_msgs/local/lib/python3.10/dist-packages/realsense2_camera_msgs/realsense2_camera_msgs_s__rosidl_typesupport_introspection_c.cpython-310-x86_64-linux-gnu.so
[7.421s] -- Set runtime path of "/home/brace/codeSpace/navi/install/realsense2_camera_msgs/local/lib/python3.10/dist-packages/realsense2_camera_msgs/realsense2_camera_msgs_s__rosidl_typesupport_introspection_c.cpython-310-x86_64-linux-gnu.so" to ""
[7.421s] -- Installing: /home/brace/codeSpace/navi/install/realsense2_camera_msgs/local/lib/python3.10/dist-packages/realsense2_camera_msgs/realsense2_camera_msgs_s__rosidl_typesupport_c.cpython-310-x86_64-linux-gnu.so
[7.421s] -- Set runtime path of "/home/brace/codeSpace/navi/install/realsense2_camera_msgs/local/lib/python3.10/dist-packages/realsense2_camera_msgs/realsense2_camera_msgs_s__rosidl_typesupport_c.cpython-310-x86_64-linux-gnu.so" to ""
[7.421s] -- Installing: /home/brace/codeSpace/navi/install/realsense2_camera_msgs/lib/librealsense2_camera_msgs__rosidl_generator_py.so
[7.421s] -- Set runtime path of "/home/brace/codeSpace/navi/install/realsense2_camera_msgs/lib/librealsense2_camera_msgs__rosidl_generator_py.so" to ""
[7.421s] -- Installing: /home/brace/codeSpace/navi/install/realsense2_camera_msgs/share/realsense2_camera_msgs/msg/IMUInfo.idl
[7.421s] -- Installing: /home/brace/codeSpace/navi/install/realsense2_camera_msgs/share/realsense2_camera_msgs/msg/Extrinsics.idl
[7.422s] -- Installing: /home/brace/codeSpace/navi/install/realsense2_camera_msgs/share/realsense2_camera_msgs/msg/Metadata.idl
[7.422s] -- Installing: /home/brace/codeSpace/navi/install/realsense2_camera_msgs/share/realsense2_camera_msgs/msg/RGBD.idl
[7.422s] -- Installing: /home/brace/codeSpace/navi/install/realsense2_camera_msgs/share/realsense2_camera_msgs/srv/DeviceInfo.idl
[7.422s] -- Installing: /home/brace/codeSpace/navi/install/realsense2_camera_msgs/share/realsense2_camera_msgs/srv/SafetyPresetRead.idl
[7.422s] -- Installing: /home/brace/codeSpace/navi/install/realsense2_camera_msgs/share/realsense2_camera_msgs/srv/SafetyPresetWrite.idl
[7.422s] -- Installing: /home/brace/codeSpace/navi/install/realsense2_camera_msgs/share/realsense2_camera_msgs/srv/SafetyInterfaceConfigRead.idl
[7.422s] -- Installing: /home/brace/codeSpace/navi/install/realsense2_camera_msgs/share/realsense2_camera_msgs/srv/SafetyInterfaceConfigWrite.idl
[7.422s] -- Installing: /home/brace/codeSpace/navi/install/realsense2_camera_msgs/share/realsense2_camera_msgs/srv/CalibConfigRead.idl
[7.422s] -- Installing: /home/brace/codeSpace/navi/install/realsense2_camera_msgs/share/realsense2_camera_msgs/srv/CalibConfigWrite.idl
[7.422s] -- Installing: /home/brace/codeSpace/navi/install/realsense2_camera_msgs/share/realsense2_camera_msgs/srv/ApplicationConfigRead.idl
[7.423s] -- Installing: /home/brace/codeSpace/navi/install/realsense2_camera_msgs/share/realsense2_camera_msgs/srv/ApplicationConfigWrite.idl
[7.423s] -- Installing: /home/brace/codeSpace/navi/install/realsense2_camera_msgs/share/realsense2_camera_msgs/srv/HardwareMonitorCommandSend.idl
[7.423s] -- Installing: /home/brace/codeSpace/navi/install/realsense2_camera_msgs/share/realsense2_camera_msgs/action/TriggeredCalibration.idl
[7.423s] -- Installing: /home/brace/codeSpace/navi/install/realsense2_camera_msgs/share/realsense2_camera_msgs/msg/IMUInfo.msg
[7.423s] -- Installing: /home/brace/codeSpace/navi/install/realsense2_camera_msgs/share/realsense2_camera_msgs/msg/Extrinsics.msg
[7.423s] -- Installing: /home/brace/codeSpace/navi/install/realsense2_camera_msgs/share/realsense2_camera_msgs/msg/Metadata.msg
[7.423s] -- Installing: /home/brace/codeSpace/navi/install/realsense2_camera_msgs/share/realsense2_camera_msgs/msg/RGBD.msg
[7.423s] -- Installing: /home/brace/codeSpace/navi/install/realsense2_camera_msgs/share/realsense2_camera_msgs/srv/DeviceInfo.srv
[7.423s] -- Installing: /home/brace/codeSpace/navi/install/realsense2_camera_msgs/share/realsense2_camera_msgs/srv/DeviceInfo_Request.msg
[7.423s] -- Installing: /home/brace/codeSpace/navi/install/realsense2_camera_msgs/share/realsense2_camera_msgs/srv/DeviceInfo_Response.msg
[7.423s] -- Installing: /home/brace/codeSpace/navi/install/realsense2_camera_msgs/share/realsense2_camera_msgs/srv/SafetyPresetRead.srv
[7.424s] -- Installing: /home/brace/codeSpace/navi/install/realsense2_camera_msgs/share/realsense2_camera_msgs/srv/SafetyPresetRead_Request.msg
[7.424s] -- Installing: /home/brace/codeSpace/navi/install/realsense2_camera_msgs/share/realsense2_camera_msgs/srv/SafetyPresetRead_Response.msg
[7.424s] -- Installing: /home/brace/codeSpace/navi/install/realsense2_camera_msgs/share/realsense2_camera_msgs/srv/SafetyPresetWrite.srv
[7.424s] -- Installing: /home/brace/codeSpace/navi/install/realsense2_camera_msgs/share/realsense2_camera_msgs/srv/SafetyPresetWrite_Request.msg
[7.424s] -- Installing: /home/brace/codeSpace/navi/install/realsense2_camera_msgs/share/realsense2_camera_msgs/srv/SafetyPresetWrite_Response.msg
[7.424s] -- Installing: /home/brace/codeSpace/navi/install/realsense2_camera_msgs/share/realsense2_camera_msgs/srv/SafetyInterfaceConfigRead.srv
[7.424s] -- Installing: /home/brace/codeSpace/navi/install/realsense2_camera_msgs/share/realsense2_camera_msgs/srv/SafetyInterfaceConfigRead_Request.msg
[7.424s] -- Installing: /home/brace/codeSpace/navi/install/realsense2_camera_msgs/share/realsense2_camera_msgs/srv/SafetyInterfaceConfigRead_Response.msg
[7.424s] -- Installing: /home/brace/codeSpace/navi/install/realsense2_camera_msgs/share/realsense2_camera_msgs/srv/SafetyInterfaceConfigWrite.srv
[7.424s] -- Installing: /home/brace/codeSpace/navi/install/realsense2_camera_msgs/share/realsense2_camera_msgs/srv/SafetyInterfaceConfigWrite_Request.msg
[7.424s] -- Installing: /home/brace/codeSpace/navi/install/realsense2_camera_msgs/share/realsense2_camera_msgs/srv/SafetyInterfaceConfigWrite_Response.msg
[7.425s] -- Installing: /home/brace/codeSpace/navi/install/realsense2_camera_msgs/share/realsense2_camera_msgs/srv/CalibConfigRead.srv
[7.425s] -- Installing: /home/brace/codeSpace/navi/install/realsense2_camera_msgs/share/realsense2_camera_msgs/srv/CalibConfigRead_Request.msg
[7.425s] -- Installing: /home/brace/codeSpace/navi/install/realsense2_camera_msgs/share/realsense2_camera_msgs/srv/CalibConfigRead_Response.msg
[7.425s] -- Installing: /home/brace/codeSpace/navi/install/realsense2_camera_msgs/share/realsense2_camera_msgs/srv/CalibConfigWrite.srv
[7.425s] -- Installing: /home/brace/codeSpace/navi/install/realsense2_camera_msgs/share/realsense2_camera_msgs/srv/CalibConfigWrite_Request.msg
[7.425s] -- Installing: /home/brace/codeSpace/navi/install/realsense2_camera_msgs/share/realsense2_camera_msgs/srv/CalibConfigWrite_Response.msg
[7.425s] -- Installing: /home/brace/codeSpace/navi/install/realsense2_camera_msgs/share/realsense2_camera_msgs/srv/ApplicationConfigRead.srv
[7.425s] -- Installing: /home/brace/codeSpace/navi/install/realsense2_camera_msgs/share/realsense2_camera_msgs/srv/ApplicationConfigRead_Request.msg
[7.425s] -- Installing: /home/brace/codeSpace/navi/install/realsense2_camera_msgs/share/realsense2_camera_msgs/srv/ApplicationConfigRead_Response.msg
[7.425s] -- Installing: /home/brace/codeSpace/navi/install/realsense2_camera_msgs/share/realsense2_camera_msgs/srv/ApplicationConfigWrite.srv
[7.425s] -- Installing: /home/brace/codeSpace/navi/install/realsense2_camera_msgs/share/realsense2_camera_msgs/srv/ApplicationConfigWrite_Request.msg
[7.426s] -- Installing: /home/brace/codeSpace/navi/install/realsense2_camera_msgs/share/realsense2_camera_msgs/srv/ApplicationConfigWrite_Response.msg
[7.426s] -- Installing: /home/brace/codeSpace/navi/install/realsense2_camera_msgs/share/realsense2_camera_msgs/srv/HardwareMonitorCommandSend.srv
[7.426s] -- Installing: /home/brace/codeSpace/navi/install/realsense2_camera_msgs/share/realsense2_camera_msgs/srv/HardwareMonitorCommandSend_Request.msg
[7.426s] -- Installing: /home/brace/codeSpace/navi/install/realsense2_camera_msgs/share/realsense2_camera_msgs/srv/HardwareMonitorCommandSend_Response.msg
[7.426s] -- Installing: /home/brace/codeSpace/navi/install/realsense2_camera_msgs/share/realsense2_camera_msgs/action/TriggeredCalibration.action
[7.426s] -- Installing: /home/brace/codeSpace/navi/install/realsense2_camera_msgs/share/ament_index/resource_index/package_run_dependencies/realsense2_camera_msgs
[7.426s] -- Installing: /home/brace/codeSpace/navi/install/realsense2_camera_msgs/share/ament_index/resource_index/parent_prefix_path/realsense2_camera_msgs
[7.426s] -- Installing: /home/brace/codeSpace/navi/install/realsense2_camera_msgs/share/realsense2_camera_msgs/environment/ament_prefix_path.sh
[7.426s] -- Installing: /home/brace/codeSpace/navi/install/realsense2_camera_msgs/share/realsense2_camera_msgs/environment/ament_prefix_path.dsv
[7.426s] -- Installing: /home/brace/codeSpace/navi/install/realsense2_camera_msgs/share/realsense2_camera_msgs/environment/path.sh
[7.426s] -- Installing: /home/brace/codeSpace/navi/install/realsense2_camera_msgs/share/realsense2_camera_msgs/environment/path.dsv
[7.427s] -- Installing: /home/brace/codeSpace/navi/install/realsense2_camera_msgs/share/realsense2_camera_msgs/local_setup.bash
[7.427s] -- Installing: /home/brace/codeSpace/navi/install/realsense2_camera_msgs/share/realsense2_camera_msgs/local_setup.sh
[7.427s] -- Installing: /home/brace/codeSpace/navi/install/realsense2_camera_msgs/share/realsense2_camera_msgs/local_setup.zsh
[7.427s] -- Installing: /home/brace/codeSpace/navi/install/realsense2_camera_msgs/share/realsense2_camera_msgs/local_setup.dsv
[7.427s] -- Installing: /home/brace/codeSpace/navi/install/realsense2_camera_msgs/share/realsense2_camera_msgs/package.dsv
[7.427s] -- Installing: /home/brace/codeSpace/navi/install/realsense2_camera_msgs/share/ament_index/resource_index/packages/realsense2_camera_msgs
[7.427s] -- Installing: /home/brace/codeSpace/navi/install/realsense2_camera_msgs/share/realsense2_camera_msgs/cmake/export_realsense2_camera_msgs__rosidl_generator_cExport.cmake
[7.427s] -- Installing: /home/brace/codeSpace/navi/install/realsense2_camera_msgs/share/realsense2_camera_msgs/cmake/export_realsense2_camera_msgs__rosidl_generator_cExport-noconfig.cmake
[7.427s] -- Installing: /home/brace/codeSpace/navi/install/realsense2_camera_msgs/share/realsense2_camera_msgs/cmake/export_realsense2_camera_msgs__rosidl_typesupport_fastrtps_cExport.cmake
[7.427s] -- Installing: /home/brace/codeSpace/navi/install/realsense2_camera_msgs/share/realsense2_camera_msgs/cmake/export_realsense2_camera_msgs__rosidl_typesupport_fastrtps_cExport-noconfig.cmake
[7.427s] -- Installing: /home/brace/codeSpace/navi/install/realsense2_camera_msgs/share/realsense2_camera_msgs/cmake/realsense2_camera_msgs__rosidl_typesupport_introspection_cExport.cmake
[7.428s] -- Installing: /home/brace/codeSpace/navi/install/realsense2_camera_msgs/share/realsense2_camera_msgs/cmake/realsense2_camera_msgs__rosidl_typesupport_introspection_cExport-noconfig.cmake
[7.428s] -- Installing: /home/brace/codeSpace/navi/install/realsense2_camera_msgs/share/realsense2_camera_msgs/cmake/realsense2_camera_msgs__rosidl_typesupport_cExport.cmake
[7.428s] -- Installing: /home/brace/codeSpace/navi/install/realsense2_camera_msgs/share/realsense2_camera_msgs/cmake/realsense2_camera_msgs__rosidl_typesupport_cExport-noconfig.cmake
[7.428s] -- Installing: /home/brace/codeSpace/navi/install/realsense2_camera_msgs/share/realsense2_camera_msgs/cmake/export_realsense2_camera_msgs__rosidl_generator_cppExport.cmake
[7.428s] -- Installing: /home/brace/codeSpace/navi/install/realsense2_camera_msgs/share/realsense2_camera_msgs/cmake/export_realsense2_camera_msgs__rosidl_typesupport_fastrtps_cppExport.cmake
[7.428s] -- Installing: /home/brace/codeSpace/navi/install/realsense2_camera_msgs/share/realsense2_camera_msgs/cmake/export_realsense2_camera_msgs__rosidl_typesupport_fastrtps_cppExport-noconfig.cmake
[7.428s] -- Installing: /home/brace/codeSpace/navi/install/realsense2_camera_msgs/share/realsense2_camera_msgs/cmake/realsense2_camera_msgs__rosidl_typesupport_introspection_cppExport.cmake
[7.428s] -- Installing: /home/brace/codeSpace/navi/install/realsense2_camera_msgs/share/realsense2_camera_msgs/cmake/realsense2_camera_msgs__rosidl_typesupport_introspection_cppExport-noconfig.cmake
[7.428s] -- Installing: /home/brace/codeSpace/navi/install/realsense2_camera_msgs/share/realsense2_camera_msgs/cmake/realsense2_camera_msgs__rosidl_typesupport_cppExport.cmake
[7.428s] -- Installing: /home/brace/codeSpace/navi/install/realsense2_camera_msgs/share/realsense2_camera_msgs/cmake/realsense2_camera_msgs__rosidl_typesupport_cppExport-noconfig.cmake
[7.428s] -- Installing: /home/brace/codeSpace/navi/install/realsense2_camera_msgs/share/realsense2_camera_msgs/cmake/export_realsense2_camera_msgs__rosidl_generator_pyExport.cmake
[7.428s] -- Installing: /home/brace/codeSpace/navi/install/realsense2_camera_msgs/share/realsense2_camera_msgs/cmake/export_realsense2_camera_msgs__rosidl_generator_pyExport-noconfig.cmake
[7.428s] -- Installing: /home/brace/codeSpace/navi/install/realsense2_camera_msgs/share/realsense2_camera_msgs/cmake/rosidl_cmake-extras.cmake
[7.429s] -- Installing: /home/brace/codeSpace/navi/install/realsense2_camera_msgs/share/realsense2_camera_msgs/cmake/ament_cmake_export_dependencies-extras.cmake
[7.429s] -- Installing: /home/brace/codeSpace/navi/install/realsense2_camera_msgs/share/realsense2_camera_msgs/cmake/ament_cmake_export_include_directories-extras.cmake
[7.429s] -- Installing: /home/brace/codeSpace/navi/install/realsense2_camera_msgs/share/realsense2_camera_msgs/cmake/ament_cmake_export_libraries-extras.cmake
[7.430s] -- Installing: /home/brace/codeSpace/navi/install/realsense2_camera_msgs/share/realsense2_camera_msgs/cmake/ament_cmake_export_targets-extras.cmake
[7.430s] -- Installing: /home/brace/codeSpace/navi/install/realsense2_camera_msgs/share/realsense2_camera_msgs/cmake/rosidl_cmake_export_typesupport_targets-extras.cmake
[7.430s] -- Installing: /home/brace/codeSpace/navi/install/realsense2_camera_msgs/share/realsense2_camera_msgs/cmake/rosidl_cmake_export_typesupport_libraries-extras.cmake
[7.430s] -- Installing: /home/brace/codeSpace/navi/install/realsense2_camera_msgs/share/realsense2_camera_msgs/cmake/realsense2_camera_msgsConfig.cmake
[7.430s] -- Installing: /home/brace/codeSpace/navi/install/realsense2_camera_msgs/share/realsense2_camera_msgs/cmake/realsense2_camera_msgsConfig-version.cmake
[7.430s] -- Installing: /home/brace/codeSpace/navi/install/realsense2_camera_msgs/share/realsense2_camera_msgs/package.xml
[7.431s] Invoked command in '/home/brace/codeSpace/navi/build/realsense2_camera_msgs' returned '0': CMAKE_PREFIX_PATH=/opt/ros/humble /usr/bin/cmake --install /home/brace/codeSpace/navi/build/realsense2_camera_msgs
